time/total_timesteps,rollout/exploration_rate,time/time_elapsed,rollout/ep_rew_mean,time/episodes,time/fps,rollout/ep_len_mean,train/n_updates,train/learning_rate,train/loss
84,0.9991133333333339,0,90.089097,1,190,84.0,,,
168,0.9982266666666666,0,90.5160085,2,170,84.0,16,0.0001,65.51368713378906
252,0.9973400000000006,1,84.59648566666667,3,178,84.0,37,0.0001,58.481014251708984
336,0.9964533333333333,1,76.732763,4,170,84.0,58,0.0001,46.877193450927734
420,0.9955666666666672,2,81.4213622,5,174,84.0,79,0.0001,34.94033432006836
504,0.99468,2,80.22690583333333,6,177,84.0,100,0.0001,28.19969940185547
588,0.9937933333333339,3,80.6614792857143,7,178,84.0,121,0.0001,20.070926666259766
672,0.9929066666666666,3,81.76577412500001,8,180,84.0,142,0.0001,15.281835556030273
756,0.9920200000000005,4,77.69967500000001,9,181,84.0,163,0.0001,16.790632247924805
840,0.9911333333333332,4,79.24958910000001,10,179,84.0,184,0.0001,16.54405975341797
924,0.9902466666666672,5,74.54239454545456,11,182,84.0,205,0.0001,15.481840133666992
1008,0.9893599999999999,5,76.97967458333333,12,183,84.0,226,0.0001,9.271431922912598
1092,0.9884733333333338,5,77.98783438461538,13,184,84.0,247,0.0001,10.773945808410645
1176,0.9875866666666666,6,79.65006285714286,14,186,84.0,268,0.0001,5.109690189361572
1260,0.9867000000000004,6,78.98900166666665,15,187,84.0,289,0.0001,6.519477844238281
1344,0.9858133333333332,7,79.227759125,16,187,84.0,310,0.0001,10.09223747253418
1428,0.9849266666666671,7,79.59942329411764,17,186,84.0,331,0.0001,5.4456586837768555
1512,0.9840399999999998,8,79.84400244444444,18,186,84.0,352,0.0001,4.273258209228516
1596,0.9831533333333338,8,81.29047336842105,19,184,84.0,373,0.0001,5.921777725219727
1680,0.9822666666666665,9,80.99999239999998,20,184,84.0,394,0.0001,3.968026638031006
1764,0.9813800000000004,9,80.91925761904761,21,185,84.0,415,0.0001,5.781967639923096
1848,0.9804933333333332,9,81.9164484090909,22,186,84.0,436,0.0001,5.675566673278809
1932,0.9796066666666671,10,81.68887539130434,23,186,84.0,457,0.0001,3.5277483463287354
2016,0.9787199999999998,10,82.03008941666666,24,187,84.0,478,0.0001,5.8327956199646
2100,0.9778333333333337,11,82.42544816,25,187,84.0,499,0.0001,5.722347736358643
2184,0.9769466666666664,11,82.86305549999999,26,187,84.0,520,0.0001,2.5976028442382812
2268,0.9760600000000004,12,83.63154937037035,27,188,84.0,541,0.0001,2.4744367599487305
2352,0.9751733333333331,12,84.6329914285714,28,189,84.0,562,0.0001,3.4374358654022217
2436,0.974286666666667,12,84.88548620689653,29,189,84.0,583,0.0001,7.2460455894470215
2520,0.9733999999999998,13,86.07900566666665,30,189,84.0,604,0.0001,2.517957925796509
2604,0.9725133333333337,13,85.88363912903223,31,190,84.0,625,0.0001,3.3301315307617188
2688,0.9716266666666664,14,87.43214853125,32,190,84.0,646,0.0001,2.085655689239502
2772,0.9707400000000003,14,87.35321296969697,33,191,84.0,667,0.0001,2.752896308898926
2856,0.969853333333333,14,87.24230517647058,34,191,84.0,688,0.0001,1.6118505001068115
2940,0.968966666666667,15,87.03895762857142,35,192,84.0,709,0.0001,2.273141622543335
3024,0.9680799999999997,15,87.49980066666666,36,191,84.0,730,0.0001,4.597835063934326
3108,0.9671933333333336,16,87.68785432432432,37,191,84.0,751,0.0001,2.816762685775757
3192,0.9663066666666664,16,88.6408857631579,38,192,84.0,772,0.0001,4.745598316192627
3276,0.9654200000000003,17,88.57473294871795,39,192,84.0,793,0.0001,4.761402130126953
3360,0.964533333333333,17,88.3293987,40,192,84.0,814,0.0001,5.2171525955200195
3444,0.9636466666666669,17,88.87748587804877,41,192,84.0,835,0.0001,2.2088890075683594
3528,0.9627599999999996,18,88.94788764285714,42,191,84.0,856,0.0001,2.630375623703003
3612,0.9618733333333336,18,88.95222588372093,43,191,84.0,877,0.0001,1.2249908447265625
3696,0.9609866666666663,19,89.63655645454544,44,191,84.0,898,0.0001,2.028442859649658
3780,0.9601000000000002,19,89.37051775555554,45,191,84.0,919,0.0001,4.3805131912231445
3864,0.959213333333333,20,89.46689413043477,46,191,84.0,940,0.0001,2.146970748901367
3948,0.9583266666666669,20,88.61586525531912,47,191,84.0,961,0.0001,2.0339488983154297
4032,0.9574399999999996,21,88.82034650000001,48,189,84.0,982,0.0001,1.0611419677734375
4116,0.9565533333333335,21,88.30102351020409,49,189,84.0,1003,0.0001,1.1716132164001465
4200,0.9556666666666662,22,88.69751776000001,50,188,84.0,1024,0.0001,1.3294577598571777
4284,0.9547800000000002,22,89.17510550980393,51,188,84.0,1045,0.0001,1.2463419437408447
4368,0.9538933333333329,23,89.39512350000001,52,187,84.0,1066,0.0001,1.4445922374725342
4452,0.9530066666666668,23,89.31349260377358,53,187,84.0,1087,0.0001,4.29941463470459
4536,0.9521199999999996,24,88.98046305555555,54,187,84.0,1108,0.0001,1.1832681894302368
4620,0.9512333333333335,24,89.21093101818181,55,187,84.0,1129,0.0001,1.4958449602127075
4704,0.9503466666666662,25,88.82917785714287,56,187,84.0,1150,0.0001,4.0802788734436035
4788,0.9494600000000001,25,88.55860985964914,57,188,84.0,1171,0.0001,1.5132815837860107
4872,0.9485733333333328,25,88.4452848448276,58,188,84.0,1192,0.0001,1.3101892471313477
4956,0.9476866666666668,26,88.73915767796612,59,188,84.0,1213,0.0001,0.9943158030509949
5040,0.9467999999999995,26,89.08617366666668,60,187,84.0,1234,0.0001,1.9456682205200195
5124,0.9459133333333334,27,89.10896286885247,61,187,84.0,1255,0.0001,0.9939123392105103
5208,0.9450266666666662,27,89.29696490322583,62,186,84.0,1276,0.0001,3.883594036102295
5292,0.9441400000000001,28,88.86144509523812,63,186,84.0,1297,0.0001,1.7401611804962158
5376,0.9432533333333328,28,88.56922179687498,64,185,84.0,1318,0.0001,1.0963832139968872
5460,0.9423666666666667,29,88.25787867692307,65,185,84.0,1339,0.0001,6.549718379974365
5544,0.9414799999999994,29,87.61457845454544,66,185,84.0,1360,0.0001,1.1874457597732544
5628,0.9405933333333334,30,87.56166198507461,67,185,84.0,1381,0.0001,0.8028620481491089
5712,0.9397066666666672,30,88.15222426470586,68,185,84.0,1402,0.0001,1.4276707172393799
5796,0.93882,31,87.96520115942027,69,185,84.0,1423,0.0001,0.9710740447044373
5880,0.9379333333333338,31,88.14970851428569,70,185,84.0,1444,0.0001,3.590285301208496
5964,0.9370466666666666,32,88.13534699999998,71,184,84.0,1465,0.0001,0.7135807275772095
6048,0.9361600000000005,32,87.96726070833333,72,184,84.0,1486,0.0001,1.17891526222229
6132,0.9352733333333333,33,87.83354158904109,73,184,84.0,1507,0.0001,0.519164502620697
6216,0.9343866666666671,33,88.32495524324324,74,184,84.0,1528,0.0001,4.042603015899658
6300,0.9335,34,88.26585461333332,75,184,84.0,1549,0.0001,3.8085458278656006
6384,0.9326133333333338,34,88.31981351315788,76,184,84.0,1570,0.0001,3.8385682106018066
6468,0.9317266666666666,35,88.53391098701297,77,184,84.0,1591,0.0001,3.8038337230682373
6552,0.9308400000000004,35,88.4621518205128,78,184,84.0,1612,0.0001,0.9644399285316467
6636,0.9299533333333332,36,88.4949400126582,79,184,84.0,1633,0.0001,0.8467952013015747
6720,0.9290666666666672,36,88.2600976125,80,184,84.0,1654,0.0001,0.7543405294418335
6804,0.9281799999999999,36,88.09341828395061,81,184,84.0,1675,0.0001,3.5708041191101074
6888,0.9272933333333337,37,87.87604796341462,82,184,84.0,1696,0.0001,3.279391288757324
6972,0.9264066666666666,37,87.8499248072289,83,184,84.0,1717,0.0001,3.6053225994110107
7056,0.9255200000000005,38,87.83655878571429,84,183,84.0,1738,0.0001,0.3575817048549652
7140,0.9246333333333332,38,87.73247814117646,85,183,84.0,1759,0.0001,0.8051835298538208
7224,0.923746666666667,39,87.99633454651162,86,184,84.0,1780,0.0001,0.7098304033279419
7308,0.9228599999999998,39,88.54897956321838,87,184,84.0,1801,0.0001,0.778987467288971
7392,0.9219733333333338,40,88.784592375,88,183,84.0,1822,0.0001,0.6128334403038025
7476,0.9210866666666665,40,88.61561561797753,89,183,84.0,1843,0.0001,0.5608516931533813
7560,0.9202000000000004,41,88.60799197777777,90,183,84.0,1864,0.0001,0.5467276573181152
7644,0.9193133333333332,41,88.704799010989,91,183,84.0,1885,0.0001,0.5953038334846497
7728,0.9184266666666671,42,88.8377444673913,92,183,84.0,1906,0.0001,0.5471415519714355
7812,0.9175399999999998,42,88.91082470967741,93,183,84.0,1927,0.0001,0.43445226550102234
7896,0.9166533333333337,43,88.77518386170212,94,183,84.0,1948,0.0001,0.6648329496383667
7980,0.9157666666666665,43,88.61340091578947,95,183,84.0,1969,0.0001,3.274038314819336
8064,0.9148800000000004,44,88.72857215625,96,182,84.0,1990,0.0001,3.691493511199951
8148,0.9139933333333331,44,88.75406108247422,97,182,84.0,2011,0.0001,0.4023558795452118
8232,0.913106666666667,45,88.63903804081633,98,182,84.0,2032,0.0001,0.6919900178909302
8316,0.9122199999999998,45,88.64339698989899,99,182,84.0,2053,0.0001,0.8265242576599121
8400,0.9113333333333337,46,88.42543236,100,182,84.0,2074,0.0001,3.2336854934692383
8484,0.9104466666666664,46,88.48906432,101,181,84.0,2095,0.0001,0.7341311573982239
8568,0.9095600000000003,47,88.31746094999998,102,181,84.0,2116,0.0001,3.5642545223236084
8652,0.9086733333333331,47,88.41686445,103,181,84.0,2137,0.0001,3.316702365875244
8736,0.907786666666667,48,88.65394610999999,104,181,84.0,2158,0.0001,0.5182341933250427
8820,0.9068999999999997,48,88.43094916,105,181,84.0,2179,0.0001,3.735297679901123
8904,0.9060133333333336,49,88.21307739999999,106,180,84.0,2200,0.0001,3.599853515625
8988,0.9051266666666664,49,88.52217682,107,180,84.0,2221,0.0001,0.6722449064254761
9072,0.9042400000000003,50,88.22500977,108,180,84.0,2242,0.0001,0.6203333735466003
9156,0.903353333333333,50,88.67329351999999,109,180,84.0,2263,0.0001,0.536924421787262
9240,0.9024666666666669,51,88.77197906,110,180,84.0,2284,0.0001,0.5014560222625732
9324,0.9015799999999997,51,89.08826752,111,180,84.0,2305,0.0001,0.5187081098556519
9408,0.9006933333333336,52,88.88679542,112,179,84.0,2326,0.0001,0.5531185865402222
9492,0.8998066666666663,52,88.51022738000002,113,179,84.0,2347,0.0001,0.5696556568145752
9576,0.8989200000000002,53,88.25499575000002,114,179,84.0,2368,0.0001,0.9940543174743652
9660,0.898033333333333,53,88.26041062000002,115,179,84.0,2389,0.0001,0.5986112952232361
9744,0.8971466666666669,54,88.48697301,116,179,84.0,2410,0.0001,0.4508246183395386
9828,0.8962599999999996,54,88.221355,117,179,84.0,2431,0.0001,6.039767265319824
9912,0.8953733333333335,55,87.91791614,118,179,84.0,2452,0.0001,0.8069547414779663
9996,0.8944866666666663,55,88.01345853999997,119,178,84.0,2473,0.0001,0.5159024000167847
10080,0.8936000000000002,56,87.82277129999999,120,178,84.0,2494,0.0001,1.053829312324524
10164,0.8927133333333329,56,88.25626743,121,178,84.0,2515,0.0001,1.148772954940796
10248,0.8918266666666668,57,88.20886247000003,122,178,84.0,2536,0.0001,6.579015731811523
10332,0.8909399999999996,57,88.43165194000001,123,178,84.0,2557,0.0001,6.3540544509887695
10416,0.8900533333333335,58,87.95208549000003,124,178,84.0,2578,0.0001,0.9595180749893188
10500,0.8891666666666662,58,87.62410963,125,177,84.0,2599,0.0001,3.706977367401123
10584,0.8882800000000001,59,87.63899932000002,126,177,84.0,2620,0.0001,0.6699103116989136
10668,0.8873933333333329,60,87.66735634000001,127,177,84.0,2641,0.0001,0.5080698132514954
10752,0.8865066666666668,60,87.43789841,128,177,84.0,2662,0.0001,0.5802003145217896
10836,0.8856199999999995,61,87.53102157000001,129,176,84.0,2683,0.0001,0.7668402194976807
10920,0.8847333333333334,61,87.33210929,130,176,84.0,2704,0.0001,0.4505578279495239
11004,0.8838466666666662,62,87.1930962,131,176,84.0,2725,0.0001,0.5082483887672424
11088,0.8829600000000001,62,86.54225687999998,132,176,84.0,2746,0.0001,0.33454158902168274
11172,0.8820733333333328,63,86.28290481,133,176,84.0,2767,0.0001,0.3031776249408722
11256,0.8811866666666667,63,86.61766063999998,134,176,84.0,2788,0.0001,0.356004536151886
11340,0.8803000000000005,64,86.51044881999998,135,176,84.0,2809,0.0001,3.372859239578247
11424,0.8794133333333334,64,86.49366002999997,136,176,84.0,2830,0.0001,0.2455250322818756
11508,0.8785266666666672,65,86.42695413,137,175,84.0,2851,0.0001,3.280341625213623
11592,0.87764,66,85.83957408999999,138,175,84.0,2872,0.0001,0.6477581262588501
11676,0.8767533333333338,66,85.96165989,139,175,84.0,2893,0.0001,0.5715601444244385
11760,0.8758666666666667,67,86.08180097,140,175,84.0,2914,0.0001,3.427319049835205
11844,0.8749800000000005,67,86.07742787000001,141,175,84.0,2935,0.0001,0.4093945622444153
11928,0.8740933333333333,68,86.12093802000001,142,175,84.0,2956,0.0001,3.227034568786621
12012,0.8732066666666671,68,86.41179465,143,175,84.0,2977,0.0001,0.4577653706073761
12096,0.87232,69,85.92724138,144,174,84.0,2998,0.0001,0.5599908828735352
12180,0.8714333333333338,69,86.11854960999999,145,174,84.0,3019,0.0001,0.293445885181427
12264,0.8705466666666666,70,86.59978326000001,146,174,84.0,3040,0.0001,0.6509116888046265
12348,0.8696600000000004,70,86.95173929999999,147,174,84.0,3061,0.0001,0.4405921995639801
12432,0.8687733333333332,71,86.81406905,148,174,84.0,3082,0.0001,0.32629579305648804
12516,0.8678866666666671,71,87.05033952,149,174,84.0,3103,0.0001,3.263702869415283
12600,0.8669999999999999,72,86.62392310999999,150,173,84.0,3124,0.0001,0.5140971541404724
12684,0.8661133333333337,72,86.53778564,151,173,84.0,3145,0.0001,0.3129306137561798
12768,0.8652266666666666,73,86.3533696,152,173,84.0,3166,0.0001,0.2818121314048767
12852,0.8643400000000004,73,86.37815043,153,173,84.0,3187,0.0001,0.22252076864242554
12936,0.8634533333333332,74,86.35552095000001,154,173,84.0,3208,0.0001,3.402928352355957
13020,0.862566666666667,74,85.96102148999998,155,173,84.0,3229,0.0001,6.326167106628418
13104,0.8616799999999998,75,86.16817836,156,173,84.0,3250,0.0001,0.46252545714378357
13188,0.8607933333333337,75,86.59514675,157,173,84.0,3271,0.0001,0.3723642826080322
13272,0.8599066666666665,76,86.71375734000002,158,173,84.0,3292,0.0001,0.5874053835868835
13356,0.8590200000000003,76,86.41657927,159,173,84.0,3313,0.0001,0.45176294445991516
13440,0.8581333333333332,77,85.75056129999999,160,173,84.0,3334,0.0001,0.3025936484336853
13524,0.857246666666667,78,85.32576058999999,161,173,84.0,3355,0.0001,0.2876299321651459
13608,0.8563599999999998,78,85.17543354000001,162,173,84.0,3376,0.0001,3.294363260269165
13692,0.8554733333333336,79,85.29324556000002,163,173,84.0,3397,0.0001,0.5480310916900635
13776,0.8545866666666664,79,85.3021839,164,172,84.0,3418,0.0001,0.46594148874282837
13860,0.8537000000000003,80,85.33812425,165,172,84.0,3439,0.0001,0.48689836263656616
13944,0.8528133333333331,80,85.54171817999999,166,172,84.0,3460,0.0001,0.40776151418685913
14028,0.8519266666666669,81,85.47532636,167,172,84.0,3481,0.0001,0.5016267895698547
14112,0.8510399999999998,81,85.16155914,168,172,84.0,3502,0.0001,0.4059235453605652
14196,0.8501533333333336,82,85.34691608000001,169,172,84.0,3523,0.0001,3.2366724014282227
14280,0.8492666666666664,83,85.2675491,170,172,84.0,3544,0.0001,0.4252870976924896
14364,0.8483800000000002,83,84.93075067000001,171,171,84.0,3565,0.0001,0.47236576676368713
14448,0.847493333333333,84,84.78211053000001,172,171,84.0,3586,0.0001,0.44298431277275085
14532,0.846606666666667,84,84.54303540000002,173,171,84.0,3607,0.0001,0.35876718163490295
14616,0.8457199999999997,85,84.47848897000002,174,171,84.0,3628,0.0001,3.3590962886810303
14700,0.8448333333333335,85,84.37494859,175,171,84.0,3649,0.0001,0.3211178183555603
14784,0.8439466666666664,86,84.01326233,176,171,84.0,3670,0.0001,0.23471984267234802
14868,0.8430600000000003,86,83.95023225999999,177,171,84.0,3691,0.0001,0.25586509704589844
14952,0.842173333333333,87,84.10835237,178,171,84.0,3712,0.0001,0.47857412695884705
15036,0.8412866666666668,87,84.16503875000001,179,171,84.0,3733,0.0001,0.5231126546859741
15120,0.8403999999999997,88,84.59851908,180,170,84.0,3754,0.0001,0.2923327684402466
15204,0.8395133333333336,89,84.65099996,181,170,84.0,3775,0.0001,0.37916892766952515
15288,0.8386266666666663,89,84.95465134999999,182,170,84.0,3796,0.0001,0.310818612575531
15372,0.8377400000000002,90,85.04627079999999,183,170,84.0,3817,0.0001,0.3243557810783386
15456,0.836853333333333,90,84.70576107999999,184,170,84.0,3838,0.0001,0.30540731549263
15540,0.8359666666666669,91,84.86376273,185,170,84.0,3859,0.0001,0.40196090936660767
15624,0.8350799999999996,91,84.62372219000001,186,170,84.0,3880,0.0001,0.4191286563873291
15708,0.8341933333333335,92,83.94604625,187,170,84.0,3901,0.0001,0.47346314787864685
15792,0.8333066666666663,92,83.03601506,188,170,84.0,3922,0.0001,0.30889561772346497
15876,0.8324200000000002,93,82.75247009,189,170,84.0,3943,0.0001,0.5845563411712646
15960,0.8315333333333329,93,82.64206949,190,170,84.0,3964,0.0001,0.5184446573257446
16044,0.8306466666666668,94,82.52931478999999,191,170,84.0,3985,0.0001,0.500626802444458
16128,0.8297599999999996,94,82.59442649,192,170,84.0,4006,0.0001,0.33556944131851196
16212,0.8288733333333335,95,82.43952598,193,169,84.0,4027,0.0001,6.525586128234863
16296,0.8279866666666662,96,82.59964077999999,194,169,84.0,4048,0.0001,0.5358861088752747
16380,0.8271000000000001,96,82.5682523,195,169,84.0,4069,0.0001,3.2420806884765625
16464,0.8262133333333329,97,82.17715526,196,169,84.0,4090,0.0001,3.3936917781829834
16548,0.8253266666666668,97,82.31045027,197,169,84.0,4111,0.0001,0.6639211177825928
16632,0.8244399999999995,98,82.47952409999999,198,169,84.0,4132,0.0001,3.317180633544922
16716,0.8235533333333334,98,82.40133765,199,169,84.0,4153,0.0001,0.28117233514785767
16800,0.8226666666666662,99,82.82593661000001,200,169,84.0,4174,0.0001,0.2753722071647644
16884,0.8217800000000001,99,82.68054075000002,201,169,84.0,4195,0.0001,0.26137131452560425
16968,0.8208933333333328,100,83.00003709,202,169,84.0,4216,0.0001,0.2778072953224182
17052,0.8200066666666667,100,82.50740335000002,203,169,84.0,4237,0.0001,0.3418789505958557
17136,0.8191200000000005,101,82.63369114,204,169,84.0,4258,0.0001,0.40380001068115234
17220,0.8182333333333334,101,82.52911492999999,205,169,84.0,4279,0.0001,0.3069347143173218
17304,0.8173466666666672,102,82.38453346,206,169,84.0,4300,0.0001,3.4413208961486816
17388,0.81646,102,81.60295082,207,169,84.0,4321,0.0001,0.44559168815612793
17472,0.8155733333333338,103,82.10192702,208,168,84.0,4342,0.0001,3.272547960281372
17556,0.8146866666666667,103,82.14802746,209,168,84.0,4363,0.0001,0.35838866233825684
17640,0.8138000000000005,104,81.82621298,210,168,84.0,4384,0.0001,0.5429263114929199
17724,0.8129133333333333,105,82.34728860000001,211,168,84.0,4405,0.0001,0.4785144031047821
17808,0.8120266666666671,105,82.37677503,212,168,84.0,4426,0.0001,3.174607038497925
17892,0.81114,106,82.59809896,213,168,84.0,4447,0.0001,3.612844944000244
17976,0.8102533333333338,106,82.85473365,214,168,84.0,4468,0.0001,0.5068050622940063
18060,0.8093666666666666,107,83.08115591000002,215,168,84.0,4489,0.0001,0.44175100326538086
18144,0.8084800000000004,107,83.13832346999999,216,168,84.0,4510,0.0001,0.3518182039260864
18228,0.8075933333333333,108,83.49443759,217,168,84.0,4531,0.0001,3.1627471446990967
18312,0.8067066666666671,108,83.37527413999999,218,168,84.0,4552,0.0001,0.42532166838645935
18396,0.8058199999999999,109,83.02175124,219,168,84.0,4573,0.0001,0.42000555992126465
18480,0.8049333333333337,109,83.36117479,220,168,84.0,4594,0.0001,3.2388086318969727
18564,0.8040466666666666,110,82.31174412,221,168,84.0,4615,0.0001,6.294304370880127
18648,0.8031600000000004,110,82.42095265,222,168,84.0,4636,0.0001,3.3166072368621826
18732,0.8022733333333332,111,82.1391983,223,168,84.0,4657,0.0001,0.4652174115180969
18816,0.801386666666667,111,82.34751472999999,224,168,84.0,4678,0.0001,0.4828789234161377
18900,0.8004999999999999,112,82.51355949999999,225,167,84.0,4699,0.0001,0.5745783448219299
18984,0.7996133333333337,113,82.52065374,226,167,84.0,4720,0.0001,0.4420424699783325
19068,0.7987266666666665,113,82.14230931999998,227,167,84.0,4741,0.0001,3.345950126647949
19152,0.7978400000000003,114,82.1583454,228,167,84.0,4762,0.0001,3.489154100418091
19236,0.7969533333333332,114,82.15572748999999,229,167,84.0,4783,0.0001,0.49392837285995483
19320,0.796066666666667,115,82.01143017,230,167,84.0,4804,0.0001,0.47594815492630005
19404,0.7951799999999998,115,82.16014353,231,167,84.0,4825,0.0001,3.315647602081299
19488,0.7942933333333336,116,82.39635117,232,167,84.0,4846,0.0001,0.3536911904811859
19572,0.7934066666666665,116,82.24715798999999,233,167,84.0,4867,0.0001,0.5603415369987488
19656,0.7925200000000003,117,81.83723926,234,167,84.0,4888,0.0001,0.37043219804763794
19740,0.7916333333333331,118,82.32240576999999,235,167,84.0,4909,0.0001,0.22290250658988953
19824,0.7907466666666669,118,82.32274186000001,236,167,84.0,4930,0.0001,0.23856905102729797
19908,0.7898599999999998,119,82.25200423,237,167,84.0,4951,0.0001,0.37943002581596375
19992,0.7889733333333336,119,82.85169456,238,166,84.0,4972,0.0001,3.3909311294555664
20076,0.7880866666666664,120,82.58540038,239,166,84.0,4993,0.0001,0.5741760730743408
20160,0.7872000000000002,120,82.46931691,240,166,84.0,5014,0.0001,6.9390997886657715
20244,0.7863133333333331,121,82.15977041999999,241,166,84.0,5035,0.0001,6.5695600509643555
20328,0.7854266666666669,121,81.71932975,242,166,84.0,5056,0.0001,0.6359657645225525
20412,0.7845399999999997,122,81.36723054999999,243,166,84.0,5077,0.0001,0.49014344811439514
20496,0.7836533333333335,123,81.12629095,244,166,84.0,5098,0.0001,9.351280212402344
20580,0.7827666666666664,123,81.28663307000001,245,166,84.0,5119,0.0001,0.5251993536949158
20664,0.7818800000000002,124,80.55111907999999,246,166,84.0,5140,0.0001,0.3155829608440399
20748,0.780993333333333,124,80.65651954,247,166,84.0,5161,0.0001,0.3454876244068146
20832,0.7801066666666668,125,80.68601656999999,248,166,84.0,5182,0.0001,0.4178507626056671
20916,0.7792199999999997,125,80.78711868999999,249,166,84.0,5203,0.0001,0.2563413679599762
21000,0.7783333333333335,126,80.87023272,250,166,84.0,5224,0.0001,0.7159502506256104
21084,0.7774466666666663,126,80.32062719,251,166,84.0,5245,0.0001,0.7315513491630554
21168,0.7765600000000001,127,80.21743476,252,166,84.0,5266,0.0001,0.5518287420272827
21252,0.775673333333333,128,80.17716604000002,253,165,84.0,5287,0.0001,0.5179657936096191
21336,0.7747866666666668,128,80.30815201,254,165,84.0,5308,0.0001,0.19952961802482605
21420,0.7738999999999996,129,80.42938288,255,165,84.0,5329,0.0001,0.42276328802108765
21504,0.7730133333333334,129,80.49318357,256,165,84.0,5350,0.0001,3.2650885581970215
21588,0.7721266666666663,130,80.12527840999999,257,165,84.0,5371,0.0001,0.2658507227897644
21672,0.7712400000000001,130,80.18789636999999,258,165,84.0,5392,0.0001,0.3389781713485718
21756,0.7703533333333329,131,80.26203194999998,259,165,84.0,5413,0.0001,3.456055164337158
21840,0.7694666666666667,132,80.11399572999998,260,165,84.0,5434,0.0001,3.3615145683288574
21924,0.7685799999999996,132,80.17864133,261,164,84.0,5455,0.0001,0.45157694816589355
22008,0.7676933333333334,133,80.325365,262,164,84.0,5476,0.0001,3.5611305236816406
22092,0.7668066666666662,134,80.42572326,263,164,84.0,5497,0.0001,0.35410603880882263
22176,0.76592,134,80.37073183999999,264,164,84.0,5518,0.0001,3.4351186752319336
22260,0.7650333333333329,135,79.87521312,265,164,84.0,5539,0.0001,0.39301174879074097
22344,0.7641466666666668,135,79.96838628999998,266,164,84.0,5560,0.0001,0.2857055962085724
22428,0.7632599999999995,136,80.49756791,267,164,84.0,5581,0.0001,0.344335675239563
22512,0.7623733333333333,136,80.46441587,268,164,84.0,5602,0.0001,3.3937692642211914
22596,0.7614866666666672,137,80.13049812999999,269,164,84.0,5623,0.0001,6.609255790710449
22680,0.7606,138,80.1713514,270,164,84.0,5644,0.0001,3.447110652923584
22764,0.7597133333333328,138,80.5102583,271,164,84.0,5665,0.0001,0.37620529532432556
22848,0.7588266666666666,139,80.88007358,272,164,84.0,5686,0.0001,0.41744452714920044
22932,0.7579400000000005,139,81.10255305999999,273,164,84.0,5707,0.0001,0.4612386226654053
23016,0.7570533333333334,140,80.79320273999998,274,164,84.0,5728,0.0001,3.4880805015563965
23100,0.7561666666666671,140,80.86878744999999,275,164,84.0,5749,0.0001,0.3579084873199463
23184,0.75528,141,81.06609012999998,276,164,84.0,5770,0.0001,0.2892271876335144
23268,0.7543933333333338,141,80.65436116,277,164,84.0,5791,0.0001,3.4891092777252197
23352,0.7535066666666667,142,80.25510356,278,163,84.0,5812,0.0001,0.3194040060043335
23436,0.7526200000000005,143,79.94753048999999,279,163,84.0,5833,0.0001,3.279533863067627
23520,0.7517333333333333,143,79.91844504,280,163,84.0,5854,0.0001,3.3327362537384033
23604,0.7508466666666671,144,79.73785403,281,163,84.0,5875,0.0001,0.1900736391544342
23688,0.74996,145,79.38150997000001,282,163,84.0,5896,0.0001,3.482433319091797
23772,0.7490733333333337,145,79.29884089000001,283,163,84.0,5917,0.0001,0.22601790726184845
23856,0.7481866666666666,146,79.75356236,284,163,84.0,5938,0.0001,0.5019954442977905
23940,0.7473000000000004,146,79.76470663,285,163,84.0,5959,0.0001,0.24310213327407837
24024,0.7464133333333332,147,79.37950046,286,162,84.0,5980,0.0001,0.5076994299888611
24108,0.7455266666666671,147,79.70611525,287,162,84.0,6001,0.0001,0.47574883699417114
24192,0.7446399999999999,148,80.35979922,288,162,84.0,6022,0.0001,0.4823131561279297
24276,0.7437533333333337,149,80.28902996000001,289,162,84.0,6043,0.0001,0.3242747187614441
24360,0.7428666666666666,149,80.54756772000002,290,162,84.0,6064,0.0001,3.394641637802124
24444,0.7419800000000003,150,80.02992417000002,291,162,84.0,6085,0.0001,0.25413262844085693
24528,0.7410933333333332,150,79.93182006,292,162,84.0,6106,0.0001,0.33005502820014954
24612,0.740206666666667,151,79.52435135000002,293,162,84.0,6127,0.0001,0.39043623208999634
24696,0.7393199999999998,152,79.47068746000001,294,162,84.0,6148,0.0001,0.461436003446579
24780,0.7384333333333337,152,79.10649575000001,295,162,84.0,6169,0.0001,6.367217540740967
24864,0.7375466666666665,153,79.19699194,296,162,84.0,6190,0.0001,3.2152175903320312
24948,0.7366600000000003,153,78.7249311,297,162,84.0,6211,0.0001,0.2511522173881531
25032,0.7357733333333332,154,78.53380527000002,298,162,84.0,6232,0.0001,0.42001643776893616
25116,0.7348866666666669,154,78.93230113000001,299,162,84.0,6253,0.0001,0.38839292526245117
25200,0.7339999999999998,155,78.64104817000002,300,162,84.0,6274,0.0001,0.25285643339157104
25284,0.7331133333333336,156,78.68270799000001,301,162,84.0,6295,0.0001,0.2675706446170807
25368,0.7322266666666664,156,78.35021459000001,302,162,84.0,6316,0.0001,3.3809597492218018
25452,0.7313400000000003,157,79.04143315,303,161,84.0,6337,0.0001,3.3927724361419678
25536,0.7304533333333331,157,78.81220121,304,161,84.0,6358,0.0001,0.47441020607948303
25620,0.7295666666666669,158,78.53981715,305,161,84.0,6379,0.0001,0.2602543532848358
25704,0.7286799999999998,158,79.19456691,306,161,84.0,6400,0.0001,0.45940208435058594
25788,0.7277933333333335,159,79.86680566,307,161,84.0,6421,0.0001,0.25455331802368164
25872,0.7269066666666664,159,79.84921877000001,308,161,84.0,6442,0.0001,0.6380466818809509
25956,0.7260200000000002,160,79.11525478,309,161,84.0,6463,0.0001,0.4803192615509033
26040,0.725133333333333,161,79.10384950000001,310,161,84.0,6484,0.0001,3.4693522453308105
26124,0.7242466666666669,161,78.68548281,311,161,84.0,6505,0.0001,3.4366607666015625
26208,0.7233599999999997,162,78.29553476999999,312,161,84.0,6526,0.0001,0.3166022300720215
26292,0.7224733333333335,162,78.2696498,313,161,84.0,6547,0.0001,0.4711570739746094
26376,0.7215866666666664,163,77.90203945,314,161,84.0,6568,0.0001,0.4224522113800049
26460,0.7207000000000001,163,77.98048044000001,315,161,84.0,6589,0.0001,3.7233455181121826
26544,0.719813333333333,164,77.34014056999999,316,161,84.0,6610,0.0001,0.21543213725090027
26628,0.7189266666666668,164,77.20599939,317,161,84.0,6631,0.0001,3.4580254554748535
26712,0.7180399999999996,165,77.79907236,318,161,84.0,6652,0.0001,3.290898084640503
26796,0.7171533333333335,166,77.67326039,319,161,84.0,6673,0.0001,0.26466062664985657
26880,0.7162666666666663,166,77.22526342,320,161,84.0,6694,0.0001,0.4504820704460144
26964,0.7153800000000001,167,77.92145751000001,321,161,84.0,6715,0.0001,0.7648403644561768
27048,0.714493333333333,167,77.90403342,322,161,84.0,6736,0.0001,0.38976794481277466
27132,0.7136066666666667,168,77.73629204000001,323,161,84.0,6757,0.0001,3.456474781036377
27216,0.7127199999999996,168,77.99283838000001,324,161,84.0,6778,0.0001,0.44908419251441956
27300,0.7118333333333334,169,77.8300187,325,161,84.0,6799,0.0001,0.3625923991203308
27384,0.7109466666666662,169,77.92575562,326,161,84.0,6820,0.0001,0.22773945331573486
27468,0.7100600000000001,170,78.24699700000001,327,161,84.0,6841,0.0001,3.290740966796875
27552,0.7091733333333329,171,77.92753018000002,328,161,84.0,6862,0.0001,3.273603916168213
27636,0.7082866666666667,171,77.41500648000002,329,161,84.0,6883,0.0001,0.31662142276763916
27720,0.7073999999999996,172,77.28465927,330,161,84.0,6904,0.0001,0.7632900476455688
27804,0.7065133333333333,172,77.17027672,331,160,84.0,6925,0.0001,3.646279811859131
27888,0.7056266666666662,173,77.16480354999999,332,160,84.0,6946,0.0001,3.5538084506988525
27972,0.70474,173,77.49874548999999,333,160,84.0,6967,0.0001,3.3407552242279053
28056,0.7038533333333328,174,77.7790083,334,160,84.0,6988,0.0001,0.39752811193466187
28140,0.7029666666666667,174,77.41607692000001,335,160,84.0,7009,0.0001,6.267000198364258
28224,0.7020799999999995,175,77.18119449000001,336,160,84.0,7030,0.0001,0.4298294186592102
28308,0.7011933333333333,176,76.93433683,337,160,84.0,7051,0.0001,0.3413618206977844
28392,0.7003066666666673,176,76.72036142,338,160,84.0,7072,0.0001,0.6184037923812866
28476,0.6994199999999999,177,76.40977972,339,160,84.0,7093,0.0001,0.44095927476882935
28560,0.6985333333333328,177,76.386144,340,160,84.0,7114,0.0001,0.3654749393463135
28644,0.6976466666666666,178,76.3807717,341,160,84.0,7135,0.0001,0.4941917657852173
28728,0.6967600000000005,178,77.21307542000001,342,160,84.0,7156,0.0001,0.5219917297363281
28812,0.6958733333333333,179,77.11664843000001,343,160,84.0,7177,0.0001,0.39264971017837524
28896,0.6949866666666672,179,77.63290602000001,344,160,84.0,7198,0.0001,6.367893695831299
28980,0.6940999999999999,180,77.24793002,345,160,84.0,7219,0.0001,0.36564862728118896
29064,0.6932133333333339,181,77.52614911,346,160,84.0,7240,0.0001,0.5262978076934814
29148,0.6923266666666665,181,77.2096732,347,160,84.0,7261,0.0001,6.599774360656738
29232,0.6914400000000005,182,76.96317839000001,348,160,84.0,7282,0.0001,0.3379232883453369
29316,0.6905533333333332,182,77.10585281,349,160,84.0,7303,0.0001,0.4582647681236267
29400,0.6896666666666671,183,76.91613468,350,160,84.0,7324,0.0001,3.265920877456665
29484,0.68878,184,77.08926619,351,160,84.0,7345,0.0001,3.3877339363098145
29568,0.6878933333333338,184,77.01312866,352,160,84.0,7366,0.0001,3.3113300800323486
29652,0.6870066666666665,185,77.37969960000001,353,159,84.0,7387,0.0001,3.5448317527770996
29736,0.6861200000000005,185,77.49746269,354,159,84.0,7408,0.0001,0.27846336364746094
29820,0.6852333333333331,186,77.39448045,355,159,84.0,7429,0.0001,0.47290053963661194
29904,0.6843466666666671,187,77.37004389999998,356,159,84.0,7450,0.0001,0.4428230822086334
29988,0.6834599999999998,187,77.06558933000001,357,159,84.0,7471,0.0001,0.25370728969573975
30072,0.6825733333333337,188,76.84563348,358,159,84.0,7492,0.0001,3.8819916248321533
30156,0.6816866666666666,188,76.96804358,359,159,84.0,7513,0.0001,0.8553307056427002
30240,0.6808000000000004,189,77.20201402,360,159,84.0,7534,0.0001,3.4863595962524414
30324,0.6799133333333331,189,77.63615578,361,159,84.0,7555,0.0001,0.54595547914505
30408,0.6790266666666671,190,77.51428272,362,159,84.0,7576,0.0001,3.647758960723877
30492,0.6781399999999997,190,77.48014977999999,363,159,84.0,7597,0.0001,0.4312279522418976
30576,0.6772533333333337,191,77.75895680999999,364,159,84.0,7618,0.0001,0.5105403661727905
30660,0.6763666666666664,192,78.56667770000001,365,159,84.0,7639,0.0001,3.5253188610076904
30744,0.6754800000000003,192,78.38717187,366,159,84.0,7660,0.0001,0.45178669691085815
30828,0.6745933333333332,193,77.5955493,367,159,84.0,7681,0.0001,0.4645530581474304
30912,0.673706666666667,193,77.67683242000001,368,159,84.0,7702,0.0001,0.5443111658096313
30996,0.6728199999999998,194,78.14484336000001,369,159,84.0,7723,0.0001,3.5388736724853516
31080,0.6719333333333337,194,77.65208195999999,370,159,84.0,7744,0.0001,0.6049953699111938
31164,0.6710466666666663,195,77.59380024000001,371,159,84.0,7765,0.0001,0.43641597032546997
31248,0.6701600000000003,195,77.37570265000001,372,159,84.0,7786,0.0001,0.3769339919090271
31332,0.669273333333333,196,77.6285699,373,159,84.0,7807,0.0001,0.460605263710022
31416,0.6683866666666669,196,77.81576186000001,374,159,84.0,7828,0.0001,0.42730075120925903
31500,0.6674999999999998,197,77.71077456,375,159,84.0,7849,0.0001,0.42127498984336853
31584,0.6666133333333336,197,77.54977154,376,159,84.0,7870,0.0001,0.2930302619934082
31668,0.6657266666666664,198,77.74041002,377,159,84.0,7891,0.0001,3.4980759620666504
31752,0.6648400000000003,199,77.83100575,378,159,84.0,7912,0.0001,3.5223548412323
31836,0.663953333333333,199,77.25524217,379,159,84.0,7933,0.0001,3.545680284500122
31920,0.6630666666666669,200,77.13834509,380,159,84.0,7954,0.0001,0.2756095230579376
32004,0.6621799999999997,200,77.5069332,381,159,84.0,7975,0.0001,0.47666043043136597
32088,0.6612933333333335,201,77.40258967000001,382,159,84.0,7996,0.0001,0.3247441053390503
32172,0.6604066666666664,201,77.47565542000001,383,159,84.0,8017,0.0001,0.6418730020523071
32256,0.6595200000000002,202,77.25875098,384,159,84.0,8038,0.0001,0.21596075594425201
32340,0.658633333333333,202,77.50021712,385,159,84.0,8059,0.0001,0.4861997067928314
32424,0.6577466666666669,203,78.07984182,386,159,84.0,8080,0.0001,0.5799669027328491
32508,0.6568599999999996,204,78.43011664000001,387,159,84.0,8101,0.0001,0.35151058435440063
32592,0.6559733333333335,204,78.31292246,388,159,84.0,8122,0.0001,3.5340938568115234
32676,0.6550866666666663,205,78.84232923000002,389,159,84.0,8143,0.0001,0.4697508215904236
32760,0.6542000000000001,205,78.67367888000001,390,159,84.0,8164,0.0001,0.22835829854011536
32844,0.653313333333333,206,79.1948832,391,159,84.0,8185,0.0001,0.5154151320457458
32928,0.6524266666666668,206,78.84288384999999,392,159,84.0,8206,0.0001,0.5056523680686951
33012,0.6515399999999996,207,79.61455507,393,159,84.0,8227,0.0001,0.46220558881759644
33096,0.6506533333333335,207,79.76836343999999,394,159,84.0,8248,0.0001,0.4384876489639282
33180,0.6497666666666662,208,80.38475804,395,159,84.0,8269,0.0001,0.28359106183052063
33264,0.6488800000000001,209,80.33000216,396,159,84.0,8290,0.0001,3.359905242919922
33348,0.6479933333333329,209,80.62948949000001,397,159,84.0,8311,0.0001,9.52031135559082
33432,0.6471066666666667,210,80.59766842,398,159,84.0,8332,0.0001,0.32167547941207886
33516,0.6462199999999996,210,79.50707095000001,399,159,84.0,8353,0.0001,3.5544631481170654
33600,0.6453333333333334,211,79.66617761,400,159,84.0,8374,0.0001,0.5651788115501404
33684,0.6444466666666662,211,79.75249792,401,159,84.0,8395,0.0001,3.631800413131714
33768,0.6435600000000001,212,79.97111942000001,402,159,84.0,8416,0.0001,0.4214895963668823
33852,0.6426733333333339,212,79.93561699000001,403,159,84.0,8437,0.0001,0.45315325260162354
33936,0.6417866666666667,213,80.23740662000002,404,159,84.0,8458,0.0001,0.3031565845012665
34020,0.6408999999999995,213,80.68139234000002,405,159,84.0,8479,0.0001,3.422255039215088
34104,0.6400133333333333,214,80.84885737000002,406,159,84.0,8500,0.0001,3.545163869857788
34188,0.6391266666666672,215,80.6242398,407,158,84.0,8521,0.0001,3.5719997882843018
34272,0.63824,215,80.29470036,408,158,84.0,8542,0.0001,0.3003465533256531
34356,0.6373533333333339,216,80.50585172999999,409,158,84.0,8563,0.0001,0.5167701244354248
34440,0.6364666666666667,216,80.64610404999999,410,158,84.0,8584,0.0001,3.321305751800537
34524,0.6355800000000005,217,80.76406766,411,158,84.0,8605,0.0001,0.40333831310272217
34608,0.6346933333333333,217,81.12574726,412,158,84.0,8626,0.0001,0.2892821431159973
34692,0.6338066666666671,218,81.65581072,413,158,84.0,8647,0.0001,3.1918468475341797
34776,0.6329199999999999,219,81.89594932,414,158,84.0,8668,0.0001,0.28688955307006836
34860,0.6320333333333338,219,81.90670119,415,158,84.0,8689,0.0001,3.3987231254577637
34944,0.6311466666666666,220,81.83672511,416,158,84.0,8710,0.0001,0.5834851264953613
35028,0.6302600000000005,220,81.78329274,417,158,84.0,8731,0.0001,3.4435057640075684
35112,0.6293733333333333,221,81.61111715,418,158,84.0,8752,0.0001,0.4100155234336853
35196,0.6284866666666671,221,81.97929355999999,419,158,84.0,8773,0.0001,0.6030025482177734
35280,0.6275999999999999,222,82.50379794,420,158,84.0,8794,0.0001,3.2918577194213867
35364,0.6267133333333337,223,82.54112201,421,158,84.0,8815,0.0001,0.5665061473846436
35448,0.6258266666666665,223,82.34742806,422,158,84.0,8836,0.0001,0.6617168188095093
35532,0.6249400000000004,224,82.83794312,423,158,84.0,8857,0.0001,0.32358506321907043
35616,0.6240533333333332,224,82.77974884999999,424,158,84.0,8878,0.0001,0.4062039852142334
35700,0.6231666666666671,225,83.02102119999999,425,158,84.0,8899,0.0001,3.562636375427246
35784,0.6222799999999999,225,82.72556989,426,158,84.0,8920,0.0001,0.486000120639801
35868,0.6213933333333337,226,82.58092235,427,158,84.0,8941,0.0001,0.6732245683670044
35952,0.6205066666666665,226,83.17041934000001,428,158,84.0,8962,0.0001,0.4713364839553833
36036,0.6196200000000003,227,83.44863106000001,429,158,84.0,8983,0.0001,3.377040386199951
36120,0.6187333333333331,228,83.12233604000001,430,158,84.0,9004,0.0001,3.607728958129883
36204,0.617846666666667,228,83.14849720000001,431,158,84.0,9025,0.0001,0.2900272309780121
36288,0.6169599999999998,229,82.99136592999999,432,158,84.0,9046,0.0001,0.35013455152511597
36372,0.6160733333333337,229,83.01756515,433,158,84.0,9067,0.0001,0.4604927599430084
36456,0.6151866666666665,230,82.75604304999999,434,158,84.0,9088,0.0001,6.590575695037842
36540,0.6143000000000003,230,82.77709071999999,435,158,84.0,9109,0.0001,0.4425322413444519
36624,0.6134133333333331,231,82.58611660999999,436,158,84.0,9130,0.0001,6.500472068786621
36708,0.6125266666666669,231,82.59362239999999,437,158,84.0,9151,0.0001,0.39658457040786743
36792,0.6116399999999997,232,82.00926414999998,438,158,84.0,9172,0.0001,0.27495816349983215
36876,0.6107533333333336,233,82.42048440999999,439,158,84.0,9193,0.0001,6.358247756958008
36960,0.6098666666666664,233,82.63172952,440,158,84.0,9214,0.0001,0.5773797035217285
37044,0.6089800000000003,234,82.87052282,441,158,84.0,9235,0.0001,0.4201459586620331
37128,0.6080933333333332,234,82.18224101,442,158,84.0,9256,0.0001,3.5610008239746094
37212,0.6072066666666669,235,82.2441851,443,158,84.0,9277,0.0001,0.3904263973236084
37296,0.6063199999999997,235,81.48483173,444,158,84.0,9298,0.0001,0.40931910276412964
37380,0.6054333333333335,236,81.47315889999999,445,158,84.0,9319,0.0001,3.3592519760131836
37464,0.6045466666666663,237,81.33544228999999,446,158,84.0,9340,0.0001,0.29665160179138184
37548,0.6036600000000002,237,81.71530790999999,447,158,84.0,9361,0.0001,0.470780611038208
37632,0.602773333333333,238,81.54465323000001,448,157,84.0,9382,0.0001,0.3073985278606415
37716,0.6018866666666669,238,81.56027234,449,157,84.0,9403,0.0001,0.35537683963775635
37800,0.6009999999999998,239,81.42629943,450,157,84.0,9424,0.0001,0.5942997932434082
37884,0.6001133333333335,239,81.37079254,451,157,84.0,9445,0.0001,0.3678947687149048
37968,0.5992266666666664,240,81.43084329,452,157,84.0,9466,0.0001,0.5608524680137634
38052,0.5983400000000001,241,80.9930736,453,157,84.0,9487,0.0001,3.435811996459961
38136,0.597453333333333,241,80.79979730999999,454,157,84.0,9508,0.0001,0.3531670868396759
38220,0.5965666666666668,242,80.07881866,455,157,84.0,9529,0.0001,0.7303562164306641
38304,0.5956799999999997,242,79.83258278,456,157,84.0,9550,0.0001,0.5766793489456177
38388,0.5947933333333335,243,80.32879105,457,157,84.0,9571,0.0001,0.2512381076812744
38472,0.5939066666666664,243,80.02721135,458,157,84.0,9592,0.0001,3.375689744949341
38556,0.5930200000000001,244,79.98673488,459,157,84.0,9613,0.0001,0.34788382053375244
38640,0.592133333333333,245,80.23256504999999,460,157,84.0,9634,0.0001,0.20345699787139893
38724,0.5912466666666667,245,79.80456996,461,157,84.0,9655,0.0001,3.4575071334838867
38808,0.5903599999999996,246,79.95883146,462,157,84.0,9676,0.0001,0.40152356028556824
38892,0.5894733333333334,246,79.75965697999999,463,157,84.0,9697,0.0001,3.418443441390991
38976,0.5885866666666663,247,79.44442167,464,157,84.0,9718,0.0001,0.3978024423122406
39060,0.5877000000000001,248,79.30183190999999,465,157,84.0,9739,0.0001,3.5405619144439697
39144,0.586813333333333,248,79.20524574999999,466,157,84.0,9760,0.0001,3.4572205543518066
39228,0.5859266666666667,249,79.41657865,467,157,84.0,9781,0.0001,3.670250654220581
39312,0.5850400000000007,249,78.67271214,468,157,84.0,9802,0.0001,0.35849252343177795
39396,0.5841533333333333,250,78.25978369,469,157,84.0,9823,0.0001,0.28835517168045044
39480,0.5832666666666662,250,78.20868623,470,157,84.0,9844,0.0001,0.2557857036590576
39564,0.58238,251,78.15612766,471,157,84.0,9865,0.0001,0.544453501701355
39648,0.5814933333333339,252,78.50288738,472,157,84.0,9886,0.0001,0.2747763395309448
39732,0.5806066666666667,252,78.04242902000001,473,157,84.0,9907,0.0001,3.3407227993011475
39816,0.5797199999999996,253,77.77201855,474,157,84.0,9928,0.0001,0.37055009603500366
39900,0.5788333333333333,253,77.71247448,475,157,84.0,9949,0.0001,0.490225613117218
39984,0.5779466666666673,254,77.79670886000001,476,157,84.0,9970,0.0001,0.3860093355178833
40068,0.5770599999999999,254,78.05260263999999,477,157,84.0,9991,0.0001,3.9806878566741943
40152,0.5761733333333339,255,77.71000362,478,157,84.0,10012,0.0001,0.9374450445175171
40236,0.5752866666666666,256,78.03722962,479,157,84.0,10033,0.0001,3.8556697368621826
40320,0.5744000000000005,256,77.81304168999999,480,157,84.0,10054,0.0001,0.5640921592712402
40404,0.5735133333333333,257,77.37305325,481,156,84.0,10075,0.0001,3.8810935020446777
40488,0.5726266666666672,257,77.69802311999999,482,156,84.0,10096,0.0001,3.433417797088623
40572,0.5717399999999999,258,77.28903122,483,156,84.0,10117,0.0001,3.4416391849517822
40656,0.5708533333333339,259,77.19547667,484,156,84.0,10138,0.0001,0.5757535696029663
40740,0.5699666666666665,259,76.10681782,485,156,84.0,10159,0.0001,0.4006752371788025
40824,0.5690800000000005,260,75.85925585999999,486,156,84.0,10180,0.0001,0.47076812386512756
40908,0.5681933333333332,260,74.31722041,487,156,84.0,10201,0.0001,3.492053747177124
40992,0.5673066666666671,261,73.74126259,488,156,84.0,10222,0.0001,3.445056676864624
41076,0.5664199999999999,262,73.34234997000001,489,156,84.0,10243,0.0001,0.6885182857513428
41160,0.5655333333333338,262,73.05741514,490,156,84.0,10264,0.0001,0.33431875705718994
41244,0.5646466666666665,263,73.05527377000001,491,156,84.0,10285,0.0001,0.3937939703464508
41328,0.5637600000000005,263,73.3018418,492,156,84.0,10306,0.0001,0.5307959318161011
41412,0.5628733333333331,264,73.35346942000001,493,156,84.0,10327,0.0001,3.5171945095062256
41496,0.5619866666666671,264,73.21007618,494,156,84.0,10348,0.0001,6.854686737060547
41580,0.5610999999999998,265,73.12857395,495,156,84.0,10369,0.0001,0.5006883144378662
41664,0.5602133333333337,265,73.50741227999998,496,156,84.0,10390,0.0001,0.482494592666626
41748,0.5593266666666665,266,73.25228121,497,156,84.0,10411,0.0001,0.34712183475494385
41832,0.5584400000000004,267,73.48532053,498,156,84.0,10432,0.0001,0.48241016268730164
41916,0.5575533333333331,267,74.34352467,499,156,84.0,10453,0.0001,0.4968768358230591
42000,0.5566666666666671,268,74.14716853,500,156,84.0,10474,0.0001,3.461639881134033
42084,0.5557799999999997,268,74.14698814000002,501,156,84.0,10495,0.0001,0.6940280199050903
42168,0.5548933333333337,269,73.95776244,502,156,84.0,10516,0.0001,0.546363353729248
42252,0.5540066666666665,269,74.20965354,503,156,84.0,10537,0.0001,0.48938921093940735
42336,0.5531200000000003,270,74.24771213,504,156,84.0,10558,0.0001,0.4958812892436981
42420,0.5522333333333331,271,74.27233375,505,156,84.0,10579,0.0001,0.24269381165504456
42504,0.551346666666667,271,74.09316927000002,506,156,84.0,10600,0.0001,3.5613818168640137
42588,0.5504599999999997,272,73.86891314,507,156,84.0,10621,0.0001,6.768376350402832
42672,0.5495733333333337,272,74.13033836,508,156,84.0,10642,0.0001,3.443526029586792
42756,0.5486866666666664,273,73.82932552,509,156,84.0,10663,0.0001,0.5289537310600281
42840,0.5478000000000003,273,74.07761819,510,156,84.0,10684,0.0001,0.5809852480888367
42924,0.5469133333333331,274,74.13998486,511,156,84.0,10705,0.0001,6.694517612457275
43008,0.5460266666666669,275,74.01402275,512,156,84.0,10726,0.0001,6.595233917236328
43092,0.5451399999999997,275,73.61568521,513,156,84.0,10747,0.0001,0.5083063840866089
43176,0.5442533333333336,276,72.88960508,514,156,84.0,10768,0.0001,3.5057497024536133
43260,0.5433666666666663,277,72.26519880000001,515,156,84.0,10789,0.0001,0.16595399379730225
43344,0.5424800000000003,277,72.86675863,516,156,84.0,10810,0.0001,0.3487190008163452
43428,0.541593333333333,278,72.84481681999999,517,156,84.0,10831,0.0001,0.49066880345344543
43512,0.5407066666666669,278,72.31193374,518,156,84.0,10852,0.0001,0.6334035396575928
43596,0.5398199999999997,279,71.61228626,519,155,84.0,10873,0.0001,0.45903611183166504
43680,0.5389333333333335,280,71.64159246000001,520,155,84.0,10894,0.0001,0.2868870794773102
43764,0.5380466666666663,280,71.16334711000002,521,155,84.0,10915,0.0001,0.4985470771789551
43848,0.5371600000000002,281,70.31428838000001,522,155,84.0,10936,0.0001,0.40444129705429077
43932,0.5362733333333329,281,69.59568551000001,523,155,84.0,10957,0.0001,3.8022427558898926
44016,0.5353866666666669,282,69.46268433000002,524,155,84.0,10978,0.0001,0.4800465404987335
44100,0.5344999999999996,283,68.90408068,525,155,84.0,10999,0.0001,0.38186776638031006
44184,0.5336133333333335,283,68.72697668,526,155,84.0,11020,0.0001,3.6499781608581543
44268,0.5327266666666663,284,68.57623918,527,155,84.0,11041,0.0001,0.4668183922767639
44352,0.5318400000000001,284,68.35236767,528,155,84.0,11062,0.0001,0.2560802400112152
44436,0.5309533333333329,285,68.18155627,529,155,84.0,11083,0.0001,0.2070866972208023
44520,0.5300666666666668,285,68.50786437000001,530,155,84.0,11104,0.0001,0.22873900830745697
44604,0.5291799999999995,286,68.60550162,531,155,84.0,11125,0.0001,0.43037232756614685
44688,0.5282933333333335,287,68.08584997,532,155,84.0,11146,0.0001,0.5459029078483582
44772,0.5274066666666662,287,68.00490139,533,155,84.0,11167,0.0001,3.668531656265259
44856,0.5265200000000001,288,68.24090656999999,534,155,84.0,11188,0.0001,0.3190484046936035
44940,0.525633333333333,289,68.42689309000001,535,155,84.0,11209,0.0001,0.514980673789978
45024,0.5247466666666667,290,68.73889718,536,155,84.0,11230,0.0001,0.3115975856781006
45108,0.5238600000000007,290,68.9669878,537,155,84.0,11251,0.0001,0.5569239854812622
45192,0.5229733333333334,291,68.60485458,538,155,84.0,11272,0.0001,3.4902565479278564
45276,0.5220866666666661,291,68.20001759,539,155,84.0,11293,0.0001,0.6621556282043457
45360,0.5212000000000001,292,67.51833799,540,155,84.0,11314,0.0001,3.4931180477142334
45444,0.5203133333333338,293,67.68299246,541,155,84.0,11335,0.0001,0.24672135710716248
45528,0.5194266666666667,293,67.96061809,542,155,84.0,11356,0.0001,0.7566224336624146
45612,0.5185399999999996,294,67.87355923,543,155,84.0,11377,0.0001,0.31157198548316956
45696,0.5176533333333333,294,67.80435402,544,155,84.0,11398,0.0001,3.7164306640625
45780,0.5167666666666673,295,67.95969806,545,155,84.0,11419,0.0001,3.4969863891601562
45864,0.51588,295,67.9615282,546,155,84.0,11440,0.0001,3.5741846561431885
45948,0.5149933333333339,296,67.47824326,547,154,84.0,11461,0.0001,0.4737067222595215
46032,0.5141066666666667,297,67.35066879,548,154,84.0,11482,0.0001,0.32507073879241943
46116,0.5132200000000005,297,66.76865863,549,154,84.0,11503,0.0001,0.32145431637763977
46200,0.5123333333333333,298,66.80865585999999,550,154,84.0,11524,0.0001,0.583742618560791
46284,0.5114466666666672,298,66.92694653999999,551,154,84.0,11545,0.0001,3.769108533859253
46368,0.5105599999999999,299,67.04728949999999,552,154,84.0,11566,0.0001,0.271485835313797
46452,0.5096733333333339,300,67.0034098,553,154,84.0,11587,0.0001,6.805299758911133
46536,0.5087866666666666,300,67.18904672999999,554,154,84.0,11608,0.0001,0.6918388605117798
46620,0.5079000000000005,301,68.19124065999999,555,154,84.0,11629,0.0001,6.9073686599731445
46704,0.5070133333333333,302,68.35298797,556,154,84.0,11650,0.0001,6.773290634155273
46788,0.5061266666666671,302,67.84088609,557,154,84.0,11671,0.0001,0.477439820766449
46872,0.5052399999999999,303,68.25762359000001,558,154,84.0,11692,0.0001,0.5286232233047485
46956,0.5043533333333338,303,67.97130295999999,559,154,84.0,11713,0.0001,0.4969468116760254
47040,0.5034666666666665,304,67.83326008999998,560,154,84.0,11734,0.0001,9.81754207611084
47124,0.5025800000000005,304,68.47715969999999,561,154,84.0,11755,0.0001,0.39162254333496094
47208,0.5016933333333332,305,68.3415169,562,154,84.0,11776,0.0001,0.42795440554618835
47292,0.5008066666666671,306,68.6504554,563,154,84.0,11797,0.0001,0.18493396043777466
47376,0.4999199999999998,306,68.74652155,564,154,84.0,11818,0.0001,0.3845944404602051
47460,0.4990333333333338,307,68.76865357999999,565,154,84.0,11839,0.0001,3.612189292907715
47544,0.4981466666666665,307,69.26819518,566,154,84.0,11860,0.0001,0.44007766246795654
47628,0.49726000000000037,308,69.34550983,567,154,84.0,11881,0.0001,0.4621467590332031
47712,0.4963733333333331,309,69.75136501000001,568,154,84.0,11902,0.0001,0.34790030121803284
47796,0.4954866666666671,309,70.22478484,569,154,84.0,11923,0.0001,0.39606207609176636
47880,0.4945999999999998,310,70.62520857,570,154,84.0,11944,0.0001,0.46451491117477417
47964,0.49371333333333367,310,69.85225901000001,571,154,84.0,11965,0.0001,0.5653969049453735
48048,0.4928266666666664,311,69.44093404000002,572,154,84.0,11986,0.0001,0.30401408672332764
48132,0.4919400000000004,312,69.0334498,573,154,84.0,12007,0.0001,0.41494467854499817
48216,0.4910533333333331,312,68.91013412000002,574,154,84.0,12028,0.0001,0.430382639169693
48300,0.490166666666667,313,68.81946814,575,154,84.0,12049,0.0001,0.5691980719566345
48384,0.4892799999999997,313,68.94817408,576,154,84.0,12070,0.0001,0.27439409494400024
48468,0.4883933333333337,314,68.82170055,577,154,84.0,12091,0.0001,0.4242701828479767
48552,0.4875066666666664,315,69.10653811,578,154,84.0,12112,0.0001,3.499382495880127
48636,0.4866200000000003,315,69.26221447,579,154,84.0,12133,0.0001,0.5704048871994019
48720,0.485733333333333,316,69.07409671,580,154,84.0,12154,0.0001,3.317814588546753
48804,0.484846666666667,316,68.65227195,581,153,84.0,12175,0.0001,3.6231939792633057
48888,0.4839599999999997,317,67.82132325,582,153,84.0,12196,0.0001,0.7494850158691406
48972,0.4830733333333336,318,67.37228903,583,153,84.0,12217,0.0001,6.5701398849487305
49056,0.4821866666666663,318,67.27004778999999,584,153,84.0,12238,0.0001,3.6327877044677734
49140,0.4813000000000003,319,67.52643922,585,153,84.0,12259,0.0001,0.35566943883895874
49224,0.480413333333333,319,67.48104516000001,586,153,84.0,12280,0.0001,3.529738426208496
49308,0.4795266666666669,320,67.69486042,587,153,84.0,12301,0.0001,0.6549035310745239
49392,0.4786399999999996,321,68.17315430999999,588,153,84.0,12322,0.0001,3.818563938140869
49476,0.4777533333333336,321,68.45246735,589,153,84.0,12343,0.0001,0.5419443249702454
49560,0.47686666666666633,322,68.22307961,590,153,84.0,12364,0.0001,0.42678865790367126
49644,0.4759800000000002,322,68.30735414,591,153,84.0,12385,0.0001,0.3630422055721283
49728,0.4750933333333329,323,68.13635230000001,592,153,84.0,12406,0.0001,3.608315944671631
49812,0.4742066666666669,323,67.47031497,593,153,84.0,12427,0.0001,0.4534571170806885
49896,0.47331999999999963,324,66.85526791000001,594,153,84.0,12448,0.0001,3.4388604164123535
49980,0.4724333333333335,325,66.59249599,595,153,84.0,12469,0.0001,0.587536096572876
50064,0.4715466666666662,325,65.8069404,596,153,84.0,12490,0.0001,0.886236310005188
50148,0.4706600000000002,326,65.47241731000001,597,153,84.0,12511,0.0001,0.8563652038574219
50232,0.46977333333333293,326,65.87110543,598,153,84.0,12532,0.0001,3.8891117572784424
50316,0.4688866666666668,327,65.71149134000001,599,153,84.0,12553,0.0001,0.6028522849082947
50400,0.4679999999999995,327,65.83628034000002,600,153,84.0,12574,0.0001,0.6173282265663147
50484,0.4671133333333335,328,65.86713629,601,153,84.0,12595,0.0001,3.437380313873291
50568,0.46622666666666623,329,65.95367922000001,602,153,84.0,12616,0.0001,3.9139339923858643
50652,0.4653400000000001,329,64.35348870000001,603,153,84.0,12637,0.0001,3.7751474380493164
50736,0.46445333333333283,330,63.632312320000004,604,153,84.0,12658,0.0001,0.6567646265029907
50820,0.4635666666666668,331,63.13893074999999,605,153,84.0,12679,0.0001,0.3520320653915405
50904,0.46268000000000054,331,63.0848149,606,153,84.0,12700,0.0001,6.638032913208008
50988,0.4617933333333334,332,63.02285992,607,153,84.0,12721,0.0001,0.44151759147644043
51072,0.46090666666666613,332,62.49773625000001,608,153,84.0,12742,0.0001,0.4777408242225647
51156,0.4600200000000001,333,61.9077887,609,153,84.0,12763,0.0001,0.5313672423362732
51240,0.45913333333333384,334,62.197913670000005,610,153,84.0,12784,0.0001,3.697418212890625
51324,0.4582466666666667,334,61.526790250000005,611,153,84.0,12805,0.0001,0.46630120277404785
51408,0.45736000000000054,335,60.86075557,612,153,84.0,12826,0.0001,9.837722778320312
51492,0.4564733333333334,335,60.80571480000001,613,153,84.0,12847,0.0001,6.682549953460693
51576,0.45558666666666714,336,60.9406479,614,153,84.0,12868,0.0001,0.4503859877586365
51660,0.4547,337,60.89071563,615,153,84.0,12889,0.0001,7.017706394195557
51744,0.45381333333333385,337,60.822861360000005,616,153,84.0,12910,0.0001,3.926360845565796
51828,0.4529266666666667,338,61.027037310000004,617,153,84.0,12931,0.0001,3.8055882453918457
51912,0.45204000000000044,338,61.15548776999999,618,153,84.0,12952,0.0001,0.5726916193962097
51996,0.4511533333333333,339,60.834707200000004,619,153,84.0,12973,0.0001,0.43936121463775635
52080,0.45026666666666715,339,60.278794289999986,620,153,84.0,12994,0.0001,3.7324845790863037
52164,0.44938,340,60.70532786999999,621,153,84.0,13015,0.0001,0.891552209854126
52248,0.44849333333333374,341,61.7069364,622,153,84.0,13036,0.0001,3.8781824111938477
52332,0.4476066666666666,341,61.29549566,623,153,84.0,13057,0.0001,3.7205862998962402
52416,0.44672000000000045,342,61.73183206999999,624,153,84.0,13078,0.0001,0.5710091590881348
52500,0.4458333333333333,343,62.39097314999999,625,153,84.0,13099,0.0001,3.6522138118743896
52584,0.44494666666666705,343,62.71966020999999,626,152,84.0,13120,0.0001,3.7288451194763184
52668,0.4440599999999999,344,62.49978928999999,627,152,84.0,13141,0.0001,0.4949747323989868
52752,0.44317333333333375,344,62.26060924999999,628,152,84.0,13162,0.0001,3.4263436794281006
52836,0.4422866666666666,345,62.50696489999999,629,152,84.0,13183,0.0001,0.48594796657562256
52920,0.44140000000000035,346,62.685283469999995,630,152,84.0,13204,0.0001,3.5839316844940186
53004,0.4405133333333332,346,63.28824923,631,152,84.0,13225,0.0001,0.5932955741882324
53088,0.43962666666666705,347,62.96782133,632,152,84.0,13246,0.0001,3.739025831222534
53172,0.4387399999999999,348,62.34100514,633,152,84.0,13267,0.0001,3.837827444076538
53256,0.43785333333333365,348,61.71492664,634,152,84.0,13288,0.0001,3.779048204421997
53340,0.4369666666666665,349,61.343971780000004,635,152,84.0,13309,0.0001,0.45373380184173584
53424,0.43608000000000036,349,60.733013220000004,636,152,84.0,13330,0.0001,3.8260741233825684
53508,0.4351933333333332,350,60.80836072,637,152,84.0,13351,0.0001,0.8060764670372009
53592,0.43430666666666695,350,60.99464367,638,152,84.0,13372,0.0001,0.5557196736335754
53676,0.4334199999999998,351,59.93718988,639,152,84.0,13393,0.0001,0.5301201343536377
53760,0.43253333333333366,352,60.59317806999999,640,152,84.0,13414,0.0001,3.767493486404419
53844,0.4316466666666665,352,59.429368540000006,641,152,84.0,13435,0.0001,0.3555488586425781
53928,0.43076000000000025,353,58.75855677,642,152,84.0,13456,0.0001,3.6433539390563965
54012,0.4298733333333331,354,58.950285789999995,643,152,84.0,13477,0.0001,0.3988104462623596
54096,0.42898666666666696,354,60.085320440000004,644,152,84.0,13498,0.0001,0.47210896015167236
54180,0.4280999999999998,355,60.130793139999994,645,152,84.0,13519,0.0001,0.6655550003051758
54264,0.42721333333333356,355,60.12159187,646,152,84.0,13540,0.0001,0.4995919466018677
54348,0.4263266666666664,356,59.76718243000001,647,152,84.0,13561,0.0001,0.4156140387058258
54432,0.42544000000000026,357,59.58217251,648,152,84.0,13582,0.0001,0.3063671588897705
54516,0.4245533333333331,357,59.20193859,649,152,84.0,13603,0.0001,1.0256261825561523
54600,0.42366666666666686,358,59.22366569,650,152,84.0,13624,0.0001,0.5310021638870239
54684,0.4227799999999997,358,58.94019139,651,152,84.0,13645,0.0001,3.6856911182403564
54768,0.42189333333333356,359,59.33089419,652,152,84.0,13666,0.0001,0.4524470567703247
54852,0.4210066666666664,360,58.93291368999999,653,152,84.0,13687,0.0001,3.6859312057495117
54936,0.42012000000000016,360,58.28452467,654,152,84.0,13708,0.0001,0.612021803855896
55020,0.419233333333333,361,58.17537601,655,152,84.0,13729,0.0001,0.2868174910545349
55104,0.41834666666666687,361,57.450161370000004,656,152,84.0,13750,0.0001,0.5112844109535217
55188,0.4174599999999997,362,57.89850752000001,657,152,84.0,13771,0.0001,0.6295844912528992
55272,0.41657333333333346,362,57.36012609,658,152,84.0,13792,0.0001,0.8267183303833008
55356,0.4156866666666663,363,57.05339344,659,152,84.0,13813,0.0001,0.30390995740890503
55440,0.41480000000000017,364,56.27667168,660,152,84.0,13834,0.0001,0.7291172742843628
55524,0.413913333333333,364,56.100378889999995,661,152,84.0,13855,0.0001,0.6192451119422913
55608,0.41302666666666676,365,56.311341629999994,662,152,84.0,13876,0.0001,0.45993268489837646
55692,0.4121399999999996,365,55.451694849999996,663,152,84.0,13897,0.0001,0.3791918158531189
55776,0.41125333333333347,366,55.48904286000001,664,152,84.0,13918,0.0001,0.8432716131210327
55860,0.4103666666666663,366,55.10167025999999,665,152,84.0,13939,0.0001,0.34723609685897827
55944,0.40948000000000007,367,55.14679002999999,666,152,84.0,13960,0.0001,0.4908628463745117
56028,0.4085933333333329,368,55.122825080000005,667,152,84.0,13981,0.0001,0.5300956964492798
56112,0.4077066666666668,368,54.70386088,668,152,84.0,14002,0.0001,3.701659679412842
56196,0.4068199999999996,369,54.260845090000004,669,152,84.0,14023,0.0001,0.5267829895019531
56280,0.40593333333333337,369,53.968748050000016,670,152,84.0,14044,0.0001,0.32852864265441895
56364,0.40504666666666733,370,53.41074419,671,152,84.0,14065,0.0001,3.500089645385742
56448,0.4041600000000001,370,53.20250157000001,672,152,84.0,14086,0.0001,0.7010185718536377
56532,0.40327333333333293,371,53.82035798000002,673,152,84.0,14107,0.0001,0.6223011016845703
56616,0.40238666666666667,371,54.22662707000001,674,152,84.0,14128,0.0001,0.32583901286125183
56700,0.40150000000000063,372,54.03454745000001,675,152,84.0,14149,0.0001,6.873816967010498
56784,0.4006133333333334,373,54.3833402,676,152,84.0,14170,0.0001,0.6918871402740479
56868,0.39972666666666623,373,54.436363300000004,677,152,84.0,14191,0.0001,0.25689804553985596
56952,0.39884,374,54.333813920000004,678,152,84.0,14212,0.0001,0.44323164224624634
57036,0.39795333333333394,375,54.644484250000005,679,152,84.0,14233,0.0001,0.4159699082374573
57120,0.3970666666666667,375,55.141417360000005,680,152,84.0,14254,0.0001,3.688380002975464
57204,0.39617999999999953,376,55.77981441000001,681,151,84.0,14275,0.0001,0.46519872546195984
57288,0.3952933333333333,377,56.68133627,682,151,84.0,14296,0.0001,0.329437792301178
57372,0.39440666666666724,377,57.01177574000001,683,151,84.0,14317,0.0001,0.4058743119239807
57456,0.39352,378,57.43910207000002,684,151,84.0,14338,0.0001,0.38007399439811707
57540,0.39263333333333383,379,57.69688766000002,685,151,84.0,14359,0.0001,0.7663881778717041
57624,0.3917466666666666,379,56.63855489000002,686,151,84.0,14380,0.0001,3.5767135620117188
57708,0.39086000000000054,380,56.86728707000001,687,151,84.0,14401,0.0001,0.5121005773544312
57792,0.3899733333333333,381,56.99610017000002,688,151,84.0,14422,0.0001,0.7154579162597656
57876,0.38908666666666714,381,57.08406295000002,689,151,84.0,14443,0.0001,0.46743592619895935
57960,0.3881999999999999,382,57.18294652,690,151,84.0,14464,0.0001,0.8681918382644653
58044,0.38731333333333384,382,56.53154379000001,691,151,84.0,14485,0.0001,3.636502504348755
58128,0.3864266666666666,383,55.966919770000004,692,151,84.0,14506,0.0001,0.2811201214790344
58212,0.38554000000000044,383,55.42538717,693,151,84.0,14527,0.0001,0.42537176609039307
58296,0.3846533333333332,384,55.67971173,694,151,84.0,14548,0.0001,0.32260847091674805
58380,0.38376666666666714,385,55.81981166,695,151,84.0,14569,0.0001,0.40842896699905396
58464,0.3828799999999999,385,56.319660729999995,696,151,84.0,14590,0.0001,6.713456630706787
58548,0.38199333333333374,386,56.083837669999994,697,151,84.0,14611,0.0001,0.3952126204967499
58632,0.3811066666666665,386,55.50363172999999,698,151,84.0,14632,0.0001,0.39011403918266296
58716,0.38022000000000045,387,55.02695392,699,151,84.0,14653,0.0001,0.5051687955856323
58800,0.3793333333333332,387,53.792655859999996,700,151,84.0,14674,0.0001,0.36784613132476807
58884,0.37844666666666704,388,53.21972267,701,151,84.0,14695,0.0001,0.4102541506290436
58968,0.3775599999999998,388,52.64862510000001,702,151,84.0,14716,0.0001,0.4259350895881653
59052,0.37667333333333375,389,52.886641749999995,703,151,84.0,14737,0.0001,0.45450258255004883
59136,0.3757866666666665,389,52.59808246000001,704,151,84.0,14758,0.0001,0.7694718241691589
59220,0.37490000000000034,390,52.469995450000006,705,151,84.0,14779,0.0001,3.5890188217163086
59304,0.3740133333333331,390,52.03271978,706,151,84.0,14800,0.0001,0.3152634799480438
59388,0.37312666666666705,391,51.4535569,707,151,84.0,14821,0.0001,0.5033116340637207
59472,0.3722399999999998,392,51.108648460000005,708,151,84.0,14842,0.0001,0.5279884338378906
59556,0.37135333333333365,392,52.55461030000001,709,151,84.0,14863,0.0001,0.46998709440231323
59640,0.3704666666666664,393,51.93586680000001,710,151,84.0,14884,0.0001,0.31593847274780273
59724,0.36958000000000035,393,52.702740309999996,711,151,84.0,14905,0.0001,0.5115169286727905
59808,0.3686933333333331,394,52.627914080000004,712,151,84.0,14926,0.0001,0.49774447083473206
59892,0.36780666666666695,394,52.74130259,713,151,84.0,14947,0.0001,0.460334450006485
59976,0.3669199999999997,395,52.817933999999994,714,151,84.0,14968,0.0001,0.47403547167778015
60060,0.36603333333333365,396,52.633452289999994,715,151,84.0,14989,0.0001,1.3331458568572998
60144,0.3651466666666664,396,52.69046122999999,716,151,84.0,15010,0.0001,0.5748510956764221
60228,0.36426000000000025,397,52.31269006,717,151,84.0,15031,0.0001,0.43813085556030273
60312,0.363373333333333,397,52.392468,718,151,84.0,15052,0.0001,7.238387584686279
60396,0.36248666666666696,398,52.88055953999999,719,151,84.0,15073,0.0001,0.7945392727851868
60480,0.3615999999999997,398,52.529226709999996,720,151,84.0,15094,0.0001,0.4382098615169525
60564,0.36071333333333355,399,52.24855920999998,721,151,84.0,15115,0.0001,0.6464594006538391
60648,0.3598266666666663,399,51.454802429999994,722,151,84.0,15136,0.0001,6.915346622467041
60732,0.35894000000000026,400,51.55930355999999,723,151,84.0,15157,0.0001,4.0938262939453125
60816,0.358053333333333,400,51.3553169,724,151,84.0,15178,0.0001,0.4313640594482422
60900,0.35716666666666685,401,50.92094579999999,725,151,84.0,15199,0.0001,0.3391873836517334
60984,0.3562799999999996,402,49.989036660000004,726,151,84.0,15220,0.0001,3.638711929321289
61068,0.35539333333333356,402,49.70599454999999,727,151,84.0,15241,0.0001,0.33261838555336
61152,0.3545066666666663,403,48.901408960000005,728,151,84.0,15262,0.0001,0.6905312538146973
61236,0.35362000000000016,403,48.41438088000001,729,151,84.0,15283,0.0001,0.3793075680732727
61320,0.3527333333333329,404,48.51589558,730,151,84.0,15304,0.0001,0.6172024011611938
61404,0.35184666666666686,404,46.970534289999996,731,151,84.0,15325,0.0001,0.2223406285047531
61488,0.3509599999999996,405,46.9428364,732,151,84.0,15346,0.0001,0.5683705806732178
61572,0.35007333333333346,405,47.61278439999999,733,151,84.0,15367,0.0001,0.5042700171470642
61656,0.3491866666666662,406,47.162673440000006,734,151,84.0,15388,0.0001,3.784698009490967
61740,0.34830000000000017,406,47.272794559999994,735,151,84.0,15409,0.0001,0.2907991409301758
61824,0.347413333333334,407,47.22092723000001,736,151,84.0,15430,0.0001,0.7623535394668579
61908,0.34652666666666676,407,46.53041317,737,151,84.0,15451,0.0001,0.43831977248191833
61992,0.3456399999999995,408,46.66510811,738,151,84.0,15472,0.0001,0.3972105085849762
62076,0.34475333333333347,409,46.85400215000001,739,151,84.0,15493,0.0001,0.4400395154953003
62160,0.3438666666666673,409,46.464092570000005,740,151,84.0,15514,0.0001,0.6262542009353638
62244,0.34298000000000006,410,47.44360114999999,741,151,84.0,15535,0.0001,0.37042301893234253
62328,0.3420933333333328,410,46.40743058,742,151,84.0,15556,0.0001,0.5818684101104736
62412,0.34120666666666677,411,46.01930691,743,151,84.0,15577,0.0001,0.6601638793945312
62496,0.3403200000000006,411,45.50649011,744,151,84.0,15598,0.0001,0.4814298748970032
62580,0.33943333333333336,412,44.643399040000006,745,151,84.0,15619,0.0001,3.7474536895751953
62664,0.3385466666666661,412,44.554010670000004,746,151,84.0,15640,0.0001,0.3035491108894348
62748,0.33766000000000007,413,44.54503043000002,747,151,84.0,15661,0.0001,3.834115505218506
62832,0.3367733333333339,413,44.34212119000001,748,151,84.0,15682,0.0001,3.8050949573516846
62916,0.33588666666666667,414,45.334161240000014,749,151,84.0,15703,0.0001,0.1957854926586151
63000,0.3349999999999994,414,45.43050892,750,151,84.0,15724,0.0001,0.6807597875595093
63084,0.3341133333333334,415,45.64280484,751,151,84.0,15745,0.0001,0.39789921045303345
63168,0.3332266666666672,415,44.99350775,752,151,84.0,15766,0.0001,0.44806361198425293
63252,0.33233999999999997,416,45.38274953999999,753,151,84.0,15787,0.0001,4.336776256561279
63336,0.3314533333333338,417,44.71743893,754,151,84.0,15808,0.0001,0.5346758365631104
63420,0.3305666666666667,417,44.42819820999999,755,151,84.0,15829,0.0001,0.5260747671127319
63504,0.32968000000000053,418,45.06697515,756,151,84.0,15850,0.0001,0.20548725128173828
63588,0.32879333333333327,418,45.29665860999999,757,151,84.0,15871,0.0001,3.602891683578491
63672,0.3279066666666671,419,45.2611499,758,151,84.0,15892,0.0001,0.7591671943664551
63756,0.32702,420,45.15789548000001,759,151,84.0,15913,0.0001,0.3657051920890808
63840,0.32613333333333383,420,45.193810110000015,760,151,84.0,15934,0.0001,3.681414842605591
63924,0.3252466666666666,421,44.74925563000001,761,151,84.0,15955,0.0001,0.5497926473617554
64008,0.3243600000000004,422,43.786770530000005,762,151,84.0,15976,0.0001,4.180255889892578
64092,0.3234733333333333,422,43.87074864,763,151,84.0,15997,0.0001,0.7426554560661316
64176,0.32258666666666713,423,44.13030541,764,151,84.0,16018,0.0001,3.755204439163208
64260,0.3216999999999999,423,43.91439504,765,151,84.0,16039,0.0001,6.963467597961426
64344,0.32081333333333373,424,42.79026485,766,151,84.0,16060,0.0001,0.7148599028587341
64428,0.3199266666666666,424,42.58796472,767,151,84.0,16081,0.0001,0.4886624217033386
64512,0.31904000000000043,425,42.7269072,768,151,84.0,16102,0.0001,0.7140282392501831
64596,0.3181533333333332,425,42.66373301000001,769,151,84.0,16123,0.0001,0.4250791370868683
64680,0.31726666666666703,426,42.541802700000005,770,151,84.0,16144,0.0001,0.513930082321167
64764,0.3163799999999999,427,43.63379381000001,771,151,84.0,16165,0.0001,0.8430986404418945
64848,0.31549333333333374,427,43.750163330000014,772,151,84.0,16186,0.0001,3.9645028114318848
64932,0.3146066666666665,428,43.59284387,773,151,84.0,16207,0.0001,0.5350473523139954
65016,0.31372000000000033,428,42.79930271999999,774,151,84.0,16228,0.0001,0.5135055184364319
65100,0.3128333333333332,429,40.99995069999999,775,151,84.0,16249,0.0001,0.5065653324127197
65184,0.31194666666666704,429,39.999258569999995,776,151,84.0,16270,0.0001,0.8740534782409668
65268,0.3110599999999998,430,39.604588840000005,777,151,84.0,16291,0.0001,3.897265672683716
65352,0.31017333333333363,431,40.25713445,778,151,84.0,16312,0.0001,0.6281560659408569
65436,0.3092866666666665,431,38.51927391000001,779,151,84.0,16333,0.0001,0.7779584527015686
65520,0.30840000000000034,432,37.4340591,780,151,84.0,16354,0.0001,4.195487976074219
65604,0.3075133333333331,432,36.820791580000005,781,151,84.0,16375,0.0001,0.7546635866165161
65688,0.30662666666666694,433,36.05867662,782,151,84.0,16396,0.0001,0.5088244080543518
65772,0.3057399999999998,433,36.12088266,783,151,84.0,16417,0.0001,7.205161094665527
65856,0.30485333333333364,434,35.64842761,784,151,84.0,16438,0.0001,0.5644115805625916
65940,0.3039666666666664,434,35.453067860000004,785,151,84.0,16459,0.0001,3.825679063796997
66024,0.30308000000000024,435,36.31566319,786,151,84.0,16480,0.0001,4.081275939941406
66108,0.3021933333333331,436,36.90657195,787,151,84.0,16501,0.0001,3.777742385864258
66192,0.30130666666666694,436,36.38273161000001,788,151,84.0,16522,0.0001,4.697716236114502
66276,0.3004199999999997,437,36.57911427,789,151,84.0,16543,0.0001,0.6372562050819397
66360,0.29953333333333354,437,35.92950305,790,151,84.0,16564,0.0001,0.6087721586227417
66444,0.2986466666666664,438,36.01173219,791,151,84.0,16585,0.0001,6.8351006507873535
66528,0.29776000000000025,439,35.81157236999999,792,151,84.0,16606,0.0001,6.992451190948486
66612,0.296873333333333,439,35.30392395,793,151,84.0,16627,0.0001,3.724414110183716
66696,0.29598666666666684,440,35.14073063,794,151,84.0,16648,0.0001,3.9314565658569336
66780,0.2950999999999997,441,34.15735977,795,151,84.0,16669,0.0001,0.8391879200935364
66864,0.29421333333333355,441,33.57312169,796,151,84.0,16690,0.0001,0.3830949068069458
66948,0.2933266666666663,442,34.250258009999996,797,151,84.0,16711,0.0001,0.502805769443512
67032,0.29244000000000014,443,34.09220259,798,151,84.0,16732,0.0001,0.4878893792629242
67116,0.291553333333333,443,34.51380962,799,151,84.0,16753,0.0001,0.5683984756469727
67200,0.29066666666666685,444,35.4363798,800,151,84.0,16774,0.0001,0.6211665868759155
67284,0.2897800000000007,444,35.178392720000005,801,151,84.0,16795,0.0001,3.9176111221313477
67368,0.28889333333333345,445,35.47610595,802,151,84.0,16816,0.0001,0.36063748598098755
67452,0.2880066666666663,446,36.22728496,803,151,84.0,16837,0.0001,0.28349852561950684
67536,0.28712000000000015,446,36.777867379999996,804,151,84.0,16858,0.0001,10.353303909301758
67620,0.286233333333334,447,36.42457726,805,151,84.0,16879,0.0001,4.033798694610596
67704,0.28534666666666675,447,36.05427784,806,151,84.0,16900,0.0001,0.49248749017715454
67788,0.2844599999999996,448,36.627586980000004,807,151,84.0,16921,0.0001,0.6733484268188477
67872,0.28357333333333345,449,36.811625830000004,808,151,84.0,16942,0.0001,0.7924615740776062
67956,0.2826866666666673,449,36.39004829,809,151,84.0,16963,0.0001,0.658976674079895
68040,0.28180000000000005,450,35.66991079,810,151,84.0,16984,0.0001,0.5958651304244995
68124,0.2809133333333329,451,34.37069951,811,151,84.0,17005,0.0001,0.593170166015625
68208,0.28002666666666676,451,34.81166125,812,151,84.0,17026,0.0001,0.7113375663757324
68292,0.2791400000000006,452,34.12649035,813,151,84.0,17047,0.0001,0.47671857476234436
68376,0.27825333333333335,452,33.59548529999999,814,151,84.0,17068,0.0001,0.4957849681377411
68460,0.2773666666666662,453,33.634000629999996,815,151,84.0,17089,0.0001,0.6761013865470886
68544,0.27648000000000006,453,33.33398369,816,150,84.0,17110,0.0001,0.6355525255203247
68628,0.2755933333333339,454,31.649179489999998,817,150,84.0,17131,0.0001,0.3117627203464508
68712,0.27470666666666665,455,30.450806160000003,818,150,84.0,17152,0.0001,7.36436653137207
68796,0.2738200000000006,455,30.3781217,819,150,84.0,17173,0.0001,3.9836583137512207
68880,0.27293333333333336,456,30.41986054,820,150,84.0,17194,0.0001,10.847325325012207
68964,0.2720466666666672,456,30.762380479999997,821,150,84.0,17215,0.0001,0.6284987926483154
69048,0.27115999999999996,457,30.75775768,822,150,84.0,17236,0.0001,10.398319244384766
69132,0.2702733333333339,458,31.854913829999997,823,150,84.0,17257,0.0001,3.75923490524292
69216,0.26938666666666666,458,31.609166339999998,824,150,84.0,17278,0.0001,3.922131061553955
69300,0.2685000000000005,459,32.01640661,825,150,84.0,17299,0.0001,7.041476249694824
69384,0.26761333333333326,459,33.24732947,826,150,84.0,17320,0.0001,10.506711959838867
69468,0.2667266666666672,460,34.18067395,827,150,84.0,17341,0.0001,0.44722408056259155
69552,0.26583999999999997,461,34.96137265,828,150,84.0,17362,0.0001,7.0213422775268555
69636,0.2649533333333338,461,35.520140770000005,829,150,84.0,17383,0.0001,0.5085968971252441
69720,0.26406666666666656,462,35.4349778,830,150,84.0,17404,0.0001,0.639313280582428
69804,0.2631800000000005,462,36.49647337,831,150,84.0,17425,0.0001,3.8935556411743164
69888,0.26229333333333327,463,36.71988314,832,150,84.0,17446,0.0001,3.8537492752075195
69972,0.2614066666666671,464,36.66248611,833,150,84.0,17467,0.0001,0.5174772143363953
70056,0.26051999999999986,464,37.40672216,834,150,84.0,17488,0.0001,1.2642173767089844
70140,0.2596333333333338,465,36.91938615,835,150,84.0,17509,0.0001,4.63023567199707
70224,0.25874666666666657,465,36.102514660000004,836,150,84.0,17530,0.0001,0.8840337991714478
70308,0.2578600000000004,466,35.88445011,837,150,84.0,17551,0.0001,4.544356346130371
70392,0.25697333333333316,466,35.40551922,838,150,84.0,17572,0.0001,0.5164233446121216
70476,0.25608666666666713,467,35.08315948,839,150,84.0,17593,0.0001,0.7613586187362671
70560,0.25519999999999987,468,35.23712601,840,150,84.0,17614,0.0001,0.8870917558670044
70644,0.2543133333333337,469,35.129313759999995,841,150,84.0,17635,0.0001,0.743802547454834
70728,0.25342666666666647,470,36.79176725999999,842,150,84.0,17656,0.0001,0.8399500846862793
70812,0.25254000000000043,470,37.14270007999999,843,150,84.0,17677,0.0001,0.4639899730682373
70896,0.2516533333333332,471,37.14045467,844,150,84.0,17698,0.0001,0.8102379441261292
70980,0.250766666666667,471,37.46306351,845,150,84.0,17719,0.0001,0.6303883790969849
71064,0.24987999999999977,472,36.93757346999999,846,150,84.0,17740,0.0001,0.533669650554657
71148,0.24899333333333373,473,37.19389821,847,150,84.0,17761,0.0001,7.361239433288574
71232,0.24810666666666648,473,37.367177829999996,848,150,84.0,17782,0.0001,0.8598310947418213
71316,0.24722000000000033,474,36.792126509999996,849,150,84.0,17803,0.0001,4.125482082366943
71400,0.24633333333333307,475,36.07908286,850,150,84.0,17824,0.0001,0.5513986349105835
71484,0.24544666666666703,475,36.155832860000004,851,150,84.0,17845,0.0001,0.4671843647956848
71568,0.24455999999999978,476,36.7718152,852,150,84.0,17866,0.0001,0.8306213021278381
71652,0.24367333333333363,476,36.12694048,853,150,84.0,17887,0.0001,0.7484649419784546
71736,0.24278666666666637,477,36.62009382,854,150,84.0,17908,0.0001,0.5506612062454224
71820,0.24190000000000034,478,36.30313226,855,150,84.0,17929,0.0001,7.038673400878906
71904,0.24101333333333308,478,36.08386499,856,150,84.0,17950,0.0001,0.4444839358329773
71988,0.24012666666666693,479,35.006238190000005,857,150,84.0,17971,0.0001,0.8330168724060059
72072,0.23923999999999968,479,35.38415081000001,858,150,84.0,17992,0.0001,0.6314873695373535
72156,0.23835333333333364,480,35.22866019,859,150,84.0,18013,0.0001,0.5516626834869385
72240,0.23746666666666638,481,36.186549570000004,860,150,84.0,18034,0.0001,1.1197221279144287
72324,0.23658000000000023,482,35.00865641,861,149,84.0,18055,0.0001,4.031299591064453
72408,0.23569333333333298,483,35.48417771,862,149,84.0,18076,0.0001,4.1065192222595215
72492,0.23480666666666694,483,36.25392543,863,149,84.0,18097,0.0001,0.6060788631439209
72576,0.23391999999999968,484,34.623715430000004,864,149,84.0,18118,0.0001,3.9005093574523926
72660,0.23303333333333354,485,33.542837760000005,865,149,84.0,18139,0.0001,0.6534676551818848
72744,0.23214666666666628,486,33.57880766000001,866,149,84.0,18160,0.0001,0.6835895776748657
72828,0.23126000000000024,486,33.64917513,867,149,84.0,18181,0.0001,0.4007890820503235
72912,0.23037333333333299,487,32.86529123,868,149,84.0,18202,0.0001,3.7171270847320557
72996,0.22948666666666684,488,33.1787623,869,149,84.0,18223,0.0001,7.195433616638184
73080,0.22860000000000058,489,33.649255339999996,870,149,84.0,18244,0.0001,0.5614626407623291
73164,0.22771333333333355,490,33.54559729,871,149,84.0,18265,0.0001,0.8199929594993591
73248,0.2268266666666663,490,33.71301099,872,149,84.0,18286,0.0001,0.8987294435501099
73332,0.22594000000000014,491,33.43052961,873,149,84.0,18307,0.0001,3.882648468017578
73416,0.22505333333333388,492,33.9597185,874,149,84.0,18328,0.0001,0.685343861579895
73500,0.22416666666666685,493,36.78037467,875,148,84.0,18349,0.0001,3.810669422149658
73584,0.2232799999999996,494,37.51256232,876,148,84.0,18370,0.0001,0.7894798517227173
73668,0.22239333333333344,494,36.910002389999995,877,148,84.0,18391,0.0001,0.7198672294616699
73752,0.22150666666666718,495,36.374279769999994,878,148,84.0,18412,0.0001,0.4813830256462097
73836,0.22062000000000015,496,38.02619735,879,148,84.0,18433,0.0001,0.5365457534790039
73920,0.2197333333333329,497,38.78591476,880,148,84.0,18454,0.0001,0.37483978271484375
74004,0.21884666666666674,497,38.622864899999996,881,148,84.0,18475,0.0001,0.7090727090835571
74088,0.2179600000000005,498,39.238560050000004,882,148,84.0,18496,0.0001,0.6814720630645752
74172,0.21707333333333345,499,39.63901663,883,148,84.0,18517,0.0001,0.7239665985107422
74256,0.2161866666666662,500,39.21366726,884,148,84.0,18538,0.0001,0.4812762141227722
74340,0.21530000000000005,501,39.723362550000004,885,148,84.0,18559,0.0001,0.8051544427871704
74424,0.2144133333333338,501,38.962774880000005,886,148,84.0,18580,0.0001,0.5118237733840942
74508,0.21352666666666675,502,38.36134469,887,148,84.0,18601,0.0001,0.9822083115577698
74592,0.2126400000000005,503,37.8229483,888,148,84.0,18622,0.0001,1.3173753023147583
74676,0.21175333333333335,504,36.97430273999999,889,148,84.0,18643,0.0001,4.082004070281982
74760,0.2108666666666671,504,38.313084599999996,890,148,84.0,18664,0.0001,0.7129549980163574
74844,0.20998000000000006,505,38.58338425,891,148,84.0,18685,0.0001,0.5621781945228577
74928,0.2090933333333338,506,39.612786060000005,892,147,84.0,18706,0.0001,0.4961428642272949
75012,0.20820666666666665,507,39.45360658,893,147,84.0,18727,0.0001,0.508788526058197
75096,0.2073200000000004,507,39.435954530000004,894,147,84.0,18748,0.0001,0.5469549894332886
75180,0.20643333333333336,508,39.24563737,895,147,84.0,18769,0.0001,0.5217959880828857
75264,0.2055466666666671,509,39.496647079999995,896,147,84.0,18790,0.0001,0.6840509176254272
75348,0.20465999999999995,510,39.90810318,897,147,84.0,18811,0.0001,7.224298477172852
75432,0.2037733333333337,510,38.86932424,898,147,84.0,18832,0.0001,0.5121657252311707
75516,0.20288666666666666,511,38.099173019999995,899,147,84.0,18853,0.0001,0.6870056390762329
75600,0.2020000000000004,512,37.55352007,900,147,84.0,18874,0.0001,0.44042012095451355
75684,0.20111333333333326,513,35.902670529999995,901,147,84.0,18895,0.0001,0.7366563677787781
75768,0.200226666666667,514,36.404078680000005,902,147,84.0,18916,0.0001,0.684813380241394
75852,0.19933999999999996,514,36.68479907,903,147,84.0,18937,0.0001,0.7019684314727783
75936,0.1984533333333337,515,36.219916690000005,904,147,84.0,18958,0.0001,0.5312069654464722
76020,0.19756666666666656,516,36.08816035,905,147,84.0,18979,0.0001,0.5790075659751892
76104,0.1966800000000003,517,36.37617109,906,147,84.0,19000,0.0001,0.5491636991500854
76188,0.19579333333333326,518,36.46323444,907,147,84.0,19021,0.0001,3.9539120197296143
76272,0.194906666666667,518,37.0055798,908,146,84.0,19042,0.0001,4.046111106872559
76356,0.19401999999999986,519,35.78984378,909,146,84.0,19063,0.0001,0.439873069524765
76440,0.1931333333333336,520,35.062670780000005,910,146,84.0,19084,0.0001,3.9430813789367676
76524,0.19224666666666657,521,35.03034227,911,146,84.0,19105,0.0001,7.514987945556641
76608,0.1913600000000003,522,35.517678280000005,912,146,84.0,19126,0.0001,0.3369128108024597
76692,0.19047333333333316,522,34.62647691,913,146,84.0,19147,0.0001,0.8566483855247498
76776,0.1895866666666669,523,34.86124917000001,914,146,84.0,19168,0.0001,0.369067907333374
76860,0.18869999999999987,524,34.64081333,915,146,84.0,19189,0.0001,0.5261430144309998
76944,0.1878133333333336,525,34.75449449999999,916,146,84.0,19210,0.0001,3.7577881813049316
77028,0.18692666666666646,526,35.48711657,917,146,84.0,19231,0.0001,0.9771560430526733
77112,0.1860400000000002,526,36.1731853,918,146,84.0,19252,0.0001,4.341761589050293
77196,0.18515333333333317,527,35.64107276,919,146,84.0,19273,0.0001,0.5688557028770447
77280,0.1842666666666669,528,36.18346302,920,146,84.0,19294,0.0001,0.5434015989303589
77364,0.18337999999999977,529,36.176960130000005,921,146,84.0,19315,0.0001,0.4189755916595459
77448,0.1824933333333335,530,36.28774695,922,146,84.0,19336,0.0001,0.5041105151176453
77532,0.18160666666666647,530,35.63896842,923,146,84.0,19357,0.0001,0.7106003761291504
77616,0.1807200000000002,531,35.553816139999995,924,146,84.0,19378,0.0001,0.8999892473220825
77700,0.17983333333333307,532,35.35426569,925,145,84.0,19399,0.0001,3.817476511001587
77784,0.1789466666666668,533,33.535760229999994,926,145,84.0,19420,0.0001,7.294707775115967
77868,0.17805999999999977,533,32.74079759999999,927,145,84.0,19441,0.0001,1.071807861328125
77952,0.17717333333333352,534,32.85208024999999,928,145,84.0,19462,0.0001,1.1890188455581665
78036,0.17628666666666637,535,32.900148419999994,929,145,84.0,19483,0.0001,0.5516243577003479
78120,0.1754000000000001,536,31.72420987,930,145,84.0,19504,0.0001,0.7195138335227966
78204,0.17451333333333308,536,30.639643039999992,931,145,84.0,19525,0.0001,0.5264751315116882
78288,0.17362666666666682,537,30.12943473,932,145,84.0,19546,0.0001,4.183954238891602
78372,0.17273999999999967,538,30.145031879999998,933,145,84.0,19567,0.0001,4.076932907104492
78456,0.1718533333333334,539,29.02146221,934,145,84.0,19588,0.0001,0.819063663482666
78540,0.17096666666666638,540,28.730075499999998,935,145,84.0,19609,0.0001,0.7748881578445435
78624,0.17008000000000012,540,27.997967690000007,936,145,84.0,19630,0.0001,3.9372568130493164
78708,0.16919333333333297,541,28.38389561,937,145,84.0,19651,0.0001,0.7861285209655762
78792,0.16830666666666672,542,29.25710507,938,145,84.0,19672,0.0001,7.589282512664795
78876,0.16742000000000057,543,30.768345670000002,939,145,84.0,19693,0.0001,0.8936817049980164
78960,0.16653333333333342,543,30.43714555,940,145,84.0,19714,0.0001,7.084532737731934
79044,0.16564666666666628,544,29.63082806,941,145,84.0,19735,0.0001,0.9975331425666809
79128,0.16476000000000002,545,28.972667700000002,942,145,84.0,19756,0.0001,0.42054903507232666
79212,0.16387333333333387,546,28.890520390000002,943,144,84.0,19777,0.0001,4.34645938873291
79296,0.16298666666666672,547,28.200688850000002,944,144,84.0,19798,0.0001,0.718514084815979
79380,0.16209999999999958,548,27.39279848,945,144,84.0,19819,0.0001,3.8753914833068848
79464,0.16121333333333332,548,27.341572279999994,946,144,84.0,19840,0.0001,0.5257948040962219
79548,0.16032666666666717,549,26.902946159999996,947,144,84.0,19861,0.0001,0.5754903554916382
79632,0.15944000000000003,550,26.931405879999996,948,144,84.0,19882,0.0001,3.9015064239501953
79716,0.15855333333333288,551,25.832636679999997,949,144,84.0,19903,0.0001,0.6136711835861206
79800,0.15766666666666662,552,25.446278089999996,950,144,84.0,19924,0.0001,1.0210716724395752
79884,0.15678000000000047,553,25.317467059999995,951,144,84.0,19945,0.0001,0.8201191425323486
79968,0.15589333333333333,553,23.179646320000003,952,144,84.0,19966,0.0001,0.929617166519165
80052,0.15500666666666718,554,24.2566273,953,144,84.0,19987,0.0001,0.7408707737922668
80136,0.15411999999999992,555,24.412612259999996,954,144,84.0,20008,0.0001,4.1370744705200195
80220,0.15323333333333378,556,22.805446320000005,955,144,84.0,20029,0.0001,0.732998788356781
80304,0.15234666666666663,557,22.23013985,956,144,84.0,20050,0.0001,1.0682005882263184
80388,0.15146000000000048,557,22.474379190000004,957,144,84.0,20071,0.0001,3.94092059135437
80472,0.15057333333333323,558,21.89780361,958,144,84.0,20092,0.0001,7.541573524475098
80556,0.14968666666666708,559,21.689930049999997,959,143,84.0,20113,0.0001,7.249944686889648
80640,0.14879999999999993,560,21.088887869999997,960,143,84.0,20134,0.0001,0.6641758680343628
80724,0.14791333333333379,561,21.89761285,961,143,84.0,20155,0.0001,0.7984232306480408
80808,0.14702666666666653,562,20.92078183,962,143,84.0,20176,0.0001,3.7051146030426025
80892,0.14614000000000038,562,19.277488119999997,963,143,84.0,20197,0.0001,0.6947082877159119
80976,0.14525333333333323,563,19.74106921,964,143,84.0,20218,0.0001,4.442980766296387
81060,0.1443666666666671,564,20.484069530000006,965,143,84.0,20239,0.0001,1.100307822227478
81144,0.14347999999999983,565,19.61419146,966,143,84.0,20260,0.0001,0.5501577854156494
81228,0.14259333333333368,565,18.389835079999997,967,143,84.0,20281,0.0001,7.204674243927002
81312,0.14170666666666654,566,18.614195539999997,968,143,84.0,20302,0.0001,0.706269383430481
81396,0.1408200000000004,567,18.18794932,969,143,84.0,20323,0.0001,0.678379237651825
81480,0.13993333333333313,568,17.563673759999997,970,143,84.0,20344,0.0001,1.0039198398590088
81564,0.13904666666666698,568,17.49600335,971,143,84.0,20365,0.0001,0.8693382143974304
81648,0.13815999999999984,569,16.61800289,972,143,84.0,20386,0.0001,0.6157040596008301
81732,0.1372733333333337,570,16.72649927,973,143,84.0,20407,0.0001,4.067201137542725
81816,0.13638666666666643,571,16.44595285,974,143,84.0,20428,0.0001,0.6311999559402466
81900,0.1355000000000003,572,14.28069618,975,143,84.0,20449,0.0001,0.9394429922103882
81984,0.13461333333333314,572,13.82414528,976,143,84.0,20470,0.0001,0.674309492111206
82068,0.133726666666667,573,14.06731593,977,143,84.0,20491,0.0001,4.314496994018555
82152,0.13283999999999974,574,13.764368869999998,978,143,84.0,20512,0.0001,3.8251049518585205
82236,0.1319533333333336,575,11.091206280000002,979,142,84.0,20533,0.0001,0.8172686696052551
82320,0.13106666666666644,576,10.50773849,980,142,84.0,20554,0.0001,0.7273787260055542
82404,0.1301800000000003,576,10.863812879999998,981,142,84.0,20575,0.0001,3.8373239040374756
82488,0.12929333333333304,577,11.168080610000002,982,142,84.0,20596,0.0001,4.424203395843506
82572,0.1284066666666669,578,10.55748197,983,142,84.0,20617,0.0001,0.9083687663078308
82656,0.12751999999999974,579,9.997213120000001,984,142,84.0,20638,0.0001,0.610482931137085
82740,0.1266333333333336,580,7.009755649999999,985,142,84.0,20659,0.0001,0.41393211483955383
82824,0.12574666666666634,580,7.500542439999999,986,142,84.0,20680,0.0001,0.7417199015617371
82908,0.12486000000000019,581,7.156184519999997,987,142,84.0,20701,0.0001,0.8525030016899109
82992,0.12397333333333305,582,7.47610793,988,142,84.0,20722,0.0001,0.4418565034866333
83076,0.1230866666666669,583,6.139835079999999,989,142,84.0,20743,0.0001,0.45012137293815613
83160,0.12219999999999964,584,4.92659427,990,142,84.0,20764,0.0001,0.9493100643157959
83244,0.1213133333333335,584,2.2080201999999995,991,142,84.0,20785,0.0001,1.1278575658798218
83328,0.12042666666666635,585,1.6713034800000008,992,142,84.0,20806,0.0001,0.8082464337348938
83412,0.1195400000000002,586,2.07996129,993,142,84.0,20827,0.0001,4.082258224487305
83496,0.11865333333333294,587,1.7486005799999997,994,142,84.0,20848,0.0001,0.6174284815788269
83580,0.1177666666666668,587,3.0584126899999995,995,142,84.0,20869,0.0001,0.9005118012428284
83664,0.11687999999999965,588,3.1585238700000002,996,142,84.0,20890,0.0001,0.5525552034378052
83748,0.1159933333333335,589,1.7993794499999995,997,142,84.0,20911,0.0001,3.8099942207336426
83832,0.11510666666666625,590,2.6942959200000005,998,142,84.0,20932,0.0001,0.9133036136627197
83916,0.1142200000000001,591,1.7985829899999999,999,141,84.0,20953,0.0001,7.374490737915039
84000,0.11333333333333295,591,1.7971528199999998,1000,141,84.0,20974,0.0001,3.991649866104126
84084,0.1124466666666668,592,2.7638616899999993,1001,141,84.0,20995,0.0001,3.993159532546997
84168,0.11155999999999955,593,1.9771240300000008,1002,141,84.0,21016,0.0001,0.5382404327392578
84252,0.1106733333333334,594,2.2386164700000006,1003,141,84.0,21037,0.0001,0.6625071167945862
84336,0.10978666666666737,595,-0.5939247199999994,1004,141,84.0,21058,0.0001,4.290301322937012
84420,0.10890000000000011,595,-0.2380494799999993,1005,141,84.0,21079,0.0001,3.741715431213379
84504,0.10801333333333296,596,-0.7197738499999998,1006,141,84.0,21100,0.0001,1.0730385780334473
84588,0.1071266666666667,597,-0.3293506900000003,1007,141,84.0,21121,0.0001,0.6045231819152832
84672,0.10624000000000067,598,-1.19768941,1008,141,84.0,21142,0.0001,0.4031852185726166
84756,0.10535333333333341,599,-0.2132923999999995,1009,141,84.0,21163,0.0001,4.281191825866699
84840,0.10446666666666626,599,1.5941417099999995,1010,141,84.0,21184,0.0001,0.6261748671531677
84924,0.10358,600,1.6820564899999995,1011,141,84.0,21205,0.0001,0.47439420223236084
85008,0.10269333333333397,601,1.3783094999999996,1012,141,84.0,21226,0.0001,4.260995388031006
85092,0.10180666666666671,602,2.5348532299999995,1013,141,84.0,21247,0.0001,0.6257234811782837
85176,0.10091999999999957,603,-0.19835321000000022,1014,141,84.0,21268,0.0001,0.9935152530670166
85260,0.10003333333333331,603,0.44289453999999945,1015,141,84.0,21289,0.0001,4.089706897735596
85344,0.09914666666666727,604,0.3793110699999989,1016,141,84.0,21310,0.0001,0.4062550663948059
85428,0.09826000000000001,605,-1.8968084500000009,1017,141,84.0,21331,0.0001,0.4397755265235901
85512,0.09737333333333287,606,-1.088600220000001,1018,141,84.0,21352,0.0001,0.4729859232902527
85596,0.09648666666666661,606,-0.9343653800000001,1019,141,84.0,21373,0.0001,0.5459879636764526
85680,0.09560000000000057,607,-1.9971465500000005,1020,140,84.0,21394,0.0001,0.7107338905334473
85764,0.09471333333333332,608,-3.329768610000001,1021,140,84.0,21415,0.0001,0.9406803250312805
85848,0.09382666666666717,609,-2.448241180000001,1022,140,84.0,21436,0.0001,4.050106048583984
85932,0.09293999999999991,610,-2.5881089299999998,1023,140,84.0,21457,0.0001,4.202673435211182
86016,0.09205333333333388,610,-3.574183529999999,1024,140,84.0,21478,0.0001,1.395247220993042
86100,0.09116666666666662,611,-5.51479629,1025,140,84.0,21499,0.0001,4.129383087158203
86184,0.09028000000000047,612,-3.89413553,1026,140,84.0,21520,0.0001,0.7138944864273071
86268,0.08939333333333321,613,-4.126586509999998,1027,140,84.0,21541,0.0001,0.743122935295105
86352,0.08850666666666718,613,-5.170060679999999,1028,140,84.0,21562,0.0001,0.5747513175010681
86436,0.08761999999999992,614,-6.50436956,1029,140,84.0,21583,0.0001,3.828807830810547
86520,0.08673333333333377,615,-4.760851019999999,1030,140,84.0,21604,0.0001,3.9869790077209473
86604,0.08584666666666652,616,-4.24441261,1031,140,84.0,21625,0.0001,1.163880467414856
86688,0.08496000000000048,617,-4.04763105,1032,140,84.0,21646,0.0001,0.8296873569488525
86772,0.08407333333333322,617,-4.556439370000001,1033,140,84.0,21667,0.0001,0.3199961483478546
86856,0.08318666666666708,618,-3.65324471,1034,140,84.0,21688,0.0001,7.505074501037598
86940,0.08229999999999982,619,-3.474626540000001,1035,140,84.0,21709,0.0001,3.858224391937256
87024,0.08141333333333378,620,-1.3880445399999999,1036,140,84.0,21730,0.0001,0.44526487588882446
87108,0.08052666666666652,621,-2.2438998999999997,1037,140,84.0,21751,0.0001,0.859151303768158
87192,0.07964000000000038,621,-3.3235168799999997,1038,140,84.0,21772,0.0001,0.689588189125061
87276,0.07875333333333312,622,-4.521288679999999,1039,140,84.0,21793,0.0001,3.9735617637634277
87360,0.07786666666666708,623,-4.926266279999999,1040,140,84.0,21814,0.0001,3.858450412750244
87444,0.07697999999999983,624,-5.364165409999999,1041,140,84.0,21835,0.0001,0.6932530403137207
87528,0.07609333333333368,624,-5.513231469999999,1042,140,84.0,21856,0.0001,0.8726452589035034
87612,0.07520666666666642,625,-6.62303953,1043,140,84.0,21877,0.0001,0.7193670272827148
87696,0.07432000000000039,626,-6.4437145099999995,1044,139,84.0,21898,0.0001,0.739333987236023
87780,0.07343333333333313,627,-5.845809999999999,1045,139,84.0,21919,0.0001,1.0168354511260986
87864,0.07254666666666698,628,-5.822001799999999,1046,139,84.0,21940,0.0001,3.8360674381256104
87948,0.07165999999999972,628,-5.130061760000001,1047,139,84.0,21961,0.0001,4.25356912612915
88032,0.07077333333333369,629,-5.915994199999999,1048,139,84.0,21982,0.0001,7.452476501464844
88116,0.06988666666666643,630,-4.868507559999999,1049,139,84.0,22003,0.0001,4.586867809295654
88200,0.06900000000000028,631,-4.50152391,1050,139,84.0,22024,0.0001,3.968351125717163
88284,0.06811333333333303,631,-4.21716681,1051,139,84.0,22045,0.0001,0.7181122899055481
88368,0.06722666666666699,632,-3.22597354,1052,139,84.0,22066,0.0001,14.077005386352539
88452,0.06633999999999973,633,-3.6078410100000013,1053,139,84.0,22087,0.0001,4.21460485458374
88536,0.06545333333333359,634,-3.7801699200000005,1054,139,84.0,22108,0.0001,0.7882306575775146
88620,0.06456666666666633,635,-4.14700383,1055,139,84.0,22129,0.0001,0.6755949258804321
88704,0.06368000000000029,635,-3.978774670000001,1056,139,84.0,22150,0.0001,4.175754070281982
88788,0.06279333333333303,636,-3.036971610000001,1057,139,84.0,22171,0.0001,7.296096324920654
88872,0.06190666666666689,637,-4.60166757,1058,139,84.0,22192,0.0001,0.5252758264541626
88956,0.06101999999999963,638,-4.661036770000001,1059,139,84.0,22213,0.0001,4.375187873840332
89040,0.060133333333333594,639,-5.742717910000001,1060,139,84.0,22234,0.0001,0.5133293867111206
89124,0.05924666666666634,639,-6.283440020000001,1061,139,84.0,22255,0.0001,0.47672271728515625
89208,0.05836000000000019,640,-8.41808435,1062,139,84.0,22276,0.0001,0.6484089493751526
89292,0.05747333333333293,641,-8.28880004,1063,139,84.0,22297,0.0001,4.168889045715332
89376,0.056586666666666896,642,-9.719352879999999,1064,139,84.0,22318,0.0001,0.587235689163208
89460,0.05569999999999964,642,-8.945243940000001,1065,139,84.0,22339,0.0001,0.573462188243866
89544,0.05481333333333349,643,-8.21293832,1066,139,84.0,22360,0.0001,0.8365477323532104
89628,0.053926666666666234,644,-6.648489129999997,1067,139,84.0,22381,0.0001,4.317157745361328
89712,0.0530400000000002,645,-5.847270289999996,1068,139,84.0,22402,0.0001,0.8649003505706787
89796,0.05215333333333294,646,-6.264881499999998,1069,138,84.0,22423,0.0001,0.45736199617385864
89880,0.051266666666666794,646,-6.435506969999998,1070,138,84.0,22444,0.0001,0.793436586856842
89964,0.050379999999999536,647,-10.412174559999999,1071,138,84.0,22465,0.0001,0.4281156659126282
90048,0.05,648,-11.679721809999998,1072,138,84.0,22486,0.0001,0.993488073348999
90132,0.05,649,-12.583287789999996,1073,138,84.0,22507,0.0001,0.5794800519943237
90216,0.05,650,-12.923727750000001,1074,138,84.0,22528,0.0001,0.6960706114768982
90300,0.05,650,-12.3577713,1075,138,84.0,22549,0.0001,3.795527935028076
90384,0.05,651,-13.120005929999998,1076,138,84.0,22570,0.0001,3.8149399757385254
90468,0.05,652,-13.01085789,1077,138,84.0,22591,0.0001,4.51966667175293
90552,0.05,653,-12.98707556,1078,138,84.0,22612,0.0001,0.543695867061615
90636,0.05,654,-11.83292758,1079,138,84.0,22633,0.0001,0.6908693313598633
90720,0.05,655,-11.408691169999997,1080,138,84.0,22654,0.0001,4.661135673522949
90804,0.05,656,-11.80136947,1081,138,84.0,22675,0.0001,3.843075752258301
90888,0.05,656,-14.828392809999999,1082,138,84.0,22696,0.0001,0.7019675374031067
90972,0.05,657,-16.71764086,1083,138,84.0,22717,0.0001,4.027678489685059
91056,0.05,658,-16.33503521,1084,138,84.0,22738,0.0001,4.13338041305542
91140,0.05,659,-14.30486656,1085,138,84.0,22759,0.0001,4.0414862632751465
91224,0.05,660,-14.08610545,1086,138,84.0,22780,0.0001,0.7424644827842712
91308,0.05,661,-13.23053092,1087,138,84.0,22801,0.0001,1.4351494312286377
91392,0.05,661,-12.74344977,1088,138,84.0,22822,0.0001,0.7376850843429565
91476,0.05,662,-11.22427724,1089,138,84.0,22843,0.0001,7.279046058654785
91560,0.05,663,-10.95875228,1090,138,84.0,22864,0.0001,7.280056953430176
91644,0.05,664,-7.714718780000001,1091,137,84.0,22885,0.0001,0.9008591771125793
91728,0.05,665,-8.23171964,1092,137,84.0,22906,0.0001,4.54248046875
91812,0.05,665,-6.95674847,1093,137,84.0,22927,0.0001,0.8416000008583069
91896,0.05,666,-6.0232453900000005,1094,137,84.0,22948,0.0001,0.8870092034339905
91980,0.05,667,-6.97905948,1095,137,84.0,22969,0.0001,4.308840751647949
92064,0.05,668,-7.769332660000001,1096,137,84.0,22990,0.0001,0.5698344707489014
92148,0.05,669,-7.495502470000003,1097,137,84.0,23011,0.0001,0.7835001945495605
92232,0.05,669,-7.854936210000003,1098,137,84.0,23032,0.0001,0.7941274642944336
92316,0.05,670,-8.256659690000003,1099,137,84.0,23053,0.0001,0.9237335920333862
92400,0.05,671,-8.521684330000001,1100,137,84.0,23074,0.0001,0.8303732872009277
92484,0.05,672,-7.902340830000003,1101,137,84.0,23095,0.0001,0.778209924697876
92568,0.05,673,-7.940654400000003,1102,137,84.0,23116,0.0001,4.258843421936035
92652,0.05,673,-9.627807110000003,1103,137,84.0,23137,0.0001,4.5920000076293945
92736,0.05,674,-6.733841030000001,1104,137,84.0,23158,0.0001,0.5266058444976807
92820,0.05,675,-6.473103160000002,1105,137,84.0,23179,0.0001,0.7329345941543579
92904,0.05,676,-6.608850940000002,1106,137,84.0,23200,0.0001,1.3309646844863892
92988,0.05,677,-7.025269120000001,1107,137,84.0,23221,0.0001,0.6306514143943787
93072,0.05,678,-6.87629365,1108,137,84.0,23242,0.0001,1.0339696407318115
93156,0.05,678,-5.92918986,1109,137,84.0,23263,0.0001,0.5997214913368225
93240,0.05,679,-7.13682353,1110,137,84.0,23284,0.0001,0.9681742191314697
93324,0.05,680,-5.598651200000002,1111,137,84.0,23305,0.0001,0.6021444797515869
93408,0.05,681,-6.96411926,1112,137,84.0,23326,0.0001,3.9424326419830322
93492,0.05,682,-7.4413839500000005,1113,137,84.0,23347,0.0001,0.49671605229377747
93576,0.05,683,-3.8290297200000003,1114,136,84.0,23368,0.0001,1.0731631517410278
93660,0.05,683,-4.732839879999999,1115,136,84.0,23389,0.0001,0.6540845632553101
93744,0.05,684,-4.927917419999999,1116,136,84.0,23410,0.0001,0.7303557395935059
93828,0.05,685,-1.2247651499999994,1117,136,84.0,23431,0.0001,0.7721368074417114
93912,0.05,686,-3.4864939500000003,1118,136,84.0,23452,0.0001,0.7957010269165039
93996,0.05,687,-3.81937253,1119,136,84.0,23473,0.0001,0.7666472792625427
94080,0.05,687,-4.271790299999999,1120,136,84.0,23494,0.0001,0.8639726638793945
94164,0.05,688,-4.927180679999999,1121,136,84.0,23515,0.0001,0.5698553323745728
94248,0.05,689,-8.599996229999999,1122,136,84.0,23536,0.0001,0.6448989510536194
94332,0.05,690,-8.89378774,1123,136,84.0,23557,0.0001,0.9933472275733948
94416,0.05,691,-9.1836905,1124,136,84.0,23578,0.0001,3.993051290512085
94500,0.05,692,-7.81414899,1125,136,84.0,23599,0.0001,0.7654465436935425
94584,0.05,692,-8.92876811,1126,136,84.0,23620,0.0001,0.5133496522903442
94668,0.05,693,-9.45494265,1127,136,84.0,23641,0.0001,0.6808956861495972
94752,0.05,694,-9.222986450000002,1128,136,84.0,23662,0.0001,1.4057447910308838
94836,0.05,695,-9.064519120000002,1129,136,84.0,23683,0.0001,14.325906753540039
94920,0.05,695,-11.10034233,1130,136,84.0,23704,0.0001,3.9935925006866455
95004,0.05,696,-11.381615179999999,1131,136,84.0,23725,0.0001,1.1285157203674316
95088,0.05,697,-13.94418971,1132,136,84.0,23746,0.0001,0.6851968169212341
95172,0.05,698,-14.684725440000001,1133,136,84.0,23767,0.0001,0.7981336116790771
95256,0.05,699,-15.296404810000002,1134,136,84.0,23788,0.0001,0.8716848492622375
95340,0.05,700,-15.825223840000003,1135,136,84.0,23809,0.0001,0.9983062744140625
95424,0.05,700,-16.876145110000003,1136,136,84.0,23830,0.0001,0.7826133966445923
95508,0.05,701,-16.081036040000004,1137,136,84.0,23851,0.0001,0.8053665161132812
95592,0.05,702,-17.362038430000002,1138,136,84.0,23872,0.0001,0.9900291562080383
95676,0.05,703,-16.87695137,1139,136,84.0,23893,0.0001,0.5658257603645325
95760,0.05,704,-17.06096015,1140,136,84.0,23914,0.0001,4.194592475891113
95844,0.05,704,-15.971089109999998,1141,135,84.0,23935,0.0001,0.6655886769294739
95928,0.05,705,-15.62540232,1142,135,84.0,23956,0.0001,0.7543551325798035
96012,0.05,706,-14.85726799,1143,135,84.0,23977,0.0001,0.8419278860092163
96096,0.05,707,-14.41213306,1144,135,84.0,23998,0.0001,0.7830142974853516
96180,0.05,708,-14.549341559999998,1145,135,84.0,24019,0.0001,0.38008275628089905
96264,0.05,709,-15.1261842,1146,135,84.0,24040,0.0001,0.6918585300445557
96348,0.05,709,-15.046132380000001,1147,135,84.0,24061,0.0001,1.0729676485061646
96432,0.05,710,-14.272771440000001,1148,135,84.0,24082,0.0001,0.8121598958969116
96516,0.05,711,-13.684295160000001,1149,135,84.0,24103,0.0001,4.117554187774658
96600,0.05,712,-13.65291465,1150,135,84.0,24124,0.0001,4.142495155334473
96684,0.05,713,-14.60305074,1151,135,84.0,24145,0.0001,0.7790263295173645
96768,0.05,714,-14.40537504,1152,135,84.0,24166,0.0001,4.303670406341553
96852,0.05,714,-14.828646039999999,1153,135,84.0,24187,0.0001,0.49486786127090454
96936,0.05,715,-15.639462570000001,1154,135,84.0,24208,0.0001,0.9290127754211426
97020,0.05,716,-13.896287469999999,1155,135,84.0,24229,0.0001,0.9101399779319763
97104,0.05,717,-13.89000933,1156,135,84.0,24250,0.0001,0.8767972588539124
97188,0.05,718,-14.53475323,1157,135,84.0,24271,0.0001,0.7755694389343262
97272,0.05,718,-12.551760060000001,1158,135,84.0,24292,0.0001,7.691154479980469
97356,0.05,719,-12.07118435,1159,135,84.0,24313,0.0001,0.5218741297721863
97440,0.05,720,-12.421928410000003,1160,135,84.0,24334,0.0001,1.0467350482940674
97524,0.05,721,-12.044090839999999,1161,135,84.0,24355,0.0001,0.8145908117294312
97608,0.05,721,-11.411529300000002,1162,135,84.0,24376,0.0001,0.8224707841873169
97692,0.05,722,-11.217066879999999,1163,135,84.0,24397,0.0001,4.5982866287231445
97776,0.05,723,-9.26493246,1164,135,84.0,24418,0.0001,0.6799584031105042
97860,0.05,724,-9.06959426,1165,135,84.0,24439,0.0001,4.199740886688232
97944,0.05,725,-7.743340840000001,1166,135,84.0,24460,0.0001,0.701306164264679
98028,0.05,726,-8.880224720000003,1167,134,84.0,24481,0.0001,4.023290157318115
98112,0.05,727,-8.723474470000001,1168,134,84.0,24502,0.0001,0.902803897857666
98196,0.05,727,-8.820589009999999,1169,134,84.0,24523,0.0001,0.8086435198783875
98280,0.05,728,-7.9827701699999984,1170,134,84.0,24544,0.0001,7.88379430770874
98364,0.05,729,-3.1821889299999997,1171,134,84.0,24565,0.0001,0.5810478329658508
98448,0.05,730,-1.9280449000000006,1172,134,84.0,24586,0.0001,4.455178737640381
98532,0.05,731,-1.2964154399999996,1173,134,84.0,24607,0.0001,0.5713725090026855
98616,0.05,732,-1.095461000000001,1174,134,84.0,24628,0.0001,4.947281360626221
98700,0.05,732,0.033651729999999415,1175,134,84.0,24649,0.0001,0.6430438160896301
98784,0.05,733,0.11283754999999906,1176,134,84.0,24670,0.0001,0.6723517179489136
98868,0.05,734,-0.7693657800000014,1177,134,84.0,24691,0.0001,0.5414937734603882
98952,0.05,735,-1.6225418100000015,1178,134,84.0,24712,0.0001,3.862110137939453
99036,0.05,736,-0.6090135900000005,1179,134,84.0,24733,0.0001,4.00933837890625
99120,0.05,736,-1.8766675700000024,1180,134,84.0,24754,0.0001,0.7797392010688782
99204,0.05,737,-2.9820627700000024,1181,134,84.0,24775,0.0001,4.033743381500244
99288,0.05,738,-1.3232531800000005,1182,134,84.0,24796,0.0001,0.7785516977310181
99372,0.05,739,0.8245412000000008,1183,134,84.0,24817,0.0001,0.6025760769844055
99456,0.05,740,0.3242041200000002,1184,134,84.0,24838,0.0001,7.729612350463867
99540,0.05,740,0.20945801999999972,1185,134,84.0,24859,0.0001,0.720165491104126
99624,0.05,741,0.3084534599999991,1186,134,84.0,24880,0.0001,0.5810233354568481
99708,0.05,742,-0.6821687800000005,1187,134,84.0,24901,0.0001,3.8344950675964355
99792,0.05,742,-0.4903395199999997,1188,134,84.0,24922,0.0001,4.156246662139893
99876,0.05,743,-1.98446772,1189,134,84.0,24943,0.0001,4.375872611999512
99960,0.05,744,-2.48773544,1190,134,84.0,24964,0.0001,0.7650948762893677
100044,0.05,745,-3.7609105699999996,1191,134,84.0,24985,0.0001,0.9222738742828369
100128,0.05,746,-3.45450478,1192,134,84.0,25006,0.0001,1.0186562538146973
100212,0.05,747,-4.117781019999999,1193,134,84.0,25027,0.0001,0.8497512936592102
100296,0.05,747,-5.29194981,1194,134,84.0,25048,0.0001,4.336713790893555
100380,0.05,748,-6.080903789999999,1195,134,84.0,25069,0.0001,0.8598861694335938
100464,0.05,749,-5.55277758,1196,134,84.0,25090,0.0001,0.90071040391922
100548,0.05,750,-5.494858119999999,1197,133,84.0,25111,0.0001,1.2315175533294678
100632,0.05,751,-6.060773800000001,1198,133,84.0,25132,0.0001,0.6349908113479614
100716,0.05,752,-4.924660250000001,1199,133,84.0,25153,0.0001,0.9597907066345215
100800,0.05,752,-3.9607534800000006,1200,133,84.0,25174,0.0001,4.857119083404541
100884,0.05,753,-3.935070530000001,1201,133,84.0,25195,0.0001,0.581694483757019
100968,0.05,754,-4.778547150000001,1202,133,84.0,25216,0.0001,0.89251309633255
101052,0.05,755,-7.3080630300000005,1203,133,84.0,25237,0.0001,1.3778306245803833
101136,0.05,755,-6.99099498,1204,133,84.0,25258,0.0001,1.2372808456420898
101220,0.05,756,-7.1567294000000015,1205,133,84.0,25279,0.0001,0.8291668891906738
101304,0.05,757,-6.360263000000001,1206,133,84.0,25300,0.0001,4.011003494262695
101388,0.05,758,-7.706830800000001,1207,133,84.0,25321,0.0001,4.8454155921936035
101472,0.05,758,-7.394691720000001,1208,133,84.0,25342,0.0001,1.3102861642837524
101556,0.05,759,-8.40177004,1209,133,84.0,25363,0.0001,7.364964008331299
101640,0.05,760,-8.16075606,1210,133,84.0,25384,0.0001,1.034070372581482
101724,0.05,761,-8.93017375,1211,133,84.0,25405,0.0001,0.7345539331436157
101808,0.05,761,-8.912176480000001,1212,133,84.0,25426,0.0001,4.4385666847229
101892,0.05,762,-8.52451263,1213,133,84.0,25447,0.0001,1.265519618988037
101976,0.05,763,-9.445337870000001,1214,133,84.0,25468,0.0001,0.7341856956481934
102060,0.05,764,-8.94872702,1215,133,84.0,25489,0.0001,0.7071148157119751
102144,0.05,765,-8.95093337,1216,133,84.0,25510,0.0001,0.868908703327179
102228,0.05,766,-10.129009739999999,1217,133,84.0,25531,0.0001,4.457416534423828
102312,0.05,766,-8.65159831,1218,133,84.0,25552,0.0001,0.5571582317352295
102396,0.05,767,-12.10028006,1219,133,84.0,25573,0.0001,1.134325385093689
102480,0.05,768,-15.648057679999999,1220,133,84.0,25594,0.0001,0.5876590609550476
102564,0.05,769,-14.893132960000003,1221,133,84.0,25615,0.0001,0.7190306186676025
102648,0.05,770,-12.564606780000002,1222,133,84.0,25636,0.0001,0.6561070084571838
102732,0.05,770,-13.322645999999999,1223,133,84.0,25657,0.0001,1.0513970851898193
102816,0.05,771,-12.780849610000002,1224,133,84.0,25678,0.0001,3.9484994411468506
102900,0.05,772,-12.521186349999999,1225,133,84.0,25699,0.0001,4.915940284729004
102984,0.05,773,-13.474233040000001,1226,133,84.0,25720,0.0001,4.124502658843994
103068,0.05,774,-13.09094494,1227,133,84.0,25741,0.0001,0.7201237082481384
103152,0.05,774,-13.41733886,1228,133,84.0,25762,0.0001,4.1722092628479
103236,0.05,775,-13.043639129999999,1229,133,84.0,25783,0.0001,0.4183790981769562
103320,0.05,776,-12.90938163,1230,133,84.0,25804,0.0001,0.7995045185089111
103404,0.05,777,-12.256471020000001,1231,133,84.0,25825,0.0001,0.7381646633148193
103488,0.05,778,-9.564026059999998,1232,132,84.0,25846,0.0001,3.9802801609039307
103572,0.05,778,-8.698178119999998,1233,132,84.0,25867,0.0001,0.6920199394226074
103656,0.05,779,-8.50620305,1234,132,84.0,25888,0.0001,1.1779240369796753
103740,0.05,780,-8.02408788,1235,132,84.0,25909,0.0001,0.9079627990722656
103824,0.05,781,-7.372289709999999,1236,132,84.0,25930,0.0001,1.0283188819885254
103908,0.05,782,-7.933993829999999,1237,132,84.0,25951,0.0001,0.6901178359985352
103992,0.05,783,-6.15825072,1238,132,84.0,25972,0.0001,1.128471851348877
104076,0.05,783,-6.054793139999998,1239,132,84.0,25993,0.0001,4.183224201202393
104160,0.05,784,-5.999330529999998,1240,132,84.0,26014,0.0001,0.8129897117614746
104244,0.05,785,-6.662703239999998,1241,132,84.0,26035,0.0001,4.369858741760254
104328,0.05,786,-7.194128659999998,1242,132,84.0,26056,0.0001,0.7279440760612488
104412,0.05,786,-8.141392549999999,1243,132,84.0,26077,0.0001,0.8682385683059692
104496,0.05,787,-8.185471439999999,1244,132,84.0,26098,0.0001,0.8183997273445129
104580,0.05,788,-7.450311479999998,1245,132,84.0,26119,0.0001,1.7879676818847656
104664,0.05,789,-6.898580129999999,1246,132,84.0,26140,0.0001,1.1167027950286865
104748,0.05,790,-7.559962789999999,1247,132,84.0,26161,0.0001,0.716536283493042
104832,0.05,790,-8.07255805,1248,132,84.0,26182,0.0001,4.269479751586914
104916,0.05,791,-9.674867309999996,1249,132,84.0,26203,0.0001,7.812203407287598
105000,0.05,792,-9.827801739999998,1250,132,84.0,26224,0.0001,4.408005714416504
105084,0.05,793,-10.174800019999998,1251,132,84.0,26245,0.0001,4.025752544403076
105168,0.05,794,-10.444213989999996,1252,132,84.0,26266,0.0001,0.8067556619644165
105252,0.05,795,-10.026220489999996,1253,132,84.0,26287,0.0001,0.9115400910377502
105336,0.05,795,-9.246263629999998,1254,132,84.0,26308,0.0001,3.964350700378418
105420,0.05,796,-9.024285929999998,1255,132,84.0,26329,0.0001,4.3292765617370605
105504,0.05,797,-9.63055981,1256,132,84.0,26350,0.0001,0.6697520017623901
105588,0.05,797,-11.59250419,1257,132,84.0,26371,0.0001,1.1267461776733398
105672,0.05,798,-12.147275829999998,1258,132,84.0,26392,0.0001,0.688147783279419
105756,0.05,799,-12.256785769999999,1259,132,84.0,26413,0.0001,4.2476019859313965
105840,0.05,800,-11.826392389999999,1260,132,84.0,26434,0.0001,4.630850315093994
105924,0.05,800,-11.759709969999996,1261,132,84.0,26455,0.0001,0.7308265566825867
106008,0.05,801,-11.038689969999998,1262,132,84.0,26476,0.0001,0.6284969449043274
106092,0.05,802,-10.321385900000001,1263,132,84.0,26497,0.0001,0.8311070203781128
106176,0.05,803,-10.186759190000002,1264,132,84.0,26518,0.0001,0.7834899425506592
106260,0.05,803,-10.864553179999998,1265,132,84.0,26539,0.0001,4.235519886016846
106344,0.05,804,-12.872398910000001,1266,132,84.0,26560,0.0001,0.7238627076148987
106428,0.05,805,-12.25269283,1267,132,84.0,26581,0.0001,1.8292464017868042
106512,0.05,806,-11.801819950000002,1268,132,84.0,26602,0.0001,1.0125389099121094
106596,0.05,807,-11.76043966,1269,132,84.0,26623,0.0001,4.82469367980957
106680,0.05,807,-12.535450530000002,1270,132,84.0,26644,0.0001,1.7484984397888184
106764,0.05,808,-14.0647254,1271,132,84.0,26665,0.0001,0.7572805285453796
106848,0.05,809,-13.87371053,1272,132,84.0,26686,0.0001,0.7282024621963501
106932,0.05,810,-14.325509360000002,1273,131,84.0,26707,0.0001,0.8513333797454834
107016,0.05,811,-14.972100339999997,1274,131,84.0,26728,0.0001,1.146531581878662
107100,0.05,811,-16.14564235,1275,131,84.0,26749,0.0001,1.2902414798736572
107184,0.05,812,-17.50079489,1276,131,84.0,26770,0.0001,1.0992798805236816
107268,0.05,813,-16.662100979999998,1277,131,84.0,26791,0.0001,0.7456580400466919
107352,0.05,814,-17.26109751,1278,131,84.0,26812,0.0001,0.682531476020813
107436,0.05,814,-17.61020791,1279,131,84.0,26833,0.0001,7.491415977478027
107520,0.05,815,-17.41157153,1280,131,84.0,26854,0.0001,4.139214515686035
107604,0.05,816,-15.89461774,1281,131,84.0,26875,0.0001,0.9515441656112671
107688,0.05,817,-15.358616719999997,1282,131,84.0,26896,0.0001,0.740471363067627
107772,0.05,818,-17.2713052,1283,131,84.0,26917,0.0001,0.5863796472549438
107856,0.05,818,-18.35554653999999,1284,131,84.0,26938,0.0001,0.7459927797317505
107940,0.05,819,-18.228410409999995,1285,131,84.0,26959,0.0001,4.677123069763184
108024,0.05,820,-18.262489959999996,1286,131,84.0,26980,0.0001,0.5556981563568115
108108,0.05,821,-17.683784090000003,1287,131,84.0,27001,0.0001,1.8380718231201172
108192,0.05,822,-20.43102615,1288,131,84.0,27022,0.0001,0.954253077507019
108276,0.05,822,-18.98920677,1289,131,84.0,27043,0.0001,4.621518135070801
108360,0.05,823,-19.217130530000002,1290,131,84.0,27064,0.0001,0.8756389617919922
108444,0.05,824,-19.75534975,1291,131,84.0,27085,0.0001,4.668085098266602
108528,0.05,825,-19.72959769,1292,131,84.0,27106,0.0001,4.487981796264648
108612,0.05,826,-19.277062890000003,1293,131,84.0,27127,0.0001,4.273848056793213
108696,0.05,826,-19.64224413,1294,131,84.0,27148,0.0001,8.466578483581543
108780,0.05,827,-18.19581445,1295,131,84.0,27169,0.0001,0.6625427007675171
108864,0.05,828,-18.332716680000004,1296,131,84.0,27190,0.0001,0.7472308874130249
108948,0.05,829,-19.549720980000004,1297,131,84.0,27211,0.0001,0.5981907844543457
109032,0.05,829,-19.142920920000005,1298,131,84.0,27232,0.0001,0.840693473815918
109116,0.05,830,-19.241196280000004,1299,131,84.0,27253,0.0001,1.2333751916885376
109200,0.05,831,-19.686354700000006,1300,131,84.0,27274,0.0001,0.8056190609931946
109284,0.05,832,-19.490003560000005,1301,131,84.0,27295,0.0001,0.462564080953598
109368,0.05,833,-18.514924080000004,1302,131,84.0,27316,0.0001,0.5853286981582642
109452,0.05,833,-16.112762830000005,1303,131,84.0,27337,0.0001,5.4156599044799805
109536,0.05,834,-15.711432730000002,1304,131,84.0,27358,0.0001,0.7653195858001709
109620,0.05,835,-15.893701170000002,1305,131,84.0,27379,0.0001,0.5382763147354126
109704,0.05,836,-16.393515030000003,1306,131,84.0,27400,0.0001,4.102783679962158
109788,0.05,836,-17.021406380000002,1307,131,84.0,27421,0.0001,4.563696384429932
109872,0.05,837,-16.62454838,1308,131,84.0,27442,0.0001,0.6242213249206543
109956,0.05,838,-16.716378140000003,1309,131,84.0,27463,0.0001,7.872635841369629
110040,0.05,839,-16.352981970000002,1310,131,84.0,27484,0.0001,0.7470283508300781
110124,0.05,839,-16.824439050000002,1311,131,84.0,27505,0.0001,1.1492244005203247
110208,0.05,840,-16.005529600000003,1312,131,84.0,27526,0.0001,1.1950316429138184
110292,0.05,841,-15.551909660000002,1313,131,84.0,27547,0.0001,0.7700321674346924
110376,0.05,842,-15.363770420000003,1314,131,84.0,27568,0.0001,1.2461601495742798
110460,0.05,842,-15.526854740000003,1315,131,84.0,27589,0.0001,1.1509697437286377
110544,0.05,843,-14.919775510000001,1316,131,84.0,27610,0.0001,0.8182178139686584
110628,0.05,844,-14.54705854,1317,130,84.0,27631,0.0001,1.4801852703094482
110712,0.05,845,-14.385523340000002,1318,130,84.0,27652,0.0001,1.2715749740600586
110796,0.05,846,-10.40130439,1319,130,84.0,27673,0.0001,0.9614282250404358
110880,0.05,846,-7.140105439999997,1320,130,84.0,27694,0.0001,0.5787563323974609
110964,0.05,847,-6.453786739999997,1321,130,84.0,27715,0.0001,3.9444611072540283
111048,0.05,848,-9.16235744,1322,130,84.0,27736,0.0001,4.94337272644043
111132,0.05,849,-9.09333923,1323,130,84.0,27757,0.0001,4.235951900482178
111216,0.05,850,-8.829162039999998,1324,130,84.0,27778,0.0001,0.7663308382034302
111300,0.05,850,-8.91046329,1325,130,84.0,27799,0.0001,0.9430509805679321
111384,0.05,851,-8.088720989999999,1326,130,84.0,27820,0.0001,1.1112384796142578
111468,0.05,852,-8.880373659999998,1327,130,84.0,27841,0.0001,4.375827789306641
111552,0.05,853,-9.16044722,1328,130,84.0,27862,0.0001,4.7434234619140625
111636,0.05,853,-9.49378767,1329,130,84.0,27883,0.0001,4.327645778656006
111720,0.05,854,-9.33219139,1330,130,84.0,27904,0.0001,1.0021284818649292
111804,0.05,855,-9.70253521,1331,130,84.0,27925,0.0001,4.731637477874756
111888,0.05,856,-12.08073655,1332,130,84.0,27946,0.0001,1.2341578006744385
111972,0.05,857,-16.90804155,1333,130,84.0,27967,0.0001,0.6777253746986389
112056,0.05,857,-21.519054850000003,1334,130,84.0,27988,0.0001,1.4521241188049316
112140,0.05,858,-23.29055208,1335,130,84.0,28009,0.0001,1.2790151834487915
112224,0.05,859,-26.65524016,1336,130,84.0,28030,0.0001,0.7486987709999084
112308,0.05,860,-26.22102602,1337,130,84.0,28051,0.0001,1.5331358909606934
112392,0.05,860,-26.05195965,1338,130,84.0,28072,0.0001,0.7863583564758301
112476,0.05,861,-26.761164479999998,1339,130,84.0,28093,0.0001,4.355384349822998
112560,0.05,862,-26.639777399999993,1340,130,84.0,28114,0.0001,0.996088981628418
112644,0.05,863,-27.251047109999995,1341,130,84.0,28135,0.0001,4.485407829284668
112728,0.05,863,-26.497650659999998,1342,130,84.0,28156,0.0001,1.2155221700668335
112812,0.05,864,-26.414793979999995,1343,130,84.0,28177,0.0001,7.845426082611084
112896,0.05,865,-27.215639560000003,1344,130,84.0,28198,0.0001,1.1621206998825073
112980,0.05,866,-28.78391807,1345,130,84.0,28219,0.0001,1.140173077583313
113064,0.05,866,-28.04480277,1346,130,84.0,28240,0.0001,0.7668619751930237
113148,0.05,867,-29.152232780000006,1347,130,84.0,28261,0.0001,1.427176594734192
113232,0.05,868,-28.92938091,1348,130,84.0,28282,0.0001,0.7815017104148865
113316,0.05,869,-29.46880132,1349,130,84.0,28303,0.0001,5.069331645965576
113400,0.05,870,-28.54850677,1350,130,84.0,28324,0.0001,0.6779063940048218
113484,0.05,870,-28.2439538,1351,130,84.0,28345,0.0001,0.8678553104400635
113568,0.05,871,-28.072544579999995,1352,130,84.0,28366,0.0001,3.9722094535827637
113652,0.05,872,-28.864744919999993,1353,130,84.0,28387,0.0001,0.872105598449707
113736,0.05,873,-29.635134049999998,1354,130,84.0,28408,0.0001,1.2420175075531006
113820,0.05,874,-30.41987541,1355,130,84.0,28429,0.0001,8.157722473144531
113904,0.05,874,-29.81137764,1356,130,84.0,28450,0.0001,0.778191864490509
113988,0.05,875,-28.439101859999997,1357,130,84.0,28471,0.0001,8.48893928527832
114072,0.05,876,-27.791407600000003,1358,130,84.0,28492,0.0001,0.6566654443740845
114156,0.05,877,-27.846159370000006,1359,130,84.0,28513,0.0001,0.6213059425354004
114240,0.05,877,-27.147943040000005,1360,130,84.0,28534,0.0001,4.721728324890137
114324,0.05,878,-27.29309484,1361,130,84.0,28555,0.0001,4.05961275100708
114408,0.05,879,-25.772501849999998,1362,130,84.0,28576,0.0001,1.2437890768051147
114492,0.05,880,-26.634258000000003,1363,130,84.0,28597,0.0001,0.9672275185585022
114576,0.05,881,-27.025125080000002,1364,130,84.0,28618,0.0001,4.805815696716309
114660,0.05,881,-27.8448036,1365,130,84.0,28639,0.0001,4.626202583312988
114744,0.05,882,-27.16945678,1366,130,84.0,28660,0.0001,1.103256106376648
114828,0.05,883,-29.289759680000003,1367,130,84.0,28681,0.0001,1.2730066776275635
114912,0.05,884,-30.93680142,1368,129,84.0,28702,0.0001,0.5387052297592163
114996,0.05,884,-32.74312405,1369,129,84.0,28723,0.0001,0.3152666687965393
115080,0.05,885,-32.67436045,1370,129,84.0,28744,0.0001,0.5252403020858765
115164,0.05,886,-32.41050665,1371,129,84.0,28765,0.0001,0.6876813173294067
115248,0.05,887,-32.68390972,1372,129,84.0,28786,0.0001,0.7104953527450562
115332,0.05,888,-32.781254839999995,1373,129,84.0,28807,0.0001,1.033681869506836
115416,0.05,888,-33.13532212,1374,129,84.0,28828,0.0001,0.9169473052024841
115500,0.05,889,-33.19619552,1375,129,84.0,28849,0.0001,0.6220964193344116
115584,0.05,890,-31.872358670000004,1376,129,84.0,28870,0.0001,1.3406221866607666
115668,0.05,891,-31.670898070000003,1377,129,84.0,28891,0.0001,0.6993398666381836
115752,0.05,891,-30.243756050000002,1378,129,84.0,28912,0.0001,1.0127906799316406
115836,0.05,892,-30.165325430000003,1379,129,84.0,28933,0.0001,0.7626368403434753
115920,0.05,893,-30.85901702,1380,129,84.0,28954,0.0001,0.8195355534553528
116004,0.05,894,-30.995984200000002,1381,129,84.0,28975,0.0001,0.812631368637085
116088,0.05,894,-31.964446110000004,1382,129,84.0,28996,0.0001,8.242836952209473
116172,0.05,895,-30.417923639999998,1383,129,84.0,29017,0.0001,4.492753505706787
116256,0.05,896,-28.58244393,1384,129,84.0,29038,0.0001,0.9526492357254028
116340,0.05,897,-28.229158729999998,1385,129,84.0,29059,0.0001,0.8541501760482788
116424,0.05,897,-29.88000322,1386,129,84.0,29080,0.0001,1.1448111534118652
116508,0.05,898,-31.240604199999996,1387,129,84.0,29101,0.0001,1.1443440914154053
116592,0.05,899,-29.088919500000003,1388,129,84.0,29122,0.0001,1.4512228965759277
116676,0.05,900,-30.52195555,1389,129,84.0,29143,0.0001,0.673785924911499
116760,0.05,900,-29.825067230000005,1390,129,84.0,29164,0.0001,0.7059801816940308
116844,0.05,901,-29.22662867,1391,129,84.0,29185,0.0001,0.4347788095474243
116928,0.05,902,-30.283444760000002,1392,129,84.0,29206,0.0001,0.5780501961708069
117012,0.05,903,-31.71120242,1393,129,84.0,29227,0.0001,0.9446209073066711
117096,0.05,903,-31.291761500000003,1394,129,84.0,29248,0.0001,0.8119596242904663
117180,0.05,904,-33.1252955,1395,129,84.0,29269,0.0001,1.4118775129318237
117264,0.05,905,-34.1239779,1396,129,84.0,29290,0.0001,0.9980003833770752
117348,0.05,906,-34.19941036,1397,129,84.0,29311,0.0001,4.282191276550293
117432,0.05,907,-33.6080576,1398,129,84.0,29332,0.0001,0.5844392776489258
117516,0.05,907,-35.037803679999996,1399,129,84.0,29353,0.0001,0.6057204008102417
117600,0.05,908,-35.784940490000004,1400,129,84.0,29374,0.0001,4.1671528816223145
117684,0.05,909,-36.284115250000006,1401,129,84.0,29395,0.0001,0.7088179588317871
117768,0.05,910,-36.778877810000004,1402,129,84.0,29416,0.0001,11.439737319946289
117852,0.05,911,-36.75562093,1403,129,84.0,29437,0.0001,4.528119087219238
117936,0.05,911,-39.270030090000006,1404,129,84.0,29458,0.0001,1.8923875093460083
118020,0.05,912,-39.275380940000005,1405,129,84.0,29479,0.0001,0.8594360947608948
118104,0.05,913,-40.77695284000001,1406,129,84.0,29500,0.0001,4.341245651245117
118188,0.05,914,-39.40191193000001,1407,129,84.0,29521,0.0001,0.826174795627594
118272,0.05,914,-43.24719797000001,1408,129,84.0,29542,0.0001,4.292074203491211
118356,0.05,915,-43.38488326000001,1409,129,84.0,29563,0.0001,1.355959415435791
118440,0.05,916,-44.66116015000001,1410,129,84.0,29584,0.0001,8.351325988769531
118524,0.05,917,-43.92441843,1411,129,84.0,29605,0.0001,1.0394620895385742
118608,0.05,918,-43.17490826000001,1412,129,84.0,29626,0.0001,4.3604254722595215
118692,0.05,918,-44.059556789999995,1413,129,84.0,29647,0.0001,0.7814817428588867
118776,0.05,919,-44.26315244000001,1414,129,84.0,29668,0.0001,4.015445232391357
118860,0.05,920,-44.44583167,1415,129,84.0,29689,0.0001,4.765499591827393
118944,0.05,921,-47.927947169999996,1416,129,84.0,29710,0.0001,1.1086289882659912
119028,0.05,921,-47.867107399999995,1417,129,84.0,29731,0.0001,4.139347076416016
119112,0.05,922,-49.01146951,1418,129,84.0,29752,0.0001,1.2065436840057373
119196,0.05,923,-49.345747700000004,1419,129,84.0,29773,0.0001,4.867510795593262
119280,0.05,924,-48.21149205,1420,129,84.0,29794,0.0001,4.549949645996094
119364,0.05,925,-48.8018272,1421,129,84.0,29815,0.0001,8.34187126159668
119448,0.05,925,-47.04406537,1422,129,84.0,29836,0.0001,1.0136722326278687
119532,0.05,926,-46.378421919999994,1423,129,84.0,29857,0.0001,0.643471360206604
119616,0.05,927,-46.614888109999995,1424,128,84.0,29878,0.0001,0.9422656893730164
119700,0.05,928,-46.71994522999999,1425,128,84.0,29899,0.0001,0.7669119834899902
119784,0.05,929,-46.27198209,1426,128,84.0,29920,0.0001,4.939579486846924
119868,0.05,929,-45.97581868,1427,128,84.0,29941,0.0001,0.5513944625854492
119952,0.05,930,-45.081502530000016,1428,128,84.0,29962,0.0001,0.8816612958908081
120036,0.05,931,-44.69578356000002,1429,128,84.0,29983,0.0001,1.3774213790893555
120120,0.05,932,-44.546802230000004,1430,128,84.0,30004,0.0001,1.5833067893981934
120204,0.05,932,-46.60828364000001,1431,128,84.0,30025,0.0001,0.7838503122329712
120288,0.05,933,-44.1067357,1432,128,84.0,30046,0.0001,0.8370258212089539
120372,0.05,934,-40.01500568,1433,128,84.0,30067,0.0001,1.1433324813842773
120456,0.05,935,-35.82497836,1434,128,84.0,30088,0.0001,4.315485000610352
120540,0.05,935,-34.65088156,1435,128,84.0,30109,0.0001,1.4083566665649414
120624,0.05,936,-33.10128776999999,1436,128,84.0,30130,0.0001,0.8176050186157227
120708,0.05,937,-33.30518512,1437,128,84.0,30151,0.0001,1.258184790611267
120792,0.05,938,-37.0723895,1438,128,84.0,30172,0.0001,1.4056684970855713
120876,0.05,939,-36.60372978,1439,128,84.0,30193,0.0001,0.7838667631149292
120960,0.05,939,-37.19292916,1440,128,84.0,30214,0.0001,1.3428740501403809
121044,0.05,940,-36.64606084,1441,128,84.0,30235,0.0001,1.1907321214675903
121128,0.05,941,-36.09701766,1442,128,84.0,30256,0.0001,0.9817873239517212
121212,0.05,942,-35.554212449999994,1443,128,84.0,30277,0.0001,1.1387194395065308
121296,0.05,942,-37.027351949999996,1444,128,84.0,30298,0.0001,0.7906466126441956
121380,0.05,943,-36.77718745000001,1445,128,84.0,30319,0.0001,0.9968945980072021
121464,0.05,944,-37.57287592000001,1446,128,84.0,30340,0.0001,0.7020688056945801
121548,0.05,944,-36.50337727000001,1447,128,84.0,30361,0.0001,4.396257400512695
121632,0.05,945,-37.31262375,1448,128,84.0,30382,0.0001,7.710064888000488
121716,0.05,946,-36.75333959,1449,128,84.0,30403,0.0001,15.448747634887695
121800,0.05,947,-38.04290745,1450,128,84.0,30424,0.0001,0.8747437000274658
121884,0.05,947,-38.29320659,1451,128,84.0,30445,0.0001,0.7922418117523193
121968,0.05,948,-37.88641462,1452,128,84.0,30466,0.0001,4.8833184242248535
122052,0.05,949,-38.295389189999995,1453,128,84.0,30487,0.0001,5.0322346687316895
122136,0.05,950,-36.891588289999994,1454,128,84.0,30508,0.0001,1.186945915222168
122220,0.05,950,-36.02489144,1455,128,84.0,30529,0.0001,1.0025241374969482
122304,0.05,951,-36.4421937,1456,128,84.0,30550,0.0001,0.9710413217544556
122388,0.05,952,-36.19481209,1457,128,84.0,30571,0.0001,4.866890907287598
122472,0.05,953,-36.70620777,1458,128,84.0,30592,0.0001,1.2931931018829346
122556,0.05,954,-38.1684057,1459,128,84.0,30613,0.0001,4.316269874572754
122640,0.05,955,-39.52244737,1460,128,84.0,30634,0.0001,4.694819927215576
122724,0.05,955,-38.76736959,1461,128,84.0,30655,0.0001,4.785799503326416
122808,0.05,956,-39.95597981,1462,128,84.0,30676,0.0001,1.1511272192001343
122892,0.05,957,-39.71826938,1463,128,84.0,30697,0.0001,1.2090575695037842
122976,0.05,958,-39.42036493,1464,128,84.0,30718,0.0001,0.7834211587905884
123060,0.05,958,-38.7663283,1465,128,84.0,30739,0.0001,0.9669560194015503
123144,0.05,959,-42.48297412,1466,128,84.0,30760,0.0001,0.57433021068573
123228,0.05,960,-40.946170699999996,1467,128,84.0,30781,0.0001,0.8901795744895935
123312,0.05,961,-43.57436448999999,1468,128,84.0,30802,0.0001,0.6402651071548462
123396,0.05,962,-40.8248767,1469,128,84.0,30823,0.0001,4.407861232757568
123480,0.05,962,-41.59095660999999,1470,128,84.0,30844,0.0001,5.069892883300781
123564,0.05,963,-40.611350249999994,1471,128,84.0,30865,0.0001,0.7677096128463745
123648,0.05,964,-40.84901119,1472,128,84.0,30886,0.0001,8.452616691589355
123732,0.05,965,-40.20527024000001,1473,128,84.0,30907,0.0001,0.8101091980934143
123816,0.05,965,-40.52465831000001,1474,128,84.0,30928,0.0001,0.8188995122909546
123900,0.05,966,-40.30214367000001,1475,128,84.0,30949,0.0001,0.8894639015197754
123984,0.05,967,-40.36928356000001,1476,128,84.0,30970,0.0001,4.397794246673584
124068,0.05,968,-40.69763151,1477,128,84.0,30991,0.0001,0.8860677480697632
124152,0.05,969,-41.90151083,1478,128,84.0,31012,0.0001,0.8740557432174683
124236,0.05,969,-42.09525984,1479,128,84.0,31033,0.0001,4.826008319854736
124320,0.05,970,-40.94281151,1480,128,84.0,31054,0.0001,1.0957839488983154
124404,0.05,971,-41.29912182,1481,128,84.0,31075,0.0001,0.8036887049674988
124488,0.05,972,-41.31115978,1482,128,84.0,31096,0.0001,1.56600022315979
124572,0.05,972,-45.52803772,1483,128,84.0,31117,0.0001,8.381460189819336
124656,0.05,973,-47.089180420000005,1484,128,84.0,31138,0.0001,0.7821760177612305
124740,0.05,974,-47.86870899,1485,128,84.0,31159,0.0001,1.1940160989761353
124824,0.05,975,-46.99224244,1486,127,84.0,31180,0.0001,4.253543376922607
124908,0.05,975,-46.60685121,1487,127,84.0,31201,0.0001,0.6677398085594177
124992,0.05,976,-46.36872189,1488,127,84.0,31222,0.0001,8.930872917175293
125076,0.05,977,-45.53835291999999,1489,127,84.0,31243,0.0001,1.0187249183654785
125160,0.05,978,-50.08825084999999,1490,127,84.0,31264,0.0001,0.796377420425415
125244,0.05,979,-51.40763027999999,1491,127,84.0,31285,0.0001,0.7760438919067383
125328,0.05,979,-50.78252326,1492,127,84.0,31306,0.0001,0.8476314544677734
125412,0.05,980,-50.956626560000004,1493,127,84.0,31327,0.0001,0.8230724334716797
125496,0.05,981,-50.622997919999996,1494,127,84.0,31348,0.0001,4.331724166870117
125580,0.05,982,-49.26063245999999,1495,127,84.0,31369,0.0001,4.105301856994629
125664,0.05,983,-48.26574642,1496,127,84.0,31390,0.0001,0.6902445554733276
125748,0.05,983,-50.18147230999999,1497,127,84.0,31411,0.0001,4.640447616577148
125832,0.05,984,-50.52769667,1498,127,84.0,31432,0.0001,4.755913734436035
125916,0.05,985,-49.28675376,1499,127,84.0,31453,0.0001,4.504199028015137
126000,0.05,986,-49.098191820000004,1500,127,84.0,31474,0.0001,5.575687885284424
126084,0.05,987,-51.20514786,1501,127,84.0,31495,0.0001,1.0014104843139648
126168,0.05,987,-50.956855530000006,1502,127,84.0,31516,0.0001,4.256360054016113
126252,0.05,988,-51.04926828999999,1503,127,84.0,31537,0.0001,0.6756895780563354
126336,0.05,989,-49.92032385999999,1504,127,84.0,31558,0.0001,4.692356109619141
126420,0.05,990,-51.996501679999994,1505,127,84.0,31579,0.0001,4.3876848220825195
126504,0.05,990,-51.08890470999999,1506,127,84.0,31600,0.0001,4.764837265014648
126588,0.05,991,-50.83551080999999,1507,127,84.0,31621,0.0001,4.736118793487549
126672,0.05,992,-49.481857829999996,1508,127,84.0,31642,0.0001,1.2797456979751587
126756,0.05,993,-49.989334570000004,1509,127,84.0,31663,0.0001,1.6203045845031738
126840,0.05,993,-49.53111860999999,1510,127,84.0,31684,0.0001,0.8996192216873169
126924,0.05,994,-50.731537939999996,1511,127,84.0,31705,0.0001,0.6228029727935791
127008,0.05,995,-51.94468269,1512,127,84.0,31726,0.0001,4.162552356719971
127092,0.05,996,-52.96049333,1513,127,84.0,31747,0.0001,1.1325984001159668
127176,0.05,996,-52.43418885999999,1514,127,84.0,31768,0.0001,1.0213912725448608
127260,0.05,997,-52.34969226000001,1515,127,84.0,31789,0.0001,0.8228813409805298
127344,0.05,998,-50.5900801,1516,127,84.0,31810,0.0001,4.624321937561035
127428,0.05,999,-50.67810660000001,1517,127,84.0,31831,0.0001,1.0215829610824585
127512,0.05,999,-48.908594740000005,1518,127,84.0,31852,0.0001,4.562288761138916
127596,0.05,1000,-48.537366240000004,1519,127,84.0,31873,0.0001,1.4560580253601074
127680,0.05,1001,-48.78240545999999,1520,127,84.0,31894,0.0001,4.508929252624512
127764,0.05,1002,-47.90159915999999,1521,127,84.0,31915,0.0001,4.626891136169434
127848,0.05,1003,-48.251330870000004,1522,127,84.0,31936,0.0001,0.6736999750137329
127932,0.05,1003,-49.76597226,1523,127,84.0,31957,0.0001,0.6853212118148804
128016,0.05,1004,-50.37578131,1524,127,84.0,31978,0.0001,4.823574066162109
128100,0.05,1005,-50.32914636,1525,127,84.0,31999,0.0001,1.5504871606826782
128184,0.05,1006,-52.454900079999994,1526,127,84.0,32020,0.0001,1.280299186706543
128268,0.05,1006,-51.65835836,1527,127,84.0,32041,0.0001,1.0230202674865723
128352,0.05,1007,-54.74234757999999,1528,127,84.0,32062,0.0001,4.613668441772461
128436,0.05,1008,-54.84514128999999,1529,127,84.0,32083,0.0001,0.9373243451118469
128520,0.05,1009,-55.01646302999998,1530,127,84.0,32104,0.0001,1.1125565767288208
128604,0.05,1010,-53.40638685999999,1531,127,84.0,32125,0.0001,0.7573294639587402
128688,0.05,1010,-53.61829252,1532,127,84.0,32146,0.0001,4.688727378845215
128772,0.05,1011,-54.17017708,1533,127,84.0,32167,0.0001,1.2085201740264893
128856,0.05,1012,-53.70239398,1534,127,84.0,32188,0.0001,0.7885041832923889
128940,0.05,1013,-53.96667993,1535,127,84.0,32209,0.0001,5.319922924041748
129024,0.05,1013,-53.596278209999994,1536,127,84.0,32230,0.0001,4.324246406555176
129108,0.05,1014,-54.32474891,1537,127,84.0,32251,0.0001,0.8618124723434448
129192,0.05,1015,-50.98493415,1538,127,84.0,32272,0.0001,1.0584418773651123
129276,0.05,1016,-51.897599930000005,1539,127,84.0,32293,0.0001,0.6966120004653931
129360,0.05,1017,-51.20333212999999,1540,127,84.0,32314,0.0001,1.0428935289382935
129444,0.05,1017,-51.42322328,1541,127,84.0,32335,0.0001,4.684703350067139
129528,0.05,1018,-52.47240802999999,1542,127,84.0,32356,0.0001,1.0710231065750122
129612,0.05,1019,-52.14349973999999,1543,127,84.0,32377,0.0001,0.3572492301464081
129696,0.05,1020,-50.747730119999986,1544,127,84.0,32398,0.0001,1.0799614191055298
129780,0.05,1021,-51.127400309999985,1545,127,84.0,32419,0.0001,0.6775478720664978
129864,0.05,1022,-50.584965809999986,1546,127,84.0,32440,0.0001,1.3539812564849854
129948,0.05,1022,-50.44764957999999,1547,127,84.0,32461,0.0001,8.187821388244629
130032,0.05,1023,-49.546778649999986,1548,127,84.0,32482,0.0001,1.2664844989776611
130116,0.05,1024,-49.30199022999998,1549,127,84.0,32503,0.0001,1.0356634855270386
130200,0.05,1025,-48.39768813,1550,127,84.0,32524,0.0001,4.9643635749816895
130284,0.05,1025,-48.60646403,1551,127,84.0,32545,0.0001,1.5468571186065674
130368,0.05,1026,-49.32703350999999,1552,127,84.0,32566,0.0001,9.300962448120117
130452,0.05,1027,-50.45104668000001,1553,126,84.0,32587,0.0001,1.1056241989135742
130536,0.05,1027,-51.812676659999994,1554,126,84.0,32608,0.0001,4.496644973754883
130620,0.05,1028,-52.016562920000005,1555,126,84.0,32629,0.0001,0.9233283996582031
130704,0.05,1029,-52.32204634,1556,126,84.0,32650,0.0001,1.2483290433883667
130788,0.05,1030,-53.57410334,1557,126,84.0,32671,0.0001,0.8587163686752319
130872,0.05,1030,-53.59292642,1558,126,84.0,32692,0.0001,4.716819763183594
130956,0.05,1031,-53.583618969999996,1559,126,84.0,32713,0.0001,0.6980990171432495
131040,0.05,1032,-52.576736530000005,1560,126,84.0,32734,0.0001,1.143833875656128
131124,0.05,1033,-54.56570313000001,1561,126,84.0,32755,0.0001,1.0336613655090332
131208,0.05,1034,-53.72400666000001,1562,126,84.0,32776,0.0001,4.336738109588623
131292,0.05,1034,-54.23176551,1563,126,84.0,32797,0.0001,0.9780867099761963
131376,0.05,1035,-54.808699960000006,1564,126,84.0,32818,0.0001,9.062952041625977
131460,0.05,1036,-55.6540693,1565,126,84.0,32839,0.0001,1.2789329290390015
131544,0.05,1037,-52.35643753999999,1566,126,84.0,32860,0.0001,0.8926665782928467
131628,0.05,1037,-53.289577389999984,1567,126,84.0,32881,0.0001,4.664168357849121
131712,0.05,1038,-50.21866738,1568,126,84.0,32902,0.0001,5.063582897186279
131796,0.05,1039,-51.37689718000001,1569,126,84.0,32923,0.0001,5.671224117279053
131880,0.05,1040,-51.07620336,1570,126,84.0,32944,0.0001,1.0151578187942505
131964,0.05,1040,-52.47490192,1571,126,84.0,32965,0.0001,0.7316993474960327
132048,0.05,1041,-54.04795236,1572,126,84.0,32986,0.0001,4.785104751586914
132132,0.05,1042,-55.61624775,1573,126,84.0,33007,0.0001,4.511262893676758
132216,0.05,1043,-54.724098860000005,1574,126,84.0,33028,0.0001,0.6719492077827454
132300,0.05,1043,-55.121037290000004,1575,126,84.0,33049,0.0001,0.6820982098579407
132384,0.05,1044,-54.56962767,1576,126,84.0,33070,0.0001,7.755739688873291
132468,0.05,1045,-55.60895459,1577,126,84.0,33091,0.0001,2.3657827377319336
132552,0.05,1046,-54.844884089999994,1578,126,84.0,33112,0.0001,0.7140119671821594
132636,0.05,1046,-54.65853214999999,1579,126,84.0,33133,0.0001,4.40382719039917
132720,0.05,1047,-55.64464256999999,1580,126,84.0,33154,0.0001,1.456421136856079
132804,0.05,1048,-56.11680782999999,1581,126,84.0,33175,0.0001,0.5167876482009888
132888,0.05,1049,-56.01021191999999,1582,126,84.0,33196,0.0001,0.8611207604408264
132972,0.05,1049,-53.19490261,1583,126,84.0,33217,0.0001,1.1721088886260986
133056,0.05,1050,-53.42734196000001,1584,126,84.0,33238,0.0001,0.715058445930481
133140,0.05,1051,-53.10500299,1585,126,84.0,33259,0.0001,0.9738127589225769
133224,0.05,1052,-53.501487530000006,1586,126,84.0,33280,0.0001,0.9016081094741821
133308,0.05,1052,-53.02039849,1587,126,84.0,33301,0.0001,1.020939826965332
133392,0.05,1053,-53.918496780000005,1588,126,84.0,33322,0.0001,1.6234843730926514
133476,0.05,1054,-53.85243983,1589,126,84.0,33343,0.0001,1.0057162046432495
133560,0.05,1055,-50.23244528,1590,126,84.0,33364,0.0001,1.064540147781372
133644,0.05,1056,-48.740363259999995,1591,126,84.0,33385,0.0001,4.503688812255859
133728,0.05,1056,-49.702407140000005,1592,126,84.0,33406,0.0001,4.37877893447876
133812,0.05,1057,-48.79797103,1593,126,84.0,33427,0.0001,0.9428060054779053
133896,0.05,1058,-49.08475593,1594,126,84.0,33448,0.0001,0.812271773815155
133980,0.05,1059,-50.38287579000001,1595,126,84.0,33469,0.0001,4.66061544418335
134064,0.05,1059,-51.34941127,1596,126,84.0,33490,0.0001,0.9163311719894409
134148,0.05,1060,-48.31888258000001,1597,126,84.0,33511,0.0001,0.7233377695083618
134232,0.05,1061,-48.43471708000001,1598,126,84.0,33532,0.0001,1.3085438013076782
134316,0.05,1062,-47.924722130000006,1599,126,84.0,33553,0.0001,0.7590234279632568
134400,0.05,1063,-49.63733769,1600,126,84.0,33574,0.0001,1.0161628723144531
134484,0.05,1063,-47.27599166,1601,126,84.0,33595,0.0001,0.9375520944595337
134568,0.05,1064,-47.66638991,1602,126,84.0,33616,0.0001,0.9804939031600952
134652,0.05,1065,-47.614808570000015,1603,126,84.0,33637,0.0001,1.4580224752426147
134736,0.05,1066,-48.755916909999996,1604,126,84.0,33658,0.0001,0.5023558139801025
134820,0.05,1067,-47.85200298999999,1605,126,84.0,33679,0.0001,4.344486713409424
134904,0.05,1067,-47.55188130999999,1606,126,84.0,33700,0.0001,0.8741732835769653
134988,0.05,1068,-47.77380966999999,1607,126,84.0,33721,0.0001,0.7697694301605225
135072,0.05,1069,-46.56631172999999,1608,126,84.0,33742,0.0001,4.721026420593262
135156,0.05,1070,-46.807045069999994,1609,126,84.0,33763,0.0001,4.897402763366699
135240,0.05,1070,-49.855965789999985,1610,126,84.0,33784,0.0001,1.4893436431884766
135324,0.05,1071,-49.79185221999998,1611,126,84.0,33805,0.0001,5.2023491859436035
135408,0.05,1072,-49.81116518999999,1612,126,84.0,33826,0.0001,0.8102397918701172
135492,0.05,1073,-52.1858217,1613,126,84.0,33847,0.0001,1.2145720720291138
135576,0.05,1073,-52.332444320000015,1614,126,84.0,33868,0.0001,8.056142807006836
135660,0.05,1074,-52.383067220000015,1615,126,84.0,33889,0.0001,1.0862454175949097
135744,0.05,1075,-51.532000950000004,1616,126,84.0,33910,0.0001,4.8087897300720215
135828,0.05,1076,-53.03038867000001,1617,126,84.0,33931,0.0001,0.7254679799079895
135912,0.05,1077,-55.55563279000001,1618,126,84.0,33952,0.0001,0.8484718799591064
135996,0.05,1078,-55.90794471,1619,126,84.0,33973,0.0001,4.088204383850098
136080,0.05,1078,-55.906181579999995,1620,126,84.0,33994,0.0001,4.68214225769043
136164,0.05,1079,-57.01335523999999,1621,126,84.0,34015,0.0001,0.9016191959381104
136248,0.05,1080,-55.73750279,1622,126,84.0,34036,0.0001,1.5802687406539917
136332,0.05,1081,-57.003396300000006,1623,126,84.0,34057,0.0001,4.700768947601318
136416,0.05,1081,-58.25573157000001,1624,126,84.0,34078,0.0001,9.309457778930664
136500,0.05,1082,-58.706130590000015,1625,126,84.0,34099,0.0001,0.5548439025878906
136584,0.05,1083,-57.363190120000006,1626,126,84.0,34120,0.0001,8.753945350646973
136668,0.05,1084,-59.05231187000001,1627,126,84.0,34141,0.0001,12.012815475463867
136752,0.05,1085,-58.61622837,1628,126,84.0,34162,0.0001,4.805367469787598
136836,0.05,1085,-60.91095905000001,1629,126,84.0,34183,0.0001,1.2007371187210083
136920,0.05,1086,-59.886817060000006,1630,126,84.0,34204,0.0001,1.2051140069961548
137004,0.05,1087,-59.85326322,1631,125,84.0,34225,0.0001,0.8089221715927124
137088,0.05,1088,-59.51752675999999,1632,125,84.0,34246,0.0001,0.8898692727088928
137172,0.05,1088,-59.23771056,1633,125,84.0,34267,0.0001,1.0025261640548706
137256,0.05,1089,-60.937689989999996,1634,125,84.0,34288,0.0001,4.368484973907471
137340,0.05,1090,-61.24079141,1635,125,84.0,34309,0.0001,4.806929111480713
137424,0.05,1091,-60.92805441999999,1636,125,84.0,34330,0.0001,1.1583516597747803
137508,0.05,1092,-60.4403666,1637,125,84.0,34351,0.0001,0.5253580808639526
137592,0.05,1092,-63.560937200000005,1638,125,84.0,34372,0.0001,1.0800861120224
137676,0.05,1093,-63.09388693000001,1639,125,84.0,34393,0.0001,4.93131160736084
137760,0.05,1094,-64.51292454,1640,125,84.0,34414,0.0001,0.8342193365097046
137844,0.05,1095,-64.53640712,1641,125,84.0,34435,0.0001,5.022085666656494
137928,0.05,1095,-66.71694595,1642,125,84.0,34456,0.0001,8.563404083251953
138012,0.05,1096,-67.10439042000002,1643,125,84.0,34477,0.0001,0.6411083340644836
138096,0.05,1097,-67.02522448999999,1644,125,84.0,34498,0.0001,4.826486110687256
138180,0.05,1098,-66.24029575,1645,125,84.0,34519,0.0001,1.0003160238265991
138264,0.05,1099,-68.55780098,1646,125,84.0,34540,0.0001,0.8737012147903442
138348,0.05,1099,-71.84309032000002,1647,125,84.0,34561,0.0001,0.7264652848243713
138432,0.05,1100,-71.75129562000001,1648,125,84.0,34582,0.0001,1.1343960762023926
138516,0.05,1101,-71.33628626000001,1649,125,84.0,34603,0.0001,0.9876360893249512
138600,0.05,1102,-71.71414867,1650,125,84.0,34624,0.0001,0.8153571486473083
138684,0.05,1103,-71.81508667999998,1651,125,84.0,34645,0.0001,0.7547158598899841
138768,0.05,1103,-71.63771080000001,1652,125,84.0,34666,0.0001,1.00869882106781
138852,0.05,1104,-70.31584675,1653,125,84.0,34687,0.0001,0.8964646458625793
138936,0.05,1105,-69.13089433,1654,125,84.0,34708,0.0001,8.455562591552734
139020,0.05,1106,-68.87973666,1655,125,84.0,34729,0.0001,0.7351762056350708
139104,0.05,1107,-70.3729983,1656,125,84.0,34750,0.0001,4.984918594360352
139188,0.05,1107,-69.44482689,1657,125,84.0,34771,0.0001,4.638466835021973
139272,0.05,1108,-69.04252619,1658,125,84.0,34792,0.0001,0.7956560254096985
139356,0.05,1109,-68.47939671,1659,125,84.0,34813,0.0001,1.1277339458465576
139440,0.05,1110,-68.0629764,1660,125,84.0,34834,0.0001,1.7719218730926514
139524,0.05,1110,-67.55831692,1661,125,84.0,34855,0.0001,0.5281589031219482
139608,0.05,1111,-68.50185917,1662,125,84.0,34876,0.0001,1.1091352701187134
139692,0.05,1112,-70.96575677,1663,125,84.0,34897,0.0001,9.101827621459961
139776,0.05,1113,-70.97330651000001,1664,125,84.0,34918,0.0001,1.2742655277252197
139860,0.05,1113,-70.58452401,1665,125,84.0,34939,0.0001,4.221354961395264
139944,0.05,1114,-70.94456627000001,1666,125,84.0,34960,0.0001,1.0366544723510742
140028,0.05,1115,-70.34531811999999,1667,125,84.0,34981,0.0001,4.841019630432129
140112,0.05,1116,-70.83847845,1668,125,84.0,35002,0.0001,0.8822084665298462
140196,0.05,1116,-71.42581996999999,1669,125,84.0,35023,0.0001,0.9445990920066833
140280,0.05,1117,-71.20868147,1670,125,84.0,35044,0.0001,1.1520733833312988
140364,0.05,1118,-71.60824853999999,1671,125,84.0,35065,0.0001,8.467747688293457
140448,0.05,1119,-71.02512875999999,1672,125,84.0,35086,0.0001,1.3597519397735596
140532,0.05,1120,-69.85095462,1673,125,84.0,35107,0.0001,1.00349760055542
140616,0.05,1120,-70.54968611,1674,125,84.0,35128,0.0001,4.4301981925964355
140700,0.05,1121,-70.60728850000001,1675,125,84.0,35149,0.0001,1.664358139038086
140784,0.05,1122,-71.69835916000001,1676,125,84.0,35170,0.0001,1.525434970855713
140868,0.05,1123,-71.22874603000001,1677,125,84.0,35191,0.0001,1.3520753383636475
140952,0.05,1124,-71.85950861,1678,125,84.0,35212,0.0001,1.6814411878585815
141036,0.05,1124,-73.2459832,1679,125,84.0,35233,0.0001,4.454665184020996
141120,0.05,1125,-73.1813236,1680,125,84.0,35254,0.0001,5.544611930847168
141204,0.05,1126,-73.12257613,1681,125,84.0,35275,0.0001,1.1351735591888428
141288,0.05,1127,-73.99443425,1682,125,84.0,35296,0.0001,1.204749345779419
141372,0.05,1128,-74.21124563000001,1683,125,84.0,35317,0.0001,0.7030738592147827
141456,0.05,1128,-72.44696678,1684,125,84.0,35338,0.0001,4.50735330581665
141540,0.05,1129,-73.94245981,1685,125,84.0,35359,0.0001,0.9490440487861633
141624,0.05,1130,-75.41344835,1686,125,84.0,35380,0.0001,1.2929940223693848
141708,0.05,1131,-75.47279521,1687,125,84.0,35401,0.0001,0.533043622970581
141792,0.05,1132,-74.93674464,1688,125,84.0,35422,0.0001,0.6474907994270325
141876,0.05,1132,-75.53687683999999,1689,125,84.0,35443,0.0001,4.673584938049316
141960,0.05,1133,-74.87132423,1690,125,84.0,35464,0.0001,5.164529323577881
142044,0.05,1134,-75.25371104000001,1691,125,84.0,35485,0.0001,1.1419709920883179
142128,0.05,1135,-75.19042949000001,1692,125,84.0,35506,0.0001,1.3673994541168213
142212,0.05,1136,-76.84093698,1693,125,84.0,35527,0.0001,0.7987973690032959
142296,0.05,1136,-77.1790476,1694,125,84.0,35548,0.0001,1.048080563545227
142380,0.05,1137,-76.80538891,1695,125,84.0,35569,0.0001,16.079925537109375
142464,0.05,1138,-77.98737057,1696,125,84.0,35590,0.0001,4.708266258239746
142548,0.05,1139,-78.47674091,1697,125,84.0,35611,0.0001,4.576904773712158
142632,0.05,1139,-80.14156357,1698,125,84.0,35632,0.0001,9.054851531982422
142716,0.05,1140,-79.54235875,1699,125,84.0,35653,0.0001,0.8395716547966003
142800,0.05,1141,-78.17034805000003,1700,125,84.0,35674,0.0001,5.512234687805176
142884,0.05,1142,-78.78821066000002,1701,125,84.0,35695,0.0001,0.9566218852996826
142968,0.05,1143,-80.26619402000001,1702,125,84.0,35716,0.0001,1.0789843797683716
143052,0.05,1143,-79.87550515000001,1703,125,84.0,35737,0.0001,0.9548222422599792
143136,0.05,1144,-78.37921191000001,1704,125,84.0,35758,0.0001,4.241925239562988
143220,0.05,1145,-77.66757820000001,1705,125,84.0,35779,0.0001,0.964828372001648
143304,0.05,1146,-78.31966678,1706,125,84.0,35800,0.0001,0.9023853540420532
143388,0.05,1147,-80.40688223000001,1707,124,84.0,35821,0.0001,1.1721826791763306
143472,0.05,1147,-80.74626317,1708,124,84.0,35842,0.0001,1.3289752006530762
143556,0.05,1148,-81.50544073,1709,124,84.0,35863,0.0001,0.9501200914382935
143640,0.05,1149,-77.91864637,1710,124,84.0,35884,0.0001,4.771756649017334
143724,0.05,1150,-78.31340562999999,1711,124,84.0,35905,0.0001,1.179119348526001
143808,0.05,1150,-77.91736947,1712,124,84.0,35926,0.0001,0.9338177442550659
143892,0.05,1151,-77.78028964,1713,124,84.0,35947,0.0001,1.9437543153762817
143976,0.05,1152,-79.61936464,1714,124,84.0,35968,0.0001,1.2259947061538696
144060,0.05,1153,-79.70697676,1715,124,84.0,35989,0.0001,1.6787397861480713
144144,0.05,1154,-81.51602971,1716,124,84.0,36010,0.0001,0.9520844221115112
144228,0.05,1154,-80.58641289999998,1717,124,84.0,36031,0.0001,1.0608384609222412
144312,0.05,1155,-79.27649388999998,1718,124,84.0,36052,0.0001,0.8989567160606384
144396,0.05,1156,-79.61214088999998,1719,124,84.0,36073,0.0001,1.094208836555481
144480,0.05,1157,-79.69802352999999,1720,124,84.0,36094,0.0001,1.772489309310913
144564,0.05,1157,-83.52022664999998,1721,124,84.0,36115,0.0001,1.0219616889953613
144648,0.05,1158,-84.21416107,1722,124,84.0,36136,0.0001,0.9800018072128296
144732,0.05,1159,-82.07214615,1723,124,84.0,36157,0.0001,1.3761094808578491
144816,0.05,1160,-81.55071695000001,1724,124,84.0,36178,0.0001,1.0957581996917725
144900,0.05,1160,-84.07945657,1725,124,84.0,36199,0.0001,0.8499804735183716
144984,0.05,1161,-83.5621903,1726,124,84.0,36220,0.0001,1.2170753479003906
145068,0.05,1162,-83.37947765000001,1727,124,84.0,36241,0.0001,8.25881576538086
145152,0.05,1163,-81.62520411999999,1728,124,84.0,36262,0.0001,1.4703686237335205
145236,0.05,1164,-79.59177984000002,1729,124,84.0,36283,0.0001,0.9409870505332947
145320,0.05,1164,-80.63669675,1730,124,84.0,36304,0.0001,0.9236717820167542
145404,0.05,1165,-80.96856208999999,1731,124,84.0,36325,0.0001,0.7461163401603699
145488,0.05,1166,-81.76987489,1732,124,84.0,36346,0.0001,1.1116455793380737
145572,0.05,1167,-81.90913718,1733,124,84.0,36367,0.0001,5.00893497467041
145656,0.05,1167,-82.72621127999999,1734,124,84.0,36388,0.0001,4.37992000579834
145740,0.05,1168,-82.50167175,1735,124,84.0,36409,0.0001,0.9848685264587402
145824,0.05,1169,-81.81960676,1736,124,84.0,36430,0.0001,4.673519611358643
145908,0.05,1170,-81.05085811,1737,124,84.0,36451,0.0001,1.3821700811386108
145992,0.05,1170,-78.01577653,1738,124,84.0,36472,0.0001,0.9078249931335449
146076,0.05,1171,-77.17483680000001,1739,124,84.0,36493,0.0001,0.9010634422302246
146160,0.05,1172,-75.73429711,1740,124,84.0,36514,0.0001,1.01161789894104
146244,0.05,1173,-78.36842079000002,1741,124,84.0,36535,0.0001,1.401845932006836
146328,0.05,1174,-77.45699944,1742,124,84.0,36556,0.0001,0.9466050267219543
146412,0.05,1174,-77.63382568,1743,124,84.0,36577,0.0001,4.824851989746094
146496,0.05,1175,-80.26503837,1744,124,84.0,36598,0.0001,1.0623581409454346
146580,0.05,1176,-80.41943794,1745,124,84.0,36619,0.0001,4.518159866333008
146664,0.05,1177,-78.64613915,1746,124,84.0,36640,0.0001,0.9843140840530396
146748,0.05,1177,-78.91489263,1747,124,84.0,36661,0.0001,4.950614929199219
146832,0.05,1178,-80.89286498999999,1748,124,84.0,36682,0.0001,1.2170991897583008
146916,0.05,1179,-83.92078981,1749,124,84.0,36703,0.0001,0.9410459995269775
147000,0.05,1180,-84.50809337999999,1750,124,84.0,36724,0.0001,4.8328046798706055
147084,0.05,1181,-86.88158695,1751,124,84.0,36745,0.0001,4.614784240722656
147168,0.05,1181,-88.40435845,1752,124,84.0,36766,0.0001,1.6688811779022217
147252,0.05,1182,-88.73901520000001,1753,124,84.0,36787,0.0001,4.834787845611572
147336,0.05,1183,-91.24610892000001,1754,124,84.0,36808,0.0001,1.3125989437103271
147420,0.05,1184,-91.91552434,1755,124,84.0,36829,0.0001,0.860196053981781
147504,0.05,1185,-90.21887138000002,1756,124,84.0,36850,0.0001,1.549833059310913
147588,0.05,1185,-90.34826289,1757,124,84.0,36871,0.0001,4.704516410827637
147672,0.05,1186,-91.47655012,1758,124,84.0,36892,0.0001,0.4857904613018036
147756,0.05,1187,-91.91064901999998,1759,124,84.0,36913,0.0001,1.0385985374450684
147840,0.05,1187,-92.16871048999998,1760,124,84.0,36934,0.0001,0.7814143896102905
147924,0.05,1188,-91.64173920999998,1761,124,84.0,36955,0.0001,4.803007125854492
148008,0.05,1189,-91.04310831,1762,124,84.0,36976,0.0001,1.0125473737716675
148092,0.05,1190,-87.89220322,1763,124,84.0,36997,0.0001,1.1175460815429688
148176,0.05,1191,-88.42670416000001,1764,124,84.0,37018,0.0001,1.0602388381958008
148260,0.05,1192,-88.36371530000001,1765,124,84.0,37039,0.0001,1.5858347415924072
148344,0.05,1192,-88.81044046,1766,124,84.0,37060,0.0001,0.8115870952606201
148428,0.05,1193,-89.71449686999999,1767,124,84.0,37081,0.0001,0.8965100049972534
148512,0.05,1194,-90.990523,1768,124,84.0,37102,0.0001,1.469588279724121
148596,0.05,1195,-90.18916749,1769,124,84.0,37123,0.0001,1.4710009098052979
148680,0.05,1195,-91.07279753,1770,124,84.0,37144,0.0001,4.637574195861816
148764,0.05,1196,-92.21574091000001,1771,124,84.0,37165,0.0001,5.158374786376953
148848,0.05,1197,-92.22280398000002,1772,124,84.0,37186,0.0001,1.0912660360336304
148932,0.05,1198,-93.32314839000003,1773,124,84.0,37207,0.0001,0.6122190952301025
149016,0.05,1198,-92.70125062000002,1774,124,84.0,37228,0.0001,8.34792709350586
149100,0.05,1199,-95.76680040000002,1775,124,84.0,37249,0.0001,4.797712326049805
149184,0.05,1200,-95.27854283000002,1776,124,84.0,37270,0.0001,4.751798629760742
149268,0.05,1201,-97.06516267,1777,124,84.0,37291,0.0001,1.123538613319397
149352,0.05,1201,-98.95317137,1778,124,84.0,37312,0.0001,4.746847629547119
149436,0.05,1202,-98.18173217000003,1779,124,84.0,37333,0.0001,1.4958457946777344
149520,0.05,1203,-99.06799093,1780,124,84.0,37354,0.0001,0.957435131072998
149604,0.05,1203,-99.23964662999998,1781,124,84.0,37375,0.0001,0.8455265760421753
149688,0.05,1204,-99.76182403999998,1782,124,84.0,37396,0.0001,1.1745712757110596
149772,0.05,1205,-98.2707899,1783,124,84.0,37417,0.0001,4.467397689819336
149856,0.05,1206,-98.76152828999999,1784,124,84.0,37438,0.0001,5.0869364738464355
149940,0.05,1207,-97.04590764000001,1785,124,84.0,37459,0.0001,1.2241238355636597
150024,0.05,1207,-96.14912723000003,1786,124,84.0,37480,0.0001,5.41307258605957
150108,0.05,1208,-96.04817095000004,1787,124,84.0,37501,0.0001,4.531051158905029
150192,0.05,1209,-96.12105283000002,1788,124,84.0,37522,0.0001,4.887107849121094
150276,0.05,1210,-95.63654463,1789,124,84.0,37543,0.0001,1.5377631187438965
150360,0.05,1210,-96.94380254999999,1790,124,84.0,37564,0.0001,2.082414150238037
150444,0.05,1211,-96.58799278999997,1791,124,84.0,37585,0.0001,1.9397910833358765
150528,0.05,1212,-95.94597150999998,1792,124,84.0,37606,0.0001,0.8491300940513611
150612,0.05,1213,-95.1210155,1793,124,84.0,37627,0.0001,5.558684825897217
150696,0.05,1214,-94.99011721999999,1794,124,84.0,37648,0.0001,4.745974540710449
150780,0.05,1214,-95.18582048,1795,124,84.0,37669,0.0001,1.1316252946853638
150864,0.05,1215,-93.92535141,1796,124,84.0,37690,0.0001,4.456716537475586
150948,0.05,1216,-94.04284375000002,1797,124,84.0,37711,0.0001,4.648909091949463
151032,0.05,1217,-92.72548804999998,1798,124,84.0,37732,0.0001,5.482431888580322
151116,0.05,1218,-94.63188147999999,1799,124,84.0,37753,0.0001,1.29734206199646
151200,0.05,1218,-93.36193032999998,1800,124,84.0,37774,0.0001,1.1473371982574463
151284,0.05,1219,-93.06080186999999,1801,124,84.0,37795,0.0001,1.1271946430206299
151368,0.05,1220,-91.25775094,1802,124,84.0,37816,0.0001,4.683765411376953
151452,0.05,1221,-93.19299062999998,1803,124,84.0,37837,0.0001,0.7952603101730347
151536,0.05,1221,-93.75109778,1804,124,84.0,37858,0.0001,1.3586379289627075
151620,0.05,1222,-96.3132264,1805,124,84.0,37879,0.0001,5.319746971130371
151704,0.05,1223,-95.71030490000001,1806,124,84.0,37900,0.0001,1.233928918838501
151788,0.05,1224,-94.66011282000001,1807,124,84.0,37921,0.0001,4.610426902770996
151872,0.05,1224,-95.92151202000001,1808,124,84.0,37942,0.0001,4.679172515869141
151956,0.05,1225,-94.80564628999998,1809,123,84.0,37963,0.0001,4.525353908538818
152040,0.05,1226,-95.33502815,1810,123,84.0,37984,0.0001,4.711546421051025
152124,0.05,1226,-95.22598289999998,1811,123,84.0,38005,0.0001,1.1829161643981934
152208,0.05,1227,-96.01912151999998,1812,123,84.0,38026,0.0001,1.1928913593292236
152292,0.05,1228,-94.44965540999999,1813,123,84.0,38047,0.0001,1.0879194736480713
152376,0.05,1229,-93.83353478000001,1814,123,84.0,38068,0.0001,0.9221456050872803
152460,0.05,1230,-94.44104930000002,1815,123,84.0,38089,0.0001,1.0789861679077148
152544,0.05,1230,-93.35592716000001,1816,123,84.0,38110,0.0001,0.8188574314117432
152628,0.05,1231,-93.71847095999999,1817,123,84.0,38131,0.0001,0.9325647354125977
152712,0.05,1232,-93.25262483,1818,123,84.0,38152,0.0001,4.9537248611450195
152796,0.05,1233,-92.70072339000001,1819,123,84.0,38173,0.0001,2.0180301666259766
152880,0.05,1233,-92.76509351,1820,123,84.0,38194,0.0001,1.2332106828689575
152964,0.05,1234,-89.08105067000001,1821,123,84.0,38215,0.0001,1.6924755573272705
153048,0.05,1235,-89.80175512,1822,123,84.0,38236,0.0001,1.2460294961929321
153132,0.05,1236,-88.86028794999999,1823,123,84.0,38257,0.0001,5.55343770980835
153216,0.05,1237,-89.19919804,1824,123,84.0,38278,0.0001,4.824016094207764
153300,0.05,1237,-88.14890845,1825,123,84.0,38299,0.0001,8.57042121887207
153384,0.05,1238,-87.91618072,1826,123,84.0,38320,0.0001,1.1902326345443726
153468,0.05,1239,-86.98542787999999,1827,123,84.0,38341,0.0001,4.791102409362793
153552,0.05,1240,-87.10882565999998,1828,123,84.0,38362,0.0001,1.674680233001709
153636,0.05,1241,-87.22347581999999,1829,123,84.0,38383,0.0001,0.7715551853179932
153720,0.05,1241,-87.10834999,1830,123,84.0,38404,0.0001,12.489358901977539
153804,0.05,1242,-88.17504109,1831,123,84.0,38425,0.0001,4.374930381774902
153888,0.05,1243,-89.72999112,1832,123,84.0,38446,0.0001,0.7181417942047119
153972,0.05,1244,-88.93262546,1833,123,84.0,38467,0.0001,1.2151745557785034
154056,0.05,1244,-88.95281417999999,1834,123,84.0,38488,0.0001,4.5128068923950195
154140,0.05,1245,-87.65280722,1835,123,84.0,38509,0.0001,4.531283378601074
154224,0.05,1246,-88.32071721,1836,123,84.0,38530,0.0001,1.3435314893722534
154308,0.05,1247,-89.1493401,1837,123,84.0,38551,0.0001,0.6971559524536133
154392,0.05,1247,-90.06927470999999,1838,123,84.0,38572,0.0001,1.3500447273254395
154476,0.05,1248,-90.46140930000001,1839,123,84.0,38593,0.0001,5.110822677612305
154560,0.05,1249,-90.99669723000001,1840,123,84.0,38614,0.0001,1.1583740711212158
154644,0.05,1250,-88.85801601000001,1841,123,84.0,38635,0.0001,1.1047031879425049
154728,0.05,1251,-87.98123658000003,1842,123,84.0,38656,0.0001,4.776618480682373
154812,0.05,1251,-88.28021734000002,1843,123,84.0,38677,0.0001,1.2362644672393799
154896,0.05,1252,-85.59254847,1844,123,84.0,38698,0.0001,1.3305280208587646
154980,0.05,1253,-84.83448859999999,1845,123,84.0,38719,0.0001,1.036895751953125
155064,0.05,1254,-85.23264277999999,1846,123,84.0,38740,0.0001,0.7884963750839233
155148,0.05,1254,-81.89323969000002,1847,123,84.0,38761,0.0001,1.4666695594787598
155232,0.05,1255,-81.32795655999999,1848,123,84.0,38782,0.0001,1.2773518562316895
155316,0.05,1256,-80.21369507000001,1849,123,84.0,38803,0.0001,0.9416148662567139
155400,0.05,1257,-79.36302699000001,1850,123,84.0,38824,0.0001,4.422274589538574
155484,0.05,1258,-76.1366876,1851,123,84.0,38845,0.0001,1.4432439804077148
155568,0.05,1259,-76.2860235,1852,123,84.0,38866,0.0001,1.0371921062469482
155652,0.05,1259,-76.34796677,1853,123,84.0,38887,0.0001,4.513028621673584
155736,0.05,1260,-74.82062531,1854,123,84.0,38908,0.0001,5.304910182952881
155820,0.05,1261,-75.03454598999998,1855,123,84.0,38929,0.0001,0.999298095703125
155904,0.05,1262,-74.99944187,1856,123,84.0,38950,0.0001,5.40717077255249
155988,0.05,1262,-76.71267384,1857,123,84.0,38971,0.0001,4.815943717956543
156072,0.05,1263,-76.75494223000001,1858,123,84.0,38992,0.0001,0.9934581518173218
156156,0.05,1264,-80.00329733000001,1859,123,84.0,39013,0.0001,1.0363359451293945
156240,0.05,1265,-79.67312804000002,1860,123,84.0,39034,0.0001,1.2231508493423462
156324,0.05,1266,-81.42264580000001,1861,123,84.0,39055,0.0001,1.4813822507858276
156408,0.05,1266,-82.44771172,1862,123,84.0,39076,0.0001,0.633028507232666
156492,0.05,1267,-81.78765375,1863,123,84.0,39097,0.0001,1.012326717376709
156576,0.05,1268,-83.38001695999999,1864,123,84.0,39118,0.0001,1.0043047666549683
156660,0.05,1269,-87.15881985,1865,123,84.0,39139,0.0001,1.1634583473205566
156744,0.05,1270,-86.72239456999999,1866,123,84.0,39160,0.0001,0.8324673771858215
156828,0.05,1270,-85.12787678,1867,123,84.0,39181,0.0001,1.211120367050171
156912,0.05,1271,-83.84485495999999,1868,123,84.0,39202,0.0001,1.098313808441162
156996,0.05,1272,-86.00666781999999,1869,123,84.0,39223,0.0001,1.0023865699768066
157080,0.05,1273,-85.90368679999997,1870,123,84.0,39244,0.0001,0.7079241275787354
157164,0.05,1273,-84.63390946000001,1871,123,84.0,39265,0.0001,0.9707373976707458
157248,0.05,1274,-84.06329862000001,1872,123,84.0,39286,0.0001,4.409971237182617
157332,0.05,1275,-83.57310036999999,1873,123,84.0,39307,0.0001,0.8791705965995789
157416,0.05,1276,-83.3351935,1874,123,84.0,39328,0.0001,1.2039378881454468
157500,0.05,1277,-81.42528569000001,1875,123,84.0,39349,0.0001,0.8263057470321655
157584,0.05,1277,-84.58906779,1876,123,84.0,39370,0.0001,1.5644326210021973
157668,0.05,1278,-85.41887781999999,1877,123,84.0,39391,0.0001,1.2067320346832275
157752,0.05,1279,-83.41008633999999,1878,123,84.0,39412,0.0001,4.493283271789551
157836,0.05,1280,-82.94335848,1879,123,84.0,39433,0.0001,1.2232106924057007
157920,0.05,1281,-81.38526485,1880,123,84.0,39454,0.0001,1.0254839658737183
158004,0.05,1281,-83.21716676,1881,123,84.0,39475,0.0001,6.499402046203613
158088,0.05,1282,-82.62655314000001,1882,123,84.0,39496,0.0001,1.0796871185302734
158172,0.05,1283,-83.44163020000002,1883,123,84.0,39517,0.0001,1.435610294342041
158256,0.05,1284,-82.23461873000001,1884,123,84.0,39538,0.0001,1.201329231262207
158340,0.05,1284,-82.85880452,1885,123,84.0,39559,0.0001,5.246272087097168
158424,0.05,1285,-84.60076129999999,1886,123,84.0,39580,0.0001,0.751754641532898
158508,0.05,1286,-88.08066751,1887,123,84.0,39601,0.0001,1.5059819221496582
158592,0.05,1287,-90.19874421,1888,123,84.0,39622,0.0001,4.750031471252441
158676,0.05,1287,-92.2210523,1889,123,84.0,39643,0.0001,1.4085744619369507
158760,0.05,1288,-91.83961742,1890,123,84.0,39664,0.0001,1.4421712160110474
158844,0.05,1289,-91.88881508,1891,123,84.0,39685,0.0001,8.246709823608398
158928,0.05,1290,-93.01350395,1892,123,84.0,39706,0.0001,1.0728578567504883
159012,0.05,1290,-94.29535986,1893,123,84.0,39727,0.0001,0.7685120701789856
159096,0.05,1291,-95.52544591,1894,123,84.0,39748,0.0001,9.932760238647461
159180,0.05,1292,-97.50130521,1895,123,84.0,39769,0.0001,4.736321449279785
159264,0.05,1293,-98.83707491999999,1896,123,84.0,39790,0.0001,1.2834442853927612
159348,0.05,1294,-99.84524305999997,1897,123,84.0,39811,0.0001,1.551603078842163
159432,0.05,1294,-99.80591432999998,1898,123,84.0,39832,0.0001,1.2440681457519531
159516,0.05,1295,-98.86727415999998,1899,123,84.0,39853,0.0001,1.3665881156921387
159600,0.05,1296,-100.11713750999999,1900,123,84.0,39874,0.0001,1.5934737920761108
159684,0.05,1297,-102.72453714,1901,123,84.0,39895,0.0001,1.2680058479309082
159768,0.05,1297,-103.58274929999999,1902,123,84.0,39916,0.0001,1.0364854335784912
159852,0.05,1298,-101.87942656999999,1903,123,84.0,39937,0.0001,1.0293394327163696
159936,0.05,1299,-102.28209749999998,1904,123,84.0,39958,0.0001,1.8724486827850342
160020,0.05,1300,-99.73964197,1905,123,84.0,39979,0.0001,1.5376135110855103
160104,0.05,1300,-99.08181933999998,1906,123,84.0,40000,0.0001,0.5546444654464722
160188,0.05,1301,-98.07567592,1907,123,84.0,40021,0.0001,1.0007274150848389
160272,0.05,1302,-96.6442603,1908,123,84.0,40042,0.0001,1.125486135482788
160356,0.05,1303,-96.39208768,1909,123,84.0,40063,0.0001,0.9197537899017334
160440,0.05,1303,-96.16137283000002,1910,123,84.0,40084,0.0001,5.230267524719238
160524,0.05,1304,-96.2729176,1911,123,84.0,40105,0.0001,1.1467504501342773
160608,0.05,1305,-95.88604507000002,1912,123,84.0,40126,0.0001,0.8682450652122498
160692,0.05,1306,-94.78435187000001,1913,122,84.0,40147,0.0001,4.673929691314697
160776,0.05,1307,-94.64457666000003,1914,122,84.0,40168,0.0001,4.841790676116943
160860,0.05,1308,-94.08342273000002,1915,122,84.0,40189,0.0001,1.6793819665908813
160944,0.05,1308,-95.17593470000001,1916,122,84.0,40210,0.0001,1.0156643390655518
161028,0.05,1309,-94.95229142,1917,122,84.0,40231,0.0001,5.166263103485107
161112,0.05,1310,-95.30581093999999,1918,122,84.0,40252,0.0001,5.030336380004883
161196,0.05,1311,-96.09592045999997,1919,122,84.0,40273,0.0001,0.9966535568237305
161280,0.05,1312,-95.9663855,1920,122,84.0,40294,0.0001,4.9033684730529785
161364,0.05,1312,-94.59532345999997,1921,122,84.0,40315,0.0001,13.445164680480957
161448,0.05,1313,-92.46022423999999,1922,122,84.0,40336,0.0001,4.684021949768066
161532,0.05,1314,-92.56048836,1923,122,84.0,40357,0.0001,1.413792610168457
161616,0.05,1315,-91.07600578,1924,122,84.0,40378,0.0001,0.8095685243606567
161700,0.05,1316,-89.71324022,1925,122,84.0,40399,0.0001,5.4083380699157715
161784,0.05,1316,-89.94282077999998,1926,122,84.0,40420,0.0001,0.9612063765525818
161868,0.05,1317,-89.99222720999997,1927,122,84.0,40441,0.0001,2.0445945262908936
161952,0.05,1318,-89.94113631999998,1928,122,84.0,40462,0.0001,4.726522445678711
162036,0.05,1319,-90.53397154999998,1929,122,84.0,40483,0.0001,4.908649444580078
162120,0.05,1319,-90.56014248999998,1930,122,84.0,40504,0.0001,1.369079828262329
162204,0.05,1320,-89.80565182000001,1931,122,84.0,40525,0.0001,2.3501198291778564
162288,0.05,1321,-88.29522722999998,1932,122,84.0,40546,0.0001,0.9982767105102539
162372,0.05,1322,-88.57734325999998,1933,122,84.0,40567,0.0001,1.4134769439697266
162456,0.05,1322,-86.10529959999998,1934,122,84.0,40588,0.0001,1.033503770828247
162540,0.05,1323,-87.96504548000001,1935,122,84.0,40609,0.0001,1.199426293373108
162624,0.05,1324,-88.22144188,1936,122,84.0,40630,0.0001,4.903480052947998
162708,0.05,1325,-90.34753397,1937,122,84.0,40651,0.0001,0.6433972120285034
162792,0.05,1325,-89.35265657000002,1938,122,84.0,40672,0.0001,4.867177486419678
162876,0.05,1326,-90.56776114,1939,122,84.0,40693,0.0001,1.11452054977417
162960,0.05,1327,-91.18993411,1940,122,84.0,40714,0.0001,1.1164658069610596
163044,0.05,1328,-89.92083896,1941,122,84.0,40735,0.0001,1.10179603099823
163128,0.05,1329,-91.48609917999998,1942,122,84.0,40756,0.0001,5.023233413696289
163212,0.05,1329,-91.37993578999998,1943,122,84.0,40777,0.0001,1.4351966381072998
163296,0.05,1330,-93.20928540999999,1944,122,84.0,40798,0.0001,1.061420202255249
163380,0.05,1331,-95.15787208,1945,122,84.0,40819,0.0001,5.9194416999816895
163464,0.05,1332,-94.94324504000001,1946,122,84.0,40840,0.0001,1.1685346364974976
163548,0.05,1332,-94.697166,1947,122,84.0,40861,0.0001,9.564946174621582
163632,0.05,1333,-94.51831185,1948,122,84.0,40882,0.0001,1.2394366264343262
163716,0.05,1334,-94.29552011,1949,122,84.0,40903,0.0001,5.068589210510254
163800,0.05,1335,-94.58539458999999,1950,122,84.0,40924,0.0001,5.583411693572998
163884,0.05,1335,-96.88224731999999,1951,122,84.0,40945,0.0001,1.1920349597930908
163968,0.05,1336,-99.06450461,1952,122,84.0,40966,0.0001,0.4633655250072479
164052,0.05,1337,-98.84454582000001,1953,122,84.0,40987,0.0001,0.6310089826583862
164136,0.05,1338,-99.00181644,1954,122,84.0,41008,0.0001,1.5305439233779907
164220,0.05,1338,-98.67633540000001,1955,122,84.0,41029,0.0001,4.857204437255859
164304,0.05,1339,-101.13686102999998,1956,122,84.0,41050,0.0001,1.6317248344421387
164388,0.05,1340,-100.55794879,1957,122,84.0,41071,0.0001,9.148134231567383
164472,0.05,1341,-99.17348711999999,1958,122,84.0,41092,0.0001,4.305014133453369
164556,0.05,1342,-97.23548968000001,1959,122,84.0,41113,0.0001,1.173933506011963
164640,0.05,1342,-97.18822525000002,1960,122,84.0,41134,0.0001,4.886925220489502
164724,0.05,1343,-95.28138922000002,1961,122,84.0,41155,0.0001,4.784697532653809
164808,0.05,1344,-95.63448116,1962,122,84.0,41176,0.0001,1.1575969457626343
164892,0.05,1345,-98.81175818000001,1963,122,84.0,41197,0.0001,1.0565637350082397
164976,0.05,1345,-97.68755811000001,1964,122,84.0,41218,0.0001,1.373567819595337
165060,0.05,1346,-95.05547285000003,1965,122,84.0,41239,0.0001,1.425325632095337
165144,0.05,1347,-95.46042946000001,1966,122,84.0,41260,0.0001,0.8385748863220215
165228,0.05,1348,-96.02474286,1967,122,84.0,41281,0.0001,4.415834903717041
165312,0.05,1348,-96.01974563,1968,122,84.0,41302,0.0001,0.7181412577629089
165396,0.05,1349,-94.38003909999999,1969,122,84.0,41323,0.0001,1.269507646560669
165480,0.05,1350,-97.87438204999998,1970,122,84.0,41344,0.0001,1.1983006000518799
165564,0.05,1351,-99.11844041999997,1971,122,84.0,41365,0.0001,0.796295702457428
165648,0.05,1351,-98.33839866999999,1972,122,84.0,41386,0.0001,0.8940304517745972
165732,0.05,1352,-101.30993502,1973,122,84.0,41407,0.0001,0.8801102638244629
165816,0.05,1353,-104.27438869,1974,122,84.0,41428,0.0001,1.7149707078933716
165900,0.05,1354,-104.38946836999999,1975,122,84.0,41449,0.0001,4.786574363708496
165984,0.05,1354,-104.83831987999999,1976,122,84.0,41470,0.0001,1.3601710796356201
166068,0.05,1355,-101.71689789999999,1977,122,84.0,41491,0.0001,4.798544883728027
166152,0.05,1356,-102.50552759,1978,122,84.0,41512,0.0001,5.509779453277588
166236,0.05,1357,-102.32480259000002,1979,122,84.0,41533,0.0001,1.3070570230484009
166320,0.05,1357,-103.56107275000001,1980,122,84.0,41554,0.0001,1.2234487533569336
166404,0.05,1358,-101.44251028,1981,122,84.0,41575,0.0001,4.495119094848633
166488,0.05,1359,-102.12354633,1982,122,84.0,41596,0.0001,1.2044670581817627
166572,0.05,1360,-101.74882172999997,1983,122,84.0,41617,0.0001,1.0352652072906494
166656,0.05,1361,-102.84202477999997,1984,122,84.0,41638,0.0001,1.5864250659942627
166740,0.05,1361,-104.92132887,1985,122,84.0,41659,0.0001,9.03099250793457
166824,0.05,1362,-102.74527012,1986,122,84.0,41680,0.0001,4.987382411956787
166908,0.05,1363,-101.17278046000001,1987,122,84.0,41701,0.0001,9.536970138549805
166992,0.05,1363,-102.95121237,1988,122,84.0,41722,0.0001,1.0690969228744507
167076,0.05,1364,-101.28602519,1989,122,84.0,41743,0.0001,0.7671776413917542
167160,0.05,1365,-100.63609553,1990,122,84.0,41764,0.0001,0.8145405054092407
167244,0.05,1366,-104.56480880999999,1991,122,84.0,41785,0.0001,0.8695012331008911
167328,0.05,1367,-103.28501694000002,1992,122,84.0,41806,0.0001,4.7225470542907715
167412,0.05,1367,-104.34518822,1993,122,84.0,41827,0.0001,4.606841564178467
167496,0.05,1368,-103.88223766000002,1994,122,84.0,41848,0.0001,1.197205662727356
167580,0.05,1369,-104.33221313000001,1995,122,84.0,41869,0.0001,5.089805603027344
167664,0.05,1370,-104.55338975000001,1996,122,84.0,41890,0.0001,1.193237543106079
167748,0.05,1371,-106.88175614,1997,122,84.0,41911,0.0001,5.082622051239014
167832,0.05,1371,-107.19908594,1998,122,84.0,41932,0.0001,1.1450389623641968
167916,0.05,1372,-111.08311934000001,1999,122,84.0,41953,0.0001,1.156810998916626
168000,0.05,1373,-112.43662912000002,2000,122,84.0,41974,0.0001,0.7752012014389038
168084,0.05,1374,-110.52084679000001,2001,122,84.0,41995,0.0001,0.9812455773353577
168168,0.05,1374,-109.95067863000003,2002,122,84.0,42016,0.0001,1.2183711528778076
168252,0.05,1375,-113.08703133,2003,122,84.0,42037,0.0001,1.1129810810089111
168336,0.05,1376,-115.12700553999998,2004,122,84.0,42058,0.0001,1.3170148134231567
168420,0.05,1377,-117.97549301999999,2005,122,84.0,42079,0.0001,0.6786662340164185
168504,0.05,1377,-122.07142758999998,2006,122,84.0,42100,0.0001,0.4962227940559387
168588,0.05,1378,-126.47265395999999,2007,122,84.0,42121,0.0001,1.911877155303955
168672,0.05,1379,-126.30893002,2008,122,84.0,42142,0.0001,1.0499588251113892
168756,0.05,1380,-127.63703563999998,2009,122,84.0,42163,0.0001,1.0182809829711914
168840,0.05,1380,-128.26777549,2010,122,84.0,42184,0.0001,1.1613532304763794
168924,0.05,1381,-128.97729515999998,2011,122,84.0,42205,0.0001,8.464157104492188
169008,0.05,1382,-132.43641028,2012,122,84.0,42226,0.0001,5.265610218048096
169092,0.05,1383,-133.83319254,2013,122,84.0,42247,0.0001,0.7426238656044006
169176,0.05,1383,-134.16151028000002,2014,122,84.0,42268,0.0001,4.562557697296143
169260,0.05,1384,-134.40435859000002,2015,122,84.0,42289,0.0001,0.724733829498291
169344,0.05,1385,-136.11241999,2016,122,84.0,42310,0.0001,0.666519284248352
169428,0.05,1386,-138.98922517000003,2017,122,84.0,42331,0.0001,5.043310165405273
169512,0.05,1386,-139.42364313000002,2018,122,84.0,42352,0.0001,12.814738273620605
169596,0.05,1387,-139.28467429,2019,122,84.0,42373,0.0001,0.9157841205596924
169680,0.05,1388,-141.15057358,2020,122,84.0,42394,0.0001,1.5366127490997314
169764,0.05,1389,-142.26410925,2021,122,84.0,42415,0.0001,0.6350782513618469
169848,0.05,1389,-145.54414298,2022,122,84.0,42436,0.0001,0.6724584698677063
169932,0.05,1390,-148.39037081,2023,122,84.0,42457,0.0001,1.073928952217102
170016,0.05,1391,-151.34697479,2024,122,84.0,42478,0.0001,1.4394749402999878
170100,0.05,1392,-151.30969403,2025,122,84.0,42499,0.0001,2.085862636566162
170184,0.05,1392,-152.86729011,2026,122,84.0,42520,0.0001,5.271970748901367
170268,0.05,1393,-152.82076966,2027,122,84.0,42541,0.0001,8.994199752807617
170352,0.05,1394,-152.71154346,2028,122,84.0,42562,0.0001,9.249333381652832
170436,0.05,1395,-153.73616219,2029,122,84.0,42583,0.0001,2.6995506286621094
170520,0.05,1395,-156.91711228000003,2030,122,84.0,42604,0.0001,4.871204376220703
170604,0.05,1396,-156.46994637,2031,122,84.0,42625,0.0001,1.8078242540359497
170688,0.05,1397,-156.13805078999997,2032,122,84.0,42646,0.0001,1.7844822406768799
170772,0.05,1398,-156.36555173,2033,122,84.0,42667,0.0001,1.9352447986602783
170856,0.05,1398,-156.48687865,2034,122,84.0,42688,0.0001,1.7442114353179932
170940,0.05,1399,-155.40173447,2035,122,84.0,42709,0.0001,1.198472261428833
171024,0.05,1400,-154.69516537,2036,122,84.0,42730,0.0001,4.814240455627441
171108,0.05,1401,-152.94849737,2037,122,84.0,42751,0.0001,0.8390278816223145
171192,0.05,1402,-154.46611582,2038,122,84.0,42772,0.0001,1.973966360092163
171276,0.05,1402,-154.08787085999998,2039,122,84.0,42793,0.0001,1.0838804244995117
171360,0.05,1403,-153.20031706999998,2040,122,84.0,42814,0.0001,1.844327688217163
171444,0.05,1404,-153.80405312000002,2041,122,84.0,42835,0.0001,1.3821604251861572
171528,0.05,1405,-152.42571956,2042,122,84.0,42856,0.0001,1.2723660469055176
171612,0.05,1405,-153.64782041,2043,122,84.0,42877,0.0001,1.5847525596618652
171696,0.05,1406,-151.58116832999997,2044,122,84.0,42898,0.0001,1.2262556552886963
171780,0.05,1407,-152.10146371000002,2045,122,84.0,42919,0.0001,4.685295581817627
171864,0.05,1408,-152.52788617,2046,122,84.0,42940,0.0001,4.977571964263916
171948,0.05,1409,-152.66260338,2047,122,84.0,42961,0.0001,5.084704399108887
172032,0.05,1409,-152.12288426,2048,122,84.0,42982,0.0001,1.2077529430389404
172116,0.05,1410,-152.02708969000003,2049,122,84.0,43003,0.0001,0.5754803419113159
172200,0.05,1411,-154.83739242,2050,122,84.0,43024,0.0001,1.241950511932373
172284,0.05,1412,-153.77667190999998,2051,121,84.0,43045,0.0001,5.020570755004883
172368,0.05,1412,-149.69756884999998,2052,121,84.0,43066,0.0001,2.739474296569824
172452,0.05,1413,-152.4259115,2053,121,84.0,43087,0.0001,4.9193596839904785
172536,0.05,1414,-153.86276233,2054,121,84.0,43108,0.0001,6.572938919067383
172620,0.05,1415,-153.86338112,2055,121,84.0,43129,0.0001,1.7148141860961914
172704,0.05,1415,-151.21345747,2056,121,84.0,43150,0.0001,1.279257893562317
172788,0.05,1416,-151.38038714,2057,121,84.0,43171,0.0001,1.3767175674438477
172872,0.05,1417,-153.10957845000001,2058,121,84.0,43192,0.0001,1.6313316822052002
172956,0.05,1418,-151.21631422,2059,121,84.0,43213,0.0001,5.636673450469971
173040,0.05,1418,-151.70149454,2060,121,84.0,43234,0.0001,1.5989739894866943
173124,0.05,1419,-151.17288558,2061,121,84.0,43255,0.0001,5.501015663146973
173208,0.05,1420,-150.45642116000002,2062,121,84.0,43276,0.0001,1.2459464073181152
173292,0.05,1421,-148.75633584000002,2063,121,84.0,43297,0.0001,1.3685424327850342
173376,0.05,1421,-148.5180201,2064,121,84.0,43318,0.0001,4.839412212371826
173460,0.05,1422,-147.45561024000003,2065,121,84.0,43339,0.0001,1.1432336568832397
173544,0.05,1423,-146.85471757000002,2066,121,84.0,43360,0.0001,1.5115078687667847
173628,0.05,1424,-148.16094457000003,2067,121,84.0,43381,0.0001,1.9251906871795654
173712,0.05,1425,-147.54930692,2068,121,84.0,43402,0.0001,1.1294488906860352
173796,0.05,1425,-148.38558232000003,2069,121,84.0,43423,0.0001,1.6021323204040527
173880,0.05,1426,-145.92601908,2070,121,84.0,43444,0.0001,1.26225745677948
173964,0.05,1427,-144.44634299,2071,121,84.0,43465,0.0001,1.112414836883545
174048,0.05,1428,-144.96849412,2072,121,84.0,43486,0.0001,5.848459243774414
174132,0.05,1429,-143.46358012000002,2073,121,84.0,43507,0.0001,1.683877944946289
174216,0.05,1430,-140.81720852,2074,121,84.0,43528,0.0001,1.308424949645996
174300,0.05,1430,-140.28378018,2075,121,84.0,43549,0.0001,4.338366985321045
174384,0.05,1431,-137.38427892,2076,121,84.0,43570,0.0001,1.0268430709838867
174468,0.05,1432,-138.92467285,2077,121,84.0,43591,0.0001,1.4359769821166992
174552,0.05,1433,-138.25250909000002,2078,121,84.0,43612,0.0001,2.181781768798828
174636,0.05,1434,-138.69310442000003,2079,121,84.0,43633,0.0001,0.9120911359786987
174720,0.05,1434,-138.51507359000004,2080,121,84.0,43654,0.0001,1.3378337621688843
174804,0.05,1435,-137.98578852000003,2081,121,84.0,43675,0.0001,1.4827649593353271
174888,0.05,1436,-136.91218562000003,2082,121,84.0,43696,0.0001,1.0489468574523926
174972,0.05,1437,-137.72943913,2083,121,84.0,43717,0.0001,1.4676873683929443
175056,0.05,1438,-138.19916313000004,2084,121,84.0,43738,0.0001,1.7372770309448242
175140,0.05,1438,-135.60414188000001,2085,121,84.0,43759,0.0001,1.233663558959961
175224,0.05,1439,-135.12995692,2086,121,84.0,43780,0.0001,4.416993618011475
175308,0.05,1440,-134.67690345,2087,121,84.0,43801,0.0001,2.048521041870117
175392,0.05,1441,-132.03542133000002,2088,121,84.0,43822,0.0001,5.486038684844971
175476,0.05,1442,-135.39720473,2089,121,84.0,43843,0.0001,1.0601341724395752
175560,0.05,1443,-136.14825924000002,2090,121,84.0,43864,0.0001,0.7586079835891724
175644,0.05,1444,-136.31475313,2091,121,84.0,43885,0.0001,5.327644348144531
175728,0.05,1444,-136.07782652000003,2092,121,84.0,43906,0.0001,4.989078044891357
175812,0.05,1445,-133.45426739,2093,121,84.0,43927,0.0001,1.3381736278533936
175896,0.05,1446,-134.77256233000003,2094,121,84.0,43948,0.0001,2.33538818359375
175980,0.05,1447,-135.89411326,2095,121,84.0,43969,0.0001,5.318891525268555
176064,0.05,1447,-133.82149761000002,2096,121,84.0,43990,0.0001,0.8848918676376343
176148,0.05,1448,-129.87858691000002,2097,121,84.0,44011,0.0001,8.797505378723145
176232,0.05,1449,-131.66362039999999,2098,121,84.0,44032,0.0001,0.9918779134750366
176316,0.05,1450,-129.67775801,2099,121,84.0,44053,0.0001,12.102811813354492
176400,0.05,1450,-127.95150611,2100,121,84.0,44074,0.0001,1.1302525997161865
176484,0.05,1451,-126.84830566999999,2101,121,84.0,44095,0.0001,5.0185112953186035
176568,0.05,1452,-129.08782533,2102,121,84.0,44116,0.0001,2.109936475753784
176652,0.05,1453,-127.60263986000001,2103,121,84.0,44137,0.0001,1.300121545791626
176736,0.05,1454,-125.35192485000002,2104,121,84.0,44158,0.0001,1.7108256816864014
176820,0.05,1454,-122.72180871000002,2105,121,84.0,44179,0.0001,5.812961578369141
176904,0.05,1455,-119.14319006000001,2106,121,84.0,44200,0.0001,1.3563488721847534
176988,0.05,1456,-116.42657685000002,2107,121,84.0,44221,0.0001,0.9271159768104553
177072,0.05,1457,-117.55733601000001,2108,121,84.0,44242,0.0001,1.981048822402954
177156,0.05,1457,-116.28850679000001,2109,121,84.0,44263,0.0001,5.399011135101318
177240,0.05,1458,-117.31737246,2110,121,84.0,44284,0.0001,0.5346043109893799
177324,0.05,1459,-116.34164096000002,2111,121,84.0,44305,0.0001,0.6560021638870239
177408,0.05,1460,-112.88777177000003,2112,121,84.0,44326,0.0001,0.6855111122131348
177492,0.05,1460,-111.22309034000004,2113,121,84.0,44347,0.0001,5.43967342376709
177576,0.05,1461,-111.06713292000003,2114,121,84.0,44368,0.0001,1.3971593379974365
177660,0.05,1462,-112.24901573000002,2115,121,84.0,44389,0.0001,1.3134839534759521
177744,0.05,1463,-109.06885913000002,2116,121,84.0,44410,0.0001,1.8964852094650269
177828,0.05,1464,-106.53827617,2117,121,84.0,44431,0.0001,5.22131872177124
177912,0.05,1464,-108.43948352000001,2118,121,84.0,44452,0.0001,1.016689419746399
177996,0.05,1465,-108.63581851000002,2119,121,84.0,44473,0.0001,1.565739631652832
178080,0.05,1466,-105.83440584000003,2120,121,84.0,44494,0.0001,8.419872283935547
178164,0.05,1467,-105.65912817000002,2121,121,84.0,44515,0.0001,1.785818338394165
178248,0.05,1467,-107.48599505000001,2122,121,84.0,44536,0.0001,5.719729900360107
178332,0.05,1468,-104.54500222000003,2123,121,84.0,44557,0.0001,1.0765340328216553
178416,0.05,1469,-103.99647618,2124,121,84.0,44578,0.0001,0.8134373426437378
178500,0.05,1470,-104.76676795000002,2125,121,84.0,44599,0.0001,1.2785556316375732
178584,0.05,1470,-105.57092833000003,2126,121,84.0,44620,0.0001,4.566308975219727
178668,0.05,1471,-109.03983308000002,2127,121,84.0,44641,0.0001,5.247230529785156
178752,0.05,1472,-110.55397174000001,2128,121,84.0,44662,0.0001,1.2685189247131348
178836,0.05,1473,-109.90830878000003,2129,121,84.0,44683,0.0001,8.143843650817871
178920,0.05,1474,-108.93584543000003,2130,121,84.0,44704,0.0001,0.7127902507781982
179004,0.05,1474,-109.53188253000002,2131,121,84.0,44725,0.0001,5.902093410491943
179088,0.05,1475,-112.32569688000004,2132,121,84.0,44746,0.0001,1.6449830532073975
179172,0.05,1476,-113.57061135000004,2133,121,84.0,44767,0.0001,1.687798023223877
179256,0.05,1476,-115.47529368000004,2134,121,84.0,44788,0.0001,1.6306354999542236
179340,0.05,1477,-116.11819883000003,2135,121,84.0,44809,0.0001,1.3161814212799072
179424,0.05,1478,-118.58122829000004,2136,121,84.0,44830,0.0001,1.2051787376403809
179508,0.05,1479,-120.05420863000003,2137,121,84.0,44851,0.0001,4.936644077301025
179592,0.05,1480,-119.89042846000002,2138,121,84.0,44872,0.0001,1.615236520767212
179676,0.05,1480,-122.12884953000002,2139,121,84.0,44893,0.0001,1.2670750617980957
179760,0.05,1481,-124.83889464000003,2140,121,84.0,44914,0.0001,2.6960840225219727
179844,0.05,1482,-126.33332119000002,2141,121,84.0,44935,0.0001,1.7650600671768188
179928,0.05,1483,-127.63625619000003,2142,121,84.0,44956,0.0001,1.154848575592041
180012,0.05,1483,-128.10339804000003,2143,121,84.0,44977,0.0001,1.4958126544952393
180096,0.05,1484,-128.41555537000002,2144,121,84.0,44998,0.0001,0.8878350257873535
180180,0.05,1485,-127.25487822999999,2145,121,84.0,45019,0.0001,1.744674801826477
180264,0.05,1486,-127.19103182999999,2146,121,84.0,45040,0.0001,1.988460898399353
180348,0.05,1487,-128.75081297,2147,121,84.0,45061,0.0001,1.2641487121582031
180432,0.05,1487,-129.33216902,2148,121,84.0,45082,0.0001,0.6941928863525391
180516,0.05,1488,-128.70240076,2149,121,84.0,45103,0.0001,4.9563188552856445
180600,0.05,1489,-127.6537525,2150,121,84.0,45124,0.0001,1.6774235963821411
180684,0.05,1490,-127.02246102999999,2151,121,84.0,45145,0.0001,1.3527190685272217
180768,0.05,1490,-127.61382160000001,2152,121,84.0,45166,0.0001,5.005670070648193
180852,0.05,1491,-125.20795786000002,2153,121,84.0,45187,0.0001,9.740455627441406
180936,0.05,1492,-123.50536984,2154,121,84.0,45208,0.0001,1.0844759941101074
181020,0.05,1493,-124.01968253,2155,121,84.0,45229,0.0001,1.1776665449142456
181104,0.05,1494,-124.56994318999999,2156,121,84.0,45250,0.0001,1.909857988357544
181188,0.05,1494,-123.64621004,2157,121,84.0,45271,0.0001,5.789409637451172
181272,0.05,1495,-122.10953174000002,2158,121,84.0,45292,0.0001,0.9940365552902222
181356,0.05,1496,-121.68912144,2159,121,84.0,45313,0.0001,1.6441845893859863
181440,0.05,1497,-121.83313897999999,2160,121,84.0,45334,0.0001,2.0988476276397705
181524,0.05,1498,-122.77993035,2161,121,84.0,45355,0.0001,0.9062650799751282
181608,0.05,1498,-122.17344099999998,2162,121,84.0,45376,0.0001,5.850142955780029
181692,0.05,1499,-122.03615532000002,2163,121,84.0,45397,0.0001,1.1613236665725708
181776,0.05,1500,-120.20820382000002,2164,121,84.0,45418,0.0001,4.966054439544678
181860,0.05,1501,-121.23472248000002,2165,121,84.0,45439,0.0001,1.2576477527618408
181944,0.05,1501,-122.94970279,2166,121,84.0,45460,0.0001,1.5209901332855225
182028,0.05,1502,-121.19471383000001,2167,121,84.0,45481,0.0001,0.7413882613182068
182112,0.05,1503,-121.17198088,2168,121,84.0,45502,0.0001,5.072348117828369
182196,0.05,1504,-119.36863864000001,2169,121,84.0,45523,0.0001,0.793999969959259
182280,0.05,1505,-118.38023251000003,2170,121,84.0,45544,0.0001,5.8265533447265625
182364,0.05,1505,-119.01453975,2171,121,84.0,45565,0.0001,1.6575582027435303
182448,0.05,1506,-120.14630283000001,2172,121,84.0,45586,0.0001,0.7031476497650146
182532,0.05,1507,-119.82384323999999,2173,121,84.0,45607,0.0001,1.2005631923675537
182616,0.05,1508,-120.87333759,2174,121,84.0,45628,0.0001,4.912986755371094
182700,0.05,1508,-120.24949203000001,2175,121,84.0,45649,0.0001,5.5208539962768555
182784,0.05,1509,-119.56790471000002,2176,121,84.0,45670,0.0001,1.433901071548462
182868,0.05,1510,-118.619251,2177,121,84.0,45691,0.0001,1.27033531665802
182952,0.05,1511,-121.49007258,2178,121,84.0,45712,0.0001,1.0266523361206055
183036,0.05,1511,-123.03405108999999,2179,121,84.0,45733,0.0001,1.0220706462860107
183120,0.05,1512,-124.04524973000001,2180,121,84.0,45754,0.0001,0.8673185110092163
183204,0.05,1513,-124.16787491000001,2181,121,84.0,45775,0.0001,4.806981086730957
183288,0.05,1514,-123.56102658000002,2182,121,84.0,45796,0.0001,1.4455748796463013
183372,0.05,1514,-122.37930730999999,2183,121,84.0,45817,0.0001,5.087340354919434
183456,0.05,1515,-122.38387932999998,2184,121,84.0,45838,0.0001,1.2164181470870972
183540,0.05,1516,-123.58183011,2185,121,84.0,45859,0.0001,1.1360139846801758
183624,0.05,1517,-125.02583509,2186,121,84.0,45880,0.0001,9.30111026763916
183708,0.05,1518,-124.37049438000003,2187,121,84.0,45901,0.0001,4.861081123352051
183792,0.05,1518,-126.72218272000002,2188,121,84.0,45922,0.0001,1.2084496021270752
183876,0.05,1519,-122.72397683999999,2189,121,84.0,45943,0.0001,1.0163938999176025
183960,0.05,1520,-123.23702472000002,2190,120,84.0,45964,0.0001,1.5066503286361694
184044,0.05,1521,-122.36650021000001,2191,120,84.0,45985,0.0001,1.6631453037261963
184128,0.05,1521,-124.75234511999999,2192,120,84.0,46006,0.0001,1.2850651741027832
184212,0.05,1522,-126.05326100999999,2193,120,84.0,46027,0.0001,5.356200695037842
184296,0.05,1523,-123.34441618000001,2194,120,84.0,46048,0.0001,1.0589038133621216
184380,0.05,1524,-121.57095527,2195,120,84.0,46069,0.0001,7.075323104858398
184464,0.05,1525,-121.58237237000002,2196,120,84.0,46090,0.0001,0.6244155168533325
184548,0.05,1525,-123.75581147000001,2197,120,84.0,46111,0.0001,1.152879238128662
184632,0.05,1526,-122.23403314000001,2198,120,84.0,46132,0.0001,1.5306880474090576
184716,0.05,1527,-122.26560692999999,2199,120,84.0,46153,0.0001,1.331256628036499
184800,0.05,1528,-123.92366257000002,2200,120,84.0,46174,0.0001,1.0509226322174072
184884,0.05,1529,-124.07444629,2201,120,84.0,46195,0.0001,1.6727123260498047
184968,0.05,1529,-124.24416667000001,2202,120,84.0,46216,0.0001,4.823281288146973
185052,0.05,1530,-125.01786389,2203,120,84.0,46237,0.0001,4.565962314605713
185136,0.05,1531,-124.77997276,2204,120,84.0,46258,0.0001,5.87636661529541
185220,0.05,1532,-125.08184594000001,2205,120,84.0,46279,0.0001,1.0361859798431396
185304,0.05,1532,-127.9595162,2206,120,84.0,46300,0.0001,1.1932635307312012
185388,0.05,1533,-126.90262023000001,2207,120,84.0,46321,0.0001,0.6040518879890442
185472,0.05,1534,-126.86028719,2208,120,84.0,46342,0.0001,5.968997955322266
185556,0.05,1535,-127.99178255999999,2209,120,84.0,46363,0.0001,1.239037036895752
185640,0.05,1535,-126.84808792999998,2210,120,84.0,46384,0.0001,0.9512574672698975
185724,0.05,1536,-127.45743382999999,2211,120,84.0,46405,0.0001,8.331331253051758
185808,0.05,1537,-128.71366644,2212,120,84.0,46426,0.0001,1.1949392557144165
185892,0.05,1538,-130.5814527,2213,120,84.0,46447,0.0001,5.299964904785156
185976,0.05,1538,-132.20364958,2214,120,84.0,46468,0.0001,1.1937081813812256
186060,0.05,1539,-133.97474449999999,2215,120,84.0,46489,0.0001,1.0625438690185547
186144,0.05,1540,-135.18663920999998,2216,120,84.0,46510,0.0001,1.0536236763000488
186228,0.05,1541,-137.65874085,2217,120,84.0,46531,0.0001,12.188264846801758
186312,0.05,1541,-136.45850425999998,2218,120,84.0,46552,0.0001,1.3637504577636719
186396,0.05,1542,-136.91567541,2219,120,84.0,46573,0.0001,1.7323040962219238
186480,0.05,1543,-141.30133659,2220,120,84.0,46594,0.0001,4.628848552703857
186564,0.05,1544,-143.18520505,2221,120,84.0,46615,0.0001,8.50193977355957
186648,0.05,1545,-141.23302585,2222,120,84.0,46636,0.0001,4.274394989013672
186732,0.05,1545,-142.18826456999997,2223,120,84.0,46657,0.0001,4.931342124938965
186816,0.05,1546,-140.95446636999998,2224,120,84.0,46678,0.0001,1.4261844158172607
186900,0.05,1547,-143.67340933999998,2225,120,84.0,46699,0.0001,0.9763864874839783
186984,0.05,1548,-142.61919372999998,2226,120,84.0,46720,0.0001,8.827773094177246
187068,0.05,1548,-139.58412223999997,2227,120,84.0,46741,0.0001,8.759581565856934
187152,0.05,1549,-136.99309508,2228,120,84.0,46762,0.0001,4.603314399719238
187236,0.05,1550,-139.18428737,2229,120,84.0,46783,0.0001,0.4782218039035797
187320,0.05,1551,-137.45850119,2230,120,84.0,46804,0.0001,5.172460079193115
187404,0.05,1552,-137.23057984,2231,120,84.0,46825,0.0001,1.397294044494629
187488,0.05,1553,-134.22315638,2232,120,84.0,46846,0.0001,1.1185672283172607
187572,0.05,1553,-133.60724893999998,2233,120,84.0,46867,0.0001,2.4045333862304688
187656,0.05,1554,-134.11121469999998,2234,120,84.0,46888,0.0001,5.135371208190918
187740,0.05,1555,-135.38658016999997,2235,120,84.0,46909,0.0001,0.965941309928894
187824,0.05,1556,-132.80851208,2236,120,84.0,46930,0.0001,0.9764738082885742
187908,0.05,1556,-133.71905055000002,2237,120,84.0,46951,0.0001,0.8015360236167908
187992,0.05,1557,-134.84808259000002,2238,120,84.0,46972,0.0001,1.1852099895477295
188076,0.05,1558,-132.93275576000002,2239,120,84.0,46993,0.0001,0.8509831428527832
188160,0.05,1559,-131.60946204,2240,120,84.0,47014,0.0001,1.7705775499343872
188244,0.05,1560,-130.87325421000003,2241,120,84.0,47035,0.0001,4.415525913238525
188328,0.05,1560,-130.35011112,2242,120,84.0,47056,0.0001,4.8251447677612305
188412,0.05,1561,-130.10186732,2243,120,84.0,47077,0.0001,8.854290008544922
188496,0.05,1562,-130.94798722000002,2244,120,84.0,47098,0.0001,12.165759086608887
188580,0.05,1563,-131.83689912000003,2245,120,84.0,47119,0.0001,1.4748927354812622
188664,0.05,1564,-133.60457657,2246,120,84.0,47140,0.0001,4.448894023895264
188748,0.05,1564,-134.17044604,2247,120,84.0,47161,0.0001,1.3249002695083618
188832,0.05,1565,-135.53078021,2248,120,84.0,47182,0.0001,1.2616071701049805
188916,0.05,1566,-137.38997035,2249,120,84.0,47203,0.0001,0.7297344207763672
189000,0.05,1567,-136.35207382000002,2250,120,84.0,47224,0.0001,5.131006717681885
189084,0.05,1567,-136.67378335,2251,120,84.0,47245,0.0001,1.1711524724960327
189168,0.05,1568,-139.54818065,2252,120,84.0,47266,0.0001,1.2586420774459839
189252,0.05,1569,-139.36638703999998,2253,120,84.0,47287,0.0001,0.913171112537384
189336,0.05,1570,-139.4397874,2254,120,84.0,47308,0.0001,1.283545970916748
189420,0.05,1570,-140.48307293999997,2255,120,84.0,47329,0.0001,5.135565757751465
189504,0.05,1571,-142.58644655,2256,120,84.0,47350,0.0001,1.4231176376342773
189588,0.05,1572,-143.36729358,2257,120,84.0,47371,0.0001,6.189462661743164
189672,0.05,1573,-144.07713934,2258,120,84.0,47392,0.0001,1.4508483409881592
189756,0.05,1573,-145.22600943999998,2259,120,84.0,47413,0.0001,1.1719295978546143
189840,0.05,1574,-144.93238366,2260,120,84.0,47434,0.0001,5.342695713043213
189924,0.05,1575,-144.46284933999996,2261,120,84.0,47455,0.0001,0.7614806890487671
190008,0.05,1576,-147.46160161,2262,120,84.0,47476,0.0001,1.4015412330627441
190092,0.05,1576,-147.24082991,2263,120,84.0,47497,0.0001,5.305702209472656
190176,0.05,1577,-148.07113126000002,2264,120,84.0,47518,0.0001,1.7908684015274048
190260,0.05,1578,-147.30109058999997,2265,120,84.0,47539,0.0001,5.600160121917725
190344,0.05,1579,-145.24247137999998,2266,120,84.0,47560,0.0001,1.5976746082305908
190428,0.05,1579,-146.01321678,2267,120,84.0,47581,0.0001,3.3712172508239746
190512,0.05,1580,-146.21115071,2268,120,84.0,47602,0.0001,1.4248018264770508
190596,0.05,1581,-147.59917793,2269,120,84.0,47623,0.0001,2.993311882019043
190680,0.05,1582,-147.51960528,2270,120,84.0,47644,0.0001,1.4391109943389893
190764,0.05,1582,-146.93646315,2271,120,84.0,47665,0.0001,5.825230598449707
190848,0.05,1583,-145.25059588,2272,120,84.0,47686,0.0001,2.3928027153015137
190932,0.05,1584,-143.50770302,2273,120,84.0,47707,0.0001,1.449855923652649
191016,0.05,1585,-142.33231049999998,2274,120,84.0,47728,0.0001,1.7790417671203613
191100,0.05,1586,-143.57901138,2275,120,84.0,47749,0.0001,4.9749627113342285
191184,0.05,1586,-143.36690878,2276,120,84.0,47770,0.0001,1.7564470767974854
191268,0.05,1587,-144.24960645000002,2277,120,84.0,47791,0.0001,0.8885775804519653
191352,0.05,1588,-141.38701906999998,2278,120,84.0,47812,0.0001,4.988789081573486
191436,0.05,1589,-139.82080434000002,2279,120,84.0,47833,0.0001,1.9249480962753296
191520,0.05,1590,-137.64656337,2280,120,84.0,47854,0.0001,1.7346000671386719
191604,0.05,1590,-138.47075553000002,2281,120,84.0,47875,0.0001,9.18431282043457
191688,0.05,1591,-140.20548922999998,2282,120,84.0,47896,0.0001,1.5179469585418701
191772,0.05,1592,-140.43559878999997,2283,120,84.0,47917,0.0001,6.06104850769043
191856,0.05,1593,-140.06849509999998,2284,120,84.0,47938,0.0001,1.0489511489868164
191940,0.05,1594,-139.85050891999995,2285,120,84.0,47959,0.0001,5.0911054611206055
192024,0.05,1594,-138.59276042999997,2286,120,84.0,47980,0.0001,0.9736647605895996
192108,0.05,1595,-138.35756461999998,2287,120,84.0,48001,0.0001,0.7386312484741211
192192,0.05,1596,-135.43470893999998,2288,120,84.0,48022,0.0001,5.488692760467529
192276,0.05,1597,-136.04248968,2289,120,84.0,48043,0.0001,2.1896169185638428
192360,0.05,1597,-134.19822324999998,2290,120,84.0,48064,0.0001,6.277483940124512
192444,0.05,1598,-131.97709378000002,2291,120,84.0,48085,0.0001,1.4475106000900269
192528,0.05,1599,-130.96570136000003,2292,120,84.0,48106,0.0001,5.219271659851074
192612,0.05,1600,-129.53441941,2293,120,84.0,48127,0.0001,5.398263931274414
192696,0.05,1601,-131.30263223000003,2294,120,84.0,48148,0.0001,5.261703968048096
192780,0.05,1601,-128.97930761,2295,120,84.0,48169,0.0001,3.111525297164917
192864,0.05,1602,-129.58201053000002,2296,120,84.0,48190,0.0001,1.4245258569717407
192948,0.05,1603,-128.35267723999996,2297,120,84.0,48211,0.0001,0.8510992527008057
193032,0.05,1604,-128.84084409999997,2298,120,84.0,48232,0.0001,1.6041886806488037
193116,0.05,1604,-126.80816562999996,2299,120,84.0,48253,0.0001,2.1480367183685303
193200,0.05,1605,-126.11034959999999,2300,120,84.0,48274,0.0001,0.9861829280853271
193284,0.05,1606,-126.13180420999998,2301,120,84.0,48295,0.0001,2.33701491355896
193368,0.05,1607,-126.66196456999998,2302,120,84.0,48316,0.0001,0.9750944375991821
193452,0.05,1608,-126.9385997,2303,120,84.0,48337,0.0001,0.9375418424606323
193536,0.05,1608,-126.13919828999998,2304,120,84.0,48358,0.0001,1.8602690696716309
193620,0.05,1609,-125.83519617000002,2305,120,84.0,48379,0.0001,9.321500778198242
193704,0.05,1610,-123.46403517,2306,120,84.0,48400,0.0001,5.35125732421875
193788,0.05,1611,-127.03578483000001,2307,120,84.0,48421,0.0001,0.78044593334198
193872,0.05,1612,-126.27682843999999,2308,120,84.0,48442,0.0001,1.4328536987304688
193956,0.05,1612,-126.48148276,2309,120,84.0,48463,0.0001,1.4851408004760742
194040,0.05,1613,-127.92961172,2310,120,84.0,48484,0.0001,8.935298919677734
194124,0.05,1614,-129.01452015999996,2311,120,84.0,48505,0.0001,0.9458847045898438
194208,0.05,1615,-130.06503506999996,2312,120,84.0,48526,0.0001,1.222062587738037
194292,0.05,1615,-129.16035487999997,2313,120,84.0,48547,0.0001,1.7504693269729614
194376,0.05,1616,-127.99082623999999,2314,120,84.0,48568,0.0001,1.4019379615783691
194460,0.05,1617,-126.57853664,2315,120,84.0,48589,0.0001,1.248155117034912
194544,0.05,1618,-127.18670971,2316,120,84.0,48610,0.0001,1.0095419883728027
194628,0.05,1618,-124.15150688000001,2317,120,84.0,48631,0.0001,1.052768349647522
194712,0.05,1619,-125.43663589000002,2318,120,84.0,48652,0.0001,4.882936954498291
194796,0.05,1620,-127.33536089000003,2319,120,84.0,48673,0.0001,4.6580657958984375
194880,0.05,1621,-124.06337007,2320,120,84.0,48694,0.0001,4.987941265106201
194964,0.05,1621,-122.45201595000002,2321,120,84.0,48715,0.0001,0.9172651767730713
195048,0.05,1622,-120.24772816000001,2322,120,84.0,48736,0.0001,5.557310581207275
195132,0.05,1623,-121.25778869000001,2323,120,84.0,48757,0.0001,1.1816648244857788
195216,0.05,1624,-121.23863638000003,2324,120,84.0,48778,0.0001,1.7856072187423706
195300,0.05,1624,-117.71644102000002,2325,120,84.0,48799,0.0001,2.2390785217285156
195384,0.05,1625,-117.36796670000004,2326,120,84.0,48820,0.0001,1.2380433082580566
195468,0.05,1626,-120.9554338,2327,120,84.0,48841,0.0001,2.485415458679199
195552,0.05,1627,-123.30628163000003,2328,120,84.0,48862,0.0001,4.777403831481934
195636,0.05,1628,-122.70938294,2329,120,84.0,48883,0.0001,4.813416004180908
195720,0.05,1628,-123.77645340000002,2330,120,84.0,48904,0.0001,5.28399658203125
195804,0.05,1629,-125.48866392000002,2331,120,84.0,48925,0.0001,1.3890373706817627
195888,0.05,1630,-126.81022114000001,2332,120,84.0,48946,0.0001,1.0222809314727783
195972,0.05,1631,-127.74489958,2333,120,84.0,48967,0.0001,4.882600784301758
196056,0.05,1631,-128.25015416999997,2334,120,84.0,48988,0.0001,1.5105500221252441
196140,0.05,1632,-129.4123129,2335,120,84.0,49009,0.0001,2.0536603927612305
196224,0.05,1633,-131.37986779,2336,120,84.0,49030,0.0001,0.8677839040756226
196308,0.05,1634,-128.78800546,2337,120,84.0,49051,0.0001,0.9204920530319214
196392,0.05,1634,-126.57262683999997,2338,120,84.0,49072,0.0001,8.795500755310059
196476,0.05,1635,-125.22465783,2339,120,84.0,49093,0.0001,0.839854896068573
196560,0.05,1636,-124.34022732,2340,120,84.0,49114,0.0001,8.807162284851074
196644,0.05,1636,-123.8300103,2341,120,84.0,49135,0.0001,1.8524408340454102
196728,0.05,1637,-122.92609822,2342,120,84.0,49156,0.0001,5.601274490356445
196812,0.05,1638,-124.35316720000003,2343,120,84.0,49177,0.0001,8.733814239501953
196896,0.05,1639,-126.41225269000002,2344,120,84.0,49198,0.0001,5.256746292114258
196980,0.05,1640,-126.69328377,2345,120,84.0,49219,0.0001,2.0881030559539795
197064,0.05,1640,-127.82547088999999,2346,120,84.0,49240,0.0001,0.8575018644332886
197148,0.05,1641,-126.40054638999999,2347,120,84.0,49261,0.0001,1.3603588342666626
197232,0.05,1642,-125.81273082999996,2348,120,84.0,49282,0.0001,4.719832897186279
197316,0.05,1643,-124.71660973999997,2349,120,84.0,49303,0.0001,0.7522008419036865
197400,0.05,1644,-124.98082346,2350,120,84.0,49324,0.0001,5.703238487243652
197484,0.05,1644,-124.19988323,2351,120,84.0,49345,0.0001,1.0784640312194824
197568,0.05,1645,-122.91363226000001,2352,120,84.0,49366,0.0001,2.820467948913574
197652,0.05,1646,-122.69930792000001,2353,120,84.0,49387,0.0001,0.6966609954833984
197736,0.05,1647,-125.39117323000002,2354,120,84.0,49408,0.0001,1.0787041187286377
197820,0.05,1648,-126.78174024,2355,120,84.0,49429,0.0001,0.7165411710739136
197904,0.05,1648,-125.95188576999999,2356,120,84.0,49450,0.0001,5.204755783081055
197988,0.05,1649,-128.24384027,2357,120,84.0,49471,0.0001,5.33148193359375
198072,0.05,1650,-129.27520855,2358,120,84.0,49492,0.0001,1.0395301580429077
198156,0.05,1651,-128.59437789,2359,120,84.0,49513,0.0001,4.363774299621582
198240,0.05,1652,-129.76711459,2360,119,84.0,49534,0.0001,2.1097347736358643
198324,0.05,1652,-132.42007322999999,2361,119,84.0,49555,0.0001,1.1199778318405151
198408,0.05,1653,-130.58464153,2362,119,84.0,49576,0.0001,0.6206822991371155
198492,0.05,1654,-132.04494664999999,2363,119,84.0,49597,0.0001,5.106487274169922
198576,0.05,1654,-135.12865445999998,2364,119,84.0,49618,0.0001,0.8339703679084778
198660,0.05,1655,-136.46443252999998,2365,119,84.0,49639,0.0001,5.215872287750244
198744,0.05,1656,-139.49847583999997,2366,119,84.0,49660,0.0001,1.485461711883545
198828,0.05,1657,-139.39371278,2367,119,84.0,49681,0.0001,5.023308753967285
198912,0.05,1657,-139.33537709,2368,119,84.0,49702,0.0001,1.4563651084899902
198996,0.05,1658,-139.56015271,2369,119,84.0,49723,0.0001,1.1430453062057495
199080,0.05,1659,-140.51776675,2370,119,84.0,49744,0.0001,1.8677904605865479
199164,0.05,1660,-143.55813775000001,2371,119,84.0,49765,0.0001,5.3225860595703125
199248,0.05,1661,-147.12222825,2372,119,84.0,49786,0.0001,1.1709226369857788
199332,0.05,1661,-151.55630634,2373,119,84.0,49807,0.0001,1.2691361904144287
199416,0.05,1662,-153.7345609,2374,119,84.0,49828,0.0001,5.108236312866211
199500,0.05,1663,-152.16266652,2375,119,84.0,49849,0.0001,5.878925323486328
199584,0.05,1664,-156.58770768,2376,119,84.0,49870,0.0001,1.1226521730422974
199668,0.05,1664,-156.9343568,2377,119,84.0,49891,0.0001,1.4885863065719604
199752,0.05,1665,-157.58911118,2378,119,84.0,49912,0.0001,0.9270459413528442
199836,0.05,1666,-158.05676616,2379,119,84.0,49933,0.0001,0.8605093955993652
199920,0.05,1667,-158.02929769,2380,119,84.0,49954,0.0001,1.1234054565429688
200004,0.05,1668,-159.86911874999998,2381,119,84.0,49975,0.0001,5.610541820526123
200088,0.05,1669,-157.8702207,2382,119,84.0,49996,0.0001,1.687732219696045
200172,0.05,1669,-157.95818952,2383,119,84.0,50017,0.0001,3.10372257232666
200256,0.05,1670,-158.84717819,2384,119,84.0,50038,0.0001,6.223438262939453
200340,0.05,1671,-158.09563144,2385,119,84.0,50059,0.0001,6.17427396774292
200424,0.05,1672,-157.87711880999998,2386,119,84.0,50080,0.0001,1.2091972827911377
200508,0.05,1673,-157.50495980999997,2387,119,84.0,50101,0.0001,1.2878811359405518
200592,0.05,1673,-157.11497611,2388,119,84.0,50122,0.0001,2.072233200073242
200676,0.05,1674,-156.59301892,2389,119,84.0,50143,0.0001,2.565596342086792
200760,0.05,1675,-157.73958162,2390,119,84.0,50164,0.0001,5.212015151977539
200844,0.05,1676,-158.41473288999998,2391,119,84.0,50185,0.0001,1.0588620901107788
200928,0.05,1676,-159.55637384999997,2392,119,84.0,50206,0.0001,4.905157089233398
201012,0.05,1677,-159.64443116999996,2393,119,84.0,50227,0.0001,5.688350677490234
201096,0.05,1678,-158.71135782999997,2394,119,84.0,50248,0.0001,5.120369911193848
201180,0.05,1679,-159.85862617,2395,119,84.0,50269,0.0001,6.7543463706970215
201264,0.05,1679,-161.06470087,2396,119,84.0,50290,0.0001,5.835073947906494
201348,0.05,1680,-160.42848949999998,2397,119,84.0,50311,0.0001,5.323594093322754
201432,0.05,1681,-160.25211276,2398,119,84.0,50332,0.0001,5.916343688964844
201516,0.05,1682,-159.95674015999998,2399,119,84.0,50353,0.0001,1.3819787502288818
201600,0.05,1682,-159.09510935999998,2400,119,84.0,50374,0.0001,5.66732120513916
201684,0.05,1683,-160.81891768,2401,119,84.0,50395,0.0001,0.866726815700531
201768,0.05,1684,-158.15542388,2402,119,84.0,50416,0.0001,4.721927642822266
201852,0.05,1685,-158.5410266,2403,119,84.0,50437,0.0001,5.746732234954834
201936,0.05,1686,-159.55115196,2404,119,84.0,50458,0.0001,5.785650730133057
202020,0.05,1687,-158.67390741,2405,119,84.0,50479,0.0001,1.1084582805633545
202104,0.05,1687,-160.72115406,2406,119,84.0,50500,0.0001,1.494793176651001
202188,0.05,1688,-158.96029640999998,2407,119,84.0,50521,0.0001,4.554986000061035
202272,0.05,1689,-157.74068647,2408,119,84.0,50542,0.0001,1.266154170036316
202356,0.05,1690,-157.30559189000004,2409,119,84.0,50563,0.0001,0.8971439599990845
202440,0.05,1690,-156.06539461,2410,119,84.0,50584,0.0001,1.381103754043579
202524,0.05,1691,-155.49873866000001,2411,119,84.0,50605,0.0001,5.36843204498291
202608,0.05,1692,-154.68118611000003,2412,119,84.0,50626,0.0001,5.319652080535889
202692,0.05,1693,-153.39450229000002,2413,119,84.0,50647,0.0001,1.1790235042572021
202776,0.05,1694,-153.48531545,2414,119,84.0,50668,0.0001,1.1845977306365967
202860,0.05,1694,-152.05269317999998,2415,119,84.0,50689,0.0001,1.613025188446045
202944,0.05,1695,-150.27275116,2416,119,84.0,50710,0.0001,1.078500509262085
203028,0.05,1696,-150.66261888,2417,119,84.0,50731,0.0001,1.714721441268921
203112,0.05,1697,-148.45688196,2418,119,84.0,50752,0.0001,5.037017822265625
203196,0.05,1698,-147.48780784000002,2419,119,84.0,50773,0.0001,9.706706047058105
203280,0.05,1698,-148.19148704,2420,119,84.0,50794,0.0001,4.931617736816406
203364,0.05,1699,-147.72899725,2421,119,84.0,50815,0.0001,8.952363967895508
203448,0.05,1700,-147.06179691999998,2422,119,84.0,50836,0.0001,1.4307562112808228
203532,0.05,1701,-145.80776752,2423,119,84.0,50857,0.0001,5.921728134155273
203616,0.05,1702,-146.19215226,2424,119,84.0,50878,0.0001,1.0133635997772217
203700,0.05,1702,-147.57303702,2425,119,84.0,50899,0.0001,2.1162099838256836
203784,0.05,1703,-147.51715789,2426,119,84.0,50920,0.0001,1.1838839054107666
203868,0.05,1704,-144.04527171,2427,119,84.0,50941,0.0001,1.0075879096984863
203952,0.05,1705,-144.45411851,2428,119,84.0,50962,0.0001,1.7699860334396362
204036,0.05,1705,-141.87830398,2429,119,84.0,50983,0.0001,4.946741104125977
204120,0.05,1706,-143.97409523,2430,119,84.0,51004,0.0001,1.0183501243591309
204204,0.05,1707,-141.69863584,2431,119,84.0,51025,0.0001,9.585927963256836
204288,0.05,1708,-141.91010228,2432,119,84.0,51046,0.0001,4.842625141143799
204372,0.05,1709,-141.28561058000003,2433,119,84.0,51067,0.0001,0.9516699314117432
204456,0.05,1709,-140.86324648,2434,119,84.0,51088,0.0001,8.533660888671875
204540,0.05,1710,-139.56820428,2435,119,84.0,51109,0.0001,1.5315780639648438
204624,0.05,1711,-138.71268515000003,2436,119,84.0,51130,0.0001,5.350958347320557
204708,0.05,1712,-139.84884872,2437,119,84.0,51151,0.0001,1.1214861869812012
204792,0.05,1712,-141.37262803000002,2438,119,84.0,51172,0.0001,0.9849528074264526
204876,0.05,1713,-143.78855934000003,2439,119,84.0,51193,0.0001,1.3031136989593506
204960,0.05,1714,-146.40691024,2440,119,84.0,51214,0.0001,1.678780198097229
205044,0.05,1715,-147.54005626,2441,119,84.0,51235,0.0001,2.214498996734619
205128,0.05,1715,-147.33045055,2442,119,84.0,51256,0.0001,0.6877723336219788
205212,0.05,1716,-145.30026138,2443,119,84.0,51277,0.0001,5.359720230102539
205296,0.05,1717,-142.86323394,2444,119,84.0,51298,0.0001,0.9732229113578796
205380,0.05,1718,-141.90045291999996,2445,119,84.0,51319,0.0001,9.206550598144531
205464,0.05,1718,-140.15568792,2446,119,84.0,51340,0.0001,1.2855486869812012
205548,0.05,1719,-142.42089534000002,2447,119,84.0,51361,0.0001,1.060267448425293
205632,0.05,1720,-141.13703024000003,2448,119,84.0,51382,0.0001,5.215229034423828
205716,0.05,1721,-139.61715926,2449,119,84.0,51403,0.0001,9.459778785705566
205800,0.05,1721,-139.92497655,2450,119,84.0,51424,0.0001,0.4833788275718689
205884,0.05,1722,-140.58768877000003,2451,119,84.0,51445,0.0001,1.4266619682312012
205968,0.05,1723,-139.77813839,2452,119,84.0,51466,0.0001,1.2171950340270996
206052,0.05,1724,-139.85322719,2453,119,84.0,51487,0.0001,0.9778597354888916
206136,0.05,1724,-138.64513992000002,2454,119,84.0,51508,0.0001,0.6795348525047302
206220,0.05,1725,-136.16237566,2455,119,84.0,51529,0.0001,1.3309214115142822
206304,0.05,1726,-135.8127933,2456,119,84.0,51550,0.0001,1.5342280864715576
206388,0.05,1727,-132.27238743,2457,119,84.0,51571,0.0001,0.9647746086120605
206472,0.05,1728,-134.0903351,2458,119,84.0,51592,0.0001,4.930655002593994
206556,0.05,1728,-136.45341998,2459,119,84.0,51613,0.0001,1.9553470611572266
206640,0.05,1729,-136.91057286,2460,119,84.0,51634,0.0001,1.0543352365493774
206724,0.05,1730,-135.48972803,2461,119,84.0,51655,0.0001,1.0720765590667725
206808,0.05,1731,-135.62335551,2462,119,84.0,51676,0.0001,1.0100946426391602
206892,0.05,1731,-134.36209433000002,2463,119,84.0,51697,0.0001,2.96909236907959
206976,0.05,1732,-134.95889769000001,2464,119,84.0,51718,0.0001,1.2196142673492432
207060,0.05,1733,-134.66532081,2465,119,84.0,51739,0.0001,5.169218063354492
207144,0.05,1734,-134.72022783000003,2466,119,84.0,51760,0.0001,1.3033475875854492
207228,0.05,1735,-138.43652216000004,2467,119,84.0,51781,0.0001,0.8197489976882935
207312,0.05,1735,-141.32139963,2468,119,84.0,51802,0.0001,5.061558723449707
207396,0.05,1736,-141.93595237000002,2469,119,84.0,51823,0.0001,1.635840654373169
207480,0.05,1737,-143.05872486,2470,119,84.0,51844,0.0001,0.6698426008224487
207564,0.05,1737,-140.37113718,2471,119,84.0,51865,0.0001,4.745525360107422
207648,0.05,1738,-139.1347862,2472,119,84.0,51886,0.0001,0.885341465473175
207732,0.05,1739,-137.48278777,2473,119,84.0,51907,0.0001,1.0041483640670776
207816,0.05,1740,-139.00095179,2474,119,84.0,51928,0.0001,0.4535055458545685
207900,0.05,1740,-139.41974433000001,2475,119,84.0,51949,0.0001,4.704042911529541
207984,0.05,1741,-135.64419360000002,2476,119,84.0,51970,0.0001,2.418111562728882
208068,0.05,1742,-135.84640342000003,2477,119,84.0,51991,0.0001,1.7046502828598022
208152,0.05,1743,-135.57029456,2478,119,84.0,52012,0.0001,1.1261720657348633
208236,0.05,1743,-138.70776191000002,2479,119,84.0,52033,0.0001,0.8715044856071472
208320,0.05,1744,-139.92313544,2480,119,84.0,52054,0.0001,1.2815320491790771
208404,0.05,1745,-139.78739107,2481,119,84.0,52075,0.0001,1.0605628490447998
208488,0.05,1746,-140.89883149000002,2482,119,84.0,52096,0.0001,1.2037954330444336
208572,0.05,1746,-144.36297681000002,2483,119,84.0,52117,0.0001,1.0893001556396484
208656,0.05,1747,-145.88601926000004,2484,119,84.0,52138,0.0001,1.6325504779815674
208740,0.05,1748,-148.42686375000002,2485,119,84.0,52159,0.0001,4.959498882293701
208824,0.05,1749,-152.07512475000004,2486,119,84.0,52180,0.0001,4.821465015411377
208908,0.05,1749,-153.14709458000004,2487,119,84.0,52201,0.0001,5.135018348693848
208992,0.05,1750,-154.32558472000005,2488,119,84.0,52222,0.0001,5.697879314422607
209076,0.05,1751,-154.87727690000003,2489,119,84.0,52243,0.0001,0.9412729740142822
209160,0.05,1752,-155.79066185000002,2490,119,84.0,52264,0.0001,1.6359916925430298
209244,0.05,1752,-155.77065165,2491,119,84.0,52285,0.0001,0.8428037166595459
209328,0.05,1753,-154.30128026999998,2492,119,84.0,52306,0.0001,1.4484697580337524
209412,0.05,1754,-155.47214483999997,2493,119,84.0,52327,0.0001,1.5707290172576904
209496,0.05,1755,-156.78562389999996,2494,119,84.0,52348,0.0001,1.1247868537902832
209580,0.05,1755,-157.31010471,2495,119,84.0,52369,0.0001,1.1395729780197144
209664,0.05,1756,-157.14207626999996,2496,119,84.0,52390,0.0001,1.3454397916793823
209748,0.05,1757,-159.37981569,2497,119,84.0,52411,0.0001,5.175614356994629
209832,0.05,1758,-160.10583339999997,2498,119,84.0,52432,0.0001,9.28271484375
209916,0.05,1758,-163.50217872000002,2499,119,84.0,52453,0.0001,1.70542573928833
210000,0.05,1759,-165.61912468999998,2500,119,84.0,52474,0.0001,0.827033519744873
210084,0.05,1760,-166.11173001,2501,119,84.0,52495,0.0001,6.236196994781494
210168,0.05,1761,-167.24721753999998,2502,119,84.0,52516,0.0001,9.47166633605957
210252,0.05,1762,-164.10845253,2503,119,84.0,52537,0.0001,1.026798963546753
210336,0.05,1762,-164.38874662,2504,119,84.0,52558,0.0001,4.951004505157471
210420,0.05,1763,-167.21698055000002,2505,119,84.0,52579,0.0001,4.640634536743164
210504,0.05,1764,-166.07453313000002,2506,119,84.0,52600,0.0001,8.923335075378418
210588,0.05,1765,-164.79302629999998,2507,119,84.0,52621,0.0001,5.943031311035156
210672,0.05,1765,-165.71915636999998,2508,119,84.0,52642,0.0001,2.017418384552002
210756,0.05,1766,-165.21105033,2509,119,84.0,52663,0.0001,1.912588357925415
210840,0.05,1767,-165.79170171,2510,119,84.0,52684,0.0001,0.9743684530258179
210924,0.05,1768,-164.30996389,2511,119,84.0,52705,0.0001,1.939286231994629
211008,0.05,1768,-162.16299197,2512,119,84.0,52726,0.0001,5.868843078613281
211092,0.05,1769,-164.39690678,2513,119,84.0,52747,0.0001,5.2972259521484375
211176,0.05,1770,-164.11025663999996,2514,119,84.0,52768,0.0001,5.304342746734619
211260,0.05,1771,-164.69466807,2515,119,84.0,52789,0.0001,1.2665112018585205
211344,0.05,1771,-165.61044582,2516,119,84.0,52810,0.0001,5.68692684173584
211428,0.05,1772,-165.47573519000002,2517,119,84.0,52831,0.0001,1.8482716083526611
211512,0.05,1773,-166.62482505000003,2518,119,84.0,52852,0.0001,1.3587400913238525
211596,0.05,1774,-165.47203365000001,2519,119,84.0,52873,0.0001,1.282804012298584
211680,0.05,1774,-166.30141328999997,2520,119,84.0,52894,0.0001,1.0212202072143555
211764,0.05,1775,-167.01087200999999,2521,119,84.0,52915,0.0001,1.38688063621521
211848,0.05,1776,-167.68349541999996,2522,119,84.0,52936,0.0001,1.6311514377593994
211932,0.05,1777,-167.41113154,2523,119,84.0,52957,0.0001,1.8186616897583008
212016,0.05,1778,-167.09450094,2524,119,84.0,52978,0.0001,5.086477279663086
212100,0.05,1778,-167.85043621999998,2525,119,84.0,52999,0.0001,2.71208119392395
212184,0.05,1779,-167.81682418999998,2526,119,84.0,53020,0.0001,5.337104797363281
212268,0.05,1780,-169.72016760999998,2527,119,84.0,53041,0.0001,2.8516225814819336
212352,0.05,1781,-167.88022938999998,2528,119,84.0,53062,0.0001,1.8313579559326172
212436,0.05,1782,-170.97996748000003,2529,119,84.0,53083,0.0001,1.124932050704956
212520,0.05,1782,-167.46449766,2530,119,84.0,53104,0.0001,1.2844396829605103
212604,0.05,1783,-168.43623539,2531,119,84.0,53125,0.0001,1.399132251739502
212688,0.05,1784,-167.27733103,2532,119,84.0,53146,0.0001,1.0485036373138428
212772,0.05,1785,-166.11000962999995,2533,119,84.0,53167,0.0001,5.029537677764893
212856,0.05,1785,-165.1220231,2534,119,84.0,53188,0.0001,6.67576789855957
212940,0.05,1786,-163.45668618000002,2535,119,84.0,53209,0.0001,5.169378757476807
213024,0.05,1787,-164.75182713,2536,119,84.0,53230,0.0001,1.126431941986084
213108,0.05,1788,-164.17763355,2537,119,84.0,53251,0.0001,1.882202386856079
213192,0.05,1788,-162.30695802999998,2538,119,84.0,53272,0.0001,1.492409110069275
213276,0.05,1789,-161.51590292999998,2539,119,84.0,53293,0.0001,2.1900038719177246
213360,0.05,1790,-159.18778662,2540,119,84.0,53314,0.0001,5.078465938568115
213444,0.05,1791,-158.30038761,2541,119,84.0,53335,0.0001,2.2423839569091797
213528,0.05,1791,-159.65687707,2542,119,84.0,53356,0.0001,1.1835901737213135
213612,0.05,1792,-158.93118239,2543,119,84.0,53377,0.0001,1.1322219371795654
213696,0.05,1793,-160.43282784,2544,119,84.0,53398,0.0001,5.053604602813721
213780,0.05,1794,-159.46164605,2545,119,84.0,53419,0.0001,4.989570617675781
213864,0.05,1794,-160.79617104,2546,119,84.0,53440,0.0001,5.176121711730957
213948,0.05,1795,-159.34679954,2547,119,84.0,53461,0.0001,2.0284013748168945
214032,0.05,1796,-160.03828821,2548,119,84.0,53482,0.0001,4.747795581817627
214116,0.05,1797,-162.05863953,2549,119,84.0,53503,0.0001,1.6038532257080078
214200,0.05,1797,-161.75616845000002,2550,119,84.0,53524,0.0001,0.9356881976127625
214284,0.05,1798,-162.17915707,2551,119,84.0,53545,0.0001,5.462174415588379
214368,0.05,1799,-165.72653387,2552,119,84.0,53566,0.0001,1.265032172203064
214452,0.05,1799,-168.629048,2553,119,84.0,53587,0.0001,5.206959247589111
214536,0.05,1800,-167.29257877,2554,119,84.0,53608,0.0001,1.0560060739517212
214620,0.05,1801,-167.02130676000002,2555,119,84.0,53629,0.0001,0.9912200570106506
214704,0.05,1802,-165.81458214999998,2556,119,84.0,53650,0.0001,1.178787350654602
214788,0.05,1803,-167.35197202999998,2557,119,84.0,53671,0.0001,5.433836936950684
214872,0.05,1803,-165.33286040000002,2558,119,84.0,53692,0.0001,1.2925405502319336
214956,0.05,1804,-164.87129315,2559,119,84.0,53713,0.0001,0.8881121277809143
215040,0.05,1805,-164.14898548000002,2560,119,84.0,53734,0.0001,1.6590960025787354
215124,0.05,1806,-165.9635149,2561,119,84.0,53755,0.0001,1.617774486541748
215208,0.05,1807,-166.56366526000002,2562,119,84.0,53776,0.0001,5.160711765289307
215292,0.05,1807,-168.52585504,2563,119,84.0,53797,0.0001,1.5078051090240479
215376,0.05,1808,-166.72818846,2564,119,84.0,53818,0.0001,5.422972679138184
215460,0.05,1809,-165.69892975000002,2565,119,84.0,53839,0.0001,1.2150981426239014
215544,0.05,1810,-164.42452003,2566,119,84.0,53860,0.0001,1.6997367143630981
215628,0.05,1810,-161.88465665,2567,119,84.0,53881,0.0001,1.3430087566375732
215712,0.05,1811,-160.82628549,2568,119,84.0,53902,0.0001,4.410367488861084
215796,0.05,1812,-160.95785774,2569,119,84.0,53923,0.0001,1.611701250076294
215880,0.05,1813,-161.03899578,2570,119,84.0,53944,0.0001,1.0549147129058838
215964,0.05,1814,-163.61042335,2571,119,84.0,53965,0.0001,0.7098554372787476
216048,0.05,1814,-161.64456288,2572,119,84.0,53986,0.0001,1.7272322177886963
216132,0.05,1815,-159.99163327,2573,119,84.0,54007,0.0001,5.214232444763184
216216,0.05,1816,-157.30797498,2574,119,84.0,54028,0.0001,0.9493834376335144
216300,0.05,1817,-158.88018865,2575,119,84.0,54049,0.0001,1.0817220211029053
216384,0.05,1817,-160.45933661,2576,119,84.0,54070,0.0001,9.444253921508789
216468,0.05,1818,-160.95531539,2577,119,84.0,54091,0.0001,6.367867469787598
216552,0.05,1819,-160.98000574,2578,119,84.0,54112,0.0001,0.856544017791748
216636,0.05,1820,-158.20735208999997,2579,119,84.0,54133,0.0001,5.723911762237549
216720,0.05,1821,-157.42062767,2580,119,84.0,54154,0.0001,0.5758324861526489
216804,0.05,1821,-157.81021553,2581,119,84.0,54175,0.0001,9.716741561889648
216888,0.05,1822,-159.00744171,2582,119,84.0,54196,0.0001,12.676901817321777
216972,0.05,1823,-155.25772709999998,2583,118,84.0,54217,0.0001,0.7522130012512207
217056,0.05,1824,-154.22178012999998,2584,118,84.0,54238,0.0001,4.633991241455078
217140,0.05,1824,-152.52923119,2585,118,84.0,54259,0.0001,5.081398963928223
217224,0.05,1825,-150.94656309,2586,118,84.0,54280,0.0001,1.3047059774398804
217308,0.05,1826,-150.85929148000002,2587,118,84.0,54301,0.0001,5.383697986602783
217392,0.05,1827,-150.07292346,2588,118,84.0,54322,0.0001,3.562739849090576
217476,0.05,1827,-152.01961744999997,2589,118,84.0,54343,0.0001,1.1044206619262695
217560,0.05,1828,-150.68511485,2590,118,84.0,54364,0.0001,1.3552162647247314
217644,0.05,1829,-150.91260676,2591,118,84.0,54385,0.0001,1.8344091176986694
217728,0.05,1830,-153.44366376,2592,118,84.0,54406,0.0001,0.5845216512680054
217812,0.05,1831,-153.27951382999998,2593,118,84.0,54427,0.0001,1.7067756652832031
217896,0.05,1832,-153.53772438,2594,118,84.0,54448,0.0001,0.6635289788246155
217980,0.05,1832,-153.84245477,2595,118,84.0,54469,0.0001,1.3220393657684326
218064,0.05,1833,-154.07559913,2596,118,84.0,54490,0.0001,0.47432467341423035
218148,0.05,1834,-154.51420194999997,2597,118,84.0,54511,0.0001,6.14127254486084
218232,0.05,1835,-152.08023984,2598,118,84.0,54532,0.0001,1.2071459293365479
218316,0.05,1835,-148.98594874999998,2599,118,84.0,54553,0.0001,4.752070426940918
218400,0.05,1836,-146.65712549999998,2600,118,84.0,54574,0.0001,0.9407761096954346
218484,0.05,1837,-147.34203355999998,2601,118,84.0,54595,0.0001,1.740070104598999
218568,0.05,1838,-145.90093685999997,2602,118,84.0,54616,0.0001,0.9372843503952026
218652,0.05,1839,-148.64487480999998,2603,118,84.0,54637,0.0001,0.8584229946136475
218736,0.05,1839,-148.92596312999999,2604,118,84.0,54658,0.0001,0.9475301504135132
218820,0.05,1840,-147.73159321999995,2605,118,84.0,54679,0.0001,2.6390457153320312
218904,0.05,1841,-147.95479504999997,2606,118,84.0,54700,0.0001,1.5157649517059326
218988,0.05,1842,-148.86991386999998,2607,118,84.0,54721,0.0001,5.086490154266357
219072,0.05,1843,-149.49533418,2608,118,84.0,54742,0.0001,1.4431977272033691
219156,0.05,1843,-151.74077807999996,2609,118,84.0,54763,0.0001,4.938926696777344
219240,0.05,1844,-154.60859723,2610,118,84.0,54784,0.0001,1.6522411108016968
219324,0.05,1845,-156.61437202,2611,118,84.0,54805,0.0001,6.674871444702148
219408,0.05,1846,-157.35412506,2612,118,84.0,54826,0.0001,1.0036060810089111
219492,0.05,1847,-157.25952583,2613,118,84.0,54847,0.0001,1.2081705331802368
219576,0.05,1847,-160.01583672,2614,118,84.0,54868,0.0001,0.9261632561683655
219660,0.05,1848,-163.06712081,2615,118,84.0,54889,0.0001,0.6447514295578003
219744,0.05,1849,-165.39035134999997,2616,118,84.0,54910,0.0001,1.758415699005127
219828,0.05,1850,-167.94792072,2617,118,84.0,54931,0.0001,1.1974778175354004
219912,0.05,1851,-167.48056519,2618,118,84.0,54952,0.0001,5.61501407623291
219996,0.05,1851,-170.80062953000004,2619,118,84.0,54973,0.0001,1.2477781772613525
220080,0.05,1852,-169.59014079,2620,118,84.0,54994,0.0001,1.5044524669647217
220164,0.05,1853,-170.31061114,2621,118,84.0,55015,0.0001,1.7532188892364502
220248,0.05,1854,-170.37360607000002,2622,118,84.0,55036,0.0001,2.062387228012085
220332,0.05,1854,-170.78250231,2623,118,84.0,55057,0.0001,0.8245376348495483
220416,0.05,1855,-169.67445498,2624,118,84.0,55078,0.0001,1.8609459400177002
220500,0.05,1856,-167.09904661000004,2625,118,84.0,55099,0.0001,5.498823165893555
220584,0.05,1857,-166.43883402,2626,118,84.0,55120,0.0001,2.4947853088378906
220668,0.05,1857,-166.22764721,2627,118,84.0,55141,0.0001,9.419795989990234
220752,0.05,1858,-166.92129606999998,2628,118,84.0,55162,0.0001,1.9017775058746338
220836,0.05,1859,-165.58383547000003,2629,118,84.0,55183,0.0001,0.9637801647186279
220920,0.05,1860,-165.56803291,2630,118,84.0,55204,0.0001,1.6408071517944336
221004,0.05,1861,-166.21758801,2631,118,84.0,55225,0.0001,1.8910810947418213
221088,0.05,1861,-166.19051056999996,2632,118,84.0,55246,0.0001,0.9260991215705872
221172,0.05,1862,-166.7254414,2633,118,84.0,55267,0.0001,1.4511958360671997
221256,0.05,1863,-166.19681651,2634,118,84.0,55288,0.0001,1.312943696975708
221340,0.05,1863,-166.40920243,2635,118,84.0,55309,0.0001,5.003706455230713
221424,0.05,1864,-165.92764854,2636,118,84.0,55330,0.0001,4.175240516662598
221508,0.05,1865,-168.06133026,2637,118,84.0,55351,0.0001,1.9865283966064453
221592,0.05,1866,-168.94782406000002,2638,118,84.0,55372,0.0001,1.5765844583511353
221676,0.05,1867,-168.47183373999997,2639,118,84.0,55393,0.0001,5.745405673980713
221760,0.05,1867,-168.44623147,2640,118,84.0,55414,0.0001,6.046060562133789
221844,0.05,1868,-168.52814537999996,2641,118,84.0,55435,0.0001,4.608076572418213
221928,0.05,1869,-167.30414785999994,2642,118,84.0,55456,0.0001,1.9746183156967163
222012,0.05,1870,-169.23143170999992,2643,118,84.0,55477,0.0001,1.3714474439620972
222096,0.05,1870,-167.89141166,2644,118,84.0,55498,0.0001,1.6136410236358643
222180,0.05,1871,-169.0425875,2645,118,84.0,55519,0.0001,2.005666971206665
222264,0.05,1872,-166.44673675,2646,118,84.0,55540,0.0001,5.346948146820068
222348,0.05,1873,-165.10026355,2647,118,84.0,55561,0.0001,1.6331573724746704
222432,0.05,1874,-163.38180988000002,2648,118,84.0,55582,0.0001,1.2577370405197144
222516,0.05,1874,-165.06743349,2649,118,84.0,55603,0.0001,1.1691768169403076
222600,0.05,1875,-164.93776095,2650,118,84.0,55624,0.0001,1.562781572341919
222684,0.05,1876,-165.78062620000003,2651,118,84.0,55645,0.0001,3.3290796279907227
222768,0.05,1877,-162.95027662,2652,118,84.0,55666,0.0001,1.1717265844345093
222852,0.05,1878,-162.28969684,2653,118,84.0,55687,0.0001,1.3574278354644775
222936,0.05,1879,-162.93314344,2654,118,84.0,55708,0.0001,1.7086280584335327
223020,0.05,1880,-165.83799696999998,2655,118,84.0,55729,0.0001,1.1820402145385742
223104,0.05,1880,-166.49075816,2656,118,84.0,55750,0.0001,5.187523365020752
223188,0.05,1881,-164.25848326,2657,118,84.0,55771,0.0001,5.848403453826904
223272,0.05,1882,-164.19002635,2658,118,84.0,55792,0.0001,6.1786017417907715
223356,0.05,1883,-162.90805319000003,2659,118,84.0,55813,0.0001,1.4260005950927734
223440,0.05,1884,-162.47176677000002,2660,118,84.0,55834,0.0001,1.4384238719940186
223524,0.05,1885,-161.03055321000002,2661,118,84.0,55855,0.0001,0.8213835954666138
223608,0.05,1885,-159.83097649,2662,118,84.0,55876,0.0001,2.073018789291382
223692,0.05,1886,-159.00567859999998,2663,118,84.0,55897,0.0001,0.8327445387840271
223776,0.05,1887,-158.98955285999997,2664,118,84.0,55918,0.0001,1.2326698303222656
223860,0.05,1887,-158.99862577000002,2665,118,84.0,55939,0.0001,1.3131256103515625
223944,0.05,1888,-160.06751334,2666,118,84.0,55960,0.0001,1.2704062461853027
224028,0.05,1889,-160.91364005000003,2667,118,84.0,55981,0.0001,4.774065017700195
224112,0.05,1890,-161.30325820000002,2668,118,84.0,56002,0.0001,5.08488655090332
224196,0.05,1891,-159.97237977,2669,118,84.0,56023,0.0001,0.6597952246665955
224280,0.05,1891,-157.8557892,2670,118,84.0,56044,0.0001,1.627779483795166
224364,0.05,1892,-157.10288571,2671,118,84.0,56065,0.0001,1.673006296157837
224448,0.05,1893,-157.46748505000002,2672,118,84.0,56086,0.0001,0.8488461971282959
224532,0.05,1894,-156.40720425,2673,118,84.0,56107,0.0001,1.1360901594161987
224616,0.05,1895,-157.38920042000004,2674,118,84.0,56128,0.0001,1.0853952169418335
224700,0.05,1895,-157.63212854000002,2675,118,84.0,56149,0.0001,1.0746657848358154
224784,0.05,1896,-155.81971301000004,2676,118,84.0,56170,0.0001,0.930733859539032
224868,0.05,1897,-155.16571435000003,2677,118,84.0,56191,0.0001,1.799680233001709
224952,0.05,1898,-154.89852007000002,2678,118,84.0,56212,0.0001,1.5577411651611328
225036,0.05,1899,-156.65413484,2679,118,84.0,56233,0.0001,8.882832527160645
225120,0.05,1899,-159.10812668000003,2680,118,84.0,56254,0.0001,2.904508590698242
225204,0.05,1900,-157.13541610000001,2681,118,84.0,56275,0.0001,0.8485697507858276
225288,0.05,1901,-157.33138238,2682,118,84.0,56296,0.0001,1.388838768005371
225372,0.05,1902,-157.34946606,2683,118,84.0,56317,0.0001,5.968264102935791
225456,0.05,1902,-156.86230812,2684,118,84.0,56338,0.0001,5.112853527069092
225540,0.05,1903,-156.77375421,2685,118,84.0,56359,0.0001,0.874724268913269
225624,0.05,1904,-158.05307963,2686,118,84.0,56380,0.0001,5.7807230949401855
225708,0.05,1904,-159.3730883,2687,118,84.0,56401,0.0001,1.606764554977417
225792,0.05,1905,-161.31688394000003,2688,118,84.0,56422,0.0001,0.9633664488792419
225876,0.05,1906,-159.92392505,2689,118,84.0,56443,0.0001,1.0819056034088135
225960,0.05,1907,-160.58552348,2690,118,84.0,56464,0.0001,1.0717613697052002
226044,0.05,1907,-160.67071607,2691,118,84.0,56485,0.0001,1.8968944549560547
226128,0.05,1908,-158.22221272000002,2692,118,84.0,56506,0.0001,1.3852207660675049
226212,0.05,1909,-159.99131559,2693,118,84.0,56527,0.0001,0.8608497381210327
226296,0.05,1910,-159.44680934000002,2694,118,84.0,56548,0.0001,1.2445802688598633
226380,0.05,1911,-159.57831094,2695,118,84.0,56569,0.0001,1.46474289894104
226464,0.05,1912,-160.56360884,2696,118,84.0,56590,0.0001,5.4113569259643555
226548,0.05,1912,-160.11680224,2697,118,84.0,56611,0.0001,1.8913850784301758
226632,0.05,1913,-161.16776315,2698,118,84.0,56632,0.0001,0.48897093534469604
226716,0.05,1914,-163.88663268,2699,118,84.0,56653,0.0001,1.2530462741851807
226800,0.05,1915,-166.93310622,2700,118,84.0,56674,0.0001,2.301060676574707
226884,0.05,1916,-165.16190999,2701,118,84.0,56695,0.0001,10.733600616455078
226968,0.05,1916,-167.99200804,2702,118,84.0,56716,0.0001,0.8702801465988159
227052,0.05,1917,-165.87616773000002,2703,118,84.0,56737,0.0001,1.934285283088684
227136,0.05,1918,-167.22981869000003,2704,118,84.0,56758,0.0001,1.8291922807693481
227220,0.05,1919,-169.50950557,2705,118,84.0,56779,0.0001,1.286287546157837
227304,0.05,1919,-169.59178748999994,2706,118,84.0,56800,0.0001,4.652066707611084
227388,0.05,1920,-169.76281419999995,2707,118,84.0,56821,0.0001,5.347376346588135
227472,0.05,1921,-171.42577624999996,2708,118,84.0,56842,0.0001,0.7739737629890442
227556,0.05,1922,-169.72218055999997,2709,118,84.0,56863,0.0001,2.1218056678771973
227640,0.05,1923,-168.93557855999998,2710,118,84.0,56884,0.0001,5.771334171295166
227724,0.05,1923,-168.9086722,2711,118,84.0,56905,0.0001,0.6710447072982788
227808,0.05,1924,-170.36153197,2712,118,84.0,56926,0.0001,0.5943006277084351
227892,0.05,1925,-169.76399013999998,2713,118,84.0,56947,0.0001,1.0786314010620117
227976,0.05,1926,-168.65297890999997,2714,118,84.0,56968,0.0001,1.7377852201461792
228060,0.05,1926,-165.75782501999998,2715,118,84.0,56989,0.0001,0.889382004737854
228144,0.05,1927,-163.40885348,2716,118,84.0,57010,0.0001,0.6759907007217407
228228,0.05,1928,-162.64554018,2717,118,84.0,57031,0.0001,0.652588427066803
228312,0.05,1929,-162.21672608,2718,118,84.0,57052,0.0001,1.8065087795257568
228396,0.05,1929,-160.23197135,2719,118,84.0,57073,0.0001,9.742802619934082
228480,0.05,1930,-160.38775749,2720,118,84.0,57094,0.0001,9.306010246276855
228564,0.05,1931,-159.48838453,2721,118,84.0,57115,0.0001,5.178164482116699
228648,0.05,1932,-160.22911785999997,2722,118,84.0,57136,0.0001,0.7293374538421631
228732,0.05,1933,-161.20670006999998,2723,118,84.0,57157,0.0001,3.097648859024048
228816,0.05,1933,-165.34659776,2724,118,84.0,57178,0.0001,0.8234738111495972
228900,0.05,1934,-166.93718593000003,2725,118,84.0,57199,0.0001,5.143900394439697
228984,0.05,1935,-169.1608118,2726,118,84.0,57220,0.0001,1.0156636238098145
229068,0.05,1936,-169.84571904,2727,118,84.0,57241,0.0001,1.2797315120697021
229152,0.05,1936,-171.59659989,2728,118,84.0,57262,0.0001,0.8793778419494629
229236,0.05,1937,-171.43118038999998,2729,118,84.0,57283,0.0001,5.159580707550049
229320,0.05,1938,-172.56795473,2730,118,84.0,57304,0.0001,1.310011625289917
229404,0.05,1938,-173.26978044999998,2731,118,84.0,57325,0.0001,1.032251000404358
229488,0.05,1939,-176.15454425,2732,118,84.0,57346,0.0001,0.8158588409423828
229572,0.05,1940,-175.71003131,2733,118,84.0,57367,0.0001,1.06627357006073
229656,0.05,1941,-176.00789098,2734,118,84.0,57388,0.0001,8.923975944519043
229740,0.05,1941,-176.79861256,2735,118,84.0,57409,0.0001,2.6800143718719482
229824,0.05,1942,-176.40635310000002,2736,118,84.0,57430,0.0001,0.7397341728210449
229908,0.05,1943,-175.97084155000002,2737,118,84.0,57451,0.0001,4.862490653991699
229992,0.05,1944,-178.46244681,2738,118,84.0,57472,0.0001,4.443436145782471
230076,0.05,1945,-179.61965188000002,2739,118,84.0,57493,0.0001,1.3298051357269287
230160,0.05,1945,-179.14612286,2740,118,84.0,57514,0.0001,2.0892386436462402
230244,0.05,1946,-180.52531706999997,2741,118,84.0,57535,0.0001,2.219233989715576
230328,0.05,1947,-182.36198215000005,2742,118,84.0,57556,0.0001,1.8746980428695679
230412,0.05,1948,-180.88485600000004,2743,118,84.0,57577,0.0001,6.8429365158081055
230496,0.05,1948,-180.68144128000003,2744,118,84.0,57598,0.0001,13.488365173339844
230580,0.05,1949,-181.10515043000007,2745,118,84.0,57619,0.0001,1.4863379001617432
230664,0.05,1950,-181.64543218000006,2746,118,84.0,57640,0.0001,6.863346099853516
230748,0.05,1951,-181.98179568000003,2747,118,84.0,57661,0.0001,1.5593429803848267
230832,0.05,1951,-183.65773039000004,2748,118,84.0,57682,0.0001,1.6175963878631592
230916,0.05,1952,-180.58447756,2749,118,84.0,57703,0.0001,1.6029250621795654
231000,0.05,1953,-181.84391029999998,2750,118,84.0,57724,0.0001,1.4777402877807617
231084,0.05,1954,-180.26600568,2751,118,84.0,57745,0.0001,2.8320236206054688
231168,0.05,1954,-178.7187355,2752,118,84.0,57766,0.0001,1.8644843101501465
231252,0.05,1955,-177.51640519,2753,118,84.0,57787,0.0001,7.1627607345581055
231336,0.05,1956,-177.92309669999997,2754,118,84.0,57808,0.0001,0.9485684037208557
231420,0.05,1957,-175.39930443999998,2755,118,84.0,57829,0.0001,1.202882170677185
231504,0.05,1957,-175.57856155,2756,118,84.0,57850,0.0001,2.1278085708618164
231588,0.05,1958,-177.24270242,2757,118,84.0,57871,0.0001,1.159307599067688
231672,0.05,1959,-176.68562974999998,2758,118,84.0,57892,0.0001,1.2655222415924072
231756,0.05,1960,-176.04599464999995,2759,118,84.0,57913,0.0001,11.881664276123047
231840,0.05,1960,-175.55396281999998,2760,118,84.0,57934,0.0001,6.379095077514648
231924,0.05,1961,-174.02862938999996,2761,118,84.0,57955,0.0001,4.623681545257568
232008,0.05,1962,-174.70565265999994,2762,118,84.0,57976,0.0001,5.408657073974609
232092,0.05,1963,-173.31986573999995,2763,118,84.0,57997,0.0001,1.3142287731170654
232176,0.05,1963,-170.70395991999993,2764,118,84.0,58018,0.0001,5.282068252563477
232260,0.05,1964,-171.95668107999998,2765,118,84.0,58039,0.0001,1.2864890098571777
232344,0.05,1965,-170.37720974,2766,118,84.0,58060,0.0001,1.282692790031433
232428,0.05,1966,-168.49860508,2767,118,84.0,58081,0.0001,6.681919097900391
232512,0.05,1967,-166.9328982,2768,118,84.0,58102,0.0001,0.6899819374084473
232596,0.05,1967,-167.42596163000002,2769,118,84.0,58123,0.0001,5.01590633392334
232680,0.05,1968,-167.59475887000005,2770,118,84.0,58144,0.0001,1.987573504447937
232764,0.05,1969,-165.21921728,2771,118,84.0,58165,0.0001,1.0786569118499756
232848,0.05,1970,-165.13459347000003,2772,118,84.0,58186,0.0001,1.2402064800262451
232932,0.05,1971,-166.95842135000004,2773,118,84.0,58207,0.0001,0.7614501714706421
233016,0.05,1971,-168.31321474,2774,118,84.0,58228,0.0001,0.9943385124206543
233100,0.05,1972,-166.98363257,2775,118,84.0,58249,0.0001,0.6943886280059814
233184,0.05,1973,-167.52238031000002,2776,118,84.0,58270,0.0001,0.9824212789535522
233268,0.05,1974,-167.40043329000002,2777,118,84.0,58291,0.0001,1.4822771549224854
233352,0.05,1974,-166.85541393000003,2778,118,84.0,58312,0.0001,1.3047645092010498
233436,0.05,1975,-164.09824748000003,2779,118,84.0,58333,0.0001,1.1318861246109009
233520,0.05,1976,-160.94179355999998,2780,118,84.0,58354,0.0001,4.518186092376709
233604,0.05,1977,-160.47664527999999,2781,118,84.0,58375,0.0001,1.4011484384536743
233688,0.05,1977,-158.37183939,2782,118,84.0,58396,0.0001,1.5051250457763672
233772,0.05,1978,-160.01445759,2783,118,84.0,58417,0.0001,0.8383163213729858
233856,0.05,1979,-160.33844196,2784,118,84.0,58438,0.0001,1.3206983804702759
233940,0.05,1980,-160.73517958,2785,118,84.0,58459,0.0001,1.9922778606414795
234024,0.05,1980,-158.52736719,2786,118,84.0,58480,0.0001,1.6949732303619385
234108,0.05,1981,-158.51164912000002,2787,118,84.0,58501,0.0001,1.1497106552124023
234192,0.05,1982,-156.63103569,2788,118,84.0,58522,0.0001,1.0699857473373413
234276,0.05,1983,-156.04051325000003,2789,118,84.0,58543,0.0001,4.793519496917725
234360,0.05,1983,-158.33180823000004,2790,118,84.0,58564,0.0001,1.0849658250808716
234444,0.05,1984,-157.28991976,2791,118,84.0,58585,0.0001,1.2580474615097046
234528,0.05,1985,-158.25794494000002,2792,118,84.0,58606,0.0001,0.9296940565109253
234612,0.05,1986,-158.27275101000004,2793,118,84.0,58627,0.0001,0.9501700401306152
234696,0.05,1987,-159.17818048000004,2794,118,84.0,58648,0.0001,1.16542387008667
234780,0.05,1987,-158.84499427000003,2795,118,84.0,58669,0.0001,8.468606948852539
234864,0.05,1988,-156.77745702,2796,118,84.0,58690,0.0001,0.9822184443473816
234948,0.05,1989,-154.92704015,2797,118,84.0,58711,0.0001,0.6669230461120605
235032,0.05,1990,-155.25855757,2798,118,84.0,58732,0.0001,1.6481882333755493
235116,0.05,1990,-151.88500033,2799,118,84.0,58753,0.0001,1.2749059200286865
235200,0.05,1991,-149.02226488,2800,118,84.0,58774,0.0001,5.236931800842285
235284,0.05,1992,-147.26665008999998,2801,118,84.0,58795,0.0001,2.88364839553833
235368,0.05,1993,-145.61911744,2802,118,84.0,58816,0.0001,2.2627153396606445
235452,0.05,1993,-146.42898576,2803,118,84.0,58837,0.0001,5.086897850036621
235536,0.05,1994,-144.6450245,2804,118,84.0,58858,0.0001,5.974480152130127
235620,0.05,1995,-141.57510235,2805,118,84.0,58879,0.0001,0.6356717944145203
235704,0.05,1996,-140.49684685000003,2806,118,84.0,58900,0.0001,0.9656640291213989
235788,0.05,1997,-142.06404656,2807,118,84.0,58921,0.0001,1.0872889757156372
235872,0.05,1997,-142.71237099,2808,118,84.0,58942,0.0001,0.9215086102485657
235956,0.05,1998,-142.31740303,2809,118,84.0,58963,0.0001,0.5134254693984985
236040,0.05,1999,-140.68338047999998,2810,118,84.0,58984,0.0001,0.7025911808013916
236124,0.05,2000,-139.76682730000002,2811,118,84.0,59005,0.0001,4.75468111038208
236208,0.05,2000,-138.17339821000002,2812,118,84.0,59026,0.0001,6.135000228881836
236292,0.05,2001,-138.1916173,2813,118,84.0,59047,0.0001,4.946362495422363
236376,0.05,2002,-137.61857421000002,2814,118,84.0,59068,0.0001,5.281110763549805
236460,0.05,2003,-137.64406468,2815,118,84.0,59089,0.0001,3.859717845916748
236544,0.05,2003,-138.99770531000001,2816,118,84.0,59110,0.0001,1.3278995752334595
236628,0.05,2004,-137.76793766999998,2817,118,84.0,59131,0.0001,1.8860960006713867
236712,0.05,2005,-137.97562404,2818,118,84.0,59152,0.0001,0.7640310525894165
236796,0.05,2006,-138.92241876,2819,118,84.0,59173,0.0001,2.460646629333496
236880,0.05,2006,-138.98615079,2820,118,84.0,59194,0.0001,4.648736953735352
236964,0.05,2007,-139.46064195,2821,118,84.0,59215,0.0001,6.646547317504883
237048,0.05,2008,-140.33837558000002,2822,118,84.0,59236,0.0001,5.202425003051758
237132,0.05,2009,-139.24334728,2823,118,84.0,59257,0.0001,4.94754695892334
237216,0.05,2009,-137.76857594,2824,118,84.0,59278,0.0001,0.7542948722839355
237300,0.05,2010,-138.38543554,2825,118,84.0,59299,0.0001,1.0176734924316406
237384,0.05,2011,-136.75439958,2826,118,84.0,59320,0.0001,2.8415775299072266
237468,0.05,2012,-135.46264317000004,2827,118,84.0,59341,0.0001,2.075874090194702
237552,0.05,2012,-135.53638826,2828,118,84.0,59362,0.0001,5.2664384841918945
237636,0.05,2013,-134.16778695000002,2829,118,84.0,59383,0.0001,5.164462089538574
237720,0.05,2014,-134.47957398,2830,118,84.0,59404,0.0001,1.4876468181610107
237804,0.05,2015,-133.70661755999998,2831,118,84.0,59425,0.0001,13.540005683898926
237888,0.05,2015,-131.25641892,2832,118,84.0,59446,0.0001,0.6442748308181763
237972,0.05,2016,-131.92283912000002,2833,118,84.0,59467,0.0001,0.6769137978553772
238056,0.05,2017,-133.01758452,2834,117,84.0,59488,0.0001,1.3640882968902588
238140,0.05,2018,-132.96633526000002,2835,117,84.0,59509,0.0001,0.5062035918235779
238224,0.05,2019,-132.80887991000003,2836,117,84.0,59530,0.0001,2.7516517639160156
238308,0.05,2019,-132.87018742,2837,117,84.0,59551,0.0001,1.1259572505950928
238392,0.05,2020,-132.23372164,2838,117,84.0,59572,0.0001,4.831623077392578
238476,0.05,2021,-131.74956424,2839,117,84.0,59593,0.0001,4.8984575271606445
238560,0.05,2022,-132.43306104,2840,117,84.0,59614,0.0001,0.515677809715271
238644,0.05,2022,-133.93951855000003,2841,117,84.0,59635,0.0001,1.2046018838882446
238728,0.05,2023,-134.64727866,2842,117,84.0,59656,0.0001,0.7769439220428467
238812,0.05,2024,-137.16353072,2843,117,84.0,59677,0.0001,2.9297075271606445
238896,0.05,2025,-137.32879909000002,2844,117,84.0,59698,0.0001,4.831279277801514
238980,0.05,2026,-137.08483754000002,2845,117,84.0,59719,0.0001,0.952322244644165
239064,0.05,2026,-137.89621688000003,2846,117,84.0,59740,0.0001,5.429152011871338
239148,0.05,2027,-137.92127692000003,2847,117,84.0,59761,0.0001,4.775292873382568
239232,0.05,2028,-136.99382735,2848,117,84.0,59782,0.0001,1.0196826457977295
239316,0.05,2029,-137.78517435999998,2849,117,84.0,59803,0.0001,8.664206504821777
239400,0.05,2030,-135.84301814999998,2850,117,84.0,59824,0.0001,1.2779710292816162
239484,0.05,2030,-138.21036498,2851,117,84.0,59845,0.0001,0.43434521555900574
239568,0.05,2031,-139.62498965,2852,117,84.0,59866,0.0001,2.087524175643921
239652,0.05,2032,-141.2974838,2853,117,84.0,59887,0.0001,1.0875619649887085
239736,0.05,2033,-139.93666577000002,2854,117,84.0,59908,0.0001,2.5148186683654785
239820,0.05,2033,-140.24524472000002,2855,117,84.0,59929,0.0001,0.767876148223877
239904,0.05,2034,-138.60593965,2856,117,84.0,59950,0.0001,1.4021294116973877
239988,0.05,2035,-138.33157968,2857,117,84.0,59971,0.0001,1.1355646848678589
240072,0.05,2036,-139.96697748,2858,117,84.0,59992,0.0001,2.0032238960266113
240156,0.05,2036,-140.19983416,2859,117,84.0,60013,0.0001,1.3598895072937012
240240,0.05,2037,-140.77044413,2860,117,84.0,60034,0.0001,5.687461853027344
240324,0.05,2038,-141.10211625999997,2861,117,84.0,60055,0.0001,0.8617019653320312
240408,0.05,2039,-139.89842314,2862,117,84.0,60076,0.0001,4.500416278839111
240492,0.05,2039,-140.47304169,2863,117,84.0,60097,0.0001,2.026907444000244
240576,0.05,2040,-141.59225517000002,2864,117,84.0,60118,0.0001,1.8433687686920166
240660,0.05,2041,-139.92342772,2865,117,84.0,60139,0.0001,2.2787420749664307
240744,0.05,2042,-137.53230241,2866,117,84.0,60160,0.0001,1.2516233921051025
240828,0.05,2042,-138.06542019,2867,117,84.0,60181,0.0001,1.8250575065612793
240912,0.05,2043,-138.50172192,2868,117,84.0,60202,0.0001,4.956814765930176
240996,0.05,2044,-138.82748706,2869,117,84.0,60223,0.0001,6.507185459136963
241080,0.05,2045,-138.89559305,2870,117,84.0,60244,0.0001,1.771486520767212
241164,0.05,2046,-139.24674219,2871,117,84.0,60265,0.0001,5.557480812072754
241248,0.05,2046,-138.86635704,2872,117,84.0,60286,0.0001,2.7569518089294434
241332,0.05,2047,-136.77177576,2873,117,84.0,60307,0.0001,2.512449264526367
241416,0.05,2048,-134.25460548,2874,117,84.0,60328,0.0001,10.1003999710083
241500,0.05,2049,-133.43011487,2875,117,84.0,60349,0.0001,2.2819297313690186
241584,0.05,2049,-133.71653279,2876,117,84.0,60370,0.0001,1.2028477191925049
241668,0.05,2050,-133.96691855,2877,117,84.0,60391,0.0001,0.9945406317710876
241752,0.05,2051,-135.03715753000003,2878,117,84.0,60412,0.0001,1.0994679927825928
241836,0.05,2052,-135.14201970000002,2879,117,84.0,60433,0.0001,0.688692569732666
241920,0.05,2052,-135.65877198,2880,117,84.0,60454,0.0001,1.1435546875
242004,0.05,2053,-135.62871387,2881,117,84.0,60475,0.0001,1.3469250202178955
242088,0.05,2054,-137.60102098,2882,117,84.0,60496,0.0001,4.758417129516602
242172,0.05,2055,-136.33992621,2883,117,84.0,60517,0.0001,5.140552043914795
242256,0.05,2056,-136.73772824000002,2884,117,84.0,60538,0.0001,1.4993360042572021
242340,0.05,2056,-136.68412375000003,2885,117,84.0,60559,0.0001,8.628623008728027
242424,0.05,2057,-138.24972954999998,2886,117,84.0,60580,0.0001,2.9496450424194336
242508,0.05,2058,-136.93005425000004,2887,117,84.0,60601,0.0001,1.5733373165130615
242592,0.05,2059,-136.82468175,2888,117,84.0,60622,0.0001,17.533588409423828
242676,0.05,2059,-138.40213747,2889,117,84.0,60643,0.0001,14.284311294555664
242760,0.05,2060,-137.59418169000003,2890,117,84.0,60664,0.0001,0.940923810005188
242844,0.05,2061,-136.60841376,2891,117,84.0,60685,0.0001,5.759693622589111
242928,0.05,2062,-135.68608806000003,2892,117,84.0,60706,0.0001,6.105475425720215
243012,0.05,2062,-133.02473881000003,2893,117,84.0,60727,0.0001,0.8607175350189209
243096,0.05,2063,-130.86121670000003,2894,117,84.0,60748,0.0001,1.1612426042556763
243180,0.05,2064,-128.49145507000003,2895,117,84.0,60769,0.0001,5.5344462394714355
243264,0.05,2065,-128.02998234,2896,117,84.0,60790,0.0001,9.765316009521484
243348,0.05,2066,-128.79562201000002,2897,117,84.0,60811,0.0001,1.4880428314208984
243432,0.05,2066,-129.41449227,2898,117,84.0,60832,0.0001,0.5784680843353271
243516,0.05,2067,-130.3005357,2899,117,84.0,60853,0.0001,1.532282829284668
243600,0.05,2068,-131.69968715,2900,117,84.0,60874,0.0001,1.3710947036743164
243684,0.05,2069,-133.65217739,2901,117,84.0,60895,0.0001,0.9536232352256775
243768,0.05,2069,-133.28042889000002,2902,117,84.0,60916,0.0001,1.1844595670700073
243852,0.05,2070,-132.83954450000002,2903,117,84.0,60937,0.0001,0.6136263012886047
243936,0.05,2071,-131.55136206,2904,117,84.0,60958,0.0001,0.8984349966049194
244020,0.05,2072,-132.29533886,2905,117,84.0,60979,0.0001,0.8059154748916626
244104,0.05,2072,-131.76034645,2906,117,84.0,61000,0.0001,1.6624107360839844
244188,0.05,2073,-128.33035800999997,2907,117,84.0,61021,0.0001,5.809533596038818
244272,0.05,2074,-125.83207562999998,2908,117,84.0,61042,0.0001,0.9276607036590576
244356,0.05,2075,-127.92534182999997,2909,117,84.0,61063,0.0001,0.8839424252510071
244440,0.05,2076,-127.24265173999999,2910,117,84.0,61084,0.0001,1.270302414894104
244524,0.05,2076,-127.06463313999998,2911,117,84.0,61105,0.0001,1.0289725065231323
244608,0.05,2077,-128.07804889000002,2912,117,84.0,61126,0.0001,1.168944239616394
244692,0.05,2078,-128.08795182000003,2913,117,84.0,61147,0.0001,2.257990837097168
244776,0.05,2079,-127.23529306000005,2914,117,84.0,61168,0.0001,1.0209410190582275
244860,0.05,2079,-126.01823815000002,2915,117,84.0,61189,0.0001,5.072701930999756
244944,0.05,2080,-125.53221676000003,2916,117,84.0,61210,0.0001,5.647764682769775
245028,0.05,2081,-126.64548503000002,2917,117,84.0,61231,0.0001,1.0452406406402588
245112,0.05,2082,-126.95015457000004,2918,117,84.0,61252,0.0001,6.4347686767578125
245196,0.05,2082,-126.37553064000002,2919,117,84.0,61273,0.0001,1.007986068725586
245280,0.05,2083,-126.03151519000001,2920,117,84.0,61294,0.0001,4.405828475952148
245364,0.05,2084,-126.14118761,2921,117,84.0,61315,0.0001,1.6480768918991089
245448,0.05,2085,-125.47501285,2922,117,84.0,61336,0.0001,1.0469627380371094
245532,0.05,2085,-127.06428454,2923,117,84.0,61357,0.0001,4.447658061981201
245616,0.05,2086,-124.17624871000002,2924,117,84.0,61378,0.0001,1.3005709648132324
245700,0.05,2087,-123.31615815,2925,117,84.0,61399,0.0001,1.7405853271484375
245784,0.05,2088,-124.83618686,2926,117,84.0,61420,0.0001,1.119828224182129
245868,0.05,2089,-123.5803349,2927,117,84.0,61441,0.0001,0.6677760481834412
245952,0.05,2090,-121.75410662,2928,117,84.0,61462,0.0001,0.5478174686431885
246036,0.05,2090,-123.40952501000001,2929,117,84.0,61483,0.0001,5.280863285064697
246120,0.05,2091,-123.79903160000002,2930,117,84.0,61504,0.0001,5.651430130004883
246204,0.05,2092,-124.47289031000003,2931,117,84.0,61525,0.0001,0.8071674108505249
246288,0.05,2093,-126.66756230000001,2932,117,84.0,61546,0.0001,4.655059814453125
246372,0.05,2094,-127.02371432,2933,117,84.0,61567,0.0001,8.340169906616211
246456,0.05,2095,-126.3507775,2934,117,84.0,61588,0.0001,4.895869255065918
246540,0.05,2095,-125.89342625999998,2935,117,84.0,61609,0.0001,1.0006661415100098
246624,0.05,2096,-126.30673369999998,2936,117,84.0,61630,0.0001,9.68193244934082
246708,0.05,2097,-124.78176499999998,2937,117,84.0,61651,0.0001,5.255805015563965
246792,0.05,2098,-124.15859163,2938,117,84.0,61672,0.0001,0.5906624794006348
246876,0.05,2099,-125.33329364000001,2939,117,84.0,61693,0.0001,5.900416851043701
246960,0.05,2099,-125.07113236,2940,117,84.0,61714,0.0001,1.8883402347564697
247044,0.05,2100,-122.87369342999999,2941,117,84.0,61735,0.0001,5.79913854598999
247128,0.05,2101,-119.79681858,2942,117,84.0,61756,0.0001,1.5141197443008423
247212,0.05,2102,-117.40723693,2943,117,84.0,61777,0.0001,5.072720050811768
247296,0.05,2103,-118.26347929000002,2944,117,84.0,61798,0.0001,0.6363587379455566
247380,0.05,2103,-119.08311496,2945,117,84.0,61819,0.0001,0.6509150266647339
247464,0.05,2104,-117.9700872,2946,117,84.0,61840,0.0001,1.0033395290374756
247548,0.05,2105,-119.33117215,2947,117,84.0,61861,0.0001,5.885458946228027
247632,0.05,2106,-120.45619009999999,2948,117,84.0,61882,0.0001,1.0170567035675049
247716,0.05,2106,-120.59648556,2949,117,84.0,61903,0.0001,1.5067729949951172
247800,0.05,2107,-122.45135657000003,2950,117,84.0,61924,0.0001,1.5700249671936035
247884,0.05,2108,-121.01557698,2951,117,84.0,61945,0.0001,4.698060035705566
247968,0.05,2109,-120.18182987000002,2952,117,84.0,61966,0.0001,1.2895934581756592
248052,0.05,2109,-118.75812368000001,2953,117,84.0,61987,0.0001,4.92179536819458
248136,0.05,2110,-119.03803504000001,2954,117,84.0,62008,0.0001,5.236929893493652
248220,0.05,2111,-119.38473258999998,2955,117,84.0,62029,0.0001,1.165001392364502
248304,0.05,2112,-122.03967092,2956,117,84.0,62050,0.0001,5.227385997772217
248388,0.05,2112,-123.2029932,2957,117,84.0,62071,0.0001,13.0281400680542
248472,0.05,2113,-124.55947395,2958,117,84.0,62092,0.0001,0.7676867842674255
248556,0.05,2114,-126.55132624,2959,117,84.0,62113,0.0001,1.2158868312835693
248640,0.05,2115,-128.21537104,2960,117,84.0,62134,0.0001,0.7041040658950806
248724,0.05,2115,-129.64833782,2961,117,84.0,62155,0.0001,6.09262752532959
248808,0.05,2116,-131.91298403,2962,117,84.0,62176,0.0001,1.086930751800537
248892,0.05,2117,-132.14803017,2963,117,84.0,62197,0.0001,1.8151384592056274
248976,0.05,2118,-133.63901453,2964,117,84.0,62218,0.0001,6.142220497131348
249060,0.05,2118,-133.51168428,2965,117,84.0,62239,0.0001,2.3591907024383545
249144,0.05,2119,-136.65326842000002,2966,117,84.0,62260,0.0001,5.027254581451416
249228,0.05,2120,-136.21893599,2967,117,84.0,62281,0.0001,0.887883186340332
249312,0.05,2121,-137.1038094,2968,117,84.0,62302,0.0001,0.712899923324585
249396,0.05,2121,-137.13649350999998,2969,117,84.0,62323,0.0001,5.799360275268555
249480,0.05,2122,-138.44127303,2970,117,84.0,62344,0.0001,2.2155489921569824
249564,0.05,2123,-138.91981505,2971,117,84.0,62365,0.0001,6.198581218719482
249648,0.05,2124,-139.2802455,2972,117,84.0,62386,0.0001,5.503408908843994
249732,0.05,2125,-140.25877387000003,2973,117,84.0,62407,0.0001,1.3533490896224976
249816,0.05,2125,-139.80876602,2974,117,84.0,62428,0.0001,1.5501153469085693
249900,0.05,2126,-140.12265632,2975,117,84.0,62449,0.0001,8.739155769348145
249984,0.05,2127,-140.36138060000002,2976,117,84.0,62470,0.0001,4.948718070983887
250068,0.05,2128,-140.01708496999998,2977,117,84.0,62491,0.0001,1.3477139472961426
250152,0.05,2128,-139.4522391,2978,117,84.0,62512,0.0001,6.170195579528809
250236,0.05,2129,-141.01757773,2979,117,84.0,62533,0.0001,5.130629539489746
250320,0.05,2130,-141.66144699999998,2980,117,84.0,62554,0.0001,3.4249072074890137
250404,0.05,2131,-142.56806292,2981,117,84.0,62575,0.0001,1.8096091747283936
250488,0.05,2131,-140.58111322000002,2982,117,84.0,62596,0.0001,1.8717730045318604
250572,0.05,2132,-141.01652235,2983,117,84.0,62617,0.0001,1.6239160299301147
250656,0.05,2133,-139.79265447,2984,117,84.0,62638,0.0001,9.42107105255127
250740,0.05,2134,-140.71439922000002,2985,117,84.0,62659,0.0001,0.9445334672927856
250824,0.05,2134,-138.37504389,2986,117,84.0,62680,0.0001,0.9859896302223206
250908,0.05,2135,-137.77480429000002,2987,117,84.0,62701,0.0001,0.8910737633705139
250992,0.05,2136,-138.04568202000002,2988,117,84.0,62722,0.0001,1.6099101305007935
251076,0.05,2137,-136.94414788,2989,117,84.0,62743,0.0001,0.8387686610221863
251160,0.05,2138,-134.71373784,2990,117,84.0,62764,0.0001,5.664618492126465
251244,0.05,2138,-135.13521981,2991,117,84.0,62785,0.0001,5.906513690948486
251328,0.05,2139,-135.56299635000002,2992,117,84.0,62806,0.0001,1.6595675945281982
251412,0.05,2140,-135.88920587,2993,117,84.0,62827,0.0001,12.938010215759277
251496,0.05,2141,-135.98166116000002,2994,117,84.0,62848,0.0001,0.5982728004455566
251580,0.05,2141,-136.30877582000002,2995,117,84.0,62869,0.0001,1.4648791551589966
251664,0.05,2142,-138.23583958,2996,117,84.0,62890,0.0001,1.7609028816223145
251748,0.05,2143,-137.63658900000001,2997,117,84.0,62911,0.0001,0.7545850872993469
251832,0.05,2144,-138.25880024999998,2998,117,84.0,62932,0.0001,1.1333105564117432
251916,0.05,2144,-138.29708103000002,2999,117,84.0,62953,0.0001,1.3285553455352783
252000,0.05,2145,-137.50422961,3000,117,84.0,62974,0.0001,1.0607028007507324
252084,0.05,2146,-137.70020650000004,3001,117,84.0,62995,0.0001,5.673798084259033
252168,0.05,2147,-137.42589863,3002,117,84.0,63016,0.0001,4.8152594566345215
252252,0.05,2147,-137.49095485000004,3003,117,84.0,63037,0.0001,1.7617957592010498
252336,0.05,2148,-139.43481184,3004,117,84.0,63058,0.0001,1.1235986948013306
252420,0.05,2149,-140.25347264,3005,117,84.0,63079,0.0001,1.8711638450622559
252504,0.05,2150,-142.24444642999998,3006,117,84.0,63100,0.0001,4.658628940582275
252588,0.05,2151,-142.93440457000003,3007,117,84.0,63121,0.0001,0.936469316482544
252672,0.05,2152,-143.09058664000003,3008,117,84.0,63142,0.0001,3.0882105827331543
252756,0.05,2152,-141.69392974000002,3009,117,84.0,63163,0.0001,0.8771352767944336
252840,0.05,2153,-140.95574824000002,3010,117,84.0,63184,0.0001,1.3025274276733398
252924,0.05,2154,-141.08326332,3011,117,84.0,63205,0.0001,0.8211285471916199
253008,0.05,2155,-141.66999134,3012,117,84.0,63226,0.0001,3.0472893714904785
253092,0.05,2155,-141.27378747999998,3013,117,84.0,63247,0.0001,5.488790035247803
253176,0.05,2156,-141.45070266000002,3014,117,84.0,63268,0.0001,0.7793705463409424
253260,0.05,2157,-141.24493255,3015,117,84.0,63289,0.0001,5.852190971374512
253344,0.05,2158,-140.47767978,3016,117,84.0,63310,0.0001,1.200364351272583
253428,0.05,2159,-140.23195259,3017,117,84.0,63331,0.0001,1.5155901908874512
253512,0.05,2159,-140.72836594999998,3018,117,84.0,63352,0.0001,0.5585596561431885
253596,0.05,2160,-139.92405619,3019,117,84.0,63373,0.0001,2.282853126525879
253680,0.05,2161,-141.14379606999998,3020,117,84.0,63394,0.0001,6.5226569175720215
253764,0.05,2161,-141.65246410999998,3021,117,84.0,63415,0.0001,5.121305465698242
253848,0.05,2162,-140.06455451999997,3022,117,84.0,63436,0.0001,4.626715660095215
253932,0.05,2163,-139.5583992,3023,117,84.0,63457,0.0001,0.8185304403305054
254016,0.05,2164,-140.49537503,3024,117,84.0,63478,0.0001,0.8871369957923889
254100,0.05,2164,-139.70120004,3025,117,84.0,63499,0.0001,6.010916233062744
254184,0.05,2165,-137.86304822,3026,117,84.0,63520,0.0001,0.9338897466659546
254268,0.05,2166,-138.27052894,3027,117,84.0,63541,0.0001,1.073885440826416
254352,0.05,2167,-139.00452494,3028,117,84.0,63562,0.0001,1.2867070436477661
254436,0.05,2168,-138.28056178,3029,117,84.0,63583,0.0001,5.19122314453125
254520,0.05,2168,-136.95290657,3030,117,84.0,63604,0.0001,1.199753761291504
254604,0.05,2169,-136.38040395,3031,117,84.0,63625,0.0001,1.5752676725387573
254688,0.05,2170,-134.57632921,3032,117,84.0,63646,0.0001,1.0593632459640503
254772,0.05,2171,-133.10463633,3033,117,84.0,63667,0.0001,1.4086503982543945
254856,0.05,2172,-132.93970749,3034,117,84.0,63688,0.0001,0.6327595710754395
254940,0.05,2172,-134.75322592,3035,117,84.0,63709,0.0001,0.5999942421913147
255024,0.05,2173,-135.81470839000002,3036,117,84.0,63730,0.0001,9.198829650878906
255108,0.05,2174,-135.48797652000002,3037,117,84.0,63751,0.0001,1.6873494386672974
255192,0.05,2175,-135.93719887,3038,117,84.0,63772,0.0001,9.068477630615234
255276,0.05,2176,-134.41040886000002,3039,117,84.0,63793,0.0001,1.4607722759246826
255360,0.05,2176,-136.32349423000002,3040,117,84.0,63814,0.0001,0.8728710412979126
255444,0.05,2177,-136.37139197000002,3041,117,84.0,63835,0.0001,8.68641185760498
255528,0.05,2178,-136.56798279000003,3042,117,84.0,63856,0.0001,8.738788604736328
255612,0.05,2179,-136.88254346000002,3043,117,84.0,63877,0.0001,9.182914733886719
255696,0.05,2179,-136.59724091,3044,117,84.0,63898,0.0001,4.050596714019775
255780,0.05,2180,-136.80735180000002,3045,117,84.0,63919,0.0001,5.654909610748291
255864,0.05,2181,-136.67006296000002,3046,117,84.0,63940,0.0001,0.7776567935943604
255948,0.05,2182,-136.67618704,3047,117,84.0,63961,0.0001,6.244047164916992
256032,0.05,2183,-137.69813903,3048,117,84.0,63982,0.0001,5.029379367828369
256116,0.05,2183,-137.28172680999998,3049,117,84.0,64003,0.0001,5.8029327392578125
256200,0.05,2184,-135.55231164999998,3050,117,84.0,64024,0.0001,0.905138373374939
256284,0.05,2185,-134.5729671,3051,117,84.0,64045,0.0001,5.364782333374023
256368,0.05,2186,-135.03807884999998,3052,117,84.0,64066,0.0001,1.5499482154846191
256452,0.05,2186,-135.90788207,3053,117,84.0,64087,0.0001,1.5219016075134277
256536,0.05,2187,-136.46259148000001,3054,117,84.0,64108,0.0001,1.2824101448059082
256620,0.05,2188,-135.88553118000002,3055,117,84.0,64129,0.0001,6.612125396728516
256704,0.05,2189,-134.89241167000003,3056,117,84.0,64150,0.0001,0.49556729197502136
256788,0.05,2189,-134.72300149000003,3057,117,84.0,64171,0.0001,0.6281685829162598
256872,0.05,2190,-132.60804096,3058,117,84.0,64192,0.0001,1.5090200901031494
256956,0.05,2191,-131.2360315,3059,117,84.0,64213,0.0001,1.9396648406982422
257040,0.05,2192,-130.90344436,3060,117,84.0,64234,0.0001,1.562246322631836
257124,0.05,2192,-131.71462112999998,3061,117,84.0,64255,0.0001,5.07278299331665
257208,0.05,2193,-130.04357907999997,3062,117,84.0,64276,0.0001,1.6216144561767578
257292,0.05,2194,-130.71549047,3063,117,84.0,64297,0.0001,5.697127342224121
257376,0.05,2195,-129.9901348,3064,117,84.0,64318,0.0001,0.6724423170089722
257460,0.05,2195,-132.16044682999998,3065,117,84.0,64339,0.0001,4.413244247436523
257544,0.05,2196,-130.46193563,3066,117,84.0,64360,0.0001,0.8835541009902954
257628,0.05,2197,-130.50115456,3067,117,84.0,64381,0.0001,1.072309970855713
257712,0.05,2198,-130.57895234,3068,117,84.0,64402,0.0001,1.592382550239563
257796,0.05,2198,-129.97492843,3069,117,84.0,64423,0.0001,4.804335594177246
257880,0.05,2199,-128.19686645,3070,117,84.0,64444,0.0001,4.564306259155273
257964,0.05,2200,-127.81735237,3071,117,84.0,64465,0.0001,1.2137556076049805
258048,0.05,2201,-128.30605482,3072,117,84.0,64486,0.0001,6.286548137664795
258132,0.05,2201,-128.65253565999998,3073,117,84.0,64507,0.0001,5.071719646453857
258216,0.05,2202,-131.11791536,3074,117,84.0,64528,0.0001,0.9807005524635315
258300,0.05,2203,-131.51735722,3075,117,84.0,64549,0.0001,1.157575249671936
258384,0.05,2204,-130.63196882,3076,117,84.0,64570,0.0001,1.1907174587249756
258468,0.05,2204,-132.08328141,3077,117,84.0,64591,0.0001,0.631822943687439
258552,0.05,2205,-133.02003023000003,3078,117,84.0,64612,0.0001,3.7999653816223145
258636,0.05,2206,-133.75577861000002,3079,117,84.0,64633,0.0001,2.866710662841797
258720,0.05,2207,-133.56270258000004,3080,117,84.0,64654,0.0001,5.729458808898926
258804,0.05,2208,-134.26179407,3081,117,84.0,64675,0.0001,1.6038072109222412
258888,0.05,2208,-134.57011576000002,3082,117,84.0,64696,0.0001,0.8524299263954163
258972,0.05,2209,-133.78707530000003,3083,117,84.0,64717,0.0001,0.9361530542373657
259056,0.05,2210,-134.23629093000002,3084,117,84.0,64738,0.0001,5.531848430633545
259140,0.05,2210,-133.97550219,3085,117,84.0,64759,0.0001,4.372947692871094
259224,0.05,2211,-136.16409308,3086,117,84.0,64780,0.0001,0.894249677658081
259308,0.05,2212,-137.11132476,3087,117,84.0,64801,0.0001,0.5173495411872864
259392,0.05,2213,-138.90923310999997,3088,117,84.0,64822,0.0001,1.8204524517059326
259476,0.05,2213,-138.47914690999997,3089,117,84.0,64843,0.0001,0.7688667178153992
259560,0.05,2214,-139.42142231,3090,117,84.0,64864,0.0001,4.790521621704102
259644,0.05,2215,-139.87149872999998,3091,117,84.0,64885,0.0001,0.5471548438072205
259728,0.05,2216,-138.26460223,3092,117,84.0,64906,0.0001,1.3332104682922363
259812,0.05,2217,-139.03376559999998,3093,117,84.0,64927,0.0001,1.1219265460968018
259896,0.05,2217,-141.39757645,3094,117,84.0,64948,0.0001,3.1644721031188965
259980,0.05,2218,-143.48253044999998,3095,117,84.0,64969,0.0001,1.217818260192871
260064,0.05,2219,-141.76394677,3096,117,84.0,64990,0.0001,2.5717380046844482
260148,0.05,2220,-141.90760408999998,3097,117,84.0,65011,0.0001,1.4460890293121338
260232,0.05,2221,-140.940325,3098,117,84.0,65032,0.0001,1.2389135360717773
260316,0.05,2221,-141.35898996,3099,117,84.0,65053,0.0001,1.5189564228057861
260400,0.05,2222,-140.5967937,3100,117,84.0,65074,0.0001,1.5407896041870117
260484,0.05,2223,-140.28528169999998,3101,117,84.0,65095,0.0001,0.8030052781105042
260568,0.05,2224,-140.48214114,3102,117,84.0,65116,0.0001,1.2264147996902466
260652,0.05,2224,-141.19794577,3103,117,84.0,65137,0.0001,1.6784659624099731
260736,0.05,2225,-139.54158185,3104,117,84.0,65158,0.0001,5.168092250823975
260820,0.05,2226,-139.00276546999999,3105,117,84.0,65179,0.0001,1.3565280437469482
260904,0.05,2227,-138.31018765,3106,117,84.0,65200,0.0001,5.769688129425049
260988,0.05,2228,-138.61268521,3107,117,84.0,65221,0.0001,3.281470775604248
261072,0.05,2228,-138.01794984000003,3108,117,84.0,65242,0.0001,1.8509128093719482
261156,0.05,2229,-137.70231568999998,3109,117,84.0,65263,0.0001,0.8949694633483887
261240,0.05,2230,-137.75357924999997,3110,117,84.0,65284,0.0001,1.6025227308273315
261324,0.05,2230,-137.11261388,3111,117,84.0,65305,0.0001,3.245802640914917
261408,0.05,2231,-136.93147488,3112,117,84.0,65326,0.0001,0.9306421279907227
261492,0.05,2232,-137.39685171999997,3113,117,84.0,65347,0.0001,6.479336738586426
261576,0.05,2233,-137.92205216999997,3114,117,84.0,65368,0.0001,1.707135796546936
261660,0.05,2234,-139.96904507999997,3115,117,84.0,65389,0.0001,1.1896239519119263
261744,0.05,2234,-139.84893309999995,3116,117,84.0,65410,0.0001,1.010688304901123
261828,0.05,2235,-140.13301296999998,3117,117,84.0,65431,0.0001,1.0830144882202148
261912,0.05,2236,-138.76022416999996,3118,117,84.0,65452,0.0001,1.4338176250457764
261996,0.05,2237,-138.49355717999998,3119,117,84.0,65473,0.0001,1.1049021482467651
262080,0.05,2238,-137.61078796,3120,117,84.0,65494,0.0001,1.37051260471344
262164,0.05,2238,-137.32993285000003,3121,117,84.0,65515,0.0001,5.97240686416626
262248,0.05,2239,-139.27191445000003,3122,117,84.0,65536,0.0001,5.395907878875732
262332,0.05,2240,-138.67069434,3123,117,84.0,65557,0.0001,2.9622693061828613
262416,0.05,2241,-137.89493810000002,3124,117,84.0,65578,0.0001,1.354169487953186
262500,0.05,2242,-138.70529441,3125,117,84.0,65599,0.0001,1.9795645475387573
262584,0.05,2242,-140.74659576000002,3126,117,84.0,65620,0.0001,0.8640483617782593
262668,0.05,2243,-141.29020161999998,3127,117,84.0,65641,0.0001,0.8404596447944641
262752,0.05,2244,-138.94411871999998,3128,117,84.0,65662,0.0001,2.3117733001708984
262836,0.05,2245,-138.56851992,3129,117,84.0,65683,0.0001,1.5142168998718262
262920,0.05,2246,-138.27202457,3130,117,84.0,65704,0.0001,2.3875417709350586
263004,0.05,2246,-136.8551468,3131,117,84.0,65725,0.0001,0.9072757959365845
263088,0.05,2247,-137.16363609,3132,117,84.0,65746,0.0001,2.1293106079101562
263172,0.05,2248,-139.77891333000002,3133,117,84.0,65767,0.0001,0.5241693258285522
263256,0.05,2249,-139.68962530000002,3134,117,84.0,65788,0.0001,1.1546602249145508
263340,0.05,2249,-138.89810883999996,3135,117,84.0,65809,0.0001,6.843903064727783
263424,0.05,2250,-138.01323538999998,3136,117,84.0,65830,0.0001,5.32473611831665
263508,0.05,2251,-138.41349266999998,3137,117,84.0,65851,0.0001,0.8504531383514404
263592,0.05,2252,-136.91327054,3138,117,84.0,65872,0.0001,0.6607588529586792
263676,0.05,2252,-136.61685489,3139,117,84.0,65893,0.0001,0.8764162659645081
263760,0.05,2253,-136.40390522000004,3140,117,84.0,65914,0.0001,5.034660339355469
263844,0.05,2254,-135.62289958000002,3141,117,84.0,65935,0.0001,0.663952112197876
263928,0.05,2255,-137.74365593000002,3142,117,84.0,65956,0.0001,6.029443264007568
264012,0.05,2255,-139.08638716000002,3143,117,84.0,65977,0.0001,5.003836154937744
264096,0.05,2256,-139.44920144000002,3144,117,84.0,65998,0.0001,5.339734077453613
264180,0.05,2257,-138.29242029,3145,117,84.0,66019,0.0001,1.2263661623001099
264264,0.05,2258,-141.39269203,3146,117,84.0,66040,0.0001,5.980885028839111
264348,0.05,2259,-139.80303157,3147,117,84.0,66061,0.0001,0.7538672685623169
264432,0.05,2259,-139.06307493,3148,117,84.0,66082,0.0001,5.188520431518555
264516,0.05,2260,-138.66485402,3149,117,84.0,66103,0.0001,0.9274873733520508
264600,0.05,2261,-139.62192931,3150,117,84.0,66124,0.0001,0.519571840763092
264684,0.05,2261,-139.14256841000002,3151,117,84.0,66145,0.0001,1.004467248916626
264768,0.05,2262,-139.5870499,3152,117,84.0,66166,0.0001,1.487804889678955
264852,0.05,2263,-137.74217050000001,3153,117,84.0,66187,0.0001,1.0736308097839355
264936,0.05,2264,-139.33963523,3154,117,84.0,66208,0.0001,0.479451984167099
265020,0.05,2265,-139.1018455,3155,116,84.0,66229,0.0001,4.844037055969238
265104,0.05,2265,-140.13171767000003,3156,116,84.0,66250,0.0001,1.2221691608428955
265188,0.05,2266,-140.2030054,3157,116,84.0,66271,0.0001,0.8858252167701721
265272,0.05,2267,-139.82054017000002,3158,116,84.0,66292,0.0001,1.4942305088043213
265356,0.05,2268,-139.08181980999998,3159,116,84.0,66313,0.0001,2.676508903503418
265440,0.05,2268,-138.49718334000002,3160,116,84.0,66334,0.0001,5.415798664093018
265524,0.05,2269,-136.18266935000003,3161,116,84.0,66355,0.0001,1.5206152200698853
265608,0.05,2270,-136.80441485000003,3162,116,84.0,66376,0.0001,1.195746660232544
265692,0.05,2271,-135.29828159,3163,116,84.0,66397,0.0001,0.8188604116439819
265776,0.05,2271,-136.29706528000003,3164,116,84.0,66418,0.0001,6.6236653327941895
265860,0.05,2272,-135.54880218999998,3165,116,84.0,66439,0.0001,1.8012661933898926
265944,0.05,2273,-134.40172651,3166,116,84.0,66460,0.0001,0.9680221080780029
266028,0.05,2274,-135.99472342,3167,116,84.0,66481,0.0001,0.9204352498054504
266112,0.05,2275,-136.76033017,3168,116,84.0,66502,0.0001,1.4911866188049316
266196,0.05,2275,-138.56911494000002,3169,116,84.0,66523,0.0001,4.756722927093506
266280,0.05,2276,-137.96072101000001,3170,116,84.0,66544,0.0001,0.6700126528739929
266364,0.05,2277,-137.20619348000002,3171,116,84.0,66565,0.0001,2.59486722946167
266448,0.05,2278,-136.47239118000002,3172,116,84.0,66586,0.0001,8.56125259399414
266532,0.05,2278,-136.28996421,3173,116,84.0,66607,0.0001,1.1319479942321777
266616,0.05,2279,-134.02087818,3174,116,84.0,66628,0.0001,0.9068408608436584
266700,0.05,2280,-134.79551383,3175,116,84.0,66649,0.0001,1.768814206123352
266784,0.05,2281,-135.18227991,3176,116,84.0,66670,0.0001,8.682924270629883
266868,0.05,2282,-133.58785991000002,3177,116,84.0,66691,0.0001,1.130856990814209
266952,0.05,2282,-132.58766841,3178,116,84.0,66712,0.0001,3.0133578777313232
267036,0.05,2283,-130.82943031000002,3179,116,84.0,66733,0.0001,0.9672707319259644
267120,0.05,2284,-130.60246059000002,3180,116,84.0,66754,0.0001,5.926517963409424
267204,0.05,2285,-129.69087726,3181,116,84.0,66775,0.0001,1.021623969078064
267288,0.05,2285,-131.19956365,3182,116,84.0,66796,0.0001,9.916259765625
267372,0.05,2286,-131.79616183000002,3183,116,84.0,66817,0.0001,1.6295647621154785
267456,0.05,2287,-132.3530303,3184,116,84.0,66838,0.0001,2.8959338665008545
267540,0.05,2288,-131.73153542,3185,116,84.0,66859,0.0001,0.7631697654724121
267624,0.05,2288,-130.40644912,3186,116,84.0,66880,0.0001,2.5397820472717285
267708,0.05,2289,-130.22570543,3187,116,84.0,66901,0.0001,0.9435192346572876
267792,0.05,2290,-130.87040588,3188,116,84.0,66922,0.0001,0.7182469964027405
267876,0.05,2291,-131.51651759,3189,116,84.0,66943,0.0001,1.557464599609375
267960,0.05,2291,-132.58019480000002,3190,116,84.0,66964,0.0001,5.5309247970581055
268044,0.05,2292,-134.98340299,3191,116,84.0,66985,0.0001,4.920099258422852
268128,0.05,2293,-136.85380307,3192,116,84.0,67006,0.0001,6.095493316650391
268212,0.05,2294,-136.7143904,3193,116,84.0,67027,0.0001,1.1214540004730225
268296,0.05,2294,-135.49788813,3194,116,84.0,67048,0.0001,5.451780796051025
268380,0.05,2295,-135.3995592,3195,116,84.0,67069,0.0001,4.8915581703186035
268464,0.05,2296,-136.98882673999998,3196,116,84.0,67090,0.0001,0.8530815839767456
268548,0.05,2297,-136.81659410999998,3197,116,84.0,67111,0.0001,2.749804973602295
268632,0.05,2297,-137.46990777999997,3198,116,84.0,67132,0.0001,1.654410719871521
268716,0.05,2298,-138.43332055,3199,116,84.0,67153,0.0001,0.27067458629608154
268800,0.05,2299,-139.38885368999996,3200,116,84.0,67174,0.0001,3.981144428253174
268884,0.05,2300,-139.21404016,3201,116,84.0,67195,0.0001,1.7392913103103638
268968,0.05,2301,-139.81879191,3202,116,84.0,67216,0.0001,13.283424377441406
269052,0.05,2301,-137.62414631,3203,116,84.0,67237,0.0001,2.344930410385132
269136,0.05,2302,-138.50277232999997,3204,116,84.0,67258,0.0001,2.672325849533081
269220,0.05,2303,-139.89727395,3205,116,84.0,67279,0.0001,1.0400733947753906
269304,0.05,2304,-140.41613747999997,3206,116,84.0,67300,0.0001,0.6504548788070679
269388,0.05,2304,-139.92702745,3207,116,84.0,67321,0.0001,0.44017350673675537
269472,0.05,2305,-140.42596122999998,3208,116,84.0,67342,0.0001,0.6743944883346558
269556,0.05,2306,-140.2327914,3209,116,84.0,67363,0.0001,4.876686096191406
269640,0.05,2307,-140.76928116000002,3210,116,84.0,67384,0.0001,1.0701136589050293
269724,0.05,2307,-141.25562051,3211,116,84.0,67405,0.0001,1.6516225337982178
269808,0.05,2308,-140.76021089000002,3212,116,84.0,67426,0.0001,2.233693838119507
269892,0.05,2309,-139.96629359,3213,116,84.0,67447,0.0001,0.9934948682785034
269976,0.05,2310,-139.30921825,3214,116,84.0,67468,0.0001,2.4786062240600586
270060,0.05,2311,-139.27858435,3215,116,84.0,67489,0.0001,1.281713843345642
270144,0.05,2311,-139.14187107,3216,116,84.0,67510,0.0001,6.329095840454102
270228,0.05,2312,-137.21130518,3217,116,84.0,67531,0.0001,5.917782306671143
270312,0.05,2313,-137.45096265,3218,116,84.0,67552,0.0001,5.585317611694336
270396,0.05,2314,-136.95403817,3219,116,84.0,67573,0.0001,1.38460373878479
270480,0.05,2314,-137.3584227,3220,116,84.0,67594,0.0001,0.8036550879478455
270564,0.05,2315,-137.2159208,3221,116,84.0,67615,0.0001,1.3186872005462646
270648,0.05,2316,-136.14934057,3222,116,84.0,67636,0.0001,1.4973958730697632
270732,0.05,2317,-136.38374984,3223,116,84.0,67657,0.0001,0.9681525230407715
270816,0.05,2317,-136.31326408,3224,116,84.0,67678,0.0001,3.0621423721313477
270900,0.05,2318,-135.78917322,3225,116,84.0,67699,0.0001,0.9354502558708191
270984,0.05,2319,-134.19546938,3226,116,84.0,67720,0.0001,5.253806114196777
271068,0.05,2320,-133.10503998000002,3227,116,84.0,67741,0.0001,9.450199127197266
271152,0.05,2320,-134.74410177,3228,116,84.0,67762,0.0001,1.6722171306610107
271236,0.05,2321,-135.32195215,3229,116,84.0,67783,0.0001,0.9616873264312744
271320,0.05,2322,-135.74360285999998,3230,116,84.0,67804,0.0001,1.5870295763015747
271404,0.05,2323,-135.84014825,3231,116,84.0,67825,0.0001,0.9466282725334167
271488,0.05,2324,-136.43419236999998,3232,116,84.0,67846,0.0001,4.796104907989502
271572,0.05,2324,-133.6924218,3233,116,84.0,67867,0.0001,1.0893783569335938
271656,0.05,2325,-133.37508315,3234,116,84.0,67888,0.0001,1.4045994281768799
271740,0.05,2326,-132.21601368,3235,116,84.0,67909,0.0001,1.9863495826721191
271824,0.05,2327,-130.64507661999997,3236,116,84.0,67930,0.0001,0.8786107897758484
271908,0.05,2327,-129.22595789000002,3237,116,84.0,67951,0.0001,2.424014091491699
271992,0.05,2328,-129.04957638,3238,116,84.0,67972,0.0001,1.5631930828094482
272076,0.05,2329,-129.36107414999998,3239,116,84.0,67993,0.0001,2.4910082817077637
272160,0.05,2330,-127.46010974,3240,116,84.0,68014,0.0001,0.6393555402755737
272244,0.05,2330,-126.95817600999999,3241,116,84.0,68035,0.0001,1.2811660766601562
272328,0.05,2331,-126.5453089,3242,116,84.0,68056,0.0001,4.920442581176758
272412,0.05,2332,-125.22211492000001,3243,116,84.0,68077,0.0001,2.2364261150360107
272496,0.05,2333,-124.02017956000003,3244,116,84.0,68098,0.0001,6.3602614402771
272580,0.05,2333,-123.81629541000001,3245,116,84.0,68119,0.0001,5.2362751960754395
272664,0.05,2334,-122.35992859000004,3246,116,84.0,68140,0.0001,5.721225738525391
272748,0.05,2335,-123.12233524999999,3247,116,84.0,68161,0.0001,0.8916391134262085
272832,0.05,2336,-122.14274884000002,3248,116,84.0,68182,0.0001,5.42833948135376
272916,0.05,2337,-123.37897978,3249,116,84.0,68203,0.0001,5.423808574676514
273000,0.05,2337,-122.52560986,3250,116,84.0,68224,0.0001,5.516218185424805
273084,0.05,2338,-123.48495201,3251,116,84.0,68245,0.0001,6.109724521636963
273168,0.05,2339,-122.73857865,3252,116,84.0,68266,0.0001,1.3437893390655518
273252,0.05,2340,-122.94334079000001,3253,116,84.0,68287,0.0001,1.0329005718231201
273336,0.05,2340,-121.02653353,3254,116,84.0,68308,0.0001,1.0078257322311401
273420,0.05,2341,-120.67767991999999,3255,116,84.0,68329,0.0001,6.096728324890137
273504,0.05,2342,-119.55404456999999,3256,116,84.0,68350,0.0001,2.198498249053955
273588,0.05,2343,-118.98602164,3257,116,84.0,68371,0.0001,5.195013046264648
273672,0.05,2344,-119.02838003000002,3258,116,84.0,68392,0.0001,5.7333173751831055
273756,0.05,2344,-119.07671280000004,3259,116,84.0,68413,0.0001,1.0607730150222778
273840,0.05,2345,-118.09175584000002,3260,116,84.0,68434,0.0001,5.1808390617370605
273924,0.05,2346,-118.94740930000003,3261,116,84.0,68455,0.0001,0.6344459652900696
274008,0.05,2347,-118.72351776000004,3262,116,84.0,68476,0.0001,0.9956777095794678
274092,0.05,2347,-120.17932345000001,3263,116,84.0,68497,0.0001,3.261488914489746
274176,0.05,2348,-120.13053187,3264,116,84.0,68518,0.0001,5.094734191894531
274260,0.05,2349,-119.40547542,3265,116,84.0,68539,0.0001,5.129664421081543
274344,0.05,2350,-120.67168404,3266,116,84.0,68560,0.0001,1.165911316871643
274428,0.05,2350,-119.38562307000001,3267,116,84.0,68581,0.0001,1.184072732925415
274512,0.05,2351,-119.03521317,3268,116,84.0,68602,0.0001,0.2999662160873413
274596,0.05,2352,-117.59103258,3269,116,84.0,68623,0.0001,1.4899506568908691
274680,0.05,2353,-119.21140963000002,3270,116,84.0,68644,0.0001,6.321739673614502
274764,0.05,2353,-121.67254439,3271,116,84.0,68665,0.0001,1.4742616415023804
274848,0.05,2354,-122.18228532000003,3272,116,84.0,68686,0.0001,1.7286741733551025
274932,0.05,2355,-123.59861570999999,3273,116,84.0,68707,0.0001,5.238928318023682
275016,0.05,2356,-124.58151521000002,3274,116,84.0,68728,0.0001,5.147487640380859
275100,0.05,2357,-123.75187822000002,3275,116,84.0,68749,0.0001,0.5977634191513062
275184,0.05,2357,-124.93732183,3276,116,84.0,68770,0.0001,1.587547779083252
275268,0.05,2358,-125.18716466999999,3277,116,84.0,68791,0.0001,4.319930553436279
275352,0.05,2359,-126.03103273999999,3278,116,84.0,68812,0.0001,5.001558303833008
275436,0.05,2360,-126.26786454,3279,116,84.0,68833,0.0001,0.8442422151565552
275520,0.05,2360,-126.563256,3280,116,84.0,68854,0.0001,2.1200995445251465
275604,0.05,2361,-126.88735738000001,3281,116,84.0,68875,0.0001,1.3578259944915771
275688,0.05,2362,-125.36658722000001,3282,116,84.0,68896,0.0001,5.004340648651123
275772,0.05,2363,-126.18155233000002,3283,116,84.0,68917,0.0001,1.1454436779022217
275856,0.05,2364,-125.39092601000002,3284,116,84.0,68938,0.0001,1.2851933240890503
275940,0.05,2364,-125.32320878000002,3285,116,84.0,68959,0.0001,1.898873209953308
276024,0.05,2365,-126.30927483,3286,116,84.0,68980,0.0001,4.97084379196167
276108,0.05,2366,-125.71495496000003,3287,116,84.0,69001,0.0001,1.1032781600952148
276192,0.05,2367,-124.24775034000002,3288,116,84.0,69022,0.0001,0.5774263739585876
276276,0.05,2368,-122.73072754,3289,116,84.0,69043,0.0001,5.081286907196045
276360,0.05,2368,-121.74865153,3290,116,84.0,69064,0.0001,0.7372637987136841
276444,0.05,2369,-119.9999791,3291,116,84.0,69085,0.0001,0.6394917964935303
276528,0.05,2370,-118.43270753000003,3292,116,84.0,69106,0.0001,5.6312103271484375
276612,0.05,2371,-117.79489204000001,3293,116,84.0,69127,0.0001,4.781850814819336
276696,0.05,2371,-116.86267618000002,3294,116,84.0,69148,0.0001,5.310500621795654
276780,0.05,2372,-115.36028036000002,3295,116,84.0,69169,0.0001,2.098480701446533
276864,0.05,2373,-114.01582775000001,3296,116,84.0,69190,0.0001,5.289963245391846
276948,0.05,2374,-114.52841215999999,3297,116,84.0,69211,0.0001,1.3359403610229492
277032,0.05,2374,-113.69720251999999,3298,116,84.0,69232,0.0001,4.5045857429504395
277116,0.05,2375,-112.66784824999999,3299,116,84.0,69253,0.0001,4.948519229888916
277200,0.05,2376,-112.20836677999999,3300,116,84.0,69274,0.0001,1.1273739337921143
277284,0.05,2377,-112.39990737000002,3301,116,84.0,69295,0.0001,7.861017227172852
277368,0.05,2378,-111.25040149,3302,116,84.0,69316,0.0001,0.5671933889389038
277452,0.05,2378,-111.71745020999998,3303,116,84.0,69337,0.0001,0.9341011643409729
277536,0.05,2379,-112.13661674,3304,116,84.0,69358,0.0001,4.71993350982666
277620,0.05,2380,-111.92846577999998,3305,116,84.0,69379,0.0001,6.107154846191406
277704,0.05,2381,-111.63635341999999,3306,116,84.0,69400,0.0001,5.236576080322266
277788,0.05,2382,-111.38030882,3307,116,84.0,69421,0.0001,1.2018585205078125
277872,0.05,2382,-111.32346629000001,3308,116,84.0,69442,0.0001,0.8456342220306396
277956,0.05,2383,-110.68431930000001,3309,116,84.0,69463,0.0001,5.053869247436523
278040,0.05,2384,-111.74210993000001,3310,116,84.0,69484,0.0001,9.007024765014648
278124,0.05,2385,-111.98741394000001,3311,116,84.0,69505,0.0001,1.0392534732818604
278208,0.05,2385,-113.28162398,3312,116,84.0,69526,0.0001,0.6986066699028015
278292,0.05,2386,-113.68183316000001,3313,116,84.0,69547,0.0001,1.9171525239944458
278376,0.05,2387,-112.81214829999999,3314,116,84.0,69568,0.0001,1.7369577884674072
278460,0.05,2388,-112.98056941,3315,116,84.0,69589,0.0001,5.249023914337158
278544,0.05,2389,-113.81331162000001,3316,116,84.0,69610,0.0001,1.2249350547790527
278628,0.05,2389,-115.49946791,3317,116,84.0,69631,0.0001,0.8022477626800537
278712,0.05,2390,-115.91518217000001,3318,116,84.0,69652,0.0001,8.673266410827637
278796,0.05,2391,-117.44037863000001,3319,116,84.0,69673,0.0001,4.996301651000977
278880,0.05,2392,-118.01799981999999,3320,116,84.0,69694,0.0001,1.1658835411071777
278964,0.05,2392,-117.9897034,3321,116,84.0,69715,0.0001,1.0272554159164429
279048,0.05,2393,-117.87387813000001,3322,116,84.0,69736,0.0001,1.0968379974365234
279132,0.05,2394,-118.57378702000001,3323,116,84.0,69757,0.0001,6.515674114227295
279216,0.05,2395,-120.12892458999998,3324,116,84.0,69778,0.0001,0.6399118900299072
279300,0.05,2396,-121.64171351,3325,116,84.0,69799,0.0001,1.0201146602630615
279384,0.05,2396,-123.35483182999998,3326,116,84.0,69820,0.0001,5.072117328643799
279468,0.05,2397,-124.34905841,3327,116,84.0,69841,0.0001,0.792649507522583
279552,0.05,2398,-124.62442671000001,3328,116,84.0,69862,0.0001,6.897652626037598
279636,0.05,2398,-123.28027582,3329,116,84.0,69883,0.0001,0.7860534191131592
279720,0.05,2399,-124.2830519,3330,116,84.0,69904,0.0001,1.2393279075622559
279804,0.05,2400,-124.48953849000002,3331,116,84.0,69925,0.0001,0.48813730478286743
279888,0.05,2401,-123.26050648000002,3332,116,84.0,69946,0.0001,0.8930820226669312
279972,0.05,2402,-125.05390445,3333,116,84.0,69967,0.0001,2.155923843383789
280056,0.05,2402,-123.84203623000002,3334,116,84.0,69988,0.0001,1.6285951137542725
280140,0.05,2403,-123.33869278,3335,116,84.0,70009,0.0001,5.552761077880859
280224,0.05,2404,-124.67518679000001,3336,116,84.0,70030,0.0001,1.405429482460022
280308,0.05,2405,-125.26764797000001,3337,116,84.0,70051,0.0001,6.756688117980957
280392,0.05,2406,-124.90519991000002,3338,116,84.0,70072,0.0001,1.7091431617736816
280476,0.05,2406,-124.22975359000002,3339,116,84.0,70093,0.0001,4.973568439483643
280560,0.05,2407,-125.21893339000002,3340,116,84.0,70114,0.0001,1.082849383354187
280644,0.05,2408,-125.42863654000003,3341,116,84.0,70135,0.0001,1.1516306400299072
280728,0.05,2409,-125.64590283000001,3342,116,84.0,70156,0.0001,1.5461492538452148
280812,0.05,2410,-125.62939408000003,3343,116,84.0,70177,0.0001,9.62248420715332
280896,0.05,2411,-126.42602015,3344,116,84.0,70198,0.0001,1.1176819801330566
280980,0.05,2411,-126.88470901,3345,116,84.0,70219,0.0001,1.920037031173706
281064,0.05,2412,-125.86858429,3346,116,84.0,70240,0.0001,1.6925170421600342
281148,0.05,2413,-125.86312602999999,3347,116,84.0,70261,0.0001,9.03217887878418
281232,0.05,2414,-125.43769812,3348,116,84.0,70282,0.0001,9.730783462524414
281316,0.05,2415,-124.91155916,3349,116,84.0,70303,0.0001,0.961227297782898
281400,0.05,2415,-125.04710872000001,3350,116,84.0,70324,0.0001,1.0343592166900635
281484,0.05,2416,-125.90017822000002,3351,116,84.0,70345,0.0001,2.2962517738342285
281568,0.05,2417,-125.21780963,3352,116,84.0,70366,0.0001,6.129281044006348
281652,0.05,2418,-124.75840351000001,3353,116,84.0,70387,0.0001,2.1180572509765625
281736,0.05,2419,-124.92602726999999,3354,116,84.0,70408,0.0001,5.661402225494385
281820,0.05,2419,-124.77374873999999,3355,116,84.0,70429,0.0001,1.7543593645095825
281904,0.05,2420,-125.81625654999999,3356,116,84.0,70450,0.0001,10.66696834564209
281988,0.05,2421,-126.56619,3357,116,84.0,70471,0.0001,2.1098711490631104
282072,0.05,2422,-126.02584198999999,3358,116,84.0,70492,0.0001,5.1836395263671875
282156,0.05,2422,-125.73389299999997,3359,116,84.0,70513,0.0001,4.890851974487305
282240,0.05,2423,-126.33127200999999,3360,116,84.0,70534,0.0001,2.5770440101623535
282324,0.05,2424,-126.20304589999999,3361,116,84.0,70555,0.0001,5.618267059326172
282408,0.05,2425,-125.03095285,3362,116,84.0,70576,0.0001,0.8861809372901917
282492,0.05,2425,-123.47576521,3363,116,84.0,70597,0.0001,4.613162994384766
282576,0.05,2426,-123.2671013,3364,116,84.0,70618,0.0001,4.7868499755859375
282660,0.05,2427,-124.31520763999998,3365,116,84.0,70639,0.0001,2.085707664489746
282744,0.05,2428,-124.94883741,3366,116,84.0,70660,0.0001,5.7851738929748535
282828,0.05,2428,-124.57158722999999,3367,116,84.0,70681,0.0001,6.301296710968018
282912,0.05,2429,-122.39429056999998,3368,116,84.0,70702,0.0001,1.7198556661605835
282996,0.05,2430,-122.36562047999998,3369,116,84.0,70723,0.0001,1.3014860153198242
283080,0.05,2431,-121.79497314999999,3370,116,84.0,70744,0.0001,1.3431463241577148
283164,0.05,2431,-120.29131093999999,3371,116,84.0,70765,0.0001,9.862607955932617
283248,0.05,2432,-121.63710607999998,3372,116,84.0,70786,0.0001,0.8163882493972778
283332,0.05,2433,-119.52710401999998,3373,116,84.0,70807,0.0001,1.1269280910491943
283416,0.05,2434,-119.12857801,3374,116,84.0,70828,0.0001,1.4408572912216187
283500,0.05,2435,-119.71855291999998,3375,116,84.0,70849,0.0001,8.877630233764648
283584,0.05,2435,-117.94082520999999,3376,116,84.0,70870,0.0001,1.6870146989822388
283668,0.05,2436,-117.55654890999999,3377,116,84.0,70891,0.0001,6.198237895965576
283752,0.05,2437,-116.49647015,3378,116,84.0,70912,0.0001,0.7247776985168457
283836,0.05,2438,-116.23784425,3379,116,84.0,70933,0.0001,1.9439574480056763
283920,0.05,2438,-114.93383869999998,3380,116,84.0,70954,0.0001,4.281826972961426
284004,0.05,2439,-114.67383956999998,3381,116,84.0,70975,0.0001,2.0102343559265137
284088,0.05,2440,-114.33258976999997,3382,116,84.0,70996,0.0001,4.695077419281006
284172,0.05,2441,-112.93385194999998,3383,116,84.0,71017,0.0001,2.8818678855895996
284256,0.05,2442,-113.19065178999999,3384,116,84.0,71038,0.0001,2.0664870738983154
284340,0.05,2442,-112.67666897999999,3385,116,84.0,71059,0.0001,1.1885658502578735
284424,0.05,2443,-111.56167065000001,3386,116,84.0,71080,0.0001,0.9600880742073059
284508,0.05,2444,-111.10377970000002,3387,116,84.0,71101,0.0001,2.915428400039673
284592,0.05,2445,-109.61312193000002,3388,116,84.0,71122,0.0001,0.4850689172744751
284676,0.05,2446,-111.48437603,3389,116,84.0,71143,0.0001,1.2371525764465332
284760,0.05,2446,-111.88354050999999,3390,116,84.0,71164,0.0001,5.1518449783325195
284844,0.05,2447,-112.30589024,3391,116,84.0,71185,0.0001,7.0365495681762695
284928,0.05,2448,-112.09763184999998,3392,116,84.0,71206,0.0001,5.69717264175415
285012,0.05,2449,-111.98469663,3393,116,84.0,71227,0.0001,1.7683873176574707
285096,0.05,2449,-112.31400436000001,3394,116,84.0,71248,0.0001,1.0027936697006226
285180,0.05,2451,-111.88622326000001,3395,116,84.0,71269,0.0001,0.7261248230934143
285264,0.05,2451,-111.87876720999999,3396,116,84.0,71290,0.0001,2.2312750816345215
285348,0.05,2452,-112.94358551999998,3397,116,84.0,71311,0.0001,0.2557854652404785
285432,0.05,2453,-113.71028622999998,3398,116,84.0,71332,0.0001,0.6247523427009583
285516,0.05,2454,-114.43521556,3399,116,84.0,71353,0.0001,1.334114909172058
285600,0.05,2454,-113.73834634999999,3400,116,84.0,71374,0.0001,0.8185549974441528
285684,0.05,2455,-114.64467350999999,3401,116,84.0,71395,0.0001,6.079132556915283
285768,0.05,2456,-115.50495551,3402,116,84.0,71416,0.0001,5.569002628326416
285852,0.05,2457,-115.70767076,3403,116,84.0,71437,0.0001,1.0200905799865723
285936,0.05,2457,-114.53779868000001,3404,116,84.0,71458,0.0001,1.2107207775115967
286020,0.05,2458,-111.93231494000001,3405,116,84.0,71479,0.0001,10.621820449829102
286104,0.05,2459,-111.10185924000001,3406,116,84.0,71500,0.0001,0.5185673236846924
286188,0.05,2460,-111.95071122000002,3407,116,84.0,71521,0.0001,1.763700246810913
286272,0.05,2460,-111.55405065,3408,116,84.0,71542,0.0001,1.0802651643753052
286356,0.05,2461,-112.80209466999999,3409,116,84.0,71563,0.0001,6.320722579956055
286440,0.05,2462,-111.56948423,3410,116,84.0,71584,0.0001,5.547066688537598
286524,0.05,2463,-111.44534630999999,3411,116,84.0,71605,0.0001,5.126245975494385
286608,0.05,2463,-110.21245894999997,3412,116,84.0,71626,0.0001,1.2728550434112549
286692,0.05,2464,-111.61918150999998,3413,116,84.0,71647,0.0001,1.1353200674057007
286776,0.05,2465,-111.72039445,3414,116,84.0,71668,0.0001,5.163612365722656
286860,0.05,2466,-110.16269886,3415,116,84.0,71689,0.0001,2.5812418460845947
286944,0.05,2466,-110.42029855000001,3416,116,84.0,71710,0.0001,1.8699235916137695
287028,0.05,2467,-110.79616882,3417,116,84.0,71731,0.0001,1.0031499862670898
287112,0.05,2468,-109.93946104000001,3418,116,84.0,71752,0.0001,1.1573691368103027
287196,0.05,2469,-110.67082522999998,3419,116,84.0,71773,0.0001,2.6733222007751465
287280,0.05,2469,-109.98051266,3420,116,84.0,71794,0.0001,0.6014361381530762
287364,0.05,2470,-108.99105487000001,3421,116,84.0,71815,0.0001,0.6047857403755188
287448,0.05,2471,-109.1388728,3422,116,84.0,71836,0.0001,5.015740871429443
287532,0.05,2472,-107.75169775,3423,116,84.0,71857,0.0001,5.66683292388916
287616,0.05,2472,-107.13393931,3424,116,84.0,71878,0.0001,0.7636200189590454
287700,0.05,2473,-105.82236694000001,3425,116,84.0,71899,0.0001,0.5770397186279297
287784,0.05,2474,-105.57223029000001,3426,116,84.0,71920,0.0001,3.5510973930358887
287868,0.05,2475,-105.45799717999998,3427,116,84.0,71941,0.0001,1.182572841644287
287952,0.05,2475,-103.67929211999999,3428,116,84.0,71962,0.0001,1.5487924814224243
288036,0.05,2476,-104.08689970999998,3429,116,84.0,71983,0.0001,0.7397278547286987
288120,0.05,2477,-103.48681204999998,3430,116,84.0,72004,0.0001,0.8543090224266052
288204,0.05,2478,-103.18230906000001,3431,116,84.0,72025,0.0001,5.554752349853516
288288,0.05,2479,-103.53321044,3432,116,84.0,72046,0.0001,1.3166166543960571
288372,0.05,2479,-103.15296429,3433,116,84.0,72067,0.0001,0.7326838970184326
288456,0.05,2480,-104.73294464,3434,116,84.0,72088,0.0001,0.6903471350669861
288540,0.05,2481,-105.14583925000001,3435,116,84.0,72109,0.0001,1.3716764450073242
288624,0.05,2482,-103.32934322999999,3436,116,84.0,72130,0.0001,3.3157334327697754
288708,0.05,2482,-103.61607429000001,3437,116,84.0,72151,0.0001,0.9344673156738281
288792,0.05,2483,-103.42522164000002,3438,116,84.0,72172,0.0001,1.2305543422698975
288876,0.05,2484,-104.13001515000002,3439,116,84.0,72193,0.0001,5.130883693695068
288960,0.05,2485,-103.70515086000002,3440,116,84.0,72214,0.0001,0.6639629602432251
289044,0.05,2485,-104.09669869000001,3441,116,84.0,72235,0.0001,9.183605194091797
289128,0.05,2486,-104.36216604,3442,116,84.0,72256,0.0001,0.5220084190368652
289212,0.05,2487,-103.64583185000001,3443,116,84.0,72277,0.0001,2.1653900146484375
289296,0.05,2488,-103.98015155000002,3444,116,84.0,72298,0.0001,0.9799060821533203
289380,0.05,2488,-103.21299182999999,3445,116,84.0,72319,0.0001,1.0688331127166748
289464,0.05,2489,-103.80589271,3446,116,84.0,72340,0.0001,1.2053124904632568
289548,0.05,2490,-103.35012202000001,3447,116,84.0,72361,0.0001,0.6715494394302368
289632,0.05,2491,-104.06686544,3448,116,84.0,72382,0.0001,0.5026394128799438
289716,0.05,2491,-103.85957564,3449,116,84.0,72403,0.0001,5.099887371063232
289800,0.05,2492,-104.01777449000001,3450,116,84.0,72424,0.0001,1.2881056070327759
289884,0.05,2493,-104.29609292,3451,116,84.0,72445,0.0001,5.278868675231934
289968,0.05,2494,-106.17043572000003,3452,116,84.0,72466,0.0001,1.0445199012756348
290052,0.05,2494,-106.69381125000001,3453,116,84.0,72487,0.0001,2.016451358795166
290136,0.05,2495,-106.06139956000001,3454,116,84.0,72508,0.0001,1.563565731048584
290220,0.05,2496,-107.06362234,3455,116,84.0,72529,0.0001,0.8251471519470215
290304,0.05,2497,-105.94606258,3456,116,84.0,72550,0.0001,6.438580513000488
290388,0.05,2497,-104.28794497000003,3457,116,84.0,72571,0.0001,1.8661766052246094
290472,0.05,2498,-105.81035686000001,3458,116,84.0,72592,0.0001,1.5494918823242188
290556,0.05,2499,-105.93301493999999,3459,116,84.0,72613,0.0001,0.8489799499511719
290640,0.05,2500,-105.68556739,3460,116,84.0,72634,0.0001,6.530534267425537
290724,0.05,2500,-106.34157055,3461,116,84.0,72655,0.0001,7.710575580596924
290808,0.05,2501,-107.43643116,3462,116,84.0,72676,0.0001,0.7515760660171509
290892,0.05,2502,-107.12814422,3463,116,84.0,72697,0.0001,1.3210396766662598
290976,0.05,2503,-107.30737436999999,3464,116,84.0,72718,0.0001,1.4252111911773682
291060,0.05,2504,-106.97920803999999,3465,116,84.0,72739,0.0001,1.3627187013626099
291144,0.05,2504,-106.02179975000001,3466,116,84.0,72760,0.0001,0.9695277810096741
291228,0.05,2505,-106.64370277000003,3467,116,84.0,72781,0.0001,0.8403975963592529
291312,0.05,2506,-107.60782454000002,3468,116,84.0,72802,0.0001,2.168868064880371
291396,0.05,2507,-106.95879499000003,3469,116,84.0,72823,0.0001,5.416845798492432
291480,0.05,2508,-107.72800948000003,3470,116,84.0,72844,0.0001,0.70465087890625
291564,0.05,2509,-108.42185564000002,3471,116,84.0,72865,0.0001,1.4281988143920898
291648,0.05,2509,-106.54875481,3472,116,84.0,72886,0.0001,11.17422103881836
291732,0.05,2510,-107.56503494000002,3473,116,84.0,72907,0.0001,10.758525848388672
291816,0.05,2511,-106.28788091000003,3474,116,84.0,72928,0.0001,9.730939865112305
291900,0.05,2512,-105.65811442000002,3475,116,84.0,72949,0.0001,1.0421342849731445
291984,0.05,2513,-106.08193035000002,3476,116,84.0,72970,0.0001,1.413224220275879
292068,0.05,2513,-104.45179948,3477,116,84.0,72991,0.0001,6.115867614746094
292152,0.05,2514,-104.72366827000002,3478,116,84.0,73012,0.0001,1.037790060043335
292236,0.05,2515,-104.79333160000002,3479,116,84.0,73033,0.0001,0.9771740436553955
292320,0.05,2516,-105.93382704000004,3480,116,84.0,73054,0.0001,1.0227864980697632
292404,0.05,2516,-104.94734264,3481,116,84.0,73075,0.0001,1.7260653972625732
292488,0.05,2517,-104.68244219,3482,116,84.0,73096,0.0001,6.467861652374268
292572,0.05,2518,-106.04089636999998,3483,116,84.0,73117,0.0001,2.6408863067626953
292656,0.05,2519,-105.74662794,3484,116,84.0,73138,0.0001,4.751799583435059
292740,0.05,2520,-105.75999684000003,3485,116,84.0,73159,0.0001,0.9771600365638733
292824,0.05,2520,-105.22675600000002,3486,116,84.0,73180,0.0001,0.8265737891197205
292908,0.05,2521,-105.60712072,3487,116,84.0,73201,0.0001,5.005086898803711
292992,0.05,2522,-107.31992618,3488,116,84.0,73222,0.0001,1.9065134525299072
293076,0.05,2523,-107.17271802,3489,116,84.0,73243,0.0001,0.7703531980514526
293160,0.05,2524,-105.63245616000002,3490,116,84.0,73264,0.0001,0.9472301006317139
293244,0.05,2525,-104.55341252000002,3491,116,84.0,73285,0.0001,0.9953041076660156
293328,0.05,2525,-106.23116536000003,3492,116,84.0,73306,0.0001,5.403326511383057
293412,0.05,2526,-105.87455251000003,3493,116,84.0,73327,0.0001,8.898884773254395
293496,0.05,2527,-105.83071825000003,3494,116,84.0,73348,0.0001,1.8184479475021362
293580,0.05,2528,-106.15706205000002,3495,116,84.0,73369,0.0001,1.8752572536468506
293664,0.05,2529,-106.43047921000002,3496,116,84.0,73390,0.0001,0.43402937054634094
293748,0.05,2529,-105.76591789,3497,116,84.0,73411,0.0001,3.2771289348602295
293832,0.05,2530,-104.90423781000001,3498,116,84.0,73432,0.0001,8.942737579345703
293916,0.05,2531,-104.79531103000004,3499,116,84.0,73453,0.0001,2.0833191871643066
294000,0.05,2532,-106.06300838000001,3500,116,84.0,73474,0.0001,5.2111101150512695
294084,0.05,2533,-104.20480341000001,3501,116,84.0,73495,0.0001,7.469773292541504
294168,0.05,2533,-104.17386583,3502,116,84.0,73516,0.0001,5.076178550720215
294252,0.05,2534,-104.6032642,3503,116,84.0,73537,0.0001,0.6924261450767517
294336,0.05,2535,-104.78889942999996,3504,116,84.0,73558,0.0001,1.0646960735321045
294420,0.05,2536,-105.64622555999999,3505,116,84.0,73579,0.0001,5.7125091552734375
294504,0.05,2537,-106.24069743999999,3506,116,84.0,73600,0.0001,5.365899562835693
294588,0.05,2537,-106.43176454,3507,116,84.0,73621,0.0001,1.49855637550354
294672,0.05,2538,-106.54433705000001,3508,116,84.0,73642,0.0001,0.7733255624771118
294756,0.05,2539,-105.02600906000002,3509,116,84.0,73663,0.0001,1.5530431270599365
294840,0.05,2540,-106.34902749999999,3510,116,84.0,73684,0.0001,0.9259201288223267
294924,0.05,2541,-105.59823361000001,3511,116,84.0,73705,0.0001,0.9062960147857666
295008,0.05,2541,-105.32793983000002,3512,116,84.0,73726,0.0001,0.5323227643966675
295092,0.05,2542,-104.211248,3513,116,84.0,73747,0.0001,3.128725528717041
295176,0.05,2543,-105.16186221,3514,116,84.0,73768,0.0001,6.284574508666992
295260,0.05,2544,-105.38551449999999,3515,116,84.0,73789,0.0001,6.325246810913086
295344,0.05,2544,-105.32193322999997,3516,116,84.0,73810,0.0001,1.145660638809204
295428,0.05,2545,-103.34305832999999,3517,116,84.0,73831,0.0001,4.910364627838135
295512,0.05,2546,-103.83536296999999,3518,116,84.0,73852,0.0001,1.8541786670684814
295596,0.05,2546,-101.92580367,3519,116,84.0,73873,0.0001,5.779285430908203
295680,0.05,2547,-102.16285964,3520,116,84.0,73894,0.0001,4.261599540710449
295764,0.05,2548,-102.74534754999999,3521,116,84.0,73915,0.0001,1.7727723121643066
295848,0.05,2549,-102.76614428999997,3522,116,84.0,73936,0.0001,1.431030035018921
295932,0.05,2550,-103.91807576999996,3523,116,84.0,73957,0.0001,1.0392576456069946
296016,0.05,2550,-103.56981666,3524,116,84.0,73978,0.0001,4.8026018142700195
296100,0.05,2551,-104.43916588999997,3525,116,84.0,73999,0.0001,1.426620364189148
296184,0.05,2552,-101.91528174999999,3526,116,84.0,74020,0.0001,0.5504904985427856
296268,0.05,2553,-101.91404469999999,3527,116,84.0,74041,0.0001,5.240046977996826
296352,0.05,2554,-104.27510994000001,3528,116,84.0,74062,0.0001,5.329455852508545
296436,0.05,2554,-105.72662092,3529,116,84.0,74083,0.0001,1.009368658065796
296520,0.05,2555,-106.04297745,3530,116,84.0,74104,0.0001,5.337767124176025
296604,0.05,2556,-107.83864339000003,3531,116,84.0,74125,0.0001,4.793039798736572
296688,0.05,2557,-108.31844933000004,3532,116,84.0,74146,0.0001,1.1643232107162476
296772,0.05,2557,-108.96065977000002,3533,116,84.0,74167,0.0001,1.011350154876709
296856,0.05,2558,-107.21864187000003,3534,116,84.0,74188,0.0001,0.9867271184921265
296940,0.05,2559,-109.27435339000002,3535,116,84.0,74209,0.0001,1.0981603860855103
297024,0.05,2560,-111.11305630000001,3536,116,84.0,74230,0.0001,1.1047313213348389
297108,0.05,2560,-111.43686586000001,3537,116,84.0,74251,0.0001,10.326385498046875
297192,0.05,2561,-111.82730473000001,3538,116,84.0,74272,0.0001,0.6506916284561157
297276,0.05,2562,-111.0234294,3539,116,84.0,74293,0.0001,0.6048272848129272
297360,0.05,2563,-110.76893960999998,3540,116,84.0,74314,0.0001,5.740540027618408
297444,0.05,2564,-111.56385918,3541,116,84.0,74335,0.0001,1.9704281091690063
297528,0.05,2564,-110.68835333999999,3542,116,84.0,74356,0.0001,2.0611023902893066
297612,0.05,2565,-111.13659511999998,3543,115,84.0,74377,0.0001,1.6993908882141113
297696,0.05,2566,-109.83458947999999,3544,115,84.0,74398,0.0001,2.30816912651062
297780,0.05,2567,-110.62054639,3545,115,84.0,74419,0.0001,1.8909333944320679
297864,0.05,2567,-109.31657614000001,3546,115,84.0,74440,0.0001,5.917834758758545
297948,0.05,2568,-110.1439732,3547,115,84.0,74461,0.0001,2.9698123931884766
298032,0.05,2569,-110.58777543999999,3548,115,84.0,74482,0.0001,5.147131443023682
298116,0.05,2570,-110.70736611000001,3549,115,84.0,74503,0.0001,8.89367961883545
298200,0.05,2571,-110.6046458,3550,115,84.0,74524,0.0001,0.8392245769500732
298284,0.05,2572,-109.47277866000002,3551,115,84.0,74545,0.0001,1.2010085582733154
298368,0.05,2572,-108.8909846,3552,115,84.0,74566,0.0001,5.458856105804443
298452,0.05,2573,-108.60732429,3553,115,84.0,74587,0.0001,8.933542251586914
298536,0.05,2574,-109.76983390000001,3554,115,84.0,74608,0.0001,2.425518035888672
298620,0.05,2575,-109.79729235999997,3555,115,84.0,74629,0.0001,6.665277481079102
298704,0.05,2575,-110.52397167999999,3556,115,84.0,74650,0.0001,0.5978076457977295
298788,0.05,2576,-112.15059011000001,3557,115,84.0,74671,0.0001,1.4825658798217773
298872,0.05,2577,-111.27080797,3558,115,84.0,74692,0.0001,2.9464633464813232
298956,0.05,2578,-111.00562160999999,3559,115,84.0,74713,0.0001,0.9721299409866333
299040,0.05,2578,-112.17440257,3560,115,84.0,74734,0.0001,0.6199175119400024
299124,0.05,2579,-110.44799803,3561,115,84.0,74755,0.0001,5.33934211730957
299208,0.05,2580,-110.74045657999999,3562,115,84.0,74776,0.0001,5.307529926300049
299292,0.05,2581,-112.68257919,3563,115,84.0,74797,0.0001,3.0721333026885986
299376,0.05,2581,-112.52622129000001,3564,115,84.0,74818,0.0001,0.8871870636940002
299460,0.05,2582,-112.10852585,3565,115,84.0,74839,0.0001,1.613280177116394
299544,0.05,2583,-113.86529963000001,3566,115,84.0,74860,0.0001,9.478914260864258
299628,0.05,2584,-113.64506811,3567,115,84.0,74881,0.0001,1.8438231945037842
299712,0.05,2584,-113.42638789,3568,115,84.0,74902,0.0001,3.713118314743042
299796,0.05,2585,-114.43178322,3569,115,84.0,74923,0.0001,0.7652010917663574
299880,0.05,2586,-114.12455030000001,3570,115,84.0,74944,0.0001,1.0469541549682617
299964,0.05,2587,-113.18092053000001,3571,115,84.0,74965,0.0001,0.7197422385215759
300048,0.05,2588,-113.66526161000002,3572,115,84.0,74986,0.0001,2.070065975189209
300132,0.05,2588,-113.04131162000002,3573,115,84.0,75007,0.0001,2.9402623176574707
300216,0.05,2589,-114.43432801,3574,115,84.0,75028,0.0001,6.218354225158691
300300,0.05,2590,-114.55262452999999,3575,115,84.0,75049,0.0001,5.869173049926758
300384,0.05,2591,-115.23331553,3576,115,84.0,75070,0.0001,2.400172233581543
300468,0.05,2591,-116.54516702999999,3577,115,84.0,75091,0.0001,1.1205693483352661
300552,0.05,2592,-117.10165747999997,3578,115,84.0,75112,0.0001,0.6693326234817505
300636,0.05,2593,-117.96647974,3579,115,84.0,75133,0.0001,10.583943367004395
300720,0.05,2594,-117.11408823000002,3580,115,84.0,75154,0.0001,1.3190629482269287
300804,0.05,2594,-118.24757175999999,3581,115,84.0,75175,0.0001,1.5180509090423584
300888,0.05,2595,-119.00630527999999,3582,115,84.0,75196,0.0001,2.2050232887268066
300972,0.05,2596,-117.81871406,3583,115,84.0,75217,0.0001,5.110278606414795
301056,0.05,2597,-117.84327360999998,3584,115,84.0,75238,0.0001,4.611148357391357
301140,0.05,2597,-118.24442626999996,3585,115,84.0,75259,0.0001,6.469296455383301
301224,0.05,2598,-118.22353733999996,3586,115,84.0,75280,0.0001,1.9641544818878174
301308,0.05,2599,-118.23357511,3587,115,84.0,75301,0.0001,2.1468453407287598
301392,0.05,2600,-118.10836891999999,3588,115,84.0,75322,0.0001,2.1825528144836426
301476,0.05,2600,-117.09219122,3589,115,84.0,75343,0.0001,0.9496497511863708
301560,0.05,2601,-117.66578495,3590,115,84.0,75364,0.0001,3.705831527709961
301644,0.05,2602,-118.33748995999998,3591,115,84.0,75385,0.0001,1.1366925239562988
301728,0.05,2603,-116.72773909,3592,115,84.0,75406,0.0001,1.304633378982544
301812,0.05,2604,-117.15247649000001,3593,115,84.0,75427,0.0001,5.0378522872924805
301896,0.05,2604,-116.94604905,3594,115,84.0,75448,0.0001,0.7390239238739014
301980,0.05,2605,-116.63678005,3595,115,84.0,75469,0.0001,5.010150909423828
302064,0.05,2606,-116.37666937000002,3596,115,84.0,75490,0.0001,8.028618812561035
302148,0.05,2607,-115.47721254000004,3597,115,84.0,75511,0.0001,0.6155692338943481
302232,0.05,2607,-115.91334902000003,3598,115,84.0,75532,0.0001,1.6093602180480957
302316,0.05,2608,-114.54088614000003,3599,115,84.0,75553,0.0001,2.0566246509552
302400,0.05,2609,-113.84078867,3600,115,84.0,75574,0.0001,1.157314419746399
302484,0.05,2610,-114.18518490000001,3601,115,84.0,75595,0.0001,3.1714913845062256
302568,0.05,2610,-114.98247280999998,3602,115,84.0,75616,0.0001,1.4919977188110352
302652,0.05,2611,-115.00515543,3603,115,84.0,75637,0.0001,0.941858172416687
302736,0.05,2612,-116.29368049,3604,115,84.0,75658,0.0001,0.5508328676223755
302820,0.05,2613,-115.79425931000002,3605,115,84.0,75679,0.0001,1.2234503030776978
302904,0.05,2614,-115.08318385999999,3606,115,84.0,75700,0.0001,0.8474923372268677
302988,0.05,2614,-114.09899254999999,3607,115,84.0,75721,0.0001,1.5804777145385742
303072,0.05,2615,-114.69613491999999,3608,115,84.0,75742,0.0001,5.8876190185546875
303156,0.05,2616,-115.45772489999997,3609,115,84.0,75763,0.0001,6.932816028594971
303240,0.05,2617,-113.87927991000001,3610,115,84.0,75784,0.0001,0.7751405239105225
303324,0.05,2617,-113.14296982999998,3611,115,84.0,75805,0.0001,1.1131778955459595
303408,0.05,2618,-112.93747725000001,3612,115,84.0,75826,0.0001,0.822002112865448
303492,0.05,2619,-112.97653220000001,3613,115,84.0,75847,0.0001,1.7562048435211182
303576,0.05,2620,-112.35331173,3614,115,84.0,75868,0.0001,2.1981184482574463
303660,0.05,2620,-112.74502268999998,3615,115,84.0,75889,0.0001,0.5082515478134155
303744,0.05,2621,-112.34560925000001,3616,115,84.0,75910,0.0001,5.894279479980469
303828,0.05,2622,-112.95063280000001,3617,115,84.0,75931,0.0001,2.214310646057129
303912,0.05,2623,-113.6196158,3618,115,84.0,75952,0.0001,0.9510619044303894
303996,0.05,2623,-114.29876633000002,3619,115,84.0,75973,0.0001,1.0034207105636597
304080,0.05,2624,-112.76677709000002,3620,115,84.0,75994,0.0001,4.737746238708496
304164,0.05,2625,-113.16287997,3621,115,84.0,76015,0.0001,3.1268975734710693
304248,0.05,2626,-115.05160297000002,3622,115,84.0,76036,0.0001,6.481037139892578
304332,0.05,2626,-114.50373093000002,3623,115,84.0,76057,0.0001,1.1479634046554565
304416,0.05,2627,-113.73441360000002,3624,115,84.0,76078,0.0001,1.2600663900375366
304500,0.05,2628,-112.49371453000002,3625,115,84.0,76099,0.0001,1.0479390621185303
304584,0.05,2629,-112.63968947000004,3626,115,84.0,76120,0.0001,1.5871436595916748
304668,0.05,2629,-111.70429742000002,3627,115,84.0,76141,0.0001,5.5840606689453125
304752,0.05,2630,-111.2977169,3628,115,84.0,76162,0.0001,0.6700890064239502
304836,0.05,2631,-109.77613954999998,3629,115,84.0,76183,0.0001,0.8250589966773987
304920,0.05,2632,-109.16012053,3630,115,84.0,76204,0.0001,1.8123881816864014
305004,0.05,2633,-108.94798949,3631,115,84.0,76225,0.0001,10.068496704101562
305088,0.05,2633,-108.09119333000001,3632,115,84.0,76246,0.0001,1.4924170970916748
305172,0.05,2634,-106.79524179,3633,115,84.0,76267,0.0001,2.4007604122161865
305256,0.05,2635,-108.40800927000001,3634,115,84.0,76288,0.0001,5.805852890014648
305340,0.05,2636,-106.18196889,3635,115,84.0,76309,0.0001,5.436087131500244
305424,0.05,2636,-105.9536421,3636,115,84.0,76330,0.0001,1.2699172496795654
305508,0.05,2637,-104.73911145999999,3637,115,84.0,76351,0.0001,10.053810119628906
305592,0.05,2638,-104.10342431999999,3638,115,84.0,76372,0.0001,1.5500818490982056
305676,0.05,2639,-104.52883595000002,3639,115,84.0,76393,0.0001,2.534355640411377
305760,0.05,2639,-104.38984261000002,3640,115,84.0,76414,0.0001,2.90301251411438
305844,0.05,2640,-104.01910335000001,3641,115,84.0,76435,0.0001,1.5571372509002686
305928,0.05,2641,-103.42095123000001,3642,115,84.0,76456,0.0001,1.042235255241394
306012,0.05,2642,-102.54075279,3643,115,84.0,76477,0.0001,4.745574951171875
306096,0.05,2642,-102.92051840999999,3644,115,84.0,76498,0.0001,1.2731207609176636
306180,0.05,2643,-102.52501994999999,3645,115,84.0,76519,0.0001,1.7671029567718506
306264,0.05,2644,-103.94636849999999,3646,115,84.0,76540,0.0001,1.4163949489593506
306348,0.05,2644,-103.24808158,3647,115,84.0,76561,0.0001,0.7685576677322388
306432,0.05,2645,-102.43411775,3648,115,84.0,76582,0.0001,6.0455498695373535
306516,0.05,2646,-101.37740163000001,3649,115,84.0,76603,0.0001,1.4249862432479858
306600,0.05,2647,-102.63853698000001,3650,115,84.0,76624,0.0001,0.6673115491867065
306684,0.05,2647,-103.67901430000002,3651,115,84.0,76645,0.0001,1.2456705570220947
306768,0.05,2648,-102.09368682,3652,115,84.0,76666,0.0001,5.310552597045898
306852,0.05,2649,-101.67015532,3653,115,84.0,76687,0.0001,1.8348288536071777
306936,0.05,2650,-102.01938980999999,3654,115,84.0,76708,0.0001,5.067755699157715
307020,0.05,2651,-101.29688287,3655,115,84.0,76729,0.0001,3.78914737701416
307104,0.05,2651,-100.25972201,3656,115,84.0,76750,0.0001,1.179458737373352
307188,0.05,2652,-98.25424296999998,3657,115,84.0,76771,0.0001,0.8200488090515137
307272,0.05,2653,-98.92343099,3658,115,84.0,76792,0.0001,0.7886919975280762
307356,0.05,2654,-99.63909963000002,3659,115,84.0,76813,0.0001,1.537611961364746
307440,0.05,2654,-98.04636339999999,3660,115,84.0,76834,0.0001,1.8671636581420898
307524,0.05,2655,-98.46874431000002,3661,115,84.0,76855,0.0001,0.9257245659828186
307608,0.05,2656,-97.64439109999999,3662,115,84.0,76876,0.0001,1.149626612663269
307692,0.05,2657,-96.20585225000002,3663,115,84.0,76897,0.0001,0.6693378686904907
307776,0.05,2657,-96.52541735999998,3664,115,84.0,76918,0.0001,4.647332191467285
307860,0.05,2658,-96.4741607,3665,115,84.0,76939,0.0001,0.6485562920570374
307944,0.05,2659,-94.14850329,3666,115,84.0,76960,0.0001,4.9951910972595215
308028,0.05,2660,-94.76527272,3667,115,84.0,76981,0.0001,1.2643206119537354
308112,0.05,2660,-94.02989337000001,3668,115,84.0,77002,0.0001,1.7193139791488647
308196,0.05,2661,-93.32681124000003,3669,115,84.0,77023,0.0001,6.726670265197754
308280,0.05,2662,-92.79675325,3670,115,84.0,77044,0.0001,0.799246072769165
308364,0.05,2663,-92.23780648,3671,115,84.0,77065,0.0001,1.2187433242797852
308448,0.05,2663,-92.18805563,3672,115,84.0,77086,0.0001,4.239282608032227
308532,0.05,2664,-92.58515507999999,3673,115,84.0,77107,0.0001,0.6449944972991943
308616,0.05,2665,-92.33560154999999,3674,115,84.0,77128,0.0001,0.5805966854095459
308700,0.05,2666,-91.20813149,3675,115,84.0,77149,0.0001,0.42690515518188477
308784,0.05,2666,-89.89468081,3676,115,84.0,77170,0.0001,5.527316570281982
308868,0.05,2667,-90.30722178999999,3677,115,84.0,77191,0.0001,1.6178220510482788
308952,0.05,2668,-89.95257444999999,3678,115,84.0,77212,0.0001,1.665647268295288
309036,0.05,2669,-88.81761871999998,3679,115,84.0,77233,0.0001,3.149111747741699
309120,0.05,2670,-90.70510285,3680,115,84.0,77254,0.0001,1.506380558013916
309204,0.05,2670,-90.05942964000002,3681,115,84.0,77275,0.0001,6.235653877258301
309288,0.05,2671,-89.04655838000002,3682,115,84.0,77296,0.0001,1.4836132526397705
309372,0.05,2672,-88.60132911000001,3683,115,84.0,77317,0.0001,1.3351377248764038
309456,0.05,2673,-88.44107814,3684,115,84.0,77338,0.0001,2.706641674041748
309540,0.05,2673,-88.60504362,3685,115,84.0,77359,0.0001,6.432431221008301
309624,0.05,2674,-88.70725952999999,3686,115,84.0,77380,0.0001,7.244268894195557
309708,0.05,2675,-89.42703346999998,3687,115,84.0,77401,0.0001,1.5869109630584717
309792,0.05,2676,-89.22948362000001,3688,115,84.0,77422,0.0001,0.6340944766998291
309876,0.05,2677,-89.59742355999998,3689,115,84.0,77443,0.0001,0.3228472173213959
309960,0.05,2677,-89.55163034999998,3690,115,84.0,77464,0.0001,0.483833372592926
310044,0.05,2678,-89.48092180999998,3691,115,84.0,77485,0.0001,5.558308124542236
310128,0.05,2679,-89.61913538999997,3692,115,84.0,77506,0.0001,7.746425628662109
310212,0.05,2680,-89.73455023999998,3693,115,84.0,77527,0.0001,5.240023612976074
310296,0.05,2680,-89.76547679999997,3694,115,84.0,77548,0.0001,9.68510627746582
310380,0.05,2681,-90.14533078999999,3695,115,84.0,77569,0.0001,1.8906835317611694
310464,0.05,2682,-89.54523086999998,3696,115,84.0,77590,0.0001,5.765827655792236
310548,0.05,2683,-90.3557068,3697,115,84.0,77611,0.0001,2.171255588531494
310632,0.05,2683,-90.21856109999999,3698,115,84.0,77632,0.0001,5.4371185302734375
310716,0.05,2684,-90.50658959999998,3699,115,84.0,77653,0.0001,8.139360427856445
310800,0.05,2685,-90.30943027,3700,115,84.0,77674,0.0001,2.277230739593506
310884,0.05,2685,-89.69839075,3701,115,84.0,77695,0.0001,5.207768440246582
310968,0.05,2686,-88.80372324999999,3702,115,84.0,77716,0.0001,5.333766460418701
311052,0.05,2687,-88.13515183,3703,115,84.0,77737,0.0001,1.8410193920135498
311136,0.05,2688,-87.41963992999999,3704,115,84.0,77758,0.0001,0.933631420135498
311220,0.05,2689,-88.24415305999999,3705,115,84.0,77779,0.0001,9.313427925109863
311304,0.05,2689,-88.68534008000002,3706,115,84.0,77800,0.0001,1.3354825973510742
311388,0.05,2690,-88.32965234000002,3707,115,84.0,77821,0.0001,5.584494590759277
311472,0.05,2691,-88.08088964000002,3708,115,84.0,77842,0.0001,1.9155399799346924
311556,0.05,2692,-88.86766881000001,3709,115,84.0,77863,0.0001,5.096452713012695
311640,0.05,2692,-88.49586900999999,3710,115,84.0,77884,0.0001,9.564266204833984
311724,0.05,2693,-89.02236769000001,3711,115,84.0,77905,0.0001,1.3544191122055054
311808,0.05,2694,-87.59155558,3712,115,84.0,77926,0.0001,9.315994262695312
311892,0.05,2695,-86.25622168000001,3713,115,84.0,77947,0.0001,0.975105881690979
311976,0.05,2695,-85.8254033,3714,115,84.0,77968,0.0001,0.6996824741363525
312060,0.05,2696,-85.01385802,3715,115,84.0,77989,0.0001,1.9076272249221802
312144,0.05,2697,-84.82621713999998,3716,115,84.0,78010,0.0001,1.3335294723510742
312228,0.05,2698,-83.73982467,3717,115,84.0,78031,0.0001,2.6125495433807373
312312,0.05,2698,-82.38707389,3718,115,84.0,78052,0.0001,1.2825586795806885
312396,0.05,2699,-80.56660094,3719,115,84.0,78073,0.0001,1.2714226245880127
312480,0.05,2700,-81.11686671,3720,115,84.0,78094,0.0001,1.0123075246810913
312564,0.05,2701,-79.97500459000001,3721,115,84.0,78115,0.0001,0.6946851015090942
312648,0.05,2701,-78.42211490000001,3722,115,84.0,78136,0.0001,1.5645842552185059
312732,0.05,2702,-77.87532029,3723,115,84.0,78157,0.0001,1.396307110786438
312816,0.05,2703,-78.70290598000001,3724,115,84.0,78178,0.0001,4.914926528930664
312900,0.05,2704,-78.87083667,3725,115,84.0,78199,0.0001,5.617265701293945
312984,0.05,2704,-79.69213909,3726,115,84.0,78220,0.0001,0.630902111530304
313068,0.05,2705,-78.70223604,3727,115,84.0,78241,0.0001,10.024520874023438
313152,0.05,2706,-78.46787007,3728,115,84.0,78262,0.0001,0.64490807056427
313236,0.05,2707,-78.43378700999999,3729,115,84.0,78283,0.0001,7.175779342651367
313320,0.05,2707,-77.52044436,3730,115,84.0,78304,0.0001,5.955748558044434
313404,0.05,2708,-77.49953835,3731,115,84.0,78325,0.0001,2.1278493404388428
313488,0.05,2709,-77.29257048999999,3732,115,84.0,78346,0.0001,0.3881491720676422
313572,0.05,2710,-77.19945901999999,3733,115,84.0,78367,0.0001,0.4653176963329315
313656,0.05,2710,-76.73815962999998,3734,115,84.0,78388,0.0001,1.451690673828125
313740,0.05,2711,-76.94891349,3735,115,84.0,78409,0.0001,1.1482646465301514
313824,0.05,2712,-76.26595746,3736,115,84.0,78430,0.0001,5.568912506103516
313908,0.05,2713,-77.59435831,3737,115,84.0,78451,0.0001,5.883796215057373
313992,0.05,2713,-78.844991,3738,115,84.0,78472,0.0001,5.034290790557861
314076,0.05,2714,-77.23612780999999,3739,115,84.0,78493,0.0001,8.606948852539062
314160,0.05,2715,-77.98844607,3740,115,84.0,78514,0.0001,1.2772725820541382
314244,0.05,2716,-78.36635892,3741,115,84.0,78535,0.0001,1.3024215698242188
314328,0.05,2716,-79.34737312,3742,115,84.0,78556,0.0001,1.2200922966003418
314412,0.05,2717,-79.29544578,3743,115,84.0,78577,0.0001,1.0962263345718384
314496,0.05,2718,-79.0363934,3744,115,84.0,78598,0.0001,6.085700511932373
314580,0.05,2719,-78.87219413,3745,115,84.0,78619,0.0001,0.9969950914382935
314664,0.05,2720,-77.92298337999999,3746,115,84.0,78640,0.0001,5.996390342712402
314748,0.05,2720,-78.07260296,3747,115,84.0,78661,0.0001,4.829893112182617
314832,0.05,2721,-78.15083236999999,3748,115,84.0,78682,0.0001,1.2026748657226562
314916,0.05,2722,-79.88664547999998,3749,115,84.0,78703,0.0001,9.585590362548828
315000,0.05,2723,-78.42113869999999,3750,115,84.0,78724,0.0001,0.6456817388534546
315084,0.05,2723,-77.21086460999999,3751,115,84.0,78745,0.0001,4.961935520172119
315168,0.05,2724,-77.47840847999998,3752,115,84.0,78766,0.0001,6.111785411834717
315252,0.05,2725,-77.47873887999998,3753,115,84.0,78787,0.0001,1.1061668395996094
315336,0.05,2726,-76.60380014999998,3754,115,84.0,78808,0.0001,0.881272554397583
315420,0.05,2726,-76.99689398999998,3755,115,84.0,78829,0.0001,2.9075047969818115
315504,0.05,2727,-77.29729144,3756,115,84.0,78850,0.0001,2.071683406829834
315588,0.05,2728,-78.59140457999999,3757,115,84.0,78871,0.0001,0.5141642093658447
315672,0.05,2729,-78.76848625999999,3758,115,84.0,78892,0.0001,5.355646133422852
315756,0.05,2729,-77.32948674999999,3759,115,84.0,78913,0.0001,0.8907892107963562
315840,0.05,2730,-78.47266053999999,3760,115,84.0,78934,0.0001,8.240861892700195
315924,0.05,2731,-79.13993236999998,3761,115,84.0,78955,0.0001,6.57228946685791
316008,0.05,2732,-78.98321516999998,3762,115,84.0,78976,0.0001,2.020068645477295
316092,0.05,2732,-79.83937199999998,3763,115,84.0,78997,0.0001,0.9419902563095093
316176,0.05,2733,-79.46292553,3764,115,84.0,79018,0.0001,0.5952811241149902
316260,0.05,2734,-79.66557389,3765,115,84.0,79039,0.0001,5.225588321685791
316344,0.05,2735,-81.53128246,3766,115,84.0,79060,0.0001,1.0521708726882935
316428,0.05,2735,-80.70413231,3767,115,84.0,79081,0.0001,5.409518241882324
316512,0.05,2736,-81.15705393,3768,115,84.0,79102,0.0001,4.679263591766357
316596,0.05,2737,-82.20084281,3769,115,84.0,79123,0.0001,0.5127584934234619
316680,0.05,2738,-82.65757328,3770,115,84.0,79144,0.0001,5.014985084533691
316764,0.05,2738,-83.06810563,3771,115,84.0,79165,0.0001,0.47738349437713623
316848,0.05,2739,-83.28342113000001,3772,115,84.0,79186,0.0001,1.161954402923584
316932,0.05,2740,-83.17012225,3773,115,84.0,79207,0.0001,1.5783292055130005
317016,0.05,2741,-83.40367001,3774,115,84.0,79228,0.0001,1.0773990154266357
317100,0.05,2741,-84.50866991000001,3775,115,84.0,79249,0.0001,0.5421690940856934
317184,0.05,2742,-84.81469714999999,3776,115,84.0,79270,0.0001,0.9680618643760681
317268,0.05,2743,-83.18869792,3777,115,84.0,79291,0.0001,5.377401351928711
317352,0.05,2744,-83.31974863,3778,115,84.0,79312,0.0001,5.663749694824219
317436,0.05,2744,-83.29616094000001,3779,115,84.0,79333,0.0001,1.9580237865447998
317520,0.05,2745,-82.86204221,3780,115,84.0,79354,0.0001,5.869219779968262
317604,0.05,2746,-83.76344870999999,3781,115,84.0,79375,0.0001,0.8845871090888977
317688,0.05,2747,-83.96836595,3782,115,84.0,79396,0.0001,0.5869922041893005
317772,0.05,2747,-85.44593547000001,3783,115,84.0,79417,0.0001,5.673495769500732
317856,0.05,2748,-85.78791173000002,3784,115,84.0,79438,0.0001,5.443783760070801
317940,0.05,2749,-86.08716676000002,3785,115,84.0,79459,0.0001,0.676291823387146
318024,0.05,2750,-85.68389460000002,3786,115,84.0,79480,0.0001,0.628121018409729
318108,0.05,2750,-84.82136180000002,3787,115,84.0,79501,0.0001,2.1375632286071777
318192,0.05,2751,-84.16979405999999,3788,115,84.0,79522,0.0001,6.991218566894531
318276,0.05,2752,-85.12809508999999,3789,115,84.0,79543,0.0001,6.183253288269043
318360,0.05,2753,-84.9523063,3790,115,84.0,79564,0.0001,1.9053235054016113
318444,0.05,2753,-85.1349466,3791,115,84.0,79585,0.0001,4.723785400390625
318528,0.05,2754,-85.73899940000001,3792,115,84.0,79606,0.0001,0.7820261716842651
318612,0.05,2755,-85.47592402000001,3793,115,84.0,79627,0.0001,9.261756896972656
318696,0.05,2756,-85.61481237,3794,115,84.0,79648,0.0001,9.901660919189453
318780,0.05,2757,-85.43012302999999,3795,115,84.0,79669,0.0001,1.0832988023757935
318864,0.05,2757,-85.87235218,3796,115,84.0,79690,0.0001,0.9370330572128296
318948,0.05,2758,-84.23402349999998,3797,115,84.0,79711,0.0001,5.826635360717773
319032,0.05,2759,-84.82601187,3798,115,84.0,79732,0.0001,0.5326930284500122
319116,0.05,2759,-85.9691883,3799,115,84.0,79753,0.0001,5.8331475257873535
319200,0.05,2760,-86.82504504000002,3800,115,84.0,79774,0.0001,0.8245396614074707
319284,0.05,2761,-88.33623065000002,3801,115,84.0,79795,0.0001,0.7864402532577515
319368,0.05,2762,-88.04396557,3802,115,84.0,79816,0.0001,0.757657527923584
319452,0.05,2762,-88.74378118999999,3803,115,84.0,79837,0.0001,0.5210840702056885
319536,0.05,2763,-88.30944062999998,3804,115,84.0,79858,0.0001,0.6004772186279297
319620,0.05,2764,-87.96974067000001,3805,115,84.0,79879,0.0001,1.805903673171997
319704,0.05,2765,-87.96137359000001,3806,115,84.0,79900,0.0001,1.3354287147521973
319788,0.05,2765,-88.43473222000003,3807,115,84.0,79921,0.0001,5.784451484680176
319872,0.05,2766,-88.60144850000002,3808,115,84.0,79942,0.0001,1.3259586095809937
319956,0.05,2767,-87.76503305000001,3809,115,84.0,79963,0.0001,1.3174018859863281
320040,0.05,2768,-88.44443892000002,3810,115,84.0,79984,0.0001,1.542898416519165
320124,0.05,2768,-89.55908870000003,3811,115,84.0,80005,0.0001,5.8132004737854
320208,0.05,2769,-91.06443799000003,3812,115,84.0,80026,0.0001,5.33573055267334
320292,0.05,2770,-91.26761533000001,3813,115,84.0,80047,0.0001,12.161152839660645
320376,0.05,2771,-92.11738987000001,3814,115,84.0,80068,0.0001,1.7165422439575195
320460,0.05,2771,-92.10575488999999,3815,115,84.0,80089,0.0001,1.1978166103363037
320544,0.05,2772,-91.60087475,3816,115,84.0,80110,0.0001,1.1986749172210693
320628,0.05,2773,-93.29322987999998,3817,115,84.0,80131,0.0001,1.7274394035339355
320712,0.05,2774,-94.33691454999999,3818,115,84.0,80152,0.0001,2.129397392272949
320796,0.05,2774,-94.35013154999999,3819,115,84.0,80173,0.0001,1.2853888273239136
320880,0.05,2775,-94.55054635999998,3820,115,84.0,80194,0.0001,2.7590384483337402
320964,0.05,2776,-95.12258349,3821,115,84.0,80215,0.0001,1.9654723405838013
321048,0.05,2777,-94.50993947,3822,115,84.0,80236,0.0001,5.279050827026367
321132,0.05,2777,-94.81784227999998,3823,115,84.0,80257,0.0001,1.0449941158294678
321216,0.05,2778,-94.11175268000001,3824,115,84.0,80278,0.0001,1.8331798315048218
321300,0.05,2779,-93.55193577,3825,115,84.0,80299,0.0001,6.483102321624756
321384,0.05,2780,-92.73210687000001,3826,115,84.0,80320,0.0001,1.1480319499969482
321468,0.05,2781,-94.28869619000001,3827,115,84.0,80341,0.0001,1.5893930196762085
321552,0.05,2781,-93.70349683,3828,115,84.0,80362,0.0001,1.1147146224975586
321636,0.05,2782,-94.06001807999998,3829,115,84.0,80383,0.0001,1.242858648300171
321720,0.05,2783,-94.96636185999998,3830,115,84.0,80404,0.0001,5.104696273803711
321804,0.05,2784,-93.24587916999997,3831,115,84.0,80425,0.0001,1.0513145923614502
321888,0.05,2784,-93.53642102999999,3832,115,84.0,80446,0.0001,2.050853729248047
321972,0.05,2785,-93.73075556999999,3833,115,84.0,80467,0.0001,1.591782808303833
322056,0.05,2786,-93.68373696999998,3834,115,84.0,80488,0.0001,1.9852898120880127
322140,0.05,2787,-93.43664041,3835,115,84.0,80509,0.0001,4.921825408935547
322224,0.05,2788,-92.59310598,3836,115,84.0,80530,0.0001,0.7763710618019104
322308,0.05,2788,-92.00325643000001,3837,115,84.0,80551,0.0001,4.410408020019531
322392,0.05,2789,-90.97779514,3838,115,84.0,80572,0.0001,1.9806466102600098
322476,0.05,2790,-91.36721896000003,3839,115,84.0,80593,0.0001,1.1913681030273438
322560,0.05,2791,-90.79384655,3840,115,84.0,80614,0.0001,1.4301300048828125
322644,0.05,2791,-90.64111189,3841,115,84.0,80635,0.0001,1.2304050922393799
322728,0.05,2792,-89.24484046000002,3842,115,84.0,80656,0.0001,0.9039192199707031
322812,0.05,2793,-89.57265380000001,3843,115,84.0,80677,0.0001,1.1752829551696777
322896,0.05,2794,-90.10149415999999,3844,115,84.0,80698,0.0001,5.299610137939453
322980,0.05,2794,-89.93763575999998,3845,115,84.0,80719,0.0001,6.536471366882324
323064,0.05,2795,-90.27293791999999,3846,115,84.0,80740,0.0001,1.1789381504058838
323148,0.05,2796,-89.86612224999999,3847,115,84.0,80761,0.0001,1.696171522140503
323232,0.05,2797,-89.65989352000001,3848,115,84.0,80782,0.0001,0.7757931351661682
323316,0.05,2798,-87.33432303000001,3849,115,84.0,80803,0.0001,1.1440138816833496
323400,0.05,2798,-87.68729779000003,3850,115,84.0,80824,0.0001,9.193771362304688
323484,0.05,2799,-87.32550757000003,3851,115,84.0,80845,0.0001,11.275135040283203
323568,0.05,2800,-87.95845621000002,3852,115,84.0,80866,0.0001,1.244728922843933
323652,0.05,2801,-87.7620784,3853,115,84.0,80887,0.0001,3.8670504093170166
323736,0.05,2802,-86.95849963999999,3854,115,84.0,80908,0.0001,0.6981260180473328
323820,0.05,2802,-87.54894012000001,3855,115,84.0,80929,0.0001,0.707183301448822
323904,0.05,2803,-85.66132845,3856,115,84.0,80950,0.0001,0.6833555102348328
323988,0.05,2804,-84.39515873,3857,115,84.0,80971,0.0001,2.3568766117095947
324072,0.05,2805,-82.94828387,3858,115,84.0,80992,0.0001,0.45510655641555786
324156,0.05,2805,-84.13911311,3859,115,84.0,81013,0.0001,6.109201431274414
324240,0.05,2806,-82.76035722,3860,115,84.0,81034,0.0001,1.1092240810394287
324324,0.05,2807,-82.13228056,3861,115,84.0,81055,0.0001,6.142199516296387
324408,0.05,2807,-81.83078207000001,3862,115,84.0,81076,0.0001,1.6790337562561035
324492,0.05,2808,-80.31966768000001,3863,115,84.0,81097,0.0001,7.832028865814209
324576,0.05,2809,-79.54756989,3864,115,84.0,81118,0.0001,6.379765510559082
324660,0.05,2810,-78.6653018,3865,115,84.0,81139,0.0001,5.639634609222412
324744,0.05,2811,-77.58612401,3866,115,84.0,81160,0.0001,3.1692020893096924
324828,0.05,2812,-78.03830644,3867,115,84.0,81181,0.0001,4.981513023376465
324912,0.05,2812,-78.96806959999999,3868,115,84.0,81202,0.0001,1.4938514232635498
324996,0.05,2813,-78.06319433,3869,115,84.0,81223,0.0001,0.8894968628883362
325080,0.05,2814,-77.99869080999999,3870,115,84.0,81244,0.0001,0.718976616859436
325164,0.05,2815,-78.72606420999999,3871,115,84.0,81265,0.0001,1.3137224912643433
325248,0.05,2815,-77.43988833999998,3872,115,84.0,81286,0.0001,1.1998240947723389
325332,0.05,2816,-77.77830125,3873,115,84.0,81307,0.0001,1.314807653427124
325416,0.05,2817,-76.813712,3874,115,84.0,81328,0.0001,12.300806045532227
325500,0.05,2818,-76.4935038,3875,115,84.0,81349,0.0001,6.279214382171631
325584,0.05,2818,-77.24915287,3876,115,84.0,81370,0.0001,2.13554310798645
325668,0.05,2819,-78.67071465999999,3877,115,84.0,81391,0.0001,1.3800466060638428
325752,0.05,2820,-77.55034834,3878,115,84.0,81412,0.0001,8.88577938079834
325836,0.05,2821,-76.84589630999999,3879,115,84.0,81433,0.0001,0.7069958448410034
325920,0.05,2822,-75.90316046,3880,115,84.0,81454,0.0001,1.0627059936523438
326004,0.05,2823,-75.33218506999998,3881,115,84.0,81475,0.0001,0.7765616774559021
326088,0.05,2823,-75.00830298000001,3882,115,84.0,81496,0.0001,0.874393105506897
326172,0.05,2824,-74.71607898,3883,115,84.0,81517,0.0001,5.2392497062683105
326256,0.05,2825,-74.29150191,3884,115,84.0,81538,0.0001,1.524071455001831
326340,0.05,2826,-74.00964524,3885,115,84.0,81559,0.0001,1.0880036354064941
326424,0.05,2826,-75.18613849,3886,115,84.0,81580,0.0001,1.7083733081817627
326508,0.05,2827,-74.74915762,3887,115,84.0,81601,0.0001,0.7741601467132568
326592,0.05,2828,-74.1002224,3888,115,84.0,81622,0.0001,4.461060047149658
326676,0.05,2829,-73.47722916,3889,115,84.0,81643,0.0001,7.1297526359558105
326760,0.05,2829,-73.40557266,3890,115,84.0,81664,0.0001,1.6831181049346924
326844,0.05,2830,-72.86719672999999,3891,115,84.0,81685,0.0001,1.0739600658416748
326928,0.05,2831,-73.64979740000001,3892,115,84.0,81706,0.0001,0.8002095818519592
327012,0.05,2832,-74.44965336,3893,115,84.0,81727,0.0001,11.718038558959961
327096,0.05,2833,-73.38106278000001,3894,115,84.0,81748,0.0001,0.7949665784835815
327180,0.05,2833,-73.57395229000001,3895,115,84.0,81769,0.0001,6.3420023918151855
327264,0.05,2834,-73.05483553,3896,115,84.0,81790,0.0001,7.008685111999512
327348,0.05,2835,-73.7525633,3897,115,84.0,81811,0.0001,4.9932661056518555
327432,0.05,2836,-72.72669709,3898,115,84.0,81832,0.0001,0.7748783826828003
327516,0.05,2836,-72.66622599,3899,115,84.0,81853,0.0001,0.40230071544647217
327600,0.05,2837,-71.93275801,3900,115,84.0,81874,0.0001,8.958170890808105
327684,0.05,2838,-71.66720675,3901,115,84.0,81895,0.0001,0.6773732900619507
327768,0.05,2839,-71.60059805,3902,115,84.0,81916,0.0001,0.7630046606063843
327852,0.05,2839,-71.25702363,3903,115,84.0,81937,0.0001,1.1931649446487427
327936,0.05,2840,-72.00687771,3904,115,84.0,81958,0.0001,10.583256721496582
328020,0.05,2841,-71.84960715,3905,115,84.0,81979,0.0001,1.1094465255737305
328104,0.05,2842,-71.07008036,3906,115,84.0,82000,0.0001,1.645452618598938
328188,0.05,2842,-70.61086786000001,3907,115,84.0,82021,0.0001,6.2950897216796875
328272,0.05,2843,-70.49988169000001,3908,115,84.0,82042,0.0001,4.150476455688477
328356,0.05,2844,-71.57614751,3909,115,84.0,82063,0.0001,1.4477243423461914
328440,0.05,2845,-71.33511914,3910,115,84.0,82084,0.0001,9.739533424377441
328524,0.05,2845,-70.54192135,3911,115,84.0,82105,0.0001,0.6795943975448608
328608,0.05,2846,-69.90027377999999,3912,115,84.0,82126,0.0001,1.0184319019317627
328692,0.05,2847,-70.82055542,3913,115,84.0,82147,0.0001,10.047760009765625
328776,0.05,2848,-70.0082492,3914,115,84.0,82168,0.0001,1.4788098335266113
328860,0.05,2848,-70.0266428,3915,115,84.0,82189,0.0001,1.4300719499588013
328944,0.05,2849,-71.02270475,3916,115,84.0,82210,0.0001,10.092220306396484
329028,0.05,2850,-69.85340000000001,3917,115,84.0,82231,0.0001,5.3739190101623535
329112,0.05,2851,-69.22024928,3918,115,84.0,82252,0.0001,2.0590643882751465
329196,0.05,2851,-69.22206283999999,3919,115,84.0,82273,0.0001,0.8483554124832153
329280,0.05,2852,-68.83139668,3920,115,84.0,82294,0.0001,5.453391075134277
329364,0.05,2853,-69.51684682,3921,115,84.0,82315,0.0001,0.8493369221687317
329448,0.05,2854,-70.27545460000002,3922,115,84.0,82336,0.0001,5.132758617401123
329532,0.05,2855,-70.04240374000001,3923,115,84.0,82357,0.0001,7.741573810577393
329616,0.05,2855,-70.49671607,3924,115,84.0,82378,0.0001,11.549600601196289
329700,0.05,2856,-71.88429281,3925,115,84.0,82399,0.0001,1.480276346206665
329784,0.05,2857,-72.1966029,3926,115,84.0,82420,0.0001,1.6790568828582764
329868,0.05,2858,-71.94570800000001,3927,115,84.0,82441,0.0001,0.6759680509567261
329952,0.05,2858,-72.80974586,3928,115,84.0,82462,0.0001,0.5810861587524414
330036,0.05,2859,-72.80324883000002,3929,115,84.0,82483,0.0001,5.873234272003174
330120,0.05,2860,-72.83239318000001,3930,115,84.0,82504,0.0001,1.0608036518096924
330204,0.05,2860,-73.14561546,3931,115,84.0,82525,0.0001,2.064326047897339
330288,0.05,2861,-72.68303463000001,3932,115,84.0,82546,0.0001,3.2108306884765625
330372,0.05,2862,-72.81859026000001,3933,115,84.0,82567,0.0001,6.706785202026367
330456,0.05,2863,-72.59054299000002,3934,115,84.0,82588,0.0001,5.579756736755371
330540,0.05,2863,-72.65992519000001,3935,115,84.0,82609,0.0001,2.35366153717041
330624,0.05,2864,-72.93913771000001,3936,115,84.0,82630,0.0001,13.671680450439453
330708,0.05,2865,-72.38744881000001,3937,115,84.0,82651,0.0001,1.4776257276535034
330792,0.05,2866,-72.93808783,3938,115,84.0,82672,0.0001,7.24336051940918
330876,0.05,2866,-73.32606990000001,3939,115,84.0,82693,0.0001,1.3410961627960205
330960,0.05,2867,-72.69301271,3940,115,84.0,82714,0.0001,2.1062350273132324
331044,0.05,2868,-71.56271207,3941,115,84.0,82735,0.0001,0.7233015298843384
331128,0.05,2869,-72.28076623,3942,115,84.0,82756,0.0001,1.9954231977462769
331212,0.05,2869,-73.07026143000002,3943,115,84.0,82777,0.0001,0.7936908006668091
331296,0.05,2870,-72.92601210000001,3944,115,84.0,82798,0.0001,0.704849898815155
331380,0.05,2871,-72.46589479000001,3945,115,84.0,82819,0.0001,1.222211480140686
331464,0.05,2872,-71.83159213,3946,115,84.0,82840,0.0001,0.6481829881668091
331548,0.05,2872,-71.46817981,3947,115,84.0,82861,0.0001,6.349381446838379
331632,0.05,2873,-71.31214562999999,3948,115,84.0,82882,0.0001,7.128582954406738
331716,0.05,2874,-72.85903114999999,3949,115,84.0,82903,0.0001,0.6400569677352905
331800,0.05,2875,-72.34591171999999,3950,115,84.0,82924,0.0001,0.9740435481071472
331884,0.05,2875,-72.88262717999999,3951,115,84.0,82945,0.0001,5.180624485015869
331968,0.05,2876,-72.93404686999999,3952,115,84.0,82966,0.0001,6.073770999908447
332052,0.05,2877,-73.4481864,3953,115,84.0,82987,0.0001,4.333291053771973
332136,0.05,2878,-74.37094216,3954,115,84.0,83008,0.0001,5.179051876068115
332220,0.05,2878,-73.03067521,3955,115,84.0,83029,0.0001,0.8580952882766724
332304,0.05,2879,-75.05943813999998,3956,115,84.0,83050,0.0001,1.3882436752319336
332388,0.05,2880,-75.87795909999998,3957,115,84.0,83071,0.0001,4.946227073669434
332472,0.05,2881,-76.22371218999999,3958,115,84.0,83092,0.0001,1.3826723098754883
332556,0.05,2881,-75.93737626,3959,115,84.0,83113,0.0001,1.4091272354125977
332640,0.05,2882,-76.69572959000001,3960,115,84.0,83134,0.0001,0.35310450196266174
332724,0.05,2883,-77.55747552000001,3961,115,84.0,83155,0.0001,6.6749467849731445
332808,0.05,2883,-77.84551077,3962,115,84.0,83176,0.0001,2.0432233810424805
332892,0.05,2884,-79.30585566999999,3963,115,84.0,83197,0.0001,5.494110584259033
332976,0.05,2885,-78.41176878999998,3964,115,84.0,83218,0.0001,0.49747434258461
333060,0.05,2886,-79.24522819999999,3965,115,84.0,83239,0.0001,1.2274373769760132
333144,0.05,2886,-79.14115809,3966,115,84.0,83260,0.0001,0.7041639685630798
333228,0.05,2887,-78.74442855,3967,115,84.0,83281,0.0001,2.433539628982544
333312,0.05,2888,-78.08003155,3968,115,84.0,83302,0.0001,0.892052412033081
333396,0.05,2889,-77.21735654,3969,115,84.0,83323,0.0001,0.7298401594161987
333480,0.05,2889,-76.57171392000001,3970,115,84.0,83344,0.0001,1.9659861326217651
333564,0.05,2890,-75.6269051,3971,115,84.0,83365,0.0001,0.9431027173995972
333648,0.05,2891,-75.56321932,3972,115,84.0,83386,0.0001,5.020137310028076
333732,0.05,2892,-74.31952088,3973,115,84.0,83407,0.0001,5.453845024108887
333816,0.05,2892,-74.63764203,3974,115,84.0,83428,0.0001,1.1744455099105835
333900,0.05,2893,-74.55115224000001,3975,115,84.0,83449,0.0001,1.6722854375839233
333984,0.05,2894,-73.33961497,3976,115,84.0,83470,0.0001,0.9637690782546997
334068,0.05,2895,-73.27946730999999,3977,115,84.0,83491,0.0001,0.7434092164039612
334152,0.05,2895,-72.93779142,3978,115,84.0,83512,0.0001,14.657815933227539
334236,0.05,2896,-72.95248047999999,3979,115,84.0,83533,0.0001,4.299699306488037
334320,0.05,2897,-72.96520982999999,3980,115,84.0,83554,0.0001,1.088338851928711
334404,0.05,2898,-72.36209543,3981,115,84.0,83575,0.0001,0.7059450149536133
334488,0.05,2898,-73.16477825000001,3982,115,84.0,83596,0.0001,0.6482586860656738
334572,0.05,2899,-73.25213529000001,3983,115,84.0,83617,0.0001,0.7955878973007202
334656,0.05,2900,-73.66265399000002,3984,115,84.0,83638,0.0001,2.2923035621643066
334740,0.05,2901,-72.02932592,3985,115,84.0,83659,0.0001,6.313536643981934
334824,0.05,2901,-71.16511914,3986,115,84.0,83680,0.0001,0.5381752252578735
334908,0.05,2902,-72.30516473,3987,115,84.0,83701,0.0001,1.5270349979400635
334992,0.05,2903,-71.32788976,3988,115,84.0,83722,0.0001,1.6908365488052368
335076,0.05,2904,-71.04640695,3989,115,84.0,83743,0.0001,1.0386521816253662
335160,0.05,2905,-71.02320165,3990,115,84.0,83764,0.0001,5.976989269256592
335244,0.05,2905,-69.77411701999999,3991,115,84.0,83785,0.0001,0.7165942788124084
335328,0.05,2906,-67.93395871,3992,115,84.0,83806,0.0001,0.6734591722488403
335412,0.05,2907,-67.71976976,3993,115,84.0,83827,0.0001,0.49388831853866577
335496,0.05,2908,-68.02653690000001,3994,115,84.0,83848,0.0001,1.0499252080917358
335580,0.05,2908,-68.22061624,3995,115,84.0,83869,0.0001,1.1821647882461548
335664,0.05,2909,-68.69206762,3996,115,84.0,83890,0.0001,1.2345532178878784
335748,0.05,2910,-68.80173109,3997,115,84.0,83911,0.0001,5.764559745788574
335832,0.05,2910,-69.13253191000001,3998,115,84.0,83932,0.0001,5.085940837860107
335916,0.05,2911,-67.95648001,3999,115,84.0,83953,0.0001,2.292842388153076
336000,0.05,2912,-69.10866831000003,4000,115,84.0,83974,0.0001,1.9742765426635742
336084,0.05,2913,-68.99450295000001,4001,115,84.0,83995,0.0001,2.4240798950195312
336168,0.05,2914,-68.32004599000001,4002,115,84.0,84016,0.0001,1.0669931173324585
336252,0.05,2914,-67.27779488,4003,115,84.0,84037,0.0001,1.3139443397521973
336336,0.05,2915,-67.35172843,4004,115,84.0,84058,0.0001,1.1000003814697266
336420,0.05,2916,-66.61387783,4005,115,84.0,84079,0.0001,4.791960716247559
336504,0.05,2916,-66.72684533,4006,115,84.0,84100,0.0001,1.5660958290100098
336588,0.05,2917,-66.76507122,4007,115,84.0,84121,0.0001,0.7516567707061768
336672,0.05,2918,-66.61752657999999,4008,115,84.0,84142,0.0001,0.6508898735046387
336756,0.05,2919,-65.62583753999999,4009,115,84.0,84163,0.0001,1.1759686470031738
336840,0.05,2919,-66.03201055999999,4010,115,84.0,84184,0.0001,0.817947268486023
336924,0.05,2920,-65.70505658,4011,115,84.0,84205,0.0001,2.2387332916259766
337008,0.05,2921,-65.86870253000001,4012,115,84.0,84226,0.0001,2.7060279846191406
337092,0.05,2922,-64.4447699,4013,115,84.0,84247,0.0001,2.748553991317749
337176,0.05,2922,-64.45311942,4014,115,84.0,84268,0.0001,2.1488752365112305
337260,0.05,2923,-63.92884119999999,4015,115,84.0,84289,0.0001,0.7308796644210815
337344,0.05,2924,-62.167675839999994,4016,115,84.0,84310,0.0001,0.6255779266357422
337428,0.05,2925,-61.78310675999999,4017,115,84.0,84331,0.0001,1.3821617364883423
337512,0.05,2925,-62.67535377999999,4018,115,84.0,84352,0.0001,4.5593037605285645
337596,0.05,2926,-63.12481281,4019,115,84.0,84373,0.0001,5.137500762939453
337680,0.05,2927,-63.27811001,4020,115,84.0,84394,0.0001,1.7540080547332764
337764,0.05,2927,-62.40702063,4021,115,84.0,84415,0.0001,1.2178306579589844
337848,0.05,2928,-61.49904498,4022,115,84.0,84436,0.0001,1.0024182796478271
337932,0.05,2929,-62.022698260000006,4023,115,84.0,84457,0.0001,0.8287672996520996
338016,0.05,2930,-61.88789694,4024,115,84.0,84478,0.0001,3.293203353881836
338100,0.05,2930,-61.63201428,4025,115,84.0,84499,0.0001,0.9028798937797546
338184,0.05,2931,-61.79665955,4026,115,84.0,84520,0.0001,1.4375674724578857
338268,0.05,2932,-62.07402562,4027,115,84.0,84541,0.0001,7.06716775894165
338352,0.05,2933,-61.59876926999999,4028,115,84.0,84562,0.0001,1.1413962841033936
338436,0.05,2933,-61.312963139999994,4029,115,84.0,84583,0.0001,0.5881747603416443
338520,0.05,2934,-61.93670572,4030,115,84.0,84604,0.0001,0.7901898622512817
338604,0.05,2935,-61.56731372000001,4031,115,84.0,84625,0.0001,0.7232739925384521
338688,0.05,2936,-61.49866117000001,4032,115,84.0,84646,0.0001,0.6754847764968872
338772,0.05,2937,-61.860284660000005,4033,115,84.0,84667,0.0001,0.5049867033958435
338856,0.05,2937,-61.292078499999995,4034,115,84.0,84688,0.0001,0.5465083122253418
338940,0.05,2938,-61.597900489999994,4035,115,84.0,84709,0.0001,9.556191444396973
339024,0.05,2939,-61.16316073,4036,115,84.0,84730,0.0001,1.819981336593628
339108,0.05,2940,-60.97695402,4037,115,84.0,84751,0.0001,0.7682876586914062
339192,0.05,2940,-60.61929662000001,4038,115,84.0,84772,0.0001,6.088438034057617
339276,0.05,2941,-60.43452811000001,4039,115,84.0,84793,0.0001,0.6210530996322632
339360,0.05,2942,-60.51153379,4040,115,84.0,84814,0.0001,5.988741397857666
339444,0.05,2943,-61.68024795,4041,115,84.0,84835,0.0001,5.602434158325195
339528,0.05,2943,-61.03830718000002,4042,115,84.0,84856,0.0001,1.469110131263733
339612,0.05,2944,-60.80085039000001,4043,115,84.0,84877,0.0001,0.8788018226623535
339696,0.05,2945,-60.595820010000004,4044,115,84.0,84898,0.0001,4.658352375030518
339780,0.05,2946,-60.838428490000005,4045,115,84.0,84919,0.0001,1.2907919883728027
339864,0.05,2947,-60.366722100000004,4046,115,84.0,84940,0.0001,1.500726580619812
339948,0.05,2947,-61.671327840000004,4047,115,84.0,84961,0.0001,1.6422969102859497
340032,0.05,2948,-62.4686952,4048,115,84.0,84982,0.0001,5.886853218078613
340116,0.05,2949,-61.51837399,4049,115,84.0,85003,0.0001,2.905158042907715
340200,0.05,2950,-61.894695600000006,4050,115,84.0,85024,0.0001,6.460949897766113
340284,0.05,2950,-61.720684549999994,4051,115,84.0,85045,0.0001,6.1405181884765625
340368,0.05,2951,-61.25236865000001,4052,115,84.0,85066,0.0001,5.081106662750244
340452,0.05,2952,-61.27633253,4053,115,84.0,85087,0.0001,1.3931646347045898
340536,0.05,2953,-60.350769590000006,4054,115,84.0,85108,0.0001,1.2207489013671875
340620,0.05,2953,-59.64578602,4055,115,84.0,85129,0.0001,1.3007218837738037
340704,0.05,2954,-59.46571006000001,4056,115,84.0,85150,0.0001,1.7037155628204346
340788,0.05,2955,-58.41130771000001,4057,115,84.0,85171,0.0001,0.794784426689148
340872,0.05,2956,-58.44311251000001,4058,115,84.0,85192,0.0001,7.07924747467041
340956,0.05,2956,-58.710768480000006,4059,115,84.0,85213,0.0001,1.5312544107437134
341040,0.05,2957,-58.39744054,4060,115,84.0,85234,0.0001,6.712713718414307
341124,0.05,2958,-57.88487064,4061,115,84.0,85255,0.0001,1.190427541732788
341208,0.05,2959,-56.960602630000004,4062,115,84.0,85276,0.0001,4.281373500823975
341292,0.05,2959,-55.5617031,4063,115,84.0,85297,0.0001,0.8670632243156433
341376,0.05,2960,-55.913962219999995,4064,115,84.0,85318,0.0001,5.070703983306885
341460,0.05,2961,-55.224868050000005,4065,115,84.0,85339,0.0001,1.0768529176712036
341544,0.05,2961,-55.04647163,4066,115,84.0,85360,0.0001,5.173936367034912
341628,0.05,2962,-54.12831859,4067,115,84.0,85381,0.0001,4.936460018157959
341712,0.05,2963,-53.8462625,4068,115,84.0,85402,0.0001,0.5290287733078003
341796,0.05,2964,-54.2452526,4069,115,84.0,85423,0.0001,6.0756330490112305
341880,0.05,2964,-53.760259960000006,4070,115,84.0,85444,0.0001,1.9958810806274414
341964,0.05,2965,-52.59697408,4071,115,84.0,85465,0.0001,1.371327519416809
342048,0.05,2966,-52.99304448,4072,115,84.0,85486,0.0001,4.711115837097168
342132,0.05,2967,-53.11256907,4073,115,84.0,85507,0.0001,0.7718831896781921
342216,0.05,2967,-53.25672123,4074,115,84.0,85528,0.0001,2.802018404006958
342300,0.05,2968,-52.68922822,4075,115,84.0,85549,0.0001,1.0476690530776978
342384,0.05,2969,-52.94140624,4076,115,84.0,85570,0.0001,1.4721001386642456
342468,0.05,2970,-52.745031499999996,4077,115,84.0,85591,0.0001,0.8082343339920044
342552,0.05,2970,-53.520980449999996,4078,115,84.0,85612,0.0001,2.302152633666992
342636,0.05,2971,-53.39814687,4079,115,84.0,85633,0.0001,2.46492862701416
342720,0.05,2972,-53.27750228,4080,115,84.0,85654,0.0001,10.561636924743652
342804,0.05,2973,-52.25591439000001,4081,115,84.0,85675,0.0001,1.0027573108673096
342888,0.05,2973,-51.470685270000004,4082,115,84.0,85696,0.0001,1.6328084468841553
342972,0.05,2974,-50.725022360000004,4083,115,84.0,85717,0.0001,1.7454028129577637
343056,0.05,2975,-49.642481749999995,4084,115,84.0,85738,0.0001,0.7344324588775635
343140,0.05,2976,-49.216722950000005,4085,115,84.0,85759,0.0001,5.987351894378662
343224,0.05,2976,-48.72350425,4086,115,84.0,85780,0.0001,1.6718754768371582
343308,0.05,2977,-47.481337870000004,4087,115,84.0,85801,0.0001,0.825400710105896
343392,0.05,2978,-48.416803019999996,4088,115,84.0,85822,0.0001,2.068756580352783
343476,0.05,2979,-47.73190093,4089,115,84.0,85843,0.0001,2.1211509704589844
343560,0.05,2979,-47.325720229999995,4090,115,84.0,85864,0.0001,5.097873210906982
343644,0.05,2980,-47.699157809999996,4091,115,84.0,85885,0.0001,6.064213752746582
343728,0.05,2981,-47.550073579999996,4092,115,84.0,85906,0.0001,5.237804412841797
343812,0.05,2982,-46.95023394,4093,115,84.0,85927,0.0001,4.8536152839660645
343896,0.05,2982,-46.699032370000005,4094,115,84.0,85948,0.0001,0.8196985721588135
343980,0.05,2983,-46.986173259999994,4095,115,84.0,85969,0.0001,0.48711615800857544
344064,0.05,2984,-45.74092722,4096,115,84.0,85990,0.0001,0.7574701309204102
344148,0.05,2985,-45.028140310000005,4097,115,84.0,86011,0.0001,1.2733776569366455
344232,0.05,2985,-43.84740948,4098,115,84.0,86032,0.0001,1.0028836727142334
344316,0.05,2986,-43.58030221,4099,115,84.0,86053,0.0001,3.73392915725708
344400,0.05,2987,-42.921376519999995,4100,115,84.0,86074,0.0001,1.2622220516204834
344484,0.05,2987,-42.549321379999995,4101,115,84.0,86095,0.0001,9.01091480255127
344568,0.05,2988,-42.4656344,4102,115,84.0,86116,0.0001,0.8896698951721191
344652,0.05,2989,-42.606515540000004,4103,115,84.0,86137,0.0001,1.7780873775482178
344736,0.05,2990,-42.375203400000004,4104,115,84.0,86158,0.0001,1.2207450866699219
344820,0.05,2990,-43.05834636,4105,115,84.0,86179,0.0001,0.8291475772857666
344904,0.05,2991,-43.50692072,4106,115,84.0,86200,0.0001,1.018975019454956
344988,0.05,2992,-43.27582674,4107,115,84.0,86221,0.0001,0.6095777750015259
345072,0.05,2993,-42.750185259999995,4108,115,84.0,86242,0.0001,6.208364486694336
345156,0.05,2993,-42.39560336,4109,115,84.0,86263,0.0001,1.1657326221466064
345240,0.05,2994,-40.77388800999999,4110,115,84.0,86284,0.0001,1.2362446784973145
345324,0.05,2995,-40.94356494,4111,115,84.0,86305,0.0001,10.84777545928955
345408,0.05,2995,-41.63799245,4112,115,84.0,86326,0.0001,9.617809295654297
345492,0.05,2996,-41.99326612000001,4113,115,84.0,86347,0.0001,1.500241994857788
345576,0.05,2997,-40.98587847000001,4114,115,84.0,86368,0.0001,5.191439628601074
345660,0.05,2998,-42.14227155000001,4115,115,84.0,86389,0.0001,5.498684883117676
345744,0.05,2998,-42.76483592000002,4116,115,84.0,86410,0.0001,6.5869927406311035
345828,0.05,2999,-43.66854953,4117,115,84.0,86431,0.0001,0.9481048583984375
345912,0.05,3000,-41.881503030000005,4118,115,84.0,86452,0.0001,0.8105952739715576
345996,0.05,3001,-41.028336249999995,4119,115,84.0,86473,0.0001,5.3833513259887695
346080,0.05,3001,-41.41964447,4120,115,84.0,86494,0.0001,5.63124942779541
346164,0.05,3002,-40.55435698,4121,115,84.0,86515,0.0001,0.6001789569854736
346248,0.05,3003,-40.69486416,4122,115,84.0,86536,0.0001,5.88583517074585
346332,0.05,3004,-39.92374985,4123,115,84.0,86557,0.0001,1.4910686016082764
346416,0.05,3004,-39.51165468,4124,115,84.0,86578,0.0001,2.08199143409729
346500,0.05,3005,-38.9236393,4125,115,84.0,86599,0.0001,0.6403045654296875
346584,0.05,3006,-38.47824034,4126,115,84.0,86620,0.0001,1.6137429475784302
346668,0.05,3007,-37.545963699999994,4127,115,84.0,86641,0.0001,1.0457419157028198
346752,0.05,3007,-36.20950274,4128,115,84.0,86662,0.0001,5.159088611602783
346836,0.05,3008,-35.40856445,4129,115,84.0,86683,0.0001,0.9351170063018799
346920,0.05,3009,-33.81804481,4130,115,84.0,86704,0.0001,1.081741452217102
347004,0.05,3010,-34.044629959999995,4131,115,84.0,86725,0.0001,1.1786051988601685
347088,0.05,3010,-34.40076728,4132,115,84.0,86746,0.0001,5.591235160827637
347172,0.05,3011,-33.11616058,4133,115,84.0,86767,0.0001,7.391237735748291
347256,0.05,3012,-33.71793097,4134,115,84.0,86788,0.0001,1.2173840999603271
347340,0.05,3013,-34.24407663,4135,115,84.0,86809,0.0001,1.7877821922302246
347424,0.05,3013,-34.78289325,4136,115,84.0,86830,0.0001,4.810457706451416
347508,0.05,3014,-35.80395996,4137,115,84.0,86851,0.0001,5.1605963706970215
347592,0.05,3015,-36.61230234999999,4138,115,84.0,86872,0.0001,0.5117756128311157
347676,0.05,3016,-37.34569303,4139,115,84.0,86893,0.0001,1.245405673980713
347760,0.05,3016,-36.508620539999995,4140,115,84.0,86914,0.0001,0.8487442135810852
347844,0.05,3017,-35.262091149999996,4141,115,84.0,86935,0.0001,1.1966748237609863
347928,0.05,3018,-35.035291310000005,4142,115,84.0,86956,0.0001,1.7391557693481445
348012,0.05,3019,-34.91114312,4143,115,84.0,86977,0.0001,1.382757306098938
348096,0.05,3020,-34.50110613,4144,115,84.0,86998,0.0001,9.404128074645996
348180,0.05,3020,-34.518510629999994,4145,115,84.0,87019,0.0001,10.264717102050781
348264,0.05,3021,-34.82693837,4146,115,84.0,87040,0.0001,1.2269757986068726
348348,0.05,3022,-33.93936872999999,4147,115,84.0,87061,0.0001,0.8972322940826416
348432,0.05,3023,-32.55819089,4148,115,84.0,87082,0.0001,5.111736297607422
348516,0.05,3023,-33.43361167,4149,115,84.0,87103,0.0001,2.214672565460205
348600,0.05,3024,-32.561483439999996,4150,115,84.0,87124,0.0001,1.1385867595672607
348684,0.05,3025,-32.39179451,4151,115,84.0,87145,0.0001,1.6002182960510254
348768,0.05,3026,-32.72633577,4152,115,84.0,87166,0.0001,0.7479181289672852
348852,0.05,3026,-31.545773699999998,4153,115,84.0,87187,0.0001,6.445532321929932
348936,0.05,3027,-32.17522335,4154,115,84.0,87208,0.0001,0.8195201754570007
349020,0.05,3028,-33.27695346,4155,115,84.0,87229,0.0001,1.7033588886260986
349104,0.05,3029,-33.13997198999999,4156,115,84.0,87250,0.0001,0.9413138628005981
349188,0.05,3029,-33.72981102,4157,115,84.0,87271,0.0001,4.87119197845459
349272,0.05,3030,-33.46179478,4158,115,84.0,87292,0.0001,1.3542358875274658
349356,0.05,3031,-33.21453782,4159,115,84.0,87313,0.0001,0.8705897927284241
349440,0.05,3032,-32.809915679999996,4160,115,84.0,87334,0.0001,5.390965461730957
349524,0.05,3033,-31.829973039999995,4161,115,84.0,87355,0.0001,1.4793894290924072
349608,0.05,3033,-31.603687359999995,4162,115,84.0,87376,0.0001,0.6334109306335449
349692,0.05,3034,-32.962901439999996,4163,115,84.0,87397,0.0001,1.1434571743011475
349776,0.05,3035,-33.24516106,4164,115,84.0,87418,0.0001,1.0871102809906006
349860,0.05,3036,-32.807277879999994,4165,115,84.0,87439,0.0001,2.19382905960083
349944,0.05,3036,-32.19498637000001,4166,115,84.0,87460,0.0001,0.6494529247283936
350028,0.05,3037,-33.23868365,4167,115,84.0,87481,0.0001,6.727011680603027
350112,0.05,3038,-32.700131690000006,4168,115,84.0,87502,0.0001,1.3132119178771973
350196,0.05,3039,-32.07618117,4169,115,84.0,87523,0.0001,0.479854941368103
350280,0.05,3040,-31.885092599999997,4170,115,84.0,87544,0.0001,0.766731858253479
350364,0.05,3040,-32.94603539,4171,115,84.0,87565,0.0001,1.582877278327942
350448,0.05,3041,-32.79559399,4172,115,84.0,87586,0.0001,0.7271996736526489
350532,0.05,3042,-33.062419489999996,4173,115,84.0,87607,0.0001,4.567014217376709
350616,0.05,3043,-32.85376503999999,4174,115,84.0,87628,0.0001,3.4509994983673096
350700,0.05,3043,-33.02846509,4175,115,84.0,87649,0.0001,1.859080195426941
350784,0.05,3044,-32.688914620000006,4176,115,84.0,87670,0.0001,0.9220421314239502
350868,0.05,3045,-31.795011560000003,4177,115,84.0,87691,0.0001,1.948190689086914
350952,0.05,3045,-31.890329310000002,4178,115,84.0,87712,0.0001,1.253488540649414
351036,0.05,3046,-32.904428859999996,4179,115,84.0,87733,0.0001,1.7211788892745972
351120,0.05,3047,-32.88393308,4180,115,84.0,87754,0.0001,1.1868032217025757
351204,0.05,3048,-33.29998155,4181,115,84.0,87775,0.0001,0.8813732862472534
351288,0.05,3048,-34.10037572,4182,115,84.0,87796,0.0001,0.5885083079338074
351372,0.05,3049,-33.60934217999999,4183,115,84.0,87817,0.0001,8.18149185180664
351456,0.05,3050,-34.026634259999994,4184,115,84.0,87838,0.0001,6.971419334411621
351540,0.05,3051,-35.05635330999999,4185,115,84.0,87859,0.0001,1.3924906253814697
351624,0.05,3052,-34.274261020000004,4186,115,84.0,87880,0.0001,5.24153995513916
351708,0.05,3052,-34.3247316,4187,115,84.0,87901,0.0001,5.096288204193115
351792,0.05,3053,-33.59370218000001,4188,115,84.0,87922,0.0001,0.7182761430740356
351876,0.05,3054,-33.11061773,4189,115,84.0,87943,0.0001,1.0175765752792358
351960,0.05,3055,-33.55111603,4190,115,84.0,87964,0.0001,1.1350220441818237
352044,0.05,3055,-33.33267369,4191,115,84.0,87985,0.0001,1.1601452827453613
352128,0.05,3056,-33.17260698,4192,115,84.0,88006,0.0001,5.181576728820801
352212,0.05,3057,-33.07708407999999,4193,115,84.0,88027,0.0001,2.979684829711914
352296,0.05,3058,-33.693863779999994,4194,115,84.0,88048,0.0001,9.69971752166748
352380,0.05,3058,-33.11021263,4195,115,84.0,88069,0.0001,1.1864137649536133
352464,0.05,3059,-34.11202395,4196,115,84.0,88090,0.0001,1.9514318704605103
352548,0.05,3060,-33.58479801000001,4197,115,84.0,88111,0.0001,7.397096633911133
352632,0.05,3061,-34.04919555000001,4198,115,84.0,88132,0.0001,1.0191493034362793
352716,0.05,3061,-34.6802481,4199,115,84.0,88153,0.0001,1.0005701780319214
352800,0.05,3062,-34.44073045,4200,115,84.0,88174,0.0001,1.4909297227859497
352884,0.05,3063,-33.777305119999994,4201,115,84.0,88195,0.0001,1.6439480781555176
352968,0.05,3063,-34.240977259999994,4202,115,84.0,88216,0.0001,2.251253128051758
353052,0.05,3064,-34.29848980999999,4203,115,84.0,88237,0.0001,6.043326377868652
353136,0.05,3065,-33.53864116999999,4204,115,84.0,88258,0.0001,1.0457407236099243
353220,0.05,3066,-33.49093059,4205,115,84.0,88279,0.0001,5.188763618469238
353304,0.05,3066,-32.47582714,4206,115,84.0,88300,0.0001,1.2889404296875
353388,0.05,3067,-33.26468812,4207,115,84.0,88321,0.0001,1.8637526035308838
353472,0.05,3068,-32.70204228,4208,115,84.0,88342,0.0001,5.40610933303833
353556,0.05,3069,-32.6134631,4209,115,84.0,88363,0.0001,1.0501247644424438
353640,0.05,3069,-33.999299220000005,4210,115,84.0,88384,0.0001,1.5895411968231201
353724,0.05,3070,-33.35538054,4211,115,84.0,88405,0.0001,0.5840795040130615
353808,0.05,3071,-32.35332617,4212,115,84.0,88426,0.0001,5.377005100250244
353892,0.05,3072,-32.487694389999994,4213,115,84.0,88447,0.0001,15.769001007080078
353976,0.05,3072,-32.670809600000005,4214,115,84.0,88468,0.0001,0.8427340984344482
354060,0.05,3073,-32.03119737,4215,115,84.0,88489,0.0001,5.927688121795654
354144,0.05,3074,-31.08639068,4216,115,84.0,88510,0.0001,0.8050578832626343
354228,0.05,3075,-30.907963690000003,4217,115,84.0,88531,0.0001,1.5195200443267822
354312,0.05,3076,-31.93494673,4218,115,84.0,88552,0.0001,1.0801684856414795
354396,0.05,3076,-32.05113172,4219,115,84.0,88573,0.0001,0.89058518409729
354480,0.05,3077,-30.745477530000002,4220,115,84.0,88594,0.0001,0.8555082678794861
354564,0.05,3078,-31.70821939,4221,115,84.0,88615,0.0001,1.5757396221160889
354648,0.05,3079,-31.42305347,4222,115,84.0,88636,0.0001,0.9454073905944824
354732,0.05,3080,-31.49269044,4223,115,84.0,88657,0.0001,6.016105651855469
354816,0.05,3080,-31.08435332,4224,115,84.0,88678,0.0001,0.6429774761199951
354900,0.05,3081,-30.41068219,4225,115,84.0,88699,0.0001,1.6898202896118164
354984,0.05,3082,-30.927696619999995,4226,115,84.0,88720,0.0001,1.1998965740203857
355068,0.05,3083,-30.712731429999995,4227,115,84.0,88741,0.0001,10.656562805175781
355152,0.05,3084,-30.5634649,4228,115,84.0,88762,0.0001,5.903923511505127
355236,0.05,3085,-30.61493961,4229,115,84.0,88783,0.0001,1.6617867946624756
355320,0.05,3085,-30.368080979999995,4230,115,84.0,88804,0.0001,0.9461258053779602
355404,0.05,3086,-29.7623154,4231,115,84.0,88825,0.0001,0.6439887285232544
355488,0.05,3087,-28.94527116,4232,115,84.0,88846,0.0001,5.605950832366943
355572,0.05,3088,-28.647150670000002,4233,115,84.0,88867,0.0001,1.1107814311981201
355656,0.05,3088,-28.472821340000007,4234,115,84.0,88888,0.0001,9.784514427185059
355740,0.05,3089,-27.48201782,4235,115,84.0,88909,0.0001,4.199871063232422
355824,0.05,3090,-26.37178419,4236,115,84.0,88930,0.0001,0.8295848369598389
355908,0.05,3091,-25.277343390000002,4237,115,84.0,88951,0.0001,1.2431271076202393
355992,0.05,3091,-23.464846410000003,4238,115,84.0,88972,0.0001,5.946457862854004
356076,0.05,3092,-23.39841394,4239,115,84.0,88993,0.0001,2.249630928039551
356160,0.05,3093,-23.857040410000003,4240,115,84.0,89014,0.0001,0.7565679550170898
356244,0.05,3094,-24.053063480000006,4241,115,84.0,89035,0.0001,6.186615943908691
356328,0.05,3094,-24.53805398,4242,115,84.0,89056,0.0001,1.2630679607391357
356412,0.05,3095,-23.72234504,4243,115,84.0,89077,0.0001,6.612656593322754
356496,0.05,3096,-23.139189409999993,4244,115,84.0,89098,0.0001,1.0466033220291138
356580,0.05,3097,-22.385374249999995,4245,115,84.0,89119,0.0001,0.8442628979682922
356664,0.05,3098,-21.990514839999996,4246,115,84.0,89140,0.0001,1.622316837310791
356748,0.05,3098,-22.384345390000004,4247,115,84.0,89161,0.0001,1.1240451335906982
356832,0.05,3099,-23.154167490000006,4248,115,84.0,89182,0.0001,0.8433059453964233
356916,0.05,3100,-22.176439440000003,4249,115,84.0,89203,0.0001,1.4242606163024902
357000,0.05,3101,-22.257681050000006,4250,115,84.0,89224,0.0001,0.6229243278503418
357084,0.05,3101,-22.442623010000005,4251,115,84.0,89245,0.0001,1.1909265518188477
357168,0.05,3102,-21.206570470000003,4252,115,84.0,89266,0.0001,0.8607746362686157
357252,0.05,3103,-22.38009652,4253,115,84.0,89287,0.0001,1.774421215057373
357336,0.05,3104,-21.540759729999994,4254,115,84.0,89308,0.0001,6.883769989013672
357420,0.05,3104,-21.599836319999998,4255,115,84.0,89329,0.0001,6.122204303741455
357504,0.05,3105,-20.514371070000003,4256,115,84.0,89350,0.0001,6.538090705871582
357588,0.05,3106,-20.61289904,4257,115,84.0,89371,0.0001,0.8412575721740723
357672,0.05,3107,-19.686558330000004,4258,115,84.0,89392,0.0001,5.575951099395752
357756,0.05,3107,-18.687619180000002,4259,115,84.0,89413,0.0001,14.568772315979004
357840,0.05,3108,-18.48625639,4260,115,84.0,89434,0.0001,1.3452122211456299
357924,0.05,3109,-18.95713973,4261,115,84.0,89455,0.0001,1.5109400749206543
358008,0.05,3110,-19.358965080000004,4262,115,84.0,89476,0.0001,1.2030794620513916
358092,0.05,3110,-16.90760778,4263,115,84.0,89497,0.0001,9.600078582763672
358176,0.05,3111,-16.41119653,4264,115,84.0,89518,0.0001,1.2094697952270508
358260,0.05,3112,-16.29425436,4265,115,84.0,89539,0.0001,4.372783184051514
358344,0.05,3113,-16.95852296,4266,115,84.0,89560,0.0001,5.014707088470459
358428,0.05,3113,-16.6235064,4267,115,84.0,89581,0.0001,1.195385456085205
358512,0.05,3114,-17.04704298,4268,115,84.0,89602,0.0001,1.0975388288497925
358596,0.05,3115,-17.704060839999997,4269,115,84.0,89623,0.0001,1.248002052307129
358680,0.05,3116,-18.17961847,4270,115,84.0,89644,0.0001,1.3715159893035889
358764,0.05,3116,-18.05031659,4271,115,84.0,89665,0.0001,1.5247536897659302
358848,0.05,3117,-18.06866016,4272,115,84.0,89686,0.0001,1.5356731414794922
358932,0.05,3118,-18.29008336,4273,115,84.0,89707,0.0001,5.619325637817383
359016,0.05,3119,-17.75132766,4274,115,84.0,89728,0.0001,9.680587768554688
359100,0.05,3119,-18.091475990000003,4275,115,84.0,89749,0.0001,9.692747116088867
359184,0.05,3120,-17.57471708,4276,115,84.0,89770,0.0001,0.7927166819572449
359268,0.05,3121,-17.405875630000004,4277,115,84.0,89791,0.0001,0.7828819751739502
359352,0.05,3122,-16.88499535,4278,115,84.0,89812,0.0001,4.846647262573242
359436,0.05,3123,-16.42569221,4279,115,84.0,89833,0.0001,0.9001508951187134
359520,0.05,3123,-15.830378970000002,4280,115,84.0,89854,0.0001,1.0047805309295654
359604,0.05,3124,-16.120447220000003,4281,115,84.0,89875,0.0001,1.436224341392517
359688,0.05,3125,-15.852458430000004,4282,115,84.0,89896,0.0001,1.1856998205184937
359772,0.05,3126,-15.848160380000001,4283,115,84.0,89917,0.0001,2.624234199523926
359856,0.05,3126,-15.601060120000001,4284,115,84.0,89938,0.0001,1.8055686950683594
359940,0.05,3127,-15.052584459999999,4285,115,84.0,89959,0.0001,1.5640056133270264
360024,0.05,3128,-16.168788069999994,4286,115,84.0,89980,0.0001,1.5436149835586548
360108,0.05,3129,-15.711666269999998,4287,115,84.0,90001,0.0001,1.1241023540496826
360192,0.05,3129,-16.66155199,4288,115,84.0,90022,0.0001,7.214284420013428
360276,0.05,3130,-16.996724259999997,4289,115,84.0,90043,0.0001,8.93356704711914
360360,0.05,3131,-16.512637079999998,4290,115,84.0,90064,0.0001,2.211573600769043
360444,0.05,3132,-16.36978741,4291,115,84.0,90085,0.0001,1.6952396631240845
360528,0.05,3132,-17.295736899999998,4292,115,84.0,90106,0.0001,0.9872913360595703
360612,0.05,3133,-17.95053265,4293,115,84.0,90127,0.0001,1.5840389728546143
360696,0.05,3134,-17.62605553,4294,115,84.0,90148,0.0001,0.7404248714447021
360780,0.05,3135,-17.87683613,4295,115,84.0,90169,0.0001,1.4226140975952148
360864,0.05,3136,-17.78994377,4296,115,84.0,90190,0.0001,1.4744611978530884
360948,0.05,3136,-17.741440280000003,4297,115,84.0,90211,0.0001,6.417422294616699
361032,0.05,3137,-17.6024731,4298,115,84.0,90232,0.0001,1.8198089599609375
361116,0.05,3138,-17.38559292,4299,115,84.0,90253,0.0001,5.3077216148376465
361200,0.05,3139,-16.73777909,4300,115,84.0,90274,0.0001,2.509272575378418
361284,0.05,3139,-17.02049518,4301,115,84.0,90295,0.0001,1.0320744514465332
361368,0.05,3140,-15.66674745,4302,115,84.0,90316,0.0001,1.5935581922531128
361452,0.05,3141,-15.344453350000002,4303,115,84.0,90337,0.0001,2.3203303813934326
361536,0.05,3142,-15.01411122,4304,115,84.0,90358,0.0001,2.0851874351501465
361620,0.05,3142,-14.396785620000001,4305,115,84.0,90379,0.0001,6.879692077636719
361704,0.05,3143,-13.941908640000001,4306,115,84.0,90400,0.0001,5.968528747558594
361788,0.05,3144,-13.301833870000001,4307,115,84.0,90421,0.0001,3.0965824127197266
361872,0.05,3145,-13.622428209999999,4308,115,84.0,90442,0.0001,4.531973361968994
361956,0.05,3146,-13.133929979999998,4309,115,84.0,90463,0.0001,3.3484768867492676
362040,0.05,3146,-12.576006029999997,4310,115,84.0,90484,0.0001,0.7096439599990845
362124,0.05,3147,-13.126090989999998,4311,115,84.0,90505,0.0001,5.861794471740723
362208,0.05,3148,-13.323950469999998,4312,115,84.0,90526,0.0001,1.5131139755249023
362292,0.05,3149,-12.209991879999997,4313,115,84.0,90547,0.0001,1.1916857957839966
362376,0.05,3149,-12.558421789999997,4314,115,84.0,90568,0.0001,1.094322681427002
362460,0.05,3150,-11.895348269999998,4315,115,84.0,90589,0.0001,0.9689580202102661
362544,0.05,3151,-12.369964809999999,4316,115,84.0,90610,0.0001,0.905930757522583
362628,0.05,3152,-11.91980357,4317,115,84.0,90631,0.0001,4.440147876739502
362712,0.05,3152,-11.91977942,4318,115,84.0,90652,0.0001,6.413434982299805
362796,0.05,3153,-11.780996249999998,4319,115,84.0,90673,0.0001,0.5904983282089233
362880,0.05,3154,-11.901130969999999,4320,115,84.0,90694,0.0001,2.2828497886657715
362964,0.05,3155,-11.352120519999998,4321,115,84.0,90715,0.0001,5.370158672332764
363048,0.05,3156,-11.744677059999999,4322,115,84.0,90736,0.0001,6.451756954193115
363132,0.05,3156,-11.379276309999998,4323,115,84.0,90757,0.0001,0.849517822265625
363216,0.05,3157,-12.158328710000001,4324,115,84.0,90778,0.0001,1.2210702896118164
363300,0.05,3158,-12.22117573,4325,115,84.0,90799,0.0001,1.3467156887054443
363384,0.05,3159,-11.57405311,4326,115,84.0,90820,0.0001,0.7306514978408813
363468,0.05,3159,-12.40615188,4327,115,84.0,90841,0.0001,1.2275453805923462
363552,0.05,3160,-11.769685069999996,4328,115,84.0,90862,0.0001,0.6664011478424072
363636,0.05,3161,-11.748994509999998,4329,115,84.0,90883,0.0001,1.8591485023498535
363720,0.05,3162,-12.338487559999999,4330,115,84.0,90904,0.0001,4.942291736602783
363804,0.05,3163,-12.447684839999997,4331,115,84.0,90925,0.0001,0.6221495270729065
363888,0.05,3163,-12.144357030000002,4332,115,84.0,90946,0.0001,2.155946731567383
363972,0.05,3164,-13.074467669999997,4333,115,84.0,90967,0.0001,0.9387648105621338
364056,0.05,3165,-12.739065059999998,4334,115,84.0,90988,0.0001,0.8991453647613525
364140,0.05,3166,-12.36629558,4335,115,84.0,91009,0.0001,0.8473378419876099
364224,0.05,3166,-12.658329449999998,4336,115,84.0,91030,0.0001,2.1459786891937256
364308,0.05,3167,-13.339584499999999,4337,115,84.0,91051,0.0001,4.3435139656066895
364392,0.05,3168,-13.541536409999999,4338,115,84.0,91072,0.0001,4.86821174621582
364476,0.05,3169,-13.572996150000002,4339,115,84.0,91093,0.0001,2.124171257019043
364560,0.05,3169,-13.599520110000004,4340,115,84.0,91114,0.0001,5.422464370727539
364644,0.05,3170,-13.689093960000001,4341,115,84.0,91135,0.0001,4.930384159088135
364728,0.05,3171,-13.919038160000003,4342,115,84.0,91156,0.0001,0.5654467344284058
364812,0.05,3172,-13.23619193,4343,115,84.0,91177,0.0001,1.2019538879394531
364896,0.05,3173,-13.74522063,4344,114,84.0,91198,0.0001,1.9872329235076904
364980,0.05,3173,-14.375884110000001,4345,114,84.0,91219,0.0001,4.468889236450195
365064,0.05,3174,-15.084930559999998,4346,114,84.0,91240,0.0001,2.4271912574768066
365148,0.05,3175,-14.07655464,4347,114,84.0,91261,0.0001,1.2323157787322998
365232,0.05,3176,-13.89748279,4348,114,84.0,91282,0.0001,1.017282485961914
365316,0.05,3176,-14.425837850000002,4349,114,84.0,91303,0.0001,1.400471568107605
365400,0.05,3177,-14.35176684,4350,114,84.0,91324,0.0001,0.6683222055435181
365484,0.05,3178,-13.31278312,4351,114,84.0,91345,0.0001,0.8495553731918335
365568,0.05,3179,-13.621903710000002,4352,114,84.0,91366,0.0001,10.889541625976562
365652,0.05,3179,-13.031581250000002,4353,114,84.0,91387,0.0001,1.5762089490890503
365736,0.05,3180,-13.13933848,4354,114,84.0,91408,0.0001,0.9255601763725281
365820,0.05,3181,-13.324766219999999,4355,114,84.0,91429,0.0001,1.2911373376846313
365904,0.05,3182,-14.214025040000001,4356,114,84.0,91450,0.0001,11.123098373413086
365988,0.05,3182,-13.811186480000002,4357,114,84.0,91471,0.0001,0.9790052175521851
366072,0.05,3183,-13.912181340000002,4358,114,84.0,91492,0.0001,5.508486747741699
366156,0.05,3184,-13.88561091,4359,114,84.0,91513,0.0001,2.674663782119751
366240,0.05,3185,-14.50940636,4360,114,84.0,91534,0.0001,1.4927866458892822
366324,0.05,3185,-14.77484122,4361,114,84.0,91555,0.0001,5.820907115936279
366408,0.05,3186,-15.28348688,4362,114,84.0,91576,0.0001,6.605930328369141
366492,0.05,3187,-16.61743279,4363,114,84.0,91597,0.0001,2.215592861175537
366576,0.05,3188,-17.11092096,4364,114,84.0,91618,0.0001,2.0185155868530273
366660,0.05,3188,-16.81859605,4365,114,84.0,91639,0.0001,5.579909324645996
366744,0.05,3189,-16.14222922,4366,114,84.0,91660,0.0001,0.6960636973381042
366828,0.05,3190,-16.22463575,4367,114,84.0,91681,0.0001,11.186471939086914
366912,0.05,3191,-15.70990158,4368,114,84.0,91702,0.0001,0.7712544798851013
366996,0.05,3191,-15.688473199999999,4369,114,84.0,91723,0.0001,1.7455545663833618
367080,0.05,3192,-15.022523900000001,4370,114,84.0,91744,0.0001,4.321258068084717
367164,0.05,3193,-14.20614456,4371,114,84.0,91765,0.0001,5.722992897033691
367248,0.05,3194,-14.516941049999998,4372,114,84.0,91786,0.0001,0.7564977407455444
367332,0.05,3195,-14.047982929999998,4373,114,84.0,91807,0.0001,0.7426323890686035
367416,0.05,3195,-13.46885135,4374,114,84.0,91828,0.0001,6.22133731842041
367500,0.05,3196,-12.979330610000002,4375,114,84.0,91849,0.0001,0.5531180500984192
367584,0.05,3197,-13.423558100000001,4376,114,84.0,91870,0.0001,9.584654808044434
367668,0.05,3198,-13.698371199999999,4377,114,84.0,91891,0.0001,1.1319602727890015
367752,0.05,3199,-13.1805702,4378,114,84.0,91912,0.0001,0.8119137287139893
367836,0.05,3199,-13.493051459999998,4379,114,84.0,91933,0.0001,6.884293079376221
367920,0.05,3200,-14.018445649999999,4380,114,84.0,91954,0.0001,0.6908848881721497
368004,0.05,3201,-13.900147769999998,4381,114,84.0,91975,0.0001,7.171828269958496
368088,0.05,3202,-13.78567604,4382,114,84.0,91996,0.0001,2.371141195297241
368172,0.05,3203,-13.906695399999998,4383,114,84.0,92017,0.0001,0.9421958923339844
368256,0.05,3204,-13.770943069999998,4384,114,84.0,92038,0.0001,12.03138542175293
368340,0.05,3204,-13.691974579999998,4385,114,84.0,92059,0.0001,4.558729648590088
368424,0.05,3205,-13.476457259999997,4386,114,84.0,92080,0.0001,15.20738697052002
368508,0.05,3206,-14.557749499999998,4387,114,84.0,92101,0.0001,1.580357313156128
368592,0.05,3206,-13.402581480000002,4388,114,84.0,92122,0.0001,1.717310905456543
368676,0.05,3207,-12.828349650000002,4389,114,84.0,92143,0.0001,5.162359237670898
368760,0.05,3208,-13.345350459999999,4390,114,84.0,92164,0.0001,0.599484920501709
368844,0.05,3209,-14.11399887,4391,114,84.0,92185,0.0001,5.555499076843262
368928,0.05,3209,-13.58938242,4392,114,84.0,92206,0.0001,10.590982437133789
369012,0.05,3210,-12.77198534,4393,114,84.0,92227,0.0001,0.875897228717804
369096,0.05,3211,-12.36536436,4394,114,84.0,92248,0.0001,6.489082336425781
369180,0.05,3212,-11.5769158,4395,114,84.0,92269,0.0001,0.7544140815734863
369264,0.05,3212,-11.211418110000004,4396,114,84.0,92290,0.0001,0.9456306099891663
369348,0.05,3213,-11.57937221,4397,114,84.0,92311,0.0001,2.5867276191711426
369432,0.05,3214,-11.581620820000001,4398,114,84.0,92332,0.0001,0.7519770860671997
369516,0.05,3215,-10.440008769999999,4399,114,84.0,92353,0.0001,1.6577564477920532
369600,0.05,3216,-10.03776151,4400,114,84.0,92374,0.0001,0.6090631484985352
369684,0.05,3216,-10.36673259,4401,114,84.0,92395,0.0001,1.4037538766860962
369768,0.05,3217,-10.795013489999999,4402,114,84.0,92416,0.0001,0.5538141131401062
369852,0.05,3218,-10.8296245,4403,114,84.0,92437,0.0001,1.2651392221450806
369936,0.05,3219,-10.713881390000001,4404,114,84.0,92458,0.0001,14.585291862487793
370020,0.05,3219,-10.49661352,4405,114,84.0,92479,0.0001,1.4295024871826172
370104,0.05,3220,-11.35479139,4406,114,84.0,92500,0.0001,3.010178327560425
370188,0.05,3221,-11.33119619,4407,114,84.0,92521,0.0001,1.0717424154281616
370272,0.05,3222,-11.310032679999997,4408,114,84.0,92542,0.0001,5.210084915161133
370356,0.05,3222,-11.243580979999997,4409,114,84.0,92563,0.0001,0.6617124080657959
370440,0.05,3223,-11.428648169999999,4410,114,84.0,92584,0.0001,1.1267708539962769
370524,0.05,3224,-11.928875899999998,4411,114,84.0,92605,0.0001,1.5690875053405762
370608,0.05,3225,-11.236339859999998,4412,114,84.0,92626,0.0001,1.130134105682373
370692,0.05,3226,-12.080100119999999,4413,114,84.0,92647,0.0001,0.8904945254325867
370776,0.05,3227,-11.58508691,4414,114,84.0,92668,0.0001,1.0048606395721436
370860,0.05,3228,-11.78101471,4415,114,84.0,92689,0.0001,1.0416110754013062
370944,0.05,3229,-11.80874923,4416,114,84.0,92710,0.0001,0.911716639995575
371028,0.05,3229,-11.608207470000002,4417,114,84.0,92731,0.0001,1.367933988571167
371112,0.05,3230,-11.429688939999998,4418,114,84.0,92752,0.0001,1.1678560972213745
371196,0.05,3231,-12.148652700000003,4419,114,84.0,92773,0.0001,1.3607187271118164
371280,0.05,3232,-12.310943510000001,4420,114,84.0,92794,0.0001,1.6230249404907227
371364,0.05,3232,-12.318184590000001,4421,114,84.0,92815,0.0001,1.3727359771728516
371448,0.05,3233,-12.002979160000002,4422,114,84.0,92836,0.0001,0.6350061893463135
371532,0.05,3234,-12.064043370000002,4423,114,84.0,92857,0.0001,7.628762245178223
371616,0.05,3235,-12.18933134,4424,114,84.0,92878,0.0001,1.61734938621521
371700,0.05,3236,-12.373466830000002,4425,114,84.0,92899,0.0001,15.957892417907715
371784,0.05,3236,-12.930952300000003,4426,114,84.0,92920,0.0001,1.8624993562698364
371868,0.05,3237,-12.394530500000004,4427,114,84.0,92941,0.0001,1.3233420848846436
371952,0.05,3238,-12.4670053,4428,114,84.0,92962,0.0001,1.979616641998291
372036,0.05,3239,-12.47044689,4429,114,84.0,92983,0.0001,6.953690528869629
372120,0.05,3239,-11.76340291,4430,114,84.0,93004,0.0001,15.056432723999023
372204,0.05,3240,-11.93154468,4431,114,84.0,93025,0.0001,0.776040256023407
372288,0.05,3241,-11.845442619999998,4432,114,84.0,93046,0.0001,2.1449708938598633
372372,0.05,3242,-11.58287189,4433,114,84.0,93067,0.0001,0.4569965600967407
372456,0.05,3242,-11.297151659999999,4434,114,84.0,93088,0.0001,7.084240436553955
372540,0.05,3243,-11.16709705,4435,114,84.0,93109,0.0001,2.227369785308838
372624,0.05,3244,-11.141837350000001,4436,114,84.0,93130,0.0001,0.7301416397094727
372708,0.05,3245,-10.41751387,4437,114,84.0,93151,0.0001,1.9370858669281006
372792,0.05,3246,-11.05974225,4438,114,84.0,93172,0.0001,0.7118819952011108
372876,0.05,3247,-10.42203463,4439,114,84.0,93193,0.0001,2.403590202331543
372960,0.05,3247,-10.182455930000001,4440,114,84.0,93214,0.0001,0.35748109221458435
373044,0.05,3248,-9.77474224,4441,114,84.0,93235,0.0001,12.695247650146484
373128,0.05,3249,-9.48267011,4442,114,84.0,93256,0.0001,0.725713849067688
373212,0.05,3250,-10.549175889999999,4443,114,84.0,93277,0.0001,6.103302478790283
373296,0.05,3250,-10.06743341,4444,114,84.0,93298,0.0001,1.086761713027954
373380,0.05,3251,-9.49393182,4445,114,84.0,93319,0.0001,1.1711697578430176
373464,0.05,3252,-8.34074666,4446,114,84.0,93340,0.0001,12.195060729980469
373548,0.05,3253,-8.02329482,4447,114,84.0,93361,0.0001,5.166006088256836
373632,0.05,3254,-7.258502359999999,4448,114,84.0,93382,0.0001,2.0324172973632812
373716,0.05,3254,-6.584683819999999,4449,114,84.0,93403,0.0001,1.001761794090271
373800,0.05,3255,-7.076502260000001,4450,114,84.0,93424,0.0001,11.333468437194824
373884,0.05,3256,-7.15871532,4451,114,84.0,93445,0.0001,2.0397753715515137
373968,0.05,3257,-7.324454770000001,4452,114,84.0,93466,0.0001,8.466445922851562
374052,0.05,3257,-7.280956260000002,4453,114,84.0,93487,0.0001,1.6386117935180664
374136,0.05,3258,-7.027983320000001,4454,114,84.0,93508,0.0001,2.652930498123169
374220,0.05,3259,-5.789958050000001,4455,114,84.0,93529,0.0001,1.8505949974060059
374304,0.05,3260,-5.33880744,4456,114,84.0,93550,0.0001,0.7036998271942139
374388,0.05,3260,-5.77147878,4457,114,84.0,93571,0.0001,5.561030864715576
374472,0.05,3261,-5.732285980000001,4458,114,84.0,93592,0.0001,4.580780029296875
374556,0.05,3262,-6.18769661,4459,114,84.0,93613,0.0001,1.560046672821045
374640,0.05,3263,-5.781129809999999,4460,114,84.0,93634,0.0001,12.553182601928711
374724,0.05,3264,-5.1970592,4461,114,84.0,93655,0.0001,1.31736159324646
374808,0.05,3265,-4.33783637,4462,114,84.0,93676,0.0001,5.822876930236816
374892,0.05,3266,-4.04132292,4463,114,84.0,93697,0.0001,6.231640338897705
374976,0.05,3267,-3.10330075,4464,114,84.0,93718,0.0001,2.350921154022217
375060,0.05,3267,-3.1496855499999996,4465,114,84.0,93739,0.0001,0.8176553249359131
375144,0.05,3268,-2.8924971000000004,4466,114,84.0,93760,0.0001,5.096829414367676
375228,0.05,3269,-1.5515516800000002,4467,114,84.0,93781,0.0001,1.180565595626831
375312,0.05,3270,-1.3243450300000004,4468,114,84.0,93802,0.0001,0.8430581092834473
375396,0.05,3271,-1.4083880900000003,4469,114,84.0,93823,0.0001,5.9332499504089355
375480,0.05,3271,-1.73535823,4470,114,84.0,93844,0.0001,1.7941418886184692
375564,0.05,3272,-2.1150648299999997,4471,114,84.0,93865,0.0001,5.767568588256836
375648,0.05,3273,-2.1615064199999994,4472,114,84.0,93886,0.0001,3.5656094551086426
375732,0.05,3274,-2.6177866300000003,4473,114,84.0,93907,0.0001,9.899648666381836
375816,0.05,3275,-3.2859878200000003,4474,114,84.0,93928,0.0001,1.9337787628173828
375900,0.05,3276,-2.8081530799999994,4475,114,84.0,93949,0.0001,0.6851807832717896
375984,0.05,3277,-3.19249324,4476,114,84.0,93970,0.0001,5.193194389343262
376068,0.05,3278,-3.2453915199999996,4477,114,84.0,93991,0.0001,0.936359703540802
376152,0.05,3278,-4.05518096,4478,114,84.0,94012,0.0001,0.8521806597709656
376236,0.05,3279,-3.7758897900000004,4479,114,84.0,94033,0.0001,1.1241334676742554
376320,0.05,3280,-2.93512807,4480,114,84.0,94054,0.0001,0.8072656393051147
376404,0.05,3280,-2.97497958,4481,114,84.0,94075,0.0001,0.4350624084472656
376488,0.05,3281,-3.05373363,4482,114,84.0,94096,0.0001,7.800662040710449
376572,0.05,3282,-3.42327236,4483,114,84.0,94117,0.0001,1.6800042390823364
376656,0.05,3283,-3.41491478,4484,114,84.0,94138,0.0001,2.076387405395508
376740,0.05,3284,-2.68941574,4485,114,84.0,94159,0.0001,1.018746256828308
376824,0.05,3284,-2.8457217900000007,4486,114,84.0,94180,0.0001,1.408121109008789
376908,0.05,3285,-2.1482257500000004,4487,114,84.0,94201,0.0001,1.4007542133331299
376992,0.05,3286,-2.15951962,4488,114,84.0,94222,0.0001,1.0302709341049194
377076,0.05,3287,-3.1465434000000005,4489,114,84.0,94243,0.0001,1.7513376474380493
377160,0.05,3287,-2.5502417100000008,4490,114,84.0,94264,0.0001,6.412045001983643
377244,0.05,3288,-2.785907000000001,4491,114,84.0,94285,0.0001,0.899284839630127
377328,0.05,3289,-3.2067398300000014,4492,114,84.0,94306,0.0001,1.1529537439346313
377412,0.05,3290,-2.4946348500000006,4493,114,84.0,94327,0.0001,0.5696551203727722
377496,0.05,3290,-1.9652602100000005,4494,114,84.0,94348,0.0001,6.214617729187012
377580,0.05,3291,-1.8813461300000012,4495,114,84.0,94369,0.0001,7.778929710388184
377664,0.05,3292,-2.2510382800000004,4496,114,84.0,94390,0.0001,1.0515708923339844
377748,0.05,3293,-2.550866760000001,4497,114,84.0,94411,0.0001,0.9661959409713745
377832,0.05,3294,-2.6839113400000008,4498,114,84.0,94432,0.0001,1.325843334197998
377916,0.05,3295,-2.3977397100000006,4499,114,84.0,94453,0.0001,0.729169487953186
378000,0.05,3295,-2.57698652,4500,114,84.0,94474,0.0001,0.6612577438354492
378084,0.05,3296,-2.30021241,4501,114,84.0,94495,0.0001,1.750325083732605
378168,0.05,3297,-3.1866100500000014,4502,114,84.0,94516,0.0001,0.5350527167320251
378252,0.05,3298,-3.748949710000001,4503,114,84.0,94537,0.0001,0.9242221713066101
378336,0.05,3298,-3.6849401200000016,4504,114,84.0,94558,0.0001,0.3904789090156555
378420,0.05,3299,-3.641994780000001,4505,114,84.0,94579,0.0001,0.6816820502281189
378504,0.05,3300,-3.730654550000001,4506,114,84.0,94600,0.0001,1.2555780410766602
378588,0.05,3301,-3.664165930000001,4507,114,84.0,94621,0.0001,6.691374778747559
378672,0.05,3302,-4.08085123,4508,114,84.0,94642,0.0001,1.2214794158935547
378756,0.05,3302,-3.862108490000001,4509,114,84.0,94663,0.0001,1.7973451614379883
378840,0.05,3303,-3.218176990000001,4510,114,84.0,94684,0.0001,1.5470094680786133
378924,0.05,3304,-1.5875438299999995,4511,114,84.0,94705,0.0001,0.9229965209960938
379008,0.05,3305,-2.19452835,4512,114,84.0,94726,0.0001,0.9828953742980957
379092,0.05,3305,-2.2936838300000004,4513,114,84.0,94747,0.0001,1.5158904790878296
379176,0.05,3306,-2.436382550000001,4514,114,84.0,94768,0.0001,0.6777437925338745
379260,0.05,3307,-2.05575181,4515,114,84.0,94789,0.0001,9.982148170471191
379344,0.05,3308,-1.1197430300000006,4516,114,84.0,94810,0.0001,1.424736499786377
379428,0.05,3308,-1.1415625500000004,4517,114,84.0,94831,0.0001,0.6777296662330627
379512,0.05,3309,-0.8428365400000004,4518,114,84.0,94852,0.0001,1.7589184045791626
379596,0.05,3310,-0.7109108200000008,4519,114,84.0,94873,0.0001,5.5160417556762695
379680,0.05,3311,-1.322901690000001,4520,114,84.0,94894,0.0001,1.8196247816085815
379764,0.05,3311,-1.2000209700000006,4521,114,84.0,94915,0.0001,6.569335460662842
379848,0.05,3312,-1.1740796500000008,4522,114,84.0,94936,0.0001,21.005577087402344
379932,0.05,3313,-0.7562796900000008,4523,114,84.0,94957,0.0001,0.7200134992599487
380016,0.05,3314,-0.32734224000000123,4524,114,84.0,94978,0.0001,4.948701858520508
380100,0.05,3315,-0.2092535600000009,4525,114,84.0,94999,0.0001,2.0803959369659424
380184,0.05,3315,-0.07558903000000157,4526,114,84.0,95020,0.0001,6.350378036499023
380268,0.05,3316,-0.2402449700000009,4527,114,84.0,95041,0.0001,7.053244590759277
380352,0.05,3317,-1.3693485400000016,4528,114,84.0,95062,0.0001,1.8590329885482788
380436,0.05,3318,-1.446907870000001,4529,114,84.0,95083,0.0001,1.5973427295684814
380520,0.05,3319,-2.0982199200000013,4530,114,84.0,95104,0.0001,1.3989390134811401
380604,0.05,3319,-2.064919840000001,4531,114,84.0,95125,0.0001,1.4768905639648438
380688,0.05,3320,-2.6729599900000016,4532,114,84.0,95146,0.0001,6.426959991455078
380772,0.05,3321,-2.495599400000001,4533,114,84.0,95167,0.0001,1.239986538887024
380856,0.05,3322,-2.190717380000001,4534,114,84.0,95188,0.0001,1.557560920715332
380940,0.05,3322,-2.702620850000001,4535,114,84.0,95209,0.0001,4.881579875946045
381024,0.05,3323,-3.264095220000001,4536,114,84.0,95230,0.0001,0.9440892934799194
381108,0.05,3324,-3.80613501,4537,114,84.0,95251,0.0001,1.4825996160507202
381192,0.05,3325,-3.2577583100000016,4538,114,84.0,95272,0.0001,1.4712934494018555
381276,0.05,3325,-2.6113517700000015,4539,114,84.0,95293,0.0001,0.770729660987854
381360,0.05,3326,-2.9466042600000013,4540,114,84.0,95314,0.0001,0.7730088829994202
381444,0.05,3327,-3.112922350000001,4541,114,84.0,95335,0.0001,6.021086692810059
381528,0.05,3328,-2.580255670000001,4542,114,84.0,95356,0.0001,2.0394229888916016
381612,0.05,3329,-1.460495150000001,4543,114,84.0,95377,0.0001,0.6281062960624695
381696,0.05,3329,-1.5505195700000007,4544,114,84.0,95398,0.0001,0.5381824374198914
381780,0.05,3330,-1.519041660000001,4545,114,84.0,95419,0.0001,0.5076239109039307
381864,0.05,3331,-1.1696298400000007,4546,114,84.0,95440,0.0001,1.3441927433013916
381948,0.05,3332,-1.922150420000001,4547,114,84.0,95461,0.0001,1.2547595500946045
382032,0.05,3333,-2.5521439100000007,4548,114,84.0,95482,0.0001,0.6169264316558838
382116,0.05,3333,-2.225401020000001,4549,114,84.0,95503,0.0001,1.5265840291976929
382200,0.05,3334,-1.8430515100000004,4550,114,84.0,95524,0.0001,5.011955738067627
382284,0.05,3335,-2.450792100000001,4551,114,84.0,95545,0.0001,5.461521625518799
382368,0.05,3336,-1.7517161200000007,4552,114,84.0,95566,0.0001,5.718930721282959
382452,0.05,3337,-1.6142226000000008,4553,114,84.0,95587,0.0001,6.050077438354492
382536,0.05,3337,-1.8568353600000007,4554,114,84.0,95608,0.0001,0.7299174070358276
382620,0.05,3338,-1.979523220000001,4555,114,84.0,95629,0.0001,0.954537034034729
382704,0.05,3339,-1.763217290000001,4556,114,84.0,95650,0.0001,0.45457714796066284
382788,0.05,3340,-1.0989860800000013,4557,114,84.0,95671,0.0001,5.545392990112305
382872,0.05,3341,-1.1318781200000014,4558,114,84.0,95692,0.0001,1.0502448081970215
382956,0.05,3341,-1.5310382200000012,4559,114,84.0,95713,0.0001,1.7621970176696777
383040,0.05,3342,-0.5807513700000011,4560,114,84.0,95734,0.0001,0.6938126087188721
383124,0.05,3343,-0.7008293600000016,4561,114,84.0,95755,0.0001,13.384445190429688
383208,0.05,3344,-1.3543485700000013,4562,114,84.0,95776,0.0001,6.030158996582031
383292,0.05,3344,-1.6043116200000014,4563,114,84.0,95797,0.0001,7.033163070678711
383376,0.05,3345,-1.673725750000001,4564,114,84.0,95818,0.0001,6.667048931121826
383460,0.05,3346,-2.191135340000001,4565,114,84.0,95839,0.0001,9.429542541503906
383544,0.05,3347,-2.0741397000000004,4566,114,84.0,95860,0.0001,0.991523265838623
383628,0.05,3348,-2.3508503600000004,4567,114,84.0,95881,0.0001,5.940459251403809
383712,0.05,3348,-2.45141849,4568,114,84.0,95902,0.0001,6.374456405639648
383796,0.05,3349,-1.5557771500000002,4569,114,84.0,95923,0.0001,1.130117654800415
383880,0.05,3350,-1.00537264,4570,114,84.0,95944,0.0001,3.348936080932617
383964,0.05,3351,-0.5555451799999999,4571,114,84.0,95965,0.0001,0.6982656717300415
384048,0.05,3352,-0.55416292,4572,114,84.0,95986,0.0001,1.0973381996154785
384132,0.05,3352,0.9389846299999999,4573,114,84.0,96007,0.0001,0.5632373690605164
384216,0.05,3353,1.3340850699999998,4574,114,84.0,96028,0.0001,7.2050957679748535
384300,0.05,3354,0.9024089099999999,4575,114,84.0,96049,0.0001,2.2052369117736816
384384,0.05,3355,1.1130868999999997,4576,114,84.0,96070,0.0001,1.9792038202285767
384468,0.05,3356,1.3995822099999997,4577,114,84.0,96091,0.0001,2.2971689701080322
384552,0.05,3357,1.9013429499999999,4578,114,84.0,96112,0.0001,5.346555233001709
384636,0.05,3358,2.35264763,4579,114,84.0,96133,0.0001,7.418399333953857
384720,0.05,3358,2.06427099,4580,114,84.0,96154,0.0001,4.605143070220947
384804,0.05,3359,1.9109872399999999,4581,114,84.0,96175,0.0001,8.034854888916016
384888,0.05,3360,2.2312679899999996,4582,114,84.0,96196,0.0001,4.85146951675415
384972,0.05,3361,3.271353339999999,4583,114,84.0,96217,0.0001,1.1619645357131958
385056,0.05,3362,4.213171819999999,4584,114,84.0,96238,0.0001,0.6923420429229736
385140,0.05,3363,3.2941722099999993,4585,114,84.0,96259,0.0001,5.908506393432617
385224,0.05,3363,4.39677166,4586,114,84.0,96280,0.0001,5.925538539886475
385308,0.05,3364,5.656493309999999,4587,114,84.0,96301,0.0001,0.5271977186203003
385392,0.05,3365,5.5070637399999995,4588,114,84.0,96322,0.0001,1.5915330648422241
385476,0.05,3366,6.37709373,4589,114,84.0,96343,0.0001,1.0934488773345947
385560,0.05,3366,6.92942735,4590,114,84.0,96364,0.0001,0.743322491645813
385644,0.05,3367,7.49512746,4591,114,84.0,96385,0.0001,6.201264381408691
385728,0.05,3368,7.8870781999999995,4592,114,84.0,96406,0.0001,1.061035394668579
385812,0.05,3369,7.513168069999999,4593,114,84.0,96427,0.0001,1.1043996810913086
385896,0.05,3370,6.297538689999999,4594,114,84.0,96448,0.0001,5.675849914550781
385980,0.05,3370,6.73556048,4595,114,84.0,96469,0.0001,1.3987677097320557
386064,0.05,3371,7.034901119999998,4596,114,84.0,96490,0.0001,7.660431861877441
386148,0.05,3372,6.9651856,4597,114,84.0,96511,0.0001,0.9198967814445496
386232,0.05,3373,7.325776309999998,4598,114,84.0,96532,0.0001,5.573068618774414
386316,0.05,3373,6.40778983,4599,114,84.0,96553,0.0001,6.876486301422119
386400,0.05,3374,6.9639549899999995,4600,114,84.0,96574,0.0001,2.8449606895446777
386484,0.05,3375,7.317891920000001,4601,114,84.0,96595,0.0001,7.243694305419922
386568,0.05,3376,7.58469258,4602,114,84.0,96616,0.0001,1.064661979675293
386652,0.05,3376,7.85435423,4603,114,84.0,96637,0.0001,3.5582833290100098
386736,0.05,3377,7.66843041,4604,114,84.0,96658,0.0001,4.984725475311279
386820,0.05,3378,7.69598755,4605,114,84.0,96679,0.0001,1.1510274410247803
386904,0.05,3378,8.39598236,4606,114,84.0,96700,0.0001,0.7479551434516907
386988,0.05,3379,8.60957928,4607,114,84.0,96721,0.0001,0.790450930595398
387072,0.05,3380,8.87371135,4608,114,84.0,96742,0.0001,1.3668301105499268
387156,0.05,3381,8.385950090000001,4609,114,84.0,96763,0.0001,0.6834623217582703
387240,0.05,3382,8.08129304,4610,114,84.0,96784,0.0001,10.509580612182617
387324,0.05,3382,7.750012720000001,4611,114,84.0,96805,0.0001,5.2828755378723145
387408,0.05,3383,8.08280469,4612,114,84.0,96826,0.0001,0.8765501379966736
387492,0.05,3384,8.784195870000001,4613,114,84.0,96847,0.0001,5.8614373207092285
387576,0.05,3385,9.210473399999998,4614,114,84.0,96868,0.0001,1.4119486808776855
387660,0.05,3385,9.084184509999998,4615,114,84.0,96889,0.0001,1.2650058269500732
387744,0.05,3386,8.30712251,4616,114,84.0,96910,0.0001,6.788613796234131
387828,0.05,3387,8.47648046,4617,114,84.0,96931,0.0001,2.545560359954834
387912,0.05,3388,8.749994999999998,4618,114,84.0,96952,0.0001,0.8263937830924988
387996,0.05,3389,8.95386697,4619,114,84.0,96973,0.0001,9.199466705322266
388080,0.05,3389,9.71685784,4620,114,84.0,96994,0.0001,5.793736457824707
388164,0.05,3390,9.794789709999998,4621,114,84.0,97015,0.0001,1.4853954315185547
388248,0.05,3391,9.934738849999999,4622,114,84.0,97036,0.0001,0.941128134727478
388332,0.05,3392,9.95038645,4623,114,84.0,97057,0.0001,0.4899205267429352
388416,0.05,3393,9.88059788,4624,114,84.0,97078,0.0001,0.5255681276321411
388500,0.05,3393,10.853541159999999,4625,114,84.0,97099,0.0001,1.867116093635559
388584,0.05,3394,11.070957960000001,4626,114,84.0,97120,0.0001,6.547666549682617
388668,0.05,3395,12.01409178,4627,114,84.0,97141,0.0001,6.741642951965332
388752,0.05,3396,12.97427408,4628,114,84.0,97162,0.0001,1.0034925937652588
388836,0.05,3396,12.654788860000002,4629,114,84.0,97183,0.0001,0.5978554487228394
388920,0.05,3397,13.80970149,4630,114,84.0,97204,0.0001,0.6941956877708435
389004,0.05,3398,14.049567609999999,4631,114,84.0,97225,0.0001,1.3903725147247314
389088,0.05,3399,13.52839441,4632,114,84.0,97246,0.0001,0.5465583801269531
389172,0.05,3399,13.25047645,4633,114,84.0,97267,0.0001,14.326064109802246
389256,0.05,3400,12.61036593,4634,114,84.0,97288,0.0001,6.348787784576416
389340,0.05,3401,12.736107860000002,4635,114,84.0,97309,0.0001,1.2794862985610962
389424,0.05,3402,13.216725620000004,4636,114,84.0,97330,0.0001,0.8275314569473267
389508,0.05,3403,14.375566280000003,4637,114,84.0,97351,0.0001,0.869042158126831
389592,0.05,3403,14.65603675,4638,114,84.0,97372,0.0001,0.7457598447799683
389676,0.05,3404,13.979151710000004,4639,114,84.0,97393,0.0001,0.5724310874938965
389760,0.05,3405,13.88507423,4640,114,84.0,97414,0.0001,2.3207499980926514
389844,0.05,3406,15.068906850000003,4641,114,84.0,97435,0.0001,0.6780219078063965
389928,0.05,3406,14.516562170000002,4642,114,84.0,97456,0.0001,1.3925848007202148
390012,0.05,3407,13.963927040000002,4643,114,84.0,97477,0.0001,1.0365574359893799
390096,0.05,3408,14.198246800000001,4644,114,84.0,97498,0.0001,1.0129773616790771
390180,0.05,3409,13.91998456,4645,114,84.0,97519,0.0001,2.7731130123138428
390264,0.05,3409,12.763934460000003,4646,114,84.0,97540,0.0001,4.188246250152588
390348,0.05,3410,12.503500310000002,4647,114,84.0,97561,0.0001,5.328213691711426
390432,0.05,3411,12.548124040000003,4648,114,84.0,97582,0.0001,1.1402837038040161
390516,0.05,3412,12.19457803,4649,114,84.0,97603,0.0001,1.409490704536438
390600,0.05,3413,12.83625631,4650,114,84.0,97624,0.0001,5.577159404754639
390684,0.05,3413,13.229452660000002,4651,114,84.0,97645,0.0001,6.221399784088135
390768,0.05,3414,13.470681459999998,4652,114,84.0,97666,0.0001,6.996430397033691
390852,0.05,3415,13.291985379999998,4653,114,84.0,97687,0.0001,5.264081001281738
390936,0.05,3416,13.65243928,4654,114,84.0,97708,0.0001,0.9359791278839111
391020,0.05,3416,13.70327115,4655,114,84.0,97729,0.0001,0.8237062692642212
391104,0.05,3417,13.70974933,4656,114,84.0,97750,0.0001,1.4226555824279785
391188,0.05,3418,13.277907020000004,4657,114,84.0,97771,0.0001,1.0042710304260254
391272,0.05,3419,13.842467670000001,4658,114,84.0,97792,0.0001,5.555649757385254
391356,0.05,3419,14.894219040000003,4659,114,84.0,97813,0.0001,6.0377678871154785
391440,0.05,3420,13.841975209999998,4660,114,84.0,97834,0.0001,1.1203181743621826
391524,0.05,3421,14.007780360000002,4661,114,84.0,97855,0.0001,0.49887987971305847
391608,0.05,3422,14.541264519999997,4662,114,84.0,97876,0.0001,4.482586860656738
391692,0.05,3423,15.356962780000002,4663,114,84.0,97897,0.0001,6.250885009765625
391776,0.05,3423,15.10317861,4664,114,84.0,97918,0.0001,0.8739528059959412
391860,0.05,3424,15.33472204,4665,114,84.0,97939,0.0001,1.8119099140167236
391944,0.05,3425,15.44811056,4666,114,84.0,97960,0.0001,7.746593475341797
392028,0.05,3426,15.93426234,4667,114,84.0,97981,0.0001,5.915943145751953
392112,0.05,3426,15.821854930000002,4668,114,84.0,98002,0.0001,1.4468605518341064
392196,0.05,3427,16.005744630000002,4669,114,84.0,98023,0.0001,0.8197062611579895
392280,0.05,3428,15.1256154,4670,114,84.0,98044,0.0001,7.432853698730469
392364,0.05,3429,14.477930649999998,4671,114,84.0,98065,0.0001,1.5507028102874756
392448,0.05,3429,15.12066922,4672,114,84.0,98086,0.0001,0.5108149647712708
392532,0.05,3430,14.290154130000001,4673,114,84.0,98107,0.0001,1.7446659803390503
392616,0.05,3431,13.997268789999998,4674,114,84.0,98128,0.0001,2.6012649536132812
392700,0.05,3432,14.360005249999999,4675,114,84.0,98149,0.0001,0.9664936661720276
392784,0.05,3433,14.703658129999997,4676,114,84.0,98170,0.0001,5.017223834991455
392868,0.05,3434,15.35980217,4677,114,84.0,98191,0.0001,5.7344441413879395
392952,0.05,3434,15.854351729999998,4678,114,84.0,98212,0.0001,0.7678509950637817
393036,0.05,3435,16.590406679999997,4679,114,84.0,98233,0.0001,5.69630765914917
393120,0.05,3436,16.576534279999997,4680,114,84.0,98254,0.0001,5.705956935882568
393204,0.05,3436,17.792571469999995,4681,114,84.0,98275,0.0001,0.7993025779724121
393288,0.05,3437,18.64536223,4682,114,84.0,98296,0.0001,2.824113368988037
393372,0.05,3438,18.469794639999996,4683,114,84.0,98317,0.0001,5.528661251068115
393456,0.05,3439,17.618226019999998,4684,114,84.0,98338,0.0001,7.928926944732666
393540,0.05,3440,17.822158079999998,4685,114,84.0,98359,0.0001,2.7549219131469727
393624,0.05,3441,17.94502349,4686,114,84.0,98380,0.0001,1.0607277154922485
393708,0.05,3441,16.951355770000003,4687,114,84.0,98401,0.0001,5.360396385192871
393792,0.05,3442,16.757393170000004,4688,114,84.0,98422,0.0001,0.458285927772522
393876,0.05,3443,17.221177800000003,4689,114,84.0,98443,0.0001,1.0946862697601318
393960,0.05,3444,17.643035960000002,4690,114,84.0,98464,0.0001,0.90115886926651
394044,0.05,3444,18.63042528,4691,114,84.0,98485,0.0001,0.8475613594055176
394128,0.05,3445,18.66979688,4692,114,84.0,98506,0.0001,0.8645790815353394
394212,0.05,3446,18.77368986,4693,114,84.0,98527,0.0001,0.9200178980827332
394296,0.05,3447,19.9436279,4694,114,84.0,98548,0.0001,1.5531959533691406
394380,0.05,3447,20.40170996,4695,114,84.0,98569,0.0001,0.40339791774749756
394464,0.05,3448,20.34319618,4696,114,84.0,98590,0.0001,5.744399070739746
394548,0.05,3449,20.838756539999995,4697,114,84.0,98611,0.0001,1.1795533895492554
394632,0.05,3450,20.704147369999998,4698,114,84.0,98632,0.0001,1.465698480606079
394716,0.05,3450,20.49260747,4699,114,84.0,98653,0.0001,5.50031852722168
394800,0.05,3451,19.797891540000002,4700,114,84.0,98674,0.0001,0.7285473346710205
394884,0.05,3452,19.79557683,4701,114,84.0,98695,0.0001,1.1886173486709595
394968,0.05,3453,20.15553452,4702,114,84.0,98716,0.0001,0.9217602610588074
395052,0.05,3453,19.64482709,4703,114,84.0,98737,0.0001,2.59834885597229
395136,0.05,3454,20.77739513,4704,114,84.0,98758,0.0001,1.255347728729248
395220,0.05,3455,21.318556120000004,4705,114,84.0,98779,0.0001,1.4294586181640625
395304,0.05,3456,20.739683760000002,4706,114,84.0,98800,0.0001,5.369156837463379
395388,0.05,3456,22.123845030000002,4707,114,84.0,98821,0.0001,6.048861503601074
395472,0.05,3457,22.1710928,4708,114,84.0,98842,0.0001,1.4209054708480835
395556,0.05,3458,22.758141050000003,4709,114,84.0,98863,0.0001,0.6515724658966064
395640,0.05,3459,23.311161990000002,4710,114,84.0,98884,0.0001,9.41955280303955
395724,0.05,3460,22.67909744,4711,114,84.0,98905,0.0001,1.766078233718872
395808,0.05,3460,22.69835988,4712,114,84.0,98926,0.0001,2.2659058570861816
395892,0.05,3461,22.308126140000002,4713,114,84.0,98947,0.0001,5.936639785766602
395976,0.05,3462,22.11159447,4714,114,84.0,98968,0.0001,5.868134021759033
396060,0.05,3463,22.21863898,4715,114,84.0,98989,0.0001,0.29414501786231995
396144,0.05,3463,22.287592919999998,4716,114,84.0,99010,0.0001,0.9014109969139099
396228,0.05,3464,22.719076640000004,4717,114,84.0,99031,0.0001,1.056310772895813
396312,0.05,3465,22.575549300000002,4718,114,84.0,99052,0.0001,1.438192367553711
396396,0.05,3466,22.971414280000005,4719,114,84.0,99073,0.0001,6.411834716796875
396480,0.05,3466,22.889431440000003,4720,114,84.0,99094,0.0001,5.194953918457031
396564,0.05,3467,22.553549529999994,4721,114,84.0,99115,0.0001,0.7869260311126709
396648,0.05,3468,22.588114959999995,4722,114,84.0,99136,0.0001,16.454547882080078
396732,0.05,3469,22.292569679999996,4723,114,84.0,99157,0.0001,6.840857982635498
396816,0.05,3469,22.59383003,4724,114,84.0,99178,0.0001,0.6595542430877686
396900,0.05,3470,21.37037385,4725,114,84.0,99199,0.0001,1.7281081676483154
396984,0.05,3471,21.589952020000005,4726,114,84.0,99220,0.0001,0.9065583348274231
397068,0.05,3472,21.183844599999997,4727,114,84.0,99241,0.0001,2.347137928009033
397152,0.05,3473,20.520801359999997,4728,114,84.0,99262,0.0001,0.6499817371368408
397236,0.05,3473,21.439732869999993,4729,114,84.0,99283,0.0001,1.3938038349151611
397320,0.05,3474,20.50595774,4730,114,84.0,99304,0.0001,1.3314423561096191
397404,0.05,3475,20.279018479999998,4731,114,84.0,99325,0.0001,6.389644622802734
397488,0.05,3476,21.93498973,4732,114,84.0,99346,0.0001,6.1924543380737305
397572,0.05,3477,22.759759279999997,4733,114,84.0,99367,0.0001,6.123892784118652
397656,0.05,3477,23.626197199999996,4734,114,84.0,99388,0.0001,0.8925960063934326
397740,0.05,3478,24.049612009999997,4735,114,84.0,99409,0.0001,1.9015839099884033
397824,0.05,3479,23.818654459999994,4736,114,84.0,99430,0.0001,1.5935673713684082
397908,0.05,3480,23.021966849999995,4737,114,84.0,99451,0.0001,5.345989227294922
397992,0.05,3480,22.945775339999997,4738,114,84.0,99472,0.0001,10.936128616333008
398076,0.05,3481,24.168817769999997,4739,114,84.0,99493,0.0001,5.965652942657471
398160,0.05,3482,24.212373290000002,4740,114,84.0,99514,0.0001,1.345947265625
398244,0.05,3483,23.404193200000005,4741,114,84.0,99535,0.0001,1.392477035522461
398328,0.05,3484,24.058387620000005,4742,114,84.0,99556,0.0001,5.388858795166016
398412,0.05,3484,24.153377260000003,4743,114,84.0,99577,0.0001,0.995590329170227
398496,0.05,3485,23.596455019999997,4744,114,84.0,99598,0.0001,6.996848106384277
398580,0.05,3486,24.809125129999998,4745,114,84.0,99619,0.0001,0.7669862508773804
398664,0.05,3486,25.904342180000004,4746,114,84.0,99640,0.0001,0.543439507484436
398748,0.05,3487,26.198167199999997,4747,114,84.0,99661,0.0001,2.1522631645202637
398832,0.05,3488,26.77329257,4748,114,84.0,99682,0.0001,5.9898481369018555
398916,0.05,3489,27.73242291,4749,114,84.0,99703,0.0001,6.318391799926758
399000,0.05,3490,27.016684929999997,4750,114,84.0,99724,0.0001,2.0300660133361816
399084,0.05,3490,26.768970689999996,4751,114,84.0,99745,0.0001,5.937733173370361
399168,0.05,3491,25.700961749999998,4752,114,84.0,99766,0.0001,0.9184643030166626
399252,0.05,3492,25.63552445,4753,114,84.0,99787,0.0001,5.919978618621826
399336,0.05,3493,25.365319949999993,4754,114,84.0,99808,0.0001,0.6344282627105713
399420,0.05,3493,24.816023689999998,4755,114,84.0,99829,0.0001,5.888306617736816
399504,0.05,3494,24.49938913,4756,114,84.0,99850,0.0001,6.742091655731201
399588,0.05,3495,25.32711426,4757,114,84.0,99871,0.0001,6.000711917877197
399672,0.05,3496,24.700567799999998,4758,114,84.0,99892,0.0001,1.0065361261367798
399756,0.05,3496,25.05766173,4759,114,84.0,99913,0.0001,1.61295485496521
399840,0.05,3497,26.007539420000004,4760,114,84.0,99934,0.0001,1.9113894701004028
399924,0.05,3498,25.66255607,4761,114,84.0,99955,0.0001,0.7591210007667542
400008,0.05,3499,26.196502810000002,4762,114,84.0,99976,0.0001,1.0314704179763794
400092,0.05,3500,26.02994508,4763,114,84.0,99997,0.0001,11.915557861328125
400176,0.05,3500,26.261619830000004,4764,114,84.0,100018,0.0001,5.729847431182861
400260,0.05,3501,26.735641660000002,4765,114,84.0,100039,0.0001,0.6459883451461792
400344,0.05,3502,26.30420022,4766,114,84.0,100060,0.0001,0.7991502285003662
400428,0.05,3503,25.833085110000003,4767,114,84.0,100081,0.0001,0.6228864192962646
400512,0.05,3503,26.68565386,4768,114,84.0,100102,0.0001,0.9794355630874634
400596,0.05,3504,26.301320809999996,4769,114,84.0,100123,0.0001,6.521241664886475
400680,0.05,3505,27.19204327,4770,114,84.0,100144,0.0001,10.448755264282227
400764,0.05,3506,27.62464232,4771,114,84.0,100165,0.0001,1.3642606735229492
400848,0.05,3507,27.398640299999997,4772,114,84.0,100186,0.0001,1.0030921697616577
400932,0.05,3508,27.749132829999997,4773,114,84.0,100207,0.0001,0.6534790992736816
401016,0.05,3508,27.8828323,4774,114,84.0,100228,0.0001,4.907719135284424
401100,0.05,3509,27.684778119999997,4775,114,84.0,100249,0.0001,6.2101874351501465
401184,0.05,3510,27.77794699999999,4776,114,84.0,100270,0.0001,0.9554633498191833
401268,0.05,3511,26.811486529999996,4777,114,84.0,100291,0.0001,1.9261542558670044
401352,0.05,3511,26.775526869999993,4778,114,84.0,100312,0.0001,0.7348867654800415
401436,0.05,3512,25.681972489999993,4779,114,84.0,100333,0.0001,1.0031969547271729
401520,0.05,3513,25.83779791,4780,114,84.0,100354,0.0001,1.0166473388671875
401604,0.05,3514,25.002413120000007,4781,114,84.0,100375,0.0001,7.341404438018799
401688,0.05,3514,23.938669260000005,4782,114,84.0,100396,0.0001,5.6207475662231445
401772,0.05,3515,23.38282098,4783,114,84.0,100417,0.0001,4.373458385467529
401856,0.05,3516,23.681378630000005,4784,114,84.0,100438,0.0001,1.0076897144317627
401940,0.05,3517,24.00578382,4785,114,84.0,100459,0.0001,0.637371301651001
402024,0.05,3517,23.12907398,4786,114,84.0,100480,0.0001,0.9888967275619507
402108,0.05,3518,23.55261105,4787,114,84.0,100501,0.0001,0.9000934362411499
402192,0.05,3519,24.582898430000004,4788,114,84.0,100522,0.0001,4.843012809753418
402276,0.05,3520,24.25479832,4789,114,84.0,100543,0.0001,0.5314849019050598
402360,0.05,3520,23.253975840000003,4790,114,84.0,100564,0.0001,0.38363727927207947
402444,0.05,3521,22.889445100000003,4791,114,84.0,100585,0.0001,0.7131211757659912
402528,0.05,3522,23.934919550000004,4792,114,84.0,100606,0.0001,0.8886849284172058
402612,0.05,3523,24.207984180000004,4793,114,84.0,100627,0.0001,5.351436138153076
402696,0.05,3523,24.05857835,4794,114,84.0,100648,0.0001,1.7107555866241455
402780,0.05,3524,23.770889570000005,4795,114,84.0,100669,0.0001,6.997028827667236
402864,0.05,3525,24.469038710000003,4796,114,84.0,100690,0.0001,0.6252821683883667
402948,0.05,3526,24.55464625,4797,114,84.0,100711,0.0001,0.8778981566429138
403032,0.05,3527,24.583405710000008,4798,114,84.0,100732,0.0001,4.805927753448486
403116,0.05,3527,24.69176896,4799,114,84.0,100753,0.0001,1.2395713329315186
403200,0.05,3528,25.214989690000003,4800,114,84.0,100774,0.0001,1.0933270454406738
403284,0.05,3529,25.611610240000005,4801,114,84.0,100795,0.0001,0.8217285871505737
403368,0.05,3530,25.252936820000006,4802,114,84.0,100816,0.0001,1.0008184909820557
403452,0.05,3530,26.01148998,4803,114,84.0,100837,0.0001,0.5559004545211792
403536,0.05,3531,25.574369470000008,4804,114,84.0,100858,0.0001,5.426170825958252
403620,0.05,3532,25.584912150000005,4805,114,84.0,100879,0.0001,12.85315227508545
403704,0.05,3533,25.800274020000003,4806,114,84.0,100900,0.0001,10.099573135375977
403788,0.05,3533,24.121528080000004,4807,114,84.0,100921,0.0001,1.3288670778274536
403872,0.05,3534,25.2936323,4808,114,84.0,100942,0.0001,2.059450626373291
403956,0.05,3535,25.156812309999996,4809,114,84.0,100963,0.0001,1.4983255863189697
404040,0.05,3536,25.070132300000004,4810,114,84.0,100984,0.0001,1.5233982801437378
404124,0.05,3536,25.23686918,4811,114,84.0,101005,0.0001,1.5297582149505615
404208,0.05,3537,25.939671240000003,4812,114,84.0,101026,0.0001,5.867856025695801
404292,0.05,3538,26.46530404,4813,114,84.0,101047,0.0001,12.880768775939941
404376,0.05,3539,26.66723244,4814,114,84.0,101068,0.0001,0.7989625930786133
404460,0.05,3540,26.659879779999997,4815,114,84.0,101089,0.0001,1.8007104396820068
404544,0.05,3540,27.165686399999995,4816,114,84.0,101110,0.0001,5.5174760818481445
404628,0.05,3541,26.682956490000002,4817,114,84.0,101131,0.0001,2.519413471221924
404712,0.05,3542,27.504345469999997,4818,114,84.0,101152,0.0001,1.7670047283172607
404796,0.05,3542,27.83805974,4819,114,84.0,101173,0.0001,1.6107097864151
404880,0.05,3543,28.109054369999996,4820,114,84.0,101194,0.0001,1.7540080547332764
404964,0.05,3544,28.56648221,4821,114,84.0,101215,0.0001,0.5224965810775757
405048,0.05,3545,28.604061529999996,4822,114,84.0,101236,0.0001,0.5792354345321655
405132,0.05,3546,28.879586009999997,4823,114,84.0,101257,0.0001,10.846857070922852
405216,0.05,3546,29.19433308,4824,114,84.0,101278,0.0001,1.5004382133483887
405300,0.05,3547,30.08743751,4825,114,84.0,101299,0.0001,2.1169300079345703
405384,0.05,3548,30.333464030000002,4826,114,84.0,101320,0.0001,5.79390811920166
405468,0.05,3549,31.15122663,4827,114,84.0,101341,0.0001,0.8356342315673828
405552,0.05,3549,30.8450397,4828,114,84.0,101362,0.0001,2.7276549339294434
405636,0.05,3550,30.554690909999998,4829,114,84.0,101383,0.0001,0.9007136821746826
405720,0.05,3551,31.5820994,4830,114,84.0,101404,0.0001,1.1696940660476685
405804,0.05,3552,31.76989413,4831,114,84.0,101425,0.0001,10.58112907409668
405888,0.05,3552,30.99580739,4832,114,84.0,101446,0.0001,1.4610130786895752
405972,0.05,3553,30.8544723,4833,114,84.0,101467,0.0001,0.6625533103942871
406056,0.05,3554,30.629618540000003,4834,114,84.0,101488,0.0001,5.184723854064941
406140,0.05,3555,30.819002579999996,4835,114,84.0,101509,0.0001,6.147668361663818
406224,0.05,3555,30.89579897,4836,114,84.0,101530,0.0001,0.595264196395874
406308,0.05,3556,30.98062776,4837,114,84.0,101551,0.0001,0.612247109413147
406392,0.05,3557,30.92816385,4838,114,84.0,101572,0.0001,5.83740234375
406476,0.05,3558,30.044860519999997,4839,114,84.0,101593,0.0001,1.5817008018493652
406560,0.05,3558,30.67176744,4840,114,84.0,101614,0.0001,1.8424943685531616
406644,0.05,3559,31.34740574,4841,114,84.0,101635,0.0001,1.0395348072052002
406728,0.05,3560,31.820255349999996,4842,114,84.0,101656,0.0001,5.575754642486572
406812,0.05,3561,32.27695534,4843,114,84.0,101677,0.0001,6.51715612411499
406896,0.05,3562,32.94038106000001,4844,114,84.0,101698,0.0001,0.5427095890045166
406980,0.05,3562,32.016322300000006,4845,114,84.0,101719,0.0001,6.18587589263916
407064,0.05,3563,31.709114430000003,4846,114,84.0,101740,0.0001,1.103304386138916
407148,0.05,3564,32.34462640000001,4847,114,84.0,101761,0.0001,1.0407922267913818
407232,0.05,3565,31.92554575,4848,114,84.0,101782,0.0001,0.42686742544174194
407316,0.05,3565,31.648898930000005,4849,114,84.0,101803,0.0001,0.5412968397140503
407400,0.05,3566,32.66616198,4850,114,84.0,101824,0.0001,6.179129600524902
407484,0.05,3567,33.21144983,4851,114,84.0,101845,0.0001,1.3801696300506592
407568,0.05,3568,33.98105254,4852,114,84.0,101866,0.0001,0.7526612877845764
407652,0.05,3568,34.891719220000006,4853,114,84.0,101887,0.0001,4.945497989654541
407736,0.05,3569,34.75328948000001,4854,114,84.0,101908,0.0001,1.1164134740829468
407820,0.05,3570,35.31945393,4855,114,84.0,101929,0.0001,1.4245431423187256
407904,0.05,3571,36.24554119,4856,114,84.0,101950,0.0001,1.1630465984344482
407988,0.05,3571,35.94705633,4857,114,84.0,101971,0.0001,1.4603698253631592
408072,0.05,3572,36.3307994,4858,114,84.0,101992,0.0001,4.852756023406982
408156,0.05,3573,36.5027644,4859,114,84.0,102013,0.0001,5.935102462768555
408240,0.05,3574,36.634909640000004,4860,114,84.0,102034,0.0001,1.2596752643585205
408324,0.05,3575,38.01421245,4861,114,84.0,102055,0.0001,1.177178144454956
408408,0.05,3575,37.738338760000005,4862,114,84.0,102076,0.0001,2.0442893505096436
408492,0.05,3576,37.708887770000004,4863,114,84.0,102097,0.0001,7.150026798248291
408576,0.05,3577,37.84261304,4864,114,84.0,102118,0.0001,1.0932703018188477
408660,0.05,3578,37.37329561,4865,114,84.0,102139,0.0001,10.869420051574707
408744,0.05,3578,37.648531840000004,4866,114,84.0,102160,0.0001,1.6986329555511475
408828,0.05,3579,37.43951843,4867,114,84.0,102181,0.0001,5.8313798904418945
408912,0.05,3580,36.34527131,4868,114,84.0,102202,0.0001,1.7330950498580933
408996,0.05,3581,36.76896951,4869,114,84.0,102223,0.0001,6.1330461502075195
409080,0.05,3582,36.85264687,4870,114,84.0,102244,0.0001,1.1298515796661377
409164,0.05,3582,36.390894470000006,4871,114,84.0,102265,0.0001,0.8026231527328491
409248,0.05,3583,36.39114516,4872,114,84.0,102286,0.0001,0.9789754748344421
409332,0.05,3584,36.95799115,4873,114,84.0,102307,0.0001,0.5544096231460571
409416,0.05,3585,36.894226329999995,4874,114,84.0,102328,0.0001,5.720393180847168
409500,0.05,3585,37.56199079,4875,114,84.0,102349,0.0001,1.1582534313201904
409584,0.05,3586,37.75626613,4876,114,84.0,102370,0.0001,1.951141119003296
409668,0.05,3587,38.2842489,4877,114,84.0,102391,0.0001,0.6290702819824219
409752,0.05,3588,38.37225001000001,4878,114,84.0,102412,0.0001,5.81627893447876
409836,0.05,3588,39.027293560000004,4879,114,84.0,102433,0.0001,0.9233601093292236
409920,0.05,3589,39.313776350000005,4880,114,84.0,102454,0.0001,0.6608707308769226
410004,0.05,3590,39.16492547,4881,114,84.0,102475,0.0001,5.818935871124268
410088,0.05,3591,39.45899636000001,4882,114,84.0,102496,0.0001,5.867270469665527
410172,0.05,3591,39.74167449000001,4883,114,84.0,102517,0.0001,0.5722875595092773
410256,0.05,3592,39.59446306,4884,114,84.0,102538,0.0001,0.6028310060501099
410340,0.05,3593,38.58296003,4885,114,84.0,102559,0.0001,2.3944239616394043
410424,0.05,3594,38.7120952,4886,114,84.0,102580,0.0001,0.7463117241859436
410508,0.05,3594,37.9788785,4887,114,84.0,102601,0.0001,2.6720499992370605
410592,0.05,3595,37.30323768,4888,114,84.0,102622,0.0001,0.6724342107772827
410676,0.05,3596,37.42110947,4889,114,84.0,102643,0.0001,6.497289657592773
410760,0.05,3597,37.454651170000005,4890,114,84.0,102664,0.0001,1.9474372863769531
410844,0.05,3597,37.27846825,4891,114,84.0,102685,0.0001,12.853911399841309
410928,0.05,3598,36.45465996,4892,114,84.0,102706,0.0001,5.311166286468506
411012,0.05,3599,36.384683939999995,4893,114,84.0,102727,0.0001,2.9645581245422363
411096,0.05,3600,36.210111819999995,4894,114,84.0,102748,0.0001,1.5213427543640137
411180,0.05,3601,35.532256319999995,4895,114,84.0,102769,0.0001,1.4728221893310547
411264,0.05,3601,35.53395946,4896,114,84.0,102790,0.0001,7.0138397216796875
411348,0.05,3602,35.55872083,4897,114,84.0,102811,0.0001,3.3109664916992188
411432,0.05,3603,35.746533570000004,4898,114,84.0,102832,0.0001,0.9964773654937744
411516,0.05,3604,35.60062317,4899,114,84.0,102853,0.0001,1.5966330766677856
411600,0.05,3605,35.85407837,4900,114,84.0,102874,0.0001,1.3934086561203003
411684,0.05,3605,35.447147550000004,4901,114,84.0,102895,0.0001,1.6766433715820312
411768,0.05,3606,36.56080961999999,4902,114,84.0,102916,0.0001,0.8918963670730591
411852,0.05,3607,36.90221327,4903,114,84.0,102937,0.0001,3.3368194103240967
411936,0.05,3608,36.09331044999999,4904,114,84.0,102958,0.0001,6.307616233825684
412020,0.05,3608,36.40933679,4905,114,84.0,102979,0.0001,2.2314534187316895
412104,0.05,3609,36.686709459999996,4906,114,84.0,103000,0.0001,6.582979202270508
412188,0.05,3610,38.06337513,4907,114,84.0,103021,0.0001,0.7681852579116821
412272,0.05,3611,38.03230409,4908,114,84.0,103042,0.0001,1.574460506439209
412356,0.05,3612,38.46295395,4909,114,84.0,103063,0.0001,0.7893804311752319
412440,0.05,3612,38.31266838,4910,114,84.0,103084,0.0001,1.0441614389419556
412524,0.05,3613,38.37801897,4911,114,84.0,103105,0.0001,1.1610113382339478
412608,0.05,3614,38.096827149999996,4912,114,84.0,103126,0.0001,6.576727390289307
412692,0.05,3615,37.68917465999999,4913,114,84.0,103147,0.0001,1.1782341003417969
412776,0.05,3616,36.779224979999995,4914,114,84.0,103168,0.0001,1.246939778327942
412860,0.05,3616,36.389888209999995,4915,114,84.0,103189,0.0001,6.642416477203369
412944,0.05,3617,36.20029743999999,4916,114,84.0,103210,0.0001,0.7260115742683411
413028,0.05,3618,36.73700143999999,4917,114,84.0,103231,0.0001,0.9549846053123474
413112,0.05,3619,36.09074791999999,4918,114,84.0,103252,0.0001,11.40219783782959
413196,0.05,3619,35.60986121999999,4919,114,84.0,103273,0.0001,6.691434383392334
413280,0.05,3620,35.46349592999999,4920,114,84.0,103294,0.0001,1.4075310230255127
413364,0.05,3621,34.97389736,4921,114,84.0,103315,0.0001,4.7997965812683105
413448,0.05,3622,35.2333159,4922,114,84.0,103336,0.0001,5.113665580749512
413532,0.05,3622,35.22897294,4923,114,84.0,103357,0.0001,1.1512141227722168
413616,0.05,3623,35.92836314,4924,114,84.0,103378,0.0001,2.7714154720306396
413700,0.05,3624,35.79373778,4925,114,84.0,103399,0.0001,7.171154975891113
413784,0.05,3625,35.43892386,4926,114,84.0,103420,0.0001,0.821416974067688
413868,0.05,3625,34.96671134,4927,114,84.0,103441,0.0001,0.7188968658447266
413952,0.05,3626,35.46773391,4928,114,84.0,103462,0.0001,6.499429225921631
414036,0.05,3627,35.40085289,4929,114,84.0,103483,0.0001,2.5873031616210938
414120,0.05,3628,34.72193459,4930,114,84.0,103504,0.0001,5.993677139282227
414204,0.05,3629,34.57075393,4931,114,84.0,103525,0.0001,0.8888792991638184
414288,0.05,3629,34.79534126,4932,114,84.0,103546,0.0001,1.1139302253723145
414372,0.05,3630,34.911598270000006,4933,114,84.0,103567,0.0001,8.404191970825195
414456,0.05,3631,34.20528386,4934,114,84.0,103588,0.0001,4.713647365570068
414540,0.05,3632,34.450038709999994,4935,114,84.0,103609,0.0001,0.8203113079071045
414624,0.05,3632,34.64987418999999,4936,114,84.0,103630,0.0001,6.409121990203857
414708,0.05,3633,35.09745837999999,4937,114,84.0,103651,0.0001,6.000018119812012
414792,0.05,3634,34.8382296,4938,114,84.0,103672,0.0001,0.6180441379547119
414876,0.05,3635,34.97117501999999,4939,114,84.0,103693,0.0001,7.409682273864746
414960,0.05,3635,35.25945168999999,4940,114,84.0,103714,0.0001,1.2076468467712402
415044,0.05,3636,34.962144419999994,4941,114,84.0,103735,0.0001,0.544611930847168
415128,0.05,3637,34.493471539999994,4942,114,84.0,103756,0.0001,0.9903006553649902
415212,0.05,3638,33.934457269999996,4943,114,84.0,103777,0.0001,11.23253345489502
415296,0.05,3638,34.23188667,4944,114,84.0,103798,0.0001,0.5294437408447266
415380,0.05,3639,34.29064803000001,4945,114,84.0,103819,0.0001,0.9694108963012695
415464,0.05,3640,34.228809610000006,4946,114,84.0,103840,0.0001,4.028016090393066
415548,0.05,3641,34.278062840000004,4947,114,84.0,103861,0.0001,0.70452880859375
415632,0.05,3642,34.79433559,4948,114,84.0,103882,0.0001,0.7747793197631836
415716,0.05,3642,34.61452598,4949,114,84.0,103903,0.0001,0.8187073469161987
415800,0.05,3643,34.124755500000006,4950,114,84.0,103924,0.0001,0.7114061117172241
415884,0.05,3644,33.92413045,4951,114,84.0,103945,0.0001,5.255879878997803
415968,0.05,3645,33.96790269,4952,114,84.0,103966,0.0001,0.9789316654205322
416052,0.05,3646,33.02831483,4953,114,84.0,103987,0.0001,1.465155839920044
416136,0.05,3646,33.14911748,4954,114,84.0,104008,0.0001,1.0976157188415527
416220,0.05,3647,32.71355466,4955,114,84.0,104029,0.0001,1.9160743951797485
416304,0.05,3648,32.762099000000006,4956,114,84.0,104050,0.0001,12.031927108764648
416388,0.05,3649,32.32318377,4957,114,84.0,104071,0.0001,0.9670931100845337
416472,0.05,3649,32.56651212,4958,114,84.0,104092,0.0001,0.7913836240768433
416556,0.05,3650,32.410624780000006,4959,114,84.0,104113,0.0001,11.098581314086914
416640,0.05,3651,31.6452257,4960,114,84.0,104134,0.0001,0.39918649196624756
416724,0.05,3652,31.22878292,4961,114,84.0,104155,0.0001,8.22183609008789
416808,0.05,3652,30.927490149999997,4962,114,84.0,104176,0.0001,1.7066599130630493
416892,0.05,3653,30.79614858,4963,114,84.0,104197,0.0001,6.935415744781494
416976,0.05,3654,31.03643086,4964,114,84.0,104218,0.0001,7.1645402908325195
417060,0.05,3655,31.887082799999998,4965,114,84.0,104239,0.0001,1.570011854171753
417144,0.05,3655,31.73495106,4966,114,84.0,104260,0.0001,7.382887840270996
417228,0.05,3656,32.046644,4967,114,84.0,104281,0.0001,2.71993350982666
417312,0.05,3657,32.207698920000006,4968,114,84.0,104302,0.0001,0.883305549621582
417396,0.05,3658,31.71580157,4969,114,84.0,104323,0.0001,7.082176685333252
417480,0.05,3659,32.407120539999994,4970,114,84.0,104344,0.0001,2.0559253692626953
417564,0.05,3659,33.399031279999996,4971,114,84.0,104365,0.0001,5.836823463439941
417648,0.05,3660,34.34336827,4972,114,84.0,104386,0.0001,0.5143150091171265
417732,0.05,3661,33.896589330000005,4973,114,84.0,104407,0.0001,14.511835098266602
417816,0.05,3662,33.981258079999996,4974,114,84.0,104428,0.0001,5.815703392028809
417900,0.05,3662,33.41643409000001,4975,114,84.0,104449,0.0001,0.8001812100410461
417984,0.05,3663,33.71724855,4976,114,84.0,104470,0.0001,1.3048570156097412
418068,0.05,3664,34.22842756,4977,114,84.0,104491,0.0001,4.9843621253967285
418152,0.05,3665,33.76286446,4978,114,84.0,104512,0.0001,0.8419498205184937
418236,0.05,3665,34.7434054,4979,114,84.0,104533,0.0001,4.110865116119385
418320,0.05,3666,33.94690059,4980,114,84.0,104554,0.0001,0.48580044507980347
418404,0.05,3667,34.44580181999999,4981,114,84.0,104575,0.0001,0.8694923520088196
418488,0.05,3668,35.33419134,4982,114,84.0,104596,0.0001,0.8683066964149475
418572,0.05,3669,36.06843421999999,4983,114,84.0,104617,0.0001,1.941428780555725
418656,0.05,3669,36.366551279999996,4984,114,84.0,104638,0.0001,6.867082595825195
418740,0.05,3670,37.10325914999999,4985,114,84.0,104659,0.0001,0.8311973810195923
418824,0.05,3671,38.292430450000005,4986,114,84.0,104680,0.0001,2.3724160194396973
418908,0.05,3672,39.154798129999996,4987,114,84.0,104701,0.0001,0.6309568881988525
418992,0.05,3672,38.67145735,4988,114,84.0,104722,0.0001,1.2439093589782715
419076,0.05,3673,37.91819972999999,4989,114,84.0,104743,0.0001,5.576889991760254
419160,0.05,3674,39.32924573,4990,114,84.0,104764,0.0001,0.7139419317245483
419244,0.05,3675,39.37451549,4991,114,84.0,104785,0.0001,0.7322835922241211
419328,0.05,3675,39.82007487,4992,114,84.0,104806,0.0001,5.788193225860596
419412,0.05,3676,40.47711012,4993,114,84.0,104827,0.0001,1.4788888692855835
419496,0.05,3677,40.52752455,4994,114,84.0,104848,0.0001,1.0735589265823364
419580,0.05,3678,40.74791476000001,4995,114,84.0,104869,0.0001,0.42284634709358215
419664,0.05,3678,41.42741968,4996,114,84.0,104890,0.0001,0.5041124820709229
419748,0.05,3679,41.54416859999999,4997,114,84.0,104911,0.0001,1.4029210805892944
419832,0.05,3680,41.7038233,4998,114,84.0,104932,0.0001,6.536469459533691
419916,0.05,3681,42.727080560000005,4999,114,84.0,104953,0.0001,0.8713219165802002
420000,0.05,3681,41.951007069999996,5000,114,84.0,104974,0.0001,6.0526227951049805
420084,0.05,3682,42.354128270000004,5001,114,84.0,104995,0.0001,6.769473552703857
420168,0.05,3683,42.037567130000006,5002,114,84.0,105016,0.0001,7.0212507247924805
420252,0.05,3684,41.76505393,5003,114,84.0,105037,0.0001,6.304311752319336
420336,0.05,3685,41.69606398,5004,114,84.0,105058,0.0001,0.6547389030456543
420420,0.05,3685,41.441674569999996,5005,114,84.0,105079,0.0001,0.7589342594146729
420504,0.05,3686,41.743348399999995,5006,114,84.0,105100,0.0001,5.183117866516113
420588,0.05,3687,41.948488180000005,5007,114,84.0,105121,0.0001,0.7922307252883911
420672,0.05,3687,42.03026107000001,5008,114,84.0,105142,0.0001,0.8329557180404663
420756,0.05,3688,42.29562801,5009,114,84.0,105163,0.0001,0.9372990131378174
420840,0.05,3689,42.84882938,5010,114,84.0,105184,0.0001,1.3176510334014893
420924,0.05,3690,43.567865739999995,5011,114,84.0,105205,0.0001,7.626198768615723
421008,0.05,3690,43.58303633,5012,114,84.0,105226,0.0001,0.8191906809806824
421092,0.05,3691,43.96456200000001,5013,114,84.0,105247,0.0001,0.7933910489082336
421176,0.05,3692,44.26584998000001,5014,114,84.0,105268,0.0001,5.664987087249756
421260,0.05,3693,45.175974570000015,5015,114,84.0,105289,0.0001,2.9197182655334473
421344,0.05,3693,45.72534747,5016,114,84.0,105310,0.0001,0.7587530612945557
421428,0.05,3694,45.52611113999999,5017,114,84.0,105331,0.0001,4.152679443359375
421512,0.05,3695,45.77683385,5018,114,84.0,105352,0.0001,4.04400634765625
421596,0.05,3696,46.5199194,5019,114,84.0,105373,0.0001,4.894649505615234
421680,0.05,3697,46.28385868,5020,114,84.0,105394,0.0001,0.6776767373085022
421764,0.05,3698,47.48363231000001,5021,114,84.0,105415,0.0001,6.480188846588135
421848,0.05,3699,47.527022990000006,5022,114,84.0,105436,0.0001,5.952122211456299
421932,0.05,3700,47.438795049999996,5023,114,84.0,105457,0.0001,9.83659839630127
422016,0.05,3700,46.972057209999996,5024,114,84.0,105478,0.0001,1.4862045049667358
422100,0.05,3701,47.59665171999999,5025,114,84.0,105499,0.0001,0.7879641056060791
422184,0.05,3702,48.22190538999999,5026,114,84.0,105520,0.0001,17.00489044189453
422268,0.05,3703,48.14864554999999,5027,114,84.0,105541,0.0001,5.222289085388184
422352,0.05,3704,48.573195559999995,5028,114,84.0,105562,0.0001,5.186606407165527
422436,0.05,3704,48.46672770999999,5029,114,84.0,105583,0.0001,0.9991119503974915
422520,0.05,3705,48.649917259999995,5030,114,84.0,105604,0.0001,1.980486512184143
422604,0.05,3706,48.95799734,5031,114,84.0,105625,0.0001,0.7631243467330933
422688,0.05,3707,50.1303186,5032,114,84.0,105646,0.0001,1.1479696035385132
422772,0.05,3708,50.080979670000005,5033,114,84.0,105667,0.0001,0.44959741830825806
422856,0.05,3709,50.97335944,5034,114,84.0,105688,0.0001,1.787914752960205
422940,0.05,3709,51.208104680000005,5035,114,84.0,105709,0.0001,6.653254985809326
423024,0.05,3710,50.8846479,5036,113,84.0,105730,0.0001,0.5084677934646606
423108,0.05,3711,51.45895858000001,5037,113,84.0,105751,0.0001,6.231879234313965
423192,0.05,3712,52.16917123,5038,113,84.0,105772,0.0001,1.5016257762908936
423276,0.05,3713,52.443865530000004,5039,113,84.0,105793,0.0001,2.5501790046691895
423360,0.05,3714,52.29632856999999,5040,113,84.0,105814,0.0001,0.5800641179084778
423444,0.05,3714,52.17728972,5041,113,84.0,105835,0.0001,1.696365475654602
423528,0.05,3715,53.218220519999996,5042,113,84.0,105856,0.0001,1.3051292896270752
423612,0.05,3716,53.970014920000004,5043,113,84.0,105877,0.0001,0.3815103769302368
423696,0.05,3717,54.15803288,5044,113,84.0,105898,0.0001,1.3459621667861938
423780,0.05,3718,54.09244955,5045,113,84.0,105919,0.0001,0.6975648999214172
423864,0.05,3718,54.163598410000006,5046,113,84.0,105940,0.0001,1.3405179977416992
423948,0.05,3719,54.82365730000001,5047,113,84.0,105961,0.0001,4.819526672363281
424032,0.05,3720,55.59180329000001,5048,113,84.0,105982,0.0001,0.7803101539611816
424116,0.05,3721,55.76185178000001,5049,113,84.0,106003,0.0001,1.125991940498352
424200,0.05,3722,55.81258872,5050,113,84.0,106024,0.0001,1.5494065284729004
424284,0.05,3722,56.29643452000001,5051,113,84.0,106045,0.0001,0.9391098022460938
424368,0.05,3723,55.92414266000001,5052,113,84.0,106066,0.0001,6.105958461761475
424452,0.05,3724,56.734647939999995,5053,113,84.0,106087,0.0001,0.9227256774902344
424536,0.05,3725,57.62888321,5054,113,84.0,106108,0.0001,4.837002754211426
424620,0.05,3726,58.22217467999999,5055,113,84.0,106129,0.0001,3.9010415077209473
424704,0.05,3726,57.82366637999999,5056,113,84.0,106150,0.0001,5.174864292144775
424788,0.05,3727,58.93396266999999,5057,113,84.0,106171,0.0001,1.1764477491378784
424872,0.05,3728,58.40102813000001,5058,113,84.0,106192,0.0001,0.9025834798812866
424956,0.05,3729,58.116148980000006,5059,113,84.0,106213,0.0001,0.6459981799125671
425040,0.05,3730,58.83183161000001,5060,113,84.0,106234,0.0001,5.9015703201293945
425124,0.05,3731,58.78330909,5061,113,84.0,106255,0.0001,0.7025461792945862
425208,0.05,3731,58.77726355000001,5062,113,84.0,106276,0.0001,1.707805871963501
425292,0.05,3732,59.29942435000001,5063,113,84.0,106297,0.0001,1.0886516571044922
425376,0.05,3733,59.76282988,5064,113,84.0,106318,0.0001,1.148164987564087
425460,0.05,3734,59.381651819999995,5065,113,84.0,106339,0.0001,11.146543502807617
425544,0.05,3735,59.76928288,5066,113,84.0,106360,0.0001,3.377142906188965
425628,0.05,3736,59.88287577,5067,113,84.0,106381,0.0001,3.741330146789551
425712,0.05,3736,60.58912380000001,5068,113,84.0,106402,0.0001,0.9203729033470154
425796,0.05,3737,61.021205720000005,5069,113,84.0,106423,0.0001,0.7299785614013672
425880,0.05,3738,61.16562908000001,5070,113,84.0,106444,0.0001,1.2339191436767578
425964,0.05,3739,61.058887750000004,5071,113,84.0,106465,0.0001,7.260137557983398
426048,0.05,3740,61.08965174000001,5072,113,84.0,106486,0.0001,2.4845035076141357
426132,0.05,3740,61.04826838000001,5073,113,84.0,106507,0.0001,1.2852586507797241
426216,0.05,3741,61.56409833000001,5074,113,84.0,106528,0.0001,1.0872198343276978
426300,0.05,3742,62.054365200000014,5075,113,84.0,106549,0.0001,0.984555721282959
426384,0.05,3743,61.44541498,5076,113,84.0,106570,0.0001,0.7358086705207825
426468,0.05,3743,60.99770102,5077,113,84.0,106591,0.0001,1.464059591293335
426552,0.05,3744,61.7172341,5078,113,84.0,106612,0.0001,7.359349250793457
426636,0.05,3745,60.86517471000001,5079,113,84.0,106633,0.0001,7.341285228729248
426720,0.05,3746,61.206534090000005,5080,113,84.0,106654,0.0001,0.9798918962478638
426804,0.05,3747,61.07533757000001,5081,113,84.0,106675,0.0001,7.002096652984619
426888,0.05,3748,60.1886243,5082,113,84.0,106696,0.0001,6.196630001068115
426972,0.05,3748,59.95328140000001,5083,113,84.0,106717,0.0001,1.3848551511764526
427056,0.05,3749,60.094878660000006,5084,113,84.0,106738,0.0001,5.658369541168213
427140,0.05,3750,60.78135941000001,5085,113,84.0,106759,0.0001,5.160689353942871
427224,0.05,3751,59.31638420000001,5086,113,84.0,106780,0.0001,1.0971354246139526
427308,0.05,3752,59.30558336000001,5087,113,84.0,106801,0.0001,1.0928071737289429
427392,0.05,3752,60.07990104,5088,113,84.0,106822,0.0001,5.296712875366211
427476,0.05,3753,61.12519389999999,5089,113,84.0,106843,0.0001,0.6261521577835083
427560,0.05,3754,60.174662549999994,5090,113,84.0,106864,0.0001,1.124436855316162
427644,0.05,3755,60.67819629999999,5091,113,84.0,106885,0.0001,1.6090686321258545
427728,0.05,3756,60.36628647,5092,113,84.0,106906,0.0001,0.6856924295425415
427812,0.05,3757,60.128941329999996,5093,113,84.0,106927,0.0001,1.2039945125579834
427896,0.05,3758,59.75724664000001,5094,113,84.0,106948,0.0001,1.3010079860687256
427980,0.05,3759,60.10463577,5095,113,84.0,106969,0.0001,0.9979947209358215
428064,0.05,3759,59.31623984000001,5096,113,84.0,106990,0.0001,1.2951431274414062
428148,0.05,3760,60.138661920000004,5097,113,84.0,107011,0.0001,1.6523592472076416
428232,0.05,3761,60.57922111,5098,113,84.0,107032,0.0001,1.4913520812988281
428316,0.05,3762,60.05579165,5099,113,84.0,107053,0.0001,5.368358135223389
428400,0.05,3763,60.29017444,5100,113,84.0,107074,0.0001,0.5577919483184814
428484,0.05,3764,60.15613746,5101,113,84.0,107095,0.0001,0.9477050304412842
428568,0.05,3764,60.16248043,5102,113,84.0,107116,0.0001,0.7374314069747925
428652,0.05,3765,61.19090138000001,5103,113,84.0,107137,0.0001,0.8526742458343506
428736,0.05,3766,61.89076279000001,5104,113,84.0,107158,0.0001,0.8847384452819824
428820,0.05,3767,61.80719089,5105,113,84.0,107179,0.0001,3.155519485473633
428904,0.05,3767,61.535560540000006,5106,113,84.0,107200,0.0001,0.9662832617759705
428988,0.05,3768,60.80437071,5107,113,84.0,107221,0.0001,1.361973524093628
429072,0.05,3769,60.764909540000005,5108,113,84.0,107242,0.0001,2.131207227706909
429156,0.05,3770,60.28048159,5109,113,84.0,107263,0.0001,0.6441794037818909
429240,0.05,3771,59.611531639999995,5110,113,84.0,107284,0.0001,5.306728363037109
429324,0.05,3771,58.60523585999999,5111,113,84.0,107305,0.0001,1.9513702392578125
429408,0.05,3772,59.06519801999999,5112,113,84.0,107326,0.0001,0.9240583181381226
429492,0.05,3773,59.10759457999998,5113,113,84.0,107347,0.0001,2.130836248397827
429576,0.05,3774,59.350327289999996,5114,113,84.0,107368,0.0001,7.444447994232178
429660,0.05,3775,58.829598849999996,5115,113,84.0,107389,0.0001,7.280747413635254
429744,0.05,3776,58.86120242,5116,113,84.0,107410,0.0001,0.8305196762084961
429828,0.05,3777,59.29464558999999,5117,113,84.0,107431,0.0001,2.2944588661193848
429912,0.05,3777,59.05540200999999,5118,113,84.0,107452,0.0001,1.2635416984558105
429996,0.05,3778,58.76864289999999,5119,113,84.0,107473,0.0001,6.121860504150391
430080,0.05,3779,59.05150270999999,5120,113,84.0,107494,0.0001,0.8170977234840393
430164,0.05,3780,58.52090100999999,5121,113,84.0,107515,0.0001,2.0105035305023193
430248,0.05,3781,59.02022673999999,5122,113,84.0,107536,0.0001,1.3421952724456787
430332,0.05,3781,58.930751419999986,5123,113,84.0,107557,0.0001,7.232032775878906
430416,0.05,3782,58.5029695,5124,113,84.0,107578,0.0001,1.141613483428955
430500,0.05,3783,57.745608559999994,5125,113,84.0,107599,0.0001,0.716206431388855
430584,0.05,3784,57.35434763999999,5126,113,84.0,107620,0.0001,6.442070960998535
430668,0.05,3785,57.784383840000004,5127,113,84.0,107641,0.0001,1.283271312713623
430752,0.05,3786,58.00533604,5128,113,84.0,107662,0.0001,5.953567028045654
430836,0.05,3786,58.44980404999999,5129,113,84.0,107683,0.0001,1.0294084548950195
430920,0.05,3787,58.59780805,5130,113,84.0,107704,0.0001,1.7523221969604492
431004,0.05,3788,58.79229872,5131,113,84.0,107725,0.0001,5.261302471160889
431088,0.05,3789,57.73381807999999,5132,113,84.0,107746,0.0001,0.5371618270874023
431172,0.05,3789,58.07502053,5133,113,84.0,107767,0.0001,0.7435873746871948
431256,0.05,3790,58.93978362,5134,113,84.0,107788,0.0001,0.7503545880317688
431340,0.05,3791,58.92285479,5135,113,84.0,107809,0.0001,0.9022008180618286
431424,0.05,3792,59.69770344,5136,113,84.0,107830,0.0001,1.0250577926635742
431508,0.05,3793,59.30427844,5137,113,84.0,107851,0.0001,10.22961139678955
431592,0.05,3793,58.690407459999996,5138,113,84.0,107872,0.0001,6.4038543701171875
431676,0.05,3794,58.84983362999999,5139,113,84.0,107893,0.0001,0.9710642695426941
431760,0.05,3795,58.72445522,5140,113,84.0,107914,0.0001,4.162954330444336
431844,0.05,3796,59.21765885,5141,113,84.0,107935,0.0001,0.5495059490203857
431928,0.05,3797,58.67302417,5142,113,84.0,107956,0.0001,1.3009295463562012
432012,0.05,3797,59.05291663,5143,113,84.0,107977,0.0001,5.7609333992004395
432096,0.05,3798,58.640794240000005,5144,113,84.0,107998,0.0001,0.8882107734680176
432180,0.05,3799,59.483243460000004,5145,113,84.0,108019,0.0001,4.917270183563232
432264,0.05,3800,59.49226041000001,5146,113,84.0,108040,0.0001,1.3726139068603516
432348,0.05,3801,58.443891619999995,5147,113,84.0,108061,0.0001,7.060688495635986
432432,0.05,3801,58.08706719,5148,113,84.0,108082,0.0001,1.8797069787979126
432516,0.05,3802,58.061325509999996,5149,113,84.0,108103,0.0001,6.426953315734863
432600,0.05,3803,58.07282347,5150,113,84.0,108124,0.0001,7.263665199279785
432684,0.05,3804,58.317546359999994,5151,113,84.0,108145,0.0001,1.5702919960021973
432768,0.05,3805,58.57569254,5152,113,84.0,108166,0.0001,1.8589156866073608
432852,0.05,3806,58.09835133000001,5153,113,84.0,108187,0.0001,6.995351791381836
432936,0.05,3806,57.7563226,5154,113,84.0,108208,0.0001,1.8497958183288574
433020,0.05,3807,57.279863399999996,5155,113,84.0,108229,0.0001,0.5210241079330444
433104,0.05,3808,57.57354462999999,5156,113,84.0,108250,0.0001,0.6461063027381897
433188,0.05,3809,57.448062659999984,5157,113,84.0,108271,0.0001,11.750337600708008
433272,0.05,3810,57.99308316999999,5158,113,84.0,108292,0.0001,0.7203596830368042
433356,0.05,3811,58.10026607999999,5159,113,84.0,108313,0.0001,7.48632287979126
433440,0.05,3811,58.403658820000004,5160,113,84.0,108334,0.0001,0.8592911958694458
433524,0.05,3812,58.675937139999995,5161,113,84.0,108355,0.0001,5.987350940704346
433608,0.05,3813,59.25583477,5162,113,84.0,108376,0.0001,1.0306780338287354
433692,0.05,3814,59.33557324,5163,113,84.0,108397,0.0001,0.7036237716674805
433776,0.05,3815,58.836391989999996,5164,113,84.0,108418,0.0001,0.8161156177520752
433860,0.05,3816,59.34193517999999,5165,113,84.0,108439,0.0001,4.80532693862915
433944,0.05,3816,59.70452699,5166,113,84.0,108460,0.0001,2.3114407062530518
434028,0.05,3817,59.70375427,5167,113,84.0,108481,0.0001,1.1306545734405518
434112,0.05,3818,59.8662881,5168,113,84.0,108502,0.0001,1.1267098188400269
434196,0.05,3819,60.06462531000001,5169,113,84.0,108523,0.0001,6.413294792175293
434280,0.05,3820,59.171983010000005,5170,113,84.0,108544,0.0001,0.6374301910400391
434364,0.05,3820,58.95816941,5171,113,84.0,108565,0.0001,1.4414983987808228
434448,0.05,3821,58.40441719999999,5172,113,84.0,108586,0.0001,2.5821619033813477
434532,0.05,3822,58.94732277999999,5173,113,84.0,108607,0.0001,1.4608420133590698
434616,0.05,3823,59.23505126,5174,113,84.0,108628,0.0001,15.183168411254883
434700,0.05,3823,59.584269459999994,5175,113,84.0,108649,0.0001,0.923358678817749
434784,0.05,3824,59.880257359999995,5176,113,84.0,108670,0.0001,2.014597177505493
434868,0.05,3825,59.86516474,5177,113,84.0,108691,0.0001,0.9757521152496338
434952,0.05,3826,59.87006134,5178,113,84.0,108712,0.0001,1.2528061866760254
435036,0.05,3827,59.87642534,5179,113,84.0,108733,0.0001,1.9201347827911377
435120,0.05,3828,60.24907901,5180,113,84.0,108754,0.0001,0.8529632091522217
435204,0.05,3828,60.63077901,5181,113,84.0,108775,0.0001,0.7838074564933777
435288,0.05,3829,61.04251021,5182,113,84.0,108796,0.0001,1.3213307857513428
435372,0.05,3830,60.784610629999996,5183,113,84.0,108817,0.0001,1.0747261047363281
435456,0.05,3831,60.843398689999994,5184,113,84.0,108838,0.0001,12.387466430664062
435540,0.05,3832,60.02291866,5185,113,84.0,108859,0.0001,7.613767147064209
435624,0.05,3833,61.20103298000001,5186,113,84.0,108880,0.0001,6.183096885681152
435708,0.05,3833,60.84915847,5187,113,84.0,108901,0.0001,1.5240108966827393
435792,0.05,3834,60.664244309999994,5188,113,84.0,108922,0.0001,5.764719486236572
435876,0.05,3835,60.478815379999986,5189,113,84.0,108943,0.0001,6.535020351409912
435960,0.05,3836,60.32538398999999,5190,113,84.0,108964,0.0001,1.5479717254638672
436044,0.05,3836,60.29489800999999,5191,113,84.0,108985,0.0001,0.9295800924301147
436128,0.05,3837,60.04632362999999,5192,113,84.0,109006,0.0001,0.7379605770111084
436212,0.05,3838,60.75332946999998,5193,113,84.0,109027,0.0001,3.8280813694000244
436296,0.05,3839,61.225547399999996,5194,113,84.0,109048,0.0001,0.5054209232330322
436380,0.05,3839,61.11422390999999,5195,113,84.0,109069,0.0001,10.783823013305664
436464,0.05,3840,61.35916717999999,5196,113,84.0,109090,0.0001,0.5252683758735657
436548,0.05,3841,61.06589856999999,5197,113,84.0,109111,0.0001,5.757282733917236
436632,0.05,3842,60.90621794999999,5198,113,84.0,109132,0.0001,0.6362804770469666
436716,0.05,3842,61.13295518999998,5199,113,84.0,109153,0.0001,1.8905506134033203
436800,0.05,3843,61.332841399999985,5200,113,84.0,109174,0.0001,2.298051595687866
436884,0.05,3844,61.96430770999999,5201,113,84.0,109195,0.0001,1.3752436637878418
436968,0.05,3845,61.728474379999994,5202,113,84.0,109216,0.0001,0.9110398292541504
437052,0.05,3846,61.24481487,5203,113,84.0,109237,0.0001,0.7923372983932495
437136,0.05,3846,61.36249647999999,5204,113,84.0,109258,0.0001,0.7298067808151245
437220,0.05,3847,61.20849124999999,5205,113,84.0,109279,0.0001,1.405306100845337
437304,0.05,3848,61.60824676999999,5206,113,84.0,109300,0.0001,1.5718913078308105
437388,0.05,3849,61.004082819999994,5207,113,84.0,109321,0.0001,1.1649751663208008
437472,0.05,3849,60.759851649999995,5208,113,84.0,109342,0.0001,1.6143951416015625
437556,0.05,3850,60.65818395,5209,113,84.0,109363,0.0001,1.1361730098724365
437640,0.05,3851,61.32553912,5210,113,84.0,109384,0.0001,6.1199727058410645
437724,0.05,3852,61.675440259999995,5211,113,84.0,109405,0.0001,6.703174114227295
437808,0.05,3853,61.79476353999999,5212,113,84.0,109426,0.0001,0.9254955053329468
437892,0.05,3853,61.46507453,5213,113,84.0,109447,0.0001,1.2660733461380005
437976,0.05,3854,61.567065170000006,5214,113,84.0,109468,0.0001,1.1722480058670044
438060,0.05,3855,61.73651952,5215,113,84.0,109489,0.0001,4.889432430267334
438144,0.05,3856,61.39889657,5216,113,84.0,109510,0.0001,0.681921660900116
438228,0.05,3857,61.514678190000005,5217,113,84.0,109531,0.0001,6.175590515136719
438312,0.05,3858,61.93209806000001,5218,113,84.0,109552,0.0001,0.7439945936203003
438396,0.05,3858,61.53368088000001,5219,113,84.0,109573,0.0001,0.7802726030349731
438480,0.05,3859,61.58537650000001,5220,113,84.0,109594,0.0001,0.6945253014564514
438564,0.05,3860,61.47269749,5221,113,84.0,109615,0.0001,1.2005878686904907
438648,0.05,3861,61.24812639000001,5222,113,84.0,109636,0.0001,0.6617483496665955
438732,0.05,3861,62.431997300000006,5223,113,84.0,109657,0.0001,1.1842690706253052
438816,0.05,3862,62.86013882,5224,113,84.0,109678,0.0001,12.92997932434082
438900,0.05,3863,63.85542608000001,5225,113,84.0,109699,0.0001,1.330603837966919
438984,0.05,3864,64.63520389,5226,113,84.0,109720,0.0001,5.808506488800049
439068,0.05,3864,64.81374949,5227,113,84.0,109741,0.0001,1.385048508644104
439152,0.05,3865,64.31632472999999,5228,113,84.0,109762,0.0001,0.55745530128479
439236,0.05,3866,64.69408361999999,5229,113,84.0,109783,0.0001,0.9033879041671753
439320,0.05,3867,64.97984491999999,5230,113,84.0,109804,0.0001,2.7003612518310547
439404,0.05,3868,64.62759212,5231,113,84.0,109825,0.0001,0.6063919067382812
439488,0.05,3868,64.89943878,5232,113,84.0,109846,0.0001,8.3626708984375
439572,0.05,3869,65.1128269,5233,113,84.0,109867,0.0001,2.064371109008789
439656,0.05,3870,64.89795588,5234,113,84.0,109888,0.0001,1.1876211166381836
439740,0.05,3871,64.45829347,5235,113,84.0,109909,0.0001,0.8396421670913696
439824,0.05,3871,64.38759671,5236,113,84.0,109930,0.0001,0.9185726046562195
439908,0.05,3872,64.15356457000001,5237,113,84.0,109951,0.0001,8.600825309753418
439992,0.05,3873,63.81633234,5238,113,84.0,109972,0.0001,1.5080453157424927
440076,0.05,3874,64.26561879,5239,113,84.0,109993,0.0001,0.9407286047935486
440160,0.05,3875,64.41132474,5240,113,84.0,110014,0.0001,0.5443856120109558
440244,0.05,3875,64.31339526000001,5241,113,84.0,110035,0.0001,5.405693531036377
440328,0.05,3876,63.693129,5242,113,84.0,110056,0.0001,0.6672117114067078
440412,0.05,3877,63.27775732,5243,113,84.0,110077,0.0001,0.6728249788284302
440496,0.05,3878,63.42909678999999,5244,113,84.0,110098,0.0001,6.4771881103515625
440580,0.05,3878,62.444395639999996,5245,113,84.0,110119,0.0001,0.7436803579330444
440664,0.05,3879,62.79876375,5246,113,84.0,110140,0.0001,7.024928092956543
440748,0.05,3880,63.21691828,5247,113,84.0,110161,0.0001,0.8851364850997925
440832,0.05,3881,63.112632999999995,5248,113,84.0,110182,0.0001,0.6396880745887756
440916,0.05,3882,63.43645621999999,5249,113,84.0,110203,0.0001,6.334060192108154
441000,0.05,3882,63.60163218999999,5250,113,84.0,110224,0.0001,1.0873260498046875
441084,0.05,3883,63.14803502999999,5251,113,84.0,110245,0.0001,5.870006084442139
441168,0.05,3884,63.92129843,5252,113,84.0,110266,0.0001,0.41416287422180176
441252,0.05,3885,64.24946791,5253,113,84.0,110287,0.0001,5.515952110290527
441336,0.05,3886,64.44581873,5254,113,84.0,110308,0.0001,6.840003490447998
441420,0.05,3886,65.00611301,5255,113,84.0,110329,0.0001,7.135900974273682
441504,0.05,3887,65.02004775,5256,113,84.0,110350,0.0001,3.994004487991333
441588,0.05,3888,64.70356981,5257,113,84.0,110371,0.0001,1.956024408340454
441672,0.05,3889,64.71555199000001,5258,113,84.0,110392,0.0001,6.236374855041504
441756,0.05,3890,64.78674135,5259,113,84.0,110413,0.0001,7.232054233551025
441840,0.05,3890,64.66764454000001,5260,113,84.0,110434,0.0001,0.6706422567367554
441924,0.05,3891,64.59692749000001,5261,113,84.0,110455,0.0001,5.808631896972656
442008,0.05,3892,65.41014424000001,5262,113,84.0,110476,0.0001,1.5100511312484741
442092,0.05,3893,65.30343724000001,5263,113,84.0,110497,0.0001,1.5850660800933838
442176,0.05,3893,65.57496452000001,5264,113,84.0,110518,0.0001,5.566195487976074
442260,0.05,3894,65.50307256,5265,113,84.0,110539,0.0001,0.6117626428604126
442344,0.05,3895,65.36414513000001,5266,113,84.0,110560,0.0001,11.18246078491211
442428,0.05,3895,66.3001053,5267,113,84.0,110581,0.0001,1.0487483739852905
442512,0.05,3896,66.45797787000001,5268,113,84.0,110602,0.0001,4.805800437927246
442596,0.05,3897,66.30271353,5269,113,84.0,110623,0.0001,7.550337791442871
442680,0.05,3898,66.90231680000001,5270,113,84.0,110644,0.0001,0.9170647263526917
442764,0.05,3899,67.34708385,5271,113,84.0,110665,0.0001,6.363950729370117
442848,0.05,3899,67.71140816,5272,113,84.0,110686,0.0001,1.6076666116714478
442932,0.05,3900,68.03956222999999,5273,113,84.0,110707,0.0001,0.7660514116287231
443016,0.05,3901,67.82051636999999,5274,113,84.0,110728,0.0001,5.177097320556641
443100,0.05,3902,67.11825651,5275,113,84.0,110749,0.0001,0.776226282119751
443184,0.05,3902,67.61918512,5276,113,84.0,110770,0.0001,1.1761622428894043
443268,0.05,3903,68.46616334000001,5277,113,84.0,110791,0.0001,0.8144345283508301
443352,0.05,3904,68.72705089000002,5278,113,84.0,110812,0.0001,1.011422872543335
443436,0.05,3905,70.20745440000002,5279,113,84.0,110833,0.0001,4.37706184387207
443520,0.05,3905,70.44831625,5280,113,84.0,110854,0.0001,0.9301982522010803
443604,0.05,3906,70.43453398000001,5281,113,84.0,110875,0.0001,1.400389313697815
443688,0.05,3907,71.3945681,5282,113,84.0,110896,0.0001,0.45870012044906616
443772,0.05,3908,71.74985402,5283,113,84.0,110917,0.0001,2.428091526031494
443856,0.05,3908,71.73879491999999,5284,113,84.0,110938,0.0001,0.5149363875389099
443940,0.05,3909,72.0764354,5285,113,84.0,110959,0.0001,7.136714935302734
444024,0.05,3910,72.18346912,5286,113,84.0,110980,0.0001,1.4234644174575806
444108,0.05,3911,72.04308841,5287,113,84.0,111001,0.0001,0.6031902432441711
444192,0.05,3912,72.11628899,5288,113,84.0,111022,0.0001,1.9406161308288574
444276,0.05,3912,72.05842604,5289,113,84.0,111043,0.0001,1.0501585006713867
444360,0.05,3913,72.19864602000001,5290,113,84.0,111064,0.0001,7.464059829711914
444444,0.05,3914,72.06369873,5291,113,84.0,111085,0.0001,1.8288251161575317
444528,0.05,3915,72.42419783999999,5292,113,84.0,111106,0.0001,0.9873053431510925
444612,0.05,3916,71.60294363999999,5293,113,84.0,111127,0.0001,0.7275899648666382
444696,0.05,3916,71.75319714999999,5294,113,84.0,111148,0.0001,0.9509063363075256
444780,0.05,3917,72.26712819,5295,113,84.0,111169,0.0001,0.9129588603973389
444864,0.05,3918,72.50570033999999,5296,113,84.0,111190,0.0001,1.814030647277832
444948,0.05,3919,72.34892124999999,5297,113,84.0,111211,0.0001,0.6891132593154907
445032,0.05,3919,72.59594702,5298,113,84.0,111232,0.0001,4.858451843261719
445116,0.05,3920,72.97897146,5299,113,84.0,111253,0.0001,0.3823804259300232
445200,0.05,3921,73.29274364,5300,113,84.0,111274,0.0001,0.40847131609916687
445284,0.05,3922,73.94691863,5301,113,84.0,111295,0.0001,0.9620100855827332
445368,0.05,3922,74.83980645000001,5302,113,84.0,111316,0.0001,0.5764525532722473
445452,0.05,3923,75.02823131999999,5303,113,84.0,111337,0.0001,0.9942174553871155
445536,0.05,3924,75.04042734,5304,113,84.0,111358,0.0001,1.2636446952819824
445620,0.05,3925,75.39332070999998,5305,113,84.0,111379,0.0001,0.9253341555595398
445704,0.05,3925,75.28672682,5306,113,84.0,111400,0.0001,6.495217800140381
445788,0.05,3926,76.35850039,5307,113,84.0,111421,0.0001,5.4194440841674805
445872,0.05,3927,76.08884809,5308,113,84.0,111442,0.0001,1.4494585990905762
445956,0.05,3928,76.35240147999998,5309,113,84.0,111463,0.0001,1.9102975130081177
446040,0.05,3928,76.32962879,5310,113,84.0,111484,0.0001,12.122451782226562
446124,0.05,3929,77.03649635000001,5311,113,84.0,111505,0.0001,5.480309009552002
446208,0.05,3930,77.07853683,5312,113,84.0,111526,0.0001,8.901932716369629
446292,0.05,3931,77.39487108,5313,113,84.0,111547,0.0001,1.474362850189209
446376,0.05,3932,78.01511806,5314,113,84.0,111568,0.0001,5.566326141357422
446460,0.05,3932,78.11543023,5315,113,84.0,111589,0.0001,0.7879193425178528
446544,0.05,3933,78.31891901,5316,113,84.0,111610,0.0001,1.2315593957901
446628,0.05,3934,78.32288985999999,5317,113,84.0,111631,0.0001,0.9758375883102417
446712,0.05,3935,78.89646005,5318,113,84.0,111652,0.0001,6.318752288818359
446796,0.05,3935,79.91020318,5319,113,84.0,111673,0.0001,0.4352131485939026
446880,0.05,3936,80.20731669,5320,113,84.0,111694,0.0001,6.0870137214660645
446964,0.05,3937,80.92861952,5321,113,84.0,111715,0.0001,6.62769889831543
447048,0.05,3938,82.10462351,5322,113,84.0,111736,0.0001,2.8736519813537598
447132,0.05,3939,81.46922967,5323,113,84.0,111757,0.0001,12.54887866973877
447216,0.05,3939,82.39151041000001,5324,113,84.0,111778,0.0001,0.520382821559906
447300,0.05,3940,82.44451592000001,5325,113,84.0,111799,0.0001,4.543374538421631
447384,0.05,3941,82.69366301999999,5326,113,84.0,111820,0.0001,6.028045654296875
447468,0.05,3942,82.77967378,5327,113,84.0,111841,0.0001,1.0518170595169067
447552,0.05,3942,82.82185224999999,5328,113,84.0,111862,0.0001,0.7829666137695312
447636,0.05,3943,82.93533294000001,5329,113,84.0,111883,0.0001,1.345436930656433
447720,0.05,3944,83.50127271,5330,113,84.0,111904,0.0001,9.525481224060059
447804,0.05,3945,84.57438909000001,5331,113,84.0,111925,0.0001,1.2418739795684814
447888,0.05,3945,84.97466031,5332,113,84.0,111946,0.0001,1.1094114780426025
447972,0.05,3946,84.77025343,5333,113,84.0,111967,0.0001,1.3136701583862305
448056,0.05,3947,84.93271494000001,5334,113,84.0,111988,0.0001,6.888317584991455
448140,0.05,3948,85.68247021,5335,113,84.0,112009,0.0001,6.538124084472656
448224,0.05,3949,85.54528105000003,5336,113,84.0,112030,0.0001,1.7646458148956299
448308,0.05,3950,85.75733992,5337,113,84.0,112051,0.0001,1.483009696006775
448392,0.05,3950,86.73427968000001,5338,113,84.0,112072,0.0001,5.2504730224609375
448476,0.05,3951,85.62383583000002,5339,113,84.0,112093,0.0001,5.968702793121338
448560,0.05,3952,85.13799270999999,5340,113,84.0,112114,0.0001,5.81837797164917
448644,0.05,3953,84.47387111000002,5341,113,84.0,112135,0.0001,1.0002354383468628
448728,0.05,3954,85.21145795000001,5342,113,84.0,112156,0.0001,1.790389060974121
448812,0.05,3955,85.14753834000001,5343,113,84.0,112177,0.0001,0.5078041553497314
448896,0.05,3955,85.51579772000001,5344,113,84.0,112198,0.0001,0.9765102863311768
448980,0.05,3956,86.51292618,5345,113,84.0,112219,0.0001,0.8152860999107361
449064,0.05,3957,86.65345280999998,5346,113,84.0,112240,0.0001,4.4240312576293945
449148,0.05,3958,87.08882586,5347,113,84.0,112261,0.0001,1.452315330505371
449232,0.05,3958,87.59966806,5348,113,84.0,112282,0.0001,1.2696022987365723
449316,0.05,3959,87.58413764000001,5349,113,84.0,112303,0.0001,0.6622529029846191
449400,0.05,3960,86.99186186000001,5350,113,84.0,112324,0.0001,1.841292142868042
449484,0.05,3961,87.23535296000001,5351,113,84.0,112345,0.0001,1.7481342554092407
449568,0.05,3962,86.60229492000002,5352,113,84.0,112366,0.0001,5.299815654754639
449652,0.05,3962,87.15110995,5353,113,84.0,112387,0.0001,0.914694607257843
449736,0.05,3963,87.17456358000001,5354,113,84.0,112408,0.0001,5.415433406829834
449820,0.05,3964,87.50832331000004,5355,113,84.0,112429,0.0001,0.732157826423645
449904,0.05,3965,88.01429608000002,5356,113,84.0,112450,0.0001,0.8963057994842529
449988,0.05,3966,87.96650010000002,5357,113,84.0,112471,0.0001,1.041070580482483
450072,0.05,3967,86.98022099000002,5358,113,84.0,112492,0.0001,8.864253997802734
450156,0.05,3968,86.29501441000001,5359,113,84.0,112513,0.0001,2.0612375736236572
450240,0.05,3968,86.00305644999999,5360,113,84.0,112534,0.0001,0.7459819912910461
450324,0.05,3969,85.16834762999999,5361,113,84.0,112555,0.0001,0.6961151957511902
450408,0.05,3970,84.23898312,5362,113,84.0,112576,0.0001,0.945945680141449
450492,0.05,3971,84.26775644,5363,113,84.0,112597,0.0001,0.8887569904327393
450576,0.05,3972,84.28832938000001,5364,113,84.0,112618,0.0001,0.4169658422470093
450660,0.05,3972,84.28804432999999,5365,113,84.0,112639,0.0001,0.33049139380455017
450744,0.05,3973,83.79629423,5366,113,84.0,112660,0.0001,8.482230186462402
450828,0.05,3974,83.15212211,5367,113,84.0,112681,0.0001,5.474119186401367
450912,0.05,3975,83.06023238,5368,113,84.0,112702,0.0001,1.180230736732483
450996,0.05,3975,83.13361637,5369,113,84.0,112723,0.0001,7.290205001831055
451080,0.05,3976,82.12852722,5370,113,84.0,112744,0.0001,1.0241365432739258
451164,0.05,3977,81.94342197,5371,113,84.0,112765,0.0001,1.969923973083496
451248,0.05,3978,82.2949833,5372,113,84.0,112786,0.0001,6.207857131958008
451332,0.05,3979,81.76944664,5373,113,84.0,112807,0.0001,1.1116770505905151
451416,0.05,3979,82.16127256,5374,113,84.0,112828,0.0001,1.5549635887145996
451500,0.05,3980,82.94847716,5375,113,84.0,112849,0.0001,1.020667314529419
451584,0.05,3981,82.79173358,5376,113,84.0,112870,0.0001,0.8842135071754456
451668,0.05,3982,82.35182573,5377,113,84.0,112891,0.0001,0.5500690937042236
451752,0.05,3983,82.21022783000001,5378,113,84.0,112912,0.0001,1.2828806638717651
451836,0.05,3983,81.20588891,5379,113,84.0,112933,0.0001,0.9412304162979126
451920,0.05,3984,81.454536,5380,113,84.0,112954,0.0001,0.45597484707832336
452004,0.05,3985,81.43526488,5381,113,84.0,112975,0.0001,1.4851922988891602
452088,0.05,3986,80.56178473000001,5382,113,84.0,112996,0.0001,1.0093140602111816
452172,0.05,3987,80.97484633,5383,113,84.0,113017,0.0001,1.146608829498291
452256,0.05,3988,80.87133116,5384,113,84.0,113038,0.0001,6.935781002044678
452340,0.05,3988,81.65731343,5385,113,84.0,113059,0.0001,0.9047874212265015
452424,0.05,3989,81.43452056999999,5386,113,84.0,113080,0.0001,0.7494165897369385
452508,0.05,3990,82.21283263000001,5387,113,84.0,113101,0.0001,0.9336255788803101
452592,0.05,3991,82.4318282,5388,113,84.0,113122,0.0001,0.9950021505355835
452676,0.05,3991,82.76580168999999,5389,113,84.0,113143,0.0001,0.44487059116363525
452760,0.05,3992,83.07806380999999,5390,113,84.0,113164,0.0001,1.4108338356018066
452844,0.05,3993,82.89825949000002,5391,113,84.0,113185,0.0001,1.672802209854126
452928,0.05,3994,83.4369846,5392,113,84.0,113206,0.0001,1.3228709697723389
453012,0.05,3995,83.77798427000002,5393,113,84.0,113227,0.0001,1.6065454483032227
453096,0.05,3995,83.95300502,5394,113,84.0,113248,0.0001,1.6582117080688477
453180,0.05,3996,84.04700657999997,5395,113,84.0,113269,0.0001,7.477140426635742
453264,0.05,3997,84.30487909,5396,113,84.0,113290,0.0001,0.857020378112793
453348,0.05,3998,83.99591056999999,5397,113,84.0,113311,0.0001,1.0802416801452637
453432,0.05,3998,83.85558445000001,5398,113,84.0,113332,0.0001,0.812648355960846
453516,0.05,3999,84.30687210999999,5399,113,84.0,113353,0.0001,1.1558555364608765
453600,0.05,4000,84.49194884999999,5400,113,84.0,113374,0.0001,1.3936468362808228
453684,0.05,4001,83.85678827999999,5401,113,84.0,113395,0.0001,6.124037742614746
453768,0.05,4001,83.63211448,5402,113,84.0,113416,0.0001,0.6236675977706909
453852,0.05,4002,83.98804913,5403,113,84.0,113437,0.0001,0.41925764083862305
453936,0.05,4003,85.00235455,5404,113,84.0,113458,0.0001,6.593192100524902
454020,0.05,4004,85.73945726,5405,113,84.0,113479,0.0001,1.2767374515533447
454104,0.05,4005,86.52559728000001,5406,113,84.0,113500,0.0001,5.557775497436523
454188,0.05,4006,86.3627108,5407,113,84.0,113521,0.0001,6.680349349975586
454272,0.05,4006,87.05302650000002,5408,113,84.0,113542,0.0001,0.8691235184669495
454356,0.05,4007,87.10435537,5409,113,84.0,113563,0.0001,0.9049239754676819
454440,0.05,4008,87.33277504,5410,113,84.0,113584,0.0001,1.331782341003418
454524,0.05,4009,87.2575403,5411,113,84.0,113605,0.0001,0.5824443101882935
454608,0.05,4010,87.03012806999999,5412,113,84.0,113626,0.0001,0.43597859144210815
454692,0.05,4010,87.55410199999999,5413,113,84.0,113647,0.0001,1.6475942134857178
454776,0.05,4011,87.72180107,5414,113,84.0,113668,0.0001,1.9645315408706665
454860,0.05,4012,87.85864982,5415,113,84.0,113689,0.0001,1.2375551462173462
454944,0.05,4013,87.72115628,5416,113,84.0,113710,0.0001,5.996307849884033
455028,0.05,4013,87.50089937999999,5417,113,84.0,113731,0.0001,1.1692677736282349
455112,0.05,4014,86.58272572999998,5418,113,84.0,113752,0.0001,5.556739330291748
455196,0.05,4015,85.50805700000001,5419,113,84.0,113773,0.0001,4.754395008087158
455280,0.05,4016,85.73913727000001,5420,113,84.0,113794,0.0001,0.8446940183639526
455364,0.05,4017,85.77330778000001,5421,113,84.0,113815,0.0001,1.8907101154327393
455448,0.05,4018,85.05856096,5422,113,84.0,113836,0.0001,6.426636695861816
455532,0.05,4018,85.32056333999999,5423,113,84.0,113857,0.0001,17.28841209411621
455616,0.05,4019,84.21080523999998,5424,113,84.0,113878,0.0001,0.4892725348472595
455700,0.05,4020,83.83347518000001,5425,113,84.0,113899,0.0001,0.8371556997299194
455784,0.05,4021,83.64117726999999,5426,113,84.0,113920,0.0001,8.003904342651367
455868,0.05,4021,83.34046821,5427,113,84.0,113941,0.0001,1.0440537929534912
455952,0.05,4022,83.92032297,5428,113,84.0,113962,0.0001,4.957999229431152
456036,0.05,4023,82.98347766,5429,113,84.0,113983,0.0001,6.157083988189697
456120,0.05,4024,82.64670272000001,5430,113,84.0,114004,0.0001,7.36102819442749
456204,0.05,4024,82.19166794,5431,113,84.0,114025,0.0001,1.2970842123031616
456288,0.05,4025,82.31611960999999,5432,113,84.0,114046,0.0001,0.8344003558158875
456372,0.05,4026,82.42123896,5433,113,84.0,114067,0.0001,2.007390022277832
456456,0.05,4027,81.57184106,5434,113,84.0,114088,0.0001,5.631516933441162
456540,0.05,4027,81.22284741,5435,113,84.0,114109,0.0001,0.9597249031066895
456624,0.05,4028,81.79924621999999,5436,113,84.0,114130,0.0001,0.9995311498641968
456708,0.05,4029,82.57404118999999,5437,113,84.0,114151,0.0001,6.407567977905273
456792,0.05,4030,83.35178721,5438,113,84.0,114172,0.0001,0.8242824077606201
456876,0.05,4030,84.66200275,5439,113,84.0,114193,0.0001,8.152322769165039
456960,0.05,4031,85.58592465,5440,113,84.0,114214,0.0001,0.7373436689376831
457044,0.05,4032,86.10118560999999,5441,113,84.0,114235,0.0001,1.2920708656311035
457128,0.05,4033,86.41312053,5442,113,84.0,114256,0.0001,11.96780014038086
457212,0.05,4034,86.27224687000002,5443,113,84.0,114277,0.0001,1.997269868850708
457296,0.05,4034,86.02559898,5444,113,84.0,114298,0.0001,0.9675792455673218
457380,0.05,4035,86.90501478999998,5445,113,84.0,114319,0.0001,1.153731346130371
457464,0.05,4036,86.52078318999996,5446,113,84.0,114340,0.0001,1.337598443031311
457548,0.05,4037,87.10701289999999,5447,113,84.0,114361,0.0001,13.24450397491455
457632,0.05,4037,86.72498473,5448,113,84.0,114382,0.0001,0.5027329921722412
457716,0.05,4038,86.42314199999998,5449,113,84.0,114403,0.0001,1.454421043395996
457800,0.05,4039,87.60651869999998,5450,113,84.0,114424,0.0001,11.988037109375
457884,0.05,4040,86.86554196999998,5451,113,84.0,114445,0.0001,11.092620849609375
457968,0.05,4041,87.42165066,5452,113,84.0,114466,0.0001,2.2192745208740234
458052,0.05,4041,87.09837249,5453,113,84.0,114487,0.0001,6.127885341644287
458136,0.05,4042,87.65759893,5454,113,84.0,114508,0.0001,1.8825922012329102
458220,0.05,4043,87.58982175000001,5455,113,84.0,114529,0.0001,1.4122098684310913
458304,0.05,4044,87.45062139999999,5456,113,84.0,114550,0.0001,0.686197817325592
458388,0.05,4045,88.21842027000001,5457,113,84.0,114571,0.0001,7.258164882659912
458472,0.05,4045,89.21787794,5458,113,84.0,114592,0.0001,2.4026966094970703
458556,0.05,4046,90.46921119000001,5459,113,84.0,114613,0.0001,1.1813199520111084
458640,0.05,4047,90.60666708000001,5460,113,84.0,114634,0.0001,0.7878183126449585
458724,0.05,4048,91.41165167999999,5461,113,84.0,114655,0.0001,1.6929609775543213
458808,0.05,4049,91.94153302999999,5462,113,84.0,114676,0.0001,1.015993356704712
458892,0.05,4049,92.20766821,5463,113,84.0,114697,0.0001,0.5467038154602051
458976,0.05,4050,92.00048895000002,5464,113,84.0,114718,0.0001,0.6470025181770325
459060,0.05,4051,91.68508459,5465,113,84.0,114739,0.0001,6.064079761505127
459144,0.05,4052,92.63801473,5466,113,84.0,114760,0.0001,0.8270249366760254
459228,0.05,4052,93.33010533000001,5467,113,84.0,114781,0.0001,0.5961338877677917
459312,0.05,4053,93.37908906999999,5468,113,84.0,114802,0.0001,2.0507891178131104
459396,0.05,4054,93.69699706,5469,113,84.0,114823,0.0001,0.9496950507164001
459480,0.05,4055,94.38960890999999,5470,113,84.0,114844,0.0001,6.578068733215332
459564,0.05,4055,94.16540948,5471,113,84.0,114865,0.0001,6.340582847595215
459648,0.05,4056,93.81618827999999,5472,113,84.0,114886,0.0001,0.8709526062011719
459732,0.05,4057,93.34226213,5473,113,84.0,114907,0.0001,1.185049295425415
459816,0.05,4058,93.11226086999999,5474,113,84.0,114928,0.0001,0.9368131756782532
459900,0.05,4059,92.89615712000001,5475,113,84.0,114949,0.0001,0.6330183148384094
459984,0.05,4059,93.27563254,5476,113,84.0,114970,0.0001,0.7858676910400391
460068,0.05,4060,93.10092089,5477,113,84.0,114991,0.0001,1.946810007095337
460152,0.05,4061,93.38278935999999,5478,113,84.0,115012,0.0001,0.8843128681182861
460236,0.05,4062,93.44517712000001,5479,113,84.0,115033,0.0001,0.6998088359832764
460320,0.05,4063,93.25566140000001,5480,113,84.0,115054,0.0001,0.730661153793335
460404,0.05,4063,93.57795011000002,5481,113,84.0,115075,0.0001,0.675626277923584
460488,0.05,4064,94.80534413000001,5482,113,84.0,115096,0.0001,0.6538528203964233
460572,0.05,4065,94.43156227000003,5483,113,84.0,115117,0.0001,1.0746452808380127
460656,0.05,4066,94.78431046000001,5484,113,84.0,115138,0.0001,1.8056089878082275
460740,0.05,4067,94.76551331000002,5485,113,84.0,115159,0.0001,5.250504493713379
460824,0.05,4067,94.91240207000001,5486,113,84.0,115180,0.0001,2.0104150772094727
460908,0.05,4068,95.15696407000001,5487,113,84.0,115201,0.0001,5.939459800720215
460992,0.05,4069,95.48193482,5488,113,84.0,115222,0.0001,0.8821948766708374
461076,0.05,4070,95.43812883000001,5489,113,84.0,115243,0.0001,1.5953608751296997
461160,0.05,4071,95.86398446,5490,113,84.0,115264,0.0001,0.722659707069397
461244,0.05,4071,96.32403088999999,5491,113,84.0,115285,0.0001,6.858582973480225
461328,0.05,4072,96.46549643000002,5492,113,84.0,115306,0.0001,1.085522174835205
461412,0.05,4073,96.59401159999999,5493,113,84.0,115327,0.0001,9.636595726013184
461496,0.05,4074,96.53945030999999,5494,113,84.0,115348,0.0001,4.869609832763672
461580,0.05,4074,96.11830510999998,5495,113,84.0,115369,0.0001,1.9573208093643188
461664,0.05,4075,95.48813269,5496,113,84.0,115390,0.0001,1.4800512790679932
461748,0.05,4076,95.65142005,5497,113,84.0,115411,0.0001,8.035870552062988
461832,0.05,4077,95.81015256999999,5498,113,84.0,115432,0.0001,10.242177963256836
461916,0.05,4078,95.89667045999998,5499,113,84.0,115453,0.0001,1.116462230682373
462000,0.05,4078,95.54326826999998,5500,113,84.0,115474,0.0001,6.174142837524414
462084,0.05,4079,95.87828256,5501,113,84.0,115495,0.0001,6.329848289489746
462168,0.05,4080,95.23129158000002,5502,113,84.0,115516,0.0001,1.491614580154419
462252,0.05,4081,95.19060300000002,5503,113,84.0,115537,0.0001,1.677398920059204
462336,0.05,4082,94.23348741000001,5504,113,84.0,115558,0.0001,0.7458929419517517
462420,0.05,4083,93.61216813000001,5505,113,84.0,115579,0.0001,1.0663349628448486
462504,0.05,4083,93.18758633000002,5506,113,84.0,115600,0.0001,1.5516877174377441
462588,0.05,4084,93.00648295,5507,113,84.0,115621,0.0001,1.573517084121704
462672,0.05,4085,92.60034282000001,5508,113,84.0,115642,0.0001,2.161363363265991
462756,0.05,4086,92.73806621000001,5509,113,84.0,115663,0.0001,1.5300517082214355
462840,0.05,4087,92.46545320000003,5510,113,84.0,115684,0.0001,1.2995649576187134
462924,0.05,4087,92.97247998,5511,113,84.0,115705,0.0001,6.183084964752197
463008,0.05,4088,93.11943317000001,5512,113,84.0,115726,0.0001,1.1423239707946777
463092,0.05,4089,93.53433889,5513,113,84.0,115747,0.0001,1.5724749565124512
463176,0.05,4090,92.32800373000002,5514,113,84.0,115768,0.0001,0.8596041202545166
463260,0.05,4090,92.43430481000003,5515,113,84.0,115789,0.0001,0.9147307872772217
463344,0.05,4091,92.79121590000003,5516,113,84.0,115810,0.0001,1.075844168663025
463428,0.05,4092,93.37088427000002,5517,113,84.0,115831,0.0001,0.745351254940033
463512,0.05,4093,94.34962368000002,5518,113,84.0,115852,0.0001,11.210272789001465
463596,0.05,4093,95.33907440000003,5519,113,84.0,115873,0.0001,0.671900749206543
463680,0.05,4094,95.3663464,5520,113,84.0,115894,0.0001,1.2144354581832886
463764,0.05,4095,94.95654430000002,5521,113,84.0,115915,0.0001,1.0413494110107422
463848,0.05,4096,95.24824731000001,5522,113,84.0,115936,0.0001,12.990821838378906
463932,0.05,4097,95.37494385000002,5523,113,84.0,115957,0.0001,6.777860641479492
464016,0.05,4097,95.14948668999999,5524,113,84.0,115978,0.0001,1.0928728580474854
464100,0.05,4098,95.29707899,5525,113,84.0,115999,0.0001,5.624485015869141
464184,0.05,4099,96.02685482000001,5526,113,84.0,116020,0.0001,7.625373840332031
464268,0.05,4100,95.72258885,5527,113,84.0,116041,0.0001,3.1224234104156494
464352,0.05,4101,95.56952272000001,5528,113,84.0,116062,0.0001,0.5987588167190552
464436,0.05,4101,96.40061307,5529,113,84.0,116083,0.0001,1.4585996866226196
464520,0.05,4102,96.95104365000002,5530,113,84.0,116104,0.0001,6.594575881958008
464604,0.05,4103,97.09650867,5531,113,84.0,116125,0.0001,1.0649418830871582
464688,0.05,4104,96.86810147999999,5532,113,84.0,116146,0.0001,1.1596875190734863
464772,0.05,4105,97.12717738,5533,113,84.0,116167,0.0001,1.8611154556274414
464856,0.05,4106,98.01197717000001,5534,113,84.0,116188,0.0001,0.8191210031509399
464940,0.05,4106,98.37429548000001,5535,113,84.0,116209,0.0001,5.920865058898926
465024,0.05,4107,98.39337914000002,5536,113,84.0,116230,0.0001,7.003332138061523
465108,0.05,4108,97.76593946000001,5537,113,84.0,116251,0.0001,7.932783126831055
465192,0.05,4109,97.19368200000001,5538,113,84.0,116272,0.0001,0.7332262396812439
465276,0.05,4110,97.64297662000001,5539,113,84.0,116293,0.0001,0.5006226301193237
465360,0.05,4111,97.4095324,5540,113,84.0,116314,0.0001,1.2152049541473389
465444,0.05,4112,97.81931270999998,5541,113,84.0,116335,0.0001,0.7020843029022217
465528,0.05,4112,97.57883552,5542,113,84.0,116356,0.0001,5.779963970184326
465612,0.05,4113,97.59774071,5543,113,84.0,116377,0.0001,3.3899195194244385
465696,0.05,4114,97.28384059999999,5544,113,84.0,116398,0.0001,0.9791582226753235
465780,0.05,4115,96.15036972000001,5545,113,84.0,116419,0.0001,0.8818052411079407
465864,0.05,4116,96.35635180999999,5546,113,84.0,116440,0.0001,7.030962944030762
465948,0.05,4116,95.76049219999999,5547,113,84.0,116461,0.0001,6.246098041534424
466032,0.05,4117,96.26799427,5548,113,84.0,116482,0.0001,0.7653703689575195
466116,0.05,4118,96.15431582,5549,113,84.0,116503,0.0001,0.9288741946220398
466200,0.05,4119,96.26969371999999,5550,113,84.0,116524,0.0001,8.085623741149902
466284,0.05,4120,96.4555096,5551,113,84.0,116545,0.0001,1.1590269804000854
466368,0.05,4120,96.03089751000002,5552,113,84.0,116566,0.0001,12.593271255493164
466452,0.05,4121,95.73915057,5553,113,84.0,116587,0.0001,2.1633403301239014
466536,0.05,4122,95.20418951000002,5554,113,84.0,116608,0.0001,4.897083282470703
466620,0.05,4123,95.40757253,5555,113,84.0,116629,0.0001,0.9162315130233765
466704,0.05,4123,95.52815182,5556,113,84.0,116650,0.0001,1.229550838470459
466788,0.05,4124,95.53159135,5557,113,84.0,116671,0.0001,8.382213592529297
466872,0.05,4125,95.77819034,5558,113,84.0,116692,0.0001,0.6582746505737305
466956,0.05,4126,95.08212490999999,5559,113,84.0,116713,0.0001,4.068619251251221
467040,0.05,4127,95.75924777999998,5560,113,84.0,116734,0.0001,0.6417684555053711
467124,0.05,4127,95.90034188,5561,113,84.0,116755,0.0001,1.0578148365020752
467208,0.05,4128,95.58758939,5562,113,84.0,116776,0.0001,0.7054358720779419
467292,0.05,4129,95.55734807,5563,113,84.0,116797,0.0001,1.1815533638000488
467376,0.05,4130,96.63785393,5564,113,84.0,116818,0.0001,0.7900767922401428
467460,0.05,4131,97.15241716,5565,113,84.0,116839,0.0001,0.8806997537612915
467544,0.05,4131,96.43424162,5566,113,84.0,116860,0.0001,0.524233341217041
467628,0.05,4132,96.63777155,5567,113,84.0,116881,0.0001,0.9931619167327881
467712,0.05,4133,96.84760278,5568,113,84.0,116902,0.0001,0.801904559135437
467796,0.05,4134,96.83650255999999,5569,113,84.0,116923,0.0001,0.9481242895126343
467880,0.05,4134,97.09343232999998,5570,113,84.0,116944,0.0001,1.1351275444030762
467964,0.05,4135,97.29543412999999,5571,113,84.0,116965,0.0001,0.4663689136505127
468048,0.05,4136,97.62689687999999,5572,113,84.0,116986,0.0001,1.9681670665740967
468132,0.05,4137,98.59437217,5573,113,84.0,117007,0.0001,1.761114478111267
468216,0.05,4138,98.11847110000001,5574,113,84.0,117028,0.0001,0.6693118810653687
468300,0.05,4139,97.89529627999998,5575,113,84.0,117049,0.0001,1.122863531112671
468384,0.05,4139,97.07883962,5576,113,84.0,117070,0.0001,2.2201309204101562
468468,0.05,4140,97.21439600999999,5577,113,84.0,117091,0.0001,0.7931784391403198
468552,0.05,4141,96.91028664999997,5578,113,84.0,117112,0.0001,5.366262912750244
468636,0.05,4142,97.49453313999999,5579,113,84.0,117133,0.0001,1.2178983688354492
468720,0.05,4143,97.36257400999997,5580,113,84.0,117154,0.0001,1.366531491279602
468804,0.05,4144,96.56573633999999,5581,113,84.0,117175,0.0001,0.5548443794250488
468888,0.05,4144,95.97231446999999,5582,113,84.0,117196,0.0001,11.338685989379883
468972,0.05,4145,95.33572131,5583,113,84.0,117217,0.0001,1.4131735563278198
469056,0.05,4146,95.43745121,5584,113,84.0,117238,0.0001,6.051924228668213
469140,0.05,4147,95.02391885000002,5585,113,84.0,117259,0.0001,5.805263519287109
469224,0.05,4147,94.89005399000001,5586,113,84.0,117280,0.0001,1.498478651046753
469308,0.05,4148,94.71709781000001,5587,113,84.0,117301,0.0001,1.153247594833374
469392,0.05,4149,93.84380814000002,5588,113,84.0,117322,0.0001,6.0763702392578125
469476,0.05,4150,93.50861941000001,5589,113,84.0,117343,0.0001,4.619035720825195
469560,0.05,4151,93.33328348,5590,113,84.0,117364,0.0001,13.96434211730957
469644,0.05,4152,93.39020665,5591,113,84.0,117385,0.0001,0.9961827397346497
469728,0.05,4152,93.22801996,5592,113,84.0,117406,0.0001,0.7357213497161865
469812,0.05,4153,93.10845789000001,5593,113,84.0,117427,0.0001,1.4964699745178223
469896,0.05,4154,93.25014867,5594,113,84.0,117448,0.0001,0.7986935377120972
469980,0.05,4155,93.32414705,5595,113,84.0,117469,0.0001,7.528149604797363
470064,0.05,4155,93.66133926999998,5596,113,84.0,117490,0.0001,1.3364710807800293
470148,0.05,4156,93.83786798999999,5597,113,84.0,117511,0.0001,0.7898315787315369
470232,0.05,4157,94.35858293999998,5598,113,84.0,117532,0.0001,1.1842293739318848
470316,0.05,4158,93.61278399000001,5599,113,84.0,117553,0.0001,2.041149616241455
470400,0.05,4159,94.07457196999998,5600,113,84.0,117574,0.0001,1.4020147323608398
470484,0.05,4159,93.78773258999999,5601,113,84.0,117595,0.0001,4.658113956451416
470568,0.05,4160,94.39249137,5602,113,84.0,117616,0.0001,5.696953296661377
470652,0.05,4161,94.10351442,5603,113,84.0,117637,0.0001,0.5741589069366455
470736,0.05,4162,94.53715226999999,5604,113,84.0,117658,0.0001,0.9294588565826416
470820,0.05,4162,94.42819399,5605,113,84.0,117679,0.0001,1.4549516439437866
470904,0.05,4163,94.99017117,5606,113,84.0,117700,0.0001,6.825634002685547
470988,0.05,4164,96.57494536,5607,113,84.0,117721,0.0001,0.9666593074798584
471072,0.05,4165,97.182551,5608,113,84.0,117742,0.0001,0.6067655682563782
471156,0.05,4165,96.97157138000003,5609,113,84.0,117763,0.0001,1.5713605880737305
471240,0.05,4166,97.52732057000001,5610,113,84.0,117784,0.0001,0.5472773313522339
471324,0.05,4167,96.95626166000002,5611,113,84.0,117805,0.0001,1.9251461029052734
471408,0.05,4168,96.61936506000002,5612,113,84.0,117826,0.0001,1.5389821529388428
471492,0.05,4169,95.68266090000002,5613,113,84.0,117847,0.0001,1.1973681449890137
471576,0.05,4169,96.51061279000001,5614,113,84.0,117868,0.0001,0.49184271693229675
471660,0.05,4170,96.42428208,5615,113,84.0,117889,0.0001,11.100116729736328
471744,0.05,4171,96.88135055,5616,113,84.0,117910,0.0001,5.531525135040283
471828,0.05,4172,97.10654650999999,5617,113,84.0,117931,0.0001,0.7539464235305786
471912,0.05,4173,96.70381241000001,5618,113,84.0,117952,0.0001,6.004359245300293
471996,0.05,4174,97.04435534,5619,113,84.0,117973,0.0001,8.973978042602539
472080,0.05,4174,97.90215205000003,5620,113,84.0,117994,0.0001,1.00384521484375
472164,0.05,4175,98.14977896999999,5621,113,84.0,118015,0.0001,5.955349445343018
472248,0.05,4176,98.19349713,5622,113,84.0,118036,0.0001,5.591037273406982
472332,0.05,4177,97.76337777999998,5623,113,84.0,118057,0.0001,6.305307388305664
472416,0.05,4178,98.65486236999999,5624,113,84.0,118078,0.0001,1.5469266176223755
472500,0.05,4178,98.65432582999998,5625,113,84.0,118099,0.0001,0.8787904977798462
472584,0.05,4179,98.81668628,5626,113,84.0,118120,0.0001,0.9711742401123047
472668,0.05,4180,99.22808536999999,5627,113,84.0,118141,0.0001,5.042354583740234
472752,0.05,4181,99.36976313000001,5628,113,84.0,118162,0.0001,1.1379295587539673
472836,0.05,4182,99.50539991000001,5629,113,84.0,118183,0.0001,14.487116813659668
472920,0.05,4182,98.52943844,5630,113,84.0,118204,0.0001,1.1004277467727661
473004,0.05,4183,98.82135416000001,5631,113,84.0,118225,0.0001,2.0340309143066406
473088,0.05,4184,98.94113791000001,5632,113,84.0,118246,0.0001,5.769991397857666
473172,0.05,4185,98.96487522000002,5633,113,84.0,118267,0.0001,1.8366807699203491
473256,0.05,4185,98.46461623,5634,113,84.0,118288,0.0001,0.7834160327911377
473340,0.05,4186,98.53057785000001,5635,113,84.0,118309,0.0001,6.776421070098877
473424,0.05,4187,98.43765008999999,5636,113,84.0,118330,0.0001,0.5717360973358154
473508,0.05,4188,98.43636004999999,5637,113,84.0,118351,0.0001,3.3377885818481445
473592,0.05,4188,98.56894518999998,5638,113,84.0,118372,0.0001,0.5132744908332825
473676,0.05,4189,97.42305185999997,5639,113,84.0,118393,0.0001,1.8297746181488037
473760,0.05,4190,98.35468797,5640,113,84.0,118414,0.0001,8.169391632080078
473844,0.05,4191,98.78708549999998,5641,113,84.0,118435,0.0001,0.6616540551185608
473928,0.05,4191,98.87668467000002,5642,113,84.0,118456,0.0001,0.6675630807876587
474012,0.05,4192,99.56733247999999,5643,113,84.0,118477,0.0001,7.152853012084961
474096,0.05,4193,100.44250661,5644,113,84.0,118498,0.0001,0.584815502166748
474180,0.05,4194,100.82611595999998,5645,113,84.0,118519,0.0001,1.1561102867126465
474264,0.05,4195,101.01462097,5646,113,84.0,118540,0.0001,0.989380955696106
474348,0.05,4195,101.23539663,5647,113,84.0,118561,0.0001,0.6465839147567749
474432,0.05,4196,101.60110394000002,5648,113,84.0,118582,0.0001,1.2467567920684814
474516,0.05,4197,102.17505652,5649,113,84.0,118603,0.0001,5.613134384155273
474600,0.05,4198,101.85722969,5650,113,84.0,118624,0.0001,1.0800518989562988
474684,0.05,4199,102.22049131,5651,113,84.0,118645,0.0001,1.407233476638794
474768,0.05,4199,102.64268973000001,5652,113,84.0,118666,0.0001,0.8555597066879272
474852,0.05,4200,103.32274093,5653,113,84.0,118687,0.0001,6.6531500816345215
474936,0.05,4201,104.63568809999998,5654,113,84.0,118708,0.0001,0.8997380137443542
475020,0.05,4202,104.84390617999999,5655,113,84.0,118729,0.0001,0.9147555232048035
475104,0.05,4203,104.92025206999999,5656,113,84.0,118750,0.0001,15.51197624206543
475188,0.05,4204,103.95944634999998,5657,113,84.0,118771,0.0001,0.953670859336853
475272,0.05,4204,104.16849193999998,5658,113,84.0,118792,0.0001,0.7428648471832275
475356,0.05,4205,104.46550445000001,5659,113,84.0,118813,0.0001,4.7491350173950195
475440,0.05,4206,104.14191441999999,5660,113,84.0,118834,0.0001,5.99943733215332
475524,0.05,4207,103.9797126,5661,113,84.0,118855,0.0001,1.038927674293518
475608,0.05,4207,103.78865622,5662,113,84.0,118876,0.0001,4.727946758270264
475692,0.05,4208,104.26393892,5663,113,84.0,118897,0.0001,0.7260627150535583
475776,0.05,4209,104.436632,5664,113,84.0,118918,0.0001,6.047525882720947
475860,0.05,4210,103.75423199000001,5665,113,84.0,118939,0.0001,7.7997589111328125
475944,0.05,4210,103.94250198000002,5666,113,84.0,118960,0.0001,0.7385549545288086
476028,0.05,4211,103.46353401000002,5667,113,84.0,118981,0.0001,1.4400076866149902
476112,0.05,4212,103.50078684000002,5668,113,84.0,119002,0.0001,0.7937884330749512
476196,0.05,4213,103.64885823,5669,113,84.0,119023,0.0001,7.547582626342773
476280,0.05,4214,103.41097388,5670,113,84.0,119044,0.0001,3.371741771697998
476364,0.05,4214,103.00494809,5671,113,84.0,119065,0.0001,6.655555248260498
476448,0.05,4215,102.70367583000001,5672,113,84.0,119086,0.0001,1.2081915140151978
476532,0.05,4216,102.34529579,5673,113,84.0,119107,0.0001,5.47988224029541
476616,0.05,4217,102.84987977,5674,113,84.0,119128,0.0001,0.8486483097076416
476700,0.05,4217,103.30256451,5675,113,84.0,119149,0.0001,1.7836614847183228
476784,0.05,4218,104.20110738000001,5676,113,84.0,119170,0.0001,6.494990825653076
476868,0.05,4219,104.4015176,5677,113,84.0,119191,0.0001,7.868422508239746
476952,0.05,4220,104.16003073000002,5678,113,84.0,119212,0.0001,0.7246086001396179
477036,0.05,4221,103.32709540000002,5679,113,84.0,119233,0.0001,0.8730636835098267
477120,0.05,4221,103.46076301000001,5680,113,84.0,119254,0.0001,0.917492687702179
477204,0.05,4222,104.51127986,5681,113,84.0,119275,0.0001,1.6357131004333496
477288,0.05,4223,103.4496177,5682,113,84.0,119296,0.0001,2.5205326080322266
477372,0.05,4224,104.60275129,5683,113,84.0,119317,0.0001,0.7913780212402344
477456,0.05,4224,104.65369421999999,5684,113,84.0,119338,0.0001,1.0553799867630005
477540,0.05,4225,105.13413222999999,5685,113,84.0,119359,0.0001,13.91051197052002
477624,0.05,4226,105.44870020999998,5686,113,84.0,119380,0.0001,11.17205810546875
477708,0.05,4227,105.74752383,5687,113,84.0,119401,0.0001,1.5650361776351929
477792,0.05,4227,106.36442589000002,5688,113,84.0,119422,0.0001,1.133632779121399
477876,0.05,4228,107.16618791000002,5689,113,84.0,119443,0.0001,1.2465392351150513
477960,0.05,4229,107.41977456000002,5690,113,84.0,119464,0.0001,1.1486916542053223
478044,0.05,4230,107.83214763000002,5691,113,84.0,119485,0.0001,0.9953932762145996
478128,0.05,4231,107.97018679000001,5692,113,84.0,119506,0.0001,0.7698413133621216
478212,0.05,4231,108.51468845999997,5693,113,84.0,119527,0.0001,6.692821979522705
478296,0.05,4232,108.31889661000001,5694,113,84.0,119548,0.0001,5.048516273498535
478380,0.05,4233,108.72594220999997,5695,113,84.0,119569,0.0001,0.6645655632019043
478464,0.05,4234,109.11760358999999,5696,113,84.0,119590,0.0001,0.8110760450363159
478548,0.05,4234,109.07861671999999,5697,112,84.0,119611,0.0001,1.332247018814087
478632,0.05,4235,108.57440278000001,5698,112,84.0,119632,0.0001,0.49167147278785706
478716,0.05,4236,109.02114819,5699,113,84.0,119653,0.0001,5.965960502624512
478800,0.05,4237,109.03613209000001,5700,112,84.0,119674,0.0001,11.547118186950684
478884,0.05,4238,108.76862704000001,5701,112,84.0,119695,0.0001,6.243532180786133
478968,0.05,4239,108.87811834,5702,112,84.0,119716,0.0001,0.549950897693634
479052,0.05,4240,109.00348353,5703,112,84.0,119737,0.0001,0.6005599498748779
479136,0.05,4241,108.82624955000001,5704,112,84.0,119758,0.0001,0.8721314668655396
479220,0.05,4241,109.33229029,5705,112,84.0,119779,0.0001,1.1514997482299805
479304,0.05,4242,109.20672036000002,5706,112,84.0,119800,0.0001,4.858074188232422
479388,0.05,4243,107.45578606000001,5707,112,84.0,119821,0.0001,5.0244364738464355
479472,0.05,4244,107.28769702000001,5708,112,84.0,119842,0.0001,0.8831167221069336
479556,0.05,4245,107.86700177,5709,112,84.0,119863,0.0001,0.5354673862457275
479640,0.05,4246,107.61025985999999,5710,112,84.0,119884,0.0001,4.5796098709106445
479724,0.05,4246,107.90813485999998,5711,112,84.0,119905,0.0001,6.864379405975342
479808,0.05,4247,108.60643215999997,5712,112,84.0,119926,0.0001,0.7721111178398132
479892,0.05,4248,108.92507520999997,5713,112,84.0,119947,0.0001,6.070629119873047
479976,0.05,4249,109.19757283999999,5714,112,84.0,119968,0.0001,7.382058143615723
480060,0.05,4250,109.28547363999998,5715,112,84.0,119989,0.0001,6.379007339477539
480144,0.05,4251,109.08412205,5716,112,84.0,120010,0.0001,1.3836590051651
480228,0.05,4251,108.72020321,5717,112,84.0,120031,0.0001,1.306041955947876
480312,0.05,4252,108.82535503,5718,112,84.0,120052,0.0001,0.9119153618812561
480396,0.05,4253,108.62827397999999,5719,112,84.0,120073,0.0001,6.484813213348389
480480,0.05,4254,107.84969863999999,5720,112,84.0,120094,0.0001,1.390505075454712
480564,0.05,4255,107.78275546999997,5721,112,84.0,120115,0.0001,6.804486274719238
480648,0.05,4256,108.56168362999999,5722,112,84.0,120136,0.0001,0.6880326271057129
480732,0.05,4257,109.42645171999999,5723,112,84.0,120157,0.0001,0.9970580339431763
480816,0.05,4257,109.51775882,5724,112,84.0,120178,0.0001,5.131639003753662
480900,0.05,4258,109.03874548,5725,112,84.0,120199,0.0001,0.8824803233146667
480984,0.05,4259,108.08364549000002,5726,112,84.0,120220,0.0001,1.1587085723876953
481068,0.05,4260,108.33914654,5727,112,84.0,120241,0.0001,6.498831748962402
481152,0.05,4261,108.69081952,5728,112,84.0,120262,0.0001,5.972234725952148
481236,0.05,4261,108.5486113,5729,112,84.0,120283,0.0001,1.1727474927902222
481320,0.05,4262,108.87312653000001,5730,112,84.0,120304,0.0001,0.818517804145813
481404,0.05,4263,108.8707317,5731,112,84.0,120325,0.0001,0.8274118900299072
481488,0.05,4264,109.21085025000001,5732,112,84.0,120346,0.0001,1.626415491104126
481572,0.05,4264,109.12717242000001,5733,112,84.0,120367,0.0001,0.48637041449546814
481656,0.05,4265,109.30897671000001,5734,112,84.0,120388,0.0001,7.1498188972473145
481740,0.05,4266,109.11562846000001,5735,112,84.0,120409,0.0001,0.8052846193313599
481824,0.05,4267,109.40749057,5736,112,84.0,120430,0.0001,0.8072574138641357
481908,0.05,4268,110.05379375999999,5737,112,84.0,120451,0.0001,1.5146132707595825
481992,0.05,4269,110.29212068999999,5738,112,84.0,120472,0.0001,6.660856246948242
482076,0.05,4269,110.85743042999998,5739,112,84.0,120493,0.0001,1.0468425750732422
482160,0.05,4270,111.00874349,5740,112,84.0,120514,0.0001,0.7458628416061401
482244,0.05,4271,111.50720482999999,5741,112,84.0,120535,0.0001,6.049027442932129
482328,0.05,4272,111.83724763999999,5742,112,84.0,120556,0.0001,0.48728078603744507
482412,0.05,4272,112.18535232999999,5743,112,84.0,120577,0.0001,0.9542538523674011
482496,0.05,4273,112.61033824999998,5744,112,84.0,120598,0.0001,0.6845362186431885
482580,0.05,4274,112.69943686999999,5745,112,84.0,120619,0.0001,6.288808822631836
482664,0.05,4275,113.86053613999997,5746,112,84.0,120640,0.0001,0.8163715600967407
482748,0.05,4276,115.05110303999999,5747,112,84.0,120661,0.0001,7.455563068389893
482832,0.05,4276,114.65190273,5748,112,84.0,120682,0.0001,1.4554227590560913
482916,0.05,4277,115.08466192000002,5749,112,84.0,120703,0.0001,0.9924355745315552
483000,0.05,4278,115.57590051000003,5750,112,84.0,120724,0.0001,1.124099850654602
483084,0.05,4279,116.31324963000002,5751,112,84.0,120745,0.0001,0.9874587059020996
483168,0.05,4279,116.38716765000001,5752,112,84.0,120766,0.0001,0.6804375052452087
483252,0.05,4280,116.72255295,5753,112,84.0,120787,0.0001,0.5749046802520752
483336,0.05,4281,115.88235073,5754,112,84.0,120808,0.0001,1.412053108215332
483420,0.05,4282,115.68899280000001,5755,112,84.0,120829,0.0001,0.8125767707824707
483504,0.05,4282,116.41043912999997,5756,112,84.0,120850,0.0001,7.87337064743042
483588,0.05,4283,117.35187827,5757,112,84.0,120871,0.0001,0.45913180708885193
483672,0.05,4284,117.17570481999998,5758,112,84.0,120892,0.0001,0.41299059987068176
483756,0.05,4285,118.00743126000002,5759,112,84.0,120913,0.0001,0.7724156379699707
483840,0.05,4286,118.35403179999999,5760,112,84.0,120934,0.0001,6.071757793426514
483924,0.05,4286,118.78351083000001,5761,112,84.0,120955,0.0001,1.0701452493667603
484008,0.05,4287,119.58223722999999,5762,112,84.0,120976,0.0001,8.604107856750488
484092,0.05,4288,119.34279154000002,5763,112,84.0,120997,0.0001,0.7171033620834351
484176,0.05,4289,119.06415496999998,5764,112,84.0,121018,0.0001,0.5969043374061584
484260,0.05,4290,119.85975532,5765,112,84.0,121039,0.0001,0.6983979940414429
484344,0.05,4290,120.45066214000002,5766,112,84.0,121060,0.0001,0.6301062107086182
484428,0.05,4291,119.73332483000004,5767,112,84.0,121081,0.0001,5.9495463371276855
484512,0.05,4292,119.61105702000003,5768,112,84.0,121102,0.0001,6.112953186035156
484596,0.05,4293,119.53042419000002,5769,112,84.0,121123,0.0001,0.38167375326156616
484680,0.05,4294,119.83743373000001,5770,112,84.0,121144,0.0001,0.9575642347335815
484764,0.05,4294,120.40275711,5771,112,84.0,121165,0.0001,6.919647693634033
484848,0.05,4295,120.60852595,5772,112,84.0,121186,0.0001,0.788500189781189
484932,0.05,4296,121.09527002,5773,112,84.0,121207,0.0001,0.7914234399795532
485016,0.05,4297,121.77002372000001,5774,112,84.0,121228,0.0001,7.966957092285156
485100,0.05,4298,122.11084559999999,5775,112,84.0,121249,0.0001,0.6752213835716248
485184,0.05,4298,122.39441692999999,5776,112,84.0,121270,0.0001,0.8908218145370483
485268,0.05,4299,122.47406201,5777,112,84.0,121291,0.0001,0.8874614834785461
485352,0.05,4300,122.87301407,5778,112,84.0,121312,0.0001,5.349442958831787
485436,0.05,4301,123.02355616999998,5779,112,84.0,121333,0.0001,0.4303792119026184
485520,0.05,4302,123.45792569,5780,112,84.0,121354,0.0001,0.8892985582351685
485604,0.05,4302,123.57245800999999,5781,112,84.0,121375,0.0001,0.6171180009841919
485688,0.05,4303,124.70189529999999,5782,112,84.0,121396,0.0001,1.1783539056777954
485772,0.05,4304,124.37625903999998,5783,112,84.0,121417,0.0001,6.502974510192871
485856,0.05,4305,124.99737032999998,5784,112,84.0,121438,0.0001,7.438584327697754
485940,0.05,4306,124.88429649,5785,112,84.0,121459,0.0001,0.7261624336242676
486024,0.05,4307,124.93159116999999,5786,112,84.0,121480,0.0001,0.5969208478927612
486108,0.05,4307,124.57269316,5787,112,84.0,121501,0.0001,1.3003756999969482
486192,0.05,4308,125.02304793999998,5788,112,84.0,121522,0.0001,0.7561159133911133
486276,0.05,4309,125.08590437,5789,112,84.0,121543,0.0001,5.755499362945557
486360,0.05,4310,124.72297925,5790,112,84.0,121564,0.0001,1.2908570766448975
486444,0.05,4311,123.83342011000002,5791,112,84.0,121585,0.0001,0.8410502672195435
486528,0.05,4311,123.88987880999998,5792,112,84.0,121606,0.0001,2.018158197402954
486612,0.05,4312,124.13482506000003,5793,112,84.0,121627,0.0001,1.0230079889297485
486696,0.05,4313,124.34489768000002,5794,112,84.0,121648,0.0001,6.533458709716797
486780,0.05,4314,124.50443673000001,5795,112,84.0,121669,0.0001,5.331186771392822
486864,0.05,4314,124.67656929,5796,112,84.0,121690,0.0001,0.801308274269104
486948,0.05,4315,125.17459283000002,5797,112,84.0,121711,0.0001,1.005849838256836
487032,0.05,4316,125.52511223999998,5798,112,84.0,121732,0.0001,0.7592605948448181
487116,0.05,4317,124.58672538,5799,112,84.0,121753,0.0001,12.30649471282959
487200,0.05,4318,124.9361795,5800,112,84.0,121774,0.0001,1.4546631574630737
487284,0.05,4318,125.67965601999998,5801,112,84.0,121795,0.0001,1.892406702041626
487368,0.05,4319,125.68378636,5802,112,84.0,121816,0.0001,7.370751857757568
487452,0.05,4320,125.41202501,5803,112,84.0,121837,0.0001,0.5481407642364502
487536,0.05,4321,125.28485339000002,5804,112,84.0,121858,0.0001,6.762389183044434
487620,0.05,4322,124.87027638,5805,112,84.0,121879,0.0001,1.0269889831542969
487704,0.05,4322,124.51007845000002,5806,112,84.0,121900,0.0001,1.2437328100204468
487788,0.05,4323,125.66616442,5807,112,84.0,121921,0.0001,0.5125124454498291
487872,0.05,4324,125.84175143,5808,112,84.0,121942,0.0001,0.9587258100509644
487956,0.05,4325,125.94141625999998,5809,112,84.0,121963,0.0001,3.9098026752471924
488040,0.05,4326,126.25135227999999,5810,112,84.0,121984,0.0001,1.1996822357177734
488124,0.05,4326,126.43270915999997,5811,112,84.0,122005,0.0001,0.6270197629928589
488208,0.05,4327,125.87314078,5812,112,84.0,122026,0.0001,0.5119655132293701
488292,0.05,4328,126.35673349999999,5813,112,84.0,122047,0.0001,13.656072616577148
488376,0.05,4329,125.78057643999999,5814,112,84.0,122068,0.0001,2.1293411254882812
488460,0.05,4329,125.95013913000003,5815,112,84.0,122089,0.0001,1.4187517166137695
488544,0.05,4330,125.50354513999999,5816,112,84.0,122110,0.0001,6.730136871337891
488628,0.05,4331,126.00524333999999,5817,112,84.0,122131,0.0001,0.7766219973564148
488712,0.05,4332,125.12430236999998,5818,112,84.0,122152,0.0001,12.365234375
488796,0.05,4333,124.62881257000002,5819,112,84.0,122173,0.0001,6.571536540985107
488880,0.05,4334,124.17162293999999,5820,112,84.0,122194,0.0001,4.858815670013428
488964,0.05,4334,124.11900581,5821,112,84.0,122215,0.0001,5.986340522766113
489048,0.05,4335,123.13213755000001,5822,112,84.0,122236,0.0001,0.7013999223709106
489132,0.05,4336,122.34069459,5823,112,84.0,122257,0.0001,7.099236488342285
489216,0.05,4337,122.23819233,5824,112,84.0,122278,0.0001,6.918010711669922
489300,0.05,4338,123.11336115,5825,112,84.0,122299,0.0001,0.9007044434547424
489384,0.05,4338,123.35649804999998,5826,112,84.0,122320,0.0001,1.355564832687378
489468,0.05,4339,122.90482990999999,5827,112,84.0,122341,0.0001,0.9236045479774475
489552,0.05,4340,122.62880836000001,5828,112,84.0,122362,0.0001,1.2459030151367188
489636,0.05,4341,123.29146039,5829,112,84.0,122383,0.0001,0.7965607643127441
489720,0.05,4341,123.30158968000002,5830,112,84.0,122404,0.0001,0.7728279829025269
489804,0.05,4342,123.41953185,5831,112,84.0,122425,0.0001,0.7264476418495178
489888,0.05,4343,122.91328974000002,5832,112,84.0,122446,0.0001,0.9857821464538574
489972,0.05,4344,123.26782252000001,5833,112,84.0,122467,0.0001,0.5400505065917969
490056,0.05,4345,123.41930289000001,5834,112,84.0,122488,0.0001,7.29902982711792
490140,0.05,4346,123.13000753000001,5835,112,84.0,122509,0.0001,0.6258933544158936
490224,0.05,4346,122.57526296000002,5836,112,84.0,122530,0.0001,0.5628820061683655
490308,0.05,4347,122.05617464999999,5837,112,84.0,122551,0.0001,1.0480148792266846
490392,0.05,4348,122.39384893999998,5838,112,84.0,122572,0.0001,0.6390186548233032
490476,0.05,4349,121.9685463,5839,112,84.0,122593,0.0001,1.5253164768218994
490560,0.05,4350,121.09351695000001,5840,112,84.0,122614,0.0001,7.042593002319336
490644,0.05,4350,120.02701497000002,5841,112,84.0,122635,0.0001,1.0676544904708862
490728,0.05,4351,119.69271916,5842,112,84.0,122656,0.0001,0.537976861000061
490812,0.05,4352,119.58048039000003,5843,112,84.0,122677,0.0001,0.6390849351882935
490896,0.05,4353,118.42467444,5844,112,84.0,122698,0.0001,1.0154218673706055
490980,0.05,4354,118.30507328,5845,112,84.0,122719,0.0001,5.556149482727051
491064,0.05,4354,116.77131642,5846,112,84.0,122740,0.0001,1.444101095199585
491148,0.05,4355,115.51335660999999,5847,112,84.0,122761,0.0001,1.0128364562988281
491232,0.05,4356,115.62984504999999,5848,112,84.0,122782,0.0001,1.4387712478637695
491316,0.05,4357,115.13547440999999,5849,112,84.0,122803,0.0001,1.3090819120407104
491400,0.05,4357,114.66376129999999,5850,112,84.0,122824,0.0001,8.084522247314453
491484,0.05,4358,114.52640022999996,5851,112,84.0,122845,0.0001,11.18674087524414
491568,0.05,4359,114.11490667999999,5852,112,84.0,122866,0.0001,6.733283519744873
491652,0.05,4360,113.53092298999998,5853,112,84.0,122887,0.0001,12.382878303527832
491736,0.05,4361,113.50260171,5854,112,84.0,122908,0.0001,0.8872570395469666
491820,0.05,4361,113.31183262,5855,112,84.0,122929,0.0001,5.353175163269043
491904,0.05,4362,112.54023868999998,5856,112,84.0,122950,0.0001,1.0523159503936768
491988,0.05,4363,112.24110496000002,5857,112,84.0,122971,0.0001,0.7932974696159363
492072,0.05,4364,112.05559721,5858,112,84.0,122992,0.0001,1.6911571025848389
492156,0.05,4364,111.00066298999998,5859,112,84.0,123013,0.0001,4.456243991851807
492240,0.05,4365,110.77820134999997,5860,112,84.0,123034,0.0001,0.6962641477584839
492324,0.05,4366,110.95486504,5861,112,84.0,123055,0.0001,0.7045353055000305
492408,0.05,4367,110.99160597,5862,112,84.0,123076,0.0001,9.786365509033203
492492,0.05,4368,111.21244005,5863,112,84.0,123097,0.0001,0.768285870552063
492576,0.05,4368,110.51824707,5864,112,84.0,123118,0.0001,1.128542184829712
492660,0.05,4369,110.56670953000001,5865,112,84.0,123139,0.0001,0.8781664371490479
492744,0.05,4370,110.40559099000001,5866,112,84.0,123160,0.0001,0.5303298830986023
492828,0.05,4371,111.47350816,5867,112,84.0,123181,0.0001,0.9249279499053955
492912,0.05,4371,111.45001466,5868,112,84.0,123202,0.0001,1.1187292337417603
492996,0.05,4372,112.13170454000002,5869,112,84.0,123223,0.0001,0.7642953395843506
493080,0.05,4373,112.54055405000001,5870,112,84.0,123244,0.0001,0.7041307687759399
493164,0.05,4374,112.75211811,5871,112,84.0,123265,0.0001,0.8773529529571533
493248,0.05,4374,113.14647109999999,5872,112,84.0,123286,0.0001,1.3380868434906006
493332,0.05,4375,113.46996544,5873,112,84.0,123307,0.0001,1.006311058998108
493416,0.05,4376,113.94401135,5874,112,84.0,123328,0.0001,0.7607682347297668
493500,0.05,4377,113.94406773,5875,112,84.0,123349,0.0001,0.8345545530319214
493584,0.05,4377,113.63584665,5876,112,84.0,123370,0.0001,1.4269630908966064
493668,0.05,4378,114.24902413,5877,112,84.0,123391,0.0001,13.488688468933105
493752,0.05,4379,114.79092304,5878,112,84.0,123412,0.0001,1.8739303350448608
493836,0.05,4380,115.05225716000001,5879,112,84.0,123433,0.0001,1.7235283851623535
493920,0.05,4381,115.01947799999999,5880,112,84.0,123454,0.0001,0.596832275390625
494004,0.05,4381,115.30975297,5881,112,84.0,123475,0.0001,1.0370709896087646
494088,0.05,4382,115.23829082999998,5882,112,84.0,123496,0.0001,13.945343017578125
494172,0.05,4383,115.75639148999997,5883,112,84.0,123517,0.0001,0.8794034719467163
494256,0.05,4384,115.38368926000001,5884,112,84.0,123538,0.0001,0.5840416550636292
494340,0.05,4385,115.49308865,5885,112,84.0,123559,0.0001,5.949081897735596
494424,0.05,4385,115.91483790000004,5886,112,84.0,123580,0.0001,1.0428928136825562
494508,0.05,4386,115.77404101,5887,112,84.0,123601,0.0001,0.4601410925388336
494592,0.05,4387,115.24632725000001,5888,112,84.0,123622,0.0001,0.9109758138656616
494676,0.05,4388,114.95691747,5889,112,84.0,123643,0.0001,6.597007751464844
494760,0.05,4389,115.53485624999999,5890,112,84.0,123664,0.0001,0.6075727939605713
494844,0.05,4389,116.26912676,5891,112,84.0,123685,0.0001,0.9295774698257446
494928,0.05,4390,116.39136901,5892,112,84.0,123706,0.0001,7.387674331665039
495012,0.05,4391,115.77812855,5893,112,84.0,123727,0.0001,0.48050251603126526
495096,0.05,4391,116.43831378,5894,112,84.0,123748,0.0001,0.8012251853942871
495180,0.05,4392,116.66063235999998,5895,112,84.0,123769,0.0001,3.6620874404907227
495264,0.05,4393,116.72197487000001,5896,112,84.0,123790,0.0001,0.9837870597839355
495348,0.05,4394,116.87410145,5897,112,84.0,123811,0.0001,0.843949556350708
495432,0.05,4395,116.62479504999999,5898,112,84.0,123832,0.0001,2.0004496574401855
495516,0.05,4395,117.80495122,5899,112,84.0,123853,0.0001,0.9410892724990845
495600,0.05,4396,117.01286526999998,5900,112,84.0,123874,0.0001,1.0295155048370361
495684,0.05,4397,117.09124289999998,5901,112,84.0,123895,0.0001,0.9685916304588318
495768,0.05,4398,117.63503035999999,5902,112,84.0,123916,0.0001,0.724250078201294
495852,0.05,4399,117.87908089000001,5903,112,84.0,123937,0.0001,0.3946177065372467
495936,0.05,4399,118.55348271999999,5904,112,84.0,123958,0.0001,0.47477054595947266
496020,0.05,4400,119.15377670999999,5905,112,84.0,123979,0.0001,0.6052225828170776
496104,0.05,4401,119.10206534999999,5906,112,84.0,124000,0.0001,7.72001314163208
496188,0.05,4402,118.83586344999999,5907,112,84.0,124021,0.0001,0.7494239807128906
496272,0.05,4402,118.67431872000002,5908,112,84.0,124042,0.0001,1.0348942279815674
496356,0.05,4403,118.7662237,5909,112,84.0,124063,0.0001,1.457430124282837
496440,0.05,4404,119.22316041000002,5910,112,84.0,124084,0.0001,6.339648723602295
496524,0.05,4405,118.82074954000001,5911,112,84.0,124105,0.0001,1.0218714475631714
496608,0.05,4405,119.48083349000001,5912,112,84.0,124126,0.0001,1.2125790119171143
496692,0.05,4406,118.89333175,5913,112,84.0,124147,0.0001,1.3255378007888794
496776,0.05,4407,119.56311337999999,5914,112,84.0,124168,0.0001,1.4015302658081055
496860,0.05,4408,119.43914847,5915,112,84.0,124189,0.0001,0.37511610984802246
496944,0.05,4409,119.49807620000001,5916,112,84.0,124210,0.0001,0.7325423955917358
497028,0.05,4409,118.73255914,5917,112,84.0,124231,0.0001,1.4500172138214111
497112,0.05,4410,119.97441620000001,5918,112,84.0,124252,0.0001,1.8847174644470215
497196,0.05,4411,120.26056376000001,5919,112,84.0,124273,0.0001,1.4438115358352661
497280,0.05,4412,119.53083148000002,5920,112,84.0,124294,0.0001,7.300812721252441
497364,0.05,4413,119.80435914,5921,112,84.0,124315,0.0001,0.8182276487350464
497448,0.05,4413,119.74193279,5922,112,84.0,124336,0.0001,7.778932094573975
497532,0.05,4414,120.44867836000002,5923,112,84.0,124357,0.0001,6.202600479125977
497616,0.05,4415,120.20493727000002,5924,112,84.0,124378,0.0001,0.9146127104759216
497700,0.05,4415,120.08402324999999,5925,112,84.0,124399,0.0001,7.725342273712158
497784,0.05,4416,120.25470285000002,5926,112,84.0,124420,0.0001,0.5609588623046875
497868,0.05,4417,120.30502861999999,5927,112,84.0,124441,0.0001,1.0856984853744507
497952,0.05,4418,120.21652699999999,5928,112,84.0,124462,0.0001,17.475353240966797
498036,0.05,4418,120.14959443,5929,112,84.0,124483,0.0001,0.85422682762146
498120,0.05,4419,120.43889112000001,5930,112,84.0,124504,0.0001,0.698401927947998
498204,0.05,4420,120.09571418,5931,112,84.0,124525,0.0001,5.637791156768799
498288,0.05,4421,120.30892471000001,5932,112,84.0,124546,0.0001,0.8068522214889526
498372,0.05,4422,119.42369148000002,5933,112,84.0,124567,0.0001,0.7164154648780823
498456,0.05,4422,119.66504707,5934,112,84.0,124588,0.0001,1.0948376655578613
498540,0.05,4423,120.32364476000001,5935,112,84.0,124609,0.0001,1.1491570472717285
498624,0.05,4424,121.49546841,5936,112,84.0,124630,0.0001,1.3074336051940918
498708,0.05,4425,121.66757396999999,5937,112,84.0,124651,0.0001,12.26652717590332
498792,0.05,4426,121.12868679000002,5938,112,84.0,124672,0.0001,7.053366184234619
498876,0.05,4426,121.45132141999999,5939,112,84.0,124693,0.0001,0.6396962404251099
498960,0.05,4427,122.35988187,5940,112,84.0,124714,0.0001,6.169287204742432
499044,0.05,4428,122.72587858000001,5941,112,84.0,124735,0.0001,1.79236900806427
499128,0.05,4429,122.93637761999999,5942,112,84.0,124756,0.0001,0.5629807710647583
499212,0.05,4430,122.4626095,5943,112,84.0,124777,0.0001,0.8891533017158508
499296,0.05,4430,123.34180178000001,5944,112,84.0,124798,0.0001,1.585749864578247
499380,0.05,4431,124.22031378000001,5945,112,84.0,124819,0.0001,0.7807475328445435
499464,0.05,4432,125.08858165000004,5946,112,84.0,124840,0.0001,0.6674964427947998
499548,0.05,4433,125.61885601000003,5947,112,84.0,124861,0.0001,0.8099879026412964
499632,0.05,4433,125.77125990000002,5948,112,84.0,124882,0.0001,6.175723552703857
499716,0.05,4434,125.89861226000001,5949,112,84.0,124903,0.0001,7.656901836395264
499800,0.05,4435,125.57488712,5950,112,84.0,124924,0.0001,11.588249206542969
499884,0.05,4436,124.60595894999999,5951,112,84.0,124945,0.0001,10.402177810668945
499968,0.05,4437,124.60736381999999,5952,112,84.0,124966,0.0001,1.6599115133285522
500052,0.05,4437,123.87946794999998,5953,112,84.0,124987,0.0001,1.4997148513793945
500136,0.05,4438,123.43179678,5954,112,84.0,125008,0.0001,7.501998424530029
500220,0.05,4439,123.22515782,5955,112,84.0,125029,0.0001,4.978194236755371
500304,0.05,4440,123.39509348000001,5956,112,84.0,125050,0.0001,1.4034664630889893
500388,0.05,4441,123.61939602000002,5957,112,84.0,125071,0.0001,1.5217275619506836
500472,0.05,4441,123.62789059,5958,112,84.0,125092,0.0001,0.3611370921134949
500556,0.05,4442,124.39981961,5959,112,84.0,125113,0.0001,0.4446030855178833
500640,0.05,4443,124.48323736999998,5960,112,84.0,125134,0.0001,1.1966392993927002
500724,0.05,4444,124.50977155000001,5961,112,84.0,125155,0.0001,4.633325099945068
500808,0.05,4444,124.29812973,5962,112,84.0,125176,0.0001,0.6144459247589111
500892,0.05,4445,124.16327331000001,5963,112,84.0,125197,0.0001,0.6959786415100098
500976,0.05,4446,124.65486469,5964,112,84.0,125218,0.0001,0.658306360244751
501060,0.05,4447,124.34035308,5965,112,84.0,125239,0.0001,0.7767826914787292
501144,0.05,4448,124.34605719999999,5966,112,84.0,125260,0.0001,5.348495960235596
501228,0.05,4448,124.06145145999999,5967,112,84.0,125281,0.0001,4.726813316345215
501312,0.05,4449,124.72279445999999,5968,112,84.0,125302,0.0001,1.1996997594833374
501396,0.05,4450,124.85677032999997,5969,112,84.0,125323,0.0001,6.615109443664551
501480,0.05,4451,124.56436286999998,5970,112,84.0,125344,0.0001,0.8127673864364624
501564,0.05,4452,124.44720216999998,5971,112,84.0,125365,0.0001,1.4837433099746704
501648,0.05,4453,124.47682381999999,5972,112,84.0,125386,0.0001,0.6838480234146118
501732,0.05,4453,124.39684325,5973,112,84.0,125407,0.0001,0.9166043996810913
501816,0.05,4454,123.39631556000002,5974,112,84.0,125428,0.0001,0.6621592044830322
501900,0.05,4455,122.78317467000001,5975,112,84.0,125449,0.0001,6.406313896179199
501984,0.05,4456,122.95911023000001,5976,112,84.0,125470,0.0001,0.5766600370407104
502068,0.05,4457,123.34792680999999,5977,112,84.0,125491,0.0001,1.4929118156433105
502152,0.05,4458,122.67587528999998,5978,112,84.0,125512,0.0001,10.780746459960938
502236,0.05,4458,122.78753524,5979,112,84.0,125533,0.0001,0.9623674154281616
502320,0.05,4459,122.68163399999997,5980,112,84.0,125554,0.0001,1.0458060503005981
502404,0.05,4460,122.46330317999998,5981,112,84.0,125575,0.0001,6.9211506843566895
502488,0.05,4461,123.01145805999997,5982,112,84.0,125596,0.0001,7.212090015411377
502572,0.05,4461,122.38983575999998,5983,112,84.0,125617,0.0001,0.9592738151550293
502656,0.05,4462,122.61225116,5984,112,84.0,125638,0.0001,0.884549617767334
502740,0.05,4463,122.78283045999999,5985,112,84.0,125659,0.0001,6.108708381652832
502824,0.05,4464,122.89093521999999,5986,112,84.0,125680,0.0001,0.807282567024231
502908,0.05,4465,123.34991231999999,5987,112,84.0,125701,0.0001,0.9494286775588989
502992,0.05,4465,123.76447503,5988,112,84.0,125722,0.0001,1.213758111000061
503076,0.05,4466,124.04124505,5989,112,84.0,125743,0.0001,0.7905757427215576
503160,0.05,4467,122.91734488,5990,112,84.0,125764,0.0001,4.395090103149414
503244,0.05,4468,122.79366589000001,5991,112,84.0,125785,0.0001,1.1118414402008057
503328,0.05,4468,122.45583330000001,5992,112,84.0,125806,0.0001,0.6723101139068604
503412,0.05,4469,122.54007125000003,5993,112,84.0,125827,0.0001,0.7216976284980774
503496,0.05,4470,122.45122256,5994,112,84.0,125848,0.0001,1.7252652645111084
503580,0.05,4471,122.07515342999999,5995,112,84.0,125869,0.0001,8.143579483032227
503664,0.05,4472,121.82977215000001,5996,112,84.0,125890,0.0001,8.767376899719238
503748,0.05,4472,121.87682971,5997,112,84.0,125911,0.0001,5.821213245391846
503832,0.05,4473,121.84092643999999,5998,112,84.0,125932,0.0001,1.1841299533843994
503916,0.05,4474,122.03370247,5999,112,84.0,125953,0.0001,0.7773174047470093
504000,0.05,4475,123.09925170999999,6000,112,84.0,125974,0.0001,0.7035465240478516
504084,0.05,4476,123.57421146999997,6001,112,84.0,125995,0.0001,0.7327697277069092
504168,0.05,4477,123.30591305999998,6002,112,84.0,126016,0.0001,8.563952445983887
504252,0.05,4477,123.36759713999999,6003,112,84.0,126037,0.0001,0.7421822547912598
504336,0.05,4478,123.40421833999999,6004,112,84.0,126058,0.0001,11.642783164978027
504420,0.05,4479,122.97729055000002,6005,112,84.0,126079,0.0001,5.948622703552246
504504,0.05,4480,123.54923601000004,6006,112,84.0,126100,0.0001,6.813570022583008
504588,0.05,4480,123.58188462000003,6007,112,84.0,126121,0.0001,8.613602638244629
504672,0.05,4481,123.48735169000001,6008,112,84.0,126142,0.0001,0.7875362634658813
504756,0.05,4482,123.16126962999999,6009,112,84.0,126163,0.0001,6.41179084777832
504840,0.05,4483,122.73914608,6010,112,84.0,126184,0.0001,1.000799298286438
504924,0.05,4483,123.50905544999998,6011,112,84.0,126205,0.0001,1.4128608703613281
505008,0.05,4484,123.67584086999999,6012,112,84.0,126226,0.0001,0.528060257434845
505092,0.05,4485,124.25180672999998,6013,112,84.0,126247,0.0001,0.890884518623352
505176,0.05,4486,124.47521024000001,6014,112,84.0,126268,0.0001,1.0478719472885132
505260,0.05,4487,124.23443476,6015,112,84.0,126289,0.0001,0.83638995885849
505344,0.05,4487,124.25056912000002,6016,112,84.0,126310,0.0001,12.376270294189453
505428,0.05,4488,124.00450421000001,6017,112,84.0,126331,0.0001,1.3087047338485718
505512,0.05,4489,123.83727049000001,6018,112,84.0,126352,0.0001,2.9622411727905273
505596,0.05,4490,123.90227853999998,6019,112,84.0,126373,0.0001,1.238713026046753
505680,0.05,4490,125.54480674,6020,112,84.0,126394,0.0001,0.4336113929748535
505764,0.05,4491,125.79509128,6021,112,84.0,126415,0.0001,5.750406742095947
505848,0.05,4492,126.37283819000002,6022,112,84.0,126436,0.0001,7.262994766235352
505932,0.05,4493,126.43426261000002,6023,112,84.0,126457,0.0001,0.9131249189376831
506016,0.05,4494,126.03687443000003,6024,112,84.0,126478,0.0001,6.1656494140625
506100,0.05,4494,126.29452212000002,6025,112,84.0,126499,0.0001,0.718986451625824
506184,0.05,4495,126.21796695,6026,112,84.0,126520,0.0001,1.2685596942901611
506268,0.05,4496,126.74020764000001,6027,112,84.0,126541,0.0001,0.5784918069839478
506352,0.05,4497,126.69332216,6028,112,84.0,126562,0.0001,11.979073524475098
506436,0.05,4497,126.51469698999999,6029,112,84.0,126583,0.0001,3.7347354888916016
506520,0.05,4498,126.65480195999999,6030,112,84.0,126604,0.0001,0.714215099811554
506604,0.05,4499,126.91847609999996,6031,112,84.0,126625,0.0001,1.5003358125686646
506688,0.05,4500,127.00907887,6032,112,84.0,126646,0.0001,7.358163356781006
506772,0.05,4500,128.57195485,6033,112,84.0,126667,0.0001,0.7074240446090698
506856,0.05,4501,128.29292672,6034,112,84.0,126688,0.0001,6.307765960693359
506940,0.05,4502,128.11244813000002,6035,112,84.0,126709,0.0001,0.6901185512542725
507024,0.05,4503,127.60564185999999,6036,112,84.0,126730,0.0001,1.306915044784546
507108,0.05,4503,127.89499197,6037,112,84.0,126751,0.0001,0.7087068557739258
507192,0.05,4504,128.65392692999998,6038,112,84.0,126772,0.0001,6.286619663238525
507276,0.05,4505,128.42296718999998,6039,112,84.0,126793,0.0001,0.7350528240203857
507360,0.05,4506,128.21165908999998,6040,112,84.0,126814,0.0001,11.34939193725586
507444,0.05,4507,128.27973593,6041,112,84.0,126835,0.0001,5.48599910736084
507528,0.05,4507,128.08349945,6042,112,84.0,126856,0.0001,1.6362338066101074
507612,0.05,4508,128.6160973,6043,112,84.0,126877,0.0001,1.010252833366394
507696,0.05,4509,128.59642440000002,6044,112,84.0,126898,0.0001,0.6746357083320618
507780,0.05,4510,128.02507422,6045,112,84.0,126919,0.0001,5.177674293518066
507864,0.05,4510,127.68373662,6046,112,84.0,126940,0.0001,1.548828125
507948,0.05,4511,127.484811,6047,112,84.0,126961,0.0001,1.0763797760009766
508032,0.05,4512,127.71739697999999,6048,112,84.0,126982,0.0001,0.6715025901794434
508116,0.05,4513,128.54483401,6049,112,84.0,127003,0.0001,1.0915827751159668
508200,0.05,4513,128.96486896,6050,112,84.0,127024,0.0001,5.723828315734863
508284,0.05,4514,130.14868689,6051,112,84.0,127045,0.0001,2.100525140762329
508368,0.05,4515,130.91134613999998,6052,112,84.0,127066,0.0001,7.890514373779297
508452,0.05,4516,132.11877023,6053,112,84.0,127087,0.0001,1.2879889011383057
508536,0.05,4517,132.09696647,6054,112,84.0,127108,0.0001,1.2386424541473389
508620,0.05,4517,132.62604423000002,6055,112,84.0,127129,0.0001,1.5126891136169434
508704,0.05,4518,132.92577065,6056,112,84.0,127150,0.0001,6.4350786209106445
508788,0.05,4519,133.46097516,6057,112,84.0,127171,0.0001,2.063046455383301
508872,0.05,4520,133.65695112,6058,112,84.0,127192,0.0001,1.107234001159668
508956,0.05,4520,133.18963152999996,6059,112,84.0,127213,0.0001,0.8140465021133423
509040,0.05,4521,133.17874938,6060,112,84.0,127234,0.0001,0.7542828917503357
509124,0.05,4522,132.83804109,6061,112,84.0,127255,0.0001,0.5482881665229797
509208,0.05,4523,132.93555605999998,6062,112,84.0,127276,0.0001,0.7683858871459961
509292,0.05,4523,132.74394003,6063,112,84.0,127297,0.0001,0.4839286208152771
509376,0.05,4524,132.78748933,6064,112,84.0,127318,0.0001,1.0485148429870605
509460,0.05,4525,133.03828762,6065,112,84.0,127339,0.0001,0.9657440781593323
509544,0.05,4526,132.99983624,6066,112,84.0,127360,0.0001,4.530894756317139
509628,0.05,4527,133.02610779,6067,112,84.0,127381,0.0001,5.916312217712402
509712,0.05,4527,132.70367511,6068,112,84.0,127402,0.0001,0.5558371543884277
509796,0.05,4528,131.37297439000002,6069,112,84.0,127423,0.0001,0.523809015750885
509880,0.05,4529,131.31687517000003,6070,112,84.0,127444,0.0001,5.212126731872559
509964,0.05,4530,131.58135353,6071,112,84.0,127465,0.0001,1.2570502758026123
510048,0.05,4530,130.51108911000003,6072,112,84.0,127486,0.0001,6.197648048400879
510132,0.05,4531,130.25646708000002,6073,112,84.0,127507,0.0001,0.8728312253952026
510216,0.05,4532,130.47479263000002,6074,112,84.0,127528,0.0001,1.0709030628204346
510300,0.05,4533,131.16434735,6075,112,84.0,127549,0.0001,6.548616886138916
510384,0.05,4533,130.90315384000002,6076,112,84.0,127570,0.0001,0.5060502290725708
510468,0.05,4534,130.42012749000003,6077,112,84.0,127591,0.0001,1.2628462314605713
510552,0.05,4535,130.35578032,6078,112,84.0,127612,0.0001,1.9713554382324219
510636,0.05,4536,129.8300218,6079,112,84.0,127633,0.0001,1.126636028289795
510720,0.05,4537,129.54746153,6080,112,84.0,127654,0.0001,7.023896217346191
510804,0.05,4537,129.09488392,6081,112,84.0,127675,0.0001,1.1542067527770996
510888,0.05,4538,128.88499674,6082,112,84.0,127696,0.0001,0.7474684715270996
510972,0.05,4539,128.89735232,6083,112,84.0,127717,0.0001,1.2346456050872803
511056,0.05,4540,128.74116544000003,6084,112,84.0,127738,0.0001,0.8640267848968506
511140,0.05,4540,128.83806918000005,6085,112,84.0,127759,0.0001,0.979022741317749
511224,0.05,4541,127.67987037,6086,112,84.0,127780,0.0001,1.062053918838501
511308,0.05,4542,127.87145720000001,6087,112,84.0,127801,0.0001,4.260701656341553
511392,0.05,4543,127.97947092,6088,112,84.0,127822,0.0001,6.474723815917969
511476,0.05,4544,127.62566779000001,6089,112,84.0,127843,0.0001,0.6898527145385742
511560,0.05,4544,129.04635774,6090,112,84.0,127864,0.0001,8.675233840942383
511644,0.05,4545,129.57316351,6091,112,84.0,127885,0.0001,0.5526046752929688
511728,0.05,4546,129.95195601,6092,112,84.0,127906,0.0001,5.9339189529418945
511812,0.05,4547,130.58314203999998,6093,112,84.0,127927,0.0001,0.9251967668533325
511896,0.05,4547,131.49844887,6094,112,84.0,127948,0.0001,1.023502230644226
511980,0.05,4548,132.18978205,6095,112,84.0,127969,0.0001,5.929622650146484
512064,0.05,4549,132.99103701,6096,112,84.0,127990,0.0001,0.5948336124420166
512148,0.05,4550,133.28037823000003,6097,112,84.0,128011,0.0001,0.8379983901977539
512232,0.05,4550,134.88520770000002,6098,112,84.0,128032,0.0001,7.056551456451416
512316,0.05,4551,134.47644258999998,6099,112,84.0,128053,0.0001,0.42396724224090576
512400,0.05,4552,134.48055075,6100,112,84.0,128074,0.0001,4.901462078094482
512484,0.05,4553,134.04272408999998,6101,112,84.0,128095,0.0001,13.53763198852539
512568,0.05,4554,134.67553368,6102,112,84.0,128116,0.0001,1.6039729118347168
512652,0.05,4554,135.50726824,6103,112,84.0,128137,0.0001,1.3591630458831787
512736,0.05,4555,135.58268741999998,6104,112,84.0,128158,0.0001,14.222360610961914
512820,0.05,4556,136.12992257,6105,112,84.0,128179,0.0001,6.607071399688721
512904,0.05,4557,136.22539307,6106,112,84.0,128200,0.0001,0.6742945313453674
512988,0.05,4557,136.57844551,6107,112,84.0,128221,0.0001,0.6512137055397034
513072,0.05,4558,137.3320017,6108,112,84.0,128242,0.0001,4.690151214599609
513156,0.05,4559,137.79095168,6109,112,84.0,128263,0.0001,1.1598783731460571
513240,0.05,4560,138.25057417000002,6110,112,84.0,128284,0.0001,4.820771217346191
513324,0.05,4560,138.22269658,6111,112,84.0,128305,0.0001,0.36715030670166016
513408,0.05,4561,138.2890993,6112,112,84.0,128326,0.0001,1.0239040851593018
513492,0.05,4562,138.10782473999998,6113,112,84.0,128347,0.0001,0.6319500207901001
513576,0.05,4563,138.5557432,6114,112,84.0,128368,0.0001,5.352288246154785
513660,0.05,4564,139.15889612,6115,112,84.0,128389,0.0001,1.0108803510665894
513744,0.05,4564,139.68121660999998,6116,112,84.0,128410,0.0001,9.294239044189453
513828,0.05,4565,140.63384371,6117,112,84.0,128431,0.0001,0.8354350328445435
513912,0.05,4566,140.77081351999996,6118,112,84.0,128452,0.0001,0.938985288143158
513996,0.05,4567,141.24841325999998,6119,112,84.0,128473,0.0001,12.569141387939453
514080,0.05,4568,140.84011074999998,6120,112,84.0,128494,0.0001,0.8960854411125183
514164,0.05,4568,140.59558977999998,6121,112,84.0,128515,0.0001,1.022433876991272
514248,0.05,4569,139.62161256999997,6122,112,84.0,128536,0.0001,0.8114856481552124
514332,0.05,4570,139.23270463999998,6123,112,84.0,128557,0.0001,0.9090617895126343
514416,0.05,4571,140.53322022999998,6124,112,84.0,128578,0.0001,0.8490849733352661
514500,0.05,4572,140.52000078,6125,112,84.0,128599,0.0001,0.8265053033828735
514584,0.05,4572,140.34515864000002,6126,112,84.0,128620,0.0001,1.3251206874847412
514668,0.05,4573,140.42919428000002,6127,112,84.0,128641,0.0001,0.44635099172592163
514752,0.05,4574,141.13646732000004,6128,112,84.0,128662,0.0001,1.1247837543487549
514836,0.05,4575,141.35901345,6129,112,84.0,128683,0.0001,0.591396689414978
514920,0.05,4576,141.42710441,6130,112,84.0,128704,0.0001,1.385028600692749
515004,0.05,4576,141.34166444000002,6131,112,84.0,128725,0.0001,7.4339799880981445
515088,0.05,4577,141.60967948,6132,112,84.0,128746,0.0001,1.0539401769638062
515172,0.05,4578,141.24641952,6133,112,84.0,128767,0.0001,0.5195066332817078
515256,0.05,4579,141.81463029999998,6134,112,84.0,128788,0.0001,5.182877063751221
515340,0.05,4580,142.30010567999997,6135,112,84.0,128809,0.0001,0.5491009950637817
515424,0.05,4580,142.21517771999999,6136,112,84.0,128830,0.0001,7.798152923583984
515508,0.05,4581,142.48037759,6137,112,84.0,128851,0.0001,1.17014741897583
515592,0.05,4582,140.95988529000002,6138,112,84.0,128872,0.0001,4.310544013977051
515676,0.05,4583,141.74484843,6139,112,84.0,128893,0.0001,8.720268249511719
515760,0.05,4583,141.11305362000002,6140,112,84.0,128914,0.0001,8.186972618103027
515844,0.05,4584,140.28977804,6141,112,84.0,128935,0.0001,7.115128517150879
515928,0.05,4585,140.96136801,6142,112,84.0,128956,0.0001,1.1373118162155151
516012,0.05,4586,141.18905151999996,6143,112,84.0,128977,0.0001,7.865575313568115
516096,0.05,4587,140.79285713999997,6144,112,84.0,128998,0.0001,0.9095845222473145
516180,0.05,4588,140.95814822,6145,112,84.0,129019,0.0001,1.388235330581665
516264,0.05,4589,141.45201932,6146,112,84.0,129040,0.0001,7.958485126495361
516348,0.05,4589,142.00812514,6147,112,84.0,129061,0.0001,0.5829094648361206
516432,0.05,4590,141.65887927,6148,112,84.0,129082,0.0001,0.7187088131904602
516516,0.05,4591,141.41278763,6149,112,84.0,129103,0.0001,1.3557394742965698
516600,0.05,4592,141.60652317,6150,112,84.0,129124,0.0001,0.5213503241539001
516684,0.05,4593,141.64215604,6151,112,84.0,129145,0.0001,8.722465515136719
516768,0.05,4593,141.35783759,6152,112,84.0,129166,0.0001,1.1527988910675049
516852,0.05,4594,141.1763052,6153,112,84.0,129187,0.0001,0.5695170760154724
516936,0.05,4595,141.89641193,6154,112,84.0,129208,0.0001,1.1217552423477173
517020,0.05,4596,142.00934856,6155,112,84.0,129229,0.0001,0.5911850333213806
517104,0.05,4596,141.58493529999998,6156,112,84.0,129250,0.0001,0.5409923195838928
517188,0.05,4597,141.5191109,6157,112,84.0,129271,0.0001,0.4647541344165802
517272,0.05,4598,141.48384453,6158,112,84.0,129292,0.0001,1.0949170589447021
517356,0.05,4599,141.62167481999998,6159,112,84.0,129313,0.0001,0.627388596534729
517440,0.05,4599,142.017235,6160,112,84.0,129334,0.0001,0.9700035452842712
517524,0.05,4600,142.32743115,6161,112,84.0,129355,0.0001,0.5646195411682129
517608,0.05,4601,142.26954027999997,6162,112,84.0,129376,0.0001,6.857700824737549
517692,0.05,4602,142.39661991,6163,112,84.0,129397,0.0001,1.023809552192688
517776,0.05,4603,141.81043226,6164,112,84.0,129418,0.0001,0.772588849067688
517860,0.05,4603,141.81567687,6165,112,84.0,129439,0.0001,1.0140206813812256
517944,0.05,4604,141.71719449,6166,112,84.0,129460,0.0001,1.143201470375061
518028,0.05,4605,141.22213803,6167,112,84.0,129481,0.0001,0.9041836261749268
518112,0.05,4606,140.97104842000002,6168,112,84.0,129502,0.0001,0.5709244012832642
518196,0.05,4607,142.31598143,6169,112,84.0,129523,0.0001,0.41839420795440674
518280,0.05,4607,142.34215286999998,6170,112,84.0,129544,0.0001,4.60424280166626
518364,0.05,4608,141.67452737999997,6171,112,84.0,129565,0.0001,8.50835132598877
518448,0.05,4609,142.28106332,6172,112,84.0,129586,0.0001,0.6153923273086548
518532,0.05,4610,142.60817606999998,6173,112,84.0,129607,0.0001,2.0005509853363037
518616,0.05,4610,143.30171551,6174,112,84.0,129628,0.0001,0.5485161542892456
518700,0.05,4611,143.44133965999998,6175,112,84.0,129649,0.0001,5.338954925537109
518784,0.05,4612,143.87574134,6176,112,84.0,129670,0.0001,5.224398136138916
518868,0.05,4613,143.89271133,6177,112,84.0,129691,0.0001,1.165424108505249
518952,0.05,4614,144.35156408999998,6178,112,84.0,129712,0.0001,5.457647323608398
519036,0.05,4615,145.43157074999996,6179,112,84.0,129733,0.0001,0.6293671131134033
519120,0.05,4615,145.64059347,6180,112,84.0,129754,0.0001,0.6992676258087158
519204,0.05,4616,145.85381062,6181,112,84.0,129775,0.0001,1.0083998441696167
519288,0.05,4617,146.07300938999998,6182,112,84.0,129796,0.0001,0.6746513843536377
519372,0.05,4618,146.4123248,6183,112,84.0,129817,0.0001,6.961199760437012
519456,0.05,4618,146.61311591,6184,112,84.0,129838,0.0001,1.3084044456481934
519540,0.05,4619,147.57419329,6185,112,84.0,129859,0.0001,0.4238775968551636
519624,0.05,4620,148.37710298,6186,112,84.0,129880,0.0001,6.497477054595947
519708,0.05,4621,147.88287848,6187,112,84.0,129901,0.0001,0.6450582146644592
519792,0.05,4622,147.96929136,6188,112,84.0,129922,0.0001,1.5935440063476562
519876,0.05,4622,148.54895717,6189,112,84.0,129943,0.0001,1.1891820430755615
519960,0.05,4623,148.49908458000002,6190,112,84.0,129964,0.0001,7.293557167053223
520044,0.05,4624,148.79970425,6191,112,84.0,129985,0.0001,1.5370333194732666
520128,0.05,4625,148.93873328,6192,112,84.0,130006,0.0001,0.9697149395942688
520212,0.05,4626,148.47826995,6193,112,84.0,130027,0.0001,0.6993542909622192
520296,0.05,4626,147.67057511,6194,112,84.0,130048,0.0001,21.6840763092041
520380,0.05,4627,147.11105456,6195,112,84.0,130069,0.0001,9.006171226501465
520464,0.05,4628,146.20449989,6196,112,84.0,130090,0.0001,0.8014193773269653
520548,0.05,4629,145.93212302,6197,112,84.0,130111,0.0001,5.866896629333496
520632,0.05,4630,144.72732882000003,6198,112,84.0,130132,0.0001,0.5526511669158936
520716,0.05,4630,145.27331405,6199,112,84.0,130153,0.0001,1.2753949165344238
520800,0.05,4631,144.30002982,6200,112,84.0,130174,0.0001,1.6823806762695312
520884,0.05,4632,143.39218279,6201,112,84.0,130195,0.0001,7.071586608886719
520968,0.05,4633,143.27829412,6202,112,84.0,130216,0.0001,8.591341018676758
521052,0.05,4633,142.91833468,6203,112,84.0,130237,0.0001,0.33720922470092773
521136,0.05,4634,143.14278088999998,6204,112,84.0,130258,0.0001,7.387632846832275
521220,0.05,4635,142.79203610999997,6205,112,84.0,130279,0.0001,6.279581546783447
521304,0.05,4636,142.61686491999998,6206,112,84.0,130300,0.0001,1.0874253511428833
521388,0.05,4636,142.77996448,6207,112,84.0,130321,0.0001,3.1163768768310547
521472,0.05,4637,142.14889563,6208,112,84.0,130342,0.0001,0.9447067379951477
521556,0.05,4638,142.42979022999998,6209,112,84.0,130363,0.0001,0.7938323616981506
521640,0.05,4639,141.95930737,6210,112,84.0,130384,0.0001,14.132635116577148
521724,0.05,4640,142.48790126,6211,112,84.0,130405,0.0001,0.5860993266105652
521808,0.05,4640,141.95919678,6212,112,84.0,130426,0.0001,0.7414194345474243
521892,0.05,4641,142.71101483,6213,112,84.0,130447,0.0001,1.8378456830978394
521976,0.05,4642,143.09358335,6214,112,84.0,130468,0.0001,8.09235954284668
522060,0.05,4643,143.21426283,6215,112,84.0,130489,0.0001,1.063063144683838
522144,0.05,4643,142.10243041,6216,112,84.0,130510,0.0001,0.5893642902374268
522228,0.05,4644,142.21566767,6217,112,84.0,130531,0.0001,0.42983585596084595
522312,0.05,4645,141.78072214999997,6218,112,84.0,130552,0.0001,1.0838364362716675
522396,0.05,4646,141.54513093000003,6219,112,84.0,130573,0.0001,8.699393272399902
522480,0.05,4646,142.90784424,6220,112,84.0,130594,0.0001,0.7085064053535461
522564,0.05,4647,142.42417836,6221,112,84.0,130615,0.0001,7.613928318023682
522648,0.05,4648,143.95897049,6222,112,84.0,130636,0.0001,1.3642592430114746
522732,0.05,4649,144.7553479,6223,112,84.0,130657,0.0001,1.2061307430267334
522816,0.05,4649,144.42973343000003,6224,112,84.0,130678,0.0001,8.234241485595703
522900,0.05,4650,144.40979945,6225,112,84.0,130699,0.0001,1.1907708644866943
522984,0.05,4651,145.12751389000002,6226,112,84.0,130720,0.0001,6.870811462402344
523068,0.05,4652,145.29596757000002,6227,112,84.0,130741,0.0001,0.9683014154434204
523152,0.05,4653,145.23917143,6228,112,84.0,130762,0.0001,0.4894140362739563
523236,0.05,4653,145.2988612,6229,112,84.0,130783,0.0001,1.0188285112380981
523320,0.05,4654,145.46397066,6230,112,84.0,130804,0.0001,0.5749326944351196
523404,0.05,4655,145.27790404,6231,112,84.0,130825,0.0001,8.649480819702148
523488,0.05,4656,144.46513086,6232,112,84.0,130846,0.0001,7.733860969543457
523572,0.05,4656,144.17012736,6233,112,84.0,130867,0.0001,0.8937835097312927
523656,0.05,4657,144.47480281,6234,112,84.0,130888,0.0001,0.9298299551010132
523740,0.05,4658,144.99196152,6235,112,84.0,130909,0.0001,1.3165037631988525
523824,0.05,4659,144.65410733,6236,112,84.0,130930,0.0001,4.975433349609375
523908,0.05,4659,145.24422997,6237,112,84.0,130951,0.0001,0.9232884645462036
523992,0.05,4660,146.32521081,6238,112,84.0,130972,0.0001,0.5810741186141968
524076,0.05,4661,146.63751556999998,6239,112,84.0,130993,0.0001,0.8247551321983337
524160,0.05,4662,146.89932174,6240,112,84.0,131014,0.0001,5.011125564575195
524244,0.05,4663,147.80930084,6241,112,84.0,131035,0.0001,0.6578783988952637
524328,0.05,4663,148.2220716,6242,112,84.0,131056,0.0001,1.112438678741455
524412,0.05,4664,147.62558871,6243,112,84.0,131077,0.0001,6.561639308929443
524496,0.05,4665,147.92667228,6244,112,84.0,131098,0.0001,0.38787567615509033
524580,0.05,4666,147.67523737,6245,112,84.0,131119,0.0001,0.5521471500396729
524664,0.05,4666,147.79730479999998,6246,112,84.0,131140,0.0001,0.5667075514793396
524748,0.05,4667,147.41435525999998,6247,112,84.0,131161,0.0001,0.684607982635498
524832,0.05,4668,147.43780366999997,6248,112,84.0,131182,0.0001,0.5606834888458252
524916,0.05,4669,146.42351745999997,6249,112,84.0,131203,0.0001,0.9571744799613953
525000,0.05,4670,146.76231487999996,6250,112,84.0,131224,0.0001,0.5271841287612915
525084,0.05,4670,147.22102749999993,6251,112,84.0,131245,0.0001,5.892976760864258
525168,0.05,4671,147.70924053,6252,112,84.0,131266,0.0001,0.7272374629974365
525252,0.05,4672,148.18318534,6253,112,84.0,131287,0.0001,0.8138371706008911
525336,0.05,4673,148.38288958,6254,112,84.0,131308,0.0001,0.5086504817008972
525420,0.05,4673,148.76783157,6255,112,84.0,131329,0.0001,4.14052152633667
525504,0.05,4674,148.8399952,6256,112,84.0,131350,0.0001,1.910512924194336
525588,0.05,4675,148.64413634000002,6257,112,84.0,131371,0.0001,0.47476163506507874
525672,0.05,4676,149.71395063,6258,112,84.0,131392,0.0001,6.964659214019775
525756,0.05,4677,150.01740001,6259,112,84.0,131413,0.0001,0.4764755666255951
525840,0.05,4678,150.00732818999998,6260,112,84.0,131434,0.0001,5.57887601852417
525924,0.05,4679,150.34203062,6261,112,84.0,131455,0.0001,1.108466625213623
526008,0.05,4679,150.94720947999997,6262,112,84.0,131476,0.0001,0.5346108078956604
526092,0.05,4680,150.68068954000003,6263,112,84.0,131497,0.0001,1.7901424169540405
526176,0.05,4681,151.05977304,6264,112,84.0,131518,0.0001,11.701841354370117
526260,0.05,4682,151.21426259,6265,112,84.0,131539,0.0001,0.5279505252838135
526344,0.05,4683,151.93785142,6266,112,84.0,131560,0.0001,7.660881042480469
526428,0.05,4683,152.51447512000001,6267,112,84.0,131581,0.0001,0.41174066066741943
526512,0.05,4684,152.79539987,6268,112,84.0,131602,0.0001,5.580620765686035
526596,0.05,4685,152.2511861,6269,112,84.0,131623,0.0001,11.879400253295898
526680,0.05,4686,152.87775481999998,6270,112,84.0,131644,0.0001,5.272841453552246
526764,0.05,4686,152.93890979,6271,112,84.0,131665,0.0001,0.7256365418434143
526848,0.05,4687,153.35988408999998,6272,112,84.0,131686,0.0001,7.877064228057861
526932,0.05,4688,153.14273785999998,6273,112,84.0,131707,0.0001,1.022669792175293
527016,0.05,4689,152.63153913999997,6274,112,84.0,131728,0.0001,8.656547546386719
527100,0.05,4690,151.9519841,6275,112,84.0,131749,0.0001,5.263223648071289
527184,0.05,4691,151.89835192,6276,112,84.0,131770,0.0001,9.212617874145508
527268,0.05,4691,152.1575098,6277,112,84.0,131791,0.0001,0.9359011054039001
527352,0.05,4692,152.31122825,6278,112,84.0,131812,0.0001,0.6970648765563965
527436,0.05,4693,152.10894032,6279,112,84.0,131833,0.0001,1.4157358407974243
527520,0.05,4694,151.62896222999998,6280,112,84.0,131854,0.0001,7.335862636566162
527604,0.05,4695,150.83980671,6281,112,84.0,131875,0.0001,1.2007347345352173
527688,0.05,4695,149.93407421,6282,112,84.0,131896,0.0001,0.7100377082824707
527772,0.05,4696,150.07926692,6283,112,84.0,131917,0.0001,0.947236180305481
527856,0.05,4697,149.98216126,6284,112,84.0,131938,0.0001,1.4032057523727417
527940,0.05,4698,149.02988111,6285,112,84.0,131959,0.0001,0.5654428005218506
528024,0.05,4698,149.43928846,6286,112,84.0,131980,0.0001,0.7364264726638794
528108,0.05,4699,149.8646455,6287,112,84.0,132001,0.0001,0.7205854058265686
528192,0.05,4700,150.10245706,6288,112,84.0,132022,0.0001,0.722352147102356
528276,0.05,4701,150.17270120999999,6289,112,84.0,132043,0.0001,5.7228288650512695
528360,0.05,4702,149.76338298,6290,112,84.0,132064,0.0001,1.098144292831421
528444,0.05,4702,148.95128253000001,6291,112,84.0,132085,0.0001,5.997106552124023
528528,0.05,4703,148.38363138,6292,112,84.0,132106,0.0001,8.07624340057373
528612,0.05,4704,148.10414644,6293,112,84.0,132127,0.0001,7.11521053314209
528696,0.05,4705,148.06364476,6294,112,84.0,132148,0.0001,0.5979783535003662
528780,0.05,4706,148.31123652,6295,112,84.0,132169,0.0001,0.23815208673477173
528864,0.05,4706,149.04230096999999,6296,112,84.0,132190,0.0001,0.929121732711792
528948,0.05,4707,149.05017582000002,6297,112,84.0,132211,0.0001,1.3442349433898926
529032,0.05,4708,148.82368141999999,6298,112,84.0,132232,0.0001,1.7694125175476074
529116,0.05,4709,147.91643339,6299,112,84.0,132253,0.0001,0.6087623834609985
529200,0.05,4709,148.37228594,6300,112,84.0,132274,0.0001,1.058773398399353
529284,0.05,4710,149.48620259999998,6301,112,84.0,132295,0.0001,5.517123222351074
529368,0.05,4711,148.90862017999999,6302,112,84.0,132316,0.0001,6.778947353363037
529452,0.05,4712,148.62574801,6303,112,84.0,132337,0.0001,1.5773732662200928
529536,0.05,4713,147.66756157,6304,112,84.0,132358,0.0001,0.8314652442932129
529620,0.05,4713,147.43690928,6305,112,84.0,132379,0.0001,6.967852592468262
529704,0.05,4714,147.41465147,6306,112,84.0,132400,0.0001,6.695122718811035
529788,0.05,4715,147.21801544,6307,112,84.0,132421,0.0001,0.4490768313407898
529872,0.05,4716,147.22392003000002,6308,112,84.0,132442,0.0001,9.464282989501953
529956,0.05,4716,146.95007913,6309,112,84.0,132463,0.0001,0.574882447719574
530040,0.05,4717,147.30096498,6310,112,84.0,132484,0.0001,1.1535923480987549
530124,0.05,4718,146.85847950999997,6311,112,84.0,132505,0.0001,0.8150686621665955
530208,0.05,4719,146.82655957999998,6312,112,84.0,132526,0.0001,0.6957155466079712
530292,0.05,4720,147.41259036999998,6313,112,84.0,132547,0.0001,1.06493079662323
530376,0.05,4720,147.46662229999998,6314,112,84.0,132568,0.0001,0.6436269283294678
530460,0.05,4721,147.70036894999998,6315,112,84.0,132589,0.0001,0.6070024967193604
530544,0.05,4722,149.15190219,6316,112,84.0,132610,0.0001,1.1147615909576416
530628,0.05,4723,149.22217942,6317,112,84.0,132631,0.0001,1.2159481048583984
530712,0.05,4724,150.32670381,6318,112,84.0,132652,0.0001,0.682417631149292
530796,0.05,4724,150.53434111,6319,112,84.0,132673,0.0001,1.1441490650177002
530880,0.05,4725,149.78989477,6320,112,84.0,132694,0.0001,7.22141170501709
530964,0.05,4726,150.86076994999996,6321,112,84.0,132715,0.0001,10.902351379394531
531048,0.05,4726,150.62027203999997,6322,112,84.0,132736,0.0001,7.0392045974731445
531132,0.05,4727,151.0462767,6323,112,84.0,132757,0.0001,1.1647906303405762
531216,0.05,4728,151.30500782,6324,112,84.0,132778,0.0001,9.121638298034668
531300,0.05,4729,151.56892911,6325,112,84.0,132799,0.0001,0.7240188717842102
531384,0.05,4730,151.8177061,6326,112,84.0,132820,0.0001,0.618514895439148
531468,0.05,4730,152.34181514,6327,112,84.0,132841,0.0001,0.9179492592811584
531552,0.05,4731,152.42146055999999,6328,112,84.0,132862,0.0001,0.8757674098014832
531636,0.05,4732,152.37959704000002,6329,112,84.0,132883,0.0001,1.350839376449585
531720,0.05,4733,152.26017552000002,6330,112,84.0,132904,0.0001,1.0027989149093628
531804,0.05,4733,153.54294622,6331,112,84.0,132925,0.0001,0.3611926734447479
531888,0.05,4734,154.38059408,6332,112,84.0,132946,0.0001,0.7944534420967102
531972,0.05,4735,154.65806886000001,6333,112,84.0,132967,0.0001,1.3610765933990479
532056,0.05,4736,154.22960124,6334,112,84.0,132988,0.0001,1.535749077796936
532140,0.05,4737,154.1744221,6335,112,84.0,133009,0.0001,1.8926759958267212
532224,0.05,4737,155.0001982,6336,112,84.0,133030,0.0001,1.3829443454742432
532308,0.05,4738,154.44973038999998,6337,112,84.0,133051,0.0001,12.507607460021973
532392,0.05,4739,154.16415272999998,6338,112,84.0,133072,0.0001,8.08009147644043
532476,0.05,4740,154.20101283,6339,112,84.0,133093,0.0001,7.630017280578613
532560,0.05,4741,154.98224944999998,6340,112,84.0,133114,0.0001,0.7177268266677856
532644,0.05,4741,155.60506978,6341,112,84.0,133135,0.0001,0.6163425445556641
532728,0.05,4742,154.92896459999997,6342,112,84.0,133156,0.0001,0.7882476449012756
532812,0.05,4743,155.79664514,6343,112,84.0,133177,0.0001,1.3076205253601074
532896,0.05,4744,156.25042262,6344,112,84.0,133198,0.0001,0.841274619102478
532980,0.05,4745,156.75316926000002,6345,112,84.0,133219,0.0001,1.1002981662750244
533064,0.05,4745,157.06185785000002,6346,112,84.0,133240,0.0001,5.2804975509643555
533148,0.05,4746,157.28618666000003,6347,112,84.0,133261,0.0001,0.7482677698135376
533232,0.05,4747,157.75739049,6348,112,84.0,133282,0.0001,1.4862892627716064
533316,0.05,4748,158.73039491000003,6349,112,84.0,133303,0.0001,0.5964404940605164
533400,0.05,4749,158.40386330000004,6350,112,84.0,133324,0.0001,6.674190998077393
533484,0.05,4749,158.04573027000004,6351,112,84.0,133345,0.0001,11.19546127319336
533568,0.05,4750,157.73063703000003,6352,112,84.0,133366,0.0001,6.168049335479736
533652,0.05,4751,158.09157661000003,6353,112,84.0,133387,0.0001,6.626245021820068
533736,0.05,4752,158.38846002,6354,112,84.0,133408,0.0001,0.6724551320075989
533820,0.05,4753,158.42311902,6355,112,84.0,133429,0.0001,1.701928973197937
533904,0.05,4753,159.26376358,6356,112,84.0,133450,0.0001,0.6936683654785156
533988,0.05,4754,159.60134234,6357,112,84.0,133471,0.0001,0.5950426459312439
534072,0.05,4755,158.53969662000003,6358,112,84.0,133492,0.0001,0.6876568794250488
534156,0.05,4756,158.65877014,6359,112,84.0,133513,0.0001,0.8303209543228149
534240,0.05,4757,158.3609886,6360,112,84.0,133534,0.0001,1.4608234167099
534324,0.05,4757,158.24502610000002,6361,112,84.0,133555,0.0001,6.794387340545654
534408,0.05,4758,157.42598817,6362,112,84.0,133576,0.0001,14.148909568786621
534492,0.05,4759,158.26585442,6363,112,84.0,133597,0.0001,6.067715167999268
534576,0.05,4760,158.93817229,6364,112,84.0,133618,0.0001,1.306226372718811
534660,0.05,4761,159.99778179000003,6365,112,84.0,133639,0.0001,0.4604797959327698
534744,0.05,4762,160.04842514,6366,112,84.0,133660,0.0001,0.983081042766571
534828,0.05,4762,161.01456563,6367,112,84.0,133681,0.0001,0.3690803050994873
534912,0.05,4763,161.48497893,6368,112,84.0,133702,0.0001,0.6946056485176086
534996,0.05,4764,160.89738685,6369,112,84.0,133723,0.0001,1.1237008571624756
535080,0.05,4765,160.59510033,6370,112,84.0,133744,0.0001,0.5601519346237183
535164,0.05,4766,160.98642673999998,6371,112,84.0,133765,0.0001,0.392289936542511
535248,0.05,4767,161.55087898000002,6372,112,84.0,133786,0.0001,11.086331367492676
535332,0.05,4768,162.18054525000002,6373,112,84.0,133807,0.0001,0.6999797821044922
535416,0.05,4768,162.87738639,6374,112,84.0,133828,0.0001,1.0427675247192383
535500,0.05,4769,163.84789256,6375,112,84.0,133849,0.0001,3.0837321281433105
535584,0.05,4770,164.01505421000002,6376,112,84.0,133870,0.0001,0.9577921032905579
535668,0.05,4771,163.74944733,6377,112,84.0,133891,0.0001,0.9858801364898682
535752,0.05,4771,163.79567954,6378,112,84.0,133912,0.0001,1.1672306060791016
535836,0.05,4772,164.26792777999998,6379,112,84.0,133933,0.0001,1.6347181797027588
535920,0.05,4773,165.44200723000003,6380,112,84.0,133954,0.0001,1.594517707824707
536004,0.05,4774,166.65489806999997,6381,112,84.0,133975,0.0001,0.8519328832626343
536088,0.05,4775,167.88141385,6382,112,84.0,133996,0.0001,0.44820278882980347
536172,0.05,4776,168.50062198,6383,112,84.0,134017,0.0001,0.5763189792633057
536256,0.05,4777,169.15128363,6384,112,84.0,134038,0.0001,9.043971061706543
536340,0.05,4777,168.58199616000002,6385,112,84.0,134059,0.0001,0.480114609003067
536424,0.05,4778,168.42716778000005,6386,112,84.0,134080,0.0001,0.5556601285934448
536508,0.05,4779,168.65526479000005,6387,112,84.0,134101,0.0001,0.886402428150177
536592,0.05,4780,168.57615513000005,6388,112,84.0,134122,0.0001,1.5100772380828857
536676,0.05,4781,169.39402842000004,6389,112,84.0,134143,0.0001,5.307633876800537
536760,0.05,4781,169.84072427000004,6390,112,84.0,134164,0.0001,7.329308986663818
536844,0.05,4782,170.94563312999998,6391,112,84.0,134185,0.0001,1.0581754446029663
536928,0.05,4783,171.97770489,6392,112,84.0,134206,0.0001,12.566169738769531
537012,0.05,4784,172.96177179000003,6393,112,84.0,134227,0.0001,17.040376663208008
537096,0.05,4785,173.61972418000002,6394,112,84.0,134248,0.0001,5.863212585449219
537180,0.05,4785,174.1116848,6395,112,84.0,134269,0.0001,5.820747375488281
537264,0.05,4786,174.20143807,6396,112,84.0,134290,0.0001,9.639482498168945
537348,0.05,4787,174.8827307,6397,112,84.0,134311,0.0001,4.6124444007873535
537432,0.05,4788,175.04683571,6398,112,84.0,134332,0.0001,1.3046499490737915
537516,0.05,4789,176.13329805999993,6399,112,84.0,134353,0.0001,7.6825056076049805
537600,0.05,4790,176.93363802999997,6400,112,84.0,134374,0.0001,0.7433051466941833
537684,0.05,4790,177.11827248999998,6401,112,84.0,134395,0.0001,7.567882061004639
537768,0.05,4791,177.60504034,6402,112,84.0,134416,0.0001,0.4990452527999878
537852,0.05,4792,178.23392135999998,6403,112,84.0,134437,0.0001,0.7634984254837036
537936,0.05,4793,178.64299328,6404,112,84.0,134458,0.0001,7.368220329284668
538020,0.05,4794,180.04062474000003,6405,112,84.0,134479,0.0001,0.8610059022903442
538104,0.05,4794,180.41518179,6406,112,84.0,134500,0.0001,1.6065036058425903
538188,0.05,4795,179.87176134,6407,112,84.0,134521,0.0001,15.872908592224121
538272,0.05,4796,180.34269342,6408,112,84.0,134542,0.0001,1.0153274536132812
538356,0.05,4797,180.15169978999998,6409,112,84.0,134563,0.0001,0.6427012085914612
538440,0.05,4798,179.78636565,6410,112,84.0,134584,0.0001,1.3131203651428223
538524,0.05,4798,179.63553558,6411,112,84.0,134605,0.0001,0.9030599594116211
538608,0.05,4799,179.77666784999997,6412,112,84.0,134626,0.0001,1.1583421230316162
538692,0.05,4800,178.72568234,6413,112,84.0,134647,0.0001,7.364190578460693
538776,0.05,4801,178.90594783000003,6414,112,84.0,134668,0.0001,0.8244943022727966
538860,0.05,4801,178.99976608,6415,112,84.0,134689,0.0001,1.4121359586715698
538944,0.05,4802,179.66475037,6416,112,84.0,134710,0.0001,12.915485382080078
539028,0.05,4803,179.52674224000003,6417,112,84.0,134731,0.0001,3.9782304763793945
539112,0.05,4804,179.03734398,6418,112,84.0,134752,0.0001,0.7415794730186462
539196,0.05,4805,179.46785598,6419,112,84.0,134773,0.0001,0.5049720406532288
539280,0.05,4805,179.29089857,6420,112,84.0,134794,0.0001,0.9908784627914429
539364,0.05,4806,179.25902424,6421,112,84.0,134815,0.0001,1.061246633529663
539448,0.05,4807,179.24261066,6422,112,84.0,134836,0.0001,1.0204936265945435
539532,0.05,4808,178.72040044999997,6423,112,84.0,134857,0.0001,0.8144755363464355
539616,0.05,4809,178.85280430999998,6424,112,84.0,134878,0.0001,9.004348754882812
539700,0.05,4809,178.96532982,6425,112,84.0,134899,0.0001,0.8466925621032715
539784,0.05,4810,178.60985145000004,6426,112,84.0,134920,0.0001,6.14254903793335
539868,0.05,4811,178.81063449000004,6427,112,84.0,134941,0.0001,0.6411974430084229
539952,0.05,4812,179.04338300999999,6428,112,84.0,134962,0.0001,0.9403446912765503
540036,0.05,4813,179.24688561000002,6429,112,84.0,134983,0.0001,0.773725152015686
540120,0.05,4814,179.26891043,6430,112,84.0,135004,0.0001,6.494315147399902
540204,0.05,4814,178.53198770999995,6431,112,84.0,135025,0.0001,1.9366806745529175
540288,0.05,4815,178.57653811999998,6432,112,84.0,135046,0.0001,7.199842929840088
540372,0.05,4816,178.16516138999998,6433,112,84.0,135067,0.0001,6.558377265930176
540456,0.05,4817,178.15033172,6434,112,84.0,135088,0.0001,0.5358250141143799
540540,0.05,4818,177.71599702999995,6435,112,84.0,135109,0.0001,0.838329553604126
540624,0.05,4818,177.58595933,6436,112,84.0,135130,0.0001,0.6061168909072876
540708,0.05,4819,177.47151209999996,6437,112,84.0,135151,0.0001,0.664962649345398
540792,0.05,4820,178.09023252999998,6438,112,84.0,135172,0.0001,0.9188302755355835
540876,0.05,4821,175.81217564,6439,112,84.0,135193,0.0001,1.0711528062820435
540960,0.05,4821,175.30210487,6440,112,84.0,135214,0.0001,0.4407150149345398
541044,0.05,4822,175.03209278999998,6441,112,84.0,135235,0.0001,7.102402210235596
541128,0.05,4823,175.79522137999996,6442,112,84.0,135256,0.0001,0.9378103613853455
541212,0.05,4824,175.81845042999998,6443,112,84.0,135277,0.0001,0.46988070011138916
541296,0.05,4825,176.34975592000004,6444,112,84.0,135298,0.0001,0.6950725317001343
541380,0.05,4825,176.69071866000002,6445,112,84.0,135319,0.0001,0.35379594564437866
541464,0.05,4826,176.6566693,6446,112,84.0,135340,0.0001,13.12977409362793
541548,0.05,4827,176.74448741,6447,112,84.0,135361,0.0001,0.8921208381652832
541632,0.05,4828,176.73358115,6448,112,84.0,135382,0.0001,0.9133243560791016
541716,0.05,4828,176.65302390999997,6449,112,84.0,135403,0.0001,0.878930389881134
541800,0.05,4829,177.28066276999994,6450,112,84.0,135424,0.0001,1.1266283988952637
541884,0.05,4830,177.83565725999998,6451,112,84.0,135445,0.0001,1.3116204738616943
541968,0.05,4831,179.32951068999995,6452,112,84.0,135466,0.0001,1.390351414680481
542052,0.05,4832,179.45293442,6453,112,84.0,135487,0.0001,0.8422749638557434
542136,0.05,4833,179.58282715999997,6454,112,84.0,135508,0.0001,0.8238189220428467
542220,0.05,4833,179.46349318999998,6455,112,84.0,135529,0.0001,1.0748674869537354
542304,0.05,4834,179.28304006,6456,112,84.0,135550,0.0001,1.3958244323730469
542388,0.05,4835,179.61786012000002,6457,112,84.0,135571,0.0001,1.4900927543640137
542472,0.05,4836,180.48794850000002,6458,112,84.0,135592,0.0001,1.3097575902938843
542556,0.05,4836,180.85402216000003,6459,112,84.0,135613,0.0001,0.4614420235157013
542640,0.05,4837,181.68525862,6460,112,84.0,135634,0.0001,0.37135225534439087
542724,0.05,4838,182.27202572000004,6461,112,84.0,135655,0.0001,0.6822876334190369
542808,0.05,4839,183.22054536000005,6462,112,84.0,135676,0.0001,0.5564969778060913
542892,0.05,4839,183.84773805,6463,112,84.0,135697,0.0001,7.120554447174072
542976,0.05,4840,184.24776346,6464,112,84.0,135718,0.0001,0.6439481973648071
543060,0.05,4841,183.43201409000002,6465,112,84.0,135739,0.0001,0.797355055809021
543144,0.05,4842,182.96060290999998,6466,112,84.0,135760,0.0001,0.9975072741508484
543228,0.05,4842,182.60148528999997,6467,112,84.0,135781,0.0001,6.004923343658447
543312,0.05,4843,182.70306344,6468,112,84.0,135802,0.0001,0.5133577585220337
543396,0.05,4844,184.16090556,6469,112,84.0,135823,0.0001,0.6819641590118408
543480,0.05,4845,184.15466927999998,6470,112,84.0,135844,0.0001,6.902976036071777
543564,0.05,4845,185.01076078000003,6471,112,84.0,135865,0.0001,1.2583153247833252
543648,0.05,4846,185.15742827000003,6472,112,84.0,135886,0.0001,1.242328405380249
543732,0.05,4847,185.06805556999996,6473,112,84.0,135907,0.0001,7.46639347076416
543816,0.05,4848,184.79465002999999,6474,112,84.0,135928,0.0001,0.5166665315628052
543900,0.05,4849,184.17336096,6475,112,84.0,135949,0.0001,1.0967934131622314
543984,0.05,4849,183.64832607999998,6476,112,84.0,135970,0.0001,9.112196922302246
544068,0.05,4850,184.81059093999997,6477,112,84.0,135991,0.0001,0.9677712917327881
544152,0.05,4851,183.69163029999999,6478,112,84.0,136012,0.0001,0.6205028295516968
544236,0.05,4852,183.09843409999996,6479,112,84.0,136033,0.0001,5.485034465789795
544320,0.05,4853,183.12787686999997,6480,112,84.0,136054,0.0001,0.4348304569721222
544404,0.05,4853,183.41293735999992,6481,112,84.0,136075,0.0001,12.17666244506836
544488,0.05,4854,183.47394248999998,6482,112,84.0,136096,0.0001,0.6171937584877014
544572,0.05,4855,183.18917481,6483,112,84.0,136117,0.0001,26.268108367919922
544656,0.05,4856,182.95378526000002,6484,112,84.0,136138,0.0001,6.696734428405762
544740,0.05,4857,183.93512976999997,6485,112,84.0,136159,0.0001,0.9281853437423706
544824,0.05,4857,184.89495333,6486,112,84.0,136180,0.0001,0.8617660999298096
544908,0.05,4858,185.04037001999998,6487,112,84.0,136201,0.0001,6.73624849319458
544992,0.05,4859,185.23168299,6488,112,84.0,136222,0.0001,2.4991698265075684
545076,0.05,4860,183.88579485000002,6489,112,84.0,136243,0.0001,1.3879492282867432
545160,0.05,4861,184.01455025000004,6490,112,84.0,136264,0.0001,6.845439434051514
545244,0.05,4862,184.23293883000002,6491,112,84.0,136285,0.0001,13.24534797668457
545328,0.05,4862,183.56484041000004,6492,112,84.0,136306,0.0001,2.289656400680542
545412,0.05,4863,183.11527097,6493,112,84.0,136327,0.0001,0.5845922827720642
545496,0.05,4864,182.84857580000005,6494,112,84.0,136348,0.0001,0.5382885932922363
545580,0.05,4865,182.44613844000003,6495,112,84.0,136369,0.0001,1.2498340606689453
545664,0.05,4866,181.89583144000005,6496,112,84.0,136390,0.0001,4.923171043395996
545748,0.05,4867,181.27748166000003,6497,112,84.0,136411,0.0001,0.8733127117156982
545832,0.05,4867,182.15365597,6498,112,84.0,136432,0.0001,12.450128555297852
545916,0.05,4868,182.34056773,6499,112,84.0,136453,0.0001,0.9932764768600464
546000,0.05,4869,182.34117565999998,6500,112,84.0,136474,0.0001,8.519912719726562
546084,0.05,4869,181.99639913999997,6501,112,84.0,136495,0.0001,1.2346192598342896
546168,0.05,4870,181.58183439999993,6502,112,84.0,136516,0.0001,0.5999588966369629
546252,0.05,4871,181.88566544999998,6503,112,84.0,136537,0.0001,1.1157863140106201
546336,0.05,4872,182.87331220999997,6504,112,84.0,136558,0.0001,22.14030647277832
546420,0.05,4873,182.23044640999996,6505,112,84.0,136579,0.0001,0.8828909397125244
546504,0.05,4873,181.67796643999998,6506,112,84.0,136600,0.0001,0.8549618721008301
546588,0.05,4874,182.17918276,6507,112,84.0,136621,0.0001,0.6698534488677979
546672,0.05,4875,182.80880925000002,6508,112,84.0,136642,0.0001,5.275877475738525
546756,0.05,4876,183.82915331,6509,112,84.0,136663,0.0001,0.9727749824523926
546840,0.05,4877,184.32186136000004,6510,112,84.0,136684,0.0001,9.072593688964844
546924,0.05,4877,185.02202040000003,6511,112,84.0,136705,0.0001,0.5425662994384766
547008,0.05,4878,185.73353073000007,6512,112,84.0,136726,0.0001,7.270125389099121
547092,0.05,4879,186.39207462000002,6513,112,84.0,136747,0.0001,1.6271414756774902
547176,0.05,4880,185.95454341000007,6514,112,84.0,136768,0.0001,2.2029268741607666
547260,0.05,4880,185.73731024000006,6515,112,84.0,136789,0.0001,6.638887882232666
547344,0.05,4881,184.75778241000003,6516,112,84.0,136810,0.0001,0.6120051145553589
547428,0.05,4882,184.71230853,6517,112,84.0,136831,0.0001,0.4919757843017578
547512,0.05,4883,185.31496809000004,6518,112,84.0,136852,0.0001,0.6771823167800903
547596,0.05,4884,185.97118086000003,6519,112,84.0,136873,0.0001,0.7038414478302002
547680,0.05,4884,186.78279095999997,6520,112,84.0,136894,0.0001,1.5934141874313354
547764,0.05,4885,186.41126678,6521,112,84.0,136915,0.0001,0.9626349210739136
547848,0.05,4886,186.46154438999997,6522,112,84.0,136936,0.0001,0.6474027037620544
547932,0.05,4887,187.06963639999998,6523,112,84.0,136957,0.0001,0.6123546361923218
548016,0.05,4888,187.11897266,6524,112,84.0,136978,0.0001,0.5481923818588257
548100,0.05,4888,187.02437978,6525,112,84.0,136999,0.0001,0.529438853263855
548184,0.05,4889,187.13167848999998,6526,112,84.0,137020,0.0001,0.4856511950492859
548268,0.05,4890,186.76371373,6527,112,84.0,137041,0.0001,0.8480469584465027
548352,0.05,4891,186.80005086,6528,112,84.0,137062,0.0001,0.4456241726875305
548436,0.05,4891,187.29346543,6529,112,84.0,137083,0.0001,6.303544998168945
548520,0.05,4892,187.25601215000003,6530,112,84.0,137104,0.0001,8.709135055541992
548604,0.05,4893,187.5457354,6531,112,84.0,137125,0.0001,1.2037973403930664
548688,0.05,4894,188.04935955000005,6532,112,84.0,137146,0.0001,0.5586742162704468
548772,0.05,4895,188.53764402000004,6533,112,84.0,137167,0.0001,1.7307851314544678
548856,0.05,4895,188.31729687000004,6534,112,84.0,137188,0.0001,1.149937629699707
548940,0.05,4896,188.65947443000005,6535,112,84.0,137209,0.0001,1.0257008075714111
549024,0.05,4897,189.09326626,6536,112,84.0,137230,0.0001,0.7010924816131592
549108,0.05,4898,188.66063381000004,6537,112,84.0,137251,0.0001,8.429298400878906
549192,0.05,4899,187.7645516,6538,112,84.0,137272,0.0001,0.8246628046035767
549276,0.05,4900,188.97043712,6539,112,84.0,137293,0.0001,3.043041229248047
549360,0.05,4901,189.77152224999998,6540,112,84.0,137314,0.0001,0.6528111696243286
549444,0.05,4902,189.79215727,6541,112,84.0,137335,0.0001,0.8488059043884277
549528,0.05,4903,190.15196833,6542,112,84.0,137356,0.0001,6.409365653991699
549612,0.05,4903,189.42947042,6543,112,84.0,137377,0.0001,6.222713470458984
549696,0.05,4904,188.73564389999999,6544,112,84.0,137398,0.0001,0.8958959579467773
549780,0.05,4905,188.0714004900001,6545,112,84.0,137419,0.0001,0.7530721426010132
549864,0.05,4906,188.07537420000006,6546,112,84.0,137440,0.0001,7.651433944702148
549948,0.05,4907,187.90092113000006,6547,112,84.0,137461,0.0001,5.485125541687012
550032,0.05,4907,187.92555176999997,6548,112,84.0,137482,0.0001,7.141310691833496
550116,0.05,4908,188.57962884,6549,112,84.0,137503,0.0001,0.6613994836807251
550200,0.05,4909,187.53851817000003,6550,112,84.0,137524,0.0001,0.5046963691711426
550284,0.05,4910,187.35287815,6551,112,84.0,137545,0.0001,0.7958635091781616
550368,0.05,4911,185.93953112000003,6552,112,84.0,137566,0.0001,1.1443850994110107
550452,0.05,4911,184.51027684000005,6553,112,84.0,137587,0.0001,9.425748825073242
550536,0.05,4912,184.19622374000002,6554,112,84.0,137608,0.0001,1.4772342443466187
550620,0.05,4913,185.11000492,6555,112,84.0,137629,0.0001,0.771589994430542
550704,0.05,4914,185.58133073000002,6556,112,84.0,137650,0.0001,1.080317735671997
550788,0.05,4915,185.43292744000001,6557,112,84.0,137671,0.0001,0.4768472909927368
550872,0.05,4916,185.68917534000005,6558,112,84.0,137692,0.0001,0.9028472900390625
550956,0.05,4917,185.26360221000002,6559,112,84.0,137713,0.0001,6.944207668304443
551040,0.05,4917,184.58148784000005,6560,112,84.0,137734,0.0001,0.7121049165725708
551124,0.05,4918,184.69875944000003,6561,112,84.0,137755,0.0001,6.351521015167236
551208,0.05,4919,183.92239288000002,6562,112,84.0,137776,0.0001,1.6926876306533813
551292,0.05,4920,182.94123580999997,6563,112,84.0,137797,0.0001,9.157868385314941
551376,0.05,4921,182.84926009999995,6564,112,84.0,137818,0.0001,4.59873104095459
551460,0.05,4921,183.81905606,6565,112,84.0,137839,0.0001,0.8510491847991943
551544,0.05,4922,185.01234695,6566,112,84.0,137860,0.0001,6.411808490753174
551628,0.05,4923,185.75532794,6567,112,84.0,137881,0.0001,0.734445333480835
551712,0.05,4924,185.73042929999997,6568,112,84.0,137902,0.0001,1.0108740329742432
551796,0.05,4925,185.76647151,6569,112,84.0,137923,0.0001,0.7567636370658875
551880,0.05,4925,186.61748223999996,6570,112,84.0,137944,0.0001,12.265830039978027
551964,0.05,4926,186.89962794,6571,112,84.0,137965,0.0001,7.858023643493652
552048,0.05,4927,186.99306535,6572,112,84.0,137986,0.0001,7.710173606872559
552132,0.05,4928,187.56881925000002,6573,112,84.0,138007,0.0001,1.0862796306610107
552216,0.05,4929,187.13912822999998,6574,112,84.0,138028,0.0001,0.7216982245445251
552300,0.05,4929,188.67707386,6575,112,84.0,138049,0.0001,0.5173472166061401
552384,0.05,4930,189.78118144000004,6576,112,84.0,138070,0.0001,0.8166580200195312
552468,0.05,4931,188.51463254,6577,112,84.0,138091,0.0001,1.0486640930175781
552552,0.05,4932,189.78232501000002,6578,112,84.0,138112,0.0001,8.78177547454834
552636,0.05,4933,190.46805834999995,6579,112,84.0,138133,0.0001,0.9513811469078064
552720,0.05,4933,190.32741840999995,6580,112,84.0,138154,0.0001,1.1701726913452148
552804,0.05,4934,189.66220717999997,6581,112,84.0,138175,0.0001,1.2171001434326172
552888,0.05,4935,189.75908143999993,6582,112,84.0,138196,0.0001,0.4138782024383545
552972,0.05,4936,190.13184679999995,6583,112,84.0,138217,0.0001,1.2090559005737305
553056,0.05,4937,190.00737653999997,6584,112,84.0,138238,0.0001,11.921635627746582
553140,0.05,4938,189.96136051000002,6585,112,84.0,138259,0.0001,0.34770575165748596
553224,0.05,4938,189.67067145999997,6586,112,84.0,138280,0.0001,0.4611057639122009
553308,0.05,4939,189.98361047000003,6587,112,84.0,138301,0.0001,6.084630966186523
553392,0.05,4940,190.67275354999998,6588,112,84.0,138322,0.0001,1.0337677001953125
553476,0.05,4941,191.75524542000002,6589,112,84.0,138343,0.0001,0.46732211112976074
553560,0.05,4942,192.57466322,6590,112,84.0,138364,0.0001,0.5759555697441101
553644,0.05,4943,192.06131475000007,6591,112,84.0,138385,0.0001,0.7519334554672241
553728,0.05,4943,192.91037188000007,6592,112,84.0,138406,0.0001,7.082513332366943
553812,0.05,4944,193.72481006000007,6593,112,84.0,138427,0.0001,10.86567497253418
553896,0.05,4945,193.43589915,6594,112,84.0,138448,0.0001,0.6138025522232056
553980,0.05,4946,194.43856355,6595,111,84.0,138469,0.0001,1.3146603107452393
554064,0.05,4946,195.85490516,6596,112,84.0,138490,0.0001,0.8969961404800415
554148,0.05,4947,195.88058223999997,6597,111,84.0,138511,0.0001,0.47920331358909607
554232,0.05,4948,195.94961272999993,6598,111,84.0,138532,0.0001,0.6636302471160889
554316,0.05,4949,196.00788513999996,6599,111,84.0,138553,0.0001,0.7629082202911377
554400,0.05,4950,196.02961234999998,6600,111,84.0,138574,0.0001,0.6358588337898254
554484,0.05,4951,195.42853750999998,6601,111,84.0,138595,0.0001,0.8817135095596313
554568,0.05,4951,195.67006368,6602,111,84.0,138616,0.0001,3.1576485633850098
554652,0.05,4952,195.25105549,6603,111,84.0,138637,0.0001,14.387590408325195
554736,0.05,4953,194.60341419999997,6604,111,84.0,138658,0.0001,0.9944334030151367
554820,0.05,4954,194.51348894999998,6605,111,84.0,138679,0.0001,1.6804214715957642
554904,0.05,4955,195.78856404,6606,111,84.0,138700,0.0001,0.530781626701355
554988,0.05,4955,195.86233313999998,6607,111,84.0,138721,0.0001,12.832615852355957
555072,0.05,4956,194.75019788,6608,111,84.0,138742,0.0001,6.239574909210205
555156,0.05,4957,193.76091994999996,6609,111,84.0,138763,0.0001,0.7181816101074219
555240,0.05,4958,193.24850443,6610,111,84.0,138784,0.0001,1.150404930114746
555324,0.05,4958,192.64852211999997,6611,111,84.0,138805,0.0001,1.1222515106201172
555408,0.05,4959,192.91704931,6612,111,84.0,138826,0.0001,0.7562366127967834
555492,0.05,4960,192.59436597,6613,111,84.0,138847,0.0001,7.184886932373047
555576,0.05,4961,192.80749630000003,6614,111,84.0,138868,0.0001,0.35364586114883423
555660,0.05,4962,193.57252942000002,6615,111,84.0,138889,0.0001,2.086787223815918
555744,0.05,4963,194.20518188000003,6616,111,84.0,138910,0.0001,4.351292610168457
555828,0.05,4963,194.30478248,6617,111,84.0,138931,0.0001,1.1148841381072998
555912,0.05,4964,192.94652817,6618,111,84.0,138952,0.0001,0.944279134273529
555996,0.05,4965,192.17704212999996,6619,111,84.0,138973,0.0001,0.6027311682701111
556080,0.05,4966,191.86391611,6620,111,84.0,138994,0.0001,1.0905686616897583
556164,0.05,4967,192.31423988000003,6621,111,84.0,139015,0.0001,13.099180221557617
556248,0.05,4968,192.22827578000005,6622,111,84.0,139036,0.0001,0.4993627667427063
556332,0.05,4968,191.99933818000002,6623,111,84.0,139057,0.0001,0.6505878567695618
556416,0.05,4969,192.09779481,6624,111,84.0,139078,0.0001,4.926285743713379
556500,0.05,4970,192.15768789999998,6625,111,84.0,139099,0.0001,0.7464261651039124
556584,0.05,4971,192.2998842,6626,111,84.0,139120,0.0001,0.6822720170021057
556668,0.05,4972,192.53383874,6627,111,84.0,139141,0.0001,0.31035321950912476
556752,0.05,4972,192.91810635000002,6628,111,84.0,139162,0.0001,6.76630163192749
556836,0.05,4973,192.64325394000002,6629,111,84.0,139183,0.0001,0.5994452238082886
556920,0.05,4974,193.09125773000002,6630,111,84.0,139204,0.0001,0.9199962019920349
557004,0.05,4975,193.46344604,6631,111,84.0,139225,0.0001,2.864166498184204
557088,0.05,4976,194.22508592999998,6632,111,84.0,139246,0.0001,7.015176773071289
557172,0.05,4976,194.53123195999996,6633,111,84.0,139267,0.0001,0.6722718477249146
557256,0.05,4977,195.46845634999997,6634,111,84.0,139288,0.0001,1.0287036895751953
557340,0.05,4978,194.99795375000002,6635,111,84.0,139309,0.0001,0.882129430770874
557424,0.05,4979,194.55700276000005,6636,111,84.0,139330,0.0001,0.7795742750167847
557508,0.05,4979,194.98526142000006,6637,111,84.0,139351,0.0001,0.6155459880828857
557592,0.05,4980,196.42844805000004,6638,111,84.0,139372,0.0001,8.749382972717285
557676,0.05,4981,197.39248091000005,6639,111,84.0,139393,0.0001,0.982515811920166
557760,0.05,4982,197.14141645000004,6640,111,84.0,139414,0.0001,7.412917137145996
557844,0.05,4982,196.66980560000005,6641,111,84.0,139435,0.0001,0.6890854239463806
557928,0.05,4983,195.99357640000002,6642,111,84.0,139456,0.0001,1.414778470993042
558012,0.05,4984,196.51135861000003,6643,111,84.0,139477,0.0001,5.7807722091674805
558096,0.05,4985,196.4139225,6644,111,84.0,139498,0.0001,5.781810283660889
558180,0.05,4986,197.20147252000004,6645,111,84.0,139519,0.0001,0.8394920825958252
558264,0.05,4986,197.13843146,6646,111,84.0,139540,0.0001,6.54322624206543
558348,0.05,4987,197.82253492,6647,111,84.0,139561,0.0001,7.2905426025390625
558432,0.05,4988,197.84406131,6648,111,84.0,139582,0.0001,0.4525938630104065
558516,0.05,4989,198.27678158999998,6649,111,84.0,139603,0.0001,0.41861048340797424
558600,0.05,4990,199.12953905000003,6650,111,84.0,139624,0.0001,0.9230004549026489
558684,0.05,4990,199.76829439999997,6651,111,84.0,139645,0.0001,5.818140029907227
558768,0.05,4991,200.50260769,6652,111,84.0,139666,0.0001,0.4871590733528137
558852,0.05,4992,202.15467387000004,6653,111,84.0,139687,0.0001,1.021010160446167
558936,0.05,4993,202.1138954,6654,111,84.0,139708,0.0001,12.394611358642578
559020,0.05,4993,201.3840738,6655,111,84.0,139729,0.0001,0.4611058831214905
559104,0.05,4994,201.4178046,6656,111,84.0,139750,0.0001,1.2380313873291016
559188,0.05,4995,201.2866457,6657,111,84.0,139771,0.0001,5.581921100616455
559272,0.05,4996,201.21321020000002,6658,111,84.0,139792,0.0001,0.8305140137672424
559356,0.05,4996,200.89117321,6659,111,84.0,139813,0.0001,9.124916076660156
559440,0.05,4997,201.49032814999998,6660,111,84.0,139834,0.0001,0.44467663764953613
559524,0.05,4998,201.31609423999998,6661,111,84.0,139855,0.0001,0.6631793975830078
559608,0.05,4999,201.84043025,6662,111,84.0,139876,0.0001,9.38252067565918
559692,0.05,4999,202.27798716000004,6663,111,84.0,139897,0.0001,0.47037622332572937
559776,0.05,5000,202.19379293000003,6664,111,84.0,139918,0.0001,0.3806188404560089
559860,0.05,5001,202.26486479000008,6665,111,84.0,139939,0.0001,4.834258079528809
559944,0.05,5002,201.56571947000003,6666,111,84.0,139960,0.0001,0.867538571357727
560028,0.05,5002,201.14356929000002,6667,111,84.0,139981,0.0001,0.9987632036209106
560112,0.05,5003,201.33649441,6668,111,84.0,140002,0.0001,0.8318185806274414
560196,0.05,5004,201.23379996,6669,111,84.0,140023,0.0001,0.7330586910247803
560280,0.05,5005,201.17769838999996,6670,111,84.0,140044,0.0001,0.7556091547012329
560364,0.05,5005,200.82708308999997,6671,111,84.0,140065,0.0001,0.7071524858474731
560448,0.05,5006,200.53907750999994,6672,111,84.0,140086,0.0001,6.4997968673706055
560532,0.05,5007,200.19449365999998,6673,111,84.0,140107,0.0001,0.8082389235496521
560616,0.05,5008,201.29541872,6674,111,84.0,140128,0.0001,9.388296127319336
560700,0.05,5008,200.73655141999996,6675,111,84.0,140149,0.0001,1.0406080484390259
560784,0.05,5009,201.22246735000002,6676,111,84.0,140170,0.0001,1.0525808334350586
560868,0.05,5010,202.47209655000003,6677,111,84.0,140191,0.0001,6.275887489318848
560952,0.05,5011,202.41180286,6678,111,84.0,140212,0.0001,0.5444186925888062
561036,0.05,5012,202.57987236000005,6679,111,84.0,140233,0.0001,0.5732434988021851
561120,0.05,5012,203.01828419,6680,111,84.0,140254,0.0001,0.6238985061645508
561204,0.05,5013,204.08587655999997,6681,111,84.0,140275,0.0001,0.8098644614219666
561288,0.05,5014,204.51100604999996,6682,111,84.0,140296,0.0001,0.6414939165115356
561372,0.05,5015,204.61601097999994,6683,111,84.0,140317,0.0001,7.6331095695495605
561456,0.05,5016,204.95594955999994,6684,111,84.0,140338,0.0001,0.5384905338287354
561540,0.05,5016,205.47146808999997,6685,111,84.0,140359,0.0001,0.7058920860290527
561624,0.05,5017,205.86074765000004,6686,111,84.0,140380,0.0001,0.5666391253471375
561708,0.05,5018,206.29632375,6687,111,84.0,140401,0.0001,0.5450886487960815
561792,0.05,5019,206.09248214000002,6688,111,84.0,140422,0.0001,0.584541916847229
561876,0.05,5019,205.57247772000002,6689,111,84.0,140443,0.0001,1.2244446277618408
561960,0.05,5020,204.76396746000003,6690,111,84.0,140464,0.0001,0.9895378947257996
562044,0.05,5021,205.06568098000002,6691,111,84.0,140485,0.0001,0.6687480211257935
562128,0.05,5022,205.38259910000005,6692,111,84.0,140506,0.0001,0.6343784332275391
562212,0.05,5023,205.72328879000005,6693,111,84.0,140527,0.0001,0.6984719634056091
562296,0.05,5023,206.21842295000002,6694,111,84.0,140548,0.0001,0.41020992398262024
562380,0.05,5024,205.25146521000005,6695,111,84.0,140569,0.0001,0.7204544544219971
562464,0.05,5025,204.57934281000004,6696,111,84.0,140590,0.0001,0.5120651721954346
562548,0.05,5026,204.52507404000005,6697,111,84.0,140611,0.0001,6.634336948394775
562632,0.05,5027,203.93473358000003,6698,111,84.0,140632,0.0001,0.6927597522735596
562716,0.05,5028,203.11928460000001,6699,111,84.0,140653,0.0001,1.7429049015045166
562800,0.05,5028,203.12739384,6700,111,84.0,140674,0.0001,0.7817609310150146
562884,0.05,5029,204.33299949999997,6701,111,84.0,140695,0.0001,0.6879627108573914
562968,0.05,5030,205.14013020999994,6702,111,84.0,140716,0.0001,9.010157585144043
563052,0.05,5031,205.0456658,6703,111,84.0,140737,0.0001,9.493064880371094
563136,0.05,5032,205.37387113,6704,111,84.0,140758,0.0001,6.793318271636963
563220,0.05,5033,205.64761085,6705,111,84.0,140779,0.0001,0.9607536196708679
563304,0.05,5033,205.92169510000002,6706,111,84.0,140800,0.0001,0.8016852140426636
563388,0.05,5034,206.68999139,6707,111,84.0,140821,0.0001,8.327800750732422
563472,0.05,5035,207.79828153000003,6708,111,84.0,140842,0.0001,8.001096725463867
563556,0.05,5036,209.17932413000003,6709,111,84.0,140863,0.0001,0.6162530183792114
563640,0.05,5036,210.42211907000004,6710,111,84.0,140884,0.0001,0.8713003993034363
563724,0.05,5037,210.25512659,6711,111,84.0,140905,0.0001,0.9481086134910583
563808,0.05,5038,210.66417429,6712,111,84.0,140926,0.0001,14.469188690185547
563892,0.05,5039,210.89358119000005,6713,111,84.0,140947,0.0001,0.593889057636261
563976,0.05,5039,210.31248347000002,6714,111,84.0,140968,0.0001,8.065622329711914
564060,0.05,5040,210.46341995999998,6715,111,84.0,140989,0.0001,8.107184410095215
564144,0.05,5041,210.96205887,6716,111,84.0,141010,0.0001,6.1025896072387695
564228,0.05,5042,211.79308694999997,6717,111,84.0,141031,0.0001,0.8352584838867188
564312,0.05,5043,213.42022393999997,6718,111,84.0,141052,0.0001,1.8729248046875
564396,0.05,5043,214.04291687,6719,111,84.0,141073,0.0001,0.8058570623397827
564480,0.05,5044,214.81702610999997,6720,111,84.0,141094,0.0001,15.995325088500977
564564,0.05,5045,215.25079961,6721,111,84.0,141115,0.0001,0.8331172466278076
564648,0.05,5046,215.53112993,6722,111,84.0,141136,0.0001,0.4780403971672058
564732,0.05,5047,215.88541765999997,6723,111,84.0,141157,0.0001,0.5348953604698181
564816,0.05,5047,216.11593190999997,6724,111,84.0,141178,0.0001,7.66518497467041
564900,0.05,5048,216.27643708999997,6725,111,84.0,141199,0.0001,9.105676651000977
564984,0.05,5049,216.47101364999997,6726,111,84.0,141220,0.0001,0.7222895622253418
565068,0.05,5050,216.05641902,6727,111,84.0,141241,0.0001,0.8704468607902527
565152,0.05,5050,215.88942583999997,6728,111,84.0,141262,0.0001,1.1238561868667603
565236,0.05,5051,215.72674612999995,6729,111,84.0,141283,0.0001,6.525200366973877
565320,0.05,5052,215.74754732999997,6730,111,84.0,141304,0.0001,0.37067359685897827
565404,0.05,5053,216.34784251999997,6731,111,84.0,141325,0.0001,0.7998007535934448
565488,0.05,5053,215.13749244000002,6732,111,84.0,141346,0.0001,0.6216561794281006
565572,0.05,5054,215.51190978,6733,111,84.0,141367,0.0001,1.6031882762908936
565656,0.05,5055,215.72442750999994,6734,111,84.0,141388,0.0001,0.667751669883728
565740,0.05,5056,216.53126274999994,6735,111,84.0,141409,0.0001,7.208888530731201
565824,0.05,5057,217.41134262,6736,111,84.0,141430,0.0001,7.207891941070557
565908,0.05,5058,218.52700173999997,6737,111,84.0,141451,0.0001,1.635645866394043
565992,0.05,5058,218.55752241,6738,111,84.0,141472,0.0001,0.3941836953163147
566076,0.05,5059,219.36310265999998,6739,111,84.0,141493,0.0001,0.42590102553367615
566160,0.05,5060,219.83567180999998,6740,111,84.0,141514,0.0001,1.0824109315872192
566244,0.05,5061,220.50772267,6741,111,84.0,141535,0.0001,7.542527198791504
566328,0.05,5062,221.20448438,6742,111,84.0,141556,0.0001,0.6225576400756836
566412,0.05,5062,220.76072046999997,6743,111,84.0,141577,0.0001,0.5818796157836914
566496,0.05,5063,221.18792231,6744,111,84.0,141598,0.0001,6.9829020500183105
566580,0.05,5064,221.61115843,6745,111,84.0,141619,0.0001,0.4548725187778473
566664,0.05,5065,221.21154954000002,6746,111,84.0,141640,0.0001,5.2692461013793945
566748,0.05,5066,220.29749477000001,6747,111,84.0,141661,0.0001,1.0558549165725708
566832,0.05,5067,220.45611366999998,6748,111,84.0,141682,0.0001,12.883855819702148
566916,0.05,5068,219.99546834,6749,111,84.0,141703,0.0001,1.4229204654693604
567000,0.05,5068,220.26268093,6750,111,84.0,141724,0.0001,0.633561372756958
567084,0.05,5069,220.09814647999997,6751,111,84.0,141745,0.0001,1.0175180435180664
567168,0.05,5070,219.91769649999995,6752,111,84.0,141766,0.0001,0.7408018112182617
567252,0.05,5071,220.18442352999998,6753,111,84.0,141787,0.0001,1.2924847602844238
567336,0.05,5071,220.91721512,6754,111,84.0,141808,0.0001,0.3594941794872284
567420,0.05,5072,221.02398622,6755,111,84.0,141829,0.0001,0.508569061756134
567504,0.05,5073,219.41278096,6756,111,84.0,141850,0.0001,0.6520305275917053
567588,0.05,5074,219.13903495,6757,111,84.0,141871,0.0001,0.4912543296813965
567672,0.05,5075,218.98420796,6758,111,84.0,141892,0.0001,5.931028842926025
567756,0.05,5075,220.05916679999999,6759,111,84.0,141913,0.0001,8.909533500671387
567840,0.05,5076,219.94417844,6760,111,84.0,141934,0.0001,6.146238803863525
567924,0.05,5077,219.26430194999998,6761,111,84.0,141955,0.0001,0.6476377248764038
568008,0.05,5078,218.84024125,6762,111,84.0,141976,0.0001,7.280022621154785
568092,0.05,5078,218.97170543000001,6763,111,84.0,141997,0.0001,0.5539869070053101
568176,0.05,5079,219.01089460000003,6764,111,84.0,142018,0.0001,0.8593106269836426
568260,0.05,5080,218.44505424000002,6765,111,84.0,142039,0.0001,0.80332350730896
568344,0.05,5081,219.05977787000003,6766,111,84.0,142060,0.0001,0.3540382981300354
568428,0.05,5082,219.00094225,6767,111,84.0,142081,0.0001,0.8888834714889526
568512,0.05,5083,219.30871841000004,6768,111,84.0,142102,0.0001,4.149913787841797
568596,0.05,5084,219.5817768,6769,111,84.0,142123,0.0001,15.622112274169922
568680,0.05,5084,218.84090813000003,6770,111,84.0,142144,0.0001,1.0214872360229492
568764,0.05,5085,219.27895705,6771,111,84.0,142165,0.0001,25.33455467224121
568848,0.05,5086,219.80348999,6772,111,84.0,142186,0.0001,1.0673056840896606
568932,0.05,5087,219.82117215999997,6773,111,84.0,142207,0.0001,8.21687126159668
569016,0.05,5087,219.87135223,6774,111,84.0,142228,0.0001,0.8379516005516052
569100,0.05,5088,219.42210387,6775,111,84.0,142249,0.0001,0.2877829372882843
569184,0.05,5089,219.33717598000004,6776,111,84.0,142270,0.0001,0.49730175733566284
569268,0.05,5090,219.13977086000003,6777,111,84.0,142291,0.0001,0.5702853202819824
569352,0.05,5091,219.50764677000004,6778,111,84.0,142312,0.0001,0.8659451007843018
569436,0.05,5091,218.49123234,6779,111,84.0,142333,0.0001,0.8708655834197998
569520,0.05,5092,218.72782524,6780,111,84.0,142354,0.0001,6.9433274269104
569604,0.05,5093,217.38513350000002,6781,111,84.0,142375,0.0001,0.8986417055130005
569688,0.05,5094,217.00937209,6782,111,84.0,142396,0.0001,0.7051706314086914
569772,0.05,5094,216.31240913999997,6783,111,84.0,142417,0.0001,0.5772420763969421
569856,0.05,5095,216.76240966,6784,111,84.0,142438,0.0001,1.3522956371307373
569940,0.05,5096,216.90348812000005,6785,111,84.0,142459,0.0001,0.5269888043403625
570024,0.05,5097,216.66878998000004,6786,111,84.0,142480,0.0001,16.1553955078125
570108,0.05,5098,216.71377667000007,6787,111,84.0,142501,0.0001,0.8780512809753418
570192,0.05,5098,216.97165937000005,6788,111,84.0,142522,0.0001,1.0106782913208008
570276,0.05,5099,217.68520158000004,6789,111,84.0,142543,0.0001,7.634875297546387
570360,0.05,5100,218.45610503000003,6790,111,84.0,142564,0.0001,0.8523623943328857
570444,0.05,5101,218.70015297,6791,111,84.0,142585,0.0001,0.8194506168365479
570528,0.05,5102,218.18509589,6792,111,84.0,142606,0.0001,7.2358269691467285
570612,0.05,5102,218.02837999000002,6793,111,84.0,142627,0.0001,0.8548767566680908
570696,0.05,5103,217.86862018000002,6794,111,84.0,142648,0.0001,8.457976341247559
570780,0.05,5104,217.65395643,6795,111,84.0,142669,0.0001,8.874079704284668
570864,0.05,5105,216.46366449,6796,111,84.0,142690,0.0001,1.1744651794433594
570948,0.05,5105,216.21010354999996,6797,111,84.0,142711,0.0001,0.5560858845710754
571032,0.05,5106,216.80226176,6798,111,84.0,142732,0.0001,0.613372802734375
571116,0.05,5107,218.06845692999997,6799,111,84.0,142753,0.0001,0.7467080354690552
571200,0.05,5108,218.87272998,6800,111,84.0,142774,0.0001,1.7798317670822144
571284,0.05,5109,219.82354801000002,6801,111,84.0,142795,0.0001,0.904668927192688
571368,0.05,5109,218.98005673,6802,111,84.0,142816,0.0001,0.6492093801498413
571452,0.05,5110,220.15326793999998,6803,111,84.0,142837,0.0001,0.9925126433372498
571536,0.05,5111,220.92697302,6804,111,84.0,142858,0.0001,1.1004403829574585
571620,0.05,5112,221.89855660999999,6805,111,84.0,142879,0.0001,1.0375981330871582
571704,0.05,5113,221.84771404,6806,111,84.0,142900,0.0001,7.557981491088867
571788,0.05,5113,222.24316343,6807,111,84.0,142921,0.0001,0.6437569260597229
571872,0.05,5114,222.34086921000002,6808,111,84.0,142942,0.0001,14.61523151397705
571956,0.05,5115,222.04456269000002,6809,111,84.0,142963,0.0001,0.5533420443534851
572040,0.05,5116,222.12085782000003,6810,111,84.0,142984,0.0001,0.4429806172847748
572124,0.05,5116,223.39843622000004,6811,111,84.0,143005,0.0001,0.6702804565429688
572208,0.05,5117,223.76072831000002,6812,111,84.0,143026,0.0001,8.121822357177734
572292,0.05,5118,224.5740876,6813,111,84.0,143047,0.0001,0.7915936708450317
572376,0.05,5119,225.35655118,6814,111,84.0,143068,0.0001,8.634318351745605
572460,0.05,5120,225.69945418999998,6815,111,84.0,143089,0.0001,0.7017552852630615
572544,0.05,5120,225.79093065,6816,111,84.0,143110,0.0001,1.0933010578155518
572628,0.05,5121,226.08845141999998,6817,111,84.0,143131,0.0001,0.45966237783432007
572712,0.05,5122,226.83805181,6818,111,84.0,143152,0.0001,0.6680017709732056
572796,0.05,5123,226.62091503999997,6819,111,84.0,143173,0.0001,0.6423944234848022
572880,0.05,5123,226.15381915999998,6820,111,84.0,143194,0.0001,0.386780709028244
572964,0.05,5124,226.04524440999998,6821,111,84.0,143215,0.0001,0.5340492725372314
573048,0.05,5125,226.23614263999997,6822,111,84.0,143236,0.0001,12.74711799621582
573132,0.05,5126,226.40807584999996,6823,111,84.0,143257,0.0001,0.6102511882781982
573216,0.05,5126,226.92417720999998,6824,111,84.0,143278,0.0001,0.9333127737045288
573300,0.05,5127,227.76598111000004,6825,111,84.0,143299,0.0001,1.0019772052764893
573384,0.05,5128,228.25818042,6826,111,84.0,143320,0.0001,16.89571189880371
573468,0.05,5129,229.42159725,6827,111,84.0,143341,0.0001,1.187050461769104
573552,0.05,5130,230.07083241,6828,111,84.0,143362,0.0001,0.5556672811508179
573636,0.05,5130,230.13173564000002,6829,111,84.0,143383,0.0001,0.9238265156745911
573720,0.05,5131,230.450671,6830,111,84.0,143404,0.0001,1.505882978439331
573804,0.05,5132,230.07236368000002,6831,111,84.0,143425,0.0001,6.173418045043945
573888,0.05,5133,230.49074386,6832,111,84.0,143446,0.0001,1.7515829801559448
573972,0.05,5134,230.60866034000003,6833,111,84.0,143467,0.0001,16.70556640625
574056,0.05,5134,230.42293057999998,6834,111,84.0,143488,0.0001,1.367192268371582
574140,0.05,5135,229.69272973000002,6835,111,84.0,143509,0.0001,8.07084846496582
574224,0.05,5136,229.81602559000004,6836,111,84.0,143530,0.0001,1.0280630588531494
574308,0.05,5137,229.58303196,6837,111,84.0,143551,0.0001,1.139057993888855
574392,0.05,5137,229.68780393000006,6838,111,84.0,143572,0.0001,0.7055257558822632
574476,0.05,5138,229.56314150000003,6839,111,84.0,143593,0.0001,1.1625871658325195
574560,0.05,5139,229.50727692,6840,111,84.0,143614,0.0001,1.0317097902297974
574644,0.05,5140,229.83186762000003,6841,111,84.0,143635,0.0001,9.24988842010498
574728,0.05,5141,229.68070332,6842,111,84.0,143656,0.0001,6.8624701499938965
574812,0.05,5141,230.28535632999998,6843,111,84.0,143677,0.0001,0.7659677267074585
574896,0.05,5142,230.83296843999997,6844,111,84.0,143698,0.0001,0.35515210032463074
574980,0.05,5143,229.99048751999996,6845,111,84.0,143719,0.0001,0.41829320788383484
575064,0.05,5144,230.5970236,6846,111,84.0,143740,0.0001,1.381300926208496
575148,0.05,5144,231.646595,6847,111,84.0,143761,0.0001,0.5704610347747803
575232,0.05,5145,232.16004333999993,6848,111,84.0,143782,0.0001,0.7327027320861816
575316,0.05,5146,232.82171672999996,6849,111,84.0,143803,0.0001,0.5194820761680603
575400,0.05,5147,233.49974908999994,6850,111,84.0,143824,0.0001,4.08074951171875
575484,0.05,5148,232.88008903999992,6851,111,84.0,143845,0.0001,1.081274390220642
575568,0.05,5148,232.70708871999994,6852,111,84.0,143866,0.0001,0.5963864326477051
575652,0.05,5149,232.27577531999995,6853,111,84.0,143887,0.0001,0.6769487261772156
575736,0.05,5150,231.42191022999998,6854,111,84.0,143908,0.0001,0.7198699712753296
575820,0.05,5151,231.34069114000002,6855,111,84.0,143929,0.0001,8.912628173828125
575904,0.05,5152,233.22714559000005,6856,111,84.0,143950,0.0001,7.0995402336120605
575988,0.05,5152,234.36125349999998,6857,111,84.0,143971,0.0001,1.5176594257354736
576072,0.05,5153,233.77394630999999,6858,111,84.0,143992,0.0001,0.6347198486328125
576156,0.05,5154,234.28301284000005,6859,111,84.0,144013,0.0001,10.645469665527344
576240,0.05,5155,234.58377060000004,6860,111,84.0,144034,0.0001,2.200695514678955
576324,0.05,5155,235.55078169000004,6861,111,84.0,144055,0.0001,1.0114456415176392
576408,0.05,5156,236.20399192000005,6862,111,84.0,144076,0.0001,1.0894192457199097
576492,0.05,5157,236.42606366000004,6863,111,84.0,144097,0.0001,6.652604579925537
576576,0.05,5158,236.50022553000005,6864,111,84.0,144118,0.0001,0.932730495929718
576660,0.05,5158,236.20296188000003,6865,111,84.0,144139,0.0001,1.5387436151504517
576744,0.05,5159,236.11482710000004,6866,111,84.0,144160,0.0001,0.6675902009010315
576828,0.05,5160,236.31346639,6867,111,84.0,144181,0.0001,0.73747718334198
576912,0.05,5161,236.29250828000005,6868,111,84.0,144202,0.0001,0.6718939542770386
576996,0.05,5162,235.56535358000005,6869,111,84.0,144223,0.0001,1.0273725986480713
577080,0.05,5162,235.69887629000004,6870,111,84.0,144244,0.0001,0.4852694272994995
577164,0.05,5163,235.56419699000003,6871,111,84.0,144265,0.0001,6.694333076477051
577248,0.05,5164,235.77288359000005,6872,111,84.0,144286,0.0001,0.723139226436615
577332,0.05,5165,235.60885149,6873,111,84.0,144307,0.0001,0.8501190543174744
577416,0.05,5166,236.04464198000002,6874,111,84.0,144328,0.0001,7.018964767456055
577500,0.05,5166,236.33190891,6875,111,84.0,144349,0.0001,0.8940138816833496
577584,0.05,5167,236.49104928,6876,111,84.0,144370,0.0001,0.5790647268295288
577668,0.05,5168,236.85170116,6877,111,84.0,144391,0.0001,10.464637756347656
577752,0.05,5169,237.3195689,6878,111,84.0,144412,0.0001,1.1281206607818604
577836,0.05,5169,237.67730807,6879,111,84.0,144433,0.0001,0.7490947246551514
577920,0.05,5170,237.64046474000006,6880,111,84.0,144454,0.0001,0.7634920477867126
578004,0.05,5171,239.27473485000002,6881,111,84.0,144475,0.0001,0.6407722234725952
578088,0.05,5172,238.64099545000005,6882,111,84.0,144496,0.0001,8.700106620788574
578172,0.05,5172,239.18679286000005,6883,111,84.0,144517,0.0001,0.8193302154541016
578256,0.05,5173,238.51477451000005,6884,111,84.0,144538,0.0001,5.582954406738281
578340,0.05,5174,237.74056764000005,6885,111,84.0,144559,0.0001,0.8575987815856934
578424,0.05,5175,237.20374024000003,6886,111,84.0,144580,0.0001,0.9320814609527588
578508,0.05,5176,237.19277126000006,6887,111,84.0,144601,0.0001,0.5012578368186951
578592,0.05,5176,236.69717856000003,6888,111,84.0,144622,0.0001,6.881845474243164
578676,0.05,5177,235.61873373000006,6889,111,84.0,144643,0.0001,30.475244522094727
578760,0.05,5178,235.75687428000003,6890,111,84.0,144664,0.0001,7.442582130432129
578844,0.05,5179,236.16431943,6891,111,84.0,144685,0.0001,0.5448269248008728
578928,0.05,5179,236.21077079999998,6892,111,84.0,144706,0.0001,0.6464955806732178
579012,0.05,5180,234.44374944999998,6893,111,84.0,144727,0.0001,11.730045318603516
579096,0.05,5181,234.45836236999995,6894,111,84.0,144748,0.0001,0.4533480107784271
579180,0.05,5182,235.73096678999994,6895,111,84.0,144769,0.0001,0.9227414131164551
579264,0.05,5183,237.44763504999995,6896,111,84.0,144790,0.0001,0.9702099561691284
579348,0.05,5184,238.97111382999995,6897,111,84.0,144811,0.0001,0.6884055137634277
579432,0.05,5184,239.55845968999998,6898,111,84.0,144832,0.0001,13.612947463989258
579516,0.05,5185,238.99672625999992,6899,111,84.0,144853,0.0001,1.2143970727920532
579600,0.05,5186,239.06793474999998,6900,111,84.0,144874,0.0001,0.6902271509170532
579684,0.05,5187,238.51485948999994,6901,111,84.0,144895,0.0001,0.5332022905349731
579768,0.05,5188,238.54427678,6902,111,84.0,144916,0.0001,0.892676591873169
579852,0.05,5189,237.09204140999998,6903,111,84.0,144937,0.0001,6.470480918884277
579936,0.05,5190,236.54306318,6904,111,84.0,144958,0.0001,0.7264989614486694
580020,0.05,5191,236.17499284,6905,111,84.0,144979,0.0001,1.3785760402679443
580104,0.05,5192,236.06220442999998,6906,111,84.0,145000,0.0001,0.9896974563598633
580188,0.05,5192,235.39903615999995,6907,111,84.0,145021,0.0001,0.4762870669364929
580272,0.05,5193,235.51818418999994,6908,111,84.0,145042,0.0001,12.658337593078613
580356,0.05,5194,235.17524731,6909,111,84.0,145063,0.0001,5.743099212646484
580440,0.05,5195,235.14520800000003,6910,111,84.0,145084,0.0001,1.1473076343536377
580524,0.05,5196,235.23593425,6911,111,84.0,145105,0.0001,0.8460208177566528
580608,0.05,5196,233.60951232000002,6912,111,84.0,145126,0.0001,1.2629585266113281
580692,0.05,5197,232.80033468999997,6913,111,84.0,145147,0.0001,7.04885721206665
580776,0.05,5198,232.77770580999996,6914,111,84.0,145168,0.0001,0.9892181158065796
580860,0.05,5199,231.6249554,6915,111,84.0,145189,0.0001,13.530242919921875
580944,0.05,5199,230.82768044,6916,111,84.0,145210,0.0001,8.609882354736328
581028,0.05,5200,229.83177702,6917,111,84.0,145231,0.0001,1.305236577987671
581112,0.05,5201,228.67773713000003,6918,111,84.0,145252,0.0001,1.3720872402191162
581196,0.05,5202,228.68691279000004,6919,111,84.0,145273,0.0001,7.440340518951416
581280,0.05,5203,228.45324342,6920,111,84.0,145294,0.0001,7.058342456817627
581364,0.05,5203,228.58591295,6921,111,84.0,145315,0.0001,0.9043396711349487
581448,0.05,5204,228.72879999999998,6922,111,84.0,145336,0.0001,5.859871864318848
581532,0.05,5205,228.61099258,6923,111,84.0,145357,0.0001,0.9790729880332947
581616,0.05,5206,228.66716753999998,6924,111,84.0,145378,0.0001,1.20790433883667
581700,0.05,5207,228.53169523,6925,111,84.0,145399,0.0001,9.552827835083008
581784,0.05,5207,228.10708465,6926,111,84.0,145420,0.0001,9.080720901489258
581868,0.05,5208,227.09078652,6927,111,84.0,145441,0.0001,7.032211780548096
581952,0.05,5209,227.25987303000002,6928,111,84.0,145462,0.0001,6.81870174407959
582036,0.05,5210,227.44537859,6929,111,84.0,145483,0.0001,0.5734758377075195
582120,0.05,5210,227.86406987999996,6930,111,84.0,145504,0.0001,1.003701090812683
582204,0.05,5211,228.24843388999997,6931,111,84.0,145525,0.0001,0.4577755331993103
582288,0.05,5212,228.61642667999996,6932,111,84.0,145546,0.0001,20.819355010986328
582372,0.05,5213,229.15950741,6933,111,84.0,145567,0.0001,0.8252812623977661
582456,0.05,5213,228.83952044,6934,111,84.0,145588,0.0001,0.3982693552970886
582540,0.05,5214,229.87974577000006,6935,111,84.0,145609,0.0001,4.018388271331787
582624,0.05,5215,229.43952472,6936,111,84.0,145630,0.0001,1.1399106979370117
582708,0.05,5216,229.23074463,6937,111,84.0,145651,0.0001,1.3814289569854736
582792,0.05,5217,228.96533528,6938,111,84.0,145672,0.0001,4.790413856506348
582876,0.05,5217,228.71726452,6939,111,84.0,145693,0.0001,1.704687237739563
582960,0.05,5218,228.76374611,6940,111,84.0,145714,0.0001,0.6490288376808167
583044,0.05,5219,228.89455794999998,6941,111,84.0,145735,0.0001,7.670584678649902
583128,0.05,5220,229.10798939,6942,111,84.0,145756,0.0001,0.9540671110153198
583212,0.05,5221,229.73172196,6943,111,84.0,145777,0.0001,6.538454055786133
583296,0.05,5221,229.89981938,6944,111,84.0,145798,0.0001,1.0860828161239624
583380,0.05,5222,231.12559185,6945,111,84.0,145819,0.0001,0.7529421448707581
583464,0.05,5223,230.81635255999998,6946,111,84.0,145840,0.0001,9.993013381958008
583548,0.05,5224,231.49510702999996,6947,111,84.0,145861,0.0001,6.666548728942871
583632,0.05,5225,231.51634899999996,6948,111,84.0,145882,0.0001,1.7956560850143433
583716,0.05,5225,231.35771108,6949,111,84.0,145903,0.0001,6.47805118560791
583800,0.05,5226,230.04087068999996,6950,111,84.0,145924,0.0001,1.3974637985229492
583884,0.05,5227,229.73155151999998,6951,111,84.0,145945,0.0001,0.9613347053527832
583968,0.05,5228,229.46480726,6952,111,84.0,145966,0.0001,9.375411987304688
584052,0.05,5229,229.82971344,6953,111,84.0,145987,0.0001,8.334318161010742
584136,0.05,5229,230.72595089000004,6954,111,84.0,146008,0.0001,0.7465599775314331
584220,0.05,5230,231.41480660000002,6955,111,84.0,146029,0.0001,1.3339273929595947
584304,0.05,5231,230.76750744,6956,111,84.0,146050,0.0001,7.777295112609863
584388,0.05,5232,230.9339718,6957,111,84.0,146071,0.0001,1.1531867980957031
584472,0.05,5233,231.05257261,6958,111,84.0,146092,0.0001,0.6378698945045471
584556,0.05,5234,230.05359644999996,6959,111,84.0,146113,0.0001,7.001969337463379
584640,0.05,5234,230.40981384999995,6960,111,84.0,146134,0.0001,1.1030011177062988
584724,0.05,5235,230.09842554,6961,111,84.0,146155,0.0001,1.0378150939941406
584808,0.05,5236,230.43224879,6962,111,84.0,146176,0.0001,0.7006626129150391
584892,0.05,5237,230.76611846999995,6963,111,84.0,146197,0.0001,0.6023598909378052
584976,0.05,5238,231.46199339999998,6964,111,84.0,146218,0.0001,0.8259564638137817
585060,0.05,5238,232.31861732,6965,111,84.0,146239,0.0001,1.1008214950561523
585144,0.05,5239,232.30285458999998,6966,111,84.0,146260,0.0001,1.0436224937438965
585228,0.05,5240,232.09286422999998,6967,111,84.0,146281,0.0001,0.8302216529846191
585312,0.05,5241,231.96531717,6968,111,84.0,146302,0.0001,0.9907066822052002
585396,0.05,5242,232.55301439999997,6969,111,84.0,146323,0.0001,4.975998878479004
585480,0.05,5242,233.75995751,6970,111,84.0,146344,0.0001,0.47069528698921204
585564,0.05,5243,234.00452868999997,6971,111,84.0,146365,0.0001,1.0537712574005127
585648,0.05,5244,233.99442663999997,6972,111,84.0,146386,0.0001,0.4139714539051056
585732,0.05,5245,234.40704868999998,6973,111,84.0,146407,0.0001,1.589043140411377
585816,0.05,5246,234.01070622,6974,111,84.0,146428,0.0001,0.9001204967498779
585900,0.05,5246,234.46238069999998,6975,111,84.0,146449,0.0001,5.241443634033203
585984,0.05,5247,234.40748864000005,6976,111,84.0,146470,0.0001,1.8912246227264404
586068,0.05,5248,234.24005362000003,6977,111,84.0,146491,0.0001,8.004915237426758
586152,0.05,5249,234.01724507000003,6978,111,84.0,146512,0.0001,1.841271996498108
586236,0.05,5250,234.96465011,6979,111,84.0,146533,0.0001,1.2815923690795898
586320,0.05,5250,234.74786556000004,6980,111,84.0,146554,0.0001,0.691242516040802
586404,0.05,5251,234.53701089999998,6981,111,84.0,146575,0.0001,11.451831817626953
586488,0.05,5252,235.47796992,6982,111,84.0,146596,0.0001,0.6370428800582886
586572,0.05,5253,236.21962048999998,6983,111,84.0,146617,0.0001,1.0957064628601074
586656,0.05,5254,237.06111785000004,6984,111,84.0,146638,0.0001,1.1335734128952026
586740,0.05,5254,237.59585236000004,6985,111,84.0,146659,0.0001,1.1804417371749878
586824,0.05,5255,238.3044164,6986,111,84.0,146680,0.0001,4.1391496658325195
586908,0.05,5256,238.29830677,6987,111,84.0,146701,0.0001,14.333244323730469
586992,0.05,5257,238.16408304,6988,111,84.0,146722,0.0001,1.2975406646728516
587076,0.05,5257,239.06115222000005,6989,111,84.0,146743,0.0001,0.8197019100189209
587160,0.05,5258,238.86144922000003,6990,111,84.0,146764,0.0001,1.4208780527114868
587244,0.05,5259,237.63922171000002,6991,111,84.0,146785,0.0001,0.7180123329162598
587328,0.05,5260,237.49808945,6992,111,84.0,146806,0.0001,7.411186695098877
587412,0.05,5260,238.31585410000002,6993,111,84.0,146827,0.0001,0.9370032548904419
587496,0.05,5261,238.53237624000002,6994,111,84.0,146848,0.0001,12.28938102722168
587580,0.05,5262,238.53802086000005,6995,111,84.0,146869,0.0001,1.3919579982757568
587664,0.05,5263,238.03585824000004,6996,111,84.0,146890,0.0001,0.9476898908615112
587748,0.05,5264,237.07065403000001,6997,111,84.0,146911,0.0001,10.285357475280762
587832,0.05,5264,236.23012952000002,6998,111,84.0,146932,0.0001,8.405738830566406
587916,0.05,5265,236.45362551,6999,111,84.0,146953,0.0001,8.90971565246582
588000,0.05,5266,236.50278083999993,7000,111,84.0,146974,0.0001,1.0498613119125366
588084,0.05,5267,236.48666632,7001,111,84.0,146995,0.0001,0.6577581167221069
588168,0.05,5268,236.92887260999998,7002,111,84.0,147016,0.0001,0.37556836009025574
588252,0.05,5269,237.90402296,7003,111,84.0,147037,0.0001,4.621650695800781
588336,0.05,5269,237.57488138,7004,111,84.0,147058,0.0001,0.9932367205619812
588420,0.05,5270,236.79372204000003,7005,111,84.0,147079,0.0001,0.5310819149017334
588504,0.05,5271,236.44990549,7006,111,84.0,147100,0.0001,0.8666805028915405
588588,0.05,5272,236.75033727,7007,111,84.0,147121,0.0001,0.4885197877883911
588672,0.05,5272,236.83145421,7008,111,84.0,147142,0.0001,0.7637664079666138
588756,0.05,5273,236.89730827,7009,111,84.0,147163,0.0001,8.423389434814453
588840,0.05,5274,235.93360257999996,7010,111,84.0,147184,0.0001,0.400498628616333
588924,0.05,5275,235.19507563,7011,111,84.0,147205,0.0001,0.9579758644104004
589008,0.05,5276,236.78036403000004,7012,111,84.0,147226,0.0001,8.775522232055664
589092,0.05,5276,236.24656135,7013,111,84.0,147247,0.0001,8.880236625671387
589176,0.05,5277,236.56780010000003,7014,111,84.0,147268,0.0001,0.973811149597168
589260,0.05,5278,237.05722675,7015,111,84.0,147289,0.0001,5.256464958190918
589344,0.05,5279,237.41969895000003,7016,111,84.0,147310,0.0001,8.614236831665039
589428,0.05,5280,237.63838059000005,7017,111,84.0,147331,0.0001,2.0840842723846436
589512,0.05,5280,238.14515532000004,7018,111,84.0,147352,0.0001,1.385088324546814
589596,0.05,5281,238.10616917000004,7019,111,84.0,147373,0.0001,1.0947357416152954
589680,0.05,5282,237.78099664000004,7020,111,84.0,147394,0.0001,7.109072208404541
589764,0.05,5283,237.42748442000004,7021,111,84.0,147415,0.0001,0.6826128363609314
589848,0.05,5284,237.40053616,7022,111,84.0,147436,0.0001,0.6890462636947632
589932,0.05,5284,236.63207352,7023,111,84.0,147457,0.0001,0.9560819864273071
590016,0.05,5285,236.16118938000002,7024,111,84.0,147478,0.0001,1.083822250366211
590100,0.05,5286,236.16031893000002,7025,111,84.0,147499,0.0001,5.576643466949463
590184,0.05,5287,235.89273198000004,7026,111,84.0,147520,0.0001,7.32654333114624
590268,0.05,5288,236.75116913999997,7027,111,84.0,147541,0.0001,0.8376060724258423
590352,0.05,5289,234.26604673999998,7028,111,84.0,147562,0.0001,0.7466734647750854
590436,0.05,5289,234.92810465999995,7029,111,84.0,147583,0.0001,8.199495315551758
590520,0.05,5290,234.66027165999995,7030,111,84.0,147604,0.0001,0.8775832653045654
590604,0.05,5291,234.37127654999998,7031,111,84.0,147625,0.0001,1.6031821966171265
590688,0.05,5292,234.79698497,7032,111,84.0,147646,0.0001,1.0864639282226562
590772,0.05,5292,234.42355474,7033,111,84.0,147667,0.0001,1.1612138748168945
590856,0.05,5293,235.01427698999998,7034,111,84.0,147688,0.0001,0.37262868881225586
590940,0.05,5294,234.19898576000003,7035,111,84.0,147709,0.0001,14.647809982299805
591024,0.05,5295,233.40650319,7036,111,84.0,147730,0.0001,5.535489559173584
591108,0.05,5295,233.50819726999998,7037,111,84.0,147751,0.0001,0.6435524225234985
591192,0.05,5296,234.07353386,7038,111,84.0,147772,0.0001,8.049156188964844
591276,0.05,5297,234.35820228999998,7039,111,84.0,147793,0.0001,1.5550328493118286
591360,0.05,5298,234.73562612,7040,111,84.0,147814,0.0001,1.8611578941345215
591444,0.05,5299,233.76617662,7041,111,84.0,147835,0.0001,7.5071187019348145
591528,0.05,5299,234.20984036000002,7042,111,84.0,147856,0.0001,0.8086633682250977
591612,0.05,5300,234.14293693000002,7043,111,84.0,147877,0.0001,0.4123364984989166
591696,0.05,5301,233.33386405000002,7044,111,84.0,147898,0.0001,1.1227617263793945
591780,0.05,5302,232.98682672000007,7045,111,84.0,147919,0.0001,5.1916069984436035
591864,0.05,5303,233.71940239000003,7046,111,84.0,147940,0.0001,0.8319998979568481
591948,0.05,5304,233.14860045,7047,111,84.0,147961,0.0001,0.473336398601532
592032,0.05,5305,232.72254863,7048,111,84.0,147982,0.0001,1.0171962976455688
592116,0.05,5305,232.48886173000002,7049,111,84.0,148003,0.0001,0.9080157279968262
592200,0.05,5306,233.45577678,7050,111,84.0,148024,0.0001,0.895836353302002
592284,0.05,5307,234.92275229000003,7051,111,84.0,148045,0.0001,6.201482772827148
592368,0.05,5308,236.49274912000004,7052,111,84.0,148066,0.0001,1.1079362630844116
592452,0.05,5309,236.17439471000006,7053,111,84.0,148087,0.0001,16.249807357788086
592536,0.05,5309,235.83805724000004,7054,111,84.0,148108,0.0001,3.1111178398132324
592620,0.05,5310,236.10874312000004,7055,111,84.0,148129,0.0001,1.2679911851882935
592704,0.05,5311,236.57029853000003,7056,111,84.0,148150,0.0001,0.6776384115219116
592788,0.05,5312,235.81295961,7057,111,84.0,148171,0.0001,6.627353668212891
592872,0.05,5312,236.52945294,7058,111,84.0,148192,0.0001,1.1314091682434082
592956,0.05,5313,237.01627685,7059,111,84.0,148213,0.0001,0.4485135078430176
593040,0.05,5314,237.14116379999996,7060,111,84.0,148234,0.0001,0.8815027475357056
593124,0.05,5315,237.30916290000002,7061,111,84.0,148255,0.0001,1.1853548288345337
593208,0.05,5316,237.30803383,7062,111,84.0,148276,0.0001,1.3081462383270264
593292,0.05,5316,236.80999727999998,7063,111,84.0,148297,0.0001,1.8993520736694336
593376,0.05,5317,236.29595040999996,7064,111,84.0,148318,0.0001,9.948335647583008
593460,0.05,5318,235.88426506,7065,111,84.0,148339,0.0001,20.64352798461914
593544,0.05,5319,235.79981453999997,7066,111,84.0,148360,0.0001,0.8048427700996399
593628,0.05,5320,235.81029461999998,7067,111,84.0,148381,0.0001,1.1925668716430664
593712,0.05,5320,236.24141931000003,7068,111,84.0,148402,0.0001,1.1871850490570068
593796,0.05,5321,236.39059378000002,7069,111,84.0,148423,0.0001,0.68149733543396
593880,0.05,5322,235.99822020000008,7070,111,84.0,148444,0.0001,0.6536999940872192
593964,0.05,5323,235.16724415000007,7071,111,84.0,148465,0.0001,6.6557464599609375
594048,0.05,5324,234.47217500000005,7072,111,84.0,148486,0.0001,6.921000957489014
594132,0.05,5324,234.00556886,7073,111,84.0,148507,0.0001,0.6747076511383057
594216,0.05,5325,233.45565833,7074,111,84.0,148528,0.0001,14.1805419921875
594300,0.05,5326,233.11956747000005,7075,111,84.0,148549,0.0001,0.7763285636901855
594384,0.05,5327,232.56653592000004,7076,111,84.0,148570,0.0001,0.9278407692909241
594468,0.05,5327,231.97945904999997,7077,111,84.0,148591,0.0001,1.7953078746795654
594552,0.05,5328,231.79604368999998,7078,111,84.0,148612,0.0001,10.341099739074707
594636,0.05,5329,231.28145693,7079,111,84.0,148633,0.0001,14.148811340332031
594720,0.05,5330,231.06892219999995,7080,111,84.0,148654,0.0001,6.710385799407959
594804,0.05,5331,231.47293226999997,7081,111,84.0,148675,0.0001,0.848696768283844
594888,0.05,5332,231.35754439999997,7082,111,84.0,148696,0.0001,8.745832443237305
594972,0.05,5332,230.29346079000004,7083,111,84.0,148717,0.0001,0.586967945098877
595056,0.05,5333,229.61304300999996,7084,111,84.0,148738,0.0001,0.5880439877510071
595140,0.05,5334,229.88536647,7085,111,84.0,148759,0.0001,1.5107839107513428
595224,0.05,5335,229.40856885000002,7086,111,84.0,148780,0.0001,0.6599562764167786
595308,0.05,5335,229.24389427999998,7087,111,84.0,148801,0.0001,1.3575630187988281
595392,0.05,5336,229.4179201,7088,111,84.0,148822,0.0001,1.231292963027954
595476,0.05,5337,229.94925596999997,7089,111,84.0,148843,0.0001,0.46730220317840576
595560,0.05,5338,229.79589584,7090,111,84.0,148864,0.0001,1.2386863231658936
595644,0.05,5338,230.65169833,7091,111,84.0,148885,0.0001,3.4622976779937744
595728,0.05,5339,231.6367498,7092,111,84.0,148906,0.0001,0.5976226925849915
595812,0.05,5340,232.20740966999998,7093,111,84.0,148927,0.0001,0.40208470821380615
595896,0.05,5341,232.89509838,7094,111,84.0,148948,0.0001,7.453153610229492
595980,0.05,5342,232.25431297,7095,111,84.0,148969,0.0001,7.977637767791748
596064,0.05,5342,232.19483848,7096,111,84.0,148990,0.0001,1.8078467845916748
596148,0.05,5343,233.311349,7097,111,84.0,149011,0.0001,1.9539424180984497
596232,0.05,5344,233.61739616000003,7098,111,84.0,149032,0.0001,1.2761560678482056
596316,0.05,5345,233.16831490999996,7099,111,84.0,149053,0.0001,0.7266502380371094
596400,0.05,5346,232.35519728,7100,111,84.0,149074,0.0001,0.5435764789581299
596484,0.05,5346,232.37778117999997,7101,111,84.0,149095,0.0001,6.3035078048706055
596568,0.05,5347,232.38217718999996,7102,111,84.0,149116,0.0001,1.1289353370666504
596652,0.05,5348,232.14461425000002,7103,111,84.0,149137,0.0001,0.6993205547332764
596736,0.05,5349,232.8843421,7104,111,84.0,149158,0.0001,0.7395865321159363
596820,0.05,5349,233.76898101999998,7105,111,84.0,149179,0.0001,6.611028671264648
596904,0.05,5350,234.11473230000004,7106,111,84.0,149200,0.0001,6.27833890914917
596988,0.05,5351,234.24132763,7107,111,84.0,149221,0.0001,0.6940144300460815
597072,0.05,5352,234.07650552000004,7108,111,84.0,149242,0.0001,0.8365567922592163
597156,0.05,5353,233.99373946,7109,111,84.0,149263,0.0001,7.35325813293457
597240,0.05,5353,234.43140372000002,7110,111,84.0,149284,0.0001,15.670421600341797
597324,0.05,5354,234.82664662,7111,111,84.0,149305,0.0001,1.5705441236495972
597408,0.05,5355,234.35303441,7112,111,84.0,149326,0.0001,0.41428568959236145
597492,0.05,5356,234.92614444999998,7113,111,84.0,149347,0.0001,1.2001104354858398
597576,0.05,5357,233.92346395,7114,111,84.0,149368,0.0001,7.871511936187744
597660,0.05,5357,233.46378186,7115,111,84.0,149389,0.0001,0.8107292056083679
597744,0.05,5358,233.09958684000006,7116,111,84.0,149410,0.0001,0.7769434452056885
597828,0.05,5359,233.70145011,7117,111,84.0,149431,0.0001,9.353832244873047
597912,0.05,5360,233.59948386,7118,111,84.0,149452,0.0001,7.154394626617432
597996,0.05,5361,234.14455896000004,7119,111,84.0,149473,0.0001,0.6672765612602234
598080,0.05,5362,234.24174495,7120,111,84.0,149494,0.0001,0.32732996344566345
598164,0.05,5363,234.46515006,7121,111,84.0,149515,0.0001,0.8640924692153931
598248,0.05,5363,234.20405339999996,7122,111,84.0,149536,0.0001,4.774461269378662
598332,0.05,5364,235.00138754,7123,111,84.0,149557,0.0001,1.1330974102020264
598416,0.05,5365,234.43546999000003,7124,111,84.0,149578,0.0001,0.8057794570922852
598500,0.05,5366,234.06571730999997,7125,111,84.0,149599,0.0001,0.4725903868675232
598584,0.05,5367,233.94829234999997,7126,111,84.0,149620,0.0001,0.9080998301506042
598668,0.05,5367,233.77881705999997,7127,111,84.0,149641,0.0001,0.6160366535186768
598752,0.05,5368,235.28018216,7128,111,84.0,149662,0.0001,1.4979254007339478
598836,0.05,5369,234.54282048999997,7129,111,84.0,149683,0.0001,0.5281258225440979
598920,0.05,5370,234.58715606,7130,111,84.0,149704,0.0001,0.7896615266799927
599004,0.05,5371,233.88773458,7131,111,84.0,149725,0.0001,0.42219078540802
599088,0.05,5371,232.59317143,7132,111,84.0,149746,0.0001,12.297510147094727
599172,0.05,5372,231.78865721999998,7133,111,84.0,149767,0.0001,5.871157646179199
599256,0.05,5373,231.34781746999997,7134,111,84.0,149788,0.0001,6.857063293457031
599340,0.05,5374,231.69261007999998,7135,111,84.0,149809,0.0001,12.660812377929688
599424,0.05,5375,232.39492858999998,7136,111,84.0,149830,0.0001,0.8551037311553955
599508,0.05,5375,232.51386726,7137,111,84.0,149851,0.0001,9.939345359802246
599592,0.05,5376,231.64865482000002,7138,111,84.0,149872,0.0001,6.584421634674072
599676,0.05,5377,231.02888509000002,7139,111,84.0,149893,0.0001,0.5333975553512573
599760,0.05,5378,229.90446335000001,7140,111,84.0,149914,0.0001,1.1100465059280396
599844,0.05,5379,230.80601776999995,7141,111,84.0,149935,0.0001,7.188859462738037
599928,0.05,5380,229.52719623000002,7142,111,84.0,149956,0.0001,8.25114631652832
600012,0.05,5380,229.14713321999992,7143,111,84.0,149977,0.0001,1.5852506160736084
600096,0.05,5381,229.16235494999998,7144,111,84.0,149998,0.0001,8.757238388061523
600180,0.05,5382,228.73752512,7145,111,84.0,150019,0.0001,9.290987968444824
600264,0.05,5383,228.94475274999996,7146,111,84.0,150040,0.0001,10.861994743347168
600348,0.05,5383,228.64096221999998,7147,111,84.0,150061,0.0001,0.9156351089477539
600432,0.05,5384,228.64517188,7148,111,84.0,150082,0.0001,0.9384006261825562
600516,0.05,5385,228.78087956999997,7149,111,84.0,150103,0.0001,7.375881671905518
600600,0.05,5386,228.71937602999995,7150,111,84.0,150124,0.0001,6.453603267669678
600684,0.05,5387,227.98714320999997,7151,111,84.0,150145,0.0001,8.870589256286621
600768,0.05,5387,226.90119470999994,7152,111,84.0,150166,0.0001,7.16887092590332
600852,0.05,5388,227.29087654999995,7153,111,84.0,150187,0.0001,10.164716720581055
600936,0.05,5389,227.74255057999994,7154,111,84.0,150208,0.0001,7.192997455596924
601020,0.05,5390,227.08549365,7155,111,84.0,150229,0.0001,1.6338802576065063
601104,0.05,5391,227.22776479999996,7156,111,84.0,150250,0.0001,8.45065689086914
601188,0.05,5392,227.42046406999998,7157,111,84.0,150271,0.0001,0.971375584602356
601272,0.05,5392,227.12655654999998,7158,111,84.0,150292,0.0001,0.9995123147964478
601356,0.05,5393,227.18262909999999,7159,111,84.0,150313,0.0001,1.809929370880127
601440,0.05,5394,227.14923443,7160,111,84.0,150334,0.0001,7.000555992126465
601524,0.05,5395,227.17870657,7161,111,84.0,150355,0.0001,1.3143596649169922
601608,0.05,5396,226.99732871,7162,111,84.0,150376,0.0001,13.559449195861816
601692,0.05,5396,227.32192052000002,7163,111,84.0,150397,0.0001,0.7568045258522034
601776,0.05,5397,226.42926539,7164,111,84.0,150418,0.0001,1.7082279920578003
601860,0.05,5398,225.29027849000002,7165,111,84.0,150439,0.0001,8.398911476135254
601944,0.05,5399,225.21048112999998,7166,111,84.0,150460,0.0001,0.7171640396118164
602028,0.05,5400,225.20372648999998,7167,111,84.0,150481,0.0001,0.8813866972923279
602112,0.05,5400,224.73189997999998,7168,111,84.0,150502,0.0001,0.3894508481025696
602196,0.05,5401,224.63022812,7169,111,84.0,150523,0.0001,7.10492467880249
602280,0.05,5402,224.2928406,7170,111,84.0,150544,0.0001,9.457955360412598
602364,0.05,5403,224.68181696,7171,111,84.0,150565,0.0001,0.8783835172653198
602448,0.05,5404,224.91496155999997,7172,111,84.0,150586,0.0001,10.563098907470703
602532,0.05,5404,225.46342737999998,7173,111,84.0,150607,0.0001,0.7331206798553467
602616,0.05,5405,226.19046963999998,7174,111,84.0,150628,0.0001,1.3390363454818726
602700,0.05,5406,226.41059336999996,7175,111,84.0,150649,0.0001,0.5826462507247925
602784,0.05,5407,226.66360730999997,7176,111,84.0,150670,0.0001,1.3724915981292725
602868,0.05,5408,226.60636876999993,7177,111,84.0,150691,0.0001,7.121093273162842
602952,0.05,5408,226.91225985999995,7178,111,84.0,150712,0.0001,6.189039707183838
603036,0.05,5409,227.11700234999998,7179,111,84.0,150733,0.0001,1.4229516983032227
603120,0.05,5410,227.97543004,7180,111,84.0,150754,0.0001,8.17283821105957
603204,0.05,5411,227.49564865,7181,111,84.0,150775,0.0001,0.9147852659225464
603288,0.05,5412,226.92498874000003,7182,111,84.0,150796,0.0001,16.82674217224121
603372,0.05,5413,226.84163834999998,7183,111,84.0,150817,0.0001,9.932551383972168
603456,0.05,5414,226.88128018,7184,111,84.0,150838,0.0001,8.909564971923828
603540,0.05,5414,226.11953979999998,7185,111,84.0,150859,0.0001,1.2447373867034912
603624,0.05,5415,226.28681818999996,7186,111,84.0,150880,0.0001,0.3400692641735077
603708,0.05,5416,225.80811523999998,7187,111,84.0,150901,0.0001,1.021493911743164
603792,0.05,5417,226.28454904999998,7188,111,84.0,150922,0.0001,0.7127885818481445
603876,0.05,5418,226.14611343,7189,111,84.0,150943,0.0001,7.9491705894470215
603960,0.05,5419,225.82944558,7190,111,84.0,150964,0.0001,6.484766960144043
604044,0.05,5419,225.48566725999999,7191,111,84.0,150985,0.0001,1.0862231254577637
604128,0.05,5420,224.73936867999998,7192,111,84.0,151006,0.0001,6.994619369506836
604212,0.05,5421,224.72232426999994,7193,111,84.0,151027,0.0001,7.512630462646484
604296,0.05,5422,223.85020459,7194,111,84.0,151048,0.0001,1.080331802368164
604380,0.05,5423,223.8985402,7195,111,84.0,151069,0.0001,0.6198119521141052
604464,0.05,5423,224.75756608000003,7196,111,84.0,151090,0.0001,9.416444778442383
604548,0.05,5424,224.10555767000002,7197,111,84.0,151111,0.0001,0.9130467772483826
604632,0.05,5425,224.37875164000002,7198,111,84.0,151132,0.0001,0.7584003210067749
604716,0.05,5426,224.37298556999997,7199,111,84.0,151153,0.0001,8.73849868774414
604800,0.05,5427,223.98822601,7200,111,84.0,151174,0.0001,6.647584915161133
604884,0.05,5428,223.58792677999998,7201,111,84.0,151195,0.0001,6.849595069885254
604968,0.05,5428,223.82876047,7202,111,84.0,151216,0.0001,1.2874079942703247
605052,0.05,5429,223.59263988999996,7203,111,84.0,151237,0.0001,1.3265025615692139
605136,0.05,5430,223.26484243999997,7204,111,84.0,151258,0.0001,0.531417191028595
605220,0.05,5431,222.86726215000002,7205,111,84.0,151279,0.0001,8.583735466003418
605304,0.05,5432,223.02048813000002,7206,111,84.0,151300,0.0001,13.425061225891113
605388,0.05,5433,221.93358763000003,7207,111,84.0,151321,0.0001,9.897796630859375
605472,0.05,5433,221.50394003000005,7208,111,84.0,151342,0.0001,7.879229545593262
605556,0.05,5434,221.57286996000002,7209,111,84.0,151363,0.0001,0.6266260147094727
605640,0.05,5435,221.41662583000002,7210,111,84.0,151384,0.0001,0.5999329090118408
605724,0.05,5435,221.16447558000004,7211,111,84.0,151405,0.0001,1.8473212718963623
605808,0.05,5436,220.44886417000006,7212,111,84.0,151426,0.0001,0.5013538599014282
605892,0.05,5437,220.5009501,7213,111,84.0,151447,0.0001,4.356327056884766
605976,0.05,5438,221.13905275000002,7214,111,84.0,151468,0.0001,8.08591365814209
606060,0.05,5438,221.51259534999997,7215,111,84.0,151489,0.0001,0.9214234352111816
606144,0.05,5439,221.44867222000002,7216,111,84.0,151510,0.0001,1.130642294883728
606228,0.05,5440,221.55497613999995,7217,111,84.0,151531,0.0001,0.9989026784896851
606312,0.05,5441,221.66921753999998,7218,111,84.0,151552,0.0001,0.6631741523742676
606396,0.05,5442,220.90658507,7219,111,84.0,151573,0.0001,1.630378007888794
606480,0.05,5442,221.07474094999998,7220,111,84.0,151594,0.0001,1.455302119255066
606564,0.05,5443,220.76114759,7221,111,84.0,151615,0.0001,0.6984875202178955
606648,0.05,5444,220.45443715000005,7222,111,84.0,151636,0.0001,1.1769332885742188
606732,0.05,5445,219.89775364000005,7223,111,84.0,151657,0.0001,6.677846908569336
606816,0.05,5446,220.49715164000006,7224,111,84.0,151678,0.0001,6.973328113555908
606900,0.05,5446,220.27736415000007,7225,111,84.0,151699,0.0001,0.42024314403533936
606984,0.05,5447,220.66797514000007,7226,111,84.0,151720,0.0001,0.4644676744937897
607068,0.05,5448,220.89181207000001,7227,111,84.0,151741,0.0001,1.5519475936889648
607152,0.05,5449,221.52567183000002,7228,111,84.0,151762,0.0001,7.864398956298828
607236,0.05,5449,221.39145493000007,7229,111,84.0,151783,0.0001,7.425198554992676
607320,0.05,5450,221.07148377000001,7230,111,84.0,151804,0.0001,7.270011901855469
607404,0.05,5451,221.84164703,7231,111,84.0,151825,0.0001,0.8070437908172607
607488,0.05,5452,222.34931853999996,7232,111,84.0,151846,0.0001,0.8988385200500488
607572,0.05,5453,222.49377072999997,7233,111,84.0,151867,0.0001,9.59718132019043
607656,0.05,5453,222.72442765999998,7234,111,84.0,151888,0.0001,0.9348950386047363
607740,0.05,5454,222.44867026000003,7235,111,84.0,151909,0.0001,1.3227167129516602
607824,0.05,5455,222.35132821,7236,111,84.0,151930,0.0001,1.4374549388885498
607908,0.05,5456,222.10507088999998,7237,111,84.0,151951,0.0001,8.587398529052734
607992,0.05,5456,222.33945990000004,7238,111,84.0,151972,0.0001,1.1072200536727905
608076,0.05,5457,222.48406547000002,7239,111,84.0,151993,0.0001,1.368372917175293
608160,0.05,5458,222.77550769,7240,111,84.0,152014,0.0001,1.0350022315979004
608244,0.05,5459,222.48575129,7241,111,84.0,152035,0.0001,10.224435806274414
608328,0.05,5460,222.74719159000003,7242,111,84.0,152056,0.0001,0.7078378200531006
608412,0.05,5460,222.41096168,7243,111,84.0,152077,0.0001,1.291198968887329
608496,0.05,5461,222.85926848000003,7244,111,84.0,152098,0.0001,0.8000026345252991
608580,0.05,5462,222.72174010999998,7245,111,84.0,152119,0.0001,0.6035805940628052
608664,0.05,5463,221.82381709000003,7246,111,84.0,152140,0.0001,1.0874090194702148
608748,0.05,5464,221.16434846,7247,111,84.0,152161,0.0001,1.6306977272033691
608832,0.05,5464,220.97180084,7248,111,84.0,152182,0.0001,0.8383298516273499
608916,0.05,5465,221.21213891,7249,111,84.0,152203,0.0001,0.9944865107536316
609000,0.05,5466,221.06800417999995,7250,111,84.0,152224,0.0001,0.7751956582069397
609084,0.05,5467,220.96184385999996,7251,111,84.0,152245,0.0001,1.2476122379302979
609168,0.05,5468,220.84631359,7252,111,84.0,152266,0.0001,7.34193754196167
609252,0.05,5468,220.16189194999998,7253,111,84.0,152287,0.0001,0.6819263100624084
609336,0.05,5469,219.93027933999997,7254,111,84.0,152308,0.0001,10.089694023132324
609420,0.05,5470,219.75466740999997,7255,111,84.0,152329,0.0001,13.2224702835083
609504,0.05,5470,219.28502709999992,7256,111,84.0,152350,0.0001,0.6249644756317139
609588,0.05,5471,219.15650290999997,7257,111,84.0,152371,0.0001,0.5467650294303894
609672,0.05,5472,219.39606585,7258,111,84.0,152392,0.0001,6.51106595993042
609756,0.05,5473,219.15397812,7259,111,84.0,152413,0.0001,1.0901203155517578
609840,0.05,5474,218.81737496000002,7260,111,84.0,152434,0.0001,6.497490882873535
609924,0.05,5475,218.65276892000003,7261,111,84.0,152455,0.0001,0.9194420576095581
610008,0.05,5475,218.40330826999997,7262,111,84.0,152476,0.0001,1.5556433200836182
610092,0.05,5476,217.96693706,7263,111,84.0,152497,0.0001,6.012369155883789
610176,0.05,5477,218.53166744,7264,111,84.0,152518,0.0001,1.020066738128662
610260,0.05,5478,219.45672459000005,7265,111,84.0,152539,0.0001,1.074922800064087
610344,0.05,5478,219.52109377000005,7266,111,84.0,152560,0.0001,1.5223227739334106
610428,0.05,5479,219.84894355000003,7267,111,84.0,152581,0.0001,5.532873630523682
610512,0.05,5480,219.72060758,7268,111,84.0,152602,0.0001,1.3608040809631348
610596,0.05,5481,220.00892409,7269,111,84.0,152623,0.0001,0.480324923992157
610680,0.05,5482,220.97233302999996,7270,111,84.0,152644,0.0001,6.971103191375732
610764,0.05,5483,221.12668315,7271,111,84.0,152665,0.0001,7.985355854034424
610848,0.05,5484,221.39928989,7272,111,84.0,152686,0.0001,5.869705677032471
610932,0.05,5484,220.96473789,7273,111,84.0,152707,0.0001,5.153788089752197
611016,0.05,5485,220.38941855999997,7274,111,84.0,152728,0.0001,15.889235496520996
611100,0.05,5486,220.33551990999996,7275,111,84.0,152749,0.0001,1.7815663814544678
611184,0.05,5487,220.25382929,7276,111,84.0,152770,0.0001,19.085311889648438
611268,0.05,5488,220.66121300999998,7277,111,84.0,152791,0.0001,6.368633270263672
611352,0.05,5489,220.85078574,7278,111,84.0,152812,0.0001,10.397660255432129
611436,0.05,5489,220.82760050999997,7279,111,84.0,152833,0.0001,1.3538575172424316
611520,0.05,5490,220.51770120999993,7280,111,84.0,152854,0.0001,19.595483779907227
611604,0.05,5491,220.58720374,7281,111,84.0,152875,0.0001,0.6512823104858398
611688,0.05,5492,220.93868811999997,7282,111,84.0,152896,0.0001,0.9584094285964966
611772,0.05,5493,221.31933504,7283,111,84.0,152917,0.0001,10.20447826385498
611856,0.05,5493,221.88304108,7284,111,84.0,152938,0.0001,0.6223284006118774
611940,0.05,5494,222.27738121999994,7285,111,84.0,152959,0.0001,0.6874862909317017
612024,0.05,5495,222.53012148999994,7286,111,84.0,152980,0.0001,9.69792366027832
612108,0.05,5496,222.67759220999997,7287,111,84.0,153001,0.0001,10.58696174621582
612192,0.05,5496,222.46986728000005,7288,111,84.0,153022,0.0001,6.424779891967773
612276,0.05,5497,221.81092406,7289,111,84.0,153043,0.0001,1.956110954284668
612360,0.05,5498,221.75993179,7290,111,84.0,153064,0.0001,0.7336248159408569
612444,0.05,5499,221.64865058000004,7291,111,84.0,153085,0.0001,7.056263446807861
612528,0.05,5499,221.77743979000002,7292,111,84.0,153106,0.0001,0.43425703048706055
612612,0.05,5500,221.92157688999995,7293,111,84.0,153127,0.0001,0.893663227558136
612696,0.05,5501,222.07170755999996,7294,111,84.0,153148,0.0001,0.5809457302093506
612780,0.05,5502,222.00056720999993,7295,111,84.0,153169,0.0001,17.795604705810547
612864,0.05,5503,221.61309971000003,7296,111,84.0,153190,0.0001,0.7184736728668213
612948,0.05,5504,221.69778568,7297,111,84.0,153211,0.0001,0.9779523015022278
613032,0.05,5504,221.40471996,7298,111,84.0,153232,0.0001,6.777482032775879
613116,0.05,5505,221.80558929000003,7299,111,84.0,153253,0.0001,7.9386982917785645
613200,0.05,5506,222.27952635000005,7300,111,84.0,153274,0.0001,0.6775898337364197
613284,0.05,5507,222.53098971000003,7301,111,84.0,153295,0.0001,9.24575424194336
613368,0.05,5507,222.64426420000004,7302,111,84.0,153316,0.0001,0.6128161549568176
613452,0.05,5508,223.45463253000005,7303,111,84.0,153337,0.0001,1.1609141826629639
613536,0.05,5509,223.65023815,7304,111,84.0,153358,0.0001,1.0394518375396729
613620,0.05,5510,223.64393035,7305,111,84.0,153379,0.0001,13.077154159545898
613704,0.05,5511,223.16341226000003,7306,111,84.0,153400,0.0001,1.3654364347457886
613788,0.05,5511,223.59471119000006,7307,111,84.0,153421,0.0001,1.9015727043151855
613872,0.05,5512,224.07177638000005,7308,111,84.0,153442,0.0001,0.8574479818344116
613956,0.05,5513,223.92678281000008,7309,111,84.0,153463,0.0001,1.1331530809402466
614040,0.05,5514,223.96668608000004,7310,111,84.0,153484,0.0001,0.7723792195320129
614124,0.05,5514,223.80100599000002,7311,111,84.0,153505,0.0001,8.032974243164062
614208,0.05,5515,224.17108441,7312,111,84.0,153526,0.0001,0.7538964748382568
614292,0.05,5516,224.26036871999997,7313,111,84.0,153547,0.0001,0.35931456089019775
614376,0.05,5517,224.09571578999999,7314,111,84.0,153568,0.0001,11.904951095581055
614460,0.05,5518,224.21300946,7315,111,84.0,153589,0.0001,9.124048233032227
614544,0.05,5518,224.47028361000005,7316,111,84.0,153610,0.0001,0.5609266757965088
614628,0.05,5519,224.00124722,7317,111,84.0,153631,0.0001,0.7222592830657959
614712,0.05,5520,223.67901027,7318,111,84.0,153652,0.0001,0.9615551233291626
614796,0.05,5521,223.98777831999996,7319,111,84.0,153673,0.0001,10.262201309204102
614880,0.05,5522,224.26537308,7320,111,84.0,153694,0.0001,6.3640828132629395
614964,0.05,5522,224.84808563,7321,111,84.0,153715,0.0001,1.3044493198394775
615048,0.05,5523,225.00214092000004,7322,111,84.0,153736,0.0001,10.808708190917969
615132,0.05,5524,225.26819003000003,7323,111,84.0,153757,0.0001,0.5672523975372314
615216,0.05,5525,225.37766944000003,7324,111,84.0,153778,0.0001,0.9463698863983154
615300,0.05,5526,225.50272158999996,7325,111,84.0,153799,0.0001,1.0797561407089233
615384,0.05,5526,225.29226652999998,7326,111,84.0,153820,0.0001,1.3446533679962158
615468,0.05,5527,224.47760391999998,7327,111,84.0,153841,0.0001,0.9332011938095093
615552,0.05,5528,223.98733122999994,7328,111,84.0,153862,0.0001,1.0810306072235107
615636,0.05,5529,224.41462245999995,7329,111,84.0,153883,0.0001,1.0682867765426636
615720,0.05,5530,224.48737555999998,7330,111,84.0,153904,0.0001,1.0172927379608154
615804,0.05,5531,223.73758104999993,7331,111,84.0,153925,0.0001,10.102605819702148
615888,0.05,5532,223.76018399999998,7332,111,84.0,153946,0.0001,21.609817504882812
615972,0.05,5532,223.80398756,7333,111,84.0,153967,0.0001,7.899404048919678
616056,0.05,5533,223.58250607,7334,111,84.0,153988,0.0001,0.8269246816635132
616140,0.05,5534,223.85190242999997,7335,111,84.0,154009,0.0001,0.813920795917511
616224,0.05,5535,223.89801517000004,7336,111,84.0,154030,0.0001,1.0158514976501465
616308,0.05,5535,223.75777749999997,7337,111,84.0,154051,0.0001,11.725387573242188
616392,0.05,5536,223.49940750000002,7338,111,84.0,154072,0.0001,0.6259129047393799
616476,0.05,5537,223.43964511,7339,111,84.0,154093,0.0001,1.1992231607437134
616560,0.05,5538,223.7125409,7340,111,84.0,154114,0.0001,7.70112419128418
616644,0.05,5539,223.17852709,7341,111,84.0,154135,0.0001,1.8880579471588135
616728,0.05,5539,222.84396530000006,7342,111,84.0,154156,0.0001,2.276624917984009
616812,0.05,5540,223.39308157000008,7343,111,84.0,154177,0.0001,0.6670194864273071
616896,0.05,5541,223.26418133000007,7344,111,84.0,154198,0.0001,1.1286638975143433
616980,0.05,5542,223.47610460000004,7345,111,84.0,154219,0.0001,23.246110916137695
617064,0.05,5542,223.69112812000003,7346,111,84.0,154240,0.0001,0.5171412229537964
617148,0.05,5543,224.17475412,7347,111,84.0,154261,0.0001,7.435182571411133
617232,0.05,5544,224.27961808999996,7348,111,84.0,154282,0.0001,1.562597393989563
617316,0.05,5545,223.81477529,7349,111,84.0,154303,0.0001,10.705256462097168
617400,0.05,5546,223.77409396999997,7350,111,84.0,154324,0.0001,0.8467683792114258
617484,0.05,5546,223.82386123,7351,111,84.0,154345,0.0001,0.9793274998664856
617568,0.05,5547,224.14033258000003,7352,111,84.0,154366,0.0001,0.8666137456893921
617652,0.05,5548,224.53339627000003,7353,111,84.0,154387,0.0001,0.9858160018920898
617736,0.05,5549,224.70743296,7354,111,84.0,154408,0.0001,0.9770841002464294
617820,0.05,5550,224.74068047,7355,111,84.0,154429,0.0001,8.780054092407227
617904,0.05,5550,224.83776605,7356,111,84.0,154450,0.0001,0.9222760796546936
617988,0.05,5551,224.91068249999998,7357,111,84.0,154471,0.0001,1.3200587034225464
618072,0.05,5552,224.94348531,7358,111,84.0,154492,0.0001,9.597097396850586
618156,0.05,5553,225.350383,7359,111,84.0,154513,0.0001,0.7225037217140198
618240,0.05,5554,225.19534824,7360,111,84.0,154534,0.0001,7.123132705688477
618324,0.05,5554,225.33946736000001,7361,111,84.0,154555,0.0001,7.002429008483887
618408,0.05,5555,225.41348149,7362,111,84.0,154576,0.0001,1.0078691244125366
618492,0.05,5556,225.99007863,7363,111,84.0,154597,0.0001,9.528181076049805
618576,0.05,5557,226.25943305,7364,111,84.0,154618,0.0001,10.175456047058105
618660,0.05,5558,226.65068007000002,7365,111,84.0,154639,0.0001,10.925089836120605
618744,0.05,5558,226.89935626000002,7366,111,84.0,154660,0.0001,0.8062411546707153
618828,0.05,5559,226.56476801999997,7367,111,84.0,154681,0.0001,1.1445305347442627
618912,0.05,5560,226.54161712999993,7368,111,84.0,154702,0.0001,10.140188217163086
618996,0.05,5561,226.08555848999995,7369,111,84.0,154723,0.0001,16.613189697265625
619080,0.05,5562,225.19653187,7370,111,84.0,154744,0.0001,7.586329460144043
619164,0.05,5562,224.76796612,7371,111,84.0,154765,0.0001,0.6919602155685425
619248,0.05,5563,224.32402844,7372,111,84.0,154786,0.0001,10.048117637634277
619332,0.05,5564,224.44932774,7373,111,84.0,154807,0.0001,1.930731177330017
619416,0.05,5565,224.37247865999998,7374,111,84.0,154828,0.0001,1.4583964347839355
619500,0.05,5566,223.98197074000004,7375,111,84.0,154849,0.0001,7.294302463531494
619584,0.05,5566,223.79344374999997,7376,111,84.0,154870,0.0001,0.9274646043777466
619668,0.05,5567,223.70365072999996,7377,111,84.0,154891,0.0001,0.7560790777206421
619752,0.05,5568,223.14798582,7378,111,84.0,154912,0.0001,8.600846290588379
619836,0.05,5569,222.85300663,7379,111,84.0,154933,0.0001,0.8090500831604004
619920,0.05,5569,222.31098344999998,7380,111,84.0,154954,0.0001,0.612050473690033
620004,0.05,5570,222.08936187000003,7381,111,84.0,154975,0.0001,2.9138588905334473
620088,0.05,5571,222.32847027000003,7382,111,84.0,154996,0.0001,0.9525368213653564
620172,0.05,5572,222.52125100000003,7383,111,84.0,155017,0.0001,1.1593408584594727
620256,0.05,5573,221.58987187000002,7384,111,84.0,155038,0.0001,7.334780693054199
620340,0.05,5573,221.30380486000004,7385,111,84.0,155059,0.0001,0.6867168545722961
620424,0.05,5574,220.67421623,7386,111,84.0,155080,0.0001,1.422579288482666
620508,0.05,5575,220.83684004999998,7387,111,84.0,155101,0.0001,16.539592742919922
620592,0.05,5576,221.01978614,7388,111,84.0,155122,0.0001,0.6040207147598267
620676,0.05,5577,221.36243395999998,7389,111,84.0,155143,0.0001,8.015493392944336
620760,0.05,5577,221.58277599999997,7390,111,84.0,155164,0.0001,6.497011184692383
620844,0.05,5578,221.84748368,7391,111,84.0,155185,0.0001,10.078235626220703
620928,0.05,5579,221.84730488999995,7392,111,84.0,155206,0.0001,7.614095687866211
621012,0.05,5580,221.85061278,7393,111,84.0,155227,0.0001,10.113483428955078
621096,0.05,5581,221.87724563,7394,111,84.0,155248,0.0001,0.5082952976226807
621180,0.05,5581,222.47194002999996,7395,111,84.0,155269,0.0001,1.5177205801010132
621264,0.05,5582,222.24662253999998,7396,111,84.0,155290,0.0001,8.30112361907959
621348,0.05,5583,221.96690432,7397,111,84.0,155311,0.0001,1.058403730392456
621432,0.05,5584,222.06577511,7398,111,84.0,155332,0.0001,0.6580572128295898
621516,0.05,5585,222.00683457999995,7399,111,84.0,155353,0.0001,8.853851318359375
621600,0.05,5585,221.57854632000002,7400,111,84.0,155374,0.0001,0.7735885381698608
621684,0.05,5586,221.30898956999997,7401,111,84.0,155395,0.0001,1.5659618377685547
621768,0.05,5587,220.89738641000002,7402,111,84.0,155416,0.0001,10.218676567077637
621852,0.05,5588,220.87958827999998,7403,111,84.0,155437,0.0001,0.670474648475647
621936,0.05,5589,220.64514784000002,7404,111,84.0,155458,0.0001,0.7090311050415039
622020,0.05,5589,220.3527752,7405,111,84.0,155479,0.0001,1.0081787109375
622104,0.05,5590,220.25784940000003,7406,111,84.0,155500,0.0001,0.9031775593757629
622188,0.05,5591,220.14744342999998,7407,111,84.0,155521,0.0001,0.997901201248169
622272,0.05,5592,219.53064891000002,7408,111,84.0,155542,0.0001,0.8808934092521667
622356,0.05,5593,219.38760913000002,7409,111,84.0,155563,0.0001,1.213143229484558
622440,0.05,5593,219.47157875000002,7410,111,84.0,155584,0.0001,0.9315683245658875
622524,0.05,5594,219.33338501000003,7411,111,84.0,155605,0.0001,1.2213947772979736
622608,0.05,5595,219.06446706,7412,111,84.0,155626,0.0001,0.6857935190200806
622692,0.05,5596,219.08960980999996,7413,111,84.0,155647,0.0001,9.74586296081543
622776,0.05,5597,218.89412754999998,7414,111,84.0,155668,0.0001,0.7931994199752808
622860,0.05,5597,218.81485293999998,7415,111,84.0,155689,0.0001,6.537632942199707
622944,0.05,5598,219.32293793,7416,111,84.0,155710,0.0001,0.8960116505622864
623028,0.05,5599,219.25687446999996,7417,111,84.0,155731,0.0001,0.8112169504165649
623112,0.05,5600,219.31375280999998,7418,111,84.0,155752,0.0001,7.3799638748168945
623196,0.05,5600,219.37991467,7419,111,84.0,155773,0.0001,10.15109634399414
623280,0.05,5601,218.97643893999992,7420,111,84.0,155794,0.0001,10.330692291259766
623364,0.05,5602,218.94106036000002,7421,111,84.0,155815,0.0001,1.2459087371826172
623448,0.05,5603,219.35694472,7422,111,84.0,155836,0.0001,1.0906362533569336
623532,0.05,5604,219.33349188,7423,111,84.0,155857,0.0001,1.0486432313919067
623616,0.05,5604,219.39061193999999,7424,111,84.0,155878,0.0001,1.20432448387146
623700,0.05,5605,218.81240489,7425,111,84.0,155899,0.0001,10.82457160949707
623784,0.05,5606,218.86274554,7426,111,84.0,155920,0.0001,9.572863578796387
623868,0.05,5607,218.93849754999997,7427,111,84.0,155941,0.0001,0.5053049325942993
623952,0.05,5608,218.96342979999997,7428,111,84.0,155962,0.0001,0.7345854043960571
624036,0.05,5608,218.78724852,7429,111,84.0,155983,0.0001,9.678547859191895
624120,0.05,5609,218.47155942,7430,111,84.0,156004,0.0001,0.32814380526542664
624204,0.05,5610,218.81420276,7431,111,84.0,156025,0.0001,6.920827388763428
624288,0.05,5611,219.05701118000002,7432,111,84.0,156046,0.0001,0.7560604810714722
624372,0.05,5612,219.10163817000003,7433,111,84.0,156067,0.0001,0.6863959431648254
624456,0.05,5612,219.00715817,7434,111,84.0,156088,0.0001,0.8929920196533203
624540,0.05,5613,218.71302392,7435,111,84.0,156109,0.0001,0.6817957162857056
624624,0.05,5614,218.58003365000005,7436,111,84.0,156130,0.0001,1.6003950834274292
624708,0.05,5615,218.53883183000002,7437,111,84.0,156151,0.0001,1.851347804069519
624792,0.05,5616,218.90556676,7438,111,84.0,156172,0.0001,7.399631023406982
624876,0.05,5616,218.95901874999998,7439,111,84.0,156193,0.0001,9.13685131072998
624960,0.05,5617,218.65102591,7440,111,84.0,156214,0.0001,8.226112365722656
625044,0.05,5618,219.394838,7441,111,84.0,156235,0.0001,7.360983371734619
625128,0.05,5619,219.97288751,7442,111,84.0,156256,0.0001,10.186637878417969
625212,0.05,5620,219.67948632000002,7443,111,84.0,156277,0.0001,0.7592772245407104
625296,0.05,5621,219.40741672999997,7444,111,84.0,156298,0.0001,0.5037384033203125
625380,0.05,5621,219.44825811999996,7445,111,84.0,156319,0.0001,0.8127236366271973
625464,0.05,5622,219.48972949,7446,111,84.0,156340,0.0001,0.572219967842102
625548,0.05,5623,219.81832107999995,7447,111,84.0,156361,0.0001,8.166457176208496
625632,0.05,5624,220.34832036999995,7448,111,84.0,156382,0.0001,0.8424209356307983
625716,0.05,5625,220.25551250999996,7449,111,84.0,156403,0.0001,1.1686729192733765
625800,0.05,5625,220.40151153,7450,111,84.0,156424,0.0001,1.366551160812378
625884,0.05,5627,220.5322316,7451,111,84.0,156445,0.0001,0.8742377758026123
625968,0.05,5627,220.6845146,7452,111,84.0,156466,0.0001,0.8278408050537109
626052,0.05,5628,220.59016229,7453,111,84.0,156487,0.0001,0.9613326191902161
626136,0.05,5629,219.85125402000003,7454,111,84.0,156508,0.0001,0.946041464805603
626220,0.05,5630,219.52829418000002,7455,111,84.0,156529,0.0001,0.5868641138076782
626304,0.05,5631,220.10153911,7456,111,84.0,156550,0.0001,7.293003082275391
626388,0.05,5631,219.82588776,7457,111,84.0,156571,0.0001,1.2958362102508545
626472,0.05,5632,219.05269281000005,7458,111,84.0,156592,0.0001,1.708829641342163
626556,0.05,5633,218.95644218000004,7459,111,84.0,156613,0.0001,0.6210693120956421
626640,0.05,5634,219.1834261,7460,111,84.0,156634,0.0001,0.8472778797149658
626724,0.05,5635,218.96899205999998,7461,111,84.0,156655,0.0001,0.5032711625099182
626808,0.05,5636,219.47878454000002,7462,111,84.0,156676,0.0001,9.864895820617676
626892,0.05,5636,218.98718321,7463,111,84.0,156697,0.0001,6.835505962371826
626976,0.05,5637,218.66936256,7464,111,84.0,156718,0.0001,0.7203070521354675
627060,0.05,5638,218.48764891,7465,111,84.0,156739,0.0001,6.255770683288574
627144,0.05,5639,218.27412492,7466,111,84.0,156760,0.0001,0.3707624673843384
627228,0.05,5640,218.41749014999996,7467,111,84.0,156781,0.0001,0.7233860492706299
627312,0.05,5641,218.68166915999998,7468,111,84.0,156802,0.0001,5.32261848449707
627396,0.05,5642,218.58196941000003,7469,111,84.0,156823,0.0001,16.402050018310547
627480,0.05,5642,218.49404845,7470,111,84.0,156844,0.0001,19.27577018737793
627564,0.05,5643,218.80969867,7471,111,84.0,156865,0.0001,0.42172473669052124
627648,0.05,5644,218.90611457,7472,111,84.0,156886,0.0001,7.156929016113281
627732,0.05,5645,218.77272783000004,7473,111,84.0,156907,0.0001,0.612739086151123
627816,0.05,5645,218.51612213,7474,111,84.0,156928,0.0001,8.003396987915039
627900,0.05,5646,218.59905403000002,7475,111,84.0,156949,0.0001,1.0742573738098145
627984,0.05,5647,218.48353893,7476,111,84.0,156970,0.0001,6.430756568908691
628068,0.05,5648,218.25024514,7477,111,84.0,156991,0.0001,15.14434814453125
628152,0.05,5649,218.32998767,7478,111,84.0,157012,0.0001,0.8826872706413269
628236,0.05,5649,218.59661146,7479,111,84.0,157033,0.0001,18.331348419189453
628320,0.05,5650,218.69149863999996,7480,111,84.0,157054,0.0001,0.8163213729858398
628404,0.05,5651,218.56157786999995,7481,111,84.0,157075,0.0001,0.5108671188354492
628488,0.05,5652,218.23784844000002,7482,111,84.0,157096,0.0001,0.8822911977767944
628572,0.05,5653,218.12855321000004,7483,111,84.0,157117,0.0001,10.747570991516113
628656,0.05,5653,218.63717894,7484,111,84.0,157138,0.0001,2.4683210849761963
628740,0.05,5654,218.85762526000002,7485,111,84.0,157159,0.0001,0.8796994686126709
628824,0.05,5655,219.23442706999995,7486,111,84.0,157180,0.0001,0.7931716442108154
628908,0.05,5656,219.1856432,7487,111,84.0,157201,0.0001,7.716032028198242
628992,0.05,5657,219.00245874,7488,111,84.0,157222,0.0001,6.37973690032959
629076,0.05,5658,218.90774107999997,7489,111,84.0,157243,0.0001,0.9668645858764648
629160,0.05,5659,219.04914363,7490,111,84.0,157264,0.0001,0.9524753093719482
629244,0.05,5659,218.54027312,7491,111,84.0,157285,0.0001,0.7904443740844727
629328,0.05,5660,218.36955375999997,7492,111,84.0,157306,0.0001,0.7737826108932495
629412,0.05,5661,217.86984735999994,7493,111,84.0,157327,0.0001,0.7466524839401245
629496,0.05,5662,217.53761872999996,7494,111,84.0,157348,0.0001,1.0796058177947998
629580,0.05,5663,216.94152285999996,7495,111,84.0,157369,0.0001,0.6105921268463135
629664,0.05,5663,216.67622598999998,7496,111,84.0,157390,0.0001,0.6112660765647888
629748,0.05,5664,216.89242479,7497,111,84.0,157411,0.0001,0.6138221025466919
629832,0.05,5665,216.60062010000001,7498,111,84.0,157432,0.0001,0.7923097014427185
629916,0.05,5666,216.64105909000003,7499,111,84.0,157453,0.0001,7.452436447143555
630000,0.05,5667,217.07908777,7500,111,84.0,157474,0.0001,6.743741035461426
630084,0.05,5667,217.45297455,7501,111,84.0,157495,0.0001,0.8432427644729614
630168,0.05,5668,217.88917325000003,7502,111,84.0,157516,0.0001,14.715322494506836
630252,0.05,5669,217.29460774,7503,111,84.0,157537,0.0001,10.525714874267578
630336,0.05,5670,217.33789827,7504,111,84.0,157558,0.0001,8.3828125
630420,0.05,5671,217.50775468000003,7505,111,84.0,157579,0.0001,7.674160480499268
630504,0.05,5671,217.76684139,7506,111,84.0,157600,0.0001,8.59955883026123
630588,0.05,5672,218.02157982,7507,111,84.0,157621,0.0001,7.468544960021973
630672,0.05,5673,218.24842232999998,7508,111,84.0,157642,0.0001,1.2866227626800537
630756,0.05,5674,218.54503881,7509,111,84.0,157663,0.0001,0.9968100190162659
630840,0.05,5675,218.79096047,7510,111,84.0,157684,0.0001,1.012089729309082
630924,0.05,5675,219.04772286,7511,111,84.0,157705,0.0001,0.9661592245101929
631008,0.05,5676,219.08360360999998,7512,111,84.0,157726,0.0001,10.771781921386719
631092,0.05,5677,219.05873523999998,7513,111,84.0,157747,0.0001,0.7422271966934204
631176,0.05,5678,219.13983086999997,7514,111,84.0,157768,0.0001,9.414464950561523
631260,0.05,5679,218.95156063,7515,111,84.0,157789,0.0001,0.8942994475364685
631344,0.05,5679,218.67213098,7516,111,84.0,157810,0.0001,9.227972030639648
631428,0.05,5680,218.98380010999998,7517,111,84.0,157831,0.0001,1.065569281578064
631512,0.05,5681,219.02005119,7518,111,84.0,157852,0.0001,9.170156478881836
631596,0.05,5682,218.77485879,7519,111,84.0,157873,0.0001,1.1780813932418823
631680,0.05,5683,218.74345132999994,7520,111,84.0,157894,0.0001,0.9357331395149231
631764,0.05,5683,218.80955394999998,7521,111,84.0,157915,0.0001,1.254196047782898
631848,0.05,5684,218.63854966,7522,111,84.0,157936,0.0001,2.3939499855041504
631932,0.05,5685,218.96520857000007,7523,111,84.0,157957,0.0001,1.2939172983169556
632016,0.05,5686,218.86955676000002,7524,111,84.0,157978,0.0001,5.015367031097412
632100,0.05,5687,219.17604590000002,7525,111,84.0,157999,0.0001,17.66431427001953
632184,0.05,5687,219.30577509000003,7526,111,84.0,158020,0.0001,1.8528976440429688
632268,0.05,5688,219.55416989999998,7527,111,84.0,158041,0.0001,1.2224705219268799
632352,0.05,5689,219.74966830999998,7528,111,84.0,158062,0.0001,0.6746584177017212
632436,0.05,5690,219.46593265999994,7529,111,84.0,158083,0.0001,1.331965684890747
632520,0.05,5691,219.70921678999994,7530,111,84.0,158104,0.0001,12.623111724853516
632604,0.05,5691,219.49169566999998,7531,111,84.0,158125,0.0001,16.06780242919922
632688,0.05,5692,219.17446872999997,7532,111,84.0,158146,0.0001,8.046062469482422
632772,0.05,5693,219.25878953,7533,111,84.0,158167,0.0001,1.1067006587982178
632856,0.05,5694,219.53829868999998,7534,111,84.0,158188,0.0001,0.9847573041915894
632940,0.05,5694,219.92954011999998,7535,111,84.0,158209,0.0001,0.8800652623176575
633024,0.05,5695,220.39137619000002,7536,111,84.0,158230,0.0001,0.5244348645210266
633108,0.05,5696,220.63562256,7537,111,84.0,158251,0.0001,1.7336082458496094
633192,0.05,5697,220.74801416999998,7538,111,84.0,158272,0.0001,1.2394791841506958
633276,0.05,5698,220.66999373,7539,111,84.0,158293,0.0001,0.7193474769592285
633360,0.05,5698,220.89478282,7540,111,84.0,158314,0.0001,0.9076616764068604
633444,0.05,5699,220.82658204999998,7541,111,84.0,158335,0.0001,17.587202072143555
633528,0.05,5700,220.37722778999995,7542,111,84.0,158356,0.0001,1.0379887819290161
633612,0.05,5701,220.46896083000004,7543,111,84.0,158377,0.0001,0.8526495695114136
633696,0.05,5702,220.65995367999997,7544,111,84.0,158398,0.0001,1.4058622121810913
633780,0.05,5702,220.35883296999998,7545,111,84.0,158419,0.0001,1.8089157342910767
633864,0.05,5703,220.3892014,7546,111,84.0,158440,0.0001,0.8992008566856384
633948,0.05,5704,219.99788731,7547,111,84.0,158461,0.0001,1.0996630191802979
634032,0.05,5705,219.35016096999996,7548,111,84.0,158482,0.0001,0.9726781845092773
634116,0.05,5706,219.23755314000002,7549,111,84.0,158503,0.0001,7.009799957275391
634200,0.05,5706,219.37495679,7550,111,84.0,158524,0.0001,0.6310737133026123
634284,0.05,5707,219.33631569000002,7551,111,84.0,158545,0.0001,6.1563944816589355
634368,0.05,5708,219.11550584,7552,111,84.0,158566,0.0001,0.8629041910171509
634452,0.05,5709,219.52828370999998,7553,111,84.0,158587,0.0001,0.6572728157043457
634536,0.05,5710,219.81886794000002,7554,111,84.0,158608,0.0001,0.6746721863746643
634620,0.05,5710,220.28760663999998,7555,111,84.0,158629,0.0001,0.8061118721961975
634704,0.05,5711,219.70480733,7556,111,84.0,158650,0.0001,0.5701074600219727
634788,0.05,5712,220.03487661000003,7557,111,84.0,158671,0.0001,8.983892440795898
634872,0.05,5713,221.04698359999998,7558,111,84.0,158692,0.0001,7.955801963806152
634956,0.05,5713,220.93917683000004,7559,111,84.0,158713,0.0001,11.383066177368164
635040,0.05,5714,221.03884246,7560,111,84.0,158734,0.0001,0.8578892946243286
635124,0.05,5715,221.04635201000002,7561,111,84.0,158755,0.0001,0.9362761378288269
635208,0.05,5716,220.46908464,7562,111,84.0,158776,0.0001,0.5284048318862915
635292,0.05,5717,220.70247490000003,7563,111,84.0,158797,0.0001,25.512516021728516
635376,0.05,5717,221.19240723,7564,111,84.0,158818,0.0001,0.6996090412139893
635460,0.05,5718,221.36928985000003,7565,111,84.0,158839,0.0001,8.163077354431152
635544,0.05,5719,221.36569506,7566,111,84.0,158860,0.0001,0.7226463556289673
635628,0.05,5719,221.21387739999997,7567,111,84.0,158881,0.0001,1.2347408533096313
635712,0.05,5720,221.01575160000002,7568,111,84.0,158902,0.0001,0.86701500415802
635796,0.05,5721,221.23093665,7569,111,84.0,158923,0.0001,0.8202618360519409
635880,0.05,5722,221.44896400000002,7570,111,84.0,158944,0.0001,1.3567943572998047
635964,0.05,5723,221.67664816000004,7571,111,84.0,158965,0.0001,8.218629837036133
636048,0.05,5723,221.61964884,7572,111,84.0,158986,0.0001,1.0436267852783203
636132,0.05,5724,222.16235234000007,7573,111,84.0,159007,0.0001,6.820878982543945
636216,0.05,5725,222.41583515000005,7574,111,84.0,159028,0.0001,0.5543704032897949
636300,0.05,5726,222.83953789000006,7575,111,84.0,159049,0.0001,0.8593130707740784
636384,0.05,5727,223.04733753,7576,111,84.0,159070,0.0001,0.6895557045936584
636468,0.05,5728,223.16821777,7577,111,84.0,159091,0.0001,0.4430384039878845
636552,0.05,5728,223.41318909999998,7578,111,84.0,159112,0.0001,0.3353608250617981
636636,0.05,5729,222.79731003,7579,111,84.0,159133,0.0001,0.8982222080230713
636720,0.05,5730,222.86756672000004,7580,111,84.0,159154,0.0001,8.946078300476074
636804,0.05,5731,223.19522266,7581,111,84.0,159175,0.0001,1.3076138496398926
636888,0.05,5732,223.33824521000003,7582,111,84.0,159196,0.0001,8.297534942626953
636972,0.05,5732,223.14759920000003,7583,111,84.0,159217,0.0001,0.8281319737434387
637056,0.05,5733,223.08806503,7584,111,84.0,159238,0.0001,0.6433647274971008
637140,0.05,5734,222.6236681,7585,111,84.0,159259,0.0001,5.191946029663086
637224,0.05,5735,222.73601925,7586,111,84.0,159280,0.0001,1.0065011978149414
637308,0.05,5736,222.56567659,7587,111,84.0,159301,0.0001,10.353151321411133
637392,0.05,5736,222.53012858000002,7588,111,84.0,159322,0.0001,15.437902450561523
637476,0.05,5737,222.52306764000002,7589,111,84.0,159343,0.0001,1.1457042694091797
637560,0.05,5738,222.47104078,7590,111,84.0,159364,0.0001,1.5586063861846924
637644,0.05,5739,222.82401344000002,7591,111,84.0,159385,0.0001,0.6755072474479675
637728,0.05,5740,223.09361567,7592,111,84.0,159406,0.0001,0.9447590112686157
637812,0.05,5740,223.09731507999996,7593,111,84.0,159427,0.0001,0.8102275133132935
637896,0.05,5741,223.21764155,7594,111,84.0,159448,0.0001,1.5623195171356201
637980,0.05,5742,223.63902834,7595,111,84.0,159469,0.0001,1.300333857536316
638064,0.05,5743,223.98610085999996,7596,111,84.0,159490,0.0001,0.7353888154029846
638148,0.05,5744,223.99227903,7597,111,84.0,159511,0.0001,0.8985750675201416
638232,0.05,5744,224.18880619,7598,111,84.0,159532,0.0001,18.895915985107422
638316,0.05,5745,224.34715396000004,7599,111,84.0,159553,0.0001,1.877090573310852
638400,0.05,5746,224.74850187000004,7600,111,84.0,159574,0.0001,2.6523940563201904
638484,0.05,5747,224.66050246999998,7601,111,84.0,159595,0.0001,6.786007881164551
638568,0.05,5748,224.44887322000002,7602,111,84.0,159616,0.0001,1.0049622058868408
638652,0.05,5748,224.5068058,7603,111,84.0,159637,0.0001,16.984970092773438
638736,0.05,5749,224.3732861,7604,111,84.0,159658,0.0001,1.5875500440597534
638820,0.05,5750,224.59244102,7605,111,84.0,159679,0.0001,10.342428207397461
638904,0.05,5751,224.49526358,7606,111,84.0,159700,0.0001,7.148046016693115
638988,0.05,5751,224.38734275000002,7607,111,84.0,159721,0.0001,9.22742748260498
639072,0.05,5752,224.42083309999998,7608,111,84.0,159742,0.0001,1.4372575283050537
639156,0.05,5753,224.49797600999997,7609,111,84.0,159763,0.0001,0.9595415592193604
639240,0.05,5754,224.36787894999998,7610,111,84.0,159784,0.0001,0.9586551189422607
639324,0.05,5755,224.4143551,7611,111,84.0,159805,0.0001,1.2893602848052979
639408,0.05,5755,224.62273483000004,7612,111,84.0,159826,0.0001,0.7745524644851685
639492,0.05,5756,224.31992063000004,7613,111,84.0,159847,0.0001,8.077337265014648
639576,0.05,5757,224.10753677000005,7614,111,84.0,159868,0.0001,1.2093555927276611
639660,0.05,5758,224.13447278000004,7615,111,84.0,159889,0.0001,1.1770859956741333
639744,0.05,5758,224.18237228,7616,111,84.0,159910,0.0001,1.6397398710250854
639828,0.05,5759,223.94289449000004,7617,111,84.0,159931,0.0001,0.7442165017127991
639912,0.05,5760,223.73322944000003,7618,111,84.0,159952,0.0001,1.0868234634399414
639996,0.05,5761,224.04989413000007,7619,111,84.0,159973,0.0001,0.7871791124343872
640080,0.05,5762,224.36039081,7620,111,84.0,159994,0.0001,0.9389411211013794
640164,0.05,5762,224.06743392000004,7621,111,84.0,160015,0.0001,0.9203465580940247
640248,0.05,5763,223.78478951000008,7622,111,84.0,160036,0.0001,1.42542564868927
640332,0.05,5764,223.20687921000007,7623,111,84.0,160057,0.0001,1.0442596673965454
640416,0.05,5765,222.9603168200001,7624,111,84.0,160078,0.0001,10.949006080627441
640500,0.05,5766,223.09030767000007,7625,111,84.0,160099,0.0001,0.6879836916923523
640584,0.05,5767,223.03804068000002,7626,111,84.0,160120,0.0001,0.6479945182800293
640668,0.05,5767,222.92344491,7627,111,84.0,160141,0.0001,5.368678569793701
640752,0.05,5768,222.68262760999997,7628,111,84.0,160162,0.0001,5.703414440155029
640836,0.05,5769,222.94177147999994,7629,111,84.0,160183,0.0001,19.205001831054688
640920,0.05,5770,222.99551421999996,7630,111,84.0,160204,0.0001,15.239014625549316
641004,0.05,5771,223.04211461999992,7631,111,84.0,160225,0.0001,1.892613172531128
641088,0.05,5772,223.14155699999995,7632,111,84.0,160246,0.0001,1.647310495376587
641172,0.05,5772,223.09125904999996,7633,111,84.0,160267,0.0001,1.6579170227050781
641256,0.05,5773,223.14078451,7634,111,84.0,160288,0.0001,1.3707146644592285
641340,0.05,5774,222.95587604,7635,111,84.0,160309,0.0001,8.26267147064209
641424,0.05,5775,222.73790051000003,7636,111,84.0,160330,0.0001,0.6125668287277222
641508,0.05,5776,222.50803785,7637,111,84.0,160351,0.0001,0.9992600679397583
641592,0.05,5777,222.37750792,7638,111,84.0,160372,0.0001,6.915811538696289
641676,0.05,5778,222.84405182999996,7639,111,84.0,160393,0.0001,2.6043148040771484
641760,0.05,5778,223.06269243999992,7640,111,84.0,160414,0.0001,1.7708693742752075
641844,0.05,5779,223.07412263999996,7641,111,84.0,160435,0.0001,1.8959705829620361
641928,0.05,5780,223.68970926999995,7642,111,84.0,160456,0.0001,0.9117386937141418
642012,0.05,5781,223.65197431999997,7643,111,84.0,160477,0.0001,10.260881423950195
642096,0.05,5782,223.48364747999997,7644,111,84.0,160498,0.0001,1.155383825302124
642180,0.05,5783,223.71609576000003,7645,111,84.0,160519,0.0001,0.8473139405250549
642264,0.05,5784,223.98529761000006,7646,111,84.0,160540,0.0001,0.8790185451507568
642348,0.05,5785,223.79967573000005,7647,111,84.0,160561,0.0001,7.411725997924805
642432,0.05,5785,224.31323631000004,7648,111,84.0,160582,0.0001,1.5471688508987427
642516,0.05,5786,224.69515020000006,7649,111,84.0,160603,0.0001,0.7028782963752747
642600,0.05,5787,224.59608097000003,7650,111,84.0,160624,0.0001,0.9569758772850037
642684,0.05,5788,224.45484232,7651,111,84.0,160645,0.0001,1.1952581405639648
642768,0.05,5789,224.65276572,7652,111,84.0,160666,0.0001,1.0216333866119385
642852,0.05,5790,224.21677914000003,7653,111,84.0,160687,0.0001,0.5719634294509888
642936,0.05,5790,224.34293734000002,7654,111,84.0,160708,0.0001,0.8310245275497437
643020,0.05,5791,224.62606381,7655,111,84.0,160729,0.0001,8.823192596435547
643104,0.05,5792,224.87063711000002,7656,111,84.0,160750,0.0001,5.099717617034912
643188,0.05,5793,224.61424066000006,7657,111,84.0,160771,0.0001,0.9567753076553345
643272,0.05,5794,224.25348357000001,7658,111,84.0,160792,0.0001,1.0501797199249268
643356,0.05,5794,223.83925405000002,7659,111,84.0,160813,0.0001,8.238029479980469
643440,0.05,5795,223.91536374,7660,111,84.0,160834,0.0001,1.6586737632751465
643524,0.05,5796,224.45576014999997,7661,111,84.0,160855,0.0001,11.011558532714844
643608,0.05,5797,225.08501939999994,7662,111,84.0,160876,0.0001,7.837722301483154
643692,0.05,5798,224.92666964,7663,111,84.0,160897,0.0001,1.173492431640625
643776,0.05,5799,224.60327829000002,7664,111,84.0,160918,0.0001,15.581762313842773
643860,0.05,5799,224.66339462,7665,111,84.0,160939,0.0001,9.04616928100586
643944,0.05,5800,224.68751705000003,7666,111,84.0,160960,0.0001,1.1272801160812378
644028,0.05,5801,224.81419372,7667,111,84.0,160981,0.0001,11.491619110107422
644112,0.05,5802,225.20417195,7668,111,84.0,161002,0.0001,2.381455898284912
644196,0.05,5802,225.23987307,7669,111,84.0,161023,0.0001,2.1082701683044434
644280,0.05,5803,225.11340854000002,7670,111,84.0,161044,0.0001,14.498291015625
644364,0.05,5804,224.95112732,7671,111,84.0,161065,0.0001,1.1340467929840088
644448,0.05,5805,224.32043954,7672,111,84.0,161086,0.0001,18.007768630981445
644532,0.05,5805,223.11223062000002,7673,111,84.0,161107,0.0001,1.3883931636810303
644616,0.05,5806,222.30685753999998,7674,111,84.0,161128,0.0001,9.033024787902832
644700,0.05,5807,221.81890116,7675,111,84.0,161149,0.0001,1.3000439405441284
644784,0.05,5808,221.73663749,7676,111,84.0,161170,0.0001,8.733911514282227
644868,0.05,5809,221.65128357999998,7677,111,84.0,161191,0.0001,0.5635741949081421
644952,0.05,5809,221.69686201000002,7678,111,84.0,161212,0.0001,1.1247258186340332
645036,0.05,5810,222.02042696,7679,111,84.0,161233,0.0001,11.489710807800293
645120,0.05,5811,221.98632518000002,7680,111,84.0,161254,0.0001,0.5946974754333496
645204,0.05,5812,221.92676552999998,7681,111,84.0,161275,0.0001,1.0215718746185303
645288,0.05,5813,221.94935595999996,7682,111,84.0,161296,0.0001,1.233572244644165
645372,0.05,5813,222.29122073999991,7683,111,84.0,161317,0.0001,1.0067133903503418
645456,0.05,5814,222.40176325999997,7684,111,84.0,161338,0.0001,0.6052907705307007
645540,0.05,5815,223.07202112999997,7685,111,84.0,161359,0.0001,8.060354232788086
645624,0.05,5816,223.20736055999998,7686,111,84.0,161380,0.0001,1.9103286266326904
645708,0.05,5817,223.40955447,7687,111,84.0,161401,0.0001,1.1847953796386719
645792,0.05,5817,223.52500568000002,7688,111,84.0,161422,0.0001,9.96928596496582
645876,0.05,5818,223.83021841000001,7689,111,84.0,161443,0.0001,7.323504447937012
645960,0.05,5819,223.71843583,7690,111,84.0,161464,0.0001,8.843101501464844
646044,0.05,5820,223.80185711000001,7691,110,84.0,161485,0.0001,0.7182081341743469
646128,0.05,5821,223.60108769,7692,110,84.0,161506,0.0001,1.0708088874816895
646212,0.05,5821,223.83566552,7693,110,84.0,161527,0.0001,1.242729902267456
646296,0.05,5822,223.91322471,7694,110,84.0,161548,0.0001,0.4027785062789917
646380,0.05,5823,223.66483834,7695,110,84.0,161569,0.0001,0.54044508934021
646464,0.05,5824,223.5484759,7696,110,84.0,161590,0.0001,1.0610103607177734
646548,0.05,5824,223.34849561999997,7697,110,84.0,161611,0.0001,7.2916388511657715
646632,0.05,5825,223.0142818,7698,110,84.0,161632,0.0001,7.610619068145752
646716,0.05,5826,222.66732223999995,7699,110,84.0,161653,0.0001,11.089456558227539
646800,0.05,5827,222.11507423999998,7700,110,84.0,161674,0.0001,7.767585277557373
646884,0.05,5828,222.06169510999996,7701,110,84.0,161695,0.0001,1.093937635421753
646968,0.05,5828,222.20341048999992,7702,110,84.0,161716,0.0001,8.109302520751953
647052,0.05,5829,222.45908678999996,7703,110,84.0,161737,0.0001,1.2060707807540894
647136,0.05,5830,222.51127874999997,7704,110,84.0,161758,0.0001,0.5653036832809448
647220,0.05,5831,222.58033047999993,7705,110,84.0,161779,0.0001,0.7296749949455261
647304,0.05,5831,222.72192366,7706,110,84.0,161800,0.0001,8.628326416015625
647388,0.05,5832,222.95453497999998,7707,110,84.0,161821,0.0001,7.802545070648193
647472,0.05,5833,222.88663800999998,7708,110,84.0,161842,0.0001,0.4695536494255066
647556,0.05,5834,223.08801598999997,7709,110,84.0,161863,0.0001,1.8026888370513916
647640,0.05,5835,222.78302338999998,7710,110,84.0,161884,0.0001,1.5988786220550537
647724,0.05,5835,222.77489862999994,7711,110,84.0,161905,0.0001,1.405503273010254
647808,0.05,5836,222.90173977999999,7712,110,84.0,161926,0.0001,8.322465896606445
647892,0.05,5837,223.21326793999998,7713,110,84.0,161947,0.0001,1.5536117553710938
647976,0.05,5838,223.31067772999998,7714,110,84.0,161968,0.0001,7.2002034187316895
648060,0.05,5839,223.45935477999998,7715,110,84.0,161989,0.0001,0.9757872819900513
648144,0.05,5839,223.29602675,7716,110,84.0,162010,0.0001,0.7075501680374146
648228,0.05,5840,223.45562923999998,7717,110,84.0,162031,0.0001,16.769243240356445
648312,0.05,5841,223.88474437999997,7718,110,84.0,162052,0.0001,1.7387202978134155
648396,0.05,5842,224.33363449,7719,110,84.0,162073,0.0001,1.0277860164642334
648480,0.05,5842,223.51636829999998,7720,110,84.0,162094,0.0001,7.371808052062988
648564,0.05,5843,223.45965944,7721,110,84.0,162115,0.0001,1.1043933629989624
648648,0.05,5844,223.49616107000003,7722,110,84.0,162136,0.0001,0.5348212718963623
648732,0.05,5845,223.54474754999998,7723,110,84.0,162157,0.0001,2.086470603942871
648816,0.05,5845,223.9221504,7724,110,84.0,162178,0.0001,0.6449122428894043
648900,0.05,5846,224.04966149,7725,110,84.0,162199,0.0001,0.8753560781478882
648984,0.05,5847,224.22816788,7726,110,84.0,162220,0.0001,10.3796968460083
649068,0.05,5848,224.27278463,7727,110,84.0,162241,0.0001,7.223082542419434
649152,0.05,5849,224.31862260000003,7728,110,84.0,162262,0.0001,0.6225101351737976
649236,0.05,5850,224.19907079999996,7729,110,84.0,162283,0.0001,0.9717741012573242
649320,0.05,5850,224.21228789999998,7730,110,84.0,162304,0.0001,0.466107040643692
649404,0.05,5851,224.51841869,7731,110,84.0,162325,0.0001,8.98614501953125
649488,0.05,5852,224.90166870999997,7732,110,84.0,162346,0.0001,1.1042773723602295
649572,0.05,5853,224.87363496999998,7733,110,84.0,162367,0.0001,1.0088776350021362
649656,0.05,5854,224.57474013000004,7734,110,84.0,162388,0.0001,0.7475975751876831
649740,0.05,5854,224.62602554999998,7735,110,84.0,162409,0.0001,10.395581245422363
649824,0.05,5855,224.72122383,7736,110,84.0,162430,0.0001,0.9423214197158813
649908,0.05,5856,225.29651401000004,7737,110,84.0,162451,0.0001,7.25370454788208
649992,0.05,5857,225.24845519000002,7738,110,84.0,162472,0.0001,16.930021286010742
650076,0.05,5858,224.85599215000002,7739,110,84.0,162493,0.0001,1.6379570960998535
650160,0.05,5859,224.86882522000005,7740,110,84.0,162514,0.0001,2.2565693855285645
650244,0.05,5859,225.09510454,7741,110,84.0,162535,0.0001,6.622051239013672
650328,0.05,5860,225.12442668,7742,110,84.0,162556,0.0001,0.9058464169502258
650412,0.05,5861,225.46453084,7743,110,84.0,162577,0.0001,7.709384441375732
650496,0.05,5862,225.62198906,7744,110,84.0,162598,0.0001,0.8768875598907471
650580,0.05,5862,225.58682918,7745,110,84.0,162619,0.0001,1.2772419452667236
650664,0.05,5863,225.53487292000003,7746,110,84.0,162640,0.0001,13.662525177001953
650748,0.05,5864,226.03583863,7747,110,84.0,162661,0.0001,0.6862667202949524
650832,0.05,5864,226.13423867999995,7748,110,84.0,162682,0.0001,0.5443880558013916
650916,0.05,5865,226.13822794000004,7749,110,84.0,162703,0.0001,7.835803985595703
651000,0.05,5866,226.03602292,7750,110,84.0,162724,0.0001,1.490621566772461
651084,0.05,5867,226.23282394999998,7751,110,84.0,162745,0.0001,0.8534290790557861
651168,0.05,5868,226.27643195000002,7752,110,84.0,162766,0.0001,1.579961895942688
651252,0.05,5869,226.70700438000003,7753,110,84.0,162787,0.0001,17.885822296142578
651336,0.05,5869,226.81538708,7754,110,84.0,162808,0.0001,11.268884658813477
651420,0.05,5870,226.82452653000004,7755,110,84.0,162829,0.0001,7.2818498611450195
651504,0.05,5871,226.78726940000004,7756,110,84.0,162850,0.0001,1.2003542184829712
651588,0.05,5872,227.24521012000005,7757,110,84.0,162871,0.0001,0.7837197780609131
651672,0.05,5873,227.61875768000002,7758,110,84.0,162892,0.0001,2.034226417541504
651756,0.05,5873,228.18466352000004,7759,110,84.0,162913,0.0001,0.6676138639450073
651840,0.05,5874,227.64258088999998,7760,110,84.0,162934,0.0001,1.088168978691101
651924,0.05,5875,227.22194906000001,7761,110,84.0,162955,0.0001,16.509748458862305
652008,0.05,5876,226.71639889000002,7762,110,84.0,162976,0.0001,1.5335144996643066
652092,0.05,5876,226.62171904,7763,110,84.0,162997,0.0001,0.8256577253341675
652176,0.05,5877,226.65071509,7764,110,84.0,163018,0.0001,8.821541786193848
652260,0.05,5878,226.46336213999996,7765,110,84.0,163039,0.0001,0.7307279109954834
652344,0.05,5879,226.83092137,7766,110,84.0,163060,0.0001,1.078810453414917
652428,0.05,5880,226.87225858,7767,110,84.0,163081,0.0001,1.4045560359954834
652512,0.05,5880,227.01963861999997,7768,110,84.0,163102,0.0001,1.002886414527893
652596,0.05,5881,227.31978871999996,7769,110,84.0,163123,0.0001,0.710078239440918
652680,0.05,5882,227.38031748999998,7770,110,84.0,163144,0.0001,1.0154728889465332
652764,0.05,5883,227.22292901999998,7771,110,84.0,163165,0.0001,1.5973519086837769
652848,0.05,5883,228.0295334799999,7772,110,84.0,163186,0.0001,0.7943422198295593
652932,0.05,5884,229.01271283999995,7773,110,84.0,163207,0.0001,11.102453231811523
653016,0.05,5885,229.69099023999996,7774,110,84.0,163228,0.0001,1.1196637153625488
653100,0.05,5886,230.01327530000003,7775,110,84.0,163249,0.0001,1.6552457809448242
653184,0.05,5886,230.55322214999995,7776,110,84.0,163270,0.0001,0.9713979959487915
653268,0.05,5887,230.3022914,7777,110,84.0,163291,0.0001,1.6115598678588867
653352,0.05,5888,229.83743533999998,7778,110,84.0,163312,0.0001,7.848926067352295
653436,0.05,5889,230.41608524,7779,110,84.0,163333,0.0001,17.65744972229004
653520,0.05,5889,230.89791967999997,7780,110,84.0,163354,0.0001,6.905853748321533
653604,0.05,5890,230.88251835,7781,110,84.0,163375,0.0001,0.4508971571922302
653688,0.05,5891,230.79989726000002,7782,110,84.0,163396,0.0001,0.7170377969741821
653772,0.05,5892,231.03125934,7783,110,84.0,163417,0.0001,0.9564938545227051
653856,0.05,5892,231.07287496,7784,110,84.0,163438,0.0001,1.0211213827133179
653940,0.05,5893,230.96528471999997,7785,110,84.0,163459,0.0001,4.932724475860596
654024,0.05,5894,230.94110007000003,7786,110,84.0,163480,0.0001,6.723268032073975
654108,0.05,5895,231.02169272999998,7787,110,84.0,163501,0.0001,0.5702435970306396
654192,0.05,5896,231.21304369,7788,110,84.0,163522,0.0001,14.348917007446289
654276,0.05,5896,231.27703698000002,7789,110,84.0,163543,0.0001,1.868468999862671
654360,0.05,5897,231.52812584000003,7790,110,84.0,163564,0.0001,0.8097578883171082
654444,0.05,5898,231.52964964999998,7791,110,84.0,163585,0.0001,0.6886790990829468
654528,0.05,5899,231.74835086000002,7792,110,84.0,163606,0.0001,11.043505668640137
654612,0.05,5900,231.85596165000004,7793,110,84.0,163627,0.0001,1.1517479419708252
654696,0.05,5901,232.08605678000004,7794,110,84.0,163648,0.0001,0.5857024192810059
654780,0.05,5901,231.92260504,7795,110,84.0,163669,0.0001,0.5291035175323486
654864,0.05,5902,231.92241594000006,7796,110,84.0,163690,0.0001,8.073216438293457
654948,0.05,5903,232.22725820000002,7797,110,84.0,163711,0.0001,17.256820678710938
655032,0.05,5904,232.61565336,7798,110,84.0,163732,0.0001,18.862823486328125
655116,0.05,5904,232.82999991,7799,110,84.0,163753,0.0001,6.159956932067871
655200,0.05,5905,233.12265745000002,7800,110,84.0,163774,0.0001,6.435635566711426
655284,0.05,5906,233.4024776,7801,110,84.0,163795,0.0001,10.786018371582031
655368,0.05,5907,233.37590014,7802,110,84.0,163816,0.0001,1.078816294670105
655452,0.05,5907,233.00483629,7803,110,84.0,163837,0.0001,0.8875242471694946
655536,0.05,5908,233.26200679000002,7804,110,84.0,163858,0.0001,0.4715614318847656
655620,0.05,5909,233.29280329999997,7805,110,84.0,163879,0.0001,1.379557490348816
655704,0.05,5910,233.17967158,7806,110,84.0,163900,0.0001,0.5951103568077087
655788,0.05,5911,233.01668810999996,7807,110,84.0,163921,0.0001,0.856813371181488
655872,0.05,5911,233.50652389000004,7808,110,84.0,163942,0.0001,10.558014869689941
655956,0.05,5912,233.00797493000002,7809,110,84.0,163963,0.0001,1.3536790609359741
656040,0.05,5913,233.19209686000002,7810,110,84.0,163984,0.0001,0.8843313455581665
656124,0.05,5914,233.41167813000004,7811,110,84.0,164005,0.0001,0.8112596273422241
656208,0.05,5914,233.46725672999997,7812,110,84.0,164026,0.0001,9.126368522644043
656292,0.05,5915,233.74114873,7813,110,84.0,164047,0.0001,0.5695383548736572
656376,0.05,5916,233.73956667999994,7814,110,84.0,164068,0.0001,0.7647641897201538
656460,0.05,5917,233.68719769999998,7815,110,84.0,164089,0.0001,9.346108436584473
656544,0.05,5918,233.88374450999999,7816,110,84.0,164110,0.0001,1.1613386869430542
656628,0.05,5918,233.72619956,7817,110,84.0,164131,0.0001,0.9162943363189697
656712,0.05,5919,233.55288498000002,7818,110,84.0,164152,0.0001,1.04593026638031
656796,0.05,5920,232.9615826,7819,110,84.0,164173,0.0001,2.970600128173828
656880,0.05,5921,233.75891396,7820,110,84.0,164194,0.0001,1.337512731552124
656964,0.05,5922,233.46747037999998,7821,110,84.0,164215,0.0001,1.237028956413269
657048,0.05,5922,233.63585534999999,7822,110,84.0,164236,0.0001,0.967568039894104
657132,0.05,5923,233.96073357999998,7823,110,84.0,164257,0.0001,1.5182702541351318
657216,0.05,5924,233.95865093,7824,110,84.0,164278,0.0001,1.0419062376022339
657300,0.05,5925,234.20430373,7825,110,84.0,164299,0.0001,1.0257155895233154
657384,0.05,5925,234.20469186999995,7826,110,84.0,164320,0.0001,1.1890664100646973
657468,0.05,5926,234.41676569999998,7827,110,84.0,164341,0.0001,0.7507387399673462
657552,0.05,5927,234.18919339,7828,110,84.0,164362,0.0001,0.635810136795044
657636,0.05,5928,234.00045972999996,7829,110,84.0,164383,0.0001,8.971550941467285
657720,0.05,5928,234.31994321,7830,110,84.0,164404,0.0001,1.1379730701446533
657804,0.05,5929,234.09175782999995,7831,110,84.0,164425,0.0001,6.736330032348633
657888,0.05,5930,233.79567285999994,7832,110,84.0,164446,0.0001,1.08903169631958
657972,0.05,5931,233.98418583999998,7833,110,84.0,164467,0.0001,10.270378112792969
658056,0.05,5932,234.05117606999997,7834,110,84.0,164488,0.0001,1.5493563413619995
658140,0.05,5932,233.88150796,7835,110,84.0,164509,0.0001,8.124105453491211
658224,0.05,5933,233.81337313,7836,110,84.0,164530,0.0001,0.5590137839317322
658308,0.05,5934,233.61332893,7837,110,84.0,164551,0.0001,1.313748836517334
658392,0.05,5935,233.47911363,7838,110,84.0,164572,0.0001,1.2136085033416748
658476,0.05,5935,232.90284499999999,7839,110,84.0,164593,0.0001,10.888005256652832
658560,0.05,5936,232.62388307999998,7840,110,84.0,164614,0.0001,4.175616264343262
658644,0.05,5937,232.45625606,7841,110,84.0,164635,0.0001,1.0241663455963135
658728,0.05,5938,232.61262673000002,7842,110,84.0,164656,0.0001,0.9694475531578064
658812,0.05,5939,232.53426261,7843,110,84.0,164677,0.0001,1.214720606803894
658896,0.05,5939,232.62733125,7844,110,84.0,164698,0.0001,7.815898418426514
658980,0.05,5940,232.66050765,7845,110,84.0,164719,0.0001,0.5827171206474304
659064,0.05,5941,232.79914175,7846,110,84.0,164740,0.0001,6.265208721160889
659148,0.05,5942,232.83854482000004,7847,110,84.0,164761,0.0001,0.43027251958847046
659232,0.05,5943,232.84783883999998,7848,110,84.0,164782,0.0001,8.002995491027832
659316,0.05,5943,232.82691145,7849,110,84.0,164803,0.0001,0.5030392408370972
659400,0.05,5944,233.11789771999997,7850,110,84.0,164824,0.0001,0.6872231960296631
659484,0.05,5945,233.06359723000003,7851,110,84.0,164845,0.0001,1.4237821102142334
659568,0.05,5946,232.51648069999996,7852,110,84.0,164866,0.0001,0.49619412422180176
659652,0.05,5946,231.98091836,7853,110,84.0,164887,0.0001,7.991469860076904
659736,0.05,5947,231.69740399999998,7854,110,84.0,164908,0.0001,11.17477798461914
659820,0.05,5948,231.57364151000002,7855,110,84.0,164929,0.0001,14.485179901123047
659904,0.05,5949,231.52854346,7856,110,84.0,164950,0.0001,1.461427927017212
659988,0.05,5949,231.10199649000003,7857,110,84.0,164971,0.0001,1.0253117084503174
660072,0.05,5950,230.69453581999997,7858,110,84.0,164992,0.0001,0.6866090893745422
660156,0.05,5951,230.57367996999997,7859,110,84.0,165013,0.0001,1.050328016281128
660240,0.05,5952,230.76126824,7860,110,84.0,165034,0.0001,0.8622264862060547
660324,0.05,5953,231.02565573999996,7861,110,84.0,165055,0.0001,0.906024694442749
660408,0.05,5954,231.36315977999996,7862,110,84.0,165076,0.0001,1.4346153736114502
660492,0.05,5954,231.71367619999998,7863,110,84.0,165097,0.0001,1.1086004972457886
660576,0.05,5955,231.89639233000003,7864,110,84.0,165118,0.0001,0.6264867186546326
660660,0.05,5956,232.0605485,7865,110,84.0,165139,0.0001,2.4119908809661865
660744,0.05,5957,231.94221469999997,7866,110,84.0,165160,0.0001,0.7546773552894592
660828,0.05,5957,231.72402972999996,7867,110,84.0,165181,0.0001,1.1642968654632568
660912,0.05,5958,230.65018308999998,7868,110,84.0,165202,0.0001,1.4640884399414062
660996,0.05,5959,229.9256297,7869,110,84.0,165223,0.0001,0.9288743138313293
661080,0.05,5960,230.01115228999996,7870,110,84.0,165244,0.0001,1.323737621307373
661164,0.05,5961,230.59147984999996,7871,110,84.0,165265,0.0001,0.8784630298614502
661248,0.05,5961,230.53670156999996,7872,110,84.0,165286,0.0001,0.8463542461395264
661332,0.05,5962,230.86439037999997,7873,110,84.0,165307,0.0001,1.7655596733093262
661416,0.05,5963,231.23460137,7874,110,84.0,165328,0.0001,1.1310186386108398
661500,0.05,5964,231.64849428000002,7875,110,84.0,165349,0.0001,1.067979097366333
661584,0.05,5965,231.95217743,7876,110,84.0,165370,0.0001,0.6250417828559875
661668,0.05,5965,232.59539815000005,7877,110,84.0,165391,0.0001,0.5794339179992676
661752,0.05,5966,232.94990838000004,7878,110,84.0,165412,0.0001,0.9162616729736328
661836,0.05,5967,232.73948557000003,7879,110,84.0,165433,0.0001,1.0116525888442993
661920,0.05,5968,232.23201722000005,7880,110,84.0,165454,0.0001,1.4470813274383545
662004,0.05,5968,232.24099136,7881,110,84.0,165475,0.0001,0.786588191986084
662088,0.05,5969,232.27750104000003,7882,110,84.0,165496,0.0001,8.259726524353027
662172,0.05,5970,231.97086842000002,7883,110,84.0,165517,0.0001,8.160435676574707
662256,0.05,5971,231.86272055,7884,110,84.0,165538,0.0001,0.8007210493087769
662340,0.05,5971,231.77519004,7885,110,84.0,165559,0.0001,18.724489212036133
662424,0.05,5972,231.75491469,7886,110,84.0,165580,0.0001,1.5248692035675049
662508,0.05,5973,231.98850318,7887,110,84.0,165601,0.0001,1.010345458984375
662592,0.05,5974,231.61358056,7888,110,84.0,165622,0.0001,8.039056777954102
662676,0.05,5975,231.52515921999998,7889,110,84.0,165643,0.0001,1.0263030529022217
662760,0.05,5976,231.85101749,7890,110,84.0,165664,0.0001,0.7174508571624756
662844,0.05,5976,232.03509980999996,7891,110,84.0,165685,0.0001,6.2765302658081055
662928,0.05,5977,231.87385478999997,7892,110,84.0,165706,0.0001,0.831784725189209
663012,0.05,5978,232.41738095999997,7893,110,84.0,165727,0.0001,1.0519986152648926
663096,0.05,5979,232.84196798999997,7894,110,84.0,165748,0.0001,1.1946709156036377
663180,0.05,5980,232.95393313999998,7895,110,84.0,165769,0.0001,0.7134444713592529
663264,0.05,5980,232.92593846000003,7896,110,84.0,165790,0.0001,1.039199709892273
663348,0.05,5981,232.70511413,7897,110,84.0,165811,0.0001,8.708687782287598
663432,0.05,5982,232.80298456000003,7898,110,84.0,165832,0.0001,1.0814367532730103
663516,0.05,5983,232.77167315999998,7899,110,84.0,165853,0.0001,11.758581161499023
663600,0.05,5984,232.68154303,7900,110,84.0,165874,0.0001,5.779195785522461
663684,0.05,5984,232.43886113,7901,110,84.0,165895,0.0001,6.535073280334473
663768,0.05,5985,232.22999789999997,7902,110,84.0,165916,0.0001,1.4198253154754639
663852,0.05,5986,232.52588767,7903,110,84.0,165937,0.0001,1.2733867168426514
663936,0.05,5987,232.61425703,7904,110,84.0,165958,0.0001,0.8509492874145508
664020,0.05,5987,232.61571404000003,7905,110,84.0,165979,0.0001,8.97701644897461
664104,0.05,5988,232.73570815,7906,110,84.0,166000,0.0001,9.751238822937012
664188,0.05,5989,232.99458059999998,7907,110,84.0,166021,0.0001,0.6380895376205444
664272,0.05,5990,232.93468568,7908,110,84.0,166042,0.0001,0.49124860763549805
664356,0.05,5991,233.17107364,7909,110,84.0,166063,0.0001,1.1094105243682861
664440,0.05,5991,233.38183602,7910,110,84.0,166084,0.0001,0.6725574135780334
664524,0.05,5992,233.23979133000003,7911,110,84.0,166105,0.0001,13.96519947052002
664608,0.05,5993,233.18117875000004,7912,110,84.0,166126,0.0001,10.327581405639648
664692,0.05,5994,233.37076027000003,7913,110,84.0,166147,0.0001,0.7168254852294922
664776,0.05,5994,233.69531157,7914,110,84.0,166168,0.0001,17.09234619140625
664860,0.05,5995,233.86144965000003,7915,110,84.0,166189,0.0001,8.065323829650879
664944,0.05,5996,233.91033023,7916,110,84.0,166210,0.0001,9.825498580932617
665028,0.05,5997,234.15364166999996,7917,110,84.0,166231,0.0001,1.1147692203521729
665112,0.05,5998,234.39249666999996,7918,110,84.0,166252,0.0001,0.6899707913398743
665196,0.05,5998,234.38548808999997,7919,110,84.0,166273,0.0001,0.7974231243133545
665280,0.05,5999,234.38531437999998,7920,110,84.0,166294,0.0001,1.120032548904419
665364,0.05,6000,234.5475435,7921,110,84.0,166315,0.0001,0.9258328676223755
665448,0.05,6001,234.34031288999998,7922,110,84.0,166336,0.0001,1.2515869140625
665532,0.05,6001,234.44306571,7923,110,84.0,166357,0.0001,1.2379757165908813
665616,0.05,6002,234.17286167000003,7924,110,84.0,166378,0.0001,9.420361518859863
665700,0.05,6003,234.01100090999998,7925,110,84.0,166399,0.0001,9.662254333496094
665784,0.05,6004,234.13209194000004,7926,110,84.0,166420,0.0001,0.5199985504150391
665868,0.05,6004,234.21295268000003,7927,110,84.0,166441,0.0001,7.5857625007629395
665952,0.05,6005,234.83684355999998,7928,110,84.0,166462,0.0001,2.035437822341919
666036,0.05,6006,235.66588675,7929,110,84.0,166483,0.0001,7.638385772705078
666120,0.05,6007,235.88792653999997,7930,110,84.0,166504,0.0001,1.1652107238769531
666204,0.05,6008,235.63410535,7931,110,84.0,166525,0.0001,1.946473479270935
666288,0.05,6009,235.26100167999996,7932,110,84.0,166546,0.0001,0.8441140651702881
666372,0.05,6009,235.42592533000004,7933,110,84.0,166567,0.0001,0.4632943868637085
666456,0.05,6010,235.78607848,7934,110,84.0,166588,0.0001,1.1553475856781006
666540,0.05,6011,236.39308954999996,7935,110,84.0,166609,0.0001,18.525941848754883
666624,0.05,6012,236.37830913999994,7936,110,84.0,166630,0.0001,7.118136405944824
666708,0.05,6012,236.44443561999998,7937,110,84.0,166651,0.0001,0.952643871307373
666792,0.05,6013,236.48117212999995,7938,110,84.0,166672,0.0001,0.603136420249939
666876,0.05,6014,237.10486497999995,7939,110,84.0,166693,0.0001,7.17614221572876
666960,0.05,6015,237.14575743999998,7940,110,84.0,166714,0.0001,0.8753041625022888
667044,0.05,6015,236.96446448999998,7941,110,84.0,166735,0.0001,0.8826582431793213
667128,0.05,6016,236.61485906,7942,110,84.0,166756,0.0001,10.847394943237305
667212,0.05,6017,236.58989484999998,7943,110,84.0,166777,0.0001,6.403653621673584
667296,0.05,6018,236.48620946,7944,110,84.0,166798,0.0001,0.6844525337219238
667380,0.05,6019,236.52012497000004,7945,110,84.0,166819,0.0001,0.8654625415802002
667464,0.05,6020,236.29731518,7946,110,84.0,166840,0.0001,0.9518780708312988
667548,0.05,6021,236.10908312,7947,110,84.0,166861,0.0001,0.6398209929466248
667632,0.05,6021,235.94603331999994,7948,110,84.0,166882,0.0001,0.6156818866729736
667716,0.05,6022,235.61618254,7949,110,84.0,166903,0.0001,1.2179511785507202
667800,0.05,6023,235.44840263999998,7950,110,84.0,166924,0.0001,0.8170784115791321
667884,0.05,6024,235.73579963999998,7951,110,84.0,166945,0.0001,1.721491813659668
667968,0.05,6025,236.01876777,7952,110,84.0,166966,0.0001,0.5567338466644287
668052,0.05,6025,236.36275992,7953,110,84.0,166987,0.0001,1.1024765968322754
668136,0.05,6026,236.69685488999997,7954,110,84.0,167008,0.0001,8.828598022460938
668220,0.05,6027,236.72091712999998,7955,110,84.0,167029,0.0001,4.875211715698242
668304,0.05,6028,236.77029552999997,7956,110,84.0,167050,0.0001,1.5070068836212158
668388,0.05,6029,236.83466074999995,7957,110,84.0,167071,0.0001,1.3161861896514893
668472,0.05,6029,237.05974199999997,7958,110,84.0,167092,0.0001,10.08064079284668
668556,0.05,6030,237.10277624,7959,110,84.0,167113,0.0001,1.2490912675857544
668640,0.05,6031,237.21272776,7960,110,84.0,167134,0.0001,0.9446960091590881
668724,0.05,6032,237.12136738000004,7961,110,84.0,167155,0.0001,1.2512210607528687
668808,0.05,6033,236.99721221000004,7962,110,84.0,167176,0.0001,1.7978662252426147
668892,0.05,6033,236.79102535,7963,110,84.0,167197,0.0001,1.7164578437805176
668976,0.05,6034,236.92490383000003,7964,110,84.0,167218,0.0001,19.459449768066406
669060,0.05,6035,236.74833961000002,7965,110,84.0,167239,0.0001,0.5117826461791992
669144,0.05,6036,236.49275971999995,7966,110,84.0,167260,0.0001,10.658814430236816
669228,0.05,6037,236.37847777,7967,110,84.0,167281,0.0001,0.9496167898178101
669312,0.05,6037,237.35521391999998,7968,110,84.0,167302,0.0001,0.45661842823028564
669396,0.05,6038,238.27481388,7969,110,84.0,167323,0.0001,1.4136439561843872
669480,0.05,6039,238.60629692000003,7970,110,84.0,167344,0.0001,1.4266990423202515
669564,0.05,6040,238.44734336000002,7971,110,84.0,167365,0.0001,1.8042386770248413
669648,0.05,6041,238.42385467,7972,110,84.0,167386,0.0001,1.1351510286331177
669732,0.05,6041,237.82568222,7973,110,84.0,167407,0.0001,7.456657886505127
669816,0.05,6042,237.85629853999995,7974,110,84.0,167428,0.0001,19.15827751159668
669900,0.05,6043,237.14142482,7975,110,84.0,167449,0.0001,10.67489242553711
669984,0.05,6044,236.32391401999993,7976,110,84.0,167470,0.0001,1.95928955078125
670068,0.05,6044,236.49050906999997,7977,110,84.0,167491,0.0001,1.9253826141357422
670152,0.05,6045,236.28061580000002,7978,110,84.0,167512,0.0001,5.781014442443848
670236,0.05,6046,236.16894314000004,7979,110,84.0,167533,0.0001,0.8789756298065186
670320,0.05,6047,236.40658645000002,7980,110,84.0,167554,0.0001,0.660602331161499
670404,0.05,6048,236.41810607,7981,110,84.0,167575,0.0001,9.659154891967773
670488,0.05,6048,236.64811448999998,7982,110,84.0,167596,0.0001,2.3831686973571777
670572,0.05,6049,236.91273840999995,7983,110,84.0,167617,0.0001,10.539040565490723
670656,0.05,6050,237.07152298999998,7984,110,84.0,167638,0.0001,0.6256783604621887
670740,0.05,6051,237.10837499999994,7985,110,84.0,167659,0.0001,0.7095472812652588
670824,0.05,6051,237.04451568999997,7986,110,84.0,167680,0.0001,0.8494901657104492
670908,0.05,6052,236.90931095,7987,110,84.0,167701,0.0001,0.9335038065910339
670992,0.05,6053,237.41201173999997,7988,110,84.0,167722,0.0001,1.1741838455200195
671076,0.05,6054,237.41420109999999,7989,110,84.0,167743,0.0001,0.6523280143737793
671160,0.05,6055,236.93194843,7990,110,84.0,167764,0.0001,4.4053192138671875
671244,0.05,6055,236.94461776,7991,110,84.0,167785,0.0001,10.914403915405273
671328,0.05,6056,237.22993217999996,7992,110,84.0,167806,0.0001,0.578908383846283
671412,0.05,6057,236.93698969999997,7993,110,84.0,167827,0.0001,6.834616661071777
671496,0.05,6058,236.44536280999998,7994,110,84.0,167848,0.0001,10.89887523651123
671580,0.05,6059,236.64938952999998,7995,110,84.0,167869,0.0001,1.5456016063690186
671664,0.05,6059,236.97731523000002,7996,110,84.0,167890,0.0001,0.8075253963470459
671748,0.05,6060,237.32275405000001,7997,110,84.0,167911,0.0001,0.9637578725814819
671832,0.05,6061,237.34514765,7998,110,84.0,167932,0.0001,8.628042221069336
671916,0.05,6062,237.68797521,7999,110,84.0,167953,0.0001,0.9035030603408813
672000,0.05,6062,237.97092220999994,8000,110,84.0,167974,0.0001,1.489614725112915
672084,0.05,6063,237.99093009999996,8001,110,84.0,167995,0.0001,10.638900756835938
672168,0.05,6064,238.16331858999993,8002,110,84.0,168016,0.0001,8.046770095825195
672252,0.05,6065,237.85258237999997,8003,110,84.0,168037,0.0001,0.9520164728164673
672336,0.05,6066,237.48558335,8004,110,84.0,168058,0.0001,0.6522036194801331
672420,0.05,6067,237.53738345000002,8005,110,84.0,168079,0.0001,1.6912418603897095
672504,0.05,6067,237.31868874000003,8006,110,84.0,168100,0.0001,0.9503854513168335
672588,0.05,6068,237.27042089000005,8007,110,84.0,168121,0.0001,9.698385238647461
672672,0.05,6069,237.31138562000004,8008,110,84.0,168142,0.0001,1.1885342597961426
672756,0.05,6070,237.51792100999998,8009,110,84.0,168163,0.0001,2.1851553916931152
672840,0.05,6071,238.09238459,8010,110,84.0,168184,0.0001,8.94919490814209
672924,0.05,6071,238.42754838999997,8011,110,84.0,168205,0.0001,0.47978466749191284
673008,0.05,6072,238.78983066000004,8012,110,84.0,168226,0.0001,1.6733219623565674
673092,0.05,6073,238.23389546,8013,110,84.0,168247,0.0001,1.4122684001922607
673176,0.05,6074,238.31203507,8014,110,84.0,168268,0.0001,0.5000377893447876
673260,0.05,6075,238.34858656000003,8015,110,84.0,168289,0.0001,1.0676751136779785
673344,0.05,6075,238.18483622999997,8016,110,84.0,168310,0.0001,1.5040135383605957
673428,0.05,6076,238.44847429,8017,110,84.0,168331,0.0001,1.4118402004241943
673512,0.05,6077,238.35486417,8018,110,84.0,168352,0.0001,0.5411020517349243
673596,0.05,6078,238.34337707000003,8019,110,84.0,168373,0.0001,1.0790095329284668
673680,0.05,6078,238.20337750000002,8020,110,84.0,168394,0.0001,8.419291496276855
673764,0.05,6079,238.67627192000003,8021,110,84.0,168415,0.0001,9.680556297302246
673848,0.05,6080,239.0773863,8022,110,84.0,168436,0.0001,10.057299613952637
673932,0.05,6081,239.19325706,8023,110,84.0,168457,0.0001,6.452881813049316
674016,0.05,6082,239.5485641,8024,110,84.0,168478,0.0001,0.6673879623413086
674100,0.05,6082,239.69155710000004,8025,110,84.0,168499,0.0001,0.8378087282180786
674184,0.05,6083,239.5024219,8026,110,84.0,168520,0.0001,1.1837661266326904
674268,0.05,6084,239.31032036000005,8027,110,84.0,168541,0.0001,0.6638553142547607
674352,0.05,6085,239.39205088999995,8028,110,84.0,168562,0.0001,13.211647033691406
674436,0.05,6086,239.1125698,8029,110,84.0,168583,0.0001,8.057764053344727
674520,0.05,6086,239.03215235,8030,110,84.0,168604,0.0001,6.186018466949463
674604,0.05,6087,239.48214283,8031,110,84.0,168625,0.0001,11.47750473022461
674688,0.05,6088,239.98828257999998,8032,110,84.0,168646,0.0001,8.21469497680664
674772,0.05,6089,239.75561725999995,8033,110,84.0,168667,0.0001,8.151312828063965
674856,0.05,6089,239.39798782000003,8034,110,84.0,168688,0.0001,0.6425139307975769
674940,0.05,6090,238.24662631000004,8035,110,84.0,168709,0.0001,0.875903308391571
675024,0.05,6091,238.35617181,8036,110,84.0,168730,0.0001,1.2908246517181396
675108,0.05,6092,238.31804415,8037,110,84.0,168751,0.0001,16.873550415039062
675192,0.05,6093,238.60697543999996,8038,110,84.0,168772,0.0001,0.8703564405441284
675276,0.05,6093,239.19805622999993,8039,110,84.0,168793,0.0001,8.944841384887695
675360,0.05,6094,239.38933552999998,8040,110,84.0,168814,0.0001,20.90691566467285
675444,0.05,6095,239.29139743000005,8041,110,84.0,168835,0.0001,0.6734309792518616
675528,0.05,6096,239.47681054,8042,110,84.0,168856,0.0001,0.845495343208313
675612,0.05,6097,239.39640962000004,8043,110,84.0,168877,0.0001,1.8466951847076416
675696,0.05,6098,239.84018929,8044,110,84.0,168898,0.0001,1.5629833936691284
675780,0.05,6098,239.99728367999995,8045,110,84.0,168919,0.0001,7.739960670471191
675864,0.05,6099,240.14681061999997,8046,110,84.0,168940,0.0001,1.4021657705307007
675948,0.05,6100,239.77115390999995,8047,110,84.0,168961,0.0001,11.966350555419922
676032,0.05,6101,239.91152916999997,8048,110,84.0,168982,0.0001,11.27597427368164
676116,0.05,6102,240.07599910999994,8049,110,84.0,169003,0.0001,0.917327880859375
676200,0.05,6102,239.97279448999998,8050,110,84.0,169024,0.0001,1.0706409215927124
676284,0.05,6103,239.43727896000001,8051,110,84.0,169045,0.0001,1.6561391353607178
676368,0.05,6104,239.60090762,8052,110,84.0,169066,0.0001,7.36941385269165
676452,0.05,6105,239.42486849,8053,110,84.0,169087,0.0001,0.6483640074729919
676536,0.05,6106,239.45714492,8054,110,84.0,169108,0.0001,1.1533031463623047
676620,0.05,6106,239.43401948,8055,110,84.0,169129,0.0001,10.469844818115234
676704,0.05,6107,239.55613729999996,8056,110,84.0,169150,0.0001,0.9412431716918945
676788,0.05,6108,240.07943679,8057,110,84.0,169171,0.0001,7.39230489730835
676872,0.05,6109,239.76826509,8058,110,84.0,169192,0.0001,9.211590766906738
676956,0.05,6110,239.65078312000003,8059,110,84.0,169213,0.0001,0.9618523120880127
677040,0.05,6110,239.38415266999996,8060,110,84.0,169234,0.0001,6.917606353759766
677124,0.05,6111,239.59059644999996,8061,110,84.0,169255,0.0001,0.8620542883872986
677208,0.05,6112,239.68093094,8062,110,84.0,169276,0.0001,1.3835179805755615
677292,0.05,6113,240.05019330999997,8063,110,84.0,169297,0.0001,1.4179000854492188
677376,0.05,6114,239.96672596,8064,110,84.0,169318,0.0001,0.43613606691360474
677460,0.05,6114,240.31987797,8065,110,84.0,169339,0.0001,1.341645359992981
677544,0.05,6115,240.40926861,8066,110,84.0,169360,0.0001,11.033268928527832
677628,0.05,6116,240.81072206999997,8067,110,84.0,169381,0.0001,9.366002082824707
677712,0.05,6117,240.22346172000002,8068,110,84.0,169402,0.0001,1.6148688793182373
677796,0.05,6118,239.96588023,8069,110,84.0,169423,0.0001,7.885746002197266
677880,0.05,6119,239.95155129,8070,110,84.0,169444,0.0001,0.5586141347885132
677964,0.05,6119,239.69082784999995,8071,110,84.0,169465,0.0001,0.7311154007911682
678048,0.05,6120,239.74095046999994,8072,110,84.0,169486,0.0001,1.3114793300628662
678132,0.05,6121,239.98110073999996,8073,110,84.0,169507,0.0001,0.85304856300354
678216,0.05,6122,239.53969307,8074,110,84.0,169528,0.0001,8.319191932678223
678300,0.05,6123,239.95357439,8075,110,84.0,169549,0.0001,0.4914226531982422
678384,0.05,6123,240.25955431000006,8076,110,84.0,169570,0.0001,0.5604093670845032
678468,0.05,6124,240.13306682000007,8077,110,84.0,169591,0.0001,0.970808207988739
678552,0.05,6125,240.36876362000004,8078,110,84.0,169612,0.0001,0.9216099977493286
678636,0.05,6126,240.50518016,8079,110,84.0,169633,0.0001,0.8361715078353882
678720,0.05,6126,240.30195643000002,8080,110,84.0,169654,0.0001,1.0462539196014404
678804,0.05,6127,240.57199799999998,8081,110,84.0,169675,0.0001,1.7617541551589966
678888,0.05,6128,240.47789213999997,8082,110,84.0,169696,0.0001,0.47189682722091675
678972,0.05,6129,239.88342910999995,8083,110,84.0,169717,0.0001,5.149418830871582
679056,0.05,6130,239.38007538999994,8084,110,84.0,169738,0.0001,16.4210262298584
679140,0.05,6130,239.53105696999995,8085,110,84.0,169759,0.0001,0.5248662233352661
679224,0.05,6131,239.39538655999996,8086,110,84.0,169780,0.0001,7.392753601074219
679308,0.05,6132,239.42446975,8087,110,84.0,169801,0.0001,8.517581939697266
679392,0.05,6133,239.15588355999998,8088,110,84.0,169822,0.0001,11.524701118469238
679476,0.05,6133,239.32269877999997,8089,110,84.0,169843,0.0001,1.0744935274124146
679560,0.05,6134,239.31448176999996,8090,110,84.0,169864,0.0001,1.3471739292144775
679644,0.05,6135,239.13384018999997,8091,110,84.0,169885,0.0001,0.7912420034408569
679728,0.05,6136,238.85579782999997,8092,110,84.0,169906,0.0001,1.1954022645950317
679812,0.05,6137,238.91363110999995,8093,110,84.0,169927,0.0001,13.785874366760254
679896,0.05,6138,239.07391440999996,8094,110,84.0,169948,0.0001,1.3842904567718506
679980,0.05,6138,238.10852801,8095,110,84.0,169969,0.0001,17.685361862182617
680064,0.05,6139,238.00907596000002,8096,110,84.0,169990,0.0001,1.0963764190673828
680148,0.05,6140,237.64083790999996,8097,110,84.0,170011,0.0001,1.0813589096069336
680232,0.05,6141,237.51800975999998,8098,110,84.0,170032,0.0001,11.324614524841309
680316,0.05,6142,237.55577098,8099,110,84.0,170053,0.0001,11.328018188476562
680400,0.05,6143,237.45855742000003,8100,110,84.0,170074,0.0001,1.7540098428726196
680484,0.05,6144,237.40370696000005,8101,110,84.0,170095,0.0001,1.7474751472473145
680568,0.05,6144,237.11944655000002,8102,110,84.0,170116,0.0001,8.152706146240234
680652,0.05,6145,237.21089797000002,8103,110,84.0,170137,0.0001,0.5424456596374512
680736,0.05,6146,237.40187908,8104,110,84.0,170158,0.0001,21.050216674804688
680820,0.05,6147,236.75403451999998,8105,110,84.0,170179,0.0001,0.8671084642410278
680904,0.05,6147,236.99772636999998,8106,110,84.0,170200,0.0001,1.0874145030975342
680988,0.05,6148,236.77751842,8107,110,84.0,170221,0.0001,1.7077409029006958
681072,0.05,6149,236.06319424999998,8108,110,84.0,170242,0.0001,10.331101417541504
681156,0.05,6150,235.71023637000002,8109,110,84.0,170263,0.0001,11.231149673461914
681240,0.05,6151,235.36465823999998,8110,110,84.0,170284,0.0001,0.9523282647132874
681324,0.05,6151,235.26303047,8111,110,84.0,170305,0.0001,7.815005779266357
681408,0.05,6152,235.20554022999997,8112,110,84.0,170326,0.0001,0.9971015453338623
681492,0.05,6153,235.74985719999998,8113,110,84.0,170347,0.0001,16.790822982788086
681576,0.05,6154,235.84192726999999,8114,110,84.0,170368,0.0001,8.209012031555176
681660,0.05,6154,235.84053189999997,8115,110,84.0,170389,0.0001,8.177902221679688
681744,0.05,6155,235.97037878999996,8116,110,84.0,170410,0.0001,1.5849486589431763
681828,0.05,6156,235.54524196,8117,110,84.0,170431,0.0001,1.002893090248108
681912,0.05,6157,235.59513385,8118,110,84.0,170452,0.0001,10.911825180053711
681996,0.05,6158,235.79212324,8119,110,84.0,170473,0.0001,1.1959898471832275
682080,0.05,6158,236.28646758,8120,110,84.0,170494,0.0001,10.12444019317627
682164,0.05,6159,236.55921008,8121,110,84.0,170515,0.0001,1.1056636571884155
682248,0.05,6160,236.78449625999997,8122,110,84.0,170536,0.0001,9.8068265914917
682332,0.05,6161,236.62949149,8123,110,84.0,170557,0.0001,9.44099235534668
682416,0.05,6162,236.4658663,8124,110,84.0,170578,0.0001,1.5209369659423828
682500,0.05,6162,236.42935948,8125,110,84.0,170599,0.0001,1.2584493160247803
682584,0.05,6163,236.52147979,8126,110,84.0,170620,0.0001,0.5392807722091675
682668,0.05,6164,236.63251294999998,8127,110,84.0,170641,0.0001,1.649261236190796
682752,0.05,6165,236.43299615999996,8128,110,84.0,170662,0.0001,0.9098734855651855
682836,0.05,6166,236.65437801999997,8129,110,84.0,170683,0.0001,7.597434043884277
682920,0.05,6166,236.52210219999998,8130,110,84.0,170704,0.0001,1.5418264865875244
683004,0.05,6167,236.41513574999993,8131,110,84.0,170725,0.0001,1.0387760400772095
683088,0.05,6168,236.50680604,8132,110,84.0,170746,0.0001,1.5065456628799438
683172,0.05,6169,236.84359367999997,8133,110,84.0,170767,0.0001,1.3460674285888672
683256,0.05,6169,237.21176230999998,8134,110,84.0,170788,0.0001,0.8855681419372559
683340,0.05,6170,238.20176595,8135,110,84.0,170809,0.0001,0.6661047339439392
683424,0.05,6171,238.15662480999998,8136,110,84.0,170830,0.0001,0.6821829080581665
683508,0.05,6172,237.38640816,8137,110,84.0,170851,0.0001,1.852866530418396
683592,0.05,6173,237.39497537,8138,110,84.0,170872,0.0001,1.3763471841812134
683676,0.05,6173,236.95733616,8139,110,84.0,170893,0.0001,10.680276870727539
683760,0.05,6174,237.01044822,8140,110,84.0,170914,0.0001,1.0595474243164062
683844,0.05,6175,237.57595765,8141,110,84.0,170935,0.0001,29.511669158935547
683928,0.05,6176,237.38820660999997,8142,110,84.0,170956,0.0001,1.3893568515777588
684012,0.05,6176,237.48359920000001,8143,110,84.0,170977,0.0001,0.6037733554840088
684096,0.05,6177,237.17241612,8144,110,84.0,170998,0.0001,7.704813003540039
684180,0.05,6178,237.02819069,8145,110,84.0,171019,0.0001,10.439952850341797
684264,0.05,6179,237.11572501999999,8146,110,84.0,171040,0.0001,10.255151748657227
684348,0.05,6180,237.68261145,8147,110,84.0,171061,0.0001,7.179427146911621
684432,0.05,6180,237.59503227000002,8148,110,84.0,171082,0.0001,1.0200343132019043
684516,0.05,6181,237.83607433999998,8149,110,84.0,171103,0.0001,11.667376518249512
684600,0.05,6182,237.96962759000002,8150,110,84.0,171124,0.0001,10.958698272705078
684684,0.05,6183,238.54097695000002,8151,110,84.0,171145,0.0001,0.8683000802993774
684768,0.05,6184,238.63270464,8152,110,84.0,171166,0.0001,0.9010188579559326
684852,0.05,6184,238.49179402000001,8153,110,84.0,171187,0.0001,0.5324521064758301
684936,0.05,6185,238.62515435999998,8154,110,84.0,171208,0.0001,0.629921555519104
685020,0.05,6186,238.55947888999998,8155,110,84.0,171229,0.0001,4.693087100982666
685104,0.05,6187,238.26910011999993,8156,110,84.0,171250,0.0001,8.916475296020508
685188,0.05,6188,238.16771815999996,8157,110,84.0,171271,0.0001,8.943342208862305
685272,0.05,6188,238.56737051999997,8158,110,84.0,171292,0.0001,0.6398488283157349
685356,0.05,6189,238.79642832999994,8159,110,84.0,171313,0.0001,0.8389861583709717
685440,0.05,6190,238.92805933999998,8160,110,84.0,171334,0.0001,0.8610374927520752
685524,0.05,6191,238.846635,8161,110,84.0,171355,0.0001,0.5579185485839844
685608,0.05,6191,238.72804262999998,8162,110,84.0,171376,0.0001,1.1001192331314087
685692,0.05,6192,238.34423417999997,8163,110,84.0,171397,0.0001,2.4764928817749023
685776,0.05,6193,238.58081503000002,8164,110,84.0,171418,0.0001,0.8366033434867859
685860,0.05,6194,238.61632312999998,8165,110,84.0,171439,0.0001,5.781867504119873
685944,0.05,6195,238.45588694999998,8166,110,84.0,171460,0.0001,2.051102876663208
686028,0.05,6195,238.32256633,8167,110,84.0,171481,0.0001,1.711259365081787
686112,0.05,6196,238.92211858000002,8168,110,84.0,171502,0.0001,0.7575122714042664
686196,0.05,6197,238.85697364000004,8169,110,84.0,171523,0.0001,1.2208442687988281
686280,0.05,6198,238.85549545,8170,110,84.0,171544,0.0001,10.13685417175293
686364,0.05,6198,238.35961872,8171,110,84.0,171565,0.0001,0.8109139800071716
686448,0.05,6199,237.86858649,8172,110,84.0,171586,0.0001,5.500683784484863
686532,0.05,6200,238.06070437000002,8173,110,84.0,171607,0.0001,6.469161033630371
686616,0.05,6201,238.29920396,8174,110,84.0,171628,0.0001,0.7771941423416138
686700,0.05,6201,237.96460509,8175,110,84.0,171649,0.0001,0.9430524110794067
686784,0.05,6202,237.92668596000004,8176,110,84.0,171670,0.0001,1.3427925109863281
686868,0.05,6203,237.61715743000002,8177,110,84.0,171691,0.0001,1.1751787662506104
686952,0.05,6204,237.67468323999998,8178,110,84.0,171712,0.0001,1.5706520080566406
687036,0.05,6205,237.59920498,8179,110,84.0,171733,0.0001,16.374530792236328
687120,0.05,6206,238.05658416999995,8180,110,84.0,171754,0.0001,0.43214571475982666
687204,0.05,6206,237.70754709999997,8181,110,84.0,171775,0.0001,1.3239103555679321
687288,0.05,6207,237.49417183000003,8182,110,84.0,171796,0.0001,0.7888129353523254
687372,0.05,6208,237.90562567000003,8183,110,84.0,171817,0.0001,1.2512986660003662
687456,0.05,6209,238.55264078,8184,110,84.0,171838,0.0001,1.0597805976867676
687540,0.05,6210,238.39577447,8185,110,84.0,171859,0.0001,1.1328165531158447
687624,0.05,6210,238.64543342999997,8186,110,84.0,171880,0.0001,11.389246940612793
687708,0.05,6211,238.52758121,8187,110,84.0,171901,0.0001,1.9074103832244873
687792,0.05,6212,238.53543000999997,8188,110,84.0,171922,0.0001,1.0254619121551514
687876,0.05,6213,238.45058357000002,8189,110,84.0,171943,0.0001,14.846158981323242
687960,0.05,6214,238.61645357999998,8190,110,84.0,171964,0.0001,10.421714782714844
688044,0.05,6214,238.97627743,8191,110,84.0,171985,0.0001,0.6811621785163879
688128,0.05,6215,239.30503953999997,8192,110,84.0,172006,0.0001,1.4227476119995117
688212,0.05,6216,239.08735013,8193,110,84.0,172027,0.0001,1.3861422538757324
688296,0.05,6217,238.26692983,8194,110,84.0,172048,0.0001,1.6297584772109985
688380,0.05,6217,239.28067437,8195,110,84.0,172069,0.0001,9.133498191833496
688464,0.05,6218,238.87545497,8196,110,84.0,172090,0.0001,1.2360763549804688
688548,0.05,6219,238.8194051,8197,110,84.0,172111,0.0001,9.091652870178223
688632,0.05,6220,238.6182035,8198,110,84.0,172132,0.0001,6.594017505645752
688716,0.05,6220,238.35506397999998,8199,110,84.0,172153,0.0001,0.7991553544998169
688800,0.05,6221,238.09994135,8200,110,84.0,172174,0.0001,0.6257835626602173
688884,0.05,6222,238.37600461999997,8201,110,84.0,172195,0.0001,0.9547678232192993
688968,0.05,6223,238.52748001999996,8202,110,84.0,172216,0.0001,0.9885119795799255
689052,0.05,6224,238.84783182999996,8203,110,84.0,172237,0.0001,8.76785659790039
689136,0.05,6224,238.9403038,8204,110,84.0,172258,0.0001,0.719636082649231
689220,0.05,6225,239.80688241000004,8205,110,84.0,172279,0.0001,1.3367273807525635
689304,0.05,6226,239.83593073000003,8206,110,84.0,172300,0.0001,0.36222344636917114
689388,0.05,6227,240.20829414000002,8207,110,84.0,172321,0.0001,0.9405049681663513
689472,0.05,6227,240.575328,8208,110,84.0,172342,0.0001,0.4718970060348511
689556,0.05,6228,241.01627736999998,8209,110,84.0,172363,0.0001,1.355717658996582
689640,0.05,6229,241.10400624,8210,110,84.0,172384,0.0001,8.291318893432617
689724,0.05,6230,240.97497873999998,8211,110,84.0,172405,0.0001,0.8313810229301453
689808,0.05,6230,241.07214451,8212,110,84.0,172426,0.0001,1.039749026298523
689892,0.05,6231,241.05613325000002,8213,110,84.0,172447,0.0001,0.8636168241500854
689976,0.05,6232,240.98749927,8214,110,84.0,172468,0.0001,1.1055529117584229
690060,0.05,6233,241.35811966,8215,110,84.0,172489,0.0001,1.2522188425064087
690144,0.05,6234,240.57935728,8216,110,84.0,172510,0.0001,10.306183815002441
690228,0.05,6234,240.18604255000002,8217,110,84.0,172531,0.0001,2.2462809085845947
690312,0.05,6235,239.85975456999998,8218,110,84.0,172552,0.0001,2.3581063747406006
690396,0.05,6236,239.73543721000001,8219,110,84.0,172573,0.0001,6.2968902587890625
690480,0.05,6237,239.94124883999996,8220,110,84.0,172594,0.0001,1.6584320068359375
690564,0.05,6237,239.69950835,8221,110,84.0,172615,0.0001,0.9829530715942383
690648,0.05,6238,239.40055145,8222,110,84.0,172636,0.0001,0.7093851566314697
690732,0.05,6239,239.38351205999996,8223,110,84.0,172657,0.0001,1.6419415473937988
690816,0.05,6240,239.35592476999997,8224,110,84.0,172678,0.0001,1.0269098281860352
690900,0.05,6241,239.53254148999997,8225,110,84.0,172699,0.0001,1.3409850597381592
690984,0.05,6241,239.72737330999996,8226,110,84.0,172720,0.0001,9.313342094421387
691068,0.05,6242,239.65614308999997,8227,110,84.0,172741,0.0001,1.0860061645507812
691152,0.05,6243,239.52085257,8228,110,84.0,172762,0.0001,8.70212459564209
691236,0.05,6244,239.32459654,8229,110,84.0,172783,0.0001,5.731325626373291
691320,0.05,6245,239.32566798,8230,110,84.0,172804,0.0001,1.4687916040420532
691404,0.05,6245,239.44361904000002,8231,110,84.0,172825,0.0001,0.5553640127182007
691488,0.05,6246,239.43083003999996,8232,110,84.0,172846,0.0001,0.9310433268547058
691572,0.05,6247,239.12159376000002,8233,110,84.0,172867,0.0001,1.799984335899353
691656,0.05,6248,238.94220266999997,8234,110,84.0,172888,0.0001,1.7207090854644775
691740,0.05,6249,238.86850962999998,8235,110,84.0,172909,0.0001,0.46529677510261536
691824,0.05,6249,238.80295801999998,8236,110,84.0,172930,0.0001,1.192929744720459
691908,0.05,6250,239.26763324,8237,110,84.0,172951,0.0001,7.5692291259765625
691992,0.05,6251,238.60999501999999,8238,110,84.0,172972,0.0001,18.888774871826172
692076,0.05,6252,238.5577755,8239,110,84.0,172993,0.0001,6.821637153625488
692160,0.05,6252,238.34646259000002,8240,110,84.0,173014,0.0001,1.706122636795044
692244,0.05,6253,238.14150049999998,8241,110,84.0,173035,0.0001,1.8238317966461182
692328,0.05,6254,238.50175322999996,8242,110,84.0,173056,0.0001,0.7740226984024048
692412,0.05,6255,238.41075260999995,8243,110,84.0,173077,0.0001,20.37511444091797
692496,0.05,6256,238.53745043999996,8244,110,84.0,173098,0.0001,8.617528915405273
692580,0.05,6256,238.90580082999998,8245,110,84.0,173119,0.0001,1.1881043910980225
692664,0.05,6257,239.14579075999995,8246,110,84.0,173140,0.0001,2.015033483505249
692748,0.05,6258,239.23825064999997,8247,110,84.0,173161,0.0001,11.774771690368652
692832,0.05,6259,239.26128439999994,8248,110,84.0,173182,0.0001,1.21099853515625
692916,0.05,6260,239.10334276999995,8249,110,84.0,173203,0.0001,0.7938336133956909
693000,0.05,6260,238.95962486999997,8250,110,84.0,173224,0.0001,2.06178617477417
693084,0.05,6261,238.64091846999997,8251,110,84.0,173245,0.0001,1.7088196277618408
693168,0.05,6262,238.41738486999995,8252,110,84.0,173266,0.0001,0.48659178614616394
693252,0.05,6263,238.79896633,8253,110,84.0,173287,0.0001,8.518450736999512
693336,0.05,6264,238.77461834999997,8254,110,84.0,173308,0.0001,15.57131290435791
693420,0.05,6265,238.98943237000003,8255,110,84.0,173329,0.0001,0.7420362234115601
693504,0.05,6266,239.59827156000003,8256,110,84.0,173350,0.0001,0.5924590229988098
693588,0.05,6266,239.54137134,8257,110,84.0,173371,0.0001,0.6730250120162964
693672,0.05,6267,239.49227944000003,8258,110,84.0,173392,0.0001,1.1981852054595947
693756,0.05,6268,239.60281173000004,8259,110,84.0,173413,0.0001,0.9601550102233887
693840,0.05,6269,239.94882026,8260,110,84.0,173434,0.0001,7.165955543518066
693924,0.05,6270,240.05492501999998,8261,110,84.0,173455,0.0001,7.3968634605407715
694008,0.05,6270,239.94240846999998,8262,110,84.0,173476,0.0001,1.3229174613952637
694092,0.05,6271,240.39905036,8263,110,84.0,173497,0.0001,1.3823491334915161
694176,0.05,6272,240.43886712,8264,110,84.0,173518,0.0001,8.906794548034668
694260,0.05,6273,240.57011988,8265,110,84.0,173539,0.0001,0.8569886088371277
694344,0.05,6274,240.92223768,8266,110,84.0,173560,0.0001,10.76905345916748
694428,0.05,6274,241.41569484999997,8267,110,84.0,173581,0.0001,9.1715087890625
694512,0.05,6275,241.12409313,8268,110,84.0,173602,0.0001,4.2716755867004395
694596,0.05,6276,241.04788529,8269,110,84.0,173623,0.0001,0.8657047748565674
694680,0.05,6277,240.86327840000004,8270,110,84.0,173644,0.0001,0.8955994844436646
694764,0.05,6278,241.88895511,8271,110,84.0,173665,0.0001,24.541418075561523
694848,0.05,6278,242.81128237000001,8272,110,84.0,173686,0.0001,0.7073878645896912
694932,0.05,6279,242.56806492999996,8273,110,84.0,173707,0.0001,1.1855762004852295
695016,0.05,6280,242.88020955,8274,110,84.0,173728,0.0001,11.845858573913574
695100,0.05,6281,243.58761758999998,8275,110,84.0,173749,0.0001,2.271836996078491
695184,0.05,6282,243.59574739999996,8276,110,84.0,173770,0.0001,12.584329605102539
695268,0.05,6282,243.57976324000003,8277,110,84.0,173791,0.0001,1.476682186126709
695352,0.05,6283,243.78727474,8278,110,84.0,173812,0.0001,1.0579466819763184
695436,0.05,6284,243.63609218000002,8279,110,84.0,173833,0.0001,0.8863477110862732
695520,0.05,6285,243.30662783,8280,110,84.0,173854,0.0001,7.940280914306641
695604,0.05,6286,243.60908625000005,8281,110,84.0,173875,0.0001,1.1786495447158813
695688,0.05,6286,243.81406513000002,8282,110,84.0,173896,0.0001,0.9631092548370361
695772,0.05,6287,244.08740612000005,8283,110,84.0,173917,0.0001,0.990446925163269
695856,0.05,6288,243.94606188,8284,110,84.0,173938,0.0001,1.2784135341644287
695940,0.05,6289,244.26020408,8285,110,84.0,173959,0.0001,19.262161254882812
696024,0.05,6289,244.40018535000002,8286,110,84.0,173980,0.0001,0.9836342334747314
696108,0.05,6290,244.44069291000002,8287,110,84.0,174001,0.0001,10.503533363342285
696192,0.05,6291,244.51187551000007,8288,110,84.0,174022,0.0001,11.005842208862305
696276,0.05,6292,244.54973551,8289,110,84.0,174043,0.0001,0.3160387873649597
696360,0.05,6293,244.66202334000002,8290,110,84.0,174064,0.0001,0.8949559926986694
696444,0.05,6294,244.47545691,8291,110,84.0,174085,0.0001,1.3855478763580322
696528,0.05,6294,244.46815440999998,8292,110,84.0,174106,0.0001,0.5246216654777527
696612,0.05,6295,244.58667264,8293,110,84.0,174127,0.0001,0.9414330124855042
696696,0.05,6296,245.37081544,8294,110,84.0,174148,0.0001,0.8003790378570557
696780,0.05,6297,245.71932761999997,8295,110,84.0,174169,0.0001,10.134007453918457
696864,0.05,6298,246.20307511000001,8296,110,84.0,174190,0.0001,0.7324000597000122
696948,0.05,6298,246.71623284,8297,110,84.0,174211,0.0001,9.537704467773438
697032,0.05,6299,247.06336800999998,8298,110,84.0,174232,0.0001,0.8833171725273132
697116,0.05,6300,247.15520537999998,8299,110,84.0,174253,0.0001,1.9037110805511475
697200,0.05,6301,247.07605560999997,8300,110,84.0,174274,0.0001,8.34716510772705
697284,0.05,6302,247.13761224,8301,110,84.0,174295,0.0001,1.2188929319381714
697368,0.05,6302,247.60645255000003,8302,110,84.0,174316,0.0001,1.4486030340194702
697452,0.05,6303,247.35533232,8303,110,84.0,174337,0.0001,1.2908257246017456
697536,0.05,6304,247.45843462000002,8304,110,84.0,174358,0.0001,1.1358431577682495
697620,0.05,6305,246.89263119,8305,110,84.0,174379,0.0001,2.065403699874878
697704,0.05,6305,246.6189055,8306,110,84.0,174400,0.0001,0.8212121725082397
697788,0.05,6306,246.44974695000002,8307,110,84.0,174421,0.0001,8.163846969604492
697872,0.05,6307,246.73902106000003,8308,110,84.0,174442,0.0001,0.8066577911376953
697956,0.05,6308,246.50173813,8309,110,84.0,174463,0.0001,0.8600940704345703
698040,0.05,6309,246.51090530000002,8310,110,84.0,174484,0.0001,0.8279416561126709
698124,0.05,6309,246.26112927999998,8311,110,84.0,174505,0.0001,1.1542396545410156
698208,0.05,6310,245.89806399,8312,110,84.0,174526,0.0001,1.2589216232299805
698292,0.05,6311,245.90065244000004,8313,110,84.0,174547,0.0001,6.083851337432861
698376,0.05,6312,246.05280926,8314,110,84.0,174568,0.0001,0.6011993885040283
698460,0.05,6313,246.09410247,8315,110,84.0,174589,0.0001,6.9802398681640625
698544,0.05,6314,247.21507869000004,8316,110,84.0,174610,0.0001,7.587993621826172
698628,0.05,6314,247.69761519,8317,110,84.0,174631,0.0001,0.9578850865364075
698712,0.05,6315,247.9203412,8318,110,84.0,174652,0.0001,1.672553300857544
698796,0.05,6316,247.99620836999998,8319,110,84.0,174673,0.0001,0.8532205820083618
698880,0.05,6317,247.69018824,8320,110,84.0,174694,0.0001,0.9488195180892944
698964,0.05,6318,247.53460711,8321,110,84.0,174715,0.0001,9.220047950744629
699048,0.05,6318,247.52707516,8322,110,84.0,174736,0.0001,1.1969108581542969
699132,0.05,6319,247.58932472999996,8323,110,84.0,174757,0.0001,11.229698181152344
699216,0.05,6320,247.45726388000003,8324,110,84.0,174778,0.0001,8.568221092224121
699300,0.05,6321,247.61271237999998,8325,110,84.0,174799,0.0001,1.061647653579712
699384,0.05,6322,247.59933306999994,8326,110,84.0,174820,0.0001,10.905672073364258
699468,0.05,6323,247.21256415999997,8327,110,84.0,174841,0.0001,0.32398882508277893
699552,0.05,6323,247.43775896,8328,110,84.0,174862,0.0001,1.8199825286865234
699636,0.05,6324,247.64284879,8329,110,84.0,174883,0.0001,1.4292229413986206
699720,0.05,6325,247.29302831,8330,110,84.0,174904,0.0001,1.0348269939422607
699804,0.05,6326,247.20669572,8331,110,84.0,174925,0.0001,11.251236915588379
699888,0.05,6327,247.25883090000002,8332,110,84.0,174946,0.0001,12.425735473632812
699972,0.05,6327,247.62592955000002,8333,110,84.0,174967,0.0001,0.7503289580345154
700056,0.05,6328,247.78584241000004,8334,110,84.0,174988,0.0001,7.371824741363525
700140,0.05,6329,248.13212880999998,8335,110,84.0,175009,0.0001,1.7244682312011719
700224,0.05,6330,248.48288632,8336,110,84.0,175030,0.0001,1.744715929031372
700308,0.05,6331,248.77567738000002,8337,110,84.0,175051,0.0001,10.73226261138916
700392,0.05,6332,249.53376528999996,8338,110,84.0,175072,0.0001,12.271183013916016
700476,0.05,6332,249.48765340999998,8339,110,84.0,175093,0.0001,0.8746848106384277
700560,0.05,6333,249.38977485999996,8340,110,84.0,175114,0.0001,1.1442363262176514
700644,0.05,6334,249.52238225999997,8341,110,84.0,175135,0.0001,13.779426574707031
700728,0.05,6335,249.39566058,8342,110,84.0,175156,0.0001,8.804299354553223
700812,0.05,6336,249.11506152,8343,110,84.0,175177,0.0001,19.062137603759766
700896,0.05,6337,248.72883946000002,8344,110,84.0,175198,0.0001,1.8660258054733276
700980,0.05,6337,248.41605020000003,8345,110,84.0,175219,0.0001,10.606329917907715
701064,0.05,6338,248.08040594000002,8346,110,84.0,175240,0.0001,0.7391985654830933
701148,0.05,6339,247.93672829,8347,110,84.0,175261,0.0001,8.246870994567871
701232,0.05,6340,248.04694353,8348,110,84.0,175282,0.0001,0.7781733870506287
701316,0.05,6340,248.06290574000002,8349,110,84.0,175303,0.0001,0.6983166337013245
701400,0.05,6341,248.42811255999996,8350,110,84.0,175324,0.0001,0.5745788812637329
701484,0.05,6342,248.93401279999998,8351,110,84.0,175345,0.0001,1.7234753370285034
701568,0.05,6343,249.25682641,8352,110,84.0,175366,0.0001,7.908499717712402
701652,0.05,6344,249.43024218000002,8353,110,84.0,175387,0.0001,1.4102622270584106
701736,0.05,6345,249.40543534,8354,110,84.0,175408,0.0001,8.96218490600586
701820,0.05,6346,249.56350578,8355,110,84.0,175429,0.0001,1.3780581951141357
701904,0.05,6346,249.18855514999996,8356,110,84.0,175450,0.0001,1.651807427406311
701988,0.05,6347,249.19226961,8357,110,84.0,175471,0.0001,2.1112372875213623
702072,0.05,6348,249.3560401,8358,110,84.0,175492,0.0001,16.665382385253906
702156,0.05,6349,249.29369332,8359,110,84.0,175513,0.0001,2.003446102142334
702240,0.05,6350,249.16892257,8360,110,84.0,175534,0.0001,0.8552477359771729
702324,0.05,6350,249.25459309000001,8361,110,84.0,175555,0.0001,10.95907974243164
702408,0.05,6351,249.61748995999997,8362,110,84.0,175576,0.0001,1.01139497756958
702492,0.05,6352,249.58025202000005,8363,110,84.0,175597,0.0001,0.9735588431358337
702576,0.05,6353,249.42493470000002,8364,110,84.0,175618,0.0001,2.1808905601501465
702660,0.05,6354,248.92431458,8365,110,84.0,175639,0.0001,5.799915790557861
702744,0.05,6354,248.67641995000002,8366,110,84.0,175660,0.0001,1.0853192806243896
702828,0.05,6355,248.15777108000003,8367,110,84.0,175681,0.0001,0.48831865191459656
702912,0.05,6356,248.2788624,8368,110,84.0,175702,0.0001,9.91851806640625
702996,0.05,6357,248.28543721999998,8369,110,84.0,175723,0.0001,1.4635313749313354
703080,0.05,6357,248.56448055999996,8370,110,84.0,175744,0.0001,24.458431243896484
703164,0.05,6358,248.36495584,8371,110,84.0,175765,0.0001,1.0418639183044434
703248,0.05,6359,248.02070334,8372,110,84.0,175786,0.0001,17.44662857055664
703332,0.05,6360,248.43269183000004,8373,110,84.0,175807,0.0001,8.605741500854492
703416,0.05,6361,248.29363149,8374,110,84.0,175828,0.0001,1.2836629152297974
703500,0.05,6362,247.88135737000005,8375,110,84.0,175849,0.0001,1.0260348320007324
703584,0.05,6363,247.65664990000002,8376,110,84.0,175870,0.0001,1.214741826057434
703668,0.05,6363,248.11245736000004,8377,110,84.0,175891,0.0001,12.177532196044922
703752,0.05,6364,247.90322505,8378,110,84.0,175912,0.0001,1.6364970207214355
703836,0.05,6365,248.36174803999998,8379,110,84.0,175933,0.0001,10.700614929199219
703920,0.05,6366,248.31347413000003,8380,110,84.0,175954,0.0001,11.292348861694336
704004,0.05,6367,248.23887308999997,8381,110,84.0,175975,0.0001,9.906070709228516
704088,0.05,6367,248.36097188,8382,110,84.0,175996,0.0001,0.9791815876960754
704172,0.05,6368,248.47083811999997,8383,110,84.0,176017,0.0001,0.8751059770584106
704256,0.05,6369,248.48082918,8384,110,84.0,176038,0.0001,9.87570571899414
704340,0.05,6369,248.1678792,8385,110,84.0,176059,0.0001,1.319833755493164
704424,0.05,6370,248.04527743000003,8386,110,84.0,176080,0.0001,1.4762306213378906
704508,0.05,6371,248.32921184000003,8387,110,84.0,176101,0.0001,1.0925514698028564
704592,0.05,6372,248.65756676000004,8388,110,84.0,176122,0.0001,1.1324751377105713
704676,0.05,6373,248.12652028000005,8389,110,84.0,176143,0.0001,11.044010162353516
704760,0.05,6374,247.86620950000008,8390,110,84.0,176164,0.0001,1.6373205184936523
704844,0.05,6374,247.70088026000002,8391,110,84.0,176185,0.0001,0.5103626847267151
704928,0.05,6375,247.92135392000003,8392,110,84.0,176206,0.0001,11.130959510803223
705012,0.05,6376,248.23146322,8393,110,84.0,176227,0.0001,11.376991271972656
705096,0.05,6377,248.53579684000005,8394,110,84.0,176248,0.0001,0.689193606376648
705180,0.05,6377,248.12912701999997,8395,110,84.0,176269,0.0001,0.7365100383758545
705264,0.05,6378,248.24549668,8396,110,84.0,176290,0.0001,1.3835575580596924
705348,0.05,6379,248.25880392000002,8397,110,84.0,176311,0.0001,1.1453825235366821
705432,0.05,6380,248.22124886,8398,110,84.0,176332,0.0001,0.9217278361320496
705516,0.05,6380,248.44037303000005,8399,110,84.0,176353,0.0001,0.7207663059234619
705600,0.05,6381,248.72591163,8400,110,84.0,176374,0.0001,1.1929943561553955
705684,0.05,6382,248.56791840000002,8401,110,84.0,176395,0.0001,1.6814589500427246
705768,0.05,6383,248.02605329,8402,110,84.0,176416,0.0001,0.90354984998703
705852,0.05,6384,248.05577595000003,8403,110,84.0,176437,0.0001,8.249091148376465
705936,0.05,6384,247.74997571000003,8404,110,84.0,176458,0.0001,1.05436110496521
706020,0.05,6385,248.16370515000006,8405,110,84.0,176479,0.0001,7.823356628417969
706104,0.05,6386,248.15424012000003,8406,110,84.0,176500,0.0001,10.943778991699219
706188,0.05,6387,247.83782064000002,8407,110,84.0,176521,0.0001,6.473670959472656
706272,0.05,6388,247.02783559000002,8408,110,84.0,176542,0.0001,1.3564043045043945
706356,0.05,6388,247.1756143,8409,110,84.0,176563,0.0001,1.662949800491333
706440,0.05,6389,247.08181780000004,8410,110,84.0,176584,0.0001,0.4429372549057007
706524,0.05,6390,247.3967723,8411,110,84.0,176605,0.0001,21.44541358947754
706608,0.05,6391,247.74418527999998,8412,110,84.0,176626,0.0001,1.4717330932617188
706692,0.05,6391,247.68483478000002,8413,110,84.0,176647,0.0001,0.9040218591690063
706776,0.05,6392,247.46669298999993,8414,110,84.0,176668,0.0001,6.742253303527832
706860,0.05,6393,247.43329184999996,8415,110,84.0,176689,0.0001,1.0732866525650024
706944,0.05,6394,247.36591491,8416,110,84.0,176710,0.0001,9.128929138183594
707028,0.05,6395,247.32603163,8417,110,84.0,176731,0.0001,9.996783256530762
707112,0.05,6396,247.47868941000002,8418,110,84.0,176752,0.0001,1.273770809173584
707196,0.05,6396,247.55615751000002,8419,110,84.0,176773,0.0001,0.7949143648147583
707280,0.05,6397,247.75509199,8420,110,84.0,176794,0.0001,1.4994126558303833
707364,0.05,6398,247.64143818,8421,110,84.0,176815,0.0001,0.7380613088607788
707448,0.05,6399,247.69161817000003,8422,110,84.0,176836,0.0001,0.9236222505569458
707532,0.05,6399,247.92219902,8423,110,84.0,176857,0.0001,10.400274276733398
707616,0.05,6400,248.30655357,8424,110,84.0,176878,0.0001,0.8170472383499146
707700,0.05,6401,248.17236106999997,8425,110,84.0,176899,0.0001,7.1155686378479
707784,0.05,6402,248.10901797999995,8426,110,84.0,176920,0.0001,0.6691629886627197
707868,0.05,6403,248.74741704,8427,110,84.0,176941,0.0001,0.5695528388023376
707952,0.05,6404,248.43295231,8428,110,84.0,176962,0.0001,0.9320329427719116
708036,0.05,6404,248.49772944999998,8429,110,84.0,176983,0.0001,1.1922476291656494
708120,0.05,6405,248.47487451,8430,110,84.0,177004,0.0001,1.6569939851760864
708204,0.05,6406,248.77318764999995,8431,110,84.0,177025,0.0001,0.7640615701675415
708288,0.05,6407,248.60657133999996,8432,110,84.0,177046,0.0001,1.0717672109603882
708372,0.05,6408,247.90905991,8433,110,84.0,177067,0.0001,1.7901549339294434
708456,0.05,6409,247.4732316,8434,110,84.0,177088,0.0001,9.380464553833008
708540,0.05,6409,247.38886044,8435,110,84.0,177109,0.0001,0.5228951573371887
708624,0.05,6410,247.15488811999995,8436,110,84.0,177130,0.0001,11.746521949768066
708708,0.05,6411,247.07510831,8437,110,84.0,177151,0.0001,24.814830780029297
708792,0.05,6412,246.98048683000002,8438,110,84.0,177172,0.0001,11.864189147949219
708876,0.05,6413,247.51890488,8439,110,84.0,177193,0.0001,0.9378184676170349
708960,0.05,6414,247.99234736999998,8440,110,84.0,177214,0.0001,0.8407796621322632
709044,0.05,6414,248.02922531999997,8441,110,84.0,177235,0.0001,6.847558975219727
709128,0.05,6415,247.9115641,8442,110,84.0,177256,0.0001,1.2223310470581055
709212,0.05,6416,248.19587282,8443,110,84.0,177277,0.0001,1.9291918277740479
709296,0.05,6417,248.71402869999997,8444,110,84.0,177298,0.0001,0.8435226082801819
709380,0.05,6418,248.39895071000004,8445,110,84.0,177319,0.0001,0.6733188033103943
709464,0.05,6418,248.62342606,8446,110,84.0,177340,0.0001,1.2767482995986938
709548,0.05,6419,248.82994478000003,8447,110,84.0,177361,0.0001,1.7603988647460938
709632,0.05,6420,249.11980499,8448,110,84.0,177382,0.0001,1.701881766319275
709716,0.05,6421,249.42344000999998,8449,110,84.0,177403,0.0001,0.6879693865776062
709800,0.05,6421,249.51741952999998,8450,110,84.0,177424,0.0001,0.6597353219985962
709884,0.05,6422,249.17299620000003,8451,110,84.0,177445,0.0001,1.3982977867126465
709968,0.05,6423,249.12390172999997,8452,110,84.0,177466,0.0001,7.452148914337158
710052,0.05,6424,249.12638879,8453,110,84.0,177487,0.0001,1.2520872354507446
710136,0.05,6425,248.95131824,8454,110,84.0,177508,0.0001,1.2981603145599365
710220,0.05,6425,249.10808894,8455,110,84.0,177529,0.0001,1.3337767124176025
710304,0.05,6426,248.79935144000004,8456,110,84.0,177550,0.0001,1.700985312461853
710388,0.05,6427,248.53603808,8457,110,84.0,177571,0.0001,1.0353164672851562
710472,0.05,6428,248.08579232000002,8458,110,84.0,177592,0.0001,11.362049102783203
710556,0.05,6429,248.03758042,8459,110,84.0,177613,0.0001,2.0288186073303223
710640,0.05,6429,248.23834249000004,8460,110,84.0,177634,0.0001,0.6665970087051392
710724,0.05,6430,248.33741788,8461,110,84.0,177655,0.0001,0.9622933268547058
710808,0.05,6431,248.39071478999998,8462,110,84.0,177676,0.0001,0.940640926361084
710892,0.05,6432,248.14747458999997,8463,110,84.0,177697,0.0001,0.574783444404602
710976,0.05,6432,248.14618013999998,8464,110,84.0,177718,0.0001,1.0643045902252197
711060,0.05,6433,248.07769689,8465,110,84.0,177739,0.0001,0.9063253402709961
711144,0.05,6434,247.98529593000004,8466,110,84.0,177760,0.0001,2.114365577697754
711228,0.05,6435,248.16637035,8467,110,84.0,177781,0.0001,12.56134033203125
711312,0.05,6436,248.07247309000002,8468,110,84.0,177802,0.0001,8.117303848266602
711396,0.05,6436,248.11134406999997,8469,110,84.0,177823,0.0001,0.9573051333427429
711480,0.05,6437,247.57451010999998,8470,110,84.0,177844,0.0001,9.01309585571289
711564,0.05,6438,247.35336672000003,8471,110,84.0,177865,0.0001,0.983690083026886
711648,0.05,6439,247.18085176,8472,110,84.0,177886,0.0001,0.9216883778572083
711732,0.05,6440,246.97466156000002,8473,110,84.0,177907,0.0001,1.4168184995651245
711816,0.05,6440,246.83705901000002,8474,110,84.0,177928,0.0001,6.378300189971924
711900,0.05,6441,247.28672604,8475,110,84.0,177949,0.0001,0.7026304006576538
711984,0.05,6442,247.77933162999997,8476,110,84.0,177970,0.0001,11.283021926879883
712068,0.05,6443,247.16912553999995,8477,110,84.0,177991,0.0001,6.324996471405029
712152,0.05,6444,247.30104205999996,8478,110,84.0,178012,0.0001,7.810116767883301
712236,0.05,6444,247.37056985999996,8479,110,84.0,178033,0.0001,0.7835608124732971
712320,0.05,6445,247.93045801999997,8480,110,84.0,178054,0.0001,1.2054533958435059
712404,0.05,6446,248.31226736999997,8481,110,84.0,178075,0.0001,1.216699481010437
712488,0.05,6446,248.78696512,8482,110,84.0,178096,0.0001,0.7205110192298889
712572,0.05,6447,248.75826213999997,8483,110,84.0,178117,0.0001,0.8747767806053162
712656,0.05,6448,248.90953079000002,8484,110,84.0,178138,0.0001,2.1141273975372314
712740,0.05,6449,249.04774694,8485,110,84.0,178159,0.0001,1.3114837408065796
712824,0.05,6450,248.78551895,8486,110,84.0,178180,0.0001,0.9354860186576843
712908,0.05,6450,248.59789774,8487,110,84.0,178201,0.0001,1.7273941040039062
712992,0.05,6451,248.31859709,8488,110,84.0,178222,0.0001,7.94085168838501
713076,0.05,6452,248.85735332000002,8489,110,84.0,178243,0.0001,11.032614707946777
713160,0.05,6453,249.15171443,8490,110,84.0,178264,0.0001,0.8562251329421997
713244,0.05,6454,249.52158807,8491,110,84.0,178285,0.0001,0.8365461230278015
713328,0.05,6454,249.35664545,8492,110,84.0,178306,0.0001,1.1875133514404297
713412,0.05,6455,249.42340370999997,8493,110,84.0,178327,0.0001,0.6799510717391968
713496,0.05,6456,249.25304729999993,8494,110,84.0,178348,0.0001,0.6477179527282715
713580,0.05,6457,249.46959867999993,8495,110,84.0,178369,0.0001,1.518371343612671
713664,0.05,6458,249.32513751999994,8496,110,84.0,178390,0.0001,1.339317798614502
713748,0.05,6459,248.85829206999998,8497,110,84.0,178411,0.0001,1.1722376346588135
713832,0.05,6459,248.76233639000003,8498,110,84.0,178432,0.0001,1.293750524520874
713916,0.05,6460,248.74891727000002,8499,110,84.0,178453,0.0001,1.3056129217147827
714000,0.05,6461,248.77712348,8500,110,84.0,178474,0.0001,1.674027442932129
714084,0.05,6462,248.80916717999997,8501,110,84.0,178495,0.0001,1.0809729099273682
714168,0.05,6463,248.95090665,8502,110,84.0,178516,0.0001,1.306939959526062
714252,0.05,6463,249.00314066999996,8503,110,84.0,178537,0.0001,0.8343173861503601
714336,0.05,6464,249.29623683000003,8504,110,84.0,178558,0.0001,1.046770691871643
714420,0.05,6465,249.42150855,8505,110,84.0,178579,0.0001,1.2352608442306519
714504,0.05,6466,249.80134374000002,8506,110,84.0,178600,0.0001,0.5384222269058228
714588,0.05,6467,250.36326032,8507,110,84.0,178621,0.0001,11.551656723022461
714672,0.05,6468,251.16916455999998,8508,110,84.0,178642,0.0001,0.9112123250961304
714756,0.05,6468,251.17325026999998,8509,110,84.0,178663,0.0001,0.786933422088623
714840,0.05,6469,251.06955606,8510,110,84.0,178684,0.0001,1.4512121677398682
714924,0.05,6470,250.98140737999998,8511,110,84.0,178705,0.0001,0.642562210559845
715008,0.05,6471,250.70045949,8512,110,84.0,178726,0.0001,11.740757942199707
715092,0.05,6472,250.99135508999996,8513,110,84.0,178747,0.0001,2.471222162246704
715176,0.05,6473,251.34783302999998,8514,110,84.0,178768,0.0001,2.0515637397766113
715260,0.05,6474,251.08991697,8515,110,84.0,178789,0.0001,9.532402038574219
715344,0.05,6475,250.84837724999997,8516,110,84.0,178810,0.0001,1.0963643789291382
715428,0.05,6476,251.19277867999998,8517,110,84.0,178831,0.0001,0.9165183305740356
715512,0.05,6476,251.26168255000002,8518,110,84.0,178852,0.0001,0.6865746974945068
715596,0.05,6477,251.06539727999998,8519,110,84.0,178873,0.0001,9.359136581420898
715680,0.05,6478,250.83981404000002,8520,110,84.0,178894,0.0001,9.831748962402344
715764,0.05,6479,250.93983666999998,8521,110,84.0,178915,0.0001,0.7722768783569336
715848,0.05,6480,250.97498876999998,8522,110,84.0,178936,0.0001,0.5087881088256836
715932,0.05,6480,250.70115796999994,8523,110,84.0,178957,0.0001,1.0036401748657227
716016,0.05,6481,250.86947270999997,8524,110,84.0,178978,0.0001,0.9507282376289368
716100,0.05,6482,250.70721148999993,8525,110,84.0,178999,0.0001,1.169630527496338
716184,0.05,6483,250.96602224999995,8526,110,84.0,179020,0.0001,7.4029035568237305
716268,0.05,6484,250.95449336,8527,110,84.0,179041,0.0001,7.875315189361572
716352,0.05,6484,251.20631788000003,8528,110,84.0,179062,0.0001,9.437097549438477
716436,0.05,6485,251.14919822000005,8529,110,84.0,179083,0.0001,0.5576983690261841
716520,0.05,6486,251.66502763000005,8530,110,84.0,179104,0.0001,1.6742480993270874
716604,0.05,6487,251.33831808000002,8531,110,84.0,179125,0.0001,0.8467075228691101
716688,0.05,6487,251.26385726,8532,110,84.0,179146,0.0001,9.043585777282715
716772,0.05,6488,251.61958415,8533,110,84.0,179167,0.0001,10.53139591217041
716856,0.05,6489,252.05706300999998,8534,110,84.0,179188,0.0001,11.39010238647461
716940,0.05,6490,251.87526664,8535,110,84.0,179209,0.0001,9.705770492553711
717024,0.05,6491,252.02130165999998,8536,110,84.0,179230,0.0001,10.89223575592041
717108,0.05,6491,252.09937831,8537,110,84.0,179251,0.0001,0.5180489420890808
717192,0.05,6492,252.05673046,8538,110,84.0,179272,0.0001,11.368371963500977
717276,0.05,6493,251.67808797,8539,110,84.0,179293,0.0001,0.9570192694664001
717360,0.05,6494,251.68944398,8540,110,84.0,179314,0.0001,0.9608175754547119
717444,0.05,6495,251.93083024,8541,110,84.0,179335,0.0001,7.783421039581299
717528,0.05,6495,251.98613696,8542,110,84.0,179356,0.0001,0.8654475212097168
717612,0.05,6496,252.14390441000003,8543,110,84.0,179377,0.0001,1.3839173316955566
717696,0.05,6497,251.74474396000005,8544,110,84.0,179398,0.0001,1.5152422189712524
717780,0.05,6498,251.99121846000006,8545,110,84.0,179419,0.0001,1.064636468887329
717864,0.05,6498,251.36002883,8546,110,84.0,179440,0.0001,1.5794543027877808
717948,0.05,6499,251.28060964,8547,110,84.0,179461,0.0001,0.8799026608467102
718032,0.05,6500,250.55582778999997,8548,110,84.0,179482,0.0001,1.2939469814300537
718116,0.05,6501,250.21942982000002,8549,110,84.0,179503,0.0001,6.6842942237854
718200,0.05,6502,249.67628542,8550,110,84.0,179524,0.0001,0.8315536975860596
718284,0.05,6502,249.22629550999997,8551,110,84.0,179545,0.0001,12.020120620727539
718368,0.05,6503,249.28978032999999,8552,110,84.0,179566,0.0001,11.481689453125
718452,0.05,6504,248.98314905999996,8553,110,84.0,179587,0.0001,1.1840696334838867
718536,0.05,6505,248.87037942999996,8554,110,84.0,179608,0.0001,1.0655262470245361
718620,0.05,6505,248.40627978999993,8555,110,84.0,179629,0.0001,1.2850573062896729
718704,0.05,6506,248.94190076999996,8556,110,84.0,179650,0.0001,0.8495314717292786
718788,0.05,6507,249.38655098999993,8557,110,84.0,179671,0.0001,0.7377709150314331
718872,0.05,6508,250.01666359999996,8558,110,84.0,179692,0.0001,7.786591053009033
718956,0.05,6509,249.93611578999997,8559,110,84.0,179713,0.0001,0.5616804361343384
719040,0.05,6509,249.64119635999995,8560,110,84.0,179734,0.0001,1.0860791206359863
719124,0.05,6510,249.38204441000002,8561,110,84.0,179755,0.0001,8.11583137512207
719208,0.05,6511,249.18756944000003,8562,110,84.0,179776,0.0001,0.8108274936676025
719292,0.05,6512,249.52625013000005,8563,110,84.0,179797,0.0001,0.7192162275314331
719376,0.05,6512,249.20562233000004,8564,110,84.0,179818,0.0001,6.15326452255249
719460,0.05,6513,249.21609696000004,8565,110,84.0,179839,0.0001,0.9351450800895691
719544,0.05,6514,249.13118467000004,8566,110,84.0,179860,0.0001,1.3632450103759766
719628,0.05,6515,249.01780903000002,8567,110,84.0,179881,0.0001,1.2631890773773193
719712,0.05,6515,249.05288771,8568,110,84.0,179902,0.0001,0.8964070677757263
719796,0.05,6516,249.11254912,8569,110,84.0,179923,0.0001,0.9396162033081055
719880,0.05,6517,249.44717748,8570,110,84.0,179944,0.0001,7.941999912261963
719964,0.05,6518,249.25930817,8571,110,84.0,179965,0.0001,0.5635643005371094
720048,0.05,6518,249.95374866999998,8572,110,84.0,179986,0.0001,1.2735263109207153
720132,0.05,6519,249.98020100000002,8573,110,84.0,180007,0.0001,1.702998161315918
720216,0.05,6520,249.92441508000007,8574,110,84.0,180028,0.0001,6.472193717956543
720300,0.05,6521,249.31272145000005,8575,110,84.0,180049,0.0001,0.7320979833602905
720384,0.05,6522,248.91014220000008,8576,110,84.0,180070,0.0001,0.8545600175857544
720468,0.05,6522,249.22380852000006,8577,110,84.0,180091,0.0001,1.4323036670684814
720552,0.05,6523,248.91868028000002,8578,110,84.0,180112,0.0001,1.0591484308242798
720636,0.05,6524,248.74284485000004,8579,110,84.0,180133,0.0001,0.8880846500396729
720720,0.05,6525,248.54721065,8580,110,84.0,180154,0.0001,0.7217566967010498
720804,0.05,6525,248.04271774999998,8581,110,84.0,180175,0.0001,1.3325154781341553
720888,0.05,6526,247.72412507,8582,110,84.0,180196,0.0001,1.6096938848495483
720972,0.05,6527,247.93100927999996,8583,110,84.0,180217,0.0001,0.8062140941619873
721056,0.05,6528,248.26234928999995,8584,110,84.0,180238,0.0001,0.9062107801437378
721140,0.05,6528,248.35442734999992,8585,110,84.0,180259,0.0001,9.03062629699707
721224,0.05,6529,248.38264365999999,8586,110,84.0,180280,0.0001,1.2543518543243408
721308,0.05,6530,248.38868182,8587,110,84.0,180301,0.0001,1.0405974388122559
721392,0.05,6531,248.26200374000004,8588,110,84.0,180322,0.0001,2.50138521194458
721476,0.05,6531,248.07473897000003,8589,110,84.0,180343,0.0001,12.028377532958984
721560,0.05,6532,248.05587981000005,8590,110,84.0,180364,0.0001,1.4250826835632324
721644,0.05,6533,248.02950246,8591,110,84.0,180385,0.0001,1.6193060874938965
721728,0.05,6534,248.04652519000004,8592,110,84.0,180406,0.0001,1.5278713703155518
721812,0.05,6534,247.5938563,8593,110,84.0,180427,0.0001,10.576043128967285
721896,0.05,6535,247.61823753000002,8594,110,84.0,180448,0.0001,1.2673925161361694
721980,0.05,6536,247.44003539999997,8595,110,84.0,180469,0.0001,22.96625328063965
722064,0.05,6537,247.69030884,8596,110,84.0,180490,0.0001,0.7616636753082275
722148,0.05,6538,248.32561843,8597,110,84.0,180511,0.0001,0.869148313999176
722232,0.05,6538,248.46211117000001,8598,110,84.0,180532,0.0001,7.0917253494262695
722316,0.05,6539,248.60493201999998,8599,110,84.0,180553,0.0001,4.241035461425781
722400,0.05,6540,248.45837157999998,8600,110,84.0,180574,0.0001,1.4384636878967285
722484,0.05,6541,248.60576975,8601,110,84.0,180595,0.0001,1.2942311763763428
722568,0.05,6542,248.78231916000001,8602,110,84.0,180616,0.0001,1.0608588457107544
722652,0.05,6542,248.8426155,8603,110,84.0,180637,0.0001,1.2231255769729614
722736,0.05,6543,248.97133752999997,8604,110,84.0,180658,0.0001,2.729462146759033
722820,0.05,6544,249.01528581,8605,110,84.0,180679,0.0001,1.1259112358093262
722904,0.05,6545,248.99754468999998,8606,110,84.0,180700,0.0001,1.0734550952911377
722988,0.05,6545,248.98540515000002,8607,110,84.0,180721,0.0001,1.383596658706665
723072,0.05,6546,248.88408338999997,8608,110,84.0,180742,0.0001,0.9173626899719238
723156,0.05,6547,248.79424039000003,8609,110,84.0,180763,0.0001,1.535502552986145
723240,0.05,6548,248.88516721,8610,110,84.0,180784,0.0001,0.9298673272132874
723324,0.05,6548,249.01766774,8611,110,84.0,180805,0.0001,9.233119010925293
723408,0.05,6549,249.06103791999993,8612,110,84.0,180826,0.0001,8.92402458190918
723492,0.05,6550,248.90963917999997,8613,110,84.0,180847,0.0001,6.672733306884766
723576,0.05,6551,248.87282919,8614,110,84.0,180868,0.0001,0.9435274600982666
723660,0.05,6551,248.95223447999996,8615,110,84.0,180889,0.0001,0.8082314729690552
723744,0.05,6552,249.1430324,8616,110,84.0,180910,0.0001,1.3673462867736816
723828,0.05,6553,248.62964128999997,8617,110,84.0,180931,0.0001,8.596579551696777
723912,0.05,6554,248.49335641999994,8618,110,84.0,180952,0.0001,1.3684031963348389
723996,0.05,6554,248.94296214,8619,110,84.0,180973,0.0001,0.8115500807762146
724080,0.05,6555,249.20559010999997,8620,110,84.0,180994,0.0001,8.02143669128418
724164,0.05,6556,249.45418822999997,8621,110,84.0,181015,0.0001,0.7665677070617676
724248,0.05,6557,249.42207065,8622,110,84.0,181036,0.0001,9.115560531616211
724332,0.05,6557,249.52853977000004,8623,110,84.0,181057,0.0001,1.3247458934783936
724416,0.05,6558,249.11329362000004,8624,110,84.0,181078,0.0001,0.5334633588790894
724500,0.05,6559,249.13400126,8625,110,84.0,181099,0.0001,8.841026306152344
724584,0.05,6560,249.09165256999998,8626,110,84.0,181120,0.0001,0.733334481716156
724668,0.05,6561,248.84561467,8627,110,84.0,181141,0.0001,0.9591976404190063
724752,0.05,6561,248.86330585,8628,110,84.0,181162,0.0001,1.4500715732574463
724836,0.05,6562,248.8875644,8629,110,84.0,181183,0.0001,1.2695733308792114
724920,0.05,6563,249.14914036000002,8630,110,84.0,181204,0.0001,4.395914077758789
725004,0.05,6564,249.38545893,8631,110,84.0,181225,0.0001,1.2016407251358032
725088,0.05,6564,249.42425249,8632,110,84.0,181246,0.0001,0.8063957691192627
725172,0.05,6565,249.66972593,8633,110,84.0,181267,0.0001,0.628616452217102
725256,0.05,6566,249.69307707,8634,110,84.0,181288,0.0001,8.714159965515137
725340,0.05,6567,249.678004,8635,110,84.0,181309,0.0001,1.551767349243164
725424,0.05,6567,249.87590677,8636,110,84.0,181330,0.0001,1.2198328971862793
725508,0.05,6568,249.70743016000003,8637,110,84.0,181351,0.0001,0.9331129193305969
725592,0.05,6569,249.92249483,8638,110,84.0,181372,0.0001,8.695273399353027
725676,0.05,6570,249.89868045000003,8639,110,84.0,181393,0.0001,0.7802927494049072
725760,0.05,6571,250.01639651999997,8640,110,84.0,181414,0.0001,29.203983306884766
725844,0.05,6571,249.92745273,8641,110,84.0,181435,0.0001,0.901982307434082
725928,0.05,6572,250.23203608,8642,110,84.0,181456,0.0001,1.007448434829712
726012,0.05,6573,250.23280078,8643,110,84.0,181477,0.0001,7.6107401847839355
726096,0.05,6574,250.55412701,8644,110,84.0,181498,0.0001,1.1418179273605347
726180,0.05,6574,250.58218535000003,8645,110,84.0,181519,0.0001,1.9667901992797852
726264,0.05,6575,250.84932219000007,8646,110,84.0,181540,0.0001,10.876517295837402
726348,0.05,6576,251.00621476,8647,110,84.0,181561,0.0001,0.965073823928833
726432,0.05,6577,251.50772994000002,8648,110,84.0,181582,0.0001,1.3383336067199707
726516,0.05,6578,251.75901918,8649,110,84.0,181603,0.0001,0.5581543445587158
726600,0.05,6579,251.76790455999998,8650,110,84.0,181624,0.0001,0.9562386870384216
726684,0.05,6579,252.11594403999996,8651,110,84.0,181645,0.0001,8.995156288146973
726768,0.05,6580,251.99443731000002,8652,110,84.0,181666,0.0001,1.5680866241455078
726852,0.05,6581,252.00688209,8653,110,84.0,181687,0.0001,7.908327579498291
726936,0.05,6582,252.29939573,8654,110,84.0,181708,0.0001,11.24916934967041
727020,0.05,6583,252.28378685999996,8655,110,84.0,181729,0.0001,9.128040313720703
727104,0.05,6583,252.23167716,8656,110,84.0,181750,0.0001,1.0051308870315552
727188,0.05,6584,252.06929976,8657,110,84.0,181771,0.0001,1.5043540000915527
727272,0.05,6585,252.05718775000003,8658,110,84.0,181792,0.0001,1.0352978706359863
727356,0.05,6586,251.99925596,8659,110,84.0,181813,0.0001,1.2583763599395752
727440,0.05,6587,252.28312171000005,8660,110,84.0,181834,0.0001,0.7922383546829224
727524,0.05,6587,251.90789447000003,8661,110,84.0,181855,0.0001,8.931169509887695
727608,0.05,6588,251.85312144000002,8662,110,84.0,181876,0.0001,1.2300297021865845
727692,0.05,6589,251.63720586,8663,110,84.0,181897,0.0001,1.1717568635940552
727776,0.05,6589,251.54310623,8664,110,84.0,181918,0.0001,19.451278686523438
727860,0.05,6590,251.17011116999998,8665,110,84.0,181939,0.0001,1.8835104703903198
727944,0.05,6591,251.09635031,8666,110,84.0,181960,0.0001,1.4873416423797607
728028,0.05,6592,251.22667771,8667,110,84.0,181981,0.0001,8.867799758911133
728112,0.05,6593,251.24469853,8668,110,84.0,182002,0.0001,1.1058580875396729
728196,0.05,6594,251.48803732999997,8669,110,84.0,182023,0.0001,0.8835065960884094
728280,0.05,6594,251.39541561999994,8670,110,84.0,182044,0.0001,1.155598521232605
728364,0.05,6595,251.85453512999996,8671,110,84.0,182065,0.0001,11.223888397216797
728448,0.05,6596,251.35346440999993,8672,110,84.0,182086,0.0001,1.8471434116363525
728532,0.05,6597,251.15055135999998,8673,110,84.0,182107,0.0001,2.0876240730285645
728616,0.05,6597,251.21686827000002,8674,110,84.0,182128,0.0001,1.993581771850586
728700,0.05,6598,251.39974632000002,8675,110,84.0,182149,0.0001,11.554193496704102
728784,0.05,6599,251.62751194000003,8676,110,84.0,182170,0.0001,1.3333115577697754
728868,0.05,6600,251.9103135,8677,110,84.0,182191,0.0001,0.8430846929550171
728952,0.05,6601,251.96953294000002,8678,110,84.0,182212,0.0001,12.0105562210083
729036,0.05,6601,252.13127745999998,8679,110,84.0,182233,0.0001,10.389800071716309
729120,0.05,6602,252.11562216000002,8680,110,84.0,182254,0.0001,0.6590476036071777
729204,0.05,6603,252.5053686,8681,110,84.0,182275,0.0001,0.6154155135154724
729288,0.05,6604,252.53223533,8682,110,84.0,182296,0.0001,2.0096185207366943
729372,0.05,6604,252.03535757999998,8683,110,84.0,182317,0.0001,1.7672001123428345
729456,0.05,6605,251.30932153999998,8684,110,84.0,182338,0.0001,1.256015419960022
729540,0.05,6606,251.27319604999997,8685,110,84.0,182359,0.0001,0.768232524394989
729624,0.05,6607,251.84601729999994,8686,110,84.0,182380,0.0001,1.497294545173645
729708,0.05,6608,251.66802246999998,8687,110,84.0,182401,0.0001,0.9209840893745422
729792,0.05,6608,252.11905662000004,8688,110,84.0,182422,0.0001,1.233280897140503
729876,0.05,6609,252.18644614000002,8689,110,84.0,182443,0.0001,0.9066904783248901
729960,0.05,6610,251.91489760000005,8690,110,84.0,182464,0.0001,1.0082693099975586
730044,0.05,6611,251.65222613000003,8691,110,84.0,182485,0.0001,0.9663620591163635
730128,0.05,6612,251.80087375,8692,110,84.0,182506,0.0001,0.9538983106613159
730212,0.05,6612,252.09905763999996,8693,110,84.0,182527,0.0001,0.712357223033905
730296,0.05,6613,252.18022709999997,8694,110,84.0,182548,0.0001,1.1836880445480347
730380,0.05,6614,252.49023300999997,8695,110,84.0,182569,0.0001,1.0929718017578125
730464,0.05,6615,252.33105067999998,8696,110,84.0,182590,0.0001,0.4859727621078491
730548,0.05,6615,252.13325597999994,8697,110,84.0,182611,0.0001,1.534558653831482
730632,0.05,6616,252.23052313,8698,110,84.0,182632,0.0001,1.1113133430480957
730716,0.05,6617,252.23207080999998,8699,110,84.0,182653,0.0001,9.541970252990723
730800,0.05,6617,252.61529306999998,8700,110,84.0,182674,0.0001,8.293222427368164
730884,0.05,6618,252.41228209999997,8701,110,84.0,182695,0.0001,1.986794352531433
730968,0.05,6619,252.48660415000003,8702,110,84.0,182716,0.0001,1.1242927312850952
731052,0.05,6620,252.70374800999997,8703,110,84.0,182737,0.0001,12.049027442932129
731136,0.05,6620,252.54957511,8704,110,84.0,182758,0.0001,1.1327718496322632
731220,0.05,6621,251.94017852000002,8705,110,84.0,182779,0.0001,12.13819408416748
731304,0.05,6622,252.04329148,8706,110,84.0,182800,0.0001,0.7663236856460571
731388,0.05,6623,251.89804285000002,8707,110,84.0,182821,0.0001,8.622788429260254
731472,0.05,6624,252.36174541,8708,110,84.0,182842,0.0001,1.3943960666656494
731556,0.05,6624,252.91224511000001,8709,110,84.0,182863,0.0001,1.3827953338623047
731640,0.05,6625,253.05858351999998,8710,110,84.0,182884,0.0001,19.44646453857422
731724,0.05,6626,253.39786896,8711,110,84.0,182905,0.0001,1.1691217422485352
731808,0.05,6627,253.31803851999996,8712,110,84.0,182926,0.0001,1.5155047178268433
731892,0.05,6628,253.32836312,8713,110,84.0,182947,0.0001,1.019666314125061
731976,0.05,6628,253.09992703,8714,110,84.0,182968,0.0001,0.9155784845352173
732060,0.05,6629,253.15411193999998,8715,110,84.0,182989,0.0001,0.7883799076080322
732144,0.05,6630,253.13582427999995,8716,110,84.0,183010,0.0001,8.19399642944336
732228,0.05,6631,253.18591151999993,8717,110,84.0,183031,0.0001,0.964943528175354
732312,0.05,6631,253.30390565,8718,110,84.0,183052,0.0001,9.953614234924316
732396,0.05,6632,253.14680409999994,8719,110,84.0,183073,0.0001,1.3938868045806885
732480,0.05,6633,252.89970128999994,8720,110,84.0,183094,0.0001,10.904297828674316
732564,0.05,6634,252.96064214999996,8721,110,84.0,183115,0.0001,0.9388654232025146
732648,0.05,6634,252.9460158,8722,110,84.0,183136,0.0001,6.200037956237793
732732,0.05,6635,253.06446534000003,8723,110,84.0,183157,0.0001,5.2470831871032715
732816,0.05,6636,252.94580016,8724,110,84.0,183178,0.0001,0.7769918441772461
732900,0.05,6637,253.0094606,8725,110,84.0,183199,0.0001,1.8290870189666748
732984,0.05,6638,253.02560277,8726,110,84.0,183220,0.0001,2.1085972785949707
733068,0.05,6638,253.40185174,8727,110,84.0,183241,0.0001,8.130017280578613
733152,0.05,6639,253.8358406,8728,110,84.0,183262,0.0001,2.115542411804199
733236,0.05,6640,253.70939941,8729,110,84.0,183283,0.0001,0.728656530380249
733320,0.05,6641,253.51300193000003,8730,110,84.0,183304,0.0001,11.90003490447998
733404,0.05,6641,253.53791680999998,8731,110,84.0,183325,0.0001,0.6790087819099426
733488,0.05,6642,253.76457499999998,8732,110,84.0,183346,0.0001,2.0185937881469727
733572,0.05,6643,253.60317609999998,8733,110,84.0,183367,0.0001,11.22667407989502
733656,0.05,6644,253.33594823999996,8734,110,84.0,183388,0.0001,1.1900818347930908
733740,0.05,6645,253.27709883,8735,110,84.0,183409,0.0001,6.684147357940674
733824,0.05,6645,253.09412127,8736,110,84.0,183430,0.0001,0.7508783340454102
733908,0.05,6646,253.36640688,8737,110,84.0,183451,0.0001,9.237957000732422
733992,0.05,6647,253.10750954,8738,110,84.0,183472,0.0001,10.25304126739502
734076,0.05,6648,252.93944681000002,8739,110,84.0,183493,0.0001,0.6832975745201111
734160,0.05,6649,253.04932775,8740,110,84.0,183514,0.0001,9.351176261901855
734244,0.05,6649,253.22346169,8741,110,84.0,183535,0.0001,19.440288543701172
734328,0.05,6650,253.12717684,8742,110,84.0,183556,0.0001,1.8598682880401611
734412,0.05,6651,253.03278282,8743,110,84.0,183577,0.0001,8.87984848022461
734496,0.05,6652,252.86540446000004,8744,110,84.0,183598,0.0001,11.234086990356445
734580,0.05,6652,252.80310878,8745,110,84.0,183619,0.0001,0.8808798789978027
734664,0.05,6653,253.11538675,8746,110,84.0,183640,0.0001,1.6433660984039307
734748,0.05,6654,252.88007449999998,8747,110,84.0,183661,0.0001,0.6450729966163635
734832,0.05,6655,252.68567796000002,8748,110,84.0,183682,0.0001,1.1193392276763916
734916,0.05,6656,252.62502069,8749,110,84.0,183703,0.0001,1.2655134201049805
735000,0.05,6656,253.01300554999997,8750,110,84.0,183724,0.0001,0.8466375470161438
735084,0.05,6657,253.12503028999996,8751,110,84.0,183745,0.0001,1.051807165145874
735168,0.05,6658,253.10491008999998,8752,110,84.0,183766,0.0001,19.02256965637207
735252,0.05,6659,252.92380896000003,8753,110,84.0,183787,0.0001,0.9084951877593994
735336,0.05,6659,252.92986482,8754,110,84.0,183808,0.0001,9.493584632873535
735420,0.05,6660,253.33872625,8755,110,84.0,183829,0.0001,1.15902578830719
735504,0.05,6661,253.42764781000002,8756,110,84.0,183850,0.0001,2.301074743270874
735588,0.05,6662,253.29435859,8757,110,84.0,183871,0.0001,1.9962377548217773
735672,0.05,6662,252.7456535,8758,110,84.0,183892,0.0001,1.2367775440216064
735756,0.05,6663,252.70770847,8759,110,84.0,183913,0.0001,0.9794192314147949
735840,0.05,6664,252.59228651,8760,110,84.0,183934,0.0001,20.049909591674805
735924,0.05,6665,253.08753859,8761,110,84.0,183955,0.0001,0.8987988829612732
736008,0.05,6665,253.64023473,8762,110,84.0,183976,0.0001,7.562077045440674
736092,0.05,6666,253.50805172,8763,110,84.0,183997,0.0001,0.7424772381782532
736176,0.05,6667,254.18234862,8764,110,84.0,184018,0.0001,0.9454953670501709
736260,0.05,6668,254.98040622999997,8765,110,84.0,184039,0.0001,1.5070134401321411
736344,0.05,6669,255.56114322000002,8766,110,84.0,184060,0.0001,0.9685640931129456
736428,0.05,6669,255.61344473,8767,110,84.0,184081,0.0001,1.0347845554351807
736512,0.05,6670,255.21672668000002,8768,110,84.0,184102,0.0001,1.2192883491516113
736596,0.05,6671,254.74219583,8769,110,84.0,184123,0.0001,19.35715103149414
736680,0.05,6672,255.05902697999997,8770,110,84.0,184144,0.0001,1.1073099374771118
736764,0.05,6672,255.16113829999998,8771,110,84.0,184165,0.0001,0.5319837927818298
736848,0.05,6673,255.49808585000002,8772,110,84.0,184186,0.0001,1.5181936025619507
736932,0.05,6674,255.30747337,8773,110,84.0,184207,0.0001,17.14060401916504
737016,0.05,6675,255.48021032,8774,110,84.0,184228,0.0001,12.346440315246582
737100,0.05,6676,255.51973916000003,8775,110,84.0,184249,0.0001,1.0184154510498047
737184,0.05,6676,255.36519782000002,8776,110,84.0,184270,0.0001,1.1124022006988525
737268,0.05,6677,254.74923127000002,8777,110,84.0,184291,0.0001,11.164802551269531
737352,0.05,6678,254.68863854,8778,110,84.0,184312,0.0001,1.202949047088623
737436,0.05,6679,254.41902371000003,8779,110,84.0,184333,0.0001,0.5656799077987671
737520,0.05,6680,254.12740169,8780,110,84.0,184354,0.0001,8.530946731567383
737604,0.05,6681,253.85953558000006,8781,110,84.0,184375,0.0001,0.7561730146408081
737688,0.05,6681,253.71911694000002,8782,110,84.0,184396,0.0001,1.1554181575775146
737772,0.05,6682,253.77525972000007,8783,110,84.0,184417,0.0001,2.0233845710754395
737856,0.05,6683,254.3355403,8784,110,84.0,184438,0.0001,1.5064562559127808
737940,0.05,6684,254.33855608,8785,110,84.0,184459,0.0001,1.1535754203796387
738024,0.05,6684,253.95610867000002,8786,110,84.0,184480,0.0001,0.8443055152893066
738108,0.05,6685,254.2443574,8787,110,84.0,184501,0.0001,8.722558975219727
738192,0.05,6686,253.94828947999997,8788,110,84.0,184522,0.0001,11.572724342346191
738276,0.05,6687,253.50960529,8789,110,84.0,184543,0.0001,1.5119080543518066
738360,0.05,6687,253.77859240999996,8790,110,84.0,184564,0.0001,12.374871253967285
738444,0.05,6688,254.05771773999993,8791,110,84.0,184585,0.0001,6.781290054321289
738528,0.05,6689,253.68989738999997,8792,110,84.0,184606,0.0001,7.888045310974121
738612,0.05,6690,253.53785580999997,8793,110,84.0,184627,0.0001,1.9819618463516235
738696,0.05,6691,253.23226465999997,8794,110,84.0,184648,0.0001,1.7992066144943237
738780,0.05,6691,252.91612964999996,8795,110,84.0,184669,0.0001,0.9934854507446289
738864,0.05,6692,252.67557494999997,8796,110,84.0,184690,0.0001,2.0285065174102783
738948,0.05,6693,252.07516118,8797,110,84.0,184711,0.0001,0.9152357578277588
739032,0.05,6694,252.12119659,8798,110,84.0,184732,0.0001,21.91483497619629
739116,0.05,6694,252.03708067999997,8799,110,84.0,184753,0.0001,0.9799875020980835
739200,0.05,6695,251.95836819,8800,110,84.0,184774,0.0001,0.9985370635986328
739284,0.05,6696,251.95302639999997,8801,110,84.0,184795,0.0001,11.046516418457031
739368,0.05,6697,251.59265853,8802,110,84.0,184816,0.0001,0.41891488432884216
739452,0.05,6697,250.87369937,8803,110,84.0,184837,0.0001,8.865622520446777
739536,0.05,6698,250.77707604000003,8804,110,84.0,184858,0.0001,1.480130910873413
739620,0.05,6699,251.03178164000005,8805,110,84.0,184879,0.0001,11.34807300567627
739704,0.05,6700,250.63042736000003,8806,110,84.0,184900,0.0001,0.936209499835968
739788,0.05,6700,250.56344423,8807,110,84.0,184921,0.0001,1.320693016052246
739872,0.05,6701,249.97464374999998,8808,110,84.0,184942,0.0001,0.8270021677017212
739956,0.05,6702,249.49513265999994,8809,110,84.0,184963,0.0001,1.580996036529541
740040,0.05,6703,249.51609989999997,8810,110,84.0,184984,0.0001,2.4297871589660645
740124,0.05,6704,249.16565602,8811,110,84.0,185005,0.0001,5.278398036956787
740208,0.05,6704,248.88976947999998,8812,110,84.0,185026,0.0001,11.715169906616211
740292,0.05,6705,248.70061797,8813,110,84.0,185047,0.0001,9.074899673461914
740376,0.05,6706,248.734748,8814,110,84.0,185068,0.0001,11.98213005065918
740460,0.05,6707,248.73826885,8815,110,84.0,185089,0.0001,0.40232205390930176
740544,0.05,6707,248.71423288000003,8816,110,84.0,185110,0.0001,11.04748821258545
740628,0.05,6708,249.03087598,8817,110,84.0,185131,0.0001,1.5167934894561768
740712,0.05,6709,248.84014983999998,8818,110,84.0,185152,0.0001,12.233166694641113
740796,0.05,6710,248.90869883999997,8819,110,84.0,185173,0.0001,14.758008003234863
740880,0.05,6710,248.713295,8820,110,84.0,185194,0.0001,0.6287051439285278
740964,0.05,6711,248.41959702999998,8821,110,84.0,185215,0.0001,7.364269256591797
741048,0.05,6712,248.40856557000004,8822,110,84.0,185236,0.0001,0.8511205315589905
741132,0.05,6713,247.8670056,8823,110,84.0,185257,0.0001,11.771306991577148
741216,0.05,6714,247.96947933000004,8824,110,84.0,185278,0.0001,6.301002502441406
741300,0.05,6714,247.62304795,8825,110,84.0,185299,0.0001,1.2312439680099487
741384,0.05,6715,247.82396444000003,8826,110,84.0,185320,0.0001,8.530855178833008
741468,0.05,6716,247.33084139000002,8827,110,84.0,185341,0.0001,1.3784877061843872
741552,0.05,6717,246.968882,8828,110,84.0,185362,0.0001,22.71345329284668
741636,0.05,6717,246.68794293,8829,110,84.0,185383,0.0001,1.7904952764511108
741720,0.05,6718,246.47421351999998,8830,110,84.0,185404,0.0001,1.1871284246444702
741804,0.05,6719,246.48920797,8831,110,84.0,185425,0.0001,9.920207023620605
741888,0.05,6720,246.43738421999996,8832,110,84.0,185446,0.0001,0.9784936308860779
741972,0.05,6720,246.49184953999992,8833,110,84.0,185467,0.0001,1.7623255252838135
742056,0.05,6721,246.93944861999998,8834,110,84.0,185488,0.0001,9.616622924804688
742140,0.05,6722,247.17470780999992,8835,110,84.0,185509,0.0001,0.872384250164032
742224,0.05,6723,247.19776293999996,8836,110,84.0,185530,0.0001,1.3705508708953857
742308,0.05,6724,247.25989252999997,8837,110,84.0,185551,0.0001,1.7503300905227661
742392,0.05,6724,247.37081187,8838,110,84.0,185572,0.0001,0.7990835905075073
742476,0.05,6725,247.84141266999998,8839,110,84.0,185593,0.0001,1.1556200981140137
742560,0.05,6726,247.41512520000003,8840,110,84.0,185614,0.0001,3.9927053451538086
742644,0.05,6727,247.0251136,8841,110,84.0,185635,0.0001,10.618346214294434
742728,0.05,6727,246.81355011,8842,110,84.0,185656,0.0001,12.126642227172852
742812,0.05,6728,246.62646567,8843,110,84.0,185677,0.0001,26.03520965576172
742896,0.05,6729,246.90439592999996,8844,110,84.0,185698,0.0001,1.2307050228118896
742980,0.05,6730,247.21386702999996,8845,110,84.0,185719,0.0001,8.272073745727539
743064,0.05,6731,247.19412354999997,8846,110,84.0,185740,0.0001,1.5220998525619507
743148,0.05,6731,247.48612579000005,8847,110,84.0,185761,0.0001,1.3954392671585083
743232,0.05,6732,247.41543082000004,8848,110,84.0,185782,0.0001,1.242784023284912
743316,0.05,6733,247.08059438000004,8849,110,84.0,185803,0.0001,0.7677003741264343
743400,0.05,6734,247.08633652,8850,110,84.0,185824,0.0001,0.4839145243167877
743484,0.05,6735,247.14992789,8851,110,84.0,185845,0.0001,12.49925422668457
743568,0.05,6736,247.17771881000002,8852,110,84.0,185866,0.0001,12.20679759979248
743652,0.05,6736,247.32616313999998,8853,110,84.0,185887,0.0001,1.1630668640136719
743736,0.05,6737,246.87326823000006,8854,110,84.0,185908,0.0001,1.0668861865997314
743820,0.05,6738,246.48186734999996,8855,110,84.0,185929,0.0001,0.8049992918968201
743904,0.05,6739,246.38744591000003,8856,110,84.0,185950,0.0001,7.840612888336182
743988,0.05,6740,246.42914014,8857,110,84.0,185971,0.0001,0.9605551362037659
744072,0.05,6740,246.67661489999998,8858,110,84.0,185992,0.0001,8.966506958007812
744156,0.05,6741,246.76953436,8859,110,84.0,186013,0.0001,1.3119429349899292
744240,0.05,6742,246.92011996000005,8860,110,84.0,186034,0.0001,19.68340492248535
744324,0.05,6743,247.06561995000004,8861,110,84.0,186055,0.0001,0.6114993095397949
744408,0.05,6743,246.42421092,8862,110,84.0,186076,0.0001,0.9425153136253357
744492,0.05,6744,246.27462783000001,8863,110,84.0,186097,0.0001,14.493207931518555
744576,0.05,6745,245.65388813,8864,110,84.0,186118,0.0001,0.9481340050697327
744660,0.05,6746,245.33081473000001,8865,110,84.0,186139,0.0001,1.380396842956543
744744,0.05,6746,245.30878800000005,8866,110,84.0,186160,0.0001,10.358423233032227
744828,0.05,6747,245.12816623000003,8867,110,84.0,186181,0.0001,1.1945388317108154
744912,0.05,6748,245.75809238000002,8868,110,84.0,186202,0.0001,0.844959020614624
744996,0.05,6749,246.18184515000002,8869,110,84.0,186223,0.0001,0.9523923397064209
745080,0.05,6749,246.07811964,8870,110,84.0,186244,0.0001,1.2635849714279175
745164,0.05,6750,246.07240410999998,8871,110,84.0,186265,0.0001,0.8492202758789062
745248,0.05,6751,245.90677042999997,8872,110,84.0,186286,0.0001,1.2792918682098389
745332,0.05,6752,245.97803821000002,8873,110,84.0,186307,0.0001,0.9204332232475281
745416,0.05,6752,245.91464314,8874,110,84.0,186328,0.0001,1.1927076578140259
745500,0.05,6753,245.79767006000003,8875,110,84.0,186349,0.0001,0.9917182922363281
745584,0.05,6754,245.86839231,8876,110,84.0,186370,0.0001,0.8552326560020447
745668,0.05,6755,246.49535960999998,8877,110,84.0,186391,0.0001,0.8499586582183838
745752,0.05,6755,246.55440505999997,8878,110,84.0,186412,0.0001,1.2093230485916138
745836,0.05,6756,246.50972533999996,8879,110,84.0,186433,0.0001,0.8374215364456177
745920,0.05,6757,246.39345561999994,8880,110,84.0,186454,0.0001,1.9756624698638916
746004,0.05,6758,246.39381853999996,8881,110,84.0,186475,0.0001,2.3232688903808594
746088,0.05,6759,246.35537584999994,8882,110,84.0,186496,0.0001,2.893977165222168
746172,0.05,6759,246.80923898999998,8883,110,84.0,186517,0.0001,22.646255493164062
746256,0.05,6760,246.60965337999997,8884,110,84.0,186538,0.0001,0.8698949217796326
746340,0.05,6761,246.26275478999997,8885,110,84.0,186559,0.0001,0.8311467170715332
746424,0.05,6762,246.58352071000002,8886,110,84.0,186580,0.0001,2.2453362941741943
746508,0.05,6763,246.06790760999996,8887,110,84.0,186601,0.0001,12.644853591918945
746592,0.05,6763,246.09245923000003,8888,110,84.0,186622,0.0001,0.6187629699707031
746676,0.05,6764,246.51696476000004,8889,110,84.0,186643,0.0001,10.29499626159668
746760,0.05,6765,246.51942977000002,8890,110,84.0,186664,0.0001,0.8071559071540833
746844,0.05,6766,246.76209974000005,8891,110,84.0,186685,0.0001,0.9318219423294067
746928,0.05,6766,246.53318585,8892,110,84.0,186706,0.0001,8.147071838378906
747012,0.05,6767,246.73553663,8893,110,84.0,186727,0.0001,1.2905720472335815
747096,0.05,6768,246.86539169000002,8894,110,84.0,186748,0.0001,12.159555435180664
747180,0.05,6769,246.53242461999997,8895,110,84.0,186769,0.0001,1.5335525274276733
747264,0.05,6770,246.5143537,8896,110,84.0,186790,0.0001,1.4286441802978516
747348,0.05,6770,247.18903600000002,8897,110,84.0,186811,0.0001,10.09794807434082
747432,0.05,6771,246.70193206,8898,110,84.0,186832,0.0001,2.507812023162842
747516,0.05,6772,246.78989753,8899,110,84.0,186853,0.0001,20.47213363647461
747600,0.05,6773,246.85042881,8900,110,84.0,186874,0.0001,1.0647709369659424
747684,0.05,6773,246.97026839000003,8901,110,84.0,186895,0.0001,1.1467788219451904
747768,0.05,6774,247.64395814,8902,110,84.0,186916,0.0001,11.375378608703613
747852,0.05,6775,248.06582203999997,8903,110,84.0,186937,0.0001,12.481010437011719
747936,0.05,6776,248.13526045000003,8904,110,84.0,186958,0.0001,1.6118206977844238
748020,0.05,6777,248.14980171,8905,110,84.0,186979,0.0001,12.305066108703613
748104,0.05,6777,248.21959983,8906,110,84.0,187000,0.0001,0.8669178485870361
748188,0.05,6778,247.94000315000002,8907,110,84.0,187021,0.0001,1.4612879753112793
748272,0.05,6779,248.15478664,8908,110,84.0,187042,0.0001,0.8150586485862732
748356,0.05,6780,248.15281287,8909,110,84.0,187063,0.0001,1.7851808071136475
748440,0.05,6780,248.24413453999998,8910,110,84.0,187084,0.0001,6.114975929260254
748524,0.05,6781,248.26866686999998,8911,110,84.0,187105,0.0001,0.983364999294281
748608,0.05,6782,248.66948659999997,8912,110,84.0,187126,0.0001,12.073325157165527
748692,0.05,6783,248.67546339,8913,110,84.0,187147,0.0001,1.0279655456542969
748776,0.05,6783,248.52675263,8914,110,84.0,187168,0.0001,10.070940971374512
748860,0.05,6784,248.63838253000003,8915,110,84.0,187189,0.0001,6.2015862464904785
748944,0.05,6785,248.70187417000005,8916,110,84.0,187210,0.0001,1.5013940334320068
749028,0.05,6786,249.06106335000007,8917,110,84.0,187231,0.0001,0.6734459400177002
749112,0.05,6786,249.36757650000007,8918,110,84.0,187252,0.0001,0.6423131227493286
749196,0.05,6787,249.19208925000007,8919,110,84.0,187273,0.0001,13.064336776733398
749280,0.05,6788,249.25046456000004,8920,110,84.0,187294,0.0001,11.921265602111816
749364,0.05,6789,249.41456440000005,8921,110,84.0,187315,0.0001,1.647374153137207
749448,0.05,6789,249.42995829000006,8922,110,84.0,187336,0.0001,8.091107368469238
749532,0.05,6790,249.89843081000006,8923,110,84.0,187357,0.0001,1.2741549015045166
749616,0.05,6791,250.35621788000003,8924,110,84.0,187378,0.0001,1.343837022781372
749700,0.05,6792,250.31013401000004,8925,110,84.0,187399,0.0001,0.9146162867546082
749784,0.05,6792,250.03739465,8926,110,84.0,187420,0.0001,0.6507999300956726
749868,0.05,6793,250.24542710000003,8927,110,84.0,187441,0.0001,1.8655803203582764
749952,0.05,6794,250.02363141,8928,110,84.0,187462,0.0001,0.8876864910125732
750036,0.05,6795,250.32031493,8929,110,84.0,187483,0.0001,11.776039123535156
750120,0.05,6795,250.31321063999997,8930,110,84.0,187504,0.0001,0.837218165397644
750204,0.05,6796,250.24309929,8931,110,84.0,187525,0.0001,10.815481185913086
750288,0.05,6797,250.36653456999997,8932,110,84.0,187546,0.0001,0.9029325842857361
750372,0.05,6798,250.30098121000003,8933,110,84.0,187567,0.0001,1.4323310852050781
750456,0.05,6798,249.79486087,8934,110,84.0,187588,0.0001,1.206034779548645
750540,0.05,6799,249.60122205,8935,110,84.0,187609,0.0001,12.984668731689453
750624,0.05,6800,249.55585428000003,8936,110,84.0,187630,0.0001,1.1806449890136719
750708,0.05,6801,249.19978815000002,8937,110,84.0,187651,0.0001,1.246652364730835
750792,0.05,6801,249.27545621000002,8938,110,84.0,187672,0.0001,1.1600399017333984
750876,0.05,6802,249.18996825000002,8939,110,84.0,187693,0.0001,1.8539236783981323
750960,0.05,6803,249.12341444,8940,110,84.0,187714,0.0001,1.3704617023468018
751044,0.05,6804,249.33690725999998,8941,110,84.0,187735,0.0001,1.4200938940048218
751128,0.05,6804,249.60612718000002,8942,110,84.0,187756,0.0001,0.8711110353469849
751212,0.05,6805,249.92185024,8943,110,84.0,187777,0.0001,0.889154314994812
751296,0.05,6806,249.80457472999998,8944,110,84.0,187798,0.0001,0.5145552158355713
751380,0.05,6807,249.59601092999998,8945,110,84.0,187819,0.0001,20.265331268310547
751464,0.05,6808,249.72879274999997,8946,110,84.0,187840,0.0001,12.29665470123291
751548,0.05,6808,249.44842606999998,8947,110,84.0,187861,0.0001,11.867400169372559
751632,0.05,6809,249.60938199999998,8948,110,84.0,187882,0.0001,1.9841406345367432
751716,0.05,6810,249.55958485999997,8949,110,84.0,187903,0.0001,1.3746795654296875
751800,0.05,6810,249.17263864999993,8950,110,84.0,187924,0.0001,1.4847731590270996
751884,0.05,6811,249.17097263,8951,110,84.0,187945,0.0001,1.422112226486206
751968,0.05,6812,249.37512758,8952,110,84.0,187966,0.0001,1.618680715560913
752052,0.05,6813,249.19866577000002,8953,110,84.0,187987,0.0001,13.40777587890625
752136,0.05,6814,249.51022851999997,8954,110,84.0,188008,0.0001,1.3933088779449463
752220,0.05,6814,249.79130077999994,8955,110,84.0,188029,0.0001,12.06766414642334
752304,0.05,6815,249.82970325999997,8956,110,84.0,188050,0.0001,7.403554916381836
752388,0.05,6816,250.05647880999996,8957,110,84.0,188071,0.0001,0.9638970494270325
752472,0.05,6817,250.17944114,8958,110,84.0,188092,0.0001,0.9643898010253906
752556,0.05,6817,249.95773686,8959,110,84.0,188113,0.0001,1.3402589559555054
752640,0.05,6818,249.75022837,8960,110,84.0,188134,0.0001,0.8779590129852295
752724,0.05,6819,249.26830664000002,8961,110,84.0,188155,0.0001,8.010651588439941
752808,0.05,6819,249.61420163000005,8962,110,84.0,188176,0.0001,8.1244535446167
752892,0.05,6820,249.86205829000005,8963,110,84.0,188197,0.0001,0.7278311252593994
752976,0.05,6821,250.35427932000005,8964,110,84.0,188218,0.0001,1.5681551694869995
753060,0.05,6822,250.63679128,8965,110,84.0,188239,0.0001,0.7292567491531372
753144,0.05,6823,250.50903764000003,8966,110,84.0,188260,0.0001,1.0552924871444702
753228,0.05,6823,250.43001405999996,8967,110,84.0,188281,0.0001,0.9187554121017456
753312,0.05,6824,250.20665107000002,8968,110,84.0,188302,0.0001,0.9087376594543457
753396,0.05,6825,249.88950917000003,8969,110,84.0,188323,0.0001,1.2392852306365967
753480,0.05,6826,249.55425663000003,8970,110,84.0,188344,0.0001,9.392476081848145
753564,0.05,6826,249.61860493,8971,110,84.0,188365,0.0001,1.5886033773422241
753648,0.05,6827,249.67788853000002,8972,110,84.0,188386,0.0001,10.405227661132812
753732,0.05,6828,249.91259298,8973,110,84.0,188407,0.0001,1.0936756134033203
753816,0.05,6829,250.2386859,8974,110,84.0,188428,0.0001,0.6675336956977844
753900,0.05,6830,250.16248084000003,8975,110,84.0,188449,0.0001,9.983539581298828
753984,0.05,6830,250.24767489,8976,110,84.0,188470,0.0001,0.7491973638534546
754068,0.05,6831,250.07142890000003,8977,110,84.0,188491,0.0001,1.2787818908691406
754152,0.05,6832,250.03510827000002,8978,110,84.0,188512,0.0001,1.0960450172424316
754236,0.05,6833,250.18488180000003,8979,110,84.0,188533,0.0001,1.002880573272705
754320,0.05,6833,250.44954438000002,8980,110,84.0,188554,0.0001,0.6978278160095215
754404,0.05,6834,250.62891592000008,8981,110,84.0,188575,0.0001,1.5502207279205322
754488,0.05,6835,250.49742528000002,8982,110,84.0,188596,0.0001,19.343551635742188
754572,0.05,6836,250.13993886,8983,110,84.0,188617,0.0001,0.8090442419052124
754656,0.05,6836,249.77296018,8984,110,84.0,188638,0.0001,1.7106636762619019
754740,0.05,6837,250.25580060000004,8985,110,84.0,188659,0.0001,2.4112915992736816
754824,0.05,6838,250.19790458000003,8986,110,84.0,188680,0.0001,1.8278722763061523
754908,0.05,6839,250.48762630000004,8987,110,84.0,188701,0.0001,0.9522413611412048
754992,0.05,6840,250.50230963,8988,110,84.0,188722,0.0001,1.1977744102478027
755076,0.05,6841,250.32048179,8989,110,84.0,188743,0.0001,1.3851579427719116
755160,0.05,6841,250.40264507,8990,110,84.0,188764,0.0001,0.834516167640686
755244,0.05,6842,250.16330512000002,8991,110,84.0,188785,0.0001,0.9695777893066406
755328,0.05,6843,250.41722079000002,8992,110,84.0,188806,0.0001,1.6924018859863281
755412,0.05,6844,250.16290865000002,8993,110,84.0,188827,0.0001,0.6792932748794556
755496,0.05,6844,250.28882798000006,8994,110,84.0,188848,0.0001,1.5490328073501587
755580,0.05,6845,250.53549288000005,8995,110,84.0,188869,0.0001,8.398058891296387
755664,0.05,6846,250.82674286000002,8996,110,84.0,188890,0.0001,1.6511619091033936
755748,0.05,6847,250.70182862000001,8997,110,84.0,188911,0.0001,1.3571910858154297
755832,0.05,6848,250.89183268000005,8998,110,84.0,188932,0.0001,10.208659172058105
755916,0.05,6848,250.50225096999998,8999,110,84.0,188953,0.0001,1.1693614721298218
756000,0.05,6849,250.19556715,9000,110,84.0,188974,0.0001,1.1723912954330444
756084,0.05,6850,250.10851197999997,9001,110,84.0,188995,0.0001,0.7082969546318054
756168,0.05,6851,249.94415029999996,9002,110,84.0,189016,0.0001,1.5211138725280762
756252,0.05,6851,250.12417971,9003,110,84.0,189037,0.0001,1.8381023406982422
756336,0.05,6852,249.69588822000003,9004,110,84.0,189058,0.0001,9.622573852539062
756420,0.05,6853,249.70876941999995,9005,110,84.0,189079,0.0001,9.335959434509277
756504,0.05,6854,249.50439437999998,9006,110,84.0,189100,0.0001,0.8105374574661255
756588,0.05,6855,249.66358773000005,9007,110,84.0,189121,0.0001,1.6804184913635254
756672,0.05,6855,249.8719627,9008,110,84.0,189142,0.0001,11.876662254333496
756756,0.05,6856,249.89880279000002,9009,110,84.0,189163,0.0001,1.0274707078933716
756840,0.05,6857,249.86787228,9010,110,84.0,189184,0.0001,0.6604712009429932
756924,0.05,6858,249.91949605000002,9011,110,84.0,189205,0.0001,9.172561645507812
757008,0.05,6858,250.00597965999998,9012,110,84.0,189226,0.0001,1.7953475713729858
757092,0.05,6859,250.00465805,9013,110,84.0,189247,0.0001,1.3365864753723145
757176,0.05,6860,250.12903717999998,9014,110,84.0,189268,0.0001,1.1157965660095215
757260,0.05,6861,249.99640069999998,9015,110,84.0,189289,0.0001,1.2248306274414062
757344,0.05,6861,249.53785044,9016,110,84.0,189310,0.0001,1.1932399272918701
757428,0.05,6862,248.78419624999998,9017,110,84.0,189331,0.0001,0.780644416809082
757512,0.05,6863,248.32291556,9018,110,84.0,189352,0.0001,11.44495964050293
757596,0.05,6864,248.50267499999998,9019,110,84.0,189373,0.0001,4.688626289367676
757680,0.05,6865,248.61665821999998,9020,110,84.0,189394,0.0001,1.7346911430358887
757764,0.05,6865,248.44661728999995,9021,110,84.0,189415,0.0001,1.8909109830856323
757848,0.05,6866,248.61416844,9022,110,84.0,189436,0.0001,0.6492539048194885
757932,0.05,6867,248.32022147999993,9023,110,84.0,189457,0.0001,1.0152645111083984
758016,0.05,6868,248.16769244999995,9024,110,84.0,189478,0.0001,1.0094521045684814
758100,0.05,6869,248.30182149999996,9025,110,84.0,189499,0.0001,1.181743860244751
758184,0.05,6869,248.01987821,9026,110,84.0,189520,0.0001,1.5755341053009033
758268,0.05,6870,247.80263725999998,9027,110,84.0,189541,0.0001,0.5978010892868042
758352,0.05,6871,247.79773762000002,9028,110,84.0,189562,0.0001,12.497113227844238
758436,0.05,6872,247.77085106,9029,110,84.0,189583,0.0001,0.4600723683834076
758520,0.05,6873,247.95061757000002,9030,110,84.0,189604,0.0001,1.404205322265625
758604,0.05,6873,248.08039459,9031,110,84.0,189625,0.0001,1.0268568992614746
758688,0.05,6874,248.28951728,9032,110,84.0,189646,0.0001,0.673582911491394
758772,0.05,6875,248.31659892000005,9033,110,84.0,189667,0.0001,1.9788949489593506
758856,0.05,6876,248.67725568999998,9034,110,84.0,189688,0.0001,1.4387400150299072
758940,0.05,6877,248.70172041,9035,110,84.0,189709,0.0001,7.688172340393066
759024,0.05,6877,249.18623236,9036,110,84.0,189730,0.0001,1.4368212223052979
759108,0.05,6878,249.63603497000003,9037,110,84.0,189751,0.0001,10.072699546813965
759192,0.05,6879,249.62771807000001,9038,110,84.0,189772,0.0001,0.9054797291755676
759276,0.05,6880,249.62150701,9039,110,84.0,189793,0.0001,1.2053320407867432
759360,0.05,6881,249.65751894999997,9040,110,84.0,189814,0.0001,1.0353822708129883
759444,0.05,6882,249.10002978999998,9041,110,84.0,189835,0.0001,1.7383480072021484
759528,0.05,6882,249.09176697999996,9042,110,84.0,189856,0.0001,2.2363202571868896
759612,0.05,6883,249.1321104,9043,110,84.0,189877,0.0001,9.805620193481445
759696,0.05,6884,248.81626588,9044,110,84.0,189898,0.0001,0.6914091110229492
759780,0.05,6885,249.12615141000003,9045,110,84.0,189919,0.0001,1.6229370832443237
759864,0.05,6886,249.14837749999998,9046,110,84.0,189940,0.0001,0.9953040480613708
759948,0.05,6887,249.19985511,9047,110,84.0,189961,0.0001,12.268770217895508
760032,0.05,6887,248.96912866000002,9048,110,84.0,189982,0.0001,10.359865188598633
760116,0.05,6888,249.30710367,9049,110,84.0,190003,0.0001,12.175870895385742
760200,0.05,6889,249.78976043,9050,110,84.0,190024,0.0001,0.9389967918395996
760284,0.05,6890,250.19619134999996,9051,110,84.0,190045,0.0001,11.202773094177246
760368,0.05,6891,250.53724144,9052,110,84.0,190066,0.0001,1.5125120878219604
760452,0.05,6892,251.00950636,9053,110,84.0,190087,0.0001,1.5251185894012451
760536,0.05,6892,251.03246549,9054,110,84.0,190108,0.0001,11.962472915649414
760620,0.05,6893,250.85339553000003,9055,110,84.0,190129,0.0001,1.2476801872253418
760704,0.05,6894,250.81008487000003,9056,110,84.0,190150,0.0001,1.5105427503585815
760788,0.05,6895,251.01866378,9057,110,84.0,190171,0.0001,1.0521533489227295
760872,0.05,6896,251.28190611999997,9058,110,84.0,190192,0.0001,7.769554615020752
760956,0.05,6896,251.32388203,9059,110,84.0,190213,0.0001,12.76464557647705
761040,0.05,6897,251.20580848,9060,110,84.0,190234,0.0001,11.917292594909668
761124,0.05,6898,251.32905357000004,9061,110,84.0,190255,0.0001,7.346363544464111
761208,0.05,6899,251.30952508000001,9062,110,84.0,190276,0.0001,1.5771632194519043
761292,0.05,6899,251.05178167000005,9063,110,84.0,190297,0.0001,9.792325019836426
761376,0.05,6900,251.26360994000004,9064,110,84.0,190318,0.0001,0.9048765301704407
761460,0.05,6901,251.40004853000002,9065,110,84.0,190339,0.0001,1.0587599277496338
761544,0.05,6902,251.25814803999998,9066,110,84.0,190360,0.0001,1.1303048133850098
761628,0.05,6903,251.75300995999999,9067,110,84.0,190381,0.0001,1.3233509063720703
761712,0.05,6903,252.21624416999998,9068,110,84.0,190402,0.0001,1.142488956451416
761796,0.05,6904,252.59567313,9069,110,84.0,190423,0.0001,12.35114860534668
761880,0.05,6905,253.11002857,9070,110,84.0,190444,0.0001,0.7647534608840942
761964,0.05,6906,252.68345202999998,9071,110,84.0,190465,0.0001,2.1945457458496094
762048,0.05,6906,252.42111887000002,9072,110,84.0,190486,0.0001,0.9657809138298035
762132,0.05,6907,252.82870041,9073,110,84.0,190507,0.0001,1.1459524631500244
762216,0.05,6908,252.47105436000004,9074,110,84.0,190528,0.0001,1.0706984996795654
762300,0.05,6909,252.92682358000002,9075,110,84.0,190549,0.0001,1.3622868061065674
762384,0.05,6909,252.6482166,9076,110,84.0,190570,0.0001,9.126814842224121
762468,0.05,6910,252.46914443999998,9077,110,84.0,190591,0.0001,1.1493536233901978
762552,0.05,6911,252.55337731,9078,110,84.0,190612,0.0001,13.166970252990723
762636,0.05,6912,252.77132016,9079,110,84.0,190633,0.0001,1.8269767761230469
762720,0.05,6913,253.14618482999998,9080,110,84.0,190654,0.0001,2.062804698944092
762804,0.05,6913,252.90092181,9081,110,84.0,190675,0.0001,1.2059918642044067
762888,0.05,6914,252.79527533,9082,110,84.0,190696,0.0001,1.1867567300796509
762972,0.05,6915,252.56502806999998,9083,110,84.0,190717,0.0001,12.371236801147461
763056,0.05,6916,252.89224208999997,9084,110,84.0,190738,0.0001,6.532721519470215
763140,0.05,6917,252.86728153999996,9085,110,84.0,190759,0.0001,12.394811630249023
763224,0.05,6917,252.78595995,9086,110,84.0,190780,0.0001,1.098604679107666
763308,0.05,6918,252.91015205,9087,110,84.0,190801,0.0001,12.044755935668945
763392,0.05,6919,252.85954908999997,9088,110,84.0,190822,0.0001,0.7008355855941772
763476,0.05,6920,253.14667541,9089,110,84.0,190843,0.0001,9.198088645935059
763560,0.05,6921,253.10659261,9090,110,84.0,190864,0.0001,11.937917709350586
763644,0.05,6922,253.25331999999997,9091,110,84.0,190885,0.0001,8.551310539245605
763728,0.05,6922,253.41735694000002,9092,110,84.0,190906,0.0001,0.6820858120918274
763812,0.05,6923,253.23458522,9093,110,84.0,190927,0.0001,8.026800155639648
763896,0.05,6924,252.99531056999996,9094,110,84.0,190948,0.0001,2.16975736618042
763980,0.05,6925,253.54257660000002,9095,110,84.0,190969,0.0001,0.9825331568717957
764064,0.05,6925,253.22265108,9096,110,84.0,190990,0.0001,1.0328011512756348
764148,0.05,6926,253.01269412999997,9097,110,84.0,191011,0.0001,1.4706575870513916
764232,0.05,6927,253.10547328,9098,110,84.0,191032,0.0001,1.3948323726654053
764316,0.05,6928,253.61939132,9099,110,84.0,191053,0.0001,9.235963821411133
764400,0.05,6929,253.82650792999996,9100,110,84.0,191074,0.0001,1.3151854276657104
764484,0.05,6929,253.74104909000002,9101,110,84.0,191095,0.0001,2.826791763305664
764568,0.05,6930,253.53327565000004,9102,110,84.0,191116,0.0001,1.3394100666046143
764652,0.05,6931,253.01324132000002,9103,110,84.0,191137,0.0001,1.1517608165740967
764736,0.05,6932,253.52262356,9104,110,84.0,191158,0.0001,1.500827670097351
764820,0.05,6933,253.57704826999998,9105,110,84.0,191179,0.0001,1.7897218465805054
764904,0.05,6933,254.15671271000002,9106,110,84.0,191200,0.0001,1.1429660320281982
764988,0.05,6934,254.35747978999996,9107,110,84.0,191221,0.0001,1.70203697681427
765072,0.05,6935,254.58851886,9108,110,84.0,191242,0.0001,1.519713044166565
765156,0.05,6936,254.70694733999997,9109,110,84.0,191263,0.0001,10.635698318481445
765240,0.05,6936,254.68802954999995,9110,110,84.0,191284,0.0001,0.7691999673843384
765324,0.05,6937,254.77623022,9111,110,84.0,191305,0.0001,11.891375541687012
765408,0.05,6938,254.57455384000002,9112,110,84.0,191326,0.0001,11.97973346710205
765492,0.05,6939,254.57763995000002,9113,110,84.0,191347,0.0001,1.190717339515686
765576,0.05,6939,254.69638552,9114,110,84.0,191368,0.0001,0.651405930519104
765660,0.05,6940,254.59629265,9115,110,84.0,191389,0.0001,12.71407699584961
765744,0.05,6941,255.22842967,9116,110,84.0,191410,0.0001,9.799226760864258
765828,0.05,6942,255.67190197,9117,110,84.0,191431,0.0001,0.7801932096481323
765912,0.05,6942,255.91238307,9118,110,84.0,191452,0.0001,1.0587159395217896
765996,0.05,6943,255.73827447999997,9119,110,84.0,191473,0.0001,6.301998138427734
766080,0.05,6944,255.9122722799999,9120,110,84.0,191494,0.0001,1.3445712327957153
766164,0.05,6945,256.23754319999995,9121,110,84.0,191515,0.0001,1.6213767528533936
766248,0.05,6945,256.13723143999994,9122,110,84.0,191536,0.0001,24.794845581054688
766332,0.05,6946,256.84423156,9123,110,84.0,191557,0.0001,1.5693540573120117
766416,0.05,6947,256.86188747999995,9124,110,84.0,191578,0.0001,4.138051986694336
766500,0.05,6948,256.96118669000003,9125,110,84.0,191599,0.0001,0.6645736694335938
766584,0.05,6949,257.30852015999994,9126,110,84.0,191620,0.0001,1.1605219841003418
766668,0.05,6949,257.53615600999996,9127,110,84.0,191641,0.0001,1.8339133262634277
766752,0.05,6950,257.61964695,9128,110,84.0,191662,0.0001,0.7087531089782715
766836,0.05,6951,257.56199874000004,9129,110,84.0,191683,0.0001,1.1998462677001953
766920,0.05,6952,257.75326630999996,9130,110,84.0,191704,0.0001,0.64692223072052
767004,0.05,6952,257.72345929999994,9131,110,84.0,191725,0.0001,2.163846254348755
767088,0.05,6953,257.63204349,9132,110,84.0,191746,0.0001,0.8487407565116882
767172,0.05,6954,257.69435290999996,9133,110,84.0,191767,0.0001,1.1101254224777222
767256,0.05,6955,257.81126063999994,9134,110,84.0,191788,0.0001,12.97256851196289
767340,0.05,6956,257.78624527,9135,110,84.0,191809,0.0001,12.664573669433594
767424,0.05,6956,257.49891269999995,9136,110,84.0,191830,0.0001,0.8985072374343872
767508,0.05,6957,257.31460551,9137,110,84.0,191851,0.0001,0.8324176669120789
767592,0.05,6958,257.01339472,9138,110,84.0,191872,0.0001,24.01654815673828
767676,0.05,6959,256.31058611000003,9139,110,84.0,191893,0.0001,7.448041915893555
767760,0.05,6960,255.7582035,9140,110,84.0,191914,0.0001,1.1928547620773315
767844,0.05,6960,255.55460423,9141,110,84.0,191935,0.0001,0.904187798500061
767928,0.05,6961,255.61833984000003,9142,110,84.0,191956,0.0001,9.28988265991211
768012,0.05,6962,255.38768895,9143,110,84.0,191977,0.0001,0.7585254907608032
768096,0.05,6963,255.67142712,9144,110,84.0,191998,0.0001,1.4116497039794922
768180,0.05,6964,255.60728839999996,9145,110,84.0,192019,0.0001,1.596598744392395
768264,0.05,6965,255.47288994,9146,110,84.0,192040,0.0001,9.199241638183594
768348,0.05,6965,255.58942847999998,9147,110,84.0,192061,0.0001,8.442084312438965
768432,0.05,6966,255.60515936999997,9148,110,84.0,192082,0.0001,2.6591196060180664
768516,0.05,6967,255.75038185999998,9149,110,84.0,192103,0.0001,0.9974752068519592
768600,0.05,6968,255.48155132000002,9150,110,84.0,192124,0.0001,1.2887489795684814
768684,0.05,6969,255.07117628000003,9151,110,84.0,192145,0.0001,1.491980791091919
768768,0.05,6969,254.62258295000004,9152,110,84.0,192166,0.0001,0.8309710025787354
768852,0.05,6970,254.44757466000002,9153,110,84.0,192187,0.0001,0.8648668527603149
768936,0.05,6971,254.61857882,9154,110,84.0,192208,0.0001,8.880963325500488
769020,0.05,6972,254.66369397999998,9155,110,84.0,192229,0.0001,12.720009803771973
769104,0.05,6972,254.67206537,9156,110,84.0,192250,0.0001,12.03551197052002
769188,0.05,6973,253.76654641999997,9157,110,84.0,192271,0.0001,7.0134406089782715
769272,0.05,6974,253.46887373000004,9158,110,84.0,192292,0.0001,1.1089650392532349
769356,0.05,6975,253.52994913000006,9159,110,84.0,192313,0.0001,7.2822065353393555
769440,0.05,6975,253.74145568000003,9160,110,84.0,192334,0.0001,0.9462471604347229
769524,0.05,6976,253.58756401,9161,110,84.0,192355,0.0001,8.384084701538086
769608,0.05,6977,253.43256643,9162,110,84.0,192376,0.0001,0.859975278377533
769692,0.05,6978,253.66480951999995,9163,110,84.0,192397,0.0001,9.010400772094727
769776,0.05,6979,253.08754108999997,9164,110,84.0,192418,0.0001,1.9104835987091064
769860,0.05,6979,252.77156862999993,9165,110,84.0,192439,0.0001,0.7435320615768433
769944,0.05,6980,252.96068842999998,9166,110,84.0,192460,0.0001,0.9612323045730591
770028,0.05,6981,252.75007128000001,9167,110,84.0,192481,0.0001,0.8091367483139038
770112,0.05,6982,252.44663037,9168,110,84.0,192502,0.0001,1.5595347881317139
770196,0.05,6982,252.43379237000005,9169,110,84.0,192523,0.0001,12.5989990234375
770280,0.05,6983,252.02335350000004,9170,110,84.0,192544,0.0001,12.503728866577148
770364,0.05,6984,252.16275129000002,9171,110,84.0,192565,0.0001,1.270998477935791
770448,0.05,6985,252.28801805,9172,110,84.0,192586,0.0001,2.232905864715576
770532,0.05,6985,252.19671685999998,9173,110,84.0,192607,0.0001,1.3364102840423584
770616,0.05,6986,252.61404094999997,9174,110,84.0,192628,0.0001,1.988201379776001
770700,0.05,6987,252.41176421,9175,110,84.0,192649,0.0001,0.9176195859909058
770784,0.05,6988,252.57245462000003,9176,110,84.0,192670,0.0001,1.607192039489746
770868,0.05,6988,252.53056039000003,9177,110,84.0,192691,0.0001,0.8401553630828857
770952,0.05,6989,252.59392092000002,9178,110,84.0,192712,0.0001,11.572635650634766
771036,0.05,6990,252.41783939,9179,110,84.0,192733,0.0001,10.220306396484375
771120,0.05,6991,252.11098672000003,9180,110,84.0,192754,0.0001,12.624788284301758
771204,0.05,6991,251.96914744000006,9181,110,84.0,192775,0.0001,10.797079086303711
771288,0.05,6992,252.31726611000005,9182,110,84.0,192796,0.0001,0.7864565849304199
771372,0.05,6993,252.44187434000006,9183,110,84.0,192817,0.0001,1.2676222324371338
771456,0.05,6994,252.34888510000005,9184,110,84.0,192838,0.0001,8.757064819335938
771540,0.05,6994,252.4617638,9185,110,84.0,192859,0.0001,1.3727378845214844
771624,0.05,6995,252.39777715999998,9186,110,84.0,192880,0.0001,0.4926688075065613
771708,0.05,6996,252.55549336999997,9187,110,84.0,192901,0.0001,9.049409866333008
771792,0.05,6997,252.39599525999998,9188,110,84.0,192922,0.0001,0.8565683960914612
771876,0.05,6997,252.17629611,9189,110,84.0,192943,0.0001,1.3663878440856934
771960,0.05,6998,252.09388601999999,9190,110,84.0,192964,0.0001,7.720539569854736
772044,0.05,6999,252.35237108,9191,110,84.0,192985,0.0001,1.0180716514587402
772128,0.05,7000,252.00295806000003,9192,110,84.0,193006,0.0001,8.64479923248291
772212,0.05,7001,252.33793192999997,9193,110,84.0,193027,0.0001,1.6668219566345215
772296,0.05,7001,251.99613589,9194,110,84.0,193048,0.0001,2.045243501663208
772380,0.05,7002,251.63892807999997,9195,110,84.0,193069,0.0001,1.146865725517273
772464,0.05,7003,251.73570886000002,9196,110,84.0,193090,0.0001,0.5046674609184265
772548,0.05,7004,251.79049904000004,9197,110,84.0,193111,0.0001,1.2593274116516113
772632,0.05,7005,251.90483809,9198,110,84.0,193132,0.0001,1.3229607343673706
772716,0.05,7005,251.60767603000005,9199,110,84.0,193153,0.0001,1.491472601890564
772800,0.05,7006,251.41550306000002,9200,110,84.0,193174,0.0001,1.4541091918945312
772884,0.05,7007,251.54616589,9201,110,84.0,193195,0.0001,1.1017184257507324
772968,0.05,7008,251.78238819,9202,110,84.0,193216,0.0001,2.162400484085083
773052,0.05,7009,252.32751001,9203,110,84.0,193237,0.0001,0.9108797311782837
773136,0.05,7009,251.86867344,9204,110,84.0,193258,0.0001,10.560953140258789
773220,0.05,7010,251.8007835,9205,110,84.0,193279,0.0001,12.847418785095215
773304,0.05,7011,251.44065421,9206,110,84.0,193300,0.0001,13.532281875610352
773388,0.05,7012,251.49426418000002,9207,110,84.0,193321,0.0001,1.0036174058914185
773472,0.05,7013,251.35564252,9208,110,84.0,193342,0.0001,12.16740894317627
773556,0.05,7013,251.47469398,9209,110,84.0,193363,0.0001,0.8044867515563965
773640,0.05,7014,251.22060506999998,9210,110,84.0,193384,0.0001,1.0154300928115845
773724,0.05,7015,251.04277043999994,9211,110,84.0,193405,0.0001,13.548505783081055
773808,0.05,7016,250.74023089999994,9212,110,84.0,193426,0.0001,1.0457085371017456
773892,0.05,7016,250.47759473000002,9213,110,84.0,193447,0.0001,11.560714721679688
773976,0.05,7017,250.45974758999998,9214,110,84.0,193468,0.0001,8.637019157409668
774060,0.05,7018,250.28807648999998,9215,110,84.0,193489,0.0001,0.9756723642349243
774144,0.05,7019,249.78551789999997,9216,110,84.0,193510,0.0001,1.7455196380615234
774228,0.05,7020,249.67082070999996,9217,110,84.0,193531,0.0001,0.7165817618370056
774312,0.05,7020,249.56643108999998,9218,110,84.0,193552,0.0001,0.6069937944412231
774396,0.05,7021,249.59644850999996,9219,110,84.0,193573,0.0001,9.673722267150879
774480,0.05,7022,249.31001646999994,9220,110,84.0,193594,0.0001,2.027524709701538
774564,0.05,7023,249.14720681999995,9221,110,84.0,193615,0.0001,0.5303332209587097
774648,0.05,7024,249.15486437999996,9222,110,84.0,193636,0.0001,10.236679077148438
774732,0.05,7025,248.37386294999996,9223,110,84.0,193657,0.0001,12.007192611694336
774816,0.05,7025,247.98530128000002,9224,110,84.0,193678,0.0001,1.3721245527267456
774900,0.05,7026,248.50120477000002,9225,110,84.0,193699,0.0001,1.9054844379425049
774984,0.05,7027,248.29787823000004,9226,110,84.0,193720,0.0001,0.9500570893287659
775068,0.05,7028,248.28902823999996,9227,110,84.0,193741,0.0001,0.6175847053527832
775152,0.05,7029,248.26969117000002,9228,110,84.0,193762,0.0001,9.775248527526855
775236,0.05,7030,248.25896281,9229,110,84.0,193783,0.0001,1.1553239822387695
775320,0.05,7030,247.92158022,9230,110,84.0,193804,0.0001,0.9059156179428101
775404,0.05,7031,247.5069416,9231,110,84.0,193825,0.0001,1.3169734477996826
775488,0.05,7032,247.00908255,9232,110,84.0,193846,0.0001,1.2242588996887207
775572,0.05,7033,247.10109304999997,9233,110,84.0,193867,0.0001,24.13262367248535
775656,0.05,7034,246.89859689999997,9234,110,84.0,193888,0.0001,0.8516864776611328
775740,0.05,7034,247.0230446,9235,110,84.0,193909,0.0001,1.791783094406128
775824,0.05,7035,246.07877476000002,9236,110,84.0,193930,0.0001,13.121164321899414
775908,0.05,7036,245.65810254000004,9237,110,84.0,193951,0.0001,0.677190899848938
775992,0.05,7037,245.90881827,9238,110,84.0,193972,0.0001,20.451608657836914
776076,0.05,7037,246.43147195,9239,110,84.0,193993,0.0001,2.1778106689453125
776160,0.05,7038,247.21209960999997,9240,110,84.0,194014,0.0001,0.5060811042785645
776244,0.05,7039,247.68210072,9241,110,84.0,194035,0.0001,0.6644635200500488
776328,0.05,7040,247.66758625,9242,110,84.0,194056,0.0001,2.11773681640625
776412,0.05,7040,247.80000452000002,9243,110,84.0,194077,0.0001,1.1967027187347412
776496,0.05,7041,247.80500689000002,9244,110,84.0,194098,0.0001,1.086472749710083
776580,0.05,7042,247.53768858,9245,110,84.0,194119,0.0001,1.8723642826080322
776664,0.05,7043,247.43567535,9246,110,84.0,194140,0.0001,0.6084657311439514
776748,0.05,7043,247.02526286999998,9247,110,84.0,194161,0.0001,9.480095863342285
776832,0.05,7044,247.2193908,9248,110,84.0,194182,0.0001,10.649561882019043
776916,0.05,7045,247.11847223999996,9249,110,84.0,194203,0.0001,6.218631744384766
777000,0.05,7046,247.28874226999997,9250,110,84.0,194224,0.0001,7.580276966094971
777084,0.05,7046,247.44756734999996,9251,110,84.0,194245,0.0001,14.2350435256958
777168,0.05,7047,247.30656145,9252,110,84.0,194266,0.0001,2.6133220195770264
777252,0.05,7048,247.41653293,9253,110,84.0,194287,0.0001,1.9158718585968018
777336,0.05,7049,247.11808639,9254,110,84.0,194308,0.0001,0.6680796146392822
777420,0.05,7050,247.03709009,9255,110,84.0,194329,0.0001,1.7848916053771973
777504,0.05,7050,246.75102170999997,9256,110,84.0,194350,0.0001,2.0637154579162598
777588,0.05,7051,247.42292240000003,9257,110,84.0,194371,0.0001,13.146370887756348
777672,0.05,7052,247.35783131999997,9258,110,84.0,194392,0.0001,1.0097603797912598
777756,0.05,7053,247.48943287000003,9259,110,84.0,194413,0.0001,12.458592414855957
777840,0.05,7053,247.73125535999995,9260,110,84.0,194434,0.0001,9.366169929504395
777924,0.05,7054,248.01092131999997,9261,110,84.0,194455,0.0001,1.7681738138198853
778008,0.05,7055,247.96391274999993,9262,110,84.0,194476,0.0001,1.096555471420288
778092,0.05,7056,247.88013455,9263,110,84.0,194497,0.0001,0.8422918915748596
778176,0.05,7056,247.84112976999998,9264,110,84.0,194518,0.0001,0.8948659896850586
778260,0.05,7057,247.11874508,9265,110,84.0,194539,0.0001,1.835453748703003
778344,0.05,7058,246.42567827,9266,110,84.0,194560,0.0001,12.21159553527832
778428,0.05,7059,246.24197445,9267,110,84.0,194581,0.0001,1.6794956922531128
778512,0.05,7059,246.03871819999998,9268,110,84.0,194602,0.0001,11.91236686706543
778596,0.05,7060,245.65062618,9269,110,84.0,194623,0.0001,1.3761963844299316
778680,0.05,7061,245.62639976,9270,110,84.0,194644,0.0001,8.935317993164062
778764,0.05,7062,245.36951378999998,9271,110,84.0,194665,0.0001,0.6464239358901978
778848,0.05,7063,245.60105384,9272,110,84.0,194686,0.0001,0.8918259143829346
778932,0.05,7063,245.44706224,9273,110,84.0,194707,0.0001,0.7997573614120483
779016,0.05,7064,245.04813542,9274,110,84.0,194728,0.0001,1.1587707996368408
779100,0.05,7065,244.89601356,9275,110,84.0,194749,0.0001,1.0733089447021484
779184,0.05,7066,244.82747055999997,9276,110,84.0,194770,0.0001,0.7431130409240723
779268,0.05,7067,244.85369454999997,9277,110,84.0,194791,0.0001,0.8067821860313416
779352,0.05,7067,245.05504423,9278,110,84.0,194812,0.0001,1.5256145000457764
779436,0.05,7068,244.89462529999997,9279,110,84.0,194833,0.0001,1.247279405593872
779520,0.05,7069,244.94209755,9280,110,84.0,194854,0.0001,19.291296005249023
779604,0.05,7070,245.21283452000003,9281,110,84.0,194875,0.0001,10.773805618286133
779688,0.05,7070,245.39808968,9282,110,84.0,194896,0.0001,1.2549844980239868
779772,0.05,7071,245.44675631,9283,110,84.0,194917,0.0001,1.1470677852630615
779856,0.05,7072,245.34146281000005,9284,110,84.0,194938,0.0001,15.656766891479492
779940,0.05,7073,244.92676479999997,9285,110,84.0,194959,0.0001,8.332826614379883
780024,0.05,7074,244.9624265,9286,110,84.0,194980,0.0001,2.296630859375
780108,0.05,7074,244.66866029000002,9287,110,84.0,195001,0.0001,1.334391474723816
780192,0.05,7075,245.25106193999997,9288,110,84.0,195022,0.0001,12.451171875
780276,0.05,7076,245.69086216000002,9289,110,84.0,195043,0.0001,8.89585018157959
780360,0.05,7076,245.76844812,9290,110,84.0,195064,0.0001,21.245708465576172
780444,0.05,7077,245.35065374,9291,110,84.0,195085,0.0001,1.9902472496032715
780528,0.05,7078,245.58407655,9292,110,84.0,195106,0.0001,1.0382936000823975
780612,0.05,7079,245.82762168000002,9293,110,84.0,195127,0.0001,13.270655632019043
780696,0.05,7080,246.47833114999997,9294,110,84.0,195148,0.0001,1.3328086137771606
780780,0.05,7080,246.57095517000002,9295,110,84.0,195169,0.0001,9.631546974182129
780864,0.05,7081,246.97231450999996,9296,110,84.0,195190,0.0001,1.251086711883545
780948,0.05,7082,247.25550713,9297,110,84.0,195211,0.0001,1.362729787826538
781032,0.05,7083,247.23811522999998,9298,110,84.0,195232,0.0001,0.6482323408126831
781116,0.05,7084,247.08067119999998,9299,110,84.0,195253,0.0001,1.8177578449249268
781200,0.05,7084,247.22257425,9300,110,84.0,195274,0.0001,1.9570730924606323
781284,0.05,7085,247.19708149000004,9301,110,84.0,195295,0.0001,1.7353382110595703
781368,0.05,7086,246.83704820000003,9302,110,84.0,195316,0.0001,1.0064697265625
781452,0.05,7087,246.60356718000006,9303,110,84.0,195337,0.0001,0.9733533263206482
781536,0.05,7087,247.08616791000003,9304,110,84.0,195358,0.0001,1.6717491149902344
781620,0.05,7088,246.98675657000004,9305,110,84.0,195379,0.0001,2.057919979095459
781704,0.05,7089,246.84324696,9306,110,84.0,195400,0.0001,11.93029499053955
781788,0.05,7090,246.82667951000002,9307,110,84.0,195421,0.0001,0.9413116574287415
781872,0.05,7090,246.49540219000002,9308,110,84.0,195442,0.0001,9.866626739501953
781956,0.05,7091,246.53149200000007,9309,110,84.0,195463,0.0001,8.349088668823242
782040,0.05,7092,246.80229545000006,9310,110,84.0,195484,0.0001,3.8429694175720215
782124,0.05,7093,247.05251870000006,9311,110,84.0,195505,0.0001,0.9408321380615234
782208,0.05,7093,247.30419757000004,9312,110,84.0,195526,0.0001,1.0857927799224854
782292,0.05,7094,247.57503527000006,9313,110,84.0,195547,0.0001,10.973945617675781
782376,0.05,7095,247.17010744000004,9314,110,84.0,195568,0.0001,9.089871406555176
782460,0.05,7096,247.48421395000003,9315,110,84.0,195589,0.0001,0.7915911674499512
782544,0.05,7097,247.45144962000003,9316,110,84.0,195610,0.0001,1.1039834022521973
782628,0.05,7098,247.19838774000004,9317,110,84.0,195631,0.0001,19.63926124572754
782712,0.05,7098,246.96184513000003,9318,110,84.0,195652,0.0001,1.365136981010437
782796,0.05,7099,246.91071225999997,9319,110,84.0,195673,0.0001,1.500470757484436
782880,0.05,7100,247.03468461999998,9320,110,84.0,195694,0.0001,6.988232135772705
782964,0.05,7101,247.10029878999998,9321,110,84.0,195715,0.0001,1.6756634712219238
783048,0.05,7102,246.99024638,9322,110,84.0,195736,0.0001,1.3891576528549194
783132,0.05,7102,247.18724516999998,9323,110,84.0,195757,0.0001,11.325486183166504
783216,0.05,7103,247.20977708,9324,110,84.0,195778,0.0001,8.88458251953125
783300,0.05,7104,246.55053906999999,9325,110,84.0,195799,0.0001,1.2131993770599365
783384,0.05,7104,246.61473578000002,9326,110,84.0,195820,0.0001,1.053144931793213
783468,0.05,7105,246.66152306000004,9327,110,84.0,195841,0.0001,0.9872987270355225
783552,0.05,7106,246.95470541999998,9328,110,84.0,195862,0.0001,10.950338363647461
783636,0.05,7107,247.06295328000004,9329,110,84.0,195883,0.0001,1.1923105716705322
783720,0.05,7107,246.72898227000002,9330,110,84.0,195904,0.0001,1.6143145561218262
783804,0.05,7108,246.94917449000005,9331,110,84.0,195925,0.0001,6.361920356750488
783888,0.05,7109,247.28434878000004,9332,110,84.0,195946,0.0001,8.01823616027832
783972,0.05,7110,247.49526989999998,9333,110,84.0,195967,0.0001,6.060060977935791
784056,0.05,7111,247.42733189999998,9334,110,84.0,195988,0.0001,0.963534414768219
784140,0.05,7111,247.50446778999998,9335,110,84.0,196009,0.0001,1.508561134338379
784224,0.05,7112,248.07495530999998,9336,110,84.0,196030,0.0001,0.9565714001655579
784308,0.05,7113,248.73113634999999,9337,110,84.0,196051,0.0001,13.65408706665039
784392,0.05,7114,248.84035881,9338,110,84.0,196072,0.0001,12.473000526428223
784476,0.05,7115,248.90761449000001,9339,110,84.0,196093,0.0001,0.5904300808906555
784560,0.05,7115,248.53370369000004,9340,110,84.0,196114,0.0001,1.4193552732467651
784644,0.05,7116,248.18581231,9341,110,84.0,196135,0.0001,1.534032940864563
784728,0.05,7117,247.60828775,9342,110,84.0,196156,0.0001,0.9433619976043701
784812,0.05,7118,247.52072575000003,9343,110,84.0,196177,0.0001,1.9125359058380127
784896,0.05,7119,247.47020927999998,9344,110,84.0,196198,0.0001,1.1558688879013062
784980,0.05,7119,247.63853441,9345,110,84.0,196219,0.0001,12.846512794494629
785064,0.05,7120,247.51797994,9346,110,84.0,196240,0.0001,0.7631816864013672
785148,0.05,7121,247.90380747,9347,110,84.0,196261,0.0001,12.21523380279541
785232,0.05,7122,247.93395573000006,9348,110,84.0,196282,0.0001,1.3212156295776367
785316,0.05,7123,247.59405363,9349,110,84.0,196303,0.0001,1.5000009536743164
785400,0.05,7123,247.45494658000004,9350,110,84.0,196324,0.0001,1.5018775463104248
785484,0.05,7124,247.40561627999995,9351,110,84.0,196345,0.0001,1.96585214138031
785568,0.05,7125,247.63840519999997,9352,110,84.0,196366,0.0001,0.9963427782058716
785652,0.05,7126,247.65278623999995,9353,110,84.0,196387,0.0001,0.9743561148643494
785736,0.05,7127,247.95438736,9354,110,84.0,196408,0.0001,1.081392526626587
785820,0.05,7127,248.07435734999996,9355,110,84.0,196429,0.0001,0.838774561882019
785904,0.05,7128,248.18971426,9356,110,84.0,196450,0.0001,1.6718651056289673
785988,0.05,7129,247.98528086,9357,110,84.0,196471,0.0001,0.522732138633728
786072,0.05,7129,248.18488229,9358,110,84.0,196492,0.0001,9.682234764099121
786156,0.05,7130,247.97373043,9359,110,84.0,196513,0.0001,1.3544812202453613
786240,0.05,7131,247.51892435,9360,110,84.0,196534,0.0001,0.9307356476783752
786324,0.05,7132,247.81649753999997,9361,110,84.0,196555,0.0001,0.8898303508758545
786408,0.05,7132,248.03760959999997,9362,110,84.0,196576,0.0001,0.8497958779335022
786492,0.05,7133,248.02334946,9363,110,84.0,196597,0.0001,0.8131420612335205
786576,0.05,7134,248.49024700999996,9364,110,84.0,196618,0.0001,1.1862449645996094
786660,0.05,7135,249.41551790999998,9365,110,84.0,196639,0.0001,0.9507306814193726
786744,0.05,7135,249.94244066000002,9366,110,84.0,196660,0.0001,0.8144989013671875
786828,0.05,7136,250.12858408000002,9367,110,84.0,196681,0.0001,22.32568359375
786912,0.05,7137,250.13720817,9368,110,84.0,196702,0.0001,0.8118354678153992
786996,0.05,7138,250.21241506,9369,110,84.0,196723,0.0001,1.8879687786102295
787080,0.05,7139,250.48544058,9370,110,84.0,196744,0.0001,1.2098314762115479
787164,0.05,7139,251.04342266,9371,110,84.0,196765,0.0001,1.1359225511550903
787248,0.05,7140,250.98043389999995,9372,110,84.0,196786,0.0001,1.365093469619751
787332,0.05,7141,250.97008308999997,9373,110,84.0,196807,0.0001,0.963218092918396
787416,0.05,7142,250.92511066999995,9374,110,84.0,196828,0.0001,1.4461652040481567
787500,0.05,7143,250.93522783,9375,110,84.0,196849,0.0001,0.6421018838882446
787584,0.05,7143,251.0665922,9376,110,84.0,196870,0.0001,1.141506314277649
787668,0.05,7144,251.54497609,9377,110,84.0,196891,0.0001,2.1467275619506836
787752,0.05,7145,251.60833998,9378,110,84.0,196912,0.0001,1.6767528057098389
787836,0.05,7146,251.95006403000002,9379,110,84.0,196933,0.0001,13.325274467468262
787920,0.05,7146,251.81609688999998,9380,110,84.0,196954,0.0001,1.15012526512146
788004,0.05,7147,251.73359736999998,9381,110,84.0,196975,0.0001,0.8585050106048584
788088,0.05,7148,251.40317122,9382,110,84.0,196996,0.0001,1.1390187740325928
788172,0.05,7149,251.59861356999997,9383,110,84.0,197017,0.0001,0.8133726119995117
788256,0.05,7150,251.45983858,9384,110,84.0,197038,0.0001,9.017007827758789
788340,0.05,7150,251.30697116,9385,110,84.0,197059,0.0001,8.856217384338379
788424,0.05,7151,251.17282876,9386,110,84.0,197080,0.0001,1.6698527336120605
788508,0.05,7152,251.04299787999997,9387,110,84.0,197101,0.0001,0.9773120880126953
788592,0.05,7153,250.47116590999997,9388,110,84.0,197122,0.0001,8.933382034301758
788676,0.05,7153,250.05763602,9389,110,84.0,197143,0.0001,0.8462338447570801
788760,0.05,7154,250.08126902,9390,110,84.0,197164,0.0001,7.593396186828613
788844,0.05,7155,249.93379655,9391,110,84.0,197185,0.0001,1.1954519748687744
788928,0.05,7156,249.99777593999997,9392,110,84.0,197206,0.0001,1.303276777267456
789012,0.05,7156,249.09576779,9393,110,84.0,197227,0.0001,2.8330023288726807
789096,0.05,7157,248.89577913999997,9394,110,84.0,197248,0.0001,10.761759757995605
789180,0.05,7158,248.69148394999993,9395,110,84.0,197269,0.0001,0.869170606136322
789264,0.05,7159,248.20073204999997,9396,110,84.0,197290,0.0001,12.052061080932617
789348,0.05,7160,247.78913259999993,9397,110,84.0,197311,0.0001,9.64174747467041
789432,0.05,7160,247.88432239999995,9398,110,84.0,197332,0.0001,1.8076114654541016
789516,0.05,7161,247.95340041,9399,110,84.0,197353,0.0001,0.6781084537506104
789600,0.05,7162,248.08132103999998,9400,110,84.0,197374,0.0001,0.9668427109718323
789684,0.05,7163,248.08646042999996,9401,110,84.0,197395,0.0001,0.6315903663635254
789768,0.05,7163,248.5124876,9402,110,84.0,197416,0.0001,0.8374007344245911
789852,0.05,7164,248.83189606999997,9403,110,84.0,197437,0.0001,0.7965569496154785
789936,0.05,7165,248.73908249,9404,110,84.0,197458,0.0001,1.786076307296753
790020,0.05,7166,248.85634747,9405,110,84.0,197479,0.0001,2.222060203552246
790104,0.05,7167,249.44721674000004,9406,110,84.0,197500,0.0001,11.628824234008789
790188,0.05,7167,249.24472343999997,9407,110,84.0,197521,0.0001,10.044767379760742
790272,0.05,7168,249.30355222000003,9408,110,84.0,197542,0.0001,1.0917150974273682
790356,0.05,7169,248.99324452000002,9409,110,84.0,197563,0.0001,9.991737365722656
790440,0.05,7170,248.68127017000003,9410,110,84.0,197584,0.0001,12.32607650756836
790524,0.05,7170,248.57345378999997,9411,110,84.0,197605,0.0001,1.8899906873703003
790608,0.05,7171,248.86866793,9412,110,84.0,197626,0.0001,1.4401627779006958
790692,0.05,7172,248.81023015,9413,110,84.0,197647,0.0001,1.9029215574264526
790776,0.05,7173,249.31832981,9414,110,84.0,197668,0.0001,0.8569374084472656
790860,0.05,7173,249.24665376000002,9415,110,84.0,197689,0.0001,1.442065715789795
790944,0.05,7174,249.35312140999997,9416,110,84.0,197710,0.0001,14.684744834899902
791028,0.05,7175,249.65431449000008,9417,110,84.0,197731,0.0001,1.6666224002838135
791112,0.05,7176,250.15470340000005,9418,110,84.0,197752,0.0001,6.236425399780273
791196,0.05,7177,250.24410490000002,9419,110,84.0,197773,0.0001,7.350744247436523
791280,0.05,7177,250.38656129999998,9420,110,84.0,197794,0.0001,0.7577052116394043
791364,0.05,7178,250.54965244000002,9421,110,84.0,197815,0.0001,1.1455471515655518
791448,0.05,7179,250.56994171,9422,110,84.0,197836,0.0001,11.451764106750488
791532,0.05,7180,250.49138129,9423,110,84.0,197857,0.0001,1.1152589321136475
791616,0.05,7180,250.82161645999997,9424,110,84.0,197878,0.0001,1.4379653930664062
791700,0.05,7181,250.91910535999995,9425,110,84.0,197899,0.0001,11.263671875
791784,0.05,7182,250.78453192999999,9426,110,84.0,197920,0.0001,0.9582250714302063
791868,0.05,7183,250.70123822999994,9427,110,84.0,197941,0.0001,0.6012136936187744
791952,0.05,7184,250.24660843999993,9428,110,84.0,197962,0.0001,10.458964347839355
792036,0.05,7184,250.10230831999996,9429,110,84.0,197983,0.0001,1.3929845094680786
792120,0.05,7185,250.04389759999998,9430,110,84.0,198004,0.0001,1.2590842247009277
792204,0.05,7186,249.98113774,9431,110,84.0,198025,0.0001,10.8784818649292
792288,0.05,7187,249.86909686,9432,110,84.0,198046,0.0001,7.586746692657471
792372,0.05,7188,249.43055655,9433,110,84.0,198067,0.0001,0.9153093695640564
792456,0.05,7188,249.49399622,9434,110,84.0,198088,0.0001,1.2522482872009277
792540,0.05,7189,249.24031132000005,9435,110,84.0,198109,0.0001,6.267608642578125
792624,0.05,7190,249.53006024,9436,110,84.0,198130,0.0001,1.1568509340286255
792708,0.05,7191,249.04297809,9437,110,84.0,198151,0.0001,13.210968017578125
792792,0.05,7192,248.72003092,9438,110,84.0,198172,0.0001,1.3921639919281006
792876,0.05,7193,248.54468873000002,9439,110,84.0,198193,0.0001,0.8976538777351379
792960,0.05,7193,248.67664419000005,9440,110,84.0,198214,0.0001,1.0801242589950562
793044,0.05,7194,248.97091406000007,9441,110,84.0,198235,0.0001,1.1882985830307007
793128,0.05,7195,249.45879395000003,9442,110,84.0,198256,0.0001,13.651037216186523
793212,0.05,7196,249.76975546000003,9443,110,84.0,198277,0.0001,1.429825782775879
793296,0.05,7196,249.62039885000002,9444,110,84.0,198298,0.0001,0.906195878982544
793380,0.05,7197,249.49394273000001,9445,110,84.0,198319,0.0001,12.997812271118164
793464,0.05,7198,249.40871434999997,9446,110,84.0,198340,0.0001,0.8412998914718628
793548,0.05,7199,249.20667243999998,9447,110,84.0,198361,0.0001,12.355828285217285
793632,0.05,7200,248.8165582,9448,110,84.0,198382,0.0001,1.4463040828704834
793716,0.05,7201,248.84984511,9449,110,84.0,198403,0.0001,18.70909309387207
793800,0.05,7201,248.65158553000003,9450,110,84.0,198424,0.0001,2.5170254707336426
793884,0.05,7202,248.58859999000003,9451,110,84.0,198445,0.0001,1.1267602443695068
793968,0.05,7203,248.24965939,9452,110,84.0,198466,0.0001,12.894152641296387
794052,0.05,7204,248.36119083999998,9453,110,84.0,198487,0.0001,2.2335097789764404
794136,0.05,7204,247.79078773,9454,110,84.0,198508,0.0001,1.600332260131836
794220,0.05,7205,247.688369,9455,110,84.0,198529,0.0001,0.689315676689148
794304,0.05,7206,247.70804329999999,9456,110,84.0,198550,0.0001,1.6391112804412842
794388,0.05,7207,247.90630404,9457,110,84.0,198571,0.0001,6.280994415283203
794472,0.05,7208,247.85187797999998,9458,110,84.0,198592,0.0001,1.5654337406158447
794556,0.05,7208,248.28216519999998,9459,110,84.0,198613,0.0001,10.02879810333252
794640,0.05,7209,248.58150996,9460,110,84.0,198634,0.0001,1.4648008346557617
794724,0.05,7210,248.60396487999998,9461,110,84.0,198655,0.0001,0.7983709573745728
794808,0.05,7211,248.50954221,9462,110,84.0,198676,0.0001,0.9397982358932495
794892,0.05,7211,248.52764499000006,9463,110,84.0,198697,0.0001,1.8961360454559326
794976,0.05,7212,248.27138419000002,9464,110,84.0,198718,0.0001,0.7550565004348755
795060,0.05,7213,248.21224287000004,9465,110,84.0,198739,0.0001,1.2806079387664795
795144,0.05,7214,247.98782267,9466,110,84.0,198760,0.0001,1.3462741374969482
795228,0.05,7215,248.27858842,9467,110,84.0,198781,0.0001,0.7230243682861328
795312,0.05,7215,248.34304016000002,9468,110,84.0,198802,0.0001,1.035560131072998
795396,0.05,7216,247.73960787000004,9469,110,84.0,198823,0.0001,22.206743240356445
795480,0.05,7217,246.87884421,9470,110,84.0,198844,0.0001,0.9548276662826538
795564,0.05,7218,246.39619505000002,9471,110,84.0,198865,0.0001,9.778311729431152
795648,0.05,7219,246.04838135999998,9472,110,84.0,198886,0.0001,0.9834547638893127
795732,0.05,7219,245.58524971,9473,110,84.0,198907,0.0001,10.765833854675293
795816,0.05,7220,245.93646086,9474,110,84.0,198928,0.0001,8.513644218444824
795900,0.05,7221,246.17297692999998,9475,110,84.0,198949,0.0001,1.2330236434936523
795984,0.05,7222,246.27647096999996,9476,110,84.0,198970,0.0001,0.9603523015975952
796068,0.05,7223,246.32147763,9477,110,84.0,198991,0.0001,1.2314985990524292
796152,0.05,7224,245.67850127000003,9478,110,84.0,199012,0.0001,1.5428004264831543
796236,0.05,7224,245.39941605,9479,110,84.0,199033,0.0001,1.0229547023773193
796320,0.05,7225,245.1071549,9480,110,84.0,199054,0.0001,1.6105753183364868
796404,0.05,7226,245.18958514000002,9481,110,84.0,199075,0.0001,0.768258810043335
796488,0.05,7227,245.10326718,9482,110,84.0,199096,0.0001,9.478848457336426
796572,0.05,7228,244.62385452,9483,110,84.0,199117,0.0001,12.339225769042969
796656,0.05,7228,244.71268526,9484,110,84.0,199138,0.0001,1.3957607746124268
796740,0.05,7229,245.09891503999995,9485,110,84.0,199159,0.0001,1.0485402345657349
796824,0.05,7230,245.07590314,9486,110,84.0,199180,0.0001,0.7508218288421631
796908,0.05,7231,245.36619891,9487,110,84.0,199201,0.0001,0.7965973019599915
796992,0.05,7231,245.64529801,9488,110,84.0,199222,0.0001,12.783862113952637
797076,0.05,7232,245.93185353,9489,110,84.0,199243,0.0001,1.3772926330566406
797160,0.05,7233,245.79383830999998,9490,110,84.0,199264,0.0001,0.5039056539535522
797244,0.05,7234,245.96835198999997,9491,110,84.0,199285,0.0001,13.7189359664917
797328,0.05,7235,245.90155312,9492,110,84.0,199306,0.0001,1.4199575185775757
797412,0.05,7236,246.62551251999994,9493,110,84.0,199327,0.0001,1.2813596725463867
797496,0.05,7236,246.6738399,9494,110,84.0,199348,0.0001,8.21510124206543
797580,0.05,7237,247.05121995999997,9495,110,84.0,199369,0.0001,1.5042814016342163
797664,0.05,7238,247.33505998999996,9496,110,84.0,199390,0.0001,1.4788789749145508
797748,0.05,7239,247.6282677,9497,110,84.0,199411,0.0001,10.047849655151367
797832,0.05,7240,247.28207721,9498,110,84.0,199432,0.0001,0.5635743737220764
797916,0.05,7241,247.12447988999998,9499,110,84.0,199453,0.0001,1.3561584949493408
798000,0.05,7241,246.76046406,9500,110,84.0,199474,0.0001,11.900424003601074
798084,0.05,7242,246.58039427,9501,110,84.0,199495,0.0001,1.1082268953323364
798168,0.05,7243,246.0789701,9502,110,84.0,199516,0.0001,9.642606735229492
798252,0.05,7244,245.82423172000003,9503,110,84.0,199537,0.0001,1.4892024993896484
798336,0.05,7245,245.84312713000003,9504,110,84.0,199558,0.0001,0.8331320285797119
798420,0.05,7246,246.14973068,9505,110,84.0,199579,0.0001,1.0010967254638672
798504,0.05,7246,245.88550829,9506,110,84.0,199600,0.0001,12.582540512084961
798588,0.05,7247,246.17071716,9507,110,84.0,199621,0.0001,1.1612164974212646
798672,0.05,7248,245.82459726000005,9508,110,84.0,199642,0.0001,0.9969331622123718
798756,0.05,7249,245.48037668,9509,110,84.0,199663,0.0001,1.5073343515396118
798840,0.05,7249,245.31623791,9510,110,84.0,199684,0.0001,0.8238662481307983
798924,0.05,7250,244.95474932999997,9511,110,84.0,199705,0.0001,1.1193039417266846
799008,0.05,7251,244.53823681999998,9512,110,84.0,199726,0.0001,13.42553424835205
799092,0.05,7252,244.47336842,9513,110,84.0,199747,0.0001,1.0805695056915283
799176,0.05,7253,244.32894647,9514,110,84.0,199768,0.0001,0.74988853931427
799260,0.05,7254,244.22189340000006,9515,110,84.0,199789,0.0001,0.8787257075309753
799344,0.05,7254,244.35887236000002,9516,110,84.0,199810,0.0001,13.097808837890625
799428,0.05,7255,244.07398389000002,9517,110,84.0,199831,0.0001,0.8463758230209351
799512,0.05,7256,243.89303570000004,9518,110,84.0,199852,0.0001,1.672159194946289
799596,0.05,7257,243.95403508000004,9519,110,84.0,199873,0.0001,2.3470327854156494
799680,0.05,7257,244.10242576000002,9520,110,84.0,199894,0.0001,1.3219095468521118
799764,0.05,7258,243.7319456,9521,110,84.0,199915,0.0001,1.4405237436294556
799848,0.05,7259,243.65493121,9522,110,84.0,199936,0.0001,10.701225280761719
799932,0.05,7260,243.88148737000003,9523,110,84.0,199957,0.0001,11.74351692199707
800016,0.05,7261,243.68247347,9524,110,84.0,199978,0.0001,9.767144203186035
800100,0.05,7262,244.11191093999997,9525,110,84.0,199999,0.0001,1.177224040031433
800184,0.05,7262,244.28158363999998,9526,110,84.0,200020,0.0001,9.759918212890625
800268,0.05,7263,244.47163928999998,9527,110,84.0,200041,0.0001,0.9698949456214905
800352,0.05,7264,244.65176429000002,9528,110,84.0,200062,0.0001,20.390527725219727
800436,0.05,7265,244.63762655000002,9529,110,84.0,200083,0.0001,0.7804439067840576
800520,0.05,7266,245.18443733000004,9530,110,84.0,200104,0.0001,1.0175129175186157
800604,0.05,7267,245.17592685000002,9531,110,84.0,200125,0.0001,9.896838188171387
800688,0.05,7267,244.80992187000004,9532,110,84.0,200146,0.0001,2.0849528312683105
800772,0.05,7268,244.78563059000004,9533,110,84.0,200167,0.0001,0.7841970920562744
800856,0.05,7269,244.72749578000003,9534,110,84.0,200188,0.0001,0.7791468501091003
800940,0.05,7270,244.89518168000004,9535,110,84.0,200209,0.0001,1.4027149677276611
801024,0.05,7271,244.81686807000003,9536,110,84.0,200230,0.0001,13.019227981567383
801108,0.05,7271,244.96923410000002,9537,110,84.0,200251,0.0001,1.0181729793548584
801192,0.05,7272,245.02905177,9538,110,84.0,200272,0.0001,1.422052025794983
801276,0.05,7273,245.37618973,9539,110,84.0,200293,0.0001,1.5463463068008423
801360,0.05,7274,245.78119148000002,9540,110,84.0,200314,0.0001,1.3915233612060547
801444,0.05,7275,245.97308722000002,9541,110,84.0,200335,0.0001,1.8952620029449463
801528,0.05,7275,246.04602420000003,9542,110,84.0,200356,0.0001,13.016122817993164
801612,0.05,7276,245.54180260000004,9543,110,84.0,200377,0.0001,9.543335914611816
801696,0.05,7277,245.5456416,9544,110,84.0,200398,0.0001,0.918547511100769
801780,0.05,7278,245.66452957,9545,110,84.0,200419,0.0001,1.1941099166870117
801864,0.05,7279,246.17593233,9546,110,84.0,200440,0.0001,13.586297035217285
801948,0.05,7280,246.17679271999998,9547,110,84.0,200461,0.0001,5.5241289138793945
802032,0.05,7280,246.5129973,9548,110,84.0,200482,0.0001,0.945087730884552
802116,0.05,7281,246.90310613999998,9549,110,84.0,200503,0.0001,1.196868658065796
802200,0.05,7282,247.38110755999998,9550,110,84.0,200524,0.0001,1.617426872253418
802284,0.05,7283,247.30035059000002,9551,110,84.0,200545,0.0001,11.849739074707031
802368,0.05,7283,247.27162955000003,9552,110,84.0,200566,0.0001,1.2264974117279053
802452,0.05,7284,246.74752815000002,9553,110,84.0,200587,0.0001,13.120646476745605
802536,0.05,7285,246.86142684000004,9554,110,84.0,200608,0.0001,9.294219970703125
802620,0.05,7286,246.75662323000003,9555,110,84.0,200629,0.0001,0.4965152144432068
802704,0.05,7286,246.67954762000005,9556,110,84.0,200650,0.0001,18.598417282104492
802788,0.05,7287,246.58022486000002,9557,110,84.0,200671,0.0001,1.2056567668914795
802872,0.05,7288,246.54239279,9558,110,84.0,200692,0.0001,1.8373141288757324
802956,0.05,7289,246.20783591,9559,110,84.0,200713,0.0001,12.54088306427002
803040,0.05,7290,245.84269612000003,9560,110,84.0,200734,0.0001,10.035455703735352
803124,0.05,7290,245.58844097000002,9561,110,84.0,200755,0.0001,12.745401382446289
803208,0.05,7291,245.46611749,9562,110,84.0,200776,0.0001,1.2331675291061401
803292,0.05,7292,245.27449902000004,9563,110,84.0,200797,0.0001,1.0961236953735352
803376,0.05,7293,245.57100557,9564,110,84.0,200818,0.0001,1.4684216976165771
803460,0.05,7293,245.52564744000006,9565,110,84.0,200839,0.0001,1.2088415622711182
803544,0.05,7294,245.92000665000006,9566,110,84.0,200860,0.0001,10.423022270202637
803628,0.05,7295,245.55317847000006,9567,110,84.0,200881,0.0001,12.646885871887207
803712,0.05,7296,245.76069282,9568,110,84.0,200902,0.0001,1.012803316116333
803796,0.05,7297,246.59005865,9569,110,84.0,200923,0.0001,13.479312896728516
803880,0.05,7297,247.12063167999997,9570,110,84.0,200944,0.0001,1.1818015575408936
803964,0.05,7298,247.19416916999998,9571,110,84.0,200965,0.0001,9.834694862365723
804048,0.05,7299,247.19581878999998,9572,110,84.0,200986,0.0001,1.3114142417907715
804132,0.05,7300,247.35633889000002,9573,110,84.0,201007,0.0001,1.41213059425354
804216,0.05,7301,247.24838562000002,9574,110,84.0,201028,0.0001,15.198659896850586
804300,0.05,7301,247.00999403000003,9575,110,84.0,201049,0.0001,1.563369870185852
804384,0.05,7302,246.99021557,9576,110,84.0,201070,0.0001,1.6318275928497314
804468,0.05,7303,246.70205536999998,9577,110,84.0,201091,0.0001,7.0824456214904785
804552,0.05,7304,246.93443169999998,9578,110,84.0,201112,0.0001,8.571098327636719
804636,0.05,7305,247.07098468999996,9579,110,84.0,201133,0.0001,8.822300910949707
804720,0.05,7305,247.58731343,9580,110,84.0,201154,0.0001,0.6369395852088928
804804,0.05,7306,247.50719505,9581,110,84.0,201175,0.0001,7.151834964752197
804888,0.05,7307,247.57147362999996,9582,110,84.0,201196,0.0001,0.7405577301979065
804972,0.05,7308,247.82408991,9583,110,84.0,201217,0.0001,17.611265182495117
805056,0.05,7309,248.01151093999997,9584,110,84.0,201238,0.0001,9.836010932922363
805140,0.05,7309,248.05904521,9585,110,84.0,201259,0.0001,13.264057159423828
805224,0.05,7310,248.30765825000003,9586,110,84.0,201280,0.0001,9.518937110900879
805308,0.05,7311,248.28181824,9587,110,84.0,201301,0.0001,10.571928977966309
805392,0.05,7312,248.16068253,9588,110,84.0,201322,0.0001,1.042583703994751
805476,0.05,7313,247.97344329000003,9589,110,84.0,201343,0.0001,14.994545936584473
805560,0.05,7313,247.69616692000002,9590,110,84.0,201364,0.0001,1.0969070196151733
805644,0.05,7314,247.36998976999996,9591,110,84.0,201385,0.0001,9.129903793334961
805728,0.05,7315,247.03983300999997,9592,110,84.0,201406,0.0001,9.314773559570312
805812,0.05,7316,246.96751030999997,9593,110,84.0,201427,0.0001,9.944623947143555
805896,0.05,7316,246.69031148,9594,110,84.0,201448,0.0001,7.8688154220581055
805980,0.05,7317,246.40086836999998,9595,110,84.0,201469,0.0001,0.7685733437538147
806064,0.05,7318,246.63954906999996,9596,110,84.0,201490,0.0001,0.6639111042022705
806148,0.05,7319,245.79912217999998,9597,110,84.0,201511,0.0001,0.7433754205703735
806232,0.05,7320,245.17835125,9598,110,84.0,201532,0.0001,0.39839059114456177
806316,0.05,7320,244.59779672999997,9599,110,84.0,201553,0.0001,1.636176347732544
806400,0.05,7321,244.80484484999997,9600,110,84.0,201574,0.0001,1.153559923171997
806484,0.05,7322,244.79859542999998,9601,110,84.0,201595,0.0001,0.6500876545906067
806568,0.05,7323,244.89327404,9602,110,84.0,201616,0.0001,1.2935830354690552
806652,0.05,7324,245.05989463999998,9603,110,84.0,201637,0.0001,8.967066764831543
806736,0.05,7324,245.08798536000003,9604,110,84.0,201658,0.0001,1.2087806463241577
806820,0.05,7325,244.88369924000006,9605,110,84.0,201679,0.0001,1.970170259475708
806904,0.05,7326,244.92717542000003,9606,110,84.0,201700,0.0001,12.778973579406738
806988,0.05,7327,244.89858444,9607,110,84.0,201721,0.0001,1.2691068649291992
807072,0.05,7328,245.1383798,9608,110,84.0,201742,0.0001,11.900593757629395
807156,0.05,7328,245.24499118,9609,110,84.0,201763,0.0001,12.622027397155762
807240,0.05,7329,245.45603135,9610,110,84.0,201784,0.0001,1.4639204740524292
807324,0.05,7330,245.64444859,9611,110,84.0,201805,0.0001,0.864860475063324
807408,0.05,7331,245.79894908000003,9612,110,84.0,201826,0.0001,1.3127926588058472
807492,0.05,7332,245.60557083,9613,110,84.0,201847,0.0001,9.528016090393066
807576,0.05,7332,245.40543456,9614,110,84.0,201868,0.0001,1.268083095550537
807660,0.05,7333,245.35131269000001,9615,110,84.0,201889,0.0001,0.8882566690444946
807744,0.05,7334,245.27053683999998,9616,110,84.0,201910,0.0001,1.019769310951233
807828,0.05,7335,245.31159902000002,9617,110,84.0,201931,0.0001,12.861259460449219
807912,0.05,7335,245.27414720000002,9618,110,84.0,201952,0.0001,0.608440101146698
807996,0.05,7336,245.27610567,9619,110,84.0,201973,0.0001,1.3955802917480469
808080,0.05,7337,244.81466559999998,9620,110,84.0,201994,0.0001,1.9376479387283325
808164,0.05,7338,244.31493509999996,9621,110,84.0,202015,0.0001,13.85567855834961
808248,0.05,7339,244.21926566,9622,110,84.0,202036,0.0001,1.1966028213500977
808332,0.05,7339,244.06103097,9623,110,84.0,202057,0.0001,1.3191375732421875
808416,0.05,7340,243.47662861999999,9624,110,84.0,202078,0.0001,10.044584274291992
808500,0.05,7341,243.05335791999997,9625,110,84.0,202099,0.0001,11.446771621704102
808584,0.05,7342,243.02241685999996,9626,110,84.0,202120,0.0001,1.5896689891815186
808668,0.05,7343,243.03665627999996,9627,110,84.0,202141,0.0001,13.514423370361328
808752,0.05,7343,243.06841136,9628,110,84.0,202162,0.0001,27.404451370239258
808836,0.05,7344,243.12117233999993,9629,110,84.0,202183,0.0001,1.4340871572494507
808920,0.05,7345,242.77276381999997,9630,110,84.0,202204,0.0001,2.2468879222869873
809004,0.05,7346,242.98419065,9631,110,84.0,202225,0.0001,2.0616583824157715
809088,0.05,7347,243.31217771999997,9632,110,84.0,202246,0.0001,9.300642967224121
809172,0.05,7347,243.42446756999993,9633,110,84.0,202267,0.0001,0.7376580238342285
809256,0.05,7348,243.45289911999996,9634,110,84.0,202288,0.0001,9.659584999084473
809340,0.05,7349,243.36699857,9635,110,84.0,202309,0.0001,8.624679565429688
809424,0.05,7350,242.92028761999998,9636,110,84.0,202330,0.0001,1.9659230709075928
809508,0.05,7350,242.72823061000003,9637,110,84.0,202351,0.0001,1.0975306034088135
809592,0.05,7351,242.71340681,9638,110,84.0,202372,0.0001,1.447354793548584
809676,0.05,7352,242.31356395000003,9639,110,84.0,202393,0.0001,1.7394988536834717
809760,0.05,7353,241.85260222,9640,110,84.0,202414,0.0001,8.034701347351074
809844,0.05,7354,241.80716905,9641,110,84.0,202435,0.0001,9.570809364318848
809928,0.05,7354,241.72442117999998,9642,110,84.0,202456,0.0001,0.8554061651229858
810012,0.05,7355,241.708247,9643,110,84.0,202477,0.0001,11.84115219116211
810096,0.05,7356,241.68850195000002,9644,110,84.0,202498,0.0001,1.7766540050506592
810180,0.05,7357,241.48709352999995,9645,110,84.0,202519,0.0001,1.0796804428100586
810264,0.05,7358,241.09105176999998,9646,110,84.0,202540,0.0001,0.7294857501983643
810348,0.05,7358,241.15962664,9647,110,84.0,202561,0.0001,1.3067759275436401
810432,0.05,7359,240.75820862,9648,110,84.0,202582,0.0001,8.97242546081543
810516,0.05,7360,240.63973754999998,9649,110,84.0,202603,0.0001,0.8402976393699646
810600,0.05,7361,240.26078832000002,9650,110,84.0,202624,0.0001,1.0506141185760498
810684,0.05,7362,239.94012704000005,9651,110,84.0,202645,0.0001,8.009846687316895
810768,0.05,7362,239.8931765,9652,110,84.0,202666,0.0001,1.5200670957565308
810852,0.05,7363,239.77506680000005,9653,110,84.0,202687,0.0001,1.0335493087768555
810936,0.05,7364,239.89663573000004,9654,110,84.0,202708,0.0001,2.1832590103149414
811020,0.05,7365,239.89417401000006,9655,110,84.0,202729,0.0001,13.725306510925293
811104,0.05,7366,239.90673037,9656,110,84.0,202750,0.0001,1.4129996299743652
811188,0.05,7366,239.84822664,9657,110,84.0,202771,0.0001,0.6928380727767944
811272,0.05,7367,239.66532241999997,9658,110,84.0,202792,0.0001,7.0842084884643555
811356,0.05,7368,239.74797638999996,9659,110,84.0,202813,0.0001,2.145700454711914
811440,0.05,7369,240.30611292999998,9660,110,84.0,202834,0.0001,0.7775903940200806
811524,0.05,7369,239.97258447000002,9661,110,84.0,202855,0.0001,0.8351036906242371
811608,0.05,7370,239.99128297999997,9662,110,84.0,202876,0.0001,9.657649993896484
811692,0.05,7371,240.24248362999998,9663,110,84.0,202897,0.0001,1.1594500541687012
811776,0.05,7372,239.96863792,9664,110,84.0,202918,0.0001,1.5017949342727661
811860,0.05,7373,239.83842614000002,9665,110,84.0,202939,0.0001,1.4017250537872314
811944,0.05,7373,239.03392518,9666,110,84.0,202960,0.0001,1.2624534368515015
812028,0.05,7374,238.75842406000004,9667,110,84.0,202981,0.0001,0.944063127040863
812112,0.05,7375,238.72252044000004,9668,110,84.0,203002,0.0001,1.9284484386444092
812196,0.05,7376,239.11799758,9669,110,84.0,203023,0.0001,0.5915963649749756
812280,0.05,7377,239.40771634,9670,110,84.0,203044,0.0001,0.9877603054046631
812364,0.05,7377,239.69237793999997,9671,110,84.0,203065,0.0001,12.836490631103516
812448,0.05,7378,239.69442481,9672,110,84.0,203086,0.0001,8.846113204956055
812532,0.05,7379,239.93132283,9673,110,84.0,203107,0.0001,1.416581153869629
812616,0.05,7380,239.75203655,9674,110,84.0,203128,0.0001,2.3698348999023438
812700,0.05,7381,239.94604698,9675,110,84.0,203149,0.0001,0.9810217618942261
812784,0.05,7381,239.51033219,9676,110,84.0,203170,0.0001,8.640514373779297
812868,0.05,7382,239.23098286000004,9677,110,84.0,203191,0.0001,1.8632512092590332
812952,0.05,7383,238.90247048999998,9678,110,84.0,203212,0.0001,23.80618667602539
813036,0.05,7384,238.70320637,9679,110,84.0,203233,0.0001,1.2642796039581299
813120,0.05,7384,238.47711368,9680,110,84.0,203254,0.0001,20.89965057373047
813204,0.05,7385,238.57864085999998,9681,110,84.0,203275,0.0001,1.4920458793640137
813288,0.05,7386,238.61873874,9682,110,84.0,203296,0.0001,1.298207402229309
813372,0.05,7387,238.70633905,9683,110,84.0,203317,0.0001,1.3417208194732666
813456,0.05,7387,238.80655688,9684,110,84.0,203338,0.0001,1.4869468212127686
813540,0.05,7388,238.70249462999996,9685,110,84.0,203359,0.0001,11.7720365524292
813624,0.05,7389,238.73530750999998,9686,110,84.0,203380,0.0001,0.8223024606704712
813708,0.05,7390,238.87387429999998,9687,110,84.0,203401,0.0001,0.6506060361862183
813792,0.05,7390,238.59378362999996,9688,110,84.0,203422,0.0001,12.797892570495605
813876,0.05,7391,238.39975117999998,9689,110,84.0,203443,0.0001,1.7226526737213135
813960,0.05,7392,238.70529625999995,9690,110,84.0,203464,0.0001,1.0694479942321777
814044,0.05,7393,239.05545774,9691,110,84.0,203485,0.0001,11.507326126098633
814128,0.05,7394,239.65282262,9692,110,84.0,203506,0.0001,14.246689796447754
814212,0.05,7394,239.57495980000004,9693,110,84.0,203527,0.0001,0.5946704745292664
814296,0.05,7395,239.59116137,9694,110,84.0,203548,0.0001,0.8440942764282227
814380,0.05,7396,239.38372085999998,9695,110,84.0,203569,0.0001,1.2091264724731445
814464,0.05,7397,239.00322276999995,9696,110,84.0,203590,0.0001,12.534627914428711
814548,0.05,7398,240.16756585999997,9697,110,84.0,203611,0.0001,1.2079048156738281
814632,0.05,7398,241.30908171999997,9698,110,84.0,203632,0.0001,13.565361022949219
814716,0.05,7399,242.06023864999995,9699,110,84.0,203653,0.0001,1.2346196174621582
814800,0.05,7400,242.07545584999997,9700,110,84.0,203674,0.0001,1.178912878036499
814884,0.05,7401,241.98460467999996,9701,110,84.0,203695,0.0001,0.9643364548683167
814968,0.05,7401,242.0383078,9702,110,84.0,203716,0.0001,7.721705436706543
815052,0.05,7402,241.68102987000003,9703,110,84.0,203737,0.0001,0.7437325716018677
815136,0.05,7403,241.33569652000003,9704,110,84.0,203758,0.0001,0.9340855479240417
815220,0.05,7404,241.05873050000002,9705,110,84.0,203779,0.0001,2.229292631149292
815304,0.05,7405,241.02029233999997,9706,110,84.0,203800,0.0001,0.8546766042709351
815388,0.05,7406,240.767366,9707,110,84.0,203821,0.0001,1.6785649061203003
815472,0.05,7406,240.65575409999997,9708,110,84.0,203842,0.0001,9.82197093963623
815556,0.05,7407,241.00596888,9709,110,84.0,203863,0.0001,1.1092824935913086
815640,0.05,7408,240.93745536999995,9710,110,84.0,203884,0.0001,1.5929064750671387
815724,0.05,7409,240.9615081,9711,110,84.0,203905,0.0001,1.0975408554077148
815808,0.05,7410,241.02033851999997,9712,110,84.0,203926,0.0001,0.8044621348381042
815892,0.05,7410,241.10689678999998,9713,110,84.0,203947,0.0001,2.0494987964630127
815976,0.05,7411,241.05340593,9714,110,84.0,203968,0.0001,1.007978081703186
816060,0.05,7412,240.96174054,9715,110,84.0,203989,0.0001,8.540471076965332
816144,0.05,7413,240.73497501999995,9716,110,84.0,204010,0.0001,0.8622788190841675
816228,0.05,7413,240.911647,9717,110,84.0,204031,0.0001,6.577301502227783
816312,0.05,7414,240.89303034,9718,110,84.0,204052,0.0001,0.7214468121528625
816396,0.05,7415,240.84738163000003,9719,110,84.0,204073,0.0001,20.38517189025879
816480,0.05,7416,240.96865278999996,9720,110,84.0,204094,0.0001,0.5833443403244019
816564,0.05,7416,241.57911452000005,9721,110,84.0,204115,0.0001,0.8842623233795166
816648,0.05,7417,241.59557469,9722,110,84.0,204136,0.0001,8.462539672851562
816732,0.05,7418,241.56692630999996,9723,110,84.0,204157,0.0001,10.602066993713379
816816,0.05,7419,242.15773473,9724,110,84.0,204178,0.0001,1.8400185108184814
816900,0.05,7419,242.17812390000003,9725,110,84.0,204199,0.0001,1.0283143520355225
816984,0.05,7420,241.97589436,9726,110,84.0,204220,0.0001,1.0084350109100342
817068,0.05,7421,241.68719292000003,9727,110,84.0,204241,0.0001,1.013472080230713
817152,0.05,7422,241.45904468,9728,110,84.0,204262,0.0001,1.218705654144287
817236,0.05,7422,241.32264408,9729,110,84.0,204283,0.0001,1.2730486392974854
817320,0.05,7423,241.51926642,9730,110,84.0,204304,0.0001,1.3670318126678467
817404,0.05,7424,241.47397704,9731,110,84.0,204325,0.0001,1.3754321336746216
817488,0.05,7425,241.40795807999996,9732,110,84.0,204346,0.0001,0.7938221096992493
817572,0.05,7426,241.35776686,9733,110,84.0,204367,0.0001,0.7665305137634277
817656,0.05,7426,241.32048593,9734,110,84.0,204388,0.0001,1.8398783206939697
817740,0.05,7427,240.70217705,9735,110,84.0,204409,0.0001,1.183292269706726
817824,0.05,7428,241.02055134999998,9736,110,84.0,204430,0.0001,1.983203411102295
817908,0.05,7429,241.2855291,9737,110,84.0,204451,0.0001,0.9691613912582397
817992,0.05,7430,241.40935742000002,9738,110,84.0,204472,0.0001,0.9912153482437134
818076,0.05,7431,241.52569296,9739,110,84.0,204493,0.0001,1.401029348373413
818160,0.05,7431,241.55336243,9740,110,84.0,204514,0.0001,1.5463427305221558
818244,0.05,7432,241.27619282999996,9741,110,84.0,204535,0.0001,2.0181760787963867
818328,0.05,7433,241.11105532999997,9742,110,84.0,204556,0.0001,0.7787197828292847
818412,0.05,7434,241.45224316,9743,110,84.0,204577,0.0001,1.3436896800994873
818496,0.05,7435,241.56114799,9744,110,84.0,204598,0.0001,0.7895625829696655
818580,0.05,7436,241.72170547000002,9745,110,84.0,204619,0.0001,22.629030227661133
818664,0.05,7436,241.85449917000003,9746,110,84.0,204640,0.0001,8.363334655761719
818748,0.05,7437,241.92753593,9747,110,84.0,204661,0.0001,0.6314547657966614
818832,0.05,7438,242.22601416999998,9748,110,84.0,204682,0.0001,1.5260035991668701
818916,0.05,7439,242.23961999,9749,110,84.0,204703,0.0001,18.204252243041992
819000,0.05,7440,242.26625066999998,9750,110,84.0,204724,0.0001,1.1732969284057617
819084,0.05,7440,242.84763790999997,9751,110,84.0,204745,0.0001,11.607319831848145
819168,0.05,7441,242.97451155999997,9752,110,84.0,204766,0.0001,2.0439348220825195
819252,0.05,7442,243.40485679999998,9753,110,84.0,204787,0.0001,0.6968124508857727
819336,0.05,7443,242.97268954,9754,110,84.0,204808,0.0001,1.603503942489624
819420,0.05,7444,242.99618377000002,9755,110,84.0,204829,0.0001,10.717429161071777
819504,0.05,7445,243.06367695000006,9756,110,84.0,204850,0.0001,11.863739967346191
819588,0.05,7445,243.01783005000001,9757,110,84.0,204871,0.0001,0.7681194543838501
819672,0.05,7446,243.21964114,9758,110,84.0,204892,0.0001,1.3581749200820923
819756,0.05,7447,243.18630427,9759,110,84.0,204913,0.0001,4.496352195739746
819840,0.05,7448,242.94453559,9760,110,84.0,204934,0.0001,12.568476676940918
819924,0.05,7448,243.35778228999996,9761,110,84.0,204955,0.0001,1.4185068607330322
820008,0.05,7449,243.29418966999998,9762,110,84.0,204976,0.0001,3.1840224266052246
820092,0.05,7450,242.93684919999995,9763,110,84.0,204997,0.0001,7.627931118011475
820176,0.05,7451,243.22041839000002,9764,110,84.0,205018,0.0001,1.1855117082595825
820260,0.05,7452,243.44411465000002,9765,110,84.0,205039,0.0001,0.8886578679084778
820344,0.05,7453,244.37084889000002,9766,110,84.0,205060,0.0001,1.6583976745605469
820428,0.05,7453,244.83119834000004,9767,110,84.0,205081,0.0001,1.7855801582336426
820512,0.05,7454,244.90036603000004,9768,110,84.0,205102,0.0001,9.128605842590332
820596,0.05,7455,244.66522547,9769,110,84.0,205123,0.0001,1.797820806503296
820680,0.05,7456,244.64896666,9770,110,84.0,205144,0.0001,0.7077475786209106
820764,0.05,7457,244.62416538999997,9771,110,84.0,205165,0.0001,12.179952621459961
820848,0.05,7458,245.03605798,9772,110,84.0,205186,0.0001,25.628803253173828
820932,0.05,7458,244.94473588,9773,110,84.0,205207,0.0001,1.2670397758483887
821016,0.05,7459,245.31967255000004,9774,110,84.0,205228,0.0001,0.9152681231498718
821100,0.05,7460,245.23011106,9775,110,84.0,205249,0.0001,11.61851978302002
821184,0.05,7461,245.18434845000004,9776,110,84.0,205270,0.0001,0.7835983633995056
821268,0.05,7462,244.96573035,9777,110,84.0,205291,0.0001,12.488632202148438
821352,0.05,7462,244.97396652999998,9778,110,84.0,205312,0.0001,2.2755372524261475
821436,0.05,7463,244.94704828,9779,110,84.0,205333,0.0001,1.4070706367492676
821520,0.05,7464,244.84847071999997,9780,110,84.0,205354,0.0001,0.9629359841346741
821604,0.05,7465,244.56190911000002,9781,110,84.0,205375,0.0001,12.916592597961426
821688,0.05,7466,244.70784493,9782,110,84.0,205396,0.0001,1.2192931175231934
821772,0.05,7466,244.76447897000006,9783,110,84.0,205417,0.0001,12.455801010131836
821856,0.05,7467,244.79414659999998,9784,110,84.0,205438,0.0001,0.9480440616607666
821940,0.05,7468,244.5702524,9785,110,84.0,205459,0.0001,1.6429487466812134
822024,0.05,7469,244.12114934,9786,110,84.0,205480,0.0001,1.0787279605865479
822108,0.05,7470,243.89448647999996,9787,110,84.0,205501,0.0001,0.9607751369476318
822192,0.05,7470,243.82335291999996,9788,110,84.0,205522,0.0001,1.4488766193389893
822276,0.05,7471,244.18823562,9789,110,84.0,205543,0.0001,22.075944900512695
822360,0.05,7472,244.12905711,9790,110,84.0,205564,0.0001,0.6802542209625244
822444,0.05,7473,243.79453959000003,9791,110,84.0,205585,0.0001,0.8844859600067139
822528,0.05,7474,243.57005525,9792,110,84.0,205606,0.0001,0.8865642547607422
822612,0.05,7474,243.68052554000002,9793,110,84.0,205627,0.0001,1.416117787361145
822696,0.05,7475,243.54504981999995,9794,110,84.0,205648,0.0001,12.724266052246094
822780,0.05,7476,243.85347127,9795,110,84.0,205669,0.0001,2.1597988605499268
822864,0.05,7477,243.99287973,9796,110,84.0,205690,0.0001,1.951791524887085
822948,0.05,7477,243.47221158999997,9797,110,84.0,205711,0.0001,13.284412384033203
823032,0.05,7478,243.28010832999993,9798,110,84.0,205732,0.0001,1.6321611404418945
823116,0.05,7479,243.16400850999995,9799,110,84.0,205753,0.0001,1.5941606760025024
823200,0.05,7480,243.27378949999994,9800,110,84.0,205774,0.0001,1.7402727603912354
823284,0.05,7480,243.41419798999996,9801,110,84.0,205795,0.0001,12.276984214782715
823368,0.05,7481,243.53067267999998,9802,110,84.0,205816,0.0001,1.5440168380737305
823452,0.05,7482,243.85172149,9803,110,84.0,205837,0.0001,0.9220238327980042
823536,0.05,7483,244.12817912999995,9804,110,84.0,205858,0.0001,12.402958869934082
823620,0.05,7484,244.48988927999994,9805,110,84.0,205879,0.0001,1.884673833847046
823704,0.05,7485,244.44010911999993,9806,110,84.0,205900,0.0001,1.0706244707107544
823788,0.05,7485,244.69632585,9807,110,84.0,205921,0.0001,0.9572707414627075
823872,0.05,7486,244.68299753,9808,110,84.0,205942,0.0001,1.1001169681549072
823956,0.05,7487,244.62428726000002,9809,110,84.0,205963,0.0001,0.9829412698745728
824040,0.05,7488,244.61813918,9810,110,84.0,205984,0.0001,0.8160519003868103
824124,0.05,7488,244.53676861,9811,110,84.0,206005,0.0001,0.9071347713470459
824208,0.05,7489,244.34834297,9812,110,84.0,206026,0.0001,13.753397941589355
824292,0.05,7490,244.33697410000002,9813,110,84.0,206047,0.0001,10.142889976501465
824376,0.05,7491,244.30929296000002,9814,110,84.0,206068,0.0001,12.66210651397705
824460,0.05,7492,244.67875446000002,9815,110,84.0,206089,0.0001,1.672420620918274
824544,0.05,7492,244.81463639,9816,110,84.0,206110,0.0001,1.408339023590088
824628,0.05,7493,244.81316188,9817,110,84.0,206131,0.0001,1.0938596725463867
824712,0.05,7494,244.75282719999998,9818,110,84.0,206152,0.0001,1.1579357385635376
824796,0.05,7495,244.63782893000004,9819,110,84.0,206173,0.0001,10.671466827392578
824880,0.05,7496,244.73469652,9820,110,84.0,206194,0.0001,0.9683196544647217
824964,0.05,7496,244.84065852999996,9821,110,84.0,206215,0.0001,1.1324005126953125
825048,0.05,7497,244.90728833,9822,110,84.0,206236,0.0001,13.372048377990723
825132,0.05,7498,244.78735382,9823,110,84.0,206257,0.0001,24.965641021728516
825216,0.05,7499,244.80534541000006,9824,110,84.0,206278,0.0001,0.7372610569000244
825300,0.05,7500,244.88605229,9825,110,84.0,206299,0.0001,1.454667568206787
825384,0.05,7500,245.09977603000004,9826,110,84.0,206320,0.0001,1.4827890396118164
825468,0.05,7501,245.31270028000003,9827,110,84.0,206341,0.0001,19.2116756439209
825552,0.05,7502,245.15384157000005,9828,110,84.0,206362,0.0001,1.1908352375030518
825636,0.05,7503,245.26301867,9829,110,84.0,206383,0.0001,1.6301093101501465
825720,0.05,7504,245.19347493,9830,110,84.0,206404,0.0001,7.101181507110596
825804,0.05,7505,245.26780250999997,9831,110,84.0,206425,0.0001,2.385488510131836
825888,0.05,7506,245.35784163999998,9832,110,84.0,206446,0.0001,1.552837610244751
825972,0.05,7506,245.54729438999996,9833,110,84.0,206467,0.0001,1.0843498706817627
826056,0.05,7507,245.51541122999998,9834,110,84.0,206488,0.0001,13.001527786254883
826140,0.05,7508,246.01467685000003,9835,110,84.0,206509,0.0001,0.8855324983596802
826224,0.05,7509,246.07208262,9836,110,84.0,206530,0.0001,9.3449125289917
826308,0.05,7510,246.07944290000003,9837,110,84.0,206551,0.0001,1.583784818649292
826392,0.05,7511,246.15684120000003,9838,110,84.0,206572,0.0001,1.2400051355361938
826476,0.05,7511,246.02366616,9839,110,84.0,206593,0.0001,0.85145103931427
826560,0.05,7512,246.03657107999996,9840,110,84.0,206614,0.0001,1.003901720046997
826644,0.05,7513,246.12728058000002,9841,110,84.0,206635,0.0001,0.6671143770217896
826728,0.05,7514,245.65847886,9842,110,84.0,206656,0.0001,2.7939350605010986
826812,0.05,7514,245.50812201,9843,110,84.0,206677,0.0001,1.55147123336792
826896,0.05,7515,245.20710472,9844,110,84.0,206698,0.0001,6.665807723999023
826980,0.05,7516,245.11804148999997,9845,110,84.0,206719,0.0001,1.2839875221252441
827064,0.05,7517,245.00324538999996,9846,110,84.0,206740,0.0001,2.2482450008392334
827148,0.05,7517,244.99400113999997,9847,110,84.0,206761,0.0001,2.8775484561920166
827232,0.05,7518,245.00767313,9848,110,84.0,206782,0.0001,11.357973098754883
827316,0.05,7519,244.70677557,9849,110,84.0,206803,0.0001,0.7710779309272766
827400,0.05,7520,244.80426536,9850,110,84.0,206824,0.0001,1.1338987350463867
827484,0.05,7521,244.60214523000002,9851,110,84.0,206845,0.0001,24.945419311523438
827568,0.05,7522,244.73384838999993,9852,110,84.0,206866,0.0001,8.657890319824219
827652,0.05,7522,244.58533583999997,9853,110,84.0,206887,0.0001,19.63225746154785
827736,0.05,7523,245.07358780999996,9854,110,84.0,206908,0.0001,10.09760570526123
827820,0.05,7524,245.01055529999996,9855,110,84.0,206929,0.0001,0.9782452583312988
827904,0.05,7525,244.69765999999996,9856,110,84.0,206950,0.0001,13.405604362487793
827988,0.05,7526,244.56367331,9857,110,84.0,206971,0.0001,1.2723748683929443
828072,0.05,7526,244.30690888999993,9858,110,84.0,206992,0.0001,0.7940070033073425
828156,0.05,7527,244.17422694,9859,110,84.0,207013,0.0001,7.156177043914795
828240,0.05,7528,244.06386852,9860,110,84.0,207034,0.0001,1.1195602416992188
828324,0.05,7529,243.96728879,9861,110,84.0,207055,0.0001,0.7744069695472717
828408,0.05,7529,244.20370134999996,9862,110,84.0,207076,0.0001,1.4218392372131348
828492,0.05,7530,244.83860167,9863,110,84.0,207097,0.0001,1.4367475509643555
828576,0.05,7531,244.7626218,9864,110,84.0,207118,0.0001,11.692899703979492
828660,0.05,7532,244.93244722000003,9865,110,84.0,207139,0.0001,0.6522171497344971
828744,0.05,7533,244.94124477999998,9866,110,84.0,207160,0.0001,7.1227569580078125
828828,0.05,7534,245.10047319,9867,110,84.0,207181,0.0001,8.158961296081543
828912,0.05,7534,244.95039766000002,9868,110,84.0,207202,0.0001,0.9661815166473389
828996,0.05,7535,244.67336784000003,9869,110,84.0,207223,0.0001,0.6157691478729248
829080,0.05,7536,244.45241097,9870,110,84.0,207244,0.0001,0.8194979429244995
829164,0.05,7537,244.42774612000002,9871,110,84.0,207265,0.0001,19.36992835998535
829248,0.05,7537,244.3026226,9872,110,84.0,207286,0.0001,0.8584754467010498
829332,0.05,7538,244.40003839000002,9873,110,84.0,207307,0.0001,1.446851372718811
829416,0.05,7539,244.11251449000002,9874,110,84.0,207328,0.0001,12.936885833740234
829500,0.05,7540,244.21116048000005,9875,110,84.0,207349,0.0001,10.825650215148926
829584,0.05,7540,244.43868323000004,9876,110,84.0,207370,0.0001,0.9976518154144287
829668,0.05,7541,244.81406339000006,9877,110,84.0,207391,0.0001,1.1679284572601318
829752,0.05,7542,244.97948308000005,9878,110,84.0,207412,0.0001,1.0556336641311646
829836,0.05,7543,244.99944807,9879,110,84.0,207433,0.0001,1.2841002941131592
829920,0.05,7544,245.02749763000003,9880,110,84.0,207454,0.0001,10.26304817199707
830004,0.05,7545,245.1609075,9881,110,84.0,207475,0.0001,2.5119755268096924
830088,0.05,7545,245.07368969000004,9882,110,84.0,207496,0.0001,9.96726131439209
830172,0.05,7546,245.22368624000003,9883,110,84.0,207517,0.0001,13.107569694519043
830256,0.05,7547,245.19049365000004,9884,110,84.0,207538,0.0001,1.391448974609375
830340,0.05,7548,245.24368159999997,9885,110,84.0,207559,0.0001,0.6268413066864014
830424,0.05,7549,245.55849890999997,9886,110,84.0,207580,0.0001,0.7925096750259399
830508,0.05,7549,245.56346342,9887,110,84.0,207601,0.0001,1.3403608798980713
830592,0.05,7550,245.38561587,9888,110,84.0,207622,0.0001,1.0368854999542236
830676,0.05,7551,245.13650840000003,9889,110,84.0,207643,0.0001,14.681940078735352
830760,0.05,7552,244.9918478,9890,109,84.0,207664,0.0001,2.3173725605010986
830844,0.05,7553,245.15176601,9891,109,84.0,207685,0.0001,2.5934789180755615
830928,0.05,7553,245.26750821,9892,109,84.0,207706,0.0001,1.1387686729431152
831012,0.05,7554,245.31387958,9893,110,84.0,207727,0.0001,1.0087928771972656
831096,0.05,7555,245.73502494000002,9894,110,84.0,207748,0.0001,7.419839859008789
831180,0.05,7556,245.59152766,9895,110,84.0,207769,0.0001,1.3467116355895996
831264,0.05,7556,245.35831266000002,9896,110,84.0,207790,0.0001,1.870103120803833
831348,0.05,7557,245.63127095999997,9897,110,84.0,207811,0.0001,1.3941893577575684
831432,0.05,7558,245.35495786000004,9898,110,84.0,207832,0.0001,9.160440444946289
831516,0.05,7559,245.46459069000005,9899,110,84.0,207853,0.0001,0.9441900849342346
831600,0.05,7560,245.22940483000005,9900,109,84.0,207874,0.0001,0.9193969964981079
831684,0.05,7560,245.26893632000008,9901,109,84.0,207895,0.0001,0.6862637996673584
831768,0.05,7561,245.14712782000004,9902,109,84.0,207916,0.0001,1.9196088314056396
831852,0.05,7562,244.72656265000006,9903,109,84.0,207937,0.0001,2.0692954063415527
831936,0.05,7563,244.45310163,9904,109,84.0,207958,0.0001,0.7536704540252686
832020,0.05,7564,244.12292344000002,9905,109,84.0,207979,0.0001,0.7305581569671631
832104,0.05,7564,243.93366324,9906,109,84.0,208000,0.0001,1.0565097332000732
832188,0.05,7565,243.77995345,9907,109,84.0,208021,0.0001,10.903189659118652
832272,0.05,7566,244.18354957,9908,109,84.0,208042,0.0001,1.7167755365371704
832356,0.05,7567,243.98104469,9909,109,84.0,208063,0.0001,1.4954338073730469
832440,0.05,7568,244.09955719,9910,109,84.0,208084,0.0001,2.563432455062866
832524,0.05,7568,244.2594276,9911,109,84.0,208105,0.0001,1.096707820892334
832608,0.05,7569,244.45276876999998,9912,109,84.0,208126,0.0001,1.0365115404129028
832692,0.05,7570,244.70232946,9913,109,84.0,208147,0.0001,2.705544948577881
832776,0.05,7571,244.99304852,9914,109,84.0,208168,0.0001,12.694215774536133
832860,0.05,7572,244.85625500999998,9915,109,84.0,208189,0.0001,1.3275830745697021
832944,0.05,7572,245.03523973,9916,109,84.0,208210,0.0001,1.1157307624816895
833028,0.05,7573,245.22668256,9917,109,84.0,208231,0.0001,0.7142811417579651
833112,0.05,7574,245.34040503,9918,109,84.0,208252,0.0001,11.504079818725586
833196,0.05,7575,245.44506582000002,9919,109,84.0,208273,0.0001,11.509127616882324
833280,0.05,7575,245.42124846,9920,109,84.0,208294,0.0001,11.304410934448242
833364,0.05,7576,245.37222041999996,9921,109,84.0,208315,0.0001,1.4679687023162842
833448,0.05,7577,245.53918737999996,9922,109,84.0,208336,0.0001,0.8775808811187744
833532,0.05,7578,245.80463326999998,9923,109,84.0,208357,0.0001,8.424229621887207
833616,0.05,7579,245.85766213,9924,109,84.0,208378,0.0001,13.345599174499512
833700,0.05,7579,245.80310533999997,9925,109,84.0,208399,0.0001,13.565108299255371
833784,0.05,7580,245.61166047999998,9926,109,84.0,208420,0.0001,0.7983729243278503
833868,0.05,7581,245.54164379000002,9927,109,84.0,208441,0.0001,9.96402645111084
833952,0.05,7582,245.85481261999996,9928,109,84.0,208462,0.0001,1.3511290550231934
834036,0.05,7583,245.98604177999997,9929,109,84.0,208483,0.0001,13.348912239074707
834120,0.05,7583,246.02131692,9930,109,84.0,208504,0.0001,12.100762367248535
834204,0.05,7584,245.80095953,9931,109,84.0,208525,0.0001,8.455118179321289
834288,0.05,7585,246.00951403999997,9932,109,84.0,208546,0.0001,0.9661976099014282
834372,0.05,7586,245.73462445999994,9933,109,84.0,208567,0.0001,2.1003432273864746
834456,0.05,7587,245.66909900999997,9934,109,84.0,208588,0.0001,12.875472068786621
834540,0.05,7587,245.79687753,9935,109,84.0,208609,0.0001,0.6759127974510193
834624,0.05,7588,245.75693977,9936,109,84.0,208630,0.0001,1.554780125617981
834708,0.05,7589,245.97483417000004,9937,109,84.0,208651,0.0001,1.206413984298706
834792,0.05,7590,245.76374509000001,9938,109,84.0,208672,0.0001,0.8191534280776978
834876,0.05,7591,245.96941637000003,9939,109,84.0,208693,0.0001,2.577240228652954
834960,0.05,7591,245.85789165999998,9940,109,84.0,208714,0.0001,2.376376152038574
835044,0.05,7592,245.98969309999995,9941,109,84.0,208735,0.0001,1.7162607908248901
835128,0.05,7593,246.50913139999997,9942,109,84.0,208756,0.0001,1.0905920267105103
835212,0.05,7594,246.52505063999996,9943,109,84.0,208777,0.0001,1.1257262229919434
835296,0.05,7595,246.98766329999995,9944,109,84.0,208798,0.0001,1.1599526405334473
835380,0.05,7596,247.14976236999996,9945,109,84.0,208819,0.0001,8.746389389038086
835464,0.05,7597,246.96622097999997,9946,109,84.0,208840,0.0001,13.368592262268066
835548,0.05,7597,246.47926925999997,9947,109,84.0,208861,0.0001,10.888383865356445
835632,0.05,7598,246.44383935999994,9948,109,84.0,208882,0.0001,1.3915083408355713
835716,0.05,7599,246.43429573999995,9949,109,84.0,208903,0.0001,1.5525352954864502
835800,0.05,7600,246.60191149999994,9950,109,84.0,208924,0.0001,0.664589524269104
835884,0.05,7601,246.58618051999997,9951,109,84.0,208945,0.0001,0.8661933541297913
835968,0.05,7601,246.47643387,9952,109,84.0,208966,0.0001,0.7552290558815002
836052,0.05,7602,246.59272603000002,9953,109,84.0,208987,0.0001,1.2591869831085205
836136,0.05,7603,246.3982986,9954,109,84.0,209008,0.0001,1.2057305574417114
836220,0.05,7604,246.32308905999997,9955,109,84.0,209029,0.0001,1.8598560094833374
836304,0.05,7604,246.44336864000002,9956,109,84.0,209050,0.0001,13.409273147583008
836388,0.05,7605,246.65829279,9957,109,84.0,209071,0.0001,1.0064409971237183
836472,0.05,7606,246.61543051999996,9958,109,84.0,209092,0.0001,13.286356925964355
836556,0.05,7607,246.73558868,9959,109,84.0,209113,0.0001,9.646444320678711
836640,0.05,7607,246.51625677999996,9960,109,84.0,209134,0.0001,0.8099156022071838
836724,0.05,7608,246.41780200000002,9961,109,84.0,209155,0.0001,1.0349682569503784
836808,0.05,7609,246.21133996,9962,109,84.0,209176,0.0001,1.2151172161102295
836892,0.05,7610,245.95342256,9963,109,84.0,209197,0.0001,0.9399236440658569
836976,0.05,7611,245.71897766,9964,109,84.0,209218,0.0001,9.113992691040039
837060,0.05,7612,245.38204054000002,9965,109,84.0,209239,0.0001,1.1349084377288818
837144,0.05,7612,245.04180668,9966,109,84.0,209260,0.0001,10.059829711914062
837228,0.05,7613,244.67086814,9967,109,84.0,209281,0.0001,13.004753112792969
837312,0.05,7614,244.36115222,9968,109,84.0,209302,0.0001,1.6584632396697998
837396,0.05,7615,244.44046403999997,9969,109,84.0,209323,0.0001,9.592913627624512
837480,0.05,7616,244.49585567000003,9970,109,84.0,209344,0.0001,1.2380895614624023
837564,0.05,7616,244.35585135999997,9971,109,84.0,209365,0.0001,9.793258666992188
837648,0.05,7617,244.17223329999996,9972,109,84.0,209386,0.0001,0.5188343524932861
837732,0.05,7618,244.16537869,9973,109,84.0,209407,0.0001,1.1853630542755127
837816,0.05,7619,244.31306066000002,9974,109,84.0,209428,0.0001,1.6862387657165527
837900,0.05,7620,244.25314577999998,9975,109,84.0,209449,0.0001,0.8000024557113647
837984,0.05,7620,244.38491487,9976,109,84.0,209470,0.0001,1.185074806213379
838068,0.05,7621,244.21122868999998,9977,109,84.0,209491,0.0001,0.9988929033279419
838152,0.05,7622,244.55863544,9978,109,84.0,209512,0.0001,13.380904197692871
838236,0.05,7623,244.49513945,9979,109,84.0,209533,0.0001,1.9943211078643799
838320,0.05,7624,244.30788026000005,9980,109,84.0,209554,0.0001,1.399953842163086
838404,0.05,7625,244.13871868,9981,109,84.0,209575,0.0001,9.682024955749512
838488,0.05,7625,243.90607178000002,9982,109,84.0,209596,0.0001,1.9035683870315552
838572,0.05,7626,243.85794184000002,9983,109,84.0,209617,0.0001,14.047279357910156
838656,0.05,7627,243.84750263,9984,109,84.0,209638,0.0001,1.7573143243789673
838740,0.05,7628,243.57739804000002,9985,109,84.0,209659,0.0001,1.1250935792922974
838824,0.05,7628,243.23763279,9986,109,84.0,209680,0.0001,1.5931532382965088
838908,0.05,7629,243.39664820000002,9987,109,84.0,209701,0.0001,0.9420415163040161
838992,0.05,7630,243.58591284000002,9988,109,84.0,209722,0.0001,13.412932395935059
839076,0.05,7631,243.41101220999997,9989,109,84.0,209743,0.0001,0.8862012028694153
839160,0.05,7632,243.45054047999997,9990,109,84.0,209764,0.0001,12.518614768981934
839244,0.05,7632,243.23038309,9991,109,84.0,209785,0.0001,13.299761772155762
839328,0.05,7633,243.06218922,9992,109,84.0,209806,0.0001,0.9667239189147949
839412,0.05,7634,242.30634459,9993,109,84.0,209827,0.0001,0.6356140375137329
839496,0.05,7635,241.96039698,9994,109,84.0,209848,0.0001,0.977181077003479
839580,0.05,7635,242.21014225000002,9995,109,84.0,209869,0.0001,0.8780069351196289
839664,0.05,7636,242.27604251,9996,109,84.0,209890,0.0001,1.119849681854248
839748,0.05,7637,242.1880614,9997,109,84.0,209911,0.0001,1.53862464427948
839832,0.05,7638,241.60778495,9998,109,84.0,209932,0.0001,0.7530899047851562
839916,0.05,7639,241.32510382,9999,109,84.0,209953,0.0001,1.2108758687973022
840000,0.05,7639,241.44116592999998,10000,109,84.0,209974,0.0001,13.012138366699219
840084,0.05,7640,241.53606006,10001,109,84.0,209995,0.0001,2.212312698364258
840168,0.05,7641,241.68757112,10002,109,84.0,210016,0.0001,11.77375602722168
840252,0.05,7642,242.11387566000002,10003,109,84.0,210037,0.0001,13.200553894042969
840336,0.05,7643,242.18341108,10004,109,84.0,210058,0.0001,13.085750579833984
840420,0.05,7644,242.21658002000004,10005,109,84.0,210079,0.0001,11.284656524658203
840504,0.05,7644,242.42012311,10006,109,84.0,210100,0.0001,0.7675151228904724
840588,0.05,7645,242.56428480000002,10007,109,84.0,210121,0.0001,2.142632484436035
840672,0.05,7646,241.84686332,10008,109,84.0,210142,0.0001,1.6229958534240723
840756,0.05,7647,241.85812815999998,10009,109,84.0,210163,0.0001,10.983237266540527
840840,0.05,7648,241.99048156,10010,109,84.0,210184,0.0001,13.39762020111084
840924,0.05,7649,241.98846514000002,10011,109,84.0,210205,0.0001,2.7286343574523926
841008,0.05,7649,242.12311384000003,10012,109,84.0,210226,0.0001,0.6729757189750671
841092,0.05,7650,241.96936392,10013,109,84.0,210247,0.0001,4.647110462188721
841176,0.05,7651,241.68162701999998,10014,109,84.0,210268,0.0001,1.972636342048645
841260,0.05,7652,241.58547973999998,10015,109,84.0,210289,0.0001,1.3568311929702759
841344,0.05,7653,241.80295888,10016,109,84.0,210310,0.0001,7.76351261138916
841428,0.05,7653,241.48774418999994,10017,109,84.0,210331,0.0001,21.853330612182617
841512,0.05,7654,241.38893695,10018,109,84.0,210352,0.0001,1.4846909046173096
841596,0.05,7655,241.30693874,10019,109,84.0,210373,0.0001,1.0155993700027466
841680,0.05,7656,241.37730765999996,10020,109,84.0,210394,0.0001,1.2302340269088745
841764,0.05,7657,241.43509235999994,10021,109,84.0,210415,0.0001,1.6938190460205078
841848,0.05,7657,241.51204232999996,10022,109,84.0,210436,0.0001,0.8659221529960632
841932,0.05,7658,241.44044687,10023,109,84.0,210457,0.0001,0.9421771764755249
842016,0.05,7659,241.41010092,10024,109,84.0,210478,0.0001,1.194077968597412
842100,0.05,7660,241.27256382,10025,109,84.0,210499,0.0001,1.2044708728790283
842184,0.05,7661,241.02356638999998,10026,109,84.0,210520,0.0001,1.0543698072433472
842268,0.05,7661,241.00919382000004,10027,109,84.0,210541,0.0001,1.5943540334701538
842352,0.05,7662,241.29153174000004,10028,109,84.0,210562,0.0001,18.081356048583984
842436,0.05,7663,241.13657527000004,10029,109,84.0,210583,0.0001,8.554474830627441
842520,0.05,7664,240.94262537999995,10030,109,84.0,210604,0.0001,0.6775079965591431
842604,0.05,7665,240.99656909,10031,109,84.0,210625,0.0001,0.9825975298881531
842688,0.05,7665,240.81161512000003,10032,109,84.0,210646,0.0001,9.473944664001465
842772,0.05,7666,240.79915602000005,10033,109,84.0,210667,0.0001,23.677265167236328
842856,0.05,7667,240.89183196000002,10034,109,84.0,210688,0.0001,1.6691906452178955
842940,0.05,7668,240.74392699000003,10035,109,84.0,210709,0.0001,11.495004653930664
843024,0.05,7669,240.69938149,10036,109,84.0,210730,0.0001,1.210959792137146
843108,0.05,7669,240.44204134999995,10037,109,84.0,210751,0.0001,1.7005594968795776
843192,0.05,7670,240.43646676999998,10038,109,84.0,210772,0.0001,1.5595061779022217
843276,0.05,7671,240.10530090000003,10039,109,84.0,210793,0.0001,8.405176162719727
843360,0.05,7672,240.55497244000003,10040,109,84.0,210814,0.0001,1.382037878036499
843444,0.05,7672,240.79769368000004,10041,109,84.0,210835,0.0001,0.6439615488052368
843528,0.05,7673,240.82198845000002,10042,109,84.0,210856,0.0001,22.296104431152344
843612,0.05,7674,240.82768145999998,10043,109,84.0,210877,0.0001,1.575119972229004
843696,0.05,7675,240.69884657999998,10044,109,84.0,210898,0.0001,10.245142936706543
843780,0.05,7675,240.64014019,10045,109,84.0,210919,0.0001,17.308582305908203
843864,0.05,7676,241.00423878999993,10046,109,84.0,210940,0.0001,1.2157678604125977
843948,0.05,7677,241.41327205999997,10047,109,84.0,210961,0.0001,2.1873598098754883
844032,0.05,7678,241.51648325000002,10048,109,84.0,210982,0.0001,2.7140939235687256
844116,0.05,7679,241.52052233999996,10049,109,84.0,211003,0.0001,1.5196677446365356
844200,0.05,7680,241.26116333999994,10050,109,84.0,211024,0.0001,1.033453106880188
844284,0.05,7680,241.15037884,10051,109,84.0,211045,0.0001,1.4934227466583252
844368,0.05,7681,240.85387303999997,10052,109,84.0,211066,0.0001,2.158297300338745
844452,0.05,7682,240.67332688,10053,109,84.0,211087,0.0001,2.3197078704833984
844536,0.05,7683,240.87348984,10054,109,84.0,211108,0.0001,2.4108083248138428
844620,0.05,7684,240.83428704999994,10055,109,84.0,211129,0.0001,12.176977157592773
844704,0.05,7684,240.98033925999994,10056,109,84.0,211150,0.0001,1.3428006172180176
844788,0.05,7685,241.02200161999994,10057,109,84.0,211171,0.0001,26.762205123901367
844872,0.05,7686,241.26260491999997,10058,109,84.0,211192,0.0001,11.25657844543457
844956,0.05,7687,241.34635838999998,10059,109,84.0,211213,0.0001,2.2566566467285156
845040,0.05,7688,241.49238809000002,10060,109,84.0,211234,0.0001,1.8155121803283691
845124,0.05,7688,241.60564385,10061,109,84.0,211255,0.0001,1.0577833652496338
845208,0.05,7689,241.29296926000006,10062,109,84.0,211276,0.0001,1.6098923683166504
845292,0.05,7690,240.69657773000003,10063,109,84.0,211297,0.0001,0.80418860912323
845376,0.05,7691,240.74190013000003,10064,109,84.0,211318,0.0001,21.302661895751953
845460,0.05,7692,240.91201168,10065,109,84.0,211339,0.0001,0.6308822631835938
845544,0.05,7692,241.17061625999997,10066,109,84.0,211360,0.0001,1.5992317199707031
845628,0.05,7693,241.45056489,10067,109,84.0,211381,0.0001,1.3595306873321533
845712,0.05,7694,241.80332169000005,10068,109,84.0,211402,0.0001,10.26423454284668
845796,0.05,7695,241.67848551000003,10069,109,84.0,211423,0.0001,0.839409589767456
845880,0.05,7696,241.8736923200001,10070,109,84.0,211444,0.0001,1.2665271759033203
845964,0.05,7697,242.09333697000005,10071,109,84.0,211465,0.0001,1.18947434425354
846048,0.05,7697,242.20074748000002,10072,109,84.0,211486,0.0001,1.3764731884002686
846132,0.05,7698,242.19112823000003,10073,109,84.0,211507,0.0001,1.0716865062713623
846216,0.05,7699,242.05450143000002,10074,109,84.0,211528,0.0001,1.3679795265197754
846300,0.05,7700,242.019554,10075,109,84.0,211549,0.0001,1.8212863206863403
846384,0.05,7701,241.92955837000002,10076,109,84.0,211570,0.0001,1.630317211151123
846468,0.05,7702,242.00902656,10077,109,84.0,211591,0.0001,1.3682805299758911
846552,0.05,7702,242.16824052999996,10078,109,84.0,211612,0.0001,9.239411354064941
846636,0.05,7703,242.38699629,10079,109,84.0,211633,0.0001,11.408947944641113
846720,0.05,7704,241.86874619999998,10080,109,84.0,211654,0.0001,13.755964279174805
846804,0.05,7705,242.257696,10081,109,84.0,211675,0.0001,1.0949702262878418
846888,0.05,7706,242.32264672000002,10082,109,84.0,211696,0.0001,1.9568712711334229
846972,0.05,7707,241.77714525000002,10083,109,84.0,211717,0.0001,22.086427688598633
847056,0.05,7707,241.70158902,10084,109,84.0,211738,0.0001,1.1964361667633057
847140,0.05,7708,242.26623304,10085,109,84.0,211759,0.0001,0.6452680826187134
847224,0.05,7709,242.42593275,10086,109,84.0,211780,0.0001,0.6013619303703308
847308,0.05,7710,242.18229971999997,10087,109,84.0,211801,0.0001,1.740539312362671
847392,0.05,7711,242.42272467999996,10088,109,84.0,211822,0.0001,9.426451683044434
847476,0.05,7711,242.68482989999995,10089,109,84.0,211843,0.0001,1.380142092704773
847560,0.05,7712,242.45445417999997,10090,109,84.0,211864,0.0001,0.7892054915428162
847644,0.05,7713,242.95245455999992,10091,109,84.0,211885,0.0001,13.885076522827148
847728,0.05,7714,242.81873240999994,10092,109,84.0,211906,0.0001,1.4777069091796875
847812,0.05,7715,243.34473040999998,10093,109,84.0,211927,0.0001,2.947948932647705
847896,0.05,7716,243.75785396,10094,109,84.0,211948,0.0001,13.119251251220703
847980,0.05,7716,243.46154924,10095,109,84.0,211969,0.0001,1.3900647163391113
848064,0.05,7717,243.77561106999997,10096,109,84.0,211990,0.0001,11.016899108886719
848148,0.05,7718,243.73310327999997,10097,109,84.0,212011,0.0001,1.905458927154541
848232,0.05,7719,244.43052070000002,10098,109,84.0,212032,0.0001,1.232957363128662
848316,0.05,7720,244.67084250000005,10099,109,84.0,212053,0.0001,1.3951785564422607
848400,0.05,7721,244.50671256,10100,109,84.0,212074,0.0001,20.955936431884766
848484,0.05,7722,243.95455972000002,10101,109,84.0,212095,0.0001,0.8898667693138123
848568,0.05,7723,243.93638943000002,10102,109,84.0,212116,0.0001,11.373046875
848652,0.05,7724,243.75342588,10103,109,84.0,212137,0.0001,1.578747272491455
848736,0.05,7725,243.88676799999996,10104,109,84.0,212158,0.0001,1.710644245147705
848820,0.05,7726,243.93053349000002,10105,109,84.0,212179,0.0001,1.0156052112579346
848904,0.05,7727,243.99598357,10106,109,84.0,212200,0.0001,1.5219603776931763
848988,0.05,7728,244.03098217999997,10107,109,84.0,212221,0.0001,13.595532417297363
849072,0.05,7728,244.55346004999996,10108,109,84.0,212242,0.0001,13.01866340637207
849156,0.05,7729,244.99517666,10109,109,84.0,212263,0.0001,1.629584789276123
849240,0.05,7730,244.94804863999997,10110,109,84.0,212284,0.0001,0.7074059247970581
849324,0.05,7731,244.83144683999998,10111,109,84.0,212305,0.0001,0.8924437761306763
849408,0.05,7731,244.49099132999999,10112,109,84.0,212326,0.0001,12.496878623962402
849492,0.05,7732,244.55639967,10113,109,84.0,212347,0.0001,9.81550407409668
849576,0.05,7733,244.86428671000002,10114,109,84.0,212368,0.0001,12.368599891662598
849660,0.05,7734,245.00014417,10115,109,84.0,212389,0.0001,14.276433944702148
849744,0.05,7735,244.83527825999997,10116,109,84.0,212410,0.0001,1.321197271347046
849828,0.05,7735,244.96787519999998,10117,109,84.0,212431,0.0001,10.80728530883789
849912,0.05,7736,244.97928964,10118,109,84.0,212452,0.0001,16.663360595703125
849996,0.05,7737,245.13033792,10119,109,84.0,212473,0.0001,1.239640474319458
850080,0.05,7738,245.35904113999996,10120,109,84.0,212494,0.0001,1.0317585468292236
850164,0.05,7739,245.53905118,10121,109,84.0,212515,0.0001,13.904257774353027
850248,0.05,7739,245.63864579,10122,109,84.0,212536,0.0001,1.00880765914917
850332,0.05,7740,245.79692165,10123,109,84.0,212557,0.0001,0.8218643665313721
850416,0.05,7741,245.96733101,10124,109,84.0,212578,0.0001,1.0956473350524902
850500,0.05,7742,246.24965860999998,10125,109,84.0,212599,0.0001,1.6614184379577637
850584,0.05,7742,246.72454879,10126,109,84.0,212620,0.0001,9.996562957763672
850668,0.05,7743,246.81693386999999,10127,109,84.0,212641,0.0001,13.156238555908203
850752,0.05,7744,246.81635226999998,10128,109,84.0,212662,0.0001,2.244931221008301
850836,0.05,7745,246.94071879999996,10129,109,84.0,212683,0.0001,13.175088882446289
850920,0.05,7746,247.23469925,10130,109,84.0,212704,0.0001,8.381209373474121
851004,0.05,7746,247.32199063,10131,109,84.0,212725,0.0001,0.7533366084098816
851088,0.05,7747,247.06768767000003,10132,109,84.0,212746,0.0001,2.0800418853759766
851172,0.05,7748,247.15718823999998,10133,109,84.0,212767,0.0001,1.6652464866638184
851256,0.05,7749,246.83026005,10134,109,84.0,212788,0.0001,13.95703411102295
851340,0.05,7750,247.19381735000002,10135,109,84.0,212809,0.0001,1.2108057737350464
851424,0.05,7750,247.31682044999997,10136,109,84.0,212830,0.0001,1.3284201622009277
851508,0.05,7751,247.44593245000004,10137,109,84.0,212851,0.0001,19.36383056640625
851592,0.05,7752,247.60590066999998,10138,109,84.0,212872,0.0001,11.929732322692871
851676,0.05,7753,248.20770179,10139,109,84.0,212893,0.0001,9.725808143615723
851760,0.05,7754,248.11018717999997,10140,109,84.0,212914,0.0001,1.4561115503311157
851844,0.05,7754,247.33351724999997,10141,109,84.0,212935,0.0001,8.395743370056152
851928,0.05,7755,246.57155052,10142,109,84.0,212956,0.0001,0.885519802570343
852012,0.05,7756,246.22662082999994,10143,109,84.0,212977,0.0001,2.04099702835083
852096,0.05,7757,246.36932117999993,10144,109,84.0,212998,0.0001,1.7073861360549927
852180,0.05,7758,246.47290869999998,10145,109,84.0,213019,0.0001,1.961873173713684
852264,0.05,7758,246.55315565999993,10146,109,84.0,213040,0.0001,0.7215285301208496
852348,0.05,7759,246.77102337999997,10147,109,84.0,213061,0.0001,7.19684362411499
852432,0.05,7760,246.80518396999992,10148,109,84.0,213082,0.0001,30.746944427490234
852516,0.05,7761,247.03451948000003,10149,109,84.0,213103,0.0001,1.702264428138733
852600,0.05,7761,247.00363663999997,10150,109,84.0,213124,0.0001,1.173702359199524
852684,0.05,7762,247.23505035,10151,109,84.0,213145,0.0001,9.807007789611816
852768,0.05,7763,247.73341332000004,10152,109,84.0,213166,0.0001,1.935133457183838
852852,0.05,7764,247.78388422,10153,109,84.0,213187,0.0001,1.3876917362213135
852936,0.05,7765,247.98767427,10154,109,84.0,213208,0.0001,12.798255920410156
853020,0.05,7765,248.40957247000003,10155,109,84.0,213229,0.0001,1.8745884895324707
853104,0.05,7766,248.71147245,10156,109,84.0,213250,0.0001,1.2033941745758057
853188,0.05,7767,248.47898975,10157,109,84.0,213271,0.0001,0.5725762844085693
853272,0.05,7768,248.58507192999997,10158,109,84.0,213292,0.0001,0.6510550379753113
853356,0.05,7768,248.51921487999996,10159,109,84.0,213313,0.0001,1.7597049474716187
853440,0.05,7769,248.66977719999994,10160,109,84.0,213334,0.0001,21.761606216430664
853524,0.05,7770,248.60959038999994,10161,109,84.0,213355,0.0001,2.41119384765625
853608,0.05,7771,248.94395918999996,10162,109,84.0,213376,0.0001,13.954164505004883
853692,0.05,7771,249.83235692,10163,109,84.0,213397,0.0001,2.51589298248291
853776,0.05,7772,249.81191454999995,10164,109,84.0,213418,0.0001,0.7268569469451904
853860,0.05,7773,249.79283647999998,10165,109,84.0,213439,0.0001,1.1155767440795898
853944,0.05,7774,249.37522130999997,10166,109,84.0,213460,0.0001,1.271633267402649
854028,0.05,7775,248.4294207,10167,109,84.0,213481,0.0001,1.1469624042510986
854112,0.05,7775,247.76018076,10168,109,84.0,213502,0.0001,1.1571450233459473
854196,0.05,7776,247.72942978,10169,109,84.0,213523,0.0001,0.9966621398925781
854280,0.05,7777,247.56690838000003,10170,109,84.0,213544,0.0001,2.7308249473571777
854364,0.05,7778,247.34319309000003,10171,109,84.0,213565,0.0001,14.234630584716797
854448,0.05,7778,247.40581589,10172,109,84.0,213586,0.0001,25.75832748413086
854532,0.05,7779,247.38944752999998,10173,109,84.0,213607,0.0001,2.141873598098755
854616,0.05,7780,247.32301348000001,10174,109,84.0,213628,0.0001,1.127474069595337
854700,0.05,7781,246.8292301,10175,109,84.0,213649,0.0001,1.331833839416504
854784,0.05,7781,246.91247551999996,10176,109,84.0,213670,0.0001,1.5594347715377808
854868,0.05,7782,246.85634312,10177,109,84.0,213691,0.0001,1.762894868850708
854952,0.05,7783,246.36555306999998,10178,109,84.0,213712,0.0001,1.1713632345199585
855036,0.05,7784,245.89540136,10179,109,84.0,213733,0.0001,1.8435025215148926
855120,0.05,7784,246.85549511999997,10180,109,84.0,213754,0.0001,12.753674507141113
855204,0.05,7785,246.65354653999998,10181,109,84.0,213775,0.0001,0.806590735912323
855288,0.05,7786,246.78536722,10182,109,84.0,213796,0.0001,0.6461569666862488
855372,0.05,7787,247.02635839,10183,109,84.0,213817,0.0001,13.999146461486816
855456,0.05,7788,246.90364505000002,10184,109,84.0,213838,0.0001,1.3754290342330933
855540,0.05,7788,246.82277186000007,10185,109,84.0,213859,0.0001,11.347766876220703
855624,0.05,7789,246.90721639000006,10186,109,84.0,213880,0.0001,0.9215124249458313
855708,0.05,7790,247.08404865000003,10187,109,84.0,213901,0.0001,1.8756283521652222
855792,0.05,7791,247.31743162000004,10188,109,84.0,213922,0.0001,8.195544242858887
855876,0.05,7792,247.29048321000002,10189,109,84.0,213943,0.0001,9.479930877685547
855960,0.05,7793,247.48678395,10190,109,84.0,213964,0.0001,1.3034071922302246
856044,0.05,7793,247.25904889999998,10191,109,84.0,213985,0.0001,1.2570927143096924
856128,0.05,7794,247.26200987,10192,109,84.0,214006,0.0001,11.886615753173828
856212,0.05,7795,247.04861867,10193,109,84.0,214027,0.0001,10.331709861755371
856296,0.05,7796,246.93083879000002,10194,109,84.0,214048,0.0001,1.0833752155303955
856380,0.05,7796,247.02825627999994,10195,109,84.0,214069,0.0001,16.164161682128906
856464,0.05,7797,246.65914938999998,10196,109,84.0,214090,0.0001,7.910704612731934
856548,0.05,7798,246.64421367999995,10197,109,84.0,214111,0.0001,1.8704572916030884
856632,0.05,7799,246.92009431,10198,109,84.0,214132,0.0001,1.6481975317001343
856716,0.05,7799,247.08271206,10199,109,84.0,214153,0.0001,1.8047552108764648
856800,0.05,7800,247.23791097000006,10200,109,84.0,214174,0.0001,1.932221531867981
856884,0.05,7801,247.75367573000003,10201,109,84.0,214195,0.0001,1.6659343242645264
856968,0.05,7802,247.69701407000005,10202,109,84.0,214216,0.0001,1.057875633239746
857052,0.05,7803,247.77467784000004,10203,109,84.0,214237,0.0001,2.144590139389038
857136,0.05,7803,247.89992311000003,10204,109,84.0,214258,0.0001,1.3078534603118896
857220,0.05,7804,248.07701089000003,10205,109,84.0,214279,0.0001,1.8467642068862915
857304,0.05,7805,248.10898195000001,10206,109,84.0,214300,0.0001,0.9205048084259033
857388,0.05,7806,248.18350883,10207,109,84.0,214321,0.0001,0.5860246419906616
857472,0.05,7806,248.29687744999995,10208,109,84.0,214342,0.0001,10.616032600402832
857556,0.05,7807,248.07888631999998,10209,109,84.0,214363,0.0001,0.8479008674621582
857640,0.05,7808,247.92814831999996,10210,109,84.0,214384,0.0001,12.28921127319336
857724,0.05,7809,247.80980023,10211,109,84.0,214405,0.0001,0.8214238286018372
857808,0.05,7809,248.21799158,10212,109,84.0,214426,0.0001,17.12764549255371
857892,0.05,7810,248.12014688000002,10213,109,84.0,214447,0.0001,8.473727226257324
857976,0.05,7811,247.91060619999996,10214,109,84.0,214468,0.0001,1.1138657331466675
858060,0.05,7812,247.63586246999995,10215,109,84.0,214489,0.0001,0.7338138818740845
858144,0.05,7813,247.76789897999996,10216,109,84.0,214510,0.0001,0.6885477304458618
858228,0.05,7813,247.80689873999992,10217,109,84.0,214531,0.0001,0.8494375944137573
858312,0.05,7814,247.96853331,10218,109,84.0,214552,0.0001,11.804033279418945
858396,0.05,7815,247.70302242999998,10219,109,84.0,214573,0.0001,13.262478828430176
858480,0.05,7816,247.19561903000002,10220,109,84.0,214594,0.0001,20.10708236694336
858564,0.05,7817,246.90459204,10221,109,84.0,214615,0.0001,1.397774338722229
858648,0.05,7817,246.80798137000002,10222,109,84.0,214636,0.0001,7.650889873504639
858732,0.05,7818,246.80567069999998,10223,109,84.0,214657,0.0001,1.4985532760620117
858816,0.05,7819,246.77720299,10224,109,84.0,214678,0.0001,1.27181077003479
858900,0.05,7820,246.60869448999995,10225,109,84.0,214699,0.0001,1.1006276607513428
858984,0.05,7820,246.71428925999996,10226,109,84.0,214720,0.0001,0.8437727093696594
859068,0.05,7821,246.55946151,10227,109,84.0,214741,0.0001,6.744417190551758
859152,0.05,7822,246.18725956999998,10228,109,84.0,214762,0.0001,1.4733039140701294
859236,0.05,7823,245.75934025000004,10229,109,84.0,214783,0.0001,0.5423187613487244
859320,0.05,7824,244.95202834,10230,109,84.0,214804,0.0001,1.2142651081085205
859404,0.05,7824,244.93258390999995,10231,109,84.0,214825,0.0001,12.48552417755127
859488,0.05,7825,245.23010807,10232,109,84.0,214846,0.0001,1.4031708240509033
859572,0.05,7826,245.24715320999996,10233,109,84.0,214867,0.0001,8.961443901062012
859656,0.05,7827,245.49779233,10234,109,84.0,214888,0.0001,10.321378707885742
859740,0.05,7827,245.32123879999995,10235,109,84.0,214909,0.0001,3.4518983364105225
859824,0.05,7828,245.34676790999998,10236,109,84.0,214930,0.0001,1.0220799446105957
859908,0.05,7829,245.33136230999992,10237,109,84.0,214951,0.0001,0.9773291349411011
859992,0.05,7830,245.33843382999999,10238,109,84.0,214972,0.0001,1.1658800840377808
860076,0.05,7830,245.14605027,10239,109,84.0,214993,0.0001,1.5749242305755615
860160,0.05,7831,245.25428159999996,10240,109,84.0,215014,0.0001,1.5267292261123657
860244,0.05,7832,245.74491349999994,10241,109,84.0,215035,0.0001,2.2823219299316406
860328,0.05,7833,246.63568468999995,10242,109,84.0,215056,0.0001,26.415428161621094
860412,0.05,7834,246.98166762999998,10243,109,84.0,215077,0.0001,0.7586580514907837
860496,0.05,7834,246.59784746999998,10244,109,84.0,215098,0.0001,1.8447575569152832
860580,0.05,7835,246.44133396999993,10245,109,84.0,215119,0.0001,1.085770845413208
860664,0.05,7836,246.34814115999995,10246,109,84.0,215140,0.0001,11.907011985778809
860748,0.05,7837,246.54113072999996,10247,109,84.0,215161,0.0001,13.893168449401855
860832,0.05,7837,246.81779083999993,10248,109,84.0,215182,0.0001,2.7432308197021484
860916,0.05,7838,246.98780483999997,10249,109,84.0,215203,0.0001,13.338318824768066
861000,0.05,7839,247.14781467,10250,109,84.0,215224,0.0001,1.7510135173797607
861084,0.05,7840,247.41777745,10251,109,84.0,215245,0.0001,13.423705101013184
861168,0.05,7841,247.20767076999996,10252,109,84.0,215266,0.0001,3.658642530441284
861252,0.05,7841,247.43529883999997,10253,109,84.0,215287,0.0001,1.0751752853393555
861336,0.05,7842,247.61004923999997,10254,109,84.0,215308,0.0001,9.722908973693848
861420,0.05,7843,247.39803544999998,10255,109,84.0,215329,0.0001,2.0104427337646484
861504,0.05,7843,246.95386662,10256,109,84.0,215350,0.0001,0.8069072365760803
861588,0.05,7844,247.27397395999992,10257,109,84.0,215371,0.0001,1.5711257457733154
861672,0.05,7845,247.23718909999997,10258,109,84.0,215392,0.0001,12.985437393188477
861756,0.05,7846,247.31352214999995,10259,109,84.0,215413,0.0001,11.118497848510742
861840,0.05,7846,247.56001229999998,10260,109,84.0,215434,0.0001,1.0149190425872803
861924,0.05,7847,247.49042993999998,10261,109,84.0,215455,0.0001,1.044240951538086
862008,0.05,7848,247.61749578,10262,109,84.0,215476,0.0001,1.125626802444458
862092,0.05,7849,247.39772705000007,10263,109,84.0,215497,0.0001,1.9086568355560303
862176,0.05,7850,247.56878717000006,10264,109,84.0,215518,0.0001,1.2633262872695923
862260,0.05,7850,247.75842725,10265,109,84.0,215539,0.0001,1.6590354442596436
862344,0.05,7851,247.99072823999998,10266,109,84.0,215560,0.0001,1.1844013929367065
862428,0.05,7852,248.60627038,10267,109,84.0,215581,0.0001,0.6943339109420776
862512,0.05,7853,249.28527607,10268,109,84.0,215602,0.0001,25.03997802734375
862596,0.05,7854,249.25068162,10269,109,84.0,215623,0.0001,21.594913482666016
862680,0.05,7854,248.86357737999998,10270,109,84.0,215644,0.0001,0.7073396444320679
862764,0.05,7855,248.80991010999998,10271,109,84.0,215665,0.0001,1.3331921100616455
862848,0.05,7856,248.7538345,10272,109,84.0,215686,0.0001,16.31655502319336
862932,0.05,7857,248.67708755,10273,109,84.0,215707,0.0001,10.338960647583008
863016,0.05,7857,248.86984379,10274,109,84.0,215728,0.0001,1.5468170642852783
863100,0.05,7858,249.52001284,10275,109,84.0,215749,0.0001,0.907423734664917
863184,0.05,7859,249.47270452999993,10276,109,84.0,215770,0.0001,1.741595983505249
863268,0.05,7860,249.71133546000002,10277,109,84.0,215791,0.0001,1.3137378692626953
863352,0.05,7860,249.58153125999996,10278,109,84.0,215812,0.0001,1.579655408859253
863436,0.05,7861,250.02903021999998,10279,109,84.0,215833,0.0001,1.4430238008499146
863520,0.05,7862,249.98505113999997,10280,109,84.0,215854,0.0001,0.6277687549591064
863604,0.05,7863,250.00388514999997,10281,109,84.0,215875,0.0001,0.6918245553970337
863688,0.05,7863,250.04900584999996,10282,109,84.0,215896,0.0001,1.0277611017227173
863772,0.05,7864,249.84556433999998,10283,109,84.0,215917,0.0001,0.9200791120529175
863856,0.05,7865,249.88498176000002,10284,109,84.0,215938,0.0001,13.164571762084961
863940,0.05,7866,250.09217438,10285,109,84.0,215959,0.0001,40.017601013183594
864024,0.05,7867,250.14224313,10286,109,84.0,215980,0.0001,1.2338224649429321
864108,0.05,7868,250.00191505000004,10287,109,84.0,216001,0.0001,24.607315063476562
864192,0.05,7868,250.26863949999998,10288,109,84.0,216022,0.0001,0.7275612354278564
864276,0.05,7869,250.19613428,10289,109,84.0,216043,0.0001,1.716344952583313
864360,0.05,7870,250.10813976,10290,109,84.0,216064,0.0001,1.3876713514328003
864444,0.05,7871,250.22981214000004,10291,109,84.0,216085,0.0001,1.1349165439605713
864528,0.05,7871,250.60733113000003,10292,109,84.0,216106,0.0001,1.032233715057373
864612,0.05,7872,251.07752869999996,10293,109,84.0,216127,0.0001,3.3407344818115234
864696,0.05,7873,251.14218336999994,10294,109,84.0,216148,0.0001,2.15286922454834
864780,0.05,7874,251.25099735999996,10295,109,84.0,216169,0.0001,1.5696358680725098
864864,0.05,7874,251.50600007999998,10296,109,84.0,216190,0.0001,1.4052097797393799
864948,0.05,7875,251.46649445,10297,109,84.0,216211,0.0001,0.97056645154953
865032,0.05,7876,251.04881626000002,10298,109,84.0,216232,0.0001,0.7622098326683044
865116,0.05,7877,250.75727178,10299,109,84.0,216253,0.0001,1.9681556224822998
865200,0.05,7877,250.62337174,10300,109,84.0,216274,0.0001,2.0699515342712402
865284,0.05,7878,250.35761746,10301,109,84.0,216295,0.0001,21.946788787841797
865368,0.05,7879,250.32132745,10302,109,84.0,216316,0.0001,1.096590280532837
865452,0.05,7880,250.34031754,10303,109,84.0,216337,0.0001,10.404969215393066
865536,0.05,7880,250.31833800999996,10304,109,84.0,216358,0.0001,5.5304436683654785
865620,0.05,7881,250.23014200999995,10305,109,84.0,216379,0.0001,0.6976975798606873
865704,0.05,7882,249.90268651,10306,109,84.0,216400,0.0001,1.3337979316711426
865788,0.05,7883,249.81083823999998,10307,109,84.0,216421,0.0001,1.164169192314148
865872,0.05,7883,250.05469641000002,10308,109,84.0,216442,0.0001,14.963332176208496
865956,0.05,7884,250.24456052000002,10309,109,84.0,216463,0.0001,0.8773616552352905
866040,0.05,7885,250.28495298,10310,109,84.0,216484,0.0001,13.700610160827637
866124,0.05,7886,250.64697408000004,10311,109,84.0,216505,0.0001,14.627124786376953
866208,0.05,7887,250.72741979000003,10312,109,84.0,216526,0.0001,0.6980844736099243
866292,0.05,7887,250.90717919000002,10313,109,84.0,216547,0.0001,14.003352165222168
866376,0.05,7888,251.12743967000003,10314,109,84.0,216568,0.0001,1.0967031717300415
866460,0.05,7889,251.51628803,10315,109,84.0,216589,0.0001,0.8936845064163208
866544,0.05,7890,251.28935069,10316,109,84.0,216610,0.0001,1.4353902339935303
866628,0.05,7890,251.36706738000004,10317,109,84.0,216631,0.0001,11.937530517578125
866712,0.05,7891,251.17849683,10318,109,84.0,216652,0.0001,1.7931122779846191
866796,0.05,7892,251.61566428000003,10319,109,84.0,216673,0.0001,0.7635712623596191
866880,0.05,7893,252.02470878,10320,109,84.0,216694,0.0001,1.4991207122802734
866964,0.05,7893,252.39923778,10321,109,84.0,216715,0.0001,13.302828788757324
867048,0.05,7894,252.32523251000003,10322,109,84.0,216736,0.0001,13.703853607177734
867132,0.05,7895,252.19085364,10323,109,84.0,216757,0.0001,0.7588884234428406
867216,0.05,7896,252.04996872000004,10324,109,84.0,216778,0.0001,1.1195976734161377
867300,0.05,7897,252.14754888000004,10325,109,84.0,216799,0.0001,0.8494809865951538
867384,0.05,7897,251.90615231000004,10326,109,84.0,216820,0.0001,7.693573951721191
867468,0.05,7898,252.02028821000007,10327,109,84.0,216841,0.0001,1.0994724035263062
867552,0.05,7899,252.31672443000002,10328,109,84.0,216862,0.0001,0.7694955468177795
867636,0.05,7900,252.66111242000002,10329,109,84.0,216883,0.0001,5.9459967613220215
867720,0.05,7900,253.35762146000002,10330,109,84.0,216904,0.0001,0.7904934883117676
867804,0.05,7901,253.57708532,10331,109,84.0,216925,0.0001,1.1034916639328003
867888,0.05,7902,253.53079172999998,10332,109,84.0,216946,0.0001,1.9399120807647705
867972,0.05,7903,253.63782927999998,10333,109,84.0,216967,0.0001,0.7447107434272766
868056,0.05,7903,253.54315913,10334,109,84.0,216988,0.0001,13.573697090148926
868140,0.05,7904,253.50466904000004,10335,109,84.0,217009,0.0001,1.0025033950805664
868224,0.05,7905,253.47843955,10336,109,84.0,217030,0.0001,1.1068477630615234
868308,0.05,7906,253.27985560000005,10337,109,84.0,217051,0.0001,0.604022741317749
868392,0.05,7907,253.05499903000003,10338,109,84.0,217072,0.0001,1.0629161596298218
868476,0.05,7907,252.85723115000002,10339,109,84.0,217093,0.0001,8.073458671569824
868560,0.05,7908,252.76193897000002,10340,109,84.0,217114,0.0001,0.9718659520149231
868644,0.05,7909,252.66438259000003,10341,109,84.0,217135,0.0001,0.8659954071044922
868728,0.05,7910,252.5274537,10342,109,84.0,217156,0.0001,1.2662702798843384
868812,0.05,7910,252.03420202,10343,109,84.0,217177,0.0001,1.5797159671783447
868896,0.05,7911,252.33784874,10344,109,84.0,217198,0.0001,10.036223411560059
868980,0.05,7912,251.65138605000004,10345,109,84.0,217219,0.0001,9.052345275878906
869064,0.05,7913,251.11956844,10346,109,84.0,217240,0.0001,12.904531478881836
869148,0.05,7914,250.65219373000002,10347,109,84.0,217261,0.0001,0.9457108974456787
869232,0.05,7914,250.76916043,10348,109,84.0,217282,0.0001,0.7863243818283081
869316,0.05,7915,250.25594998000005,10349,109,84.0,217303,0.0001,1.5932142734527588
869400,0.05,7916,249.48578219000004,10350,109,84.0,217324,0.0001,0.7537076473236084
869484,0.05,7917,249.06271901000008,10351,109,84.0,217345,0.0001,0.5242822170257568
869568,0.05,7917,249.21762054,10352,109,84.0,217366,0.0001,1.946737289428711
869652,0.05,7918,249.17650837000005,10353,109,84.0,217387,0.0001,8.871787071228027
869736,0.05,7919,248.99147224000004,10354,109,84.0,217408,0.0001,1.122592806816101
869820,0.05,7920,249.12179911000007,10355,109,84.0,217429,0.0001,1.0100715160369873
869904,0.05,7920,249.24283017000005,10356,109,84.0,217450,0.0001,22.23269271850586
869988,0.05,7921,248.60697792000002,10357,109,84.0,217471,0.0001,12.903924942016602
870072,0.05,7922,248.54836417000007,10358,109,84.0,217492,0.0001,1.9748892784118652
870156,0.05,7923,248.69886540000005,10359,109,84.0,217513,0.0001,1.5859739780426025
870240,0.05,7923,248.37878833000002,10360,109,84.0,217534,0.0001,0.41831445693969727
870324,0.05,7924,248.30280091,10361,109,84.0,217555,0.0001,0.8788667917251587
870408,0.05,7925,248.28149495000002,10362,109,84.0,217576,0.0001,13.8677978515625
870492,0.05,7926,248.16417248,10363,109,84.0,217597,0.0001,0.9509446024894714
870576,0.05,7926,248.08062698999998,10364,109,84.0,217618,0.0001,20.527278900146484
870660,0.05,7927,247.60809811000001,10365,109,84.0,217639,0.0001,1.0779207944869995
870744,0.05,7928,247.69259002,10366,109,84.0,217660,0.0001,2.0073137283325195
870828,0.05,7929,247.93925132,10367,109,84.0,217681,0.0001,15.391277313232422
870912,0.05,7929,247.96939198,10368,109,84.0,217702,0.0001,1.7490367889404297
870996,0.05,7930,248.20350247000002,10369,109,84.0,217723,0.0001,1.456310510635376
871080,0.05,7931,248.65132817000003,10370,109,84.0,217744,0.0001,19.6716251373291
871164,0.05,7932,248.54565998,10371,109,84.0,217765,0.0001,1.6396043300628662
871248,0.05,7932,248.24146089,10372,109,84.0,217786,0.0001,0.6963419914245605
871332,0.05,7933,247.88386614000004,10373,109,84.0,217807,0.0001,1.6923465728759766
871416,0.05,7934,247.70991326000004,10374,109,84.0,217828,0.0001,1.123582363128662
871500,0.05,7935,247.59127961000002,10375,109,84.0,217849,0.0001,0.901422381401062
871584,0.05,7936,247.64872174,10376,109,84.0,217870,0.0001,23.32497787475586
871668,0.05,7936,247.40204868,10377,109,84.0,217891,0.0001,0.8334043025970459
871752,0.05,7937,247.69219196000003,10378,109,84.0,217912,0.0001,1.9487950801849365
871836,0.05,7938,247.60119829000004,10379,109,84.0,217933,0.0001,26.758255004882812
871920,0.05,7939,247.45586624,10380,109,84.0,217954,0.0001,1.9373207092285156
872004,0.05,7939,247.33006583000005,10381,109,84.0,217975,0.0001,1.6540013551712036
872088,0.05,7940,247.18300824000002,10382,109,84.0,217996,0.0001,1.149989366531372
872172,0.05,7941,247.29640021000006,10383,109,84.0,218017,0.0001,1.2653179168701172
872256,0.05,7942,247.35844127999997,10384,109,84.0,218038,0.0001,1.054093360900879
872340,0.05,7942,246.99401014000003,10385,109,84.0,218059,0.0001,21.781997680664062
872424,0.05,7943,246.95972171000003,10386,109,84.0,218080,0.0001,0.8275351524353027
872508,0.05,7944,247.2598164,10387,109,84.0,218101,0.0001,0.736565887928009
872592,0.05,7945,246.83210854000004,10388,109,84.0,218122,0.0001,13.732799530029297
872676,0.05,7945,246.7614703,10389,109,84.0,218143,0.0001,1.55997633934021
872760,0.05,7946,247.19713090000002,10390,109,84.0,218164,0.0001,13.509151458740234
872844,0.05,7947,246.9511161,10391,109,84.0,218185,0.0001,11.666526794433594
872928,0.05,7948,246.83220068999998,10392,109,84.0,218206,0.0001,13.742549896240234
873012,0.05,7949,246.47415156,10393,109,84.0,218227,0.0001,0.7512304782867432
873096,0.05,7949,246.54713336,10394,109,84.0,218248,0.0001,11.968307495117188
873180,0.05,7950,246.2337619,10395,109,84.0,218269,0.0001,10.312973976135254
873264,0.05,7951,245.87137292,10396,109,84.0,218290,0.0001,11.414958953857422
873348,0.05,7952,245.90576965999998,10397,109,84.0,218311,0.0001,0.8502151966094971
873432,0.05,7952,246.09540755999998,10398,109,84.0,218332,0.0001,0.6636327505111694
873516,0.05,7953,246.08787117,10399,109,84.0,218353,0.0001,10.491063117980957
873600,0.05,7954,246.22963734,10400,109,84.0,218374,0.0001,1.5650856494903564
873684,0.05,7955,246.44846752000004,10401,109,84.0,218395,0.0001,1.5432970523834229
873768,0.05,7956,246.42531474,10402,109,84.0,218416,0.0001,10.748302459716797
873852,0.05,7956,246.18614966,10403,109,84.0,218437,0.0001,13.935194969177246
873936,0.05,7957,245.83628573,10404,109,84.0,218458,0.0001,1.4924407005310059
874020,0.05,7958,245.66204269999997,10405,109,84.0,218479,0.0001,9.144455909729004
874104,0.05,7959,245.77821764,10406,109,84.0,218500,0.0001,1.2239041328430176
874188,0.05,7959,245.54747457999997,10407,109,84.0,218521,0.0001,13.633463859558105
874272,0.05,7960,245.16271433999998,10408,109,84.0,218542,0.0001,1.1782290935516357
874356,0.05,7961,244.59694539999998,10409,109,84.0,218563,0.0001,0.5203840732574463
874440,0.05,7961,244.44353337999993,10410,109,84.0,218584,0.0001,0.8141870498657227
874524,0.05,7962,243.93959544999996,10411,109,84.0,218605,0.0001,1.5169187784194946
874608,0.05,7963,243.85663921,10412,109,84.0,218626,0.0001,0.8812299966812134
874692,0.05,7963,243.57302873999998,10413,109,84.0,218647,0.0001,0.740354061126709
874776,0.05,7964,243.39232638,10414,109,84.0,218668,0.0001,1.2231417894363403
874860,0.05,7965,243.05453341999993,10415,109,84.0,218689,0.0001,1.8273448944091797
874944,0.05,7966,243.04414562999995,10416,109,84.0,218710,0.0001,1.824495792388916
875028,0.05,7966,242.68001937999995,10417,109,84.0,218731,0.0001,12.075173377990723
875112,0.05,7967,242.88612958,10418,109,84.0,218752,0.0001,1.2082548141479492
875196,0.05,7968,242.56211201999994,10419,109,84.0,218773,0.0001,10.72366714477539
875280,0.05,7968,242.52342984999996,10420,109,84.0,218794,0.0001,1.1269208192825317
875364,0.05,7969,242.15836973999996,10421,109,84.0,218815,0.0001,13.42615795135498
875448,0.05,7970,242.10301957999997,10422,109,84.0,218836,0.0001,13.390565872192383
875532,0.05,7970,242.12408541999997,10423,109,84.0,218857,0.0001,1.084751844406128
875616,0.05,7971,242.37250687999997,10424,109,84.0,218878,0.0001,11.2362060546875
875700,0.05,7972,242.22617564,10425,109,84.0,218899,0.0001,0.5529485940933228
875784,0.05,7973,242.33922164000003,10426,109,84.0,218920,0.0001,0.9853891134262085
875868,0.05,7973,242.45155056000004,10427,109,84.0,218941,0.0001,3.217207908630371
875952,0.05,7974,242.53698995000002,10428,109,84.0,218962,0.0001,1.3989958763122559
876036,0.05,7975,242.24599640000005,10429,109,84.0,218983,0.0001,16.456274032592773
876120,0.05,7976,241.99958913000003,10430,109,84.0,219004,0.0001,1.3493403196334839
876204,0.05,7976,241.60082147999998,10431,109,84.0,219025,0.0001,2.9381842613220215
876288,0.05,7977,241.40229001,10432,109,84.0,219046,0.0001,1.441634178161621
876372,0.05,7978,241.40723892999998,10433,109,84.0,219067,0.0001,1.0126733779907227
876456,0.05,7978,241.51685942999995,10434,109,84.0,219088,0.0001,1.1568642854690552
876540,0.05,7979,241.66433373,10435,109,84.0,219109,0.0001,1.1876842975616455
876624,0.05,7980,241.61572952000003,10436,109,84.0,219130,0.0001,2.682927370071411
876708,0.05,7980,241.83127297000001,10437,109,84.0,219151,0.0001,8.135398864746094
876792,0.05,7981,242.1034323,10438,109,84.0,219172,0.0001,14.745922088623047
876876,0.05,7982,242.30058002,10439,109,84.0,219193,0.0001,0.9327534437179565
876960,0.05,7983,242.06161426999998,10440,109,84.0,219214,0.0001,13.82852554321289
877044,0.05,7983,242.02563357,10441,109,84.0,219235,0.0001,0.6726572513580322
877128,0.05,7984,241.91833168999997,10442,109,84.0,219256,0.0001,15.756048202514648
877212,0.05,7985,242.25422392999997,10443,109,84.0,219277,0.0001,1.068164587020874
877296,0.05,7985,242.18473134000004,10444,109,84.0,219298,0.0001,1.9033141136169434
877380,0.05,7986,242.29479897999997,10445,109,84.0,219319,0.0001,13.680377960205078
877464,0.05,7987,242.36393714,10446,109,84.0,219340,0.0001,1.2211660146713257
877548,0.05,7987,242.70619605,10447,109,84.0,219361,0.0001,0.7992719411849976
877632,0.05,7988,242.13595867,10448,109,84.0,219382,0.0001,0.8378080129623413
877716,0.05,7989,242.48515618,10449,109,84.0,219403,0.0001,1.2079007625579834
877800,0.05,7990,243.28378611,10450,109,84.0,219424,0.0001,1.4628856182098389
877884,0.05,7990,243.34049676000004,10451,109,84.0,219445,0.0001,1.6154524087905884
877968,0.05,7991,243.32201895000003,10452,109,84.0,219466,0.0001,7.535961627960205
878052,0.05,7992,243.17278054000005,10453,109,84.0,219487,0.0001,1.2501564025878906
878136,0.05,7992,242.93493600000002,10454,109,84.0,219508,0.0001,1.8194546699523926
878220,0.05,7993,242.41180668000004,10455,109,84.0,219529,0.0001,1.2441201210021973
878304,0.05,7994,242.46094842000002,10456,109,84.0,219550,0.0001,1.3405927419662476
878388,0.05,7994,242.87701494,10457,109,84.0,219571,0.0001,13.552704811096191
878472,0.05,7995,242.81438384999998,10458,109,84.0,219592,0.0001,1.4369957447052002
878556,0.05,7996,242.39187122999996,10459,109,84.0,219613,0.0001,0.5433311462402344
878640,0.05,7997,242.28387463999996,10460,109,84.0,219634,0.0001,1.435805320739746
878724,0.05,7997,242.33109396,10461,109,84.0,219655,0.0001,1.9321410655975342
878808,0.05,7998,242.30561345,10462,109,84.0,219676,0.0001,13.946314811706543
878892,0.05,7999,242.40959071999998,10463,109,84.0,219697,0.0001,2.142873764038086
878976,0.05,7999,242.02324758999998,10464,109,84.0,219718,0.0001,0.6273962259292603
879060,0.05,8000,241.97930499999995,10465,109,84.0,219739,0.0001,11.668381690979004
879144,0.05,8001,242.05780867999994,10466,109,84.0,219760,0.0001,0.8618587255477905
879228,0.05,8001,241.90774441999994,10467,109,84.0,219781,0.0001,14.03784465789795
879312,0.05,8002,241.59911717,10468,109,84.0,219802,0.0001,1.179800271987915
879396,0.05,8003,241.2409352,10469,109,84.0,219823,0.0001,9.366077423095703
879480,0.05,8003,241.03690773999998,10470,109,84.0,219844,0.0001,0.33633753657341003
879564,0.05,8004,241.11852829000003,10471,109,84.0,219865,0.0001,13.521685600280762
879648,0.05,8005,241.44668992000007,10472,109,84.0,219886,0.0001,1.3418080806732178
879732,0.05,8006,241.97834872000004,10473,109,84.0,219907,0.0001,14.813566207885742
879816,0.05,8006,241.99938930000005,10474,109,84.0,219928,0.0001,13.399256706237793
879900,0.05,8007,241.88775865000002,10475,109,84.0,219949,0.0001,1.0472700595855713
879984,0.05,8008,242.06844168,10476,109,84.0,219970,0.0001,1.3179553747177124
880068,0.05,8008,242.41578374,10477,109,84.0,219991,0.0001,1.26044762134552
880152,0.05,8009,242.60623458000006,10478,109,84.0,220012,0.0001,15.052701950073242
880236,0.05,8010,242.42860247000004,10479,109,84.0,220033,0.0001,1.143581509590149
880320,0.05,8010,242.63476650000004,10480,109,84.0,220054,0.0001,11.44644832611084
880404,0.05,8011,242.76000571,10481,109,84.0,220075,0.0001,1.3309053182601929
880488,0.05,8012,242.95228312,10482,109,84.0,220096,0.0001,0.8254085183143616
880572,0.05,8013,243.03021690000003,10483,109,84.0,220117,0.0001,8.607044219970703
880656,0.05,8013,242.83683895000001,10484,109,84.0,220138,0.0001,1.6166819334030151
880740,0.05,8014,243.02611517999998,10485,109,84.0,220159,0.0001,0.7397233247756958
880824,0.05,8015,243.09500939000006,10486,109,84.0,220180,0.0001,1.6244306564331055
880908,0.05,8015,242.64414136000002,10487,109,84.0,220201,0.0001,13.72637939453125
880992,0.05,8016,242.33801576000002,10488,109,84.0,220222,0.0001,14.041465759277344
881076,0.05,8017,242.19295284999995,10489,109,84.0,220243,0.0001,1.0433727502822876
881160,0.05,8017,241.97601114999995,10490,109,84.0,220264,0.0001,1.3431203365325928
881244,0.05,8018,242.03941770999995,10491,109,84.0,220285,0.0001,0.7002021074295044
881328,0.05,8019,241.99552185999997,10492,109,84.0,220306,0.0001,0.8141827583312988
881412,0.05,8020,242.0419976,10493,109,84.0,220327,0.0001,1.2718994617462158
881496,0.05,8020,241.63582732999998,10494,109,84.0,220348,0.0001,14.959939956665039
881580,0.05,8021,241.50650050000002,10495,109,84.0,220369,0.0001,23.965965270996094
881664,0.05,8022,241.78972999000004,10496,109,84.0,220390,0.0001,9.018251419067383
881748,0.05,8022,241.84176859000002,10497,109,84.0,220411,0.0001,0.6068807244300842
881832,0.05,8023,241.75919119000005,10498,109,84.0,220432,0.0001,8.368648529052734
881916,0.05,8024,241.96814793000001,10499,109,84.0,220453,0.0001,15.211881637573242
882000,0.05,8024,242.05247420000003,10500,109,84.0,220474,0.0001,1.6846495866775513
882084,0.05,8025,242.35657945000003,10501,109,84.0,220495,0.0001,22.362911224365234
882168,0.05,8026,242.44667244000004,10502,109,84.0,220516,0.0001,1.2874144315719604
882252,0.05,8026,242.25769546,10503,109,84.0,220537,0.0001,1.1456480026245117
882336,0.05,8027,242.53675845000006,10504,109,84.0,220558,0.0001,13.233258247375488
882420,0.05,8028,242.62100511,10505,109,84.0,220579,0.0001,1.2788100242614746
882504,0.05,8029,242.5927821,10506,109,84.0,220600,0.0001,1.3394675254821777
882588,0.05,8029,242.84529026,10507,109,84.0,220621,0.0001,1.3417441844940186
882672,0.05,8030,242.85046782999999,10508,109,84.0,220642,0.0001,0.672504186630249
882756,0.05,8031,243.24737052,10509,109,84.0,220663,0.0001,12.358403205871582
882840,0.05,8031,243.42222058,10510,109,84.0,220684,0.0001,14.43864917755127
882924,0.05,8032,243.79020668,10511,109,84.0,220705,0.0001,0.8782830238342285
883008,0.05,8033,243.61519953000004,10512,109,84.0,220726,0.0001,1.1767499446868896
883092,0.05,8033,243.80785394999998,10513,109,84.0,220747,0.0001,0.8945580720901489
883176,0.05,8034,243.88217751999997,10514,109,84.0,220768,0.0001,1.6110479831695557
883260,0.05,8035,244.16522594999998,10515,109,84.0,220789,0.0001,0.805631160736084
883344,0.05,8035,244.07492642999995,10516,109,84.0,220810,0.0001,1.0636751651763916
883428,0.05,8036,244.56981145999998,10517,109,84.0,220831,0.0001,1.1641148328781128
883512,0.05,8037,244.51646688999998,10518,109,84.0,220852,0.0001,10.272686004638672
883596,0.05,8037,244.59394351,10519,109,84.0,220873,0.0001,0.9722697734832764
883680,0.05,8038,244.35622597999998,10520,109,84.0,220894,0.0001,1.685443639755249
883764,0.05,8039,244.39929857999996,10521,109,84.0,220915,0.0001,9.494307518005371
883848,0.05,8039,243.98840176,10522,109,84.0,220936,0.0001,1.4545412063598633
883932,0.05,8040,243.65963621999998,10523,109,84.0,220957,0.0001,1.5762349367141724
884016,0.05,8041,242.40103074,10524,109,84.0,220978,0.0001,2.103987693786621
884100,0.05,8041,241.59557351000004,10525,109,84.0,220999,0.0001,1.739329218864441
884184,0.05,8042,241.11985032,10526,109,84.0,221020,0.0001,1.0246161222457886
884268,0.05,8043,240.98192544000003,10527,109,84.0,221041,0.0001,1.7111605405807495
884352,0.05,8043,240.86217059000006,10528,109,84.0,221062,0.0001,41.35943603515625
884436,0.05,8044,241.07006969000005,10529,109,84.0,221083,0.0001,14.992317199707031
884520,0.05,8045,241.33191275000004,10530,109,84.0,221104,0.0001,22.436805725097656
884604,0.05,8045,241.44063094000003,10531,109,84.0,221125,0.0001,0.950761079788208
884688,0.05,8046,241.37457256000002,10532,109,84.0,221146,0.0001,14.854562759399414
884772,0.05,8047,241.11959035,10533,109,84.0,221167,0.0001,14.283385276794434
884856,0.05,8047,241.13478977999995,10534,109,84.0,221188,0.0001,1.232584834098816
884940,0.05,8048,240.91192874999996,10535,109,84.0,221209,0.0001,2.31581711769104
885024,0.05,8049,240.82320846,10536,109,84.0,221230,0.0001,1.5408565998077393
885108,0.05,8049,240.53975877999997,10537,109,84.0,221251,0.0001,1.0680108070373535
885192,0.05,8050,240.33020537999997,10538,109,84.0,221272,0.0001,13.553142547607422
885276,0.05,8051,240.05294632999997,10539,109,84.0,221293,0.0001,1.6656825542449951
885360,0.05,8051,240.06880169,10540,109,84.0,221314,0.0001,0.4330095052719116
885444,0.05,8052,240.13721743999997,10541,109,84.0,221335,0.0001,1.110826015472412
885528,0.05,8053,240.22168549000003,10542,109,84.0,221356,0.0001,1.4601876735687256
885612,0.05,8053,240.01561096999998,10543,109,84.0,221377,0.0001,1.5030183792114258
885696,0.05,8054,239.73036732,10544,109,84.0,221398,0.0001,11.530132293701172
885780,0.05,8055,240.17036065,10545,109,84.0,221419,0.0001,1.0637366771697998
885864,0.05,8055,240.62427086999998,10546,109,84.0,221440,0.0001,1.3507354259490967
885948,0.05,8056,240.33268452999997,10547,109,84.0,221461,0.0001,0.6306256055831909
886032,0.05,8057,240.47740675999995,10548,109,84.0,221482,0.0001,0.9270225763320923
886116,0.05,8057,240.75518946,10549,109,84.0,221503,0.0001,0.9688031077384949
886200,0.05,8058,240.8150493,10550,109,84.0,221524,0.0001,1.2394649982452393
886284,0.05,8059,241.01139027000002,10551,109,84.0,221545,0.0001,1.1664971113204956
886368,0.05,8059,240.70279420999998,10552,109,84.0,221566,0.0001,0.8729038834571838
886452,0.05,8060,240.8268188,10553,109,84.0,221587,0.0001,1.5924150943756104
886536,0.05,8060,240.67632041000002,10554,109,84.0,221608,0.0001,1.3234367370605469
886620,0.05,8061,241.19382395000005,10555,109,84.0,221629,0.0001,2.978367805480957
886704,0.05,8062,241.28967935000003,10556,109,84.0,221650,0.0001,2.0656697750091553
886788,0.05,8062,241.36336359999999,10557,109,84.0,221671,0.0001,1.2374935150146484
886872,0.05,8063,241.01276936,10558,109,84.0,221692,0.0001,0.3669295907020569
886956,0.05,8064,241.17812993999996,10559,109,84.0,221713,0.0001,10.796758651733398
887040,0.05,8064,240.71044449,10560,109,84.0,221734,0.0001,8.268952369689941
887124,0.05,8065,240.58387636000003,10561,109,84.0,221755,0.0001,14.208181381225586
887208,0.05,8066,240.50041843000002,10562,109,84.0,221776,0.0001,0.7349807024002075
887292,0.05,8066,240.47318552000004,10563,109,84.0,221797,0.0001,0.8826327919960022
887376,0.05,8067,240.72759818000003,10564,109,84.0,221818,0.0001,1.726313591003418
887460,0.05,8068,240.97737915000005,10565,109,84.0,221839,0.0001,1.3664889335632324
887544,0.05,8068,240.78160222000002,10566,109,84.0,221860,0.0001,1.5965721607208252
887628,0.05,8069,240.83573766,10567,110,84.0,221881,0.0001,0.8957487344741821
887712,0.05,8069,240.85717318000002,10568,110,84.0,221902,0.0001,0.8655911087989807
887796,0.05,8070,240.90518282000002,10569,110,84.0,221923,0.0001,1.3188517093658447
887880,0.05,8071,241.30280481000003,10570,110,84.0,221944,0.0001,10.542865753173828
887964,0.05,8072,241.5899609,10571,110,84.0,221965,0.0001,1.6165162324905396
888048,0.05,8072,241.47161895999997,10572,110,84.0,221986,0.0001,1.5840704441070557
888132,0.05,8073,241.08251912,10573,110,84.0,222007,0.0001,9.456435203552246
888216,0.05,8074,240.91558332,10574,110,84.0,222028,0.0001,0.6347132325172424
888300,0.05,8074,240.91560553000002,10575,110,84.0,222049,0.0001,1.884580135345459
888384,0.05,8075,240.55165506,10576,110,84.0,222070,0.0001,0.8119412660598755
888468,0.05,8076,240.45765582,10577,110,84.0,222091,0.0001,2.184962272644043
888552,0.05,8076,240.20137438,10578,110,84.0,222112,0.0001,1.0849541425704956
888636,0.05,8077,240.10059212,10579,110,84.0,222133,0.0001,2.2407617568969727
888720,0.05,8078,239.30063922000002,10580,110,84.0,222154,0.0001,12.428719520568848
888804,0.05,8078,239.10203834,10581,110,84.0,222175,0.0001,1.8333971500396729
888888,0.05,8079,238.71536364000002,10582,110,84.0,222196,0.0001,1.1367485523223877
888972,0.05,8080,238.96874075000002,10583,110,84.0,222217,0.0001,0.7177954912185669
889056,0.05,8080,238.98611589,10584,110,84.0,222238,0.0001,12.790817260742188
889140,0.05,8081,238.46031463000003,10585,110,84.0,222259,0.0001,1.1615502834320068
889224,0.05,8081,238.27396051999997,10586,110,84.0,222280,0.0001,0.9095547795295715
889308,0.05,8082,238.52167542000004,10587,110,84.0,222301,0.0001,0.6085518598556519
889392,0.05,8083,238.89458905,10588,110,84.0,222322,0.0001,2.3939123153686523
889476,0.05,8083,238.80446208,10589,110,84.0,222343,0.0001,2.2185277938842773
889560,0.05,8084,238.63215365,10590,110,84.0,222364,0.0001,0.7031173706054688
889644,0.05,8085,238.67301792,10591,110,84.0,222385,0.0001,1.657536506652832
889728,0.05,8085,238.63251527,10592,110,84.0,222406,0.0001,2.7008891105651855
889812,0.05,8086,238.60570708,10593,110,84.0,222427,0.0001,2.320054531097412
889896,0.05,8087,238.95591053,10594,110,84.0,222448,0.0001,1.7255395650863647
889980,0.05,8087,239.17995524999998,10595,110,84.0,222469,0.0001,0.6511280536651611
890064,0.05,8088,239.34462036000002,10596,110,84.0,222490,0.0001,1.4484765529632568
890148,0.05,8089,239.18674599000002,10597,110,84.0,222511,0.0001,1.1237585544586182
890232,0.05,8089,238.59698892,10598,110,84.0,222532,0.0001,22.26327896118164
890316,0.05,8090,238.23752174,10599,110,84.0,222553,0.0001,1.0373907089233398
890400,0.05,8090,238.02868798,10600,110,84.0,222574,0.0001,1.2061349153518677
890484,0.05,8091,237.62487149,10601,110,84.0,222595,0.0001,1.1098062992095947
890568,0.05,8091,237.49369538,10602,110,84.0,222616,0.0001,0.9539815187454224
890652,0.05,8092,238.03859398,10603,110,84.0,222637,0.0001,1.7000670433044434
890736,0.05,8093,237.99277527,10604,110,84.0,222658,0.0001,27.77906036376953
890820,0.05,8093,238.04674741,10605,110,84.0,222679,0.0001,2.4804277420043945
890904,0.05,8094,238.10610684999995,10606,110,84.0,222700,0.0001,1.5340592861175537
890988,0.05,8095,237.75217852999995,10607,110,84.0,222721,0.0001,0.9403375387191772
891072,0.05,8095,237.63886855999993,10608,110,84.0,222742,0.0001,1.7709968090057373
891156,0.05,8096,237.51970359999993,10609,110,84.0,222763,0.0001,2.2452609539031982
891240,0.05,8097,237.55881168,10610,110,84.0,222784,0.0001,0.959033191204071
891324,0.05,8097,237.50660905,10611,110,84.0,222805,0.0001,0.46891099214553833
891408,0.05,8098,237.57821194,10612,110,84.0,222826,0.0001,1.202974557876587
891492,0.05,8099,237.35564186,10613,110,84.0,222847,0.0001,1.6098871231079102
891576,0.05,8099,237.37224547999998,10614,110,84.0,222868,0.0001,19.308645248413086
891660,0.05,8100,237.38739384000002,10615,110,84.0,222889,0.0001,1.095707893371582
891744,0.05,8100,237.51952864999998,10616,110,84.0,222910,0.0001,0.499752938747406
891828,0.05,8101,237.40291507999996,10617,110,84.0,222931,0.0001,9.652896881103516
891912,0.05,8102,237.44659930999998,10618,110,84.0,222952,0.0001,0.7174493074417114
891996,0.05,8102,237.20394531999995,10619,110,84.0,222973,0.0001,0.9125593900680542
892080,0.05,8103,237.23101117,10620,110,84.0,222994,0.0001,13.177165985107422
892164,0.05,8104,237.22516615999996,10621,110,84.0,223015,0.0001,10.476691246032715
892248,0.05,8104,237.40352521,10622,110,84.0,223036,0.0001,24.491939544677734
892332,0.05,8105,237.52422908,10623,110,84.0,223057,0.0001,10.007318496704102
892416,0.05,8105,238.5643352,10624,110,84.0,223078,0.0001,1.002445101737976
892500,0.05,8106,239.47642792,10625,110,84.0,223099,0.0001,13.638742446899414
892584,0.05,8107,239.84226879999997,10626,110,84.0,223120,0.0001,0.93436598777771
892668,0.05,8107,239.73318697,10627,110,84.0,223141,0.0001,1.4928580522537231
892752,0.05,8108,239.54201791,10628,110,84.0,223162,0.0001,0.8113514184951782
892836,0.05,8109,239.49008777000003,10629,110,84.0,223183,0.0001,1.2543911933898926
892920,0.05,8109,239.46859640000002,10630,110,84.0,223204,0.0001,1.279057502746582
893004,0.05,8110,239.46906248000002,10631,110,84.0,223225,0.0001,9.961529731750488
893088,0.05,8110,239.57804208999997,10632,110,84.0,223246,0.0001,27.906240463256836
893172,0.05,8111,239.69543136000001,10633,110,84.0,223267,0.0001,0.8570457696914673
893256,0.05,8112,239.57054127,10634,110,84.0,223288,0.0001,1.455008864402771
893340,0.05,8112,239.72642406,10635,110,84.0,223309,0.0001,10.29464054107666
893424,0.05,8113,239.90574836000005,10636,110,84.0,223330,0.0001,1.1959205865859985
893508,0.05,8113,240.16842968999998,10637,110,84.0,223351,0.0001,1.062547206878662
893592,0.05,8114,240.20112911999996,10638,110,84.0,223372,0.0001,10.595075607299805
893676,0.05,8115,240.53765754,10639,110,84.0,223393,0.0001,11.427596092224121
893760,0.05,8115,240.84268132999998,10640,110,84.0,223414,0.0001,0.6809031963348389
893844,0.05,8116,240.88804986,10641,110,84.0,223435,0.0001,0.7290222644805908
893928,0.05,8116,240.83692442,10642,110,84.0,223456,0.0001,1.4968221187591553
894012,0.05,8117,241.14652100000004,10643,110,84.0,223477,0.0001,1.7102515697479248
894096,0.05,8117,241.20812862000002,10644,110,84.0,223498,0.0001,1.1014063358306885
894180,0.05,8118,241.68267064,10645,110,84.0,223519,0.0001,2.231496810913086
894264,0.05,8118,241.36260219999997,10646,110,84.0,223540,0.0001,9.082448959350586
894348,0.05,8119,241.40323485000002,10647,110,84.0,223561,0.0001,13.652565956115723
894432,0.05,8120,241.24637076,10648,110,84.0,223582,0.0001,14.001565933227539
894516,0.05,8120,240.83490982999996,10649,110,84.0,223603,0.0001,8.449109077453613
894600,0.05,8121,240.49324247,10650,110,84.0,223624,0.0001,11.11402702331543
894684,0.05,8121,240.37659782999998,10651,110,84.0,223645,0.0001,2.047743558883667
894768,0.05,8122,240.63563624,10652,110,84.0,223666,0.0001,27.20981788635254
894852,0.05,8122,240.72148499000002,10653,110,84.0,223687,0.0001,0.8854442834854126
894936,0.05,8123,240.90405244000002,10654,110,84.0,223708,0.0001,1.0402215719223022
895020,0.05,8124,240.79269606000003,10655,110,84.0,223729,0.0001,1.5798572301864624
895104,0.05,8124,240.68818091000006,10656,110,84.0,223750,0.0001,1.9516513347625732
895188,0.05,8125,240.75162833000005,10657,110,84.0,223771,0.0001,0.9930751323699951
895272,0.05,8125,240.96848617000006,10658,110,84.0,223792,0.0001,0.7985106706619263
895356,0.05,8126,241.0879928800001,10659,110,84.0,223813,0.0001,10.562755584716797
895440,0.05,8126,241.39955979000007,10660,110,84.0,223834,0.0001,8.024250030517578
895524,0.05,8127,241.97822059,10661,110,84.0,223855,0.0001,0.9822105169296265
895608,0.05,8128,241.94203232000004,10662,110,84.0,223876,0.0001,1.04194974899292
895692,0.05,8128,242.02865717000003,10663,110,84.0,223897,0.0001,1.0453559160232544
895776,0.05,8129,242.11564110999998,10664,110,84.0,223918,0.0001,1.4420886039733887
895860,0.05,8129,242.02420289999998,10665,110,84.0,223939,0.0001,1.2297172546386719
895944,0.05,8130,241.77822494999998,10666,110,84.0,223960,0.0001,1.1732518672943115
896028,0.05,8130,241.60839527000005,10667,110,84.0,223981,0.0001,0.9811691045761108
896112,0.05,8131,241.87771851000005,10668,110,84.0,224002,0.0001,10.843449592590332
896196,0.05,8132,241.69645270000004,10669,110,84.0,224023,0.0001,1.8996626138687134
896280,0.05,8132,241.32575114000002,10670,110,84.0,224044,0.0001,1.3989076614379883
896364,0.05,8133,240.99135022,10671,110,84.0,224065,0.0001,2.3188815116882324
896448,0.05,8133,240.86390503999996,10672,110,84.0,224086,0.0001,1.504111409187317
896532,0.05,8134,240.99288593999998,10673,110,84.0,224107,0.0001,1.0757018327713013
896616,0.05,8134,240.98846267999997,10674,110,84.0,224128,0.0001,15.848746299743652
896700,0.05,8135,241.00431744000002,10675,110,84.0,224149,0.0001,1.9913103580474854
896784,0.05,8136,241.11743916000003,10676,110,84.0,224170,0.0001,1.645216703414917
896868,0.05,8136,240.90594641000004,10677,110,84.0,224191,0.0001,14.549473762512207
896952,0.05,8137,240.84874097000002,10678,110,84.0,224212,0.0001,2.429298162460327
897036,0.05,8137,241.08988259,10679,110,84.0,224233,0.0001,12.18001651763916
897120,0.05,8138,241.71106174,10680,110,84.0,224254,0.0001,1.0113197565078735
897204,0.05,8138,241.52456905,10681,110,84.0,224275,0.0001,1.1747462749481201
897288,0.05,8139,241.59801810999997,10682,110,84.0,224296,0.0001,14.521533012390137
897372,0.05,8140,241.24860898,10683,110,84.0,224317,0.0001,0.5700513124465942
897456,0.05,8140,241.53896297000003,10684,110,84.0,224338,0.0001,14.265279769897461
897540,0.05,8141,241.62315053000003,10685,110,84.0,224359,0.0001,13.332843780517578
897624,0.05,8141,241.65153745,10686,110,84.0,224380,0.0001,2.023639678955078
897708,0.05,8142,241.62365545999998,10687,110,84.0,224401,0.0001,9.433520317077637
897792,0.05,8142,241.52159623,10688,110,84.0,224422,0.0001,0.5671520233154297
897876,0.05,8143,241.78158279,10689,110,84.0,224443,0.0001,1.194502830505371
897960,0.05,8144,241.73704492999997,10690,110,84.0,224464,0.0001,0.5410170555114746
898044,0.05,8144,241.46736638000002,10691,110,84.0,224485,0.0001,15.419330596923828
898128,0.05,8145,241.44673153,10692,110,84.0,224506,0.0001,24.279802322387695
898212,0.05,8145,241.4990132,10693,110,84.0,224527,0.0001,1.7837424278259277
898296,0.05,8146,241.25276541000002,10694,110,84.0,224548,0.0001,1.4672694206237793
898380,0.05,8146,241.09611277,10695,110,84.0,224569,0.0001,0.9526911973953247
898464,0.05,8147,240.71948545999996,10696,110,84.0,224590,0.0001,14.555487632751465
898548,0.05,8147,240.72304352999998,10697,110,84.0,224611,0.0001,1.2052361965179443
898632,0.05,8148,241.36236008,10698,110,84.0,224632,0.0001,1.422118067741394
898716,0.05,8149,241.43633912,10699,110,84.0,224653,0.0001,1.470193862915039
898800,0.05,8149,241.46259327000004,10700,110,84.0,224674,0.0001,1.2187228202819824
898884,0.05,8150,241.47020874999998,10701,110,84.0,224695,0.0001,0.898958683013916
898968,0.05,8150,241.42200299,10702,110,84.0,224716,0.0001,2.468442440032959
899052,0.05,8151,241.32024592999997,10703,110,84.0,224737,0.0001,14.822295188903809
899136,0.05,8152,241.37219622,10704,110,84.0,224758,0.0001,1.3178155422210693
899220,0.05,8152,241.21510488999996,10705,110,84.0,224779,0.0001,13.589666366577148
899304,0.05,8153,241.45577727,10706,110,84.0,224800,0.0001,9.186779022216797
899388,0.05,8153,241.72457986999999,10707,110,84.0,224821,0.0001,0.8299372792243958
899472,0.05,8154,241.70757354999995,10708,110,84.0,224842,0.0001,1.05963933467865
899556,0.05,8154,241.90273363999998,10709,110,84.0,224863,0.0001,0.6541894674301147
899640,0.05,8155,241.99785186999998,10710,110,84.0,224884,0.0001,0.7593313455581665
899724,0.05,8155,242.29689109999995,10711,110,84.0,224905,0.0001,1.5143852233886719
899808,0.05,8156,242.15853940999997,10712,110,84.0,224926,0.0001,15.368940353393555
899892,0.05,8157,242.50555237999998,10713,110,84.0,224947,0.0001,0.7874720096588135
899976,0.05,8157,242.41352854000002,10714,110,84.0,224968,0.0001,1.6158676147460938
