#{"t_start": 1744527226.6520722, "env_id": "None"}
r,l,t
64.509704,85,1.451923
91.001932,85,1.84962
-6.530764,30,2.060825
-8.71607,29,2.277508
69.731326,85,2.592084
-6.012938,31,2.826471
108.050427,85,3.126236
55.744138,85,3.428807
-2.528307,33,3.627723
83.286049,85,3.958159
-9.146534,30,4.155709
93.289912,85,4.457213
76.377543,85,4.767428
63.991105,85,5.106382
54.979477,85,5.410779
3.466795,35,5.615412
95.948937,85,5.920769
112.366163,85,6.260198
94.853757,85,6.594313
68.219586,85,6.90641
57.40227,85,7.216337
2.363391,34,7.420466
94.549033,85,7.742788
-13.380432,26,7.923225
-10.072804,28,8.114114
-12.564342,28,8.311249
62.189687,85,8.62294
-3.498212,32,8.836613
120.957291,85,9.159116
73.471256,85,9.47571
-5.888577,31,9.686906
-5.811996,31,9.896521
66.984157,85,10.272039
87.125993,85,10.637647
-5.700515,31,10.853899
84.399952,85,11.230045
56.439068,85,11.586265
-5.370187,31,11.801044
-6.304598,30,12.005116
-11.352094,28,12.231403
-9.420349,29,12.442868
60.954557,85,12.799185
-2.530314,32,13.002524
-10.584552,28,13.214347
-0.742024,33,13.448217
-10.166805,28,13.672446
-6.049601,30,13.896381
-11.052209,28,14.108338
-9.216677,29,14.365765
-12.93808,27,14.602263
-11.02718,28,14.841322
-10.698066,28,15.067974
-13.525796,27,15.325061
-11.156252,28,15.574391
63.272406,85,15.920316
-7.061693,30,16.133215
84.219121,85,16.4704
-10.729543,28,16.673795
-4.899931,31,16.880072
63.965713,85,17.244875
98.659224,85,17.619397
-5.918285,31,17.857888
54.641807,85,18.207448
53.515418,85,18.566024
-13.747048,26,18.781221
-10.908875,28,18.982891
-7.970142,30,19.204087
-8.143708,30,19.41293
95.453307,85,19.74259
109.641904,85,20.090341
-8.29491,30,20.27448
61.243271,85,20.602594
-11.024013,28,20.787368
70.761779,85,21.084336
-13.044568,27,21.270072
-1.035563,33,21.467826
-8.528324,30,21.669052
-1.846151,32,21.852669
-12.209893,28,22.030478
103.618961,85,22.357263
91.729972,85,22.670885
-5.850134,31,22.867592
-13.158425,26,23.051155
-9.949341,29,23.247783
-7.910092,30,23.431602
57.49781,85,23.742057
-4.010582,32,23.930726
100.309671,85,24.259461
68.850908,85,24.581779
66.92918,85,24.889493
-3.250661,32,25.074605
0.007255,33,25.276528
-14.178811,26,25.460408
68.354954,85,25.761373
-4.465365,32,25.950774
-14.140934,26,26.144445
-12.388663,27,26.325684
95.89168,85,26.65771
-4.653087,31,26.852084
-7.566163,30,27.044463
-10.639152,28,27.240444
-6.375137,31,27.426613
-11.073624,28,27.618299
105.55117,85,27.918061
-3.302385,32,28.119416
-2.358168,33,28.323085
57.201928,85,28.624266
-11.885537,27,28.8206
-12.403871,27,29.00861
-5.566629,31,29.20346
-9.816805,29,29.379953
-7.040973,30,29.565609
61.775249,85,29.876211
59.283523,85,30.193648
59.611131,85,30.595797
44.52622,85,30.926021
-10.683778,28,31.122095
44.289272,85,31.468868
65.287955,85,31.803535
-6.504344,30,31.998325
82.654545,85,32.294312
-14.497462,26,32.470687
-13.81435,26,32.646025
1.160439,33,32.83804
93.30418,85,33.145226
-11.441424,28,33.330418
-0.600455,34,33.525194
-10.009262,29,33.713747
-8.995031,29,33.906311
-12.020166,27,34.106667
-4.737555,31,34.292802
-7.129016,30,34.487864
66.654571,85,34.808145
-10.651534,28,34.998771
-12.039521,28,35.199904
-13.182554,27,35.501893
-10.855358,28,35.686494
-11.477167,28,35.866058
91.987353,85,36.163975
51.531282,85,36.454648
92.423438,85,36.760543
40.329192,85,37.06303
-13.246163,27,37.24548
-5.170739,31,37.458004
-4.459414,31,37.646026
64.028546,85,37.933003
-13.730327,26,38.105141
107.196786,85,38.411878
-13.653253,26,38.590284
67.272292,85,38.884313
-13.004285,27,39.06147
86.228622,85,39.378187
-12.915064,27,39.556
70.82621,85,39.872232
-11.379957,28,40.050388
-0.20692,34,40.255905
-1.376774,33,40.476692
-4.27839,31,40.695929
-13.024637,27,40.889797
-11.508021,28,41.10371
-0.163165,33,41.328321
-11.50993,28,41.527992
-13.036005,27,41.712694
-10.946701,28,41.902876
-11.395649,28,42.11577
-11.603789,27,42.328405
-12.941911,27,42.559497
-12.952427,27,42.752767
-6.432948,30,42.960272
63.129089,85,43.318052
54.939044,85,43.668614
-9.410355,29,43.996289
-12.554841,27,44.220796
-10.153126,29,44.552552
-9.864959,29,44.778448
-9.854939,29,45.004406
-14.619606,26,45.231172
-11.296257,28,45.447444
-12.971022,27,45.675527
-13.215128,27,45.873505
-5.536572,31,46.091262
-10.617739,28,46.306791
82.552875,85,46.698174
-9.483309,29,46.904422
-13.934718,26,47.115383
77.132229,85,47.527415
-10.578013,29,47.745232
-12.227161,27,47.948148
-14.416395,26,48.177552
-13.338485,26,48.364322
-10.99405,28,48.547556
-11.082006,28,48.733154
45.319516,85,49.090954
-14.55816,26,49.284451
-4.570728,32,49.473276
-7.447714,30,49.669997
-12.910702,27,49.853172
-14.100426,26,50.036948
96.296571,85,50.355997
-6.973055,30,50.570848
-13.908881,26,50.764235
-9.744723,29,50.958004
-9.299662,29,51.160984
-10.019908,29,51.346183
89.190441,85,51.709752
-13.206181,27,51.906213
-13.590949,26,52.116285
-9.72504,29,52.312865
-11.959109,27,52.50112
-12.696813,27,52.678486
-11.273165,28,52.914474
-11.318024,28,53.114146
-12.51081,27,53.299937
5.150563,85,53.648301
57.011559,85,53.980076
-8.301174,30,54.178436
-7.067012,30,54.375802
-12.882064,27,54.558481
78.289159,85,54.897639
-4.743287,31,55.136688
41.814246,85,55.450079
27.60387,85,55.792627
19.188691,85,56.12989
12.273762,85,56.444147
83.238729,85,56.760546
79.121322,85,57.060869
46.104807,85,57.370888
-11.520232,28,57.553467
114.749656,85,57.857121
-11.722229,28,58.072492
-6.489989,30,58.275666
89.644544,85,58.607552
-7.348538,31,58.813109
102.511714,85,59.152503
59.542479,85,59.503681
-12.557363,27,59.696315
-6.832127,31,59.909841
-5.6177,31,60.130875
123.240712,85,60.518863
-7.575152,30,60.740549
-13.541299,27,60.944503
103.044281,85,61.291022
-12.038854,28,61.506788
68.641547,85,61.850149
-10.155738,29,62.055433
-5.768225,31,62.277454
55.215339,85,62.624771
94.875192,85,63.000065
62.892581,85,63.368546
-14.174691,27,63.566203
-9.740075,30,63.775564
-3.853128,32,63.988281
-8.092213,30,64.251885
-8.008835,30,64.460047
100.895473,85,64.833962
85.934555,85,65.18301
58.215975,85,65.541635
-10.428741,28,65.738251
-7.769235,30,65.959013
-5.19422,32,66.175159
-12.496801,27,66.390985
68.922823,85,66.769287
58.364296,85,67.130146
46.590846,85,67.491291
-11.931477,27,67.687903
46.386312,85,68.083561
-14.037322,27,68.317618
77.585604,85,68.674676
-4.656953,32,68.901745
71.48006,85,69.245428
74.339982,85,69.59663
43.716059,85,69.95316
-11.785052,28,70.155073
65.493309,85,70.48845
46.558192,85,70.861799
-7.086455,31,71.07391
-13.694446,26,71.286869
-11.806168,28,71.491482
114.65561,85,71.860296
82.244775,85,72.235318
70.022206,85,72.598706
-11.56786,28,72.797526
-13.356365,27,72.99824
-15.06931,26,73.194209
59.119239,85,73.594194
77.165964,85,73.941339
97.177702,85,74.277678
-13.569927,27,74.47579
67.142403,85,74.856534
57.364701,85,75.218908
-2.570208,34,75.426827
-12.346023,28,75.64273
-14.769344,26,75.849344
-13.321309,27,76.069359
62.634468,85,76.4276
-5.466443,31,76.647595
1.893358,36,76.882851
-10.071571,29,77.125113
-11.137014,28,77.326438
-8.440154,29,77.531351
41.309488,85,77.879239
-15.239906,26,78.079727
-10.571108,29,78.301899
-4.794823,32,78.51026
97.40961,85,78.864933
-15.606648,25,79.080485
-11.074487,28,79.293984
-11.134301,28,79.492563
-10.88558,29,79.709142
4.23296,85,80.068283
70.955853,85,80.439287
-12.120879,28,80.647351
-7.762162,30,80.889136
50.343037,85,81.254102
29.617811,85,81.63651
-13.653596,27,81.851198
-15.234974,26,82.049503
-11.329971,28,82.265018
20.508861,85,82.691526
-8.121673,30,82.928607
-14.661057,26,83.13901
-2.773516,85,83.561012
-12.659051,27,83.796583
60.559542,85,84.235776
-15.402814,25,84.435844
-15.845035,85,84.776244
-13.807598,26,85.012495
-11.332308,28,85.242247
30.001779,85,85.623719
-12.961514,28,85.831959
-14.038517,26,86.050567
33.282599,85,86.408374
-15.428919,26,86.617235
57.376618,85,87.022225
-13.864647,26,87.22745
24.098206,85,87.57686
-7.401995,31,87.796865
-9.386557,30,88.013655
-12.266802,27,88.226415
-13.208921,27,88.434922
102.17241,85,88.802745
69.61451,85,89.200695
48.788862,85,89.555875
40.382858,85,89.909405
-12.088987,28,90.110616
-13.896259,26,90.314372
90.519068,85,90.667108
-12.90628,27,90.874021
-13.292065,26,91.107066
-12.601922,27,91.329661
-15.368961,26,91.532212
-13.162629,27,91.738105
-10.798804,29,91.948197
-13.795869,27,92.175431
-9.339973,29,92.389429
-14.580366,26,92.594074
-12.752927,27,92.788959
-14.221173,27,92.993835
45.642481,85,93.37448
40.520864,85,93.766958
-14.383482,26,93.965165
-14.574748,26,94.177016
-12.169352,28,94.383841
-14.734437,26,94.575506
4.43828,85,94.939134
-12.342612,28,95.150749
-13.709881,27,95.349106
-13.137218,28,95.55614
-13.341824,27,95.757043
-12.730643,28,95.993539
-15.279197,26,96.218251
63.584659,85,96.562479
-14.117394,27,96.761865
-13.054821,27,96.977437
-14.156304,26,97.186353
-4.783315,33,97.411987
-16.671389,25,97.610969
-13.020889,27,97.824943
-16.218279,25,98.025349
-12.161726,27,98.233181
-14.666014,26,98.437675
-15.707125,25,98.627224
-14.268557,27,98.829241
-15.007325,26,99.037348
-13.111737,27,99.249352
-2.387579,33,99.49545
-14.799482,26,99.71104
-14.457085,26,99.91957
-14.871874,26,100.143759
55.960371,82,100.545961
-13.330009,26,100.762447
-14.504553,26,100.964081
-14.304456,26,101.173769
40.853536,85,101.541056
-12.142879,27,101.753772
-13.332068,27,101.984952
-12.981217,27,102.214803
49.938886,85,102.602106
-14.008211,27,102.817597
-12.057,27,103.043911
75.094922,66,103.359589
-13.607948,26,103.55374
-14.062504,26,103.7519
-14.041615,26,103.958316
-15.916363,25,104.159969
23.304936,85,104.516253
-15.063384,26,104.717084
-15.962264,25,104.912304
-15.79348,25,105.11172
-15.361273,25,105.326252
26.810788,85,105.716352
9.273335,85,106.107694
-15.904558,25,106.326793
-14.419567,26,106.543985
-14.850372,26,106.75822
-16.213934,25,106.955345
-16.201669,25,107.152324
-15.34499,25,107.346683
-15.361397,25,107.55194
-16.659001,25,107.751432
-15.393279,25,107.95539
-16.561406,25,108.151115
-15.454114,25,108.339739
-12.083362,27,108.62113
-15.582886,25,108.813439
8.089648,85,109.162394
52.720547,85,109.482007
8.346273,85,109.864315
3.073578,36,110.105229
13.985116,85,110.466995
35.536027,85,110.845202
41.781983,85,111.203025
49.507846,85,111.575936
45.829623,85,111.907568
69.898704,85,112.273512
-8.40021,31,112.484902
-16.659326,25,112.692131
28.222771,85,113.063421
86.410261,85,113.445577
-2.323159,34,113.657308
-12.260306,28,113.846853
51.689003,85,114.168347
39.842067,85,114.523333
-2.861484,34,114.733389
-11.569218,29,114.931216
6.144458,38,115.154873
-16.600915,85,115.563192
-15.692983,25,115.75225
-16.405921,25,115.937379
-12.896829,27,116.129793
73.812846,66,116.412831
-13.47001,28,116.603097
31.617621,85,116.932156
107.912908,85,117.257741
27.732913,85,117.586156
-14.404079,26,117.76773
-14.128239,27,117.955039
28.815244,85,118.296785
-12.70303,27,118.483046
57.642447,75,118.795052
-14.857543,26,118.979101
0.980128,36,119.196739
-14.167972,26,119.381676
32.037062,85,119.717677
-15.507461,26,119.908001
-13.97899,27,120.086313
-9.834474,30,120.280327
-13.829343,26,120.464152
-15.698648,25,120.641172
-5.571831,32,120.844508
18.958608,85,121.172083
-14.811928,27,121.36167
-15.63289,25,121.542869
32.249238,85,121.875165
-20.908664,85,122.214192
-15.490327,26,122.397159
-16.101914,25,122.579045
-8.040042,30,122.771142
98.82323,85,123.131339
-11.163241,29,123.317275
-15.353701,26,123.504297
-15.44963,25,123.676346
-15.978911,25,123.86142
27.304992,85,124.202386
64.592828,85,124.546756
45.055756,85,124.888695
-16.656926,25,125.071188
-10.788934,29,125.265333
45.318565,85,125.603736
14.012318,85,125.939458
-14.154208,27,126.126921
-15.349467,26,126.311428
34.214759,85,126.675721
-9.960419,29,126.872021
68.061891,61,127.147209
11.188054,85,127.480054
45.473334,85,127.82732
-13.357049,27,128.010286
-15.345439,25,128.198663
-15.837302,25,128.383213
-11.188875,28,128.574852
99.969586,85,128.902946
-14.334215,27,129.093181
48.732809,85,129.433557
-15.69422,25,129.612271
-13.814023,26,129.798849
-12.785022,28,129.993263
40.533527,74,130.321377
-9.991255,85,130.654591
-14.190524,27,130.831264
-14.137126,26,131.009331
23.638498,85,131.352518
-16.656468,25,131.535805
-15.345439,25,131.719305
-15.077454,26,131.902259
-12.630867,28,132.086895
-15.345439,25,132.269844
-15.346986,25,132.454658
-15.345842,25,132.638585
-15.422331,25,132.833263
-1.300165,85,133.173157
27.72826,85,133.515969
-16.65756,25,133.700402
-12.205885,28,133.891474
-13.532491,28,134.07585
-15.344133,25,134.260315
-16.170264,25,134.444438
-13.643778,27,134.631824
-13.981776,27,134.830342
-9.875569,30,135.033374
-12.222191,28,135.229078
35.850102,76,135.547492
32.741509,85,135.896237
-15.345439,25,136.080291
-15.688535,25,136.26151
-16.175744,25,136.442523
-13.490469,27,136.628107
-15.345439,25,136.804733
-15.352298,25,136.985665
-15.345439,25,137.169763
-15.362844,25,137.350123
-15.345439,25,137.535225
-15.345439,25,137.716422
-15.350958,25,137.903731
-15.407216,25,138.09176
-15.331076,26,138.294837
-21.498502,85,138.646595
-15.345439,25,138.825865
-13.409981,26,139.013904
79.023016,85,139.361035
-15.345439,25,139.537648
-15.346567,25,139.721587
6.882224,85,140.063973
-12.191743,29,140.251413
-13.118386,27,140.437475
-15.905395,25,140.626839
-16.677575,25,140.814034
-15.429446,25,140.997634
-15.422331,25,141.180026
-14.715543,26,141.370315
-15.348115,25,141.552221
-15.331076,26,141.740945
-15.313367,26,141.94206
-15.345439,25,142.122615
-16.079468,25,142.303397
-15.345439,25,142.49496
-15.348115,25,142.675584
-13.936898,26,142.86833
40.453143,85,143.214951
-16.655816,25,143.39979
-16.656468,25,143.583811
-15.398773,25,143.776823
-16.240591,25,143.964641
54.036675,85,144.314629
-15.345439,25,144.505885
-15.345439,25,144.693882
-15.393955,25,144.881812
-11.18341,29,145.079817
-16.656468,25,145.278318
-13.629331,26,145.473273
46.81908,82,145.816579
-15.350958,25,145.999876
-15.345439,25,146.18451
-15.345439,25,146.375582
-15.345439,25,146.574806
28.566024,85,146.926587
-15.345439,25,147.110948
-15.345439,25,147.290933
-16.405919,25,147.477801
-16.668747,25,147.680116
-15.577343,25,147.883687
-15.345439,25,148.080809
-16.170915,25,148.268262
-13.975902,27,148.449312
-15.916071,25,148.639951
70.524304,75,148.969939
-15.397144,25,149.168351
-15.351392,25,149.385736
-3.133124,85,149.736572
-13.144174,27,149.951967
-15.422833,25,150.145728
-15.345439,25,150.338466
-14.130768,26,150.526807
-15.345439,25,150.711967
-14.313253,26,150.899794
43.647238,85,151.248752
-15.345439,25,151.430916
-7.719537,32,151.645144
-15.407356,25,151.823709
-15.348115,25,152.006412
-15.3718,25,152.200888
-14.137126,26,152.382412
-16.065706,25,152.566563
-15.532339,25,152.743882
-15.355152,25,152.929877
-15.345439,25,153.119424
-15.348733,25,153.305319
-15.351807,25,153.502826
-15.350958,25,153.696503
-15.688535,25,153.876837
-15.408878,25,154.065733
-15.443251,25,154.255604
-15.971914,25,154.441943
47.639928,85,154.800235
-15.345439,25,154.997542
-16.656926,25,155.190415
-15.757989,25,155.386254
-15.345439,25,155.572339
-15.345439,25,155.781674
-16.656926,25,155.992941
-15.345439,25,156.186483
-15.615184,25,156.385709
43.749371,85,156.749128
-15.557089,25,156.945941
-15.345439,25,157.175218
-15.971912,25,157.383494
-15.582278,25,157.579961
-15.345439,25,157.764337
-15.394012,25,157.950617
-13.662945,28,158.155607
-15.345439,25,158.338402
-16.535121,25,158.540012
-16.081295,25,158.723076
-15.345439,25,158.923316
-15.345439,25,159.119882
-15.345439,25,159.316328
-15.758165,25,159.496626
-15.351112,25,159.681851
-15.347641,25,159.875305
-15.351807,25,160.082585
-15.345439,25,160.264141
-15.971912,25,160.451057
-5.32866,33,160.658704
-15.345439,25,160.839625
-15.345439,25,161.032121
-15.345439,25,161.216411
-15.354219,25,161.410781
-15.345987,25,161.601075
-15.345439,25,161.778078
-8.694077,29,161.979078
-15.345439,25,162.168388
-15.349936,25,162.34953
-15.618384,25,162.535136
-15.347195,25,162.709596
-15.34814,25,162.902861
-15.345439,25,163.089858
-16.53441,25,163.274273
-15.345439,25,163.460489
-16.080206,25,163.652531
-15.345439,25,163.834351
-15.345439,25,164.021006
-15.750988,25,164.212343
-15.348115,25,164.390103
-12.470437,28,164.58457
-16.185886,25,164.777053
-15.345439,25,164.959238
-15.35633,25,165.141087
21.770138,85,165.480229
-15.394886,25,165.665247
-16.656926,25,165.846701
-15.345439,25,166.027105
-15.345439,25,166.21343
-15.345439,25,166.407641
-15.345439,25,166.597887
-15.345439,25,166.784406
-15.345439,25,166.964293
-15.345439,25,167.148389
-15.422331,25,167.335917
-12.621084,85,167.714721
9.259982,85,168.087659
-10.399397,30,168.339279
65.07442,84,168.702701
10.564836,39,168.932843
7.27535,85,169.261386
27.347412,85,169.623108
-15.346986,25,169.793624
-15.97332,25,169.98374
53.238112,85,170.326853
47.327684,85,170.739768
76.653047,85,171.09053
-10.278746,30,171.308384
-16.178565,25,171.484473
-15.350958,25,171.66953
-15.422331,25,171.869817
-15.342895,25,172.053204
-13.600505,28,172.249027
-16.097645,25,172.456816
-11.465138,29,172.6454
-16.290643,25,172.828661
4.957747,85,173.188248
-15.345439,25,173.389441
-15.34574,25,173.590827
-15.331076,26,173.773439
-16.417357,25,173.973262
97.647406,85,174.318496
-15.684613,25,174.507278
-16.361576,25,174.690863
-15.345439,25,174.898793
-16.656468,25,175.092448
-13.943365,26,175.298698
-16.048133,25,175.511122
20.830172,85,175.892287
-15.345439,25,176.115255
-15.345439,25,176.308976
-15.347195,25,176.501055
-13.938035,27,176.719877
-16.656468,25,176.920994
-16.055406,25,177.104334
-12.467634,28,177.32336
-15.345439,25,177.526132
38.959539,77,177.946625
42.146899,68,178.236695
-16.403197,25,178.427665
-12.513043,28,178.632656
31.537082,85,178.963692
56.432894,85,179.305453
-15.342895,25,179.496964
-15.345439,25,179.691365
85.4694,85,180.048108
-15.345439,25,180.238651
6.81261,85,180.592634
23.56153,85,180.945329
17.941644,85,181.299878
6.2452,85,181.658051
-15.688535,25,181.844262
-15.239507,26,182.031341
-14.169228,26,182.223375
-15.438172,25,182.424892
-15.345439,25,182.618587
124.384372,85,183.053649
27.659092,85,183.465084
-15.345439,25,183.657864
-15.337394,26,183.847515
-15.355868,25,184.028112
-15.345439,25,184.201335
53.161899,85,184.543373
33.526589,85,184.893012
-10.847117,30,185.088433
-15.413034,25,185.283459
-14.897767,26,185.500179
-15.458639,25,185.705324
-15.344133,25,185.898173
51.215443,85,186.282691
-9.797257,30,186.527166
-15.345439,25,186.722552
-16.662619,25,186.909301
34.217228,84,187.273551
-15.363507,25,187.460872
85.337886,79,187.820802
-15.35633,25,188.007291
-15.345439,25,188.203961
-16.656926,25,188.40321
-15.345439,25,188.599212
-15.809403,25,188.784951
-15.418765,25,188.970898
-13.585461,27,189.188018
41.376539,85,189.56471
-14.064996,27,189.759666
-15.358009,25,189.953803
-16.535191,25,190.139303
-15.52971,25,190.328819
20.174035,85,190.688883
44.105163,80,191.018254
-15.345439,25,191.207519
-15.345439,25,191.392584
-14.111758,26,191.5859
71.98438,79,191.990619
-15.388651,25,192.19457
-15.908802,25,192.411858
-15.345439,25,192.616342
-15.363807,26,192.81297
-15.577196,25,193.009741
-15.837664,25,193.210269
-15.345439,25,193.427775
-15.345439,25,193.632795
-15.346666,25,193.842724
-16.115665,25,194.026524
-15.371855,25,194.22019
-14.568031,27,194.441591
-16.081295,25,194.653543
-15.345439,25,194.867257
-15.563783,25,195.068823
-13.491769,27,195.272943
39.733687,80,195.634857
-12.945956,27,195.852883
-4.571082,33,196.10112
-14.208696,26,196.310058
-15.345439,25,196.554907
-16.665504,25,196.765598
-15.345439,25,196.978479
-15.346014,25,197.188673
-13.355033,28,197.410055
-15.409376,25,197.613676
-15.345439,25,197.80502
30.650236,85,198.18413
64.998557,79,198.554355
-15.382239,25,198.747805
-15.388774,25,198.958783
-15.41064,25,199.180282
-15.345513,25,199.383788
-15.350303,25,199.576123
-6.905083,32,199.81117
-15.351807,25,200.012882
67.380277,85,200.37389
-11.868524,29,200.622116
-16.558167,25,200.845785
-15.345439,25,201.040643
-15.345439,25,201.267878
-11.315308,28,201.48369
-13.61638,28,201.696119
-15.345439,25,201.907482
-15.907174,25,202.107907
-15.380736,25,202.312721
-15.35633,25,202.518938
-15.370579,25,202.706436
-15.482085,25,202.920044
-16.170915,25,203.119556
-15.346499,25,203.316659
-15.393144,26,203.528513
-15.345439,25,203.729367
-14.494373,26,203.935857
-15.345439,25,204.147538
-13.594311,28,204.372763
-15.345439,25,204.572883
-15.345469,25,204.789172
-15.40325,25,204.998927
-15.351112,25,205.205936
-15.351326,25,205.433127
-15.345439,25,205.636956
-15.350306,25,205.829345
-15.522066,25,206.034286
-16.098127,25,206.240398
-15.680457,25,206.43319
-15.906689,25,206.647773
-14.314556,26,206.867602
-15.614876,25,207.086522
-15.615184,25,207.286416
-15.345439,25,207.486299
-15.971912,25,207.688768
-15.355152,25,207.890046
-16.098846,25,208.092278
-15.345439,25,208.284691
-15.345439,25,208.48093
-15.345439,25,208.738059
-15.345439,25,208.999863
-15.004153,26,209.226352
-15.374153,26,209.458665
-15.35633,25,209.690537
-15.345439,25,209.898043
-11.957314,27,210.182939
-16.663082,25,210.421313
-15.345987,25,210.666001
7.312513,85,211.111002
-9.780911,30,211.387942
-15.345439,25,211.603262
-15.35633,25,211.81491
-15.331076,26,212.0362
-16.273063,25,212.2693
-15.774984,25,212.560531
-15.346568,25,212.782349
-15.345439,25,213.001096
-15.623016,25,213.205076
-15.346666,25,213.411503
-15.350958,25,213.649069
-15.4802,25,213.843495
48.713259,84,214.253104
21.241739,85,214.625642
-15.436973,25,214.829547
-13.747148,27,215.029506
-15.614876,25,215.238589
-15.345439,25,215.433207
-12.498212,28,215.651383
-14.225196,26,215.871118
10.739466,85,216.301157
-15.589592,25,216.503375
-15.385881,25,216.721581
-15.347195,25,216.923991
-15.345439,25,217.147043
-15.835082,25,217.367099
-16.082031,25,217.55147
-16.405884,25,217.741897
-16.53443,25,217.929336
56.589422,76,218.273859
-14.69603,26,218.476461
-15.837664,25,218.67418
-15.345439,25,218.865741
-12.086608,85,219.235155
34.045465,85,219.600252
-15.34994,25,219.787404
-16.053264,25,219.964866
-16.170333,25,220.14806
-15.837664,25,220.332199
-15.345439,25,220.515485
-15.351953,25,220.701776
-15.345439,25,220.889432
33.830024,84,221.249131
-15.345439,25,221.441189
-15.417822,25,221.631804
-15.352367,25,221.819199
-15.345439,25,222.009468
-15.345439,25,222.194393
-15.345987,25,222.389796
-15.495009,25,222.579408
-15.345439,25,222.760836
-15.52971,25,222.949065
-15.345439,25,223.146895
54.823281,85,223.513536
-15.345439,25,223.704566
-15.414727,25,223.890506
-15.475764,25,224.084161
-16.450745,25,224.270776
-15.918129,25,224.454537
-16.541146,25,224.640304
-15.344239,25,224.830313
-15.372278,25,225.028146
54.167189,85,225.404992
-11.833639,28,225.602601
44.912839,85,225.970781
-15.345439,25,226.157397
-16.668067,25,226.345492
-15.418765,25,226.528408
-15.352367,25,226.712088
-15.345439,25,226.90022
-15.345439,25,227.090806
-15.460139,25,227.282023
-15.345439,25,227.47661
-15.345439,25,227.669752
-15.344133,25,227.860737
75.332282,85,228.209529
46.713342,70,228.52123
-15.591198,25,228.708743
-15.345439,25,228.885104
59.54985,80,229.216712
-15.347641,25,229.406532
-15.347195,25,229.598577
-15.933523,25,229.780923
-15.345439,25,229.961263
-16.656468,25,230.159487
-16.080206,25,230.347055
-15.34528,25,230.546942
47.90846,85,230.911818
-15.475611,25,231.111368
19.993601,85,231.46055
-15.369046,25,231.643387
66.774465,85,232.014705
-15.422331,25,232.212072
-15.350958,25,232.397187
-16.656926,25,232.590508
-15.345439,25,232.782257
-16.545357,25,232.971303
49.707917,73,233.297722
61.301437,79,233.660762
-10.2673,30,233.862534
-15.351112,25,234.050462
-15.331076,26,234.242847
-14.064292,27,234.438481
-15.41946,25,234.629372
5.365321,85,234.994853
-15.351112,25,235.183566
-16.656949,25,235.369605
-12.467634,28,235.594847
-15.349936,25,235.814075
33.304525,85,236.328134
-15.345439,25,236.497186
61.343395,67,236.761488
-15.345439,25,236.944745
3.720044,85,237.237018
1.825335,37,237.430748
-12.082668,28,237.603378
36.228955,85,237.892466
-16.656468,25,238.059902
-15.342109,26,238.25053
-15.620297,25,238.416449
-15.351953,25,238.584841
-15.345439,25,238.75106
-15.345839,25,238.929784
-15.087029,26,239.098071
-15.341433,26,239.273896
44.056822,85,239.574503
-7.883638,31,239.77087
-15.345439,25,239.947198
-15.345439,25,240.111528
-15.859266,25,240.278763
-9.970571,30,240.471577
-9.801308,30,240.656932
-15.52971,25,240.834895
-15.359298,25,241.006519
-13.942411,27,241.195808
29.431974,85,241.55018
-1.667947,35,241.806519
-16.171283,25,242.01563
-13.600509,28,242.299527
-15.345439,25,242.510761
13.745431,85,242.891135
-15.753499,25,243.131679
-15.347641,25,243.35077
-15.345439,25,243.554646
-15.345439,25,243.756243
68.618684,85,244.148746
-15.345439,25,244.380629
-15.540012,25,244.59613
-16.656926,25,244.797271
-15.346666,25,245.239156
42.298313,82,245.56915
-15.345439,25,245.764613
6.341232,85,246.118277
25.877346,85,246.457151
-16.098127,25,246.661771
19.271807,85,246.992083
63.898705,61,247.276062
-15.346666,25,247.448805
-6.71671,32,247.642729
-15.345346,25,247.811315
-15.345439,25,247.978384
-4.744901,85,248.332026
-15.345439,25,248.520894
63.402648,85,248.861335
-14.424194,27,249.048034
-15.617545,25,249.228726
-15.380736,25,249.413768
-9.745437,85,249.77759
-15.345439,25,249.965624
-15.358009,25,250.15258
-14.884879,26,250.33243
-15.331076,26,250.51028
-15.345439,25,250.693959
-14.935846,26,250.879121
105.829026,85,251.24972
27.80689,53,251.497645
-15.337394,26,251.685003
-15.413861,25,251.876056
65.800774,85,252.245219
16.810998,85,252.601787
-15.345464,25,252.779741
-15.333425,26,252.961947
-15.408878,25,253.152351
-16.656468,25,253.336988
59.498921,85,253.704407
-15.345439,25,253.892274
-12.467634,28,254.079131
-15.345439,25,254.261331
-15.345439,25,254.457451
-15.345439,25,254.644856
39.064146,85,255.034147
-16.53441,25,255.228643
-15.345439,25,255.418448
-15.723475,25,255.623075
-12.605052,27,255.82697
-15.222401,26,256.0141
-16.405919,25,256.202859
-15.345439,25,256.388942
6.521179,85,256.730169
-15.345439,25,256.937202
-5.401821,85,257.308041
-16.200256,25,257.496011
-13.65299,27,257.687556
10.016597,85,258.057788
55.335195,69,258.394473
47.583137,85,258.760164
50.208233,84,259.111461
-14.892222,26,259.293143
75.646895,85,259.719195
-15.345439,25,259.936206
-15.345439,25,260.164167
-16.534831,25,260.382211
-15.853773,25,260.602773
-15.345439,25,260.845348
-15.422331,25,261.070786
-15.359778,25,261.277925
0.917183,85,261.655933
-14.752484,26,261.871538
-12.222839,29,262.117864
-15.352232,25,262.328482
-16.171283,25,262.544361
31.214286,85,262.947437
58.727345,85,263.359131
-12.467634,28,263.608421
-15.331076,26,263.85077
-15.345439,25,264.086715
57.810541,85,264.501571
-16.656926,25,264.75263
-15.970812,25,265.001911
48.07078,71,265.412933
-16.656926,25,265.66932
-14.461245,26,265.924287
32.241531,85,266.391607
-12.102273,85,266.885686
-15.345439,25,267.163364
-15.350958,25,267.450147
-6.236255,85,267.981908
-15.351112,25,268.285227
-15.342895,25,268.532745
12.699648,85,269.064523
-15.359778,25,269.250401
-15.342895,25,269.451594
-15.343949,25,269.661713
-15.34499,25,269.868163
-15.345439,25,270.101504
-15.222401,26,270.323103
46.31476,85,270.789474
7.580272,85,271.230081
-15.345439,25,271.438718
24.022662,85,271.836814
-15.354844,25,272.02692
-13.616385,26,272.25089
-13.881486,27,272.45884
-15.522066,25,272.657159
-14.031617,26,272.884892
-15.358009,25,273.107469
-15.345439,25,273.340078
-16.535501,25,273.563601
-15.408878,25,273.775493
-16.405919,25,273.970867
-15.906774,25,274.17017
-15.345439,25,274.495475
-15.791021,25,274.715321
-15.344118,25,274.912383
-15.345439,25,275.110412
-15.614876,25,275.298986
42.017871,85,275.65598
-15.345439,25,275.880349
44.042845,85,276.28424
-13.569463,26,276.474617
-15.355868,25,276.656103
-15.345439,25,276.841951
-15.345439,25,277.024458
-14.459637,26,277.232914
-15.346666,25,277.427638
-14.484708,26,277.628306
-13.267134,28,277.848356
-15.331076,26,278.048116
49.82695,75,278.372868
-15.355152,25,278.603196
-15.345439,25,278.792308
-17.641729,85,279.157514
-15.341433,26,279.341387
-15.780179,25,279.536438
-13.791478,26,279.734721
-15.350958,25,279.914292
-15.352298,25,280.114528
-15.345439,25,280.307136
-15.345439,25,280.485478
-12.467634,28,280.687719
-16.466998,25,280.891476
-13.018255,27,281.127522
44.885011,61,281.435648
-15.757989,25,281.639638
38.384649,85,282.057492
-15.351953,25,282.280259
-27.949962,85,282.770923
-15.678528,25,282.988617
-15.907841,25,283.199977
69.203263,71,283.590701
30.618465,85,284.018977
-15.345439,25,284.269204
-15.346567,25,284.490351
-14.130841,26,284.707191
-16.665864,25,284.936405
-15.345439,25,285.182548
-15.623402,26,285.45679
-15.345513,25,285.654909
-15.356663,25,285.876728
-15.345439,25,286.111976
-16.664628,25,286.362381
-16.656468,25,286.568075
-13.600505,28,286.807926
-15.345439,25,287.02494
-15.345464,25,287.264714
-15.345439,25,287.473674
-7.519189,32,287.700588
-15.345439,25,287.932275
-15.345439,25,288.17252
-15.345439,25,288.415213
11.949645,85,288.799971
-13.381346,27,289.0163
-14.385581,26,289.218471
-11.784573,29,289.428944
-14.363217,26,289.629021
-15.357276,25,289.835769
-15.345439,25,290.058306
-13.631034,28,290.310744
-15.331076,26,290.553555
-15.331076,26,290.780217
-15.344133,25,291.042819
46.787687,79,291.466832
-15.345439,25,291.697678
45.513844,73,292.050526
-13.938035,27,292.283253
-16.671985,25,292.503582
-3.373909,33,292.742999
-15.345439,25,292.974664
-15.345439,25,293.23902
-15.907841,25,293.499645
-16.656468,25,293.712509
-11.347121,29,293.956298
-15.345439,25,294.183207
-15.345466,25,294.402057
17.118875,85,294.839822
-15.345439,25,295.045508
22.307973,48,295.328927
-15.345439,25,295.556361
54.587615,81,295.960395
-15.104272,26,296.216029
-16.656468,25,296.435713
-15.345439,25,296.658033
-12.488021,27,296.878488
-13.95394,27,297.123563
-13.052204,28,297.356093
46.844315,85,297.744238
113.51352,85,298.1168
75.844403,85,298.496032
32.059594,85,298.878241
49.181536,73,299.236638
-16.674532,25,299.444346
5.478563,85,299.836738
-15.426348,26,300.041869
-9.987005,85,300.479158
-15.345439,25,300.708153
-14.775683,27,300.932554
-13.341311,27,301.156046
-13.949418,27,301.368278
-15.354193,25,301.592166
31.354555,85,302.026022
81.283474,85,302.408493
51.491293,85,302.800422
102.632835,85,303.188646
23.519153,85,303.553031
-13.948844,27,303.767804
-8.860288,85,304.140759
-15.345439,25,304.354017
-15.345439,25,304.560493
-10.287295,85,304.980648
41.782756,85,305.390386
-12.659599,28,305.626001
46.348004,85,306.030309
6.969021,85,306.417776
30.844801,85,306.842002
-9.087097,30,307.063866
23.952528,85,307.460712
58.196901,73,307.819203
-13.21397,28,308.040388
-14.009148,27,308.249838
-12.467634,28,308.460313
119.566959,85,308.877846
37.782456,69,309.249711
-16.669921,25,309.462741
-13.599455,28,309.684125
8.589121,85,310.086672
59.376933,85,310.483541
46.416723,85,310.869331
45.692822,78,311.229416
7.221863,85,311.644199
-14.734969,26,311.872899
90.360843,85,312.281567
49.979278,70,312.619073
-16.562322,25,312.825125
-15.331076,26,313.041435
-15.331079,26,313.255336
-16.656077,25,313.465225
10.800339,85,313.882855
-15.345439,25,314.229453
-14.765194,27,314.435974
-16.53441,25,314.617999
2.519597,85,314.976371
-15.333425,26,315.184715
-15.345439,25,315.380923
57.975504,72,315.668658
17.625643,85,316.013514
-16.66348,25,316.208523
4.701375,85,316.549325
-13.596717,28,316.743645
108.982788,85,317.07056
8.227121,85,317.45815
-14.461605,85,317.847795
67.202629,85,318.273782
-13.949418,27,318.496728
25.346241,85,318.887339
40.516166,85,319.312959
0.94808,85,319.710756
-15.345439,25,319.913574
6.964141,39,320.18813
-12.688379,28,320.396524
-13.142685,28,320.616128
-15.332024,26,320.832765
25.812206,85,321.241177
61.604432,80,321.680946
102.016933,85,322.058034
36.952205,85,322.473463
-7.24587,32,322.69621
-15.344292,25,322.912208
-13.938035,27,323.11958
10.715466,85,323.522453
-10.730773,30,323.774394
-15.345439,25,324.012068
67.415552,81,324.419574
-9.623455,85,324.833864
-15.355216,26,325.058995
-15.344133,25,325.255512
24.063955,85,325.645574
-14.967571,26,325.865647
-11.862891,29,326.123242
-15.345439,25,326.33624
-15.345439,25,326.535897
10.309358,85,326.975424
-11.368515,29,327.208451
-13.845368,85,327.647722
-12.416881,28,327.859739
-12.923304,28,328.082647
55.893217,85,328.508551
-16.658018,25,328.711784
19.193496,85,329.113691
83.926352,85,329.510533
45.805554,59,329.843511
36.275251,85,330.229563
46.618393,85,330.608535
-15.380736,25,330.814734
1.317675,85,331.195363
-13.824381,27,331.411897
8.197528,85,331.869985
-15.333425,26,332.100132
31.741043,54,332.389488
-12.495714,28,332.596214
-15.34499,25,332.807357
-8.082542,31,333.055545
-13.545944,28,333.278839
-15.345439,25,333.488166
-15.222401,26,333.702621
71.781394,85,334.1398
-12.483194,28,334.340325
-26.544126,85,334.76953
-15.333911,26,334.976475
18.69264,85,335.381624
-15.33535,26,335.588871
-13.600505,28,335.840487
-16.656468,25,336.048824
78.321818,85,336.438072
-15.350958,25,336.64022
-11.79681,28,336.886975
10.143384,85,337.294321
63.013002,76,337.643667
-14.461219,26,337.865438
-15.845712,25,338.081697
-10.852605,30,338.316104
-16.656468,25,338.538772
-13.249179,27,338.765249
14.599196,85,339.167889
-13.938035,27,339.391009
84.78976,85,339.796672
-15.345439,25,340.002065
-12.467634,28,340.226985
-15.332719,26,340.442955
-13.616667,28,340.681553
-13.029011,27,340.90697
19.020755,85,341.30776
50.789774,85,341.711214
-15.23556,26,341.93784
-9.656271,85,342.348187
44.257705,85,342.742978
48.326247,79,343.138387
-10.184958,85,343.532398
-15.025796,26,343.738975
-15.333425,26,343.957204
-15.357466,26,344.197204
6.791348,85,344.587172
-12.467634,28,344.793495
41.615028,85,345.14294
-15.09268,26,345.363441
43.03467,85,345.685983
24.059509,85,346.012819
-14.012195,27,346.204193
-12.128682,29,346.420012
22.771577,85,346.762636
-12.560737,28,346.955969
-14.644163,27,347.147224
62.953799,79,347.474184
48.125027,59,347.778508
-12.500016,28,347.967761
-13.684553,28,348.16579
-12.390261,28,348.36433
18.664258,85,348.7519
-15.449022,25,348.963724
-15.086313,26,349.163829
-12.464231,28,349.377748
-15.340549,26,349.579127
-11.798161,29,349.773094
17.323407,85,350.10216
-15.340549,26,350.2822
48.490229,85,350.609735
60.300268,85,350.935007
65.120001,67,351.247247
-13.949418,27,351.446961
46.262859,83,351.797295
-12.670111,28,352.020948
27.760522,85,352.410966
7.867572,85,352.750864
96.30031,85,353.105961
-14.543717,26,353.285744
63.160816,85,353.636475
61.041972,85,354.004364
-16.654687,25,354.207142
29.534322,85,354.571466
47.114699,85,355.026099
50.145488,65,355.332636
13.764868,85,355.709548
-9.944388,85,356.149585
-13.59757,28,356.386979
-11.656724,29,356.722553
-13.600185,28,356.945039
-14.019241,27,357.190871
26.590794,85,357.601611
17.620904,85,357.978167
-13.023741,28,358.214833
-12.459604,85,358.616176
-4.404063,85,359.060043
-13.949418,27,359.297237
6.248741,85,359.718864
66.985253,75,360.119589
11.278332,85,360.503617
53.41805,81,360.903082
26.459026,85,361.302277
-13.951438,27,361.511809
-11.994761,28,361.749758
-13.076201,28,361.978254
-3.675322,34,362.204762
32.324551,85,362.718406
-16.668747,25,362.934448
-15.836113,25,363.137039
85.795174,71,363.463768
22.826608,85,363.786263
85.86867,85,364.123816
-13.606483,28,364.311826
-14.257419,26,364.494526
44.357665,85,364.943374
-0.260525,35,365.26294
31.114305,85,365.595309
-12.051175,29,365.789184
5.822585,85,366.123271
-17.96106,85,366.454131
-10.844887,30,366.637615
45.034122,85,366.958816
-12.507468,28,367.156497
-15.331076,26,367.34675
36.931926,85,367.697416
-15.339803,26,367.881216
41.524088,85,368.21538
3.197223,85,368.570675
52.945631,78,368.87445
46.940073,68,369.178952
-13.251843,27,369.378727
-11.367646,29,369.57645
-12.504618,28,369.782193
-9.812218,30,369.996099
37.843562,81,370.361849
54.117014,76,370.693729
30.192026,85,371.060059
-11.447796,29,371.259977
-6.335415,32,371.486287
9.282792,85,371.879534
53.336529,85,372.226455
-3.981647,33,372.438321
50.444694,85,372.786436
69.228954,85,373.127128
55.319514,85,373.48769
-14.053575,27,373.679807
32.243898,85,374.038544
26.510791,85,374.370592
-14.064282,27,374.559422
-15.34966,26,374.742594
52.382642,85,375.09859
46.040466,72,375.418218
59.567191,85,375.777357
27.777001,85,376.137323
61.497348,78,376.461578
62.476287,61,376.752516
44.284143,78,377.076252
19.267909,85,377.444767
-15.341433,26,377.644837
-10.815444,30,377.853579
-12.498212,28,378.05022
14.008431,85,378.401741
49.711588,75,378.734931
61.037513,76,379.048769
34.61819,85,379.362594
-13.441718,27,379.538949
-13.712271,27,379.733212
-13.690379,28,379.923332
90.005348,85,380.286555
46.380986,76,380.632344
-1.783673,34,380.846615
-12.467634,28,381.045742
58.726207,85,381.38655
15.253567,85,381.738955
-12.86768,28,381.93923
-13.148329,28,382.128442
-12.467634,28,382.334752
-12.467634,28,382.530207
-14.674712,26,382.727117
67.418397,85,383.060193
4.307616,85,383.411686
-12.832734,28,383.606622
-14.213484,26,383.786366
-14.660458,26,383.973445
7.931916,85,384.338272
64.247988,85,384.710699
67.709665,85,385.049403
-13.214445,28,385.235025
60.731484,76,385.554236
59.622059,85,385.903917
77.949531,85,386.248745
-14.142096,26,386.44251
-12.978347,28,386.644318
-29.315311,85,387.0164
56.284286,85,387.373891
58.105611,85,387.730872
63.845225,77,388.06106
-10.095183,30,388.264851
-12.527874,28,388.471414
-14.079931,26,388.653996
71.705713,63,388.954365
-6.265116,32,389.168765
55.579305,79,389.530168
-15.138856,26,389.708494
70.588211,85,390.055807
11.155383,85,390.510896
59.18953,85,390.876612
55.00368,79,391.240149
39.971023,68,391.558996
68.575274,85,391.927839
-15.353701,26,392.116843
45.551364,83,392.454625
57.108762,81,392.798594
41.438066,59,393.07955
-13.531563,28,393.262362
79.406675,85,393.603145
47.52327,76,393.93444
-4.562963,32,394.138039
4.954734,39,394.365306
-16.662486,25,394.562846
-13.515048,27,394.755697
-11.214756,29,394.948624
-10.888773,30,395.158368
78.756366,77,395.498633
68.82408,83,395.847921
-11.274416,29,396.048458
38.209775,85,396.417269
39.249527,81,396.842778
6.496007,85,397.184343
81.39358,85,397.531422
6.616,39,397.744762
-13.614145,28,397.929331
-12.88879,28,398.142297
49.515589,64,398.451116
58.876136,74,398.791701
7.148366,40,399.046175
51.181695,80,399.400708
29.471771,85,399.765919
-1.388995,35,399.984198
-13.5926,28,400.185198
-16.662619,25,400.379872
-2.723768,33,400.600107
23.828811,51,400.885123
-12.405375,28,401.095334
6.434238,85,401.467633
-2.831421,85,401.794043
24.514531,85,402.114179
39.687088,85,402.434285
22.070322,85,402.82372
57.962054,75,403.169194
65.329588,85,403.547835
35.337711,85,403.883206
63.152754,85,404.230614
12.384549,42,404.471564
17.639365,85,404.812776
-11.277989,29,405.004366
20.122313,46,405.262011
48.087147,85,405.614607
41.89098,80,405.964531
-13.645836,28,406.164372
-12.467717,28,406.360272
30.403064,85,406.743066
-12.439009,28,406.942308
65.167436,78,407.299988
-10.977476,29,407.496733
-13.492933,27,407.694195
-12.504152,28,407.891077
-0.694444,85,408.254986
-12.498212,28,408.452984
-15.331076,26,408.650921
-2.864786,34,408.867161
-9.092462,85,409.223833
47.588693,78,409.562143
35.424493,85,409.886029
-4.053936,34,410.101488
-6.429302,32,410.300393
-11.187427,29,410.498289
59.945108,85,410.847808
39.156475,85,411.185293
26.597236,85,411.532666
49.404179,83,411.875323
-10.683212,30,412.076303
-13.597893,28,412.269286
-15.397312,26,412.459916
64.027368,80,412.811524
67.793868,85,413.184154
-13.238857,27,413.36441
97.770804,85,413.738681
57.483424,83,414.099039
-1.703196,85,414.441604
52.920179,85,414.799505
-13.600505,28,414.997965
-12.17508,28,415.201055
42.488958,71,415.521197
54.544903,77,415.852443
68.528429,85,416.207014
36.545699,80,416.55771
-14.882925,27,416.781098
59.93627,82,417.152342
61.559422,83,417.512344
-13.233656,28,417.731796
59.835733,85,418.127335
50.17413,83,418.493513
37.003608,63,418.804709
-0.375322,34,419.05273
35.856933,53,419.304682
88.880891,85,419.67744
-12.497669,28,419.871654
23.707985,85,420.217677
24.326757,85,420.570966
-15.331076,26,420.75736
47.599098,79,421.067835
75.177126,82,421.484319
52.961457,85,421.828382
47.882306,71,422.141491
4.94408,85,422.51423
28.222443,51,422.759794
79.989741,80,423.061732
56.672399,85,423.42563
30.753865,85,423.778375
89.771253,85,424.132715
-13.938035,27,424.316501
14.97105,44,424.56664
-3.099122,34,424.781886
40.314118,67,425.087526
54.635576,85,425.463987
-5.899956,85,425.816433
-10.828654,29,426.006072
-15.331076,26,426.199964
-14.89366,27,426.398808
21.605489,85,426.7479
-15.331076,26,426.941674
-15.067939,26,427.124695
42.589909,84,427.463336
41.214509,85,427.806648
50.049406,75,428.127895
120.720145,85,428.486103
-10.79386,30,428.691467
22.574749,85,429.105812
64.405129,81,429.538957
-10.669882,85,429.893934
86.916539,85,430.27311
49.701176,73,430.598357
11.213825,85,430.970041
64.872202,83,431.329602
46.962594,71,431.636079
-13.440014,28,431.833493
-12.467634,28,432.047799
-13.1894,27,432.22743
0.177763,35,432.438245
-13.961883,27,432.634856
-1.238237,34,432.839456
-5.866146,33,433.080925
-13.036176,27,433.285546
36.937132,85,433.67626
-15.394012,25,433.878024
36.886409,56,434.18352
55.710772,72,434.498658
50.619749,85,434.834528
-2.289271,34,435.056434
9.897587,85,435.387822
18.253439,85,435.736071
44.748462,71,436.034851
44.329875,58,436.296218
50.362778,85,436.636414
2.858963,38,436.857672
-13.938035,27,437.053001
-14.100711,26,437.241737
-14.070718,85,437.644841
21.530501,85,438.01629
55.420104,81,438.32327
18.226464,46,438.557647
56.589804,69,438.860429
41.508238,78,439.192061
-5.325928,33,439.39869
63.885903,70,439.708558
36.340863,78,440.035557
40.945257,81,440.356316
-11.152688,29,440.565036
47.661117,84,440.911934
-5.617093,85,441.279627
59.320984,85,441.633101
51.512793,74,441.946427
-15.067575,26,442.149784
49.133117,65,442.455548
49.362301,85,442.842998
64.556291,66,443.13895
19.671234,85,443.499979
55.78498,84,443.815287
54.861478,69,444.102657
3.20131,37,444.325519
-13.954714,27,444.516909
-13.938036,27,444.706935
-2.192525,35,444.939847
-1.345473,34,445.155901
63.986164,75,445.518581
68.033884,76,445.856746
-12.973268,28,446.064384
-10.850982,30,446.272001
27.503975,85,446.642322
-14.350365,85,447.038925
-14.530925,27,447.268084
45.801172,78,447.626855
56.37403,62,447.952911
47.241658,81,448.281417
-12.568001,28,448.472888
-5.22303,33,448.699664
53.634952,60,448.966953
4.421709,85,449.334928
67.348443,85,449.775213
-15.331076,26,449.971151
53.065089,63,450.313018
-13.186319,28,450.519039
-14.892702,27,450.712936
42.563619,72,451.016467
-15.050143,85,451.436179
-11.909276,29,451.633256
47.735644,85,451.978041
47.573102,75,452.288838
37.41306,85,452.634736
-8.250552,31,452.839045
70.941304,80,453.146244
52.110367,69,453.446947
-6.796416,32,453.644923
-14.73494,26,453.830282
-12.467634,28,454.018153
-13.600509,28,454.225954
21.723414,85,454.570865
-14.599668,27,454.759063
-1.350902,85,455.114157
44.486172,85,455.451294
3.771544,85,455.795483
-12.485149,28,455.988135
0.298553,36,456.206084
20.949021,85,456.55596
39.864785,85,456.902437
-15.331076,26,457.092657
49.806131,83,457.436629
15.199267,85,457.794417
75.758213,81,458.13277
39.705749,77,458.459503
6.723858,40,458.689625
3.879965,85,459.03992
-15.333911,26,459.228108
34.91183,85,459.583466
-12.464984,28,459.7807
54.990419,85,460.138213
5.445094,39,460.362096
72.824551,68,460.668901
77.282328,78,461.007179
53.509369,84,461.320978
-6.674493,32,461.525483
55.561528,77,461.851032
58.797129,85,462.228104
40.739119,72,462.553127
36.569854,78,462.903432
-14.765853,27,463.102346
-12.10852,28,463.306196
44.106742,85,463.665392
-12.498212,28,463.87308
-11.211424,29,464.069461
-15.341433,26,464.266686
1.662611,85,464.645421
-5.160827,85,465.002089
-13.949418,27,465.180333
-33.576495,85,465.55567
47.978151,75,465.952006
-10.16604,30,466.166604
-1.697417,85,466.525956
-2.138985,85,466.974032
29.214064,85,467.314621
-0.154653,85,467.624924
39.622135,62,467.871137
-8.724278,85,468.225998
-15.521976,26,468.421566
-16.656468,25,468.617673
-13.810134,27,468.812518
-14.772688,27,469.011474
13.033358,85,469.378322
2.908482,37,469.603703
-10.991723,29,469.797691
36.360339,85,470.141788
51.472252,77,470.472595
56.188986,75,470.772245
-3.079417,85,471.13632
45.620388,74,471.457273
7.576144,85,471.818527
81.483694,77,472.150478
38.395676,85,472.525985
-13.998849,27,472.721264
65.58063,77,473.074228
50.617197,72,473.391643
46.891429,74,473.732716
10.625483,85,474.127013
52.216188,64,474.435516
-10.620106,85,474.823394
49.579409,85,475.202022
38.184095,77,475.555033
-13.11942,27,475.749644
21.032377,85,476.106576
-8.568596,85,476.477184
-7.121164,32,476.695141
-13.990412,27,476.889469
-13.990412,27,477.091346
46.429791,85,477.452121
18.121903,85,477.81835
-24.16904,85,478.187021
57.590879,85,478.553966
53.415554,74,478.889235
91.750664,85,479.253124
37.152891,68,479.572266
14.659462,85,479.919447
57.455193,85,480.298645
4.19308,38,480.53768
14.023893,85,480.891679
21.841272,46,481.137114
-12.743753,28,481.349864
51.77045,76,481.710593
-6.362773,85,482.058735
-1.566606,35,482.260864
65.267805,74,482.583702
21.143588,85,482.941487
-8.711453,31,483.149732
48.045531,85,483.509598
55.074023,85,483.879842
-3.37564,85,484.252023
60.999153,63,484.553787
8.173164,85,484.924022
-13.181008,27,485.120571
42.261401,74,485.460618
40.573523,81,485.806847
48.347452,71,486.136923
65.875645,85,486.503226
0.783293,36,486.722806
24.626845,85,487.079857
-11.045629,29,487.266526
-15.351953,25,487.46733
47.779687,73,487.7995
43.019504,85,488.178708
-13.948611,27,488.367906
1.344012,85,488.728981
54.514234,77,489.063706
0.829223,85,489.398516
-13.551437,28,489.598645
-7.087508,31,489.802573
40.53996,72,490.139692
0.463427,85,490.511998
27.420204,85,490.850071
-15.385955,26,491.047618
38.807178,79,491.404018
-2.351212,34,491.627258
-13.851002,85,491.997671
41.361106,78,492.359826
31.945618,85,492.726963
-6.801802,85,493.104445
-12.879151,28,493.287896
-12.784419,28,493.471521
110.828241,85,493.833192
-7.687834,32,494.059644
47.557088,76,494.396586
31.769778,85,494.769457
-11.176921,29,494.986073
-15.439657,85,495.362256
10.015888,85,495.729988
-15.438429,26,495.922623
-14.535403,27,496.102223
56.35833,85,496.436698
-4.562107,33,496.660102
37.811732,83,497.012834
66.506671,75,497.353647
42.726185,82,497.695793
-0.382419,85,498.056901
44.285265,69,498.343337
47.523951,84,498.698741
56.213049,79,499.039968
32.351706,85,499.406595
43.75049,85,499.748757
12.01683,42,499.996015
-13.112437,85,500.362174
54.500794,74,500.701775
-12.95854,28,500.894839
-13.949418,27,501.082888
-12.897615,28,501.282771
-6.737624,85,501.675662
-7.196819,85,502.039163
37.968545,79,502.346889
41.618694,81,502.702312
51.385586,74,503.041836
-12.469646,28,503.245784
78.074211,85,503.627074
78.113174,69,503.9728
67.991253,84,504.3009
48.496697,62,504.590806
40.01421,75,504.913335
54.378528,85,505.254679
57.667897,63,505.534418
40.498341,79,505.883431
43.904282,69,506.211273
39.217057,84,506.577728
49.071912,85,506.947975
29.106883,85,507.289462
33.746678,82,507.647263
-9.341985,31,507.86029
-14.237907,27,508.052479
69.339993,85,508.445197
47.894297,79,508.826688
44.419562,85,509.19207
-3.755687,34,509.421081
38.371322,83,509.775779
53.602051,85,510.149269
0.592152,85,510.520211
64.106587,85,510.855079
-10.989707,30,511.117524
7.816094,85,511.493068
-13.600505,28,511.698003
49.746739,77,512.030348
23.516958,85,512.442427
-8.994134,30,512.656467
81.526683,85,513.03575
41.011567,71,513.363549
-7.326606,85,513.737152
44.552577,76,514.069304
19.941725,85,514.491666
58.513359,67,514.813634
0.196692,36,515.035185
23.38919,85,515.400128
18.225011,85,515.756686
64.482401,69,516.091346
13.259182,85,516.459115
0.418908,85,516.814242
56.676191,80,517.147929
72.572768,74,517.530191
30.305268,85,517.881315
50.415882,80,518.247176
1.202483,85,518.667186
16.944376,43,518.922076
56.275714,73,519.240145
49.097602,75,519.542456
46.226905,85,519.866181
52.737817,76,520.2228
1.762418,37,520.448108
-7.247692,32,520.66582
-11.103994,29,520.885516
-0.742764,85,521.272145
-8.409541,31,521.483444
61.427391,85,521.852251
15.403447,85,522.24024
56.580131,85,522.606142
43.852868,83,522.989578
48.553645,85,523.360445
-12.634144,28,523.567208
42.807443,81,523.903198
0.820715,34,524.113111
39.94942,79,524.454303
52.182488,62,524.752561
52.590403,79,525.092757
1.092531,36,525.319431
35.956965,85,525.67482
35.75877,85,526.054962
45.253802,82,526.401298
37.669927,85,526.770903
-9.214639,85,527.129709
-0.862713,34,527.356846
-23.470131,85,527.724012
36.937968,85,528.100707
18.870765,45,528.347482
6.817192,85,528.798302
6.252574,85,529.171724
87.596286,85,529.543531
55.713509,84,529.898193
0.343383,85,530.231383
-4.025399,85,530.552959
24.898053,85,530.88379
-3.1019,34,531.098718
55.87075,78,531.42183
46.793459,85,531.808113
34.542053,83,532.164538
-12.038712,29,532.380344
5.669344,85,532.765429
9.185475,41,532.994815
58.476067,82,533.360775
0.172199,85,533.758083
54.544902,85,534.136991
21.072846,85,534.491065
42.310733,77,534.833449
-5.060062,33,535.06607
49.468562,79,535.444317
48.991944,85,535.845912
14.419774,44,536.102867
8.473842,85,536.516925
49.456764,70,536.862712
2.941858,85,537.245228
51.636434,74,537.58613
-1.602208,85,537.960074
-10.690982,29,538.161632
11.877786,85,538.502131
28.786463,85,538.877084
-24.513359,85,539.221613
-12.760546,28,539.425811
34.196172,85,539.792705
39.292991,82,540.158536
43.980096,80,540.528664
-8.612012,31,540.751102
-37.824073,85,541.132327
62.544734,77,541.487368
49.962399,79,541.850048
38.493043,78,542.271344
42.912042,85,542.65949
50.500941,85,543.017118
57.09882,85,543.363445
47.416976,80,543.69141
-12.180906,28,543.873459
45.175418,77,544.225982
46.885056,72,544.543308
41.01642,69,544.847162
43.98075,85,545.210992
42.582023,70,545.639944
-19.412452,85,546.014343
87.141008,76,546.342216
74.387132,85,546.674573
42.911234,73,546.989313
1.30724,85,547.305959
-1.358939,35,547.50264
38.812557,78,547.989648
90.395853,75,548.28479
2.865978,85,548.605518
50.071954,75,548.906558
14.469354,85,549.210601
58.218833,85,549.525373
52.064683,83,549.829693
47.304793,80,550.167324
30.182273,85,550.510506
-0.885372,34,550.722271
4.829841,37,550.93108
50.19855,82,551.276824
-13.329077,85,551.640354
46.352665,73,551.976588
43.393682,76,552.284542
44.551529,71,552.595342
-12.432781,85,553.003472
45.05085,80,553.399758
65.02569,76,553.793727
75.590081,70,554.1333
41.030895,81,554.51702
5.781619,85,554.929855
50.475741,85,555.305632
39.212389,79,555.671169
48.216543,81,556.016842
42.060469,79,556.371291
76.296848,85,556.714404
52.185508,75,557.031061
49.689586,78,557.361597
48.303726,81,557.688259
42.160215,85,558.033085
43.948763,78,558.347087
63.690307,84,558.698962
36.958227,83,559.055112
42.559797,80,559.371069
-1.571376,35,559.585886
5.516523,85,559.966116
-9.745752,30,560.261976
55.825511,74,560.642733
-8.230353,31,560.910213
24.495721,85,561.314374
98.007691,85,561.84429
40.609039,73,562.214252
11.024509,85,562.618914
45.558734,85,562.988073
54.069841,70,563.345354
20.576306,85,563.743375
58.633224,82,564.078506
39.096812,82,564.464349
43.567141,77,564.822446
50.160388,72,565.141243
48.576962,81,565.518028
59.415242,66,565.91555
46.757099,77,566.291958
-10.340162,30,566.532828
-14.103312,27,566.767586
42.314006,75,567.21608
43.350427,82,567.673161
-2.318192,34,567.912648
48.55499,85,568.307306
50.263448,69,568.667802
-7.010446,32,568.924009
45.447727,85,569.37021
5.275917,39,569.64315
43.839342,85,570.120322
45.726252,85,570.539215
53.523554,70,570.904924
48.01434,68,571.228955
-11.187826,29,571.446621
47.749923,72,571.789063
50.862644,81,572.161224
40.610039,74,572.514341
38.592254,74,572.900763
31.987244,84,573.297688
50.812666,75,573.655565
6.675209,85,574.061268
40.084968,79,574.520178
37.043169,72,574.968447
14.503677,43,575.240378
44.521103,82,575.697169
50.130612,72,576.043724
57.959,76,576.432114
56.570821,58,576.756626
39.100437,76,577.212595
46.255948,77,577.555233
47.282197,68,577.92682
2.179865,85,578.330931
33.627633,85,578.687512
47.560628,77,579.118886
42.18039,84,579.494184
52.246332,74,579.917411
38.918792,66,580.271048
59.187276,66,580.614761
55.411989,78,580.978917
45.998545,74,581.420325
7.690786,40,581.681881
50.281747,85,582.073468
4.88488,85,582.464761
55.726484,82,582.841473
13.955242,44,583.172429
49.187158,85,583.561854
-6.856535,32,583.788956
12.581202,43,584.058179
-3.895438,34,584.324046
-12.895394,28,584.550439
39.020047,75,584.882876
-10.783842,29,585.101628
51.280638,79,585.430731
45.813867,70,585.769343
-4.465726,34,586.00162
43.078573,85,586.383286
11.54302,41,586.636142
15.042469,85,587.024245
53.508975,70,587.396042
55.301089,81,587.754685
34.81241,75,588.107325
51.968882,74,588.443949
41.860276,75,588.797022
-26.322255,85,589.224266
36.941685,76,589.575186
-8.91801,30,589.799083
16.252193,85,590.379464
51.534914,69,590.722811
50.064576,84,591.094026
52.795914,85,591.448112
43.936882,64,591.762881
-5.045051,33,591.970656
36.527448,85,592.329985
43.676537,78,592.649992
63.303575,70,593.010792
-7.29599,32,593.229969
71.060179,85,593.597323
44.992685,72,593.955502
41.803928,84,594.351048
-9.048307,30,594.580032
62.037729,83,594.954945
54.644681,83,595.362425
43.700062,70,595.718099
41.865421,72,596.048513
30.71494,85,596.421094
-15.187355,85,596.826742
47.230736,83,597.244115
-11.189966,29,597.475595
68.310365,85,597.864116
-7.559015,85,598.272399
-11.153244,29,598.501745
36.375121,80,598.843169
54.902158,85,599.218562
57.164215,62,599.516007
-7.31417,32,599.73241
8.229178,85,600.13078
-13.26073,28,600.323605
2.165945,85,600.702864
53.587098,85,601.031872
40.020965,85,601.35603
100.033729,85,601.714726
40.166359,61,601.991317
8.128922,85,602.343739
63.800108,77,602.674415
42.579831,74,603.024897
43.287601,80,603.37822
39.077161,85,603.753743
48.496006,67,604.067989
50.836721,73,604.396229
32.162784,85,604.801234
19.006624,46,605.060842
41.499584,85,605.446116
42.801972,83,605.813093
59.930545,72,606.132969
59.215961,75,606.455852
61.06508,72,606.782808
-12.515568,28,606.989758
50.505928,82,607.355428
36.386879,62,607.657096
44.248548,79,607.999871
39.909063,70,608.321613
46.568259,75,608.654043
-5.427066,85,609.053095
82.676245,71,609.379737
42.031025,82,609.747912
64.133728,81,610.112853
-9.58779,30,610.331395
-5.515138,33,610.541065
-10.134341,30,610.759465
78.919993,72,611.095281
37.795665,51,611.362066
-1.783354,85,611.733304
0.694364,36,611.970248
39.689469,85,612.335565
41.244936,72,612.658426
40.598619,71,612.99405
36.732941,59,613.293551
38.36782,85,613.671296
46.42945,85,614.08546
7.792327,40,614.32654
23.243684,85,614.712471
116.028417,85,615.063258
51.649535,63,615.336998
10.560921,41,615.636581
37.681823,79,615.978842
46.648454,76,616.314505
-8.338485,31,616.528934
3.622761,85,617.019807
59.5531,62,617.305876
38.65662,80,617.667607
51.516123,83,618.002797
15.168489,44,618.213492
-7.192806,31,618.403136
37.903645,72,618.755695
45.568197,71,619.105223
46.885264,80,619.49753
51.185898,74,619.817417
44.107669,85,620.180368
39.931859,64,620.470429
54.980152,81,620.837786
40.43196,84,621.196036
69.047038,85,621.528683
1.888225,37,621.74264
54.981365,79,622.061616
28.049357,47,622.312435
38.463171,85,622.694332
-8.715034,31,622.91559
51.305928,79,623.246977
64.82859,72,623.59766
-10.416609,30,623.7898
66.197458,73,624.206217
87.084749,84,624.562472
-8.896009,31,624.788228
2.574461,37,625.007123
49.085454,82,625.366532
43.852089,74,625.697976
95.23156,85,626.054805
1.012898,37,626.274625
-0.701909,35,626.496847
49.528646,75,626.829167
43.729347,69,627.150353
40.026311,73,627.468248
7.967538,40,627.683104
54.894013,60,627.961531
21.13736,85,628.325727
56.02528,76,628.664987
52.903016,62,628.966568
43.357854,74,629.30161
42.542499,78,629.647138
61.85061,72,629.972774
40.779594,71,630.312639
53.268175,72,630.630205
38.050215,85,630.996694
-3.456914,34,631.190099
41.316775,72,631.488818
35.910484,56,631.76855
33.801917,85,632.133406
28.446797,50,632.386966
70.891819,64,632.686975
24.173088,51,632.955427
47.789612,83,633.3027
23.106116,85,633.661532
75.569986,85,634.029835
45.069452,83,634.394589
39.718048,76,634.733975
49.17493,71,635.060548
11.786104,85,635.43545
54.36478,68,635.753492
47.703001,84,636.11974
33.169059,85,636.490081
9.256784,41,636.722715
47.375327,84,637.098282
47.889442,73,637.430312
63.062155,68,637.705018
54.780358,66,637.99936
-10.119811,30,638.215233
-9.107786,30,638.410368
46.773397,85,638.767948
53.75033,76,639.091485
72.308788,69,639.42798
55.462346,77,639.777255
61.575079,82,640.133152
2.500841,85,640.490169
4.266089,38,640.708567
46.130401,75,641.021883
-7.972033,31,641.236818
1.183182,36,641.489239
53.702233,72,641.811823
44.999729,61,642.096785
26.390659,85,642.449664
8.14163,85,642.78163
47.736522,84,643.149246
56.593961,66,643.459595
44.789259,74,643.804917
60.034446,85,644.17402
53.243519,80,644.538059
42.983894,77,644.907629
-3.146139,34,645.126731
-1.360395,35,645.349541
43.429236,78,645.709877
43.928031,80,646.024602
46.24752,79,646.346618
45.91615,67,646.641002
47.417867,75,646.983061
37.032833,72,647.309425
50.008411,56,647.589735
37.418129,83,647.96201
43.736661,85,648.295695
54.953624,85,648.631875
47.018038,58,648.923674
43.608737,78,649.239097
-2.017591,35,649.462141
60.353537,78,649.810416
9.441189,41,650.055049
-10.943408,29,650.254236
88.110054,78,650.609749
43.894405,78,650.974038
41.953254,57,651.271161
9.967164,41,651.503191
1.882319,37,651.761982
26.980043,47,652.010882
-8.340624,31,652.22999
-8.729883,85,652.604236
8.331731,40,652.862041
44.095976,67,653.187824
52.931478,63,653.485288
-7.116583,32,653.691057
62.673966,71,654.020451
-12.239832,29,654.223834
33.422179,85,654.662139
38.383649,75,655.003128
43.40809,64,655.301052
57.425448,67,655.605551
44.632563,78,655.956143
35.337622,68,656.233924
46.681944,72,656.538807
-18.667821,85,656.920865
50.479022,75,657.265999
45.643655,74,657.598389
4.594569,39,657.83631
15.257991,85,658.197902
47.607709,77,658.542763
54.83874,77,658.949117
43.949554,77,659.288844
50.605832,78,659.653342
36.599563,81,659.995302
-10.123692,30,660.186532
41.610998,76,660.516447
55.575158,72,660.819742
34.185209,50,661.08576
14.813152,45,661.325438
53.292514,69,661.639784
-11.220774,29,661.835912
63.720772,61,662.135802
12.871373,41,662.36132
46.877384,64,662.660352
-7.991952,31,662.880674
-5.65467,32,663.100682
43.945448,76,663.447118
40.551559,72,663.769489
50.879774,75,664.112247
53.383728,66,664.446845
37.033999,51,664.728223
42.045783,82,665.088596
47.174144,71,665.425286
36.197264,79,665.741508
47.421989,73,666.054576
47.70401,64,666.374538
46.488603,81,666.748578
54.772382,65,667.066953
12.893055,43,667.299837
45.193848,70,667.599323
13.251909,44,667.856069
56.859125,82,668.210752
74.510152,65,668.510995
32.967248,82,668.901395
33.715841,85,669.31158
39.248613,75,669.678073
52.871677,64,669.980024
17.352189,45,670.233547
-4.049977,33,670.450207
59.795554,85,670.827842
53.846089,81,671.198992
48.313964,70,671.533644
54.495496,67,671.87637
47.596249,67,672.226179
55.094574,63,672.527865
57.572661,85,672.913257
48.216434,68,673.247022
49.605329,79,673.607667
45.414196,81,673.96409
40.343442,59,674.270214
54.195197,70,674.599272
46.877615,70,674.94521
48.786799,67,675.256444
13.823067,44,675.508848
41.817451,81,675.873503
54.544408,75,676.206813
36.657506,85,676.5877
51.155808,85,676.963058
35.673235,76,677.324709
20.373935,85,677.703905
10.640942,85,678.084539
31.065682,53,678.333577
42.712433,82,678.685154
51.46703,66,678.971004
35.978834,61,679.252342
66.105457,71,679.593449
36.92876,70,679.929977
40.56613,58,680.226993
42.743745,73,680.5747
55.078611,57,680.862467
38.206625,72,681.156458
42.165153,66,681.559808
40.045625,78,681.899689
15.029556,42,682.131345
49.309975,72,682.442953
49.461031,69,682.780387
13.637018,43,683.008618
47.377711,70,683.338463
-8.445244,31,683.539974
59.038793,84,683.901381
39.08948,63,684.191755
2.493565,37,684.418262
34.483699,61,684.732195
42.262257,72,685.046167
72.307915,85,685.42382
38.209173,61,685.726893
41.75462,85,686.132956
59.230566,68,686.429543
44.285388,67,686.748173
56.550403,58,687.043521
40.33824,64,687.354187
36.892824,81,687.714236
41.684689,67,688.032755
47.902783,75,688.391052
59.158208,85,688.78604
47.007864,78,689.112791
36.561356,82,689.453271
49.955263,59,689.735549
38.692531,76,690.060411
45.080019,75,690.39261
44.244398,70,690.705362
42.053327,84,691.053941
38.486875,77,691.396268
58.455487,81,691.750797
-7.014218,32,691.954842
32.518155,85,692.31557
83.963462,77,692.642909
47.467755,59,692.934339
41.586729,69,693.226293
46.874042,73,693.524244
43.480189,76,693.876758
-1.98544,35,694.107398
44.33263,81,694.467697
56.240587,84,694.812873
46.931499,71,695.144208
16.927986,43,695.384428
10.638821,42,695.634887
53.488682,69,695.947357
31.442007,55,696.23863
39.675558,60,696.532959
43.408286,85,696.896884
55.436427,78,697.288671
51.714063,78,697.600648
46.092581,79,697.935263
40.936377,65,698.216798
37.280926,77,698.539507
7.957207,40,698.807909
20.457637,85,699.138393
40.795564,65,699.401613
43.714817,68,699.676635
58.251302,85,699.977557
67.035611,75,700.263113
44.536622,70,700.55708
50.328596,72,700.844381
59.481314,84,701.150531
39.710469,68,701.423108
54.60723,74,701.723146
39.145365,77,702.014262
35.275005,62,702.268802
-11.423768,85,702.569443
6.275232,39,702.782003
46.969292,67,703.050809
44.795085,82,703.347022
57.978676,67,703.611212
6.83783,40,703.829774
6.581873,40,704.045375
-1.997607,35,704.260066
50.754551,74,704.581203
50.156741,71,704.872832
43.478584,79,705.186867
33.190748,81,705.52208
34.8878,83,705.879553
54.136951,71,706.214331
58.661955,60,706.495175
47.186797,76,706.823646
49.068065,73,707.135781
37.846748,85,707.500777
12.891793,42,707.724274
49.429983,71,708.055249
49.564318,73,708.37551
39.167405,72,708.709746
35.813206,54,708.984464
40.674424,68,709.298208
45.183999,73,709.630348
64.318903,80,709.97011
43.231585,68,710.259115
56.131441,74,710.579051
66.439763,68,710.898668
74.442883,85,711.253169
39.576593,79,711.59637
59.480608,71,711.935184
49.72552,67,712.214957
9.004989,40,712.445201
45.78223,73,712.783004
44.787615,70,713.110773
46.45898,63,713.40945
46.147479,66,713.687661
47.97248,74,714.017149
-1.034661,35,714.242131
40.861265,71,714.559579
44.209537,62,714.865508
56.476823,60,715.150381
65.275102,79,715.491168
37.799472,66,715.799108
36.616068,62,716.109745
44.345339,73,716.435167
14.966524,85,716.85738
-2.061327,85,717.24667
39.384346,85,717.598178
41.388249,60,717.878344
-5.720884,33,718.079061
62.224226,82,718.515145
41.417059,69,718.803801
42.211684,73,719.103271
44.119312,64,719.391798
14.329664,44,719.611546
32.442887,80,719.937833
38.129095,68,720.23476
39.338773,80,720.581146
38.845513,84,720.995592
64.883106,66,721.368824
56.101193,69,721.662118
7.37664,39,721.89933
45.208018,83,722.240676
48.527611,64,722.525811
45.173254,69,722.853173
51.311845,76,723.174812
48.425954,68,723.471413
41.371702,69,723.756237
58.073614,76,724.09738
-7.773117,32,724.305391
18.674219,85,724.663897
37.709439,59,724.942113
32.493539,85,725.488076
-2.285505,34,725.694231
-1.857986,85,726.013347
53.061212,76,726.299697
43.520631,71,726.579541
35.713514,74,726.865417
-1.624098,35,727.058963
7.336484,39,727.267518
35.885904,68,727.548805
49.427026,73,727.828485
40.269348,76,728.128783
43.96183,84,728.435257
53.321393,64,728.696876
62.690085,63,728.961901
42.003442,66,729.260326
45.829031,64,729.547188
40.707286,68,729.847975
42.200976,80,730.181524
47.085307,77,730.50235
11.869205,43,730.746436
23.6553,85,731.117451
48.002115,70,731.474517
42.271368,85,731.833362
50.293272,62,732.116828
17.762754,45,732.361839
40.505162,79,732.695577
25.098292,48,732.953428
49.367765,83,733.306393
48.529962,66,733.589181
45.361728,78,733.939337
51.313501,57,734.213435
52.767069,85,734.591396
53.705816,84,734.964304
37.675957,85,735.32721
42.452802,85,735.69623
-13.573082,27,735.896789
51.279104,85,736.267653
8.022963,41,736.504234
21.563734,45,736.758524
52.96208,75,737.332352
40.608679,68,737.607538
53.061052,78,737.879522
70.094715,73,738.152926
39.943082,85,738.447086
91.542435,77,738.732419
53.84075,79,739.020742
59.304041,85,739.336911
4.718462,37,739.531305
39.969086,85,739.838082
49.366704,74,740.121753
63.296277,75,740.431666
36.653698,82,740.740666
64.322507,77,741.050465
42.391655,73,741.35736
27.665523,48,741.585664
44.198601,69,741.875795
50.126992,75,742.186803
44.015061,77,742.551928
43.559165,73,742.887253
41.416725,75,743.260713
23.866348,47,743.531901
47.243341,85,743.980101
20.624746,85,744.369986
37.756835,82,744.783878
44.827053,65,745.122342
48.378509,73,745.449265
-2.723239,34,745.710988
38.751645,83,746.182076
49.051016,78,746.595551
38.525169,80,747.053547
27.540846,85,747.504806
39.937673,74,747.879905
53.506451,85,748.270305
51.8474,76,748.644357
53.100051,70,748.975301
43.919066,77,749.314148
57.415005,74,749.643757
52.219489,64,749.949784
42.33316,85,750.3352
-14.722626,85,750.715103
42.87431,71,751.046561
43.907661,81,751.414265
4.486654,38,751.648167
41.055275,81,752.018713
55.42227,75,752.364821
39.547819,73,752.684748
40.708639,64,752.961739
36.065147,70,753.295063
-6.867936,32,753.504757
65.848956,74,753.889825
8.472908,40,754.113285
40.275368,74,754.405463
40.781175,66,754.726154
53.907977,75,755.068847
54.068335,67,755.3904
36.676361,81,755.703303
67.481754,69,755.997257
39.965597,78,756.379674
50.99262,68,756.68606
46.794662,63,757.006498
46.562641,62,757.299582
54.9841,74,757.624406
13.80312,44,757.874304
68.262736,73,758.246859
22.901474,85,758.619382
52.747226,72,758.956487
10.444456,41,759.19439
35.411325,85,759.524314
67.214392,85,759.850096
62.415322,81,760.175688
43.815774,78,760.496182
60.881229,71,760.778582
37.194644,85,761.080435
48.328399,75,761.367015
42.944604,71,761.653215
51.811054,81,761.971041
35.808121,81,762.279876
45.975579,75,762.639785
-8.782963,31,762.843162
9.530355,85,763.148194
49.491816,69,763.409927
33.787255,56,763.654581
57.946464,64,763.912073
43.358821,82,764.245898
45.735408,76,764.572778
48.555005,82,764.905046
-4.464712,34,765.10415
42.973825,67,765.370599
40.824424,83,765.721547
42.680679,69,766.032335
47.977738,85,766.384477
38.300519,69,766.705978
46.923339,75,767.042047
0.148196,85,767.412123
37.558622,79,767.720935
60.038314,80,768.067765
25.187887,85,768.45144
50.889514,62,768.778438
57.022347,82,769.1489
61.713753,76,769.500291
47.476922,75,769.837151
54.660212,62,770.145741
48.865014,82,770.510101
50.065706,73,770.848334
38.885122,77,771.213058
35.351549,80,771.573455
40.773823,85,771.972051
45.654777,69,772.287704
50.810235,82,772.644197
40.155895,78,772.985471
38.006331,85,773.342529
49.35581,75,773.685226
55.983693,65,774.001881
38.062516,73,774.322614
40.376911,82,774.731114
49.076908,74,775.153174
66.70708,81,775.52351
43.60689,76,775.847187
46.336563,56,776.118161
39.690955,59,776.398652
45.104257,78,776.734362
37.469647,85,777.100594
50.241465,85,777.44949
43.919519,54,777.701564
75.1063,73,778.007416
80.923237,78,778.351871
74.811932,74,778.708122
48.996412,80,779.073612
87.010934,76,779.420874
41.600745,78,779.791102
54.869479,71,780.12446
20.803622,85,780.486579
39.580751,79,780.815834
54.101265,78,781.17574
67.976177,77,781.531358
63.533887,83,781.893631
70.509301,85,782.274001
78.23608,75,782.605269
63.018576,80,782.972297
37.698023,82,783.292888
53.353203,85,783.664752
50.431794,85,784.022892
61.931213,74,784.367867
52.071637,79,784.706498
67.491586,85,785.102526
47.124134,84,785.596584
12.542854,85,785.986521
40.040665,83,786.315385
0.363447,85,786.659348
-8.374533,31,786.864884
66.437531,66,787.164627
5.173308,39,787.4137
69.201233,74,787.74001
47.259523,84,788.107507
50.308934,74,788.439425
-15.501144,85,788.793852
35.529729,85,789.157549
-7.142086,32,789.388352
83.800555,70,789.716699
40.291384,70,790.0363
37.524004,85,790.427846
58.199921,79,790.744716
50.056146,85,791.117647
8.759354,85,791.504792
44.380283,81,791.880592
-9.873545,30,792.085938
20.816769,85,792.451252
44.571507,85,792.834641
50.606089,85,793.211209
54.998583,79,793.576617
45.998515,81,793.968598
23.487966,85,794.354206
51.594142,74,794.668357
46.788448,72,794.989674
44.07449,78,795.343438
45.699297,71,795.660187
15.538561,85,796.02169
42.532978,83,796.429235
40.243176,80,796.782309
43.618747,79,797.128156
53.302696,80,797.464715
42.409637,84,797.84322
33.231789,78,798.227212
43.041003,77,798.601824
30.147513,85,798.972816
64.073631,73,799.292795
59.352273,76,799.650581
-8.617136,31,799.870833
-11.634792,85,800.289804
47.394798,78,800.621828
52.959504,66,800.910814
46.299844,81,801.229189
43.59291,79,801.573941
39.965951,79,801.924822
44.974811,80,802.248008
13.738069,85,802.614934
65.988074,70,802.938601
57.212049,79,803.291018
43.105097,62,803.605079
44.631343,83,803.968135
41.495804,79,804.324213
24.750036,85,804.710541
21.015823,85,805.117432
61.013664,84,805.506085
58.823035,73,805.860486
49.458284,70,806.183375
38.835849,85,806.534303
45.560402,66,806.834211
58.526712,61,807.135713
46.515904,85,807.493578
41.628315,82,807.830968
41.611374,76,808.179837
51.215403,83,808.561243
52.898176,84,808.923413
57.481705,77,809.267102
43.282875,85,809.643184
51.719176,83,809.980047
44.824057,73,810.278099
74.233714,85,810.65005
34.33178,81,811.00752
46.806106,76,811.373867
45.73922,85,811.747124
46.394941,67,812.072392
54.051783,82,812.45526
51.914183,74,812.803765
43.248124,75,813.140634
41.761106,85,813.506869
51.953635,70,813.836046
-3.404074,85,814.179302
39.116099,80,814.559412
-4.648723,85,814.927098
51.312282,80,815.276404
33.794556,80,815.636778
-5.312749,33,815.850916
44.536663,75,816.15276
48.072311,80,816.488331
40.47598,73,816.814235
47.681719,77,817.170297
39.551099,81,817.55924
51.191732,82,817.933302
40.51151,85,818.269396
51.412083,76,818.591233
42.999505,82,818.953103
48.086564,71,819.254586
48.391043,75,819.631542
44.151396,75,819.966227
50.871901,74,820.290011
57.03457,73,820.633417
65.658131,70,820.950029
51.464414,78,821.304475
58.064159,81,821.656189
62.11934,79,822.015268
43.645617,76,822.355381
61.369468,65,822.695638
45.391997,77,823.037537
-7.125836,85,823.424515
44.640527,75,823.755602
35.065847,85,824.104684
32.486514,82,824.441922
56.150713,85,824.789258
24.495163,85,825.190172
43.067321,57,825.489974
54.823517,79,825.841804
28.341123,54,826.15387
56.163272,85,826.536917
32.222935,75,826.905487
49.085675,71,827.257143
14.995952,85,827.660275
56.124951,85,828.043402
41.707126,64,828.346014
44.349844,78,828.701925
33.647966,85,829.058491
36.001633,81,829.43578
48.99342,85,829.762749
64.285231,83,830.163136
55.093362,85,830.517173
60.624374,84,830.870138
48.53168,75,831.213142
65.783599,85,831.559567
57.849197,85,831.912046
37.713405,85,832.26403
54.51371,61,832.562658
39.717955,79,832.91293
-6.41695,85,833.287134
69.083293,65,833.595427
66.345137,84,833.95549
0.986416,36,834.197543
57.591963,82,834.580185
62.832748,68,834.913238
54.851083,81,835.23618
48.759789,78,835.583506
60.421238,64,835.891669
53.170956,73,836.231675
41.190535,81,836.610295
45.328267,83,836.968393
-9.889333,30,837.158813
77.094555,82,837.503651
41.597488,70,837.855646
50.098568,75,838.208695
37.802644,72,838.541465
2.81376,85,838.919456
14.748831,85,839.293094
31.936142,83,839.6511
43.797734,85,840.036969
24.284489,85,840.424928
30.243812,53,840.715774
46.881956,64,841.022858
62.044798,69,841.351535
48.460255,70,841.678627
43.629704,60,841.963801
-2.679989,34,842.188735
1.821549,85,842.556716
10.69617,40,842.784083
23.238938,85,843.15109
48.496364,72,843.478993
12.174048,85,843.874448
-27.654283,85,844.239866
-1.139821,35,844.462448
47.844293,79,844.819443
34.168147,56,845.123903
34.030305,83,845.509078
36.946689,50,845.790422
46.747839,85,846.164193
58.126389,78,846.519001
46.53813,85,846.864495
-1.123501,85,847.223951
42.007946,75,847.566747
-5.41966,33,847.779902
40.047128,85,848.155111
-5.12415,85,848.530299
44.98431,85,848.880873
66.574986,85,849.203318
-14.598042,85,849.571385
56.646212,84,849.94903
-24.749059,85,850.354141
37.468655,67,850.666331
74.910305,70,851.001093
45.376419,73,851.320806
57.224072,85,851.702383
49.223649,85,852.049921
40.335119,84,852.438348
43.889355,59,852.728969
42.593276,75,853.08445
50.992859,81,853.449315
-5.496878,33,853.658853
41.358706,68,853.964741
37.892384,85,854.323832
46.653052,72,854.613533
69.525789,85,854.958133
29.132543,85,855.318789
5.131998,39,855.536794
63.1599,85,855.895401
51.882912,64,856.19638
36.386999,72,856.517589
38.994983,81,856.854304
-27.253837,85,857.188359
4.898418,38,857.404505
25.103543,85,857.76771
52.304502,85,858.122762
27.550222,48,858.38015
39.568041,83,858.754962
32.933331,85,859.118678
52.274725,67,859.423568
47.624276,85,859.754999
33.952083,74,860.080533
38.262402,80,860.464095
46.224784,84,860.825134
50.88649,68,861.144717
-2.894153,33,861.35396
-7.812055,32,861.569648
-8.699699,31,861.776407
-7.726194,32,861.9872
41.688967,82,862.358562
43.438786,73,862.649751
-29.530854,85,863.013914
75.721239,76,863.335544
42.442234,73,863.659631
45.559601,70,863.990583
-6.813726,32,864.228107
38.557107,80,864.58621
66.356543,81,864.936633
49.429126,70,865.251143
-3.616079,34,865.477136
58.252807,79,865.859732
68.125722,75,866.21508
47.424199,85,866.593849
34.447815,84,866.949924
46.159232,80,867.285369
29.356121,85,867.691185
38.881734,77,868.04966
37.629414,69,868.386316
44.031683,74,868.766246
7.864542,85,869.145005
60.482541,83,869.498242
-4.36706,85,869.843537
-5.492008,85,870.196807
36.101235,65,870.510274
47.913781,85,870.919601
-0.365172,36,871.163547
46.915567,58,871.446336
66.113163,69,871.793603
60.232878,78,872.170315
60.28543,76,872.504019
-10.35122,30,872.714989
-6.92636,32,872.925638
0.05702,85,873.301726
69.482152,83,873.686754
40.829774,69,874.02363
-8.21316,85,874.420425
2.411169,85,874.979395
57.801633,85,875.338879
-13.596126,85,875.707475
41.870585,76,876.050651
52.109999,85,876.426425
6.217066,85,876.76255
35.43686,82,877.132606
52.804985,85,877.470828
83.541781,77,877.79215
70.635508,85,878.175048
26.972573,85,878.559886
58.212861,84,878.903276
-11.709396,85,879.297626
-47.60891,85,879.653402
44.706399,85,879.998303
35.118816,85,880.339105
29.977846,85,880.657963
48.922126,84,881.009194
-17.276425,85,881.390346
60.703398,83,881.75446
49.998585,81,882.111801
10.101567,85,882.476691
73.853064,83,882.813796
-9.915808,30,883.009883
46.475486,85,883.374662
47.694636,85,883.765638
0.053169,85,884.165583
-0.834856,36,884.394699
64.97499,80,884.716467
57.574768,65,885.020558
-8.180266,85,885.381299
13.419761,85,885.763937
2.958415,85,886.14393
55.581484,76,886.503915
-3.868083,85,886.86453
61.166765,73,887.201392
51.09085,79,887.548617
-8.728271,31,887.760501
7.813938,85,888.138907
-42.672479,85,888.518713
-29.496535,85,888.903475
-2.520451,85,889.268803
62.160698,65,889.555684
6.929931,85,889.918762
1.881471,85,890.273445
43.542037,80,890.611094
55.967885,85,890.992758
38.726897,63,891.297832
7.499037,85,891.688394
6.626648,85,892.055375
27.587506,85,892.448936
55.695687,85,892.830097
60.229646,85,893.207322
54.979988,83,893.568213
7.575754,85,893.956283
24.673895,85,894.336678
-1.233367,85,894.716431
47.675027,72,895.045941
-3.348695,85,895.440666
3.978928,85,895.812968
10.327075,85,896.18161
38.32391,85,896.547423
45.242136,85,896.897386
34.219611,67,897.228873
28.170521,85,897.608084
-0.180977,85,897.952083
26.51362,85,898.300106
-18.722096,85,898.676159
-7.710732,32,898.891343
49.567,80,899.249013
51.984676,76,899.572254
2.444316,85,899.937296
21.899383,85,900.263963
48.56772,72,900.575619
33.545308,74,900.913263
71.619874,85,901.3038
83.215759,85,901.66585
8.243218,85,902.023332
-5.541843,33,902.249616
32.786822,85,902.611197
40.48721,79,902.953883
43.26964,85,903.310675
36.597969,84,903.654369
38.727465,80,904.015447
58.789343,78,904.358766
53.000379,67,904.655171
86.883948,80,905.010773
88.299123,73,905.381693
16.177376,85,905.764155
88.459576,85,906.128123
43.339222,75,906.45439
-14.65115,85,906.788615
41.29717,85,907.115704
45.360081,82,907.438794
36.987006,81,907.754943
-10.747514,85,908.142063
12.851571,85,908.54369
44.746841,85,908.902544
42.513054,72,909.238425
54.403129,71,909.560801
-1.317666,85,909.91679
0.246447,85,910.28209
58.948869,85,910.659926
60.277615,82,911.060493
57.574834,85,911.413151
39.830734,73,911.722016
36.852912,85,912.087431
62.156705,76,912.434263
45.701129,70,912.705106
24.71725,85,913.048714
40.795932,85,913.404601
1.544556,37,913.602063
-3.58005,34,913.796553
1.423025,85,914.184387
75.576183,70,914.52068
42.678586,85,914.890935
-15.024002,85,915.284835
-4.564389,34,915.517395
40.007451,84,915.907473
55.282481,59,916.202741
44.078537,85,916.565255
43.605451,71,916.888141
36.822475,56,917.181194
6.205501,85,917.568321
52.475768,66,917.903236
-2.388015,34,918.139358
3.79588,38,918.364412
91.563979,85,918.720175
52.819684,85,919.088496
-0.930864,35,919.31662
57.251945,85,919.644829
16.022619,43,919.871342
51.836841,59,920.147301
41.526449,76,920.491553
14.312884,43,920.729783
45.27532,73,921.097253
45.834886,83,921.464111
41.306563,60,921.747654
37.904262,85,922.139301
45.935021,78,922.479755
50.952989,63,922.791155
40.13688,59,923.078019
37.53999,85,923.450682
49.154504,80,923.82405
40.177576,56,924.099581
49.848628,59,924.391429
31.943919,85,924.77618
-16.13223,85,925.137305
38.962816,85,925.517336
33.773964,71,925.863605
84.679789,85,926.221684
49.088857,85,926.580884
56.235075,75,926.939698
56.877031,85,927.346672
38.376901,68,927.701445
35.526611,55,927.999695
42.691066,79,928.357694
39.380351,75,928.681025
47.386688,78,929.002523
39.425502,76,929.342659
37.349434,73,929.687565
40.683911,73,930.018245
41.658504,85,930.403782
48.651632,74,930.707671
-7.020874,32,930.903764
46.653894,82,931.290508
26.126461,85,931.64921
39.233409,74,932.005769
47.303518,74,932.324772
52.932352,72,932.646858
32.05952,58,932.940516
9.056517,85,933.295937
44.722543,68,933.606199
3.409581,37,933.825374
42.305838,66,934.126417
37.59886,68,934.447761
48.376081,57,934.734799
2.194349,37,934.949418
43.370068,76,935.323474
36.883738,76,935.662367
40.496902,74,935.99966
62.511908,65,936.301337
48.60227,85,936.66275
40.885628,85,937.01457
49.135816,83,937.38369
40.355684,74,937.720996
42.038482,76,938.067603
37.950663,80,938.401993
47.189632,63,938.695472
35.859921,63,939.00162
-7.608603,85,939.378106
57.286327,73,939.711926
36.572697,85,940.088691
50.42005,75,940.444529
34.874639,63,940.737658
42.376131,77,941.101787
47.324075,70,941.426135
37.050366,64,941.723914
40.502112,70,942.064037
45.499415,68,942.395619
36.84881,59,942.709284
41.157385,64,943.034118
51.740052,57,943.338574
36.495852,78,943.641784
53.524861,74,943.976106
33.419477,85,944.373798
49.753651,70,944.753305
35.907946,61,945.068861
54.106772,82,945.42316
51.03017,80,945.753852
-6.655918,32,945.971643
-4.288464,85,946.402056
32.667444,55,946.695044
55.652549,85,947.070612
73.429687,85,947.435306
18.664295,85,947.764096
43.761533,75,948.079463
-5.155919,85,948.413801
15.842499,85,948.789172
38.77362,84,949.184006
54.352637,83,949.592383
38.375905,57,949.833799
41.002796,55,950.076768
50.696721,75,950.371117
1.121452,85,950.679563
24.169301,85,951.006392
-11.467477,85,951.336084
53.576567,85,951.631947
45.086208,85,951.941239
46.758941,77,952.218415
75.568634,84,952.524973
57.747533,81,952.84616
33.253314,85,953.172065
42.339698,72,953.47506
55.497559,85,953.798259
45.311046,85,954.104316
35.958985,80,954.418756
55.627155,71,954.727889
44.956674,85,955.10818
-3.559555,34,955.340355
35.404356,85,955.656065
-3.933314,34,955.87955
55.181568,69,956.191591
45.65258,85,956.547865
40.855553,85,956.932631
48.842808,68,957.289281
51.692497,73,957.635341
36.888396,75,958.000421
39.15945,72,958.338685
33.803245,85,958.727688
37.870212,59,959.012677
15.884872,44,959.287909
-5.751807,33,959.511748
33.80844,75,959.864095
-1.922379,35,960.09457
48.810929,65,960.416704
99.889633,85,960.761401
-12.088785,28,960.981522
-12.554349,85,961.358302
-5.266195,33,961.573829
77.129891,80,961.923328
51.604237,70,962.253537
67.616023,85,962.634113
-5.182652,33,962.874911
58.849418,66,963.189339
50.397417,85,963.521111
44.720157,84,963.881635
0.08004,36,964.11638
50.070151,74,964.41519
47.079017,78,964.734231
43.457745,85,965.080384
35.500209,58,965.354475
59.916954,85,965.689847
45.774278,73,966.022454
53.121271,85,966.391281
-11.709784,85,966.782019
51.085424,76,967.125314
63.074777,75,967.463207
36.956206,69,967.773638
44.462644,64,968.084685
56.105586,85,968.445211
-4.482695,34,968.674658
43.760278,72,969.006895
-6.499509,85,969.388521
-7.28297,32,969.607087
51.336464,73,969.935549
13.239308,44,970.175087
67.991363,69,970.536025
36.944624,62,970.835174
58.081506,85,971.234211
57.229731,82,971.606262
47.251113,69,971.932286
63.436115,74,972.244816
34.460132,69,972.556507
22.434153,85,972.940644
-7.724971,32,973.161267
53.122439,81,973.524027
46.834623,70,973.859739
48.624445,73,974.211106
56.637209,75,974.549438
37.394509,64,974.847592
45.07412,85,975.238557
41.09475,73,975.584841
46.034386,65,975.895319
54.077208,81,976.282451
59.24271,82,976.634818
33.19394,73,976.967711
33.275409,85,977.349454
29.740389,85,977.715856
46.677136,72,978.053155
30.443297,54,978.347126
58.51526,85,978.686817
49.043611,84,979.056003
40.000086,60,979.373584
-16.855496,85,979.747374
60.813362,85,980.138931
38.413383,62,980.441934
43.440228,79,980.804071
48.507725,79,981.164781
10.136779,85,981.530482
-3.968745,34,981.759851
-13.620547,28,981.964159
59.569427,77,982.308861
-3.70172,34,982.536749
-8.86163,85,982.932241
51.079119,76,983.304369
45.316678,72,983.600943
83.348429,85,983.963666
27.260286,85,984.356191
42.064633,64,984.683753
51.761661,81,985.033526
64.570041,83,985.381693
45.613254,67,985.67377
39.486348,68,985.986593
35.394394,85,986.342109
28.552394,54,986.635214
44.943016,69,986.994107
-42.828727,85,987.38865
49.726181,69,987.674678
44.050137,71,987.98111
41.488454,66,988.291987
51.542168,85,988.650768
28.723858,55,988.932798
44.75513,73,989.270755
10.509498,85,989.657864
48.493429,81,990.00352
-33.690356,85,990.370699
52.331465,68,990.683883
41.544036,64,990.996166
51.232466,79,991.353045
56.916673,69,991.681753
42.714188,78,992.038861
58.057327,73,992.390233
28.690168,85,992.729291
44.929637,76,993.130149
47.502791,67,993.458929
68.795787,85,993.857312
41.32875,70,994.172601
43.139482,85,994.675134
1.952376,85,995.060518
53.902463,73,995.382262
52.677041,72,995.664912
-4.91599,85,995.966851
14.870494,85,996.304448
53.302888,79,996.607374
31.354824,58,996.868862
51.836284,73,997.177371
46.014551,57,997.456958
45.703071,85,997.80878
18.761819,85,998.16305
-2.760998,34,998.389203
74.235644,85,998.781417
47.374359,73,999.122766
27.747874,85,999.487788
43.832441,66,999.790413
56.732308,85,1000.154246
71.979979,85,1000.522292
60.017285,85,1000.918775
47.62632,77,1001.274301
54.454048,85,1001.640239
42.069092,73,1001.966954
58.702525,84,1002.323968
44.652619,83,1002.641573
-8.763468,31,1002.894676
37.241333,75,1003.235624
40.710233,73,1003.575611
7.825064,40,1003.865402
17.262241,42,1004.138256
26.2215,85,1004.549953
36.844386,63,1004.91326
-7.726194,32,1005.125281
-7.68752,32,1005.336096
69.097913,85,1005.711863
43.468614,63,1006.018312
62.659215,70,1006.384593
65.408716,66,1006.742316
39.599739,85,1007.117663
9.661399,41,1007.349216
16.916795,85,1007.736925
39.808881,85,1008.08095
61.317515,65,1008.377133
34.669897,59,1008.651195
1.380595,85,1009.007763
-1.630967,34,1009.216645
1.36951,85,1009.602572
69.700901,85,1010.031381
9.527965,41,1010.305213
65.294791,70,1010.646577
36.34084,74,1011.034998
60.187956,83,1011.379431
22.486679,85,1011.762295
60.547883,84,1012.130131
62.276384,76,1012.44356
59.318127,85,1012.779132
43.374123,85,1013.127869
50.812235,66,1013.435657
48.366531,70,1013.750716
9.705872,85,1014.147466
0.130536,36,1014.379357
22.517318,47,1014.633357
34.879764,74,1015.050162
60.903035,85,1015.397815
58.616163,71,1015.705987
56.336738,85,1016.129607
1.060544,37,1016.336624
-0.648889,36,1016.542886
45.478653,70,1016.834548
-6.161267,33,1017.039659
33.453484,85,1017.387729
-10.352116,85,1017.703974
50.291444,71,1018.00579
46.293661,56,1018.261938
52.386853,81,1018.570717
55.39254,73,1018.85091
45.016469,85,1019.164936
-16.458708,85,1019.515893
36.994872,85,1019.860947
44.680801,68,1020.138897
27.992972,85,1020.496911
15.437509,85,1020.881669
56.420262,70,1021.218574
69.633426,85,1021.807178
43.739167,68,1022.162196
50.120688,85,1022.566095
28.079932,85,1022.967635
48.374607,80,1023.357925
39.889792,85,1023.797396
32.742285,85,1024.187918
42.035102,72,1024.511961
45.271552,81,1024.865669
83.334986,85,1025.211819
56.410729,79,1025.559575
5.916443,37,1025.807885
37.747407,80,1026.204168
45.13655,85,1026.590373
24.98371,85,1026.925847
51.647291,66,1027.195502
80.967017,71,1027.51776
41.798021,59,1027.790662
56.975768,81,1028.128204
55.866447,71,1028.454151
40.052338,85,1028.808861
45.377128,85,1029.153666
27.646701,85,1029.495053
48.371484,74,1029.825171
50.887853,82,1030.16852
-5.449198,85,1030.536209
-30.855224,85,1030.876888
55.544334,80,1031.187294
43.124492,82,1031.525118
47.758362,81,1031.872765
39.679751,85,1032.221702
39.453578,77,1032.541878
39.219287,85,1032.908279
40.319146,63,1033.176
36.857033,75,1033.568545
-20.821763,85,1033.941579
-1.374689,85,1034.294681
19.144709,85,1034.640563
40.72904,85,1034.984031
38.315147,85,1035.321704
58.645233,77,1035.649599
56.422868,78,1035.994929
13.235872,43,1036.227638
32.455412,85,1036.600701
26.55143,49,1036.857729
4.664183,85,1037.200839
83.92219,85,1037.558616
27.247913,85,1037.900024
42.629645,68,1038.199054
46.573905,79,1038.542937
32.791253,85,1038.917426
-3.856661,85,1039.317231
34.907517,85,1039.703631
-25.686689,85,1040.106511
62.048303,72,1040.47898
54.203156,73,1040.822016
56.684404,69,1041.110692
-9.026028,85,1041.457662
29.295432,85,1041.827729
-3.004793,34,1042.036955
97.355292,79,1042.400019
46.694063,66,1042.695877
37.195033,54,1042.969941
51.760865,69,1043.266291
90.930995,82,1043.607908
51.216983,85,1043.951839
48.813393,80,1044.350513
61.152734,85,1044.757628
-2.608862,85,1045.181751
3.679685,85,1045.573147
58.970157,78,1045.922853
-6.872492,85,1046.302819
43.246389,81,1046.63961
22.53534,85,1047.00706
50.277512,68,1047.30823
37.581438,73,1047.588683
30.965593,85,1047.933964
59.951849,73,1048.245474
21.07372,85,1048.604807
64.079464,85,1048.981067
60.668694,85,1049.375321
66.011697,70,1049.723046
40.228,80,1050.106076
43.743456,84,1050.499951
55.111454,80,1050.845572
-3.30422,34,1051.053334
67.158284,85,1051.397863
59.212289,69,1051.708529
61.998631,71,1052.014098
45.927667,74,1052.340878
20.635928,85,1052.695988
6.89609,39,1052.976956
68.091003,85,1053.33305
42.2205,57,1053.692738
43.53599,73,1054.05793
33.021661,85,1054.427777
1.270068,37,1054.654423
13.159736,43,1054.891976
4.286485,38,1055.123156
55.803881,83,1055.49685
46.222978,72,1055.84001
30.194272,51,1056.090926
59.099707,85,1056.438084
1.416862,37,1056.668397
38.281515,52,1056.942037
5.101068,85,1057.292362
44.546196,74,1057.592953
14.89092,45,1057.841253
47.92352,77,1058.194574
30.029966,85,1058.543308
45.770132,85,1058.915425
99.085286,85,1059.28355
-2.398252,35,1059.507262
-9.047964,31,1059.716316
0.267353,85,1060.064216
65.936776,82,1060.396369
-10.927805,85,1060.721244
49.438889,78,1061.052307
15.870274,45,1061.300038
43.319748,77,1061.61895
49.456348,82,1061.958253
-6.388837,85,1062.32485
37.674163,74,1062.617082
15.141338,45,1062.868572
6.679649,39,1063.104741
47.999187,68,1063.430137
46.319915,85,1063.775116
40.801727,64,1064.042543
41.362561,76,1064.352255
-3.70879,34,1064.575191
29.782695,85,1064.944438
36.79062,68,1065.250483
48.239403,70,1065.562497
7.136194,40,1065.800796
39.121015,60,1066.087461
44.889629,85,1066.460673
34.945681,53,1066.731204
7.050695,85,1067.0956
28.420042,50,1067.360166
49.814075,80,1067.71238
14.834418,43,1067.969016
43.109765,71,1068.295961
39.013442,56,1068.580482
17.223095,45,1068.831581
1.477993,85,1069.181594
-2.08343,85,1069.52956
55.666851,85,1069.859606
26.765371,49,1070.098684
52.373599,65,1070.396513
41.72404,54,1070.666312
40.218127,66,1070.982309
-3.902981,85,1071.352699
28.419955,49,1071.594531
37.879117,60,1071.878854
49.198278,72,1072.200639
-5.486623,33,1072.422428
72.19557,76,1072.755723
67.78353,70,1073.080574
-5.204262,33,1073.298437
21.218711,47,1073.553757
-12.456881,85,1073.910746
69.663794,70,1074.226156
13.837068,85,1074.578946
2.936973,38,1074.821547
47.618739,64,1075.171666
-3.873744,85,1075.533615
40.303039,62,1075.825269
39.23191,58,1076.094745
49.216453,67,1076.406289
70.507176,85,1076.780739
41.180529,71,1077.101606
33.296353,49,1077.377887
40.311236,70,1077.703048
71.675051,84,1078.136283
53.284213,63,1078.425939
23.617329,85,1078.818582
6.995679,40,1079.040685
54.093053,85,1079.365158
42.059689,59,1079.651673
40.218377,75,1080.008677
40.645495,66,1080.307317
-6.568664,33,1080.523664
44.278024,70,1080.839825
10.431449,41,1081.077082
44.8327,66,1081.366302
37.325542,85,1081.717973
36.486727,67,1082.024999
31.426543,85,1082.372006
58.474772,82,1082.716825
55.573256,85,1083.088304
-13.475273,85,1083.488977
36.766345,73,1083.809754
43.673275,53,1084.084887
36.258941,70,1084.404684
59.671261,85,1084.757583
72.165868,78,1085.111816
35.714548,51,1085.409781
31.107126,85,1085.766094
9.49814,39,1085.998737
58.197508,80,1086.352606
46.076955,76,1086.691513
-1.724282,35,1086.913081
66.100661,85,1087.276154
22.574829,50,1087.540558
22.425399,85,1087.909214
24.42514,85,1088.269426
67.952865,83,1088.643235
42.46682,62,1088.930839
75.49835,72,1089.25809
18.097733,44,1089.517167
-19.783437,85,1089.89073
2.681642,37,1090.120853
89.916174,85,1090.481796
62.198941,73,1090.815178
14.921606,44,1091.038014
38.134792,85,1091.367534
13.256349,44,1091.615422
61.579396,85,1091.982861
1.834766,37,1092.210783
12.177656,85,1092.574848
46.611965,71,1092.88409
-10.056595,85,1093.263119
39.232973,60,1093.549531
26.738451,51,1093.825956
48.314289,70,1094.140804
54.615253,85,1094.496828
38.504537,85,1094.856566
30.10883,50,1095.127542
13.314776,85,1095.497768
36.191231,85,1095.855072
5.696617,39,1096.072137
43.415126,79,1096.397151
26.494421,85,1096.756478
60.389381,85,1097.116163
45.996307,66,1097.397838
43.799989,68,1097.714953
57.655042,72,1098.028876
-13.53775,85,1098.383594
41.685699,71,1098.688113
3.122053,38,1098.917018
-5.154898,33,1099.136428
36.82795,85,1099.490899
6.762838,40,1099.722465
6.031779,39,1099.953787
53.901646,77,1100.289673
7.099029,39,1100.531917
53.988281,70,1100.844825
27.690377,85,1101.201679
15.044868,45,1101.451258
-4.007795,85,1101.815348
-7.70913,32,1102.015697
3.703684,38,1102.239305
2.139527,37,1102.458039
20.519486,44,1102.698526
38.935561,85,1103.048348
38.027477,51,1103.306924
60.056042,85,1103.620289
9.021264,41,1103.850868
48.421622,76,1104.18525
40.017901,59,1104.465949
45.425716,60,1104.751056
52.570265,67,1105.075096
62.939663,68,1105.396072
70.665488,85,1105.745859
41.085119,58,1106.014836
46.48219,78,1106.344318
8.459011,41,1106.58904
48.28546,78,1106.986684
30.775398,52,1107.348613
45.949135,85,1107.728471
44.233062,76,1108.038865
43.719803,66,1108.394624
61.555657,66,1108.693453
48.952126,79,1109.017839
10.99438,40,1109.235228
48.511837,78,1109.52571
41.720156,85,1109.858691
20.171753,85,1110.188146
50.487052,85,1110.529233
8.295121,41,1110.762408
-16.04297,85,1111.083813
65.474539,73,1111.444757
39.64101,65,1111.790151
8.503259,41,1112.014768
56.478005,60,1112.304647
71.040888,85,1112.653844
47.865745,73,1112.952061
35.612758,62,1113.239946
0.335002,36,1113.487149
70.361788,85,1113.901235
48.572923,72,1114.239695
53.338493,85,1114.626866
-8.952601,31,1114.861078
2.044087,37,1115.108365
7.865912,40,1115.361401
48.207959,73,1115.806044
54.959,85,1116.316011
2.647746,85,1116.751417
45.50309,85,1117.176396
61.432855,85,1117.594619
22.250769,48,1117.869772
34.362067,85,1118.266174
50.654682,74,1118.663301
98.430603,85,1119.054897
56.061695,85,1119.515778
12.266299,42,1119.841423
34.855279,85,1120.292982
56.037361,85,1120.742862
37.395983,63,1121.115278
57.906835,69,1121.431411
1.932318,37,1121.666815
22.111122,48,1121.92644
59.375751,73,1122.238173
33.461582,85,1122.572579
65.270213,83,1122.972986
7.270119,40,1123.284545
12.910278,43,1123.559711
49.904908,82,1124.003396
56.513888,85,1124.45062
39.510396,65,1124.844797
44.26028,74,1125.228149
35.40995,56,1125.518856
57.046129,85,1125.969137
40.190862,52,1126.282378
7.184667,40,1126.509043
67.015335,72,1126.831998
42.860416,85,1127.181658
7.070668,40,1127.421492
10.36665,41,1127.654255
85.957697,85,1128.048286
43.459428,60,1128.324019
37.706896,64,1128.662781
8.003441,40,1128.889866
3.895267,85,1129.273826
58.992598,85,1129.594582
48.164018,62,1129.8719
45.937076,75,1130.206503
-6.073238,85,1130.554869
14.824789,85,1130.941555
44.677593,65,1131.250254
0.10067,85,1131.615369
37.678283,55,1131.890344
53.211259,85,1132.242378
21.871236,49,1132.514493
2.94086,85,1132.844581
40.808184,63,1133.108215
37.160027,68,1133.383436
33.379915,81,1133.727494
-12.090391,85,1134.079279
13.6827,85,1134.423622
32.452583,85,1134.747513
6.145961,85,1135.103051
60.322977,85,1135.427196
45.202769,85,1135.761796
47.871546,75,1136.109551
58.249089,85,1136.477037
54.976461,85,1136.940858
49.626414,57,1137.263142
31.519086,85,1137.661668
18.300365,46,1137.917908
44.262866,69,1138.269393
41.083318,61,1138.573543
19.895477,85,1139.005602
50.107783,84,1139.420948
48.481649,76,1139.800551
71.998984,85,1140.319524
15.349115,85,1140.722846
48.893572,75,1141.077194
37.327973,60,1141.391977
60.44572,62,1141.705248
13.429178,43,1141.953953
33.932381,59,1142.246015
61.203624,70,1142.672766
37.372532,58,1142.985078
28.120716,85,1143.384216
21.295609,85,1143.76951
33.924051,85,1144.133094
40.008576,85,1144.487874
50.267474,82,1144.849762
48.269431,84,1145.17376
20.03923,85,1145.529391
-6.403141,33,1145.739676
5.913666,85,1146.112975
16.374969,45,1146.363358
72.065816,85,1146.729945
49.600497,77,1147.100363
39.590957,66,1147.405111
58.854542,83,1147.774997
47.410264,71,1148.098802
59.05464,69,1148.43433
0.950963,37,1148.669573
-12.304104,85,1149.045682
41.070487,65,1149.399739
34.737654,85,1149.846936
19.735552,46,1150.075
22.01728,85,1150.393509
40.321839,58,1150.650627
39.556036,63,1150.918706
39.908665,69,1151.192176
54.801003,81,1151.486278
65.527732,85,1151.812963
48.69172,73,1152.132246
3.661128,38,1152.343507
55.961059,82,1152.672646
45.599475,85,1153.015965
36.251093,54,1153.270644
48.133901,69,1153.544973
37.048743,64,1153.832347
13.60851,42,1154.073029
-2.097178,35,1154.306266
15.257885,85,1154.649207
49.855272,85,1154.988817
54.560652,59,1155.264395
-6.47596,33,1155.476271
38.458844,53,1155.761389
28.336705,85,1156.207374
48.331379,85,1156.592373
26.016809,52,1156.852972
38.645907,74,1157.16688
45.80992,85,1157.528579
24.060938,85,1157.892354
72.098136,85,1158.346642
67.129229,81,1158.687426
48.734475,70,1159.005217
36.987543,78,1159.341297
-13.808776,85,1159.690732
24.229066,50,1159.943068
63.859077,82,1160.312287
27.710125,85,1160.729311
39.414594,58,1161.005659
54.124985,84,1161.346864
15.780307,44,1161.576429
0.871614,37,1161.786739
67.499964,85,1162.116321
46.77094,81,1162.524033
59.492657,69,1162.853292
53.622938,63,1163.164697
93.048382,85,1163.520929
23.719825,50,1163.779077
55.674516,75,1164.10337
7.663873,40,1164.342437
48.50502,67,1164.650016
-4.989282,85,1165.046324
28.537591,85,1165.411536
51.878925,85,1165.765322
50.475732,85,1166.141427
46.78461,68,1166.4662
12.044369,85,1166.824503
29.70735,85,1167.17723
49.53902,68,1167.479898
3.293437,38,1167.715952
25.049478,51,1167.984511
55.613158,81,1168.334356
-0.254694,36,1168.562307
47.195062,81,1168.907017
41.762774,70,1169.225008
64.888112,66,1169.55127
60.464874,69,1169.879355
48.702471,78,1170.22736
68.654464,68,1170.55007
40.713124,85,1170.913425
57.084275,83,1171.272219
56.07015,80,1171.632527
20.741194,49,1171.886328
-2.894857,34,1172.116191
10.234458,85,1172.4991
41.82111,85,1172.84655
29.14759,53,1173.100796
52.153191,85,1173.444655
14.514293,45,1173.708995
48.400784,80,1174.056379
63.389658,83,1174.394604
50.482477,81,1174.736167
50.71206,66,1175.03781
50.075939,85,1175.388833
62.315223,66,1175.688627
48.817104,55,1175.964027
64.505231,85,1176.30868
-16.646305,85,1176.65916
53.19051,81,1177.010388
57.781335,79,1177.336649
-6.328576,85,1177.673377
19.939964,85,1178.029952
64.462559,74,1178.37133
49.336138,70,1178.692517
87.005636,77,1179.030287
33.336016,63,1179.332526
22.80755,50,1179.587132
41.738784,63,1179.878762
18.975628,85,1180.236672
54.087217,62,1180.534251
25.825741,51,1180.796467
63.510153,84,1181.161291
46.97818,85,1181.539346
0.961578,37,1181.774876
53.225404,80,1182.081222
53.706897,64,1182.361598
47.033106,66,1182.657602
21.367423,85,1183.013749
52.66652,61,1183.324219
-1.31261,85,1183.684699
15.061758,45,1183.916036
47.081539,72,1184.240876
40.676931,59,1184.527624
55.367192,81,1184.867003
44.093579,63,1185.163698
11.953021,85,1185.520869
43.894966,63,1185.815752
1.505946,37,1186.03557
34.102133,85,1186.396913
53.638389,78,1186.718143
67.265335,85,1187.067916
24.612531,85,1187.438411
28.029936,52,1187.723849
55.59483,73,1188.045848
21.123861,47,1188.290709
64.442871,82,1188.647038
58.06011,85,1189.012973
67.814979,85,1189.387408
31.582807,57,1189.668484
47.642838,85,1190.035819
12.003054,43,1190.274383
-3.977744,34,1190.480638
24.372779,85,1190.832872
56.495231,85,1191.220478
53.530878,85,1191.578483
-1.03683,35,1191.806134
72.034134,83,1192.160741
51.060077,56,1192.441714
36.265014,85,1192.789671
54.769387,71,1193.114607
78.572813,77,1193.484882
-8.330422,31,1193.688092
9.634346,85,1194.033068
50.515572,77,1194.360204
50.465952,67,1194.673987
45.266038,73,1195.002777
45.131266,85,1195.360658
58.286348,85,1195.720982
63.320541,84,1196.073047
82.596776,71,1196.377493
60.74597,85,1196.742012
51.775257,85,1197.092073
9.671971,42,1197.329159
6.097266,40,1197.557119
16.861689,45,1197.802842
8.642745,39,1198.038274
47.390215,85,1198.414059
6.145176,39,1198.639481
11.789565,43,1198.871003
-6.508167,33,1199.081276
21.3192,47,1199.341758
-1.952832,35,1199.557835
-5.174324,85,1199.909998
30.361196,85,1200.280297
66.309861,85,1200.640065
-4.44065,85,1201.040557
55.539633,78,1201.357277
22.706236,85,1201.679288
-3.504916,34,1201.896892
0.132369,36,1202.130564
61.078117,72,1202.455389
38.958373,60,1202.74583
55.756225,64,1203.016431
55.134396,76,1203.324335
37.979458,85,1203.675771
54.314184,73,1204.003025
31.177299,55,1204.265883
53.236659,85,1204.635312
79.14061,84,1204.986391
71.868093,85,1205.332018
44.455044,85,1205.660261
44.284695,56,1205.92448
62.537302,70,1206.23831
12.052785,85,1206.592324
52.549991,75,1206.922278
37.298446,57,1207.208253
-6.242522,85,1207.589424
77.939005,80,1207.93523
32.395601,85,1208.272011
12.324445,85,1208.59676
54.612729,72,1208.897595
27.952562,52,1209.157283
-2.955911,34,1209.369537
77.64667,85,1209.741265
16.800119,85,1210.106755
49.252851,82,1210.46409
52.946749,85,1210.805562
35.651845,85,1211.125329
31.676666,51,1211.375385
44.955883,85,1211.729442
21.375681,48,1211.97852
29.880201,85,1212.336108
34.876449,57,1212.614295
54.510786,85,1212.971846
8.523133,85,1213.316968
14.929681,44,1213.540113
16.485193,85,1213.87315
-26.425607,85,1214.221229
62.273142,62,1214.504615
63.975718,81,1214.851682
57.631676,80,1215.202455
48.213785,81,1215.55621
67.715855,85,1215.927792
4.537067,39,1216.156846
-6.470991,33,1216.368911
48.162925,78,1216.708802
0.981054,37,1216.946499
-5.48059,33,1217.159227
-7.179975,32,1217.375557
41.266908,85,1217.745639
51.528628,65,1218.020323
54.540242,67,1218.323597
-6.105367,85,1218.691713
63.629407,79,1219.033784
57.269621,62,1219.32563
50.400177,77,1219.654527
4.789559,85,1220.023552
14.668715,45,1220.275418
62.374984,71,1220.590589
53.934194,79,1220.921906
15.128499,85,1221.293605
67.445822,79,1221.596405
52.523127,85,1221.938871
-3.961188,34,1222.152406
-3.941165,85,1222.494221
61.240323,85,1222.855887
-3.304569,85,1223.190871
65.144101,85,1223.545304
-0.506041,36,1223.758482
61.566589,64,1224.065572
64.863323,82,1224.42719
30.580036,85,1224.775933
16.580091,45,1225.001631
0.837597,37,1225.213616
8.598539,41,1225.453804
92.501799,78,1225.793905
9.080446,41,1226.021729
71.461255,80,1226.360343
36.18708,59,1226.647545
0.882267,37,1226.878834
73.291487,85,1227.225579
70.671855,85,1227.571877
59.775659,63,1227.87428
17.012966,85,1228.225414
43.342467,72,1228.554296
-5.602769,33,1228.772002
59.724659,80,1229.118429
7.823231,40,1229.353544
22.701681,85,1229.716823
56.534928,85,1230.078726
23.68778,85,1230.43364
57.642197,85,1230.774937
-4.416694,85,1231.10166
54.716005,76,1231.417355
50.133017,85,1231.769632
30.79074,85,1232.086137
14.58871,44,1232.315221
30.387035,85,1232.682597
50.524435,73,1232.999528
22.702643,85,1233.385312
52.207906,85,1233.751706
59.904395,82,1234.052492
47.961271,66,1234.34481
74.293188,83,1234.693653
-10.136004,85,1235.043669
56.930481,78,1235.378337
-23.66289,85,1236.357323
-23.66289,85,1236.6894
-23.66289,85,1236.969633
-23.66289,85,1237.255878
-23.66289,85,1237.51562
-23.66289,85,1237.782839
-23.66289,85,1238.041038
-23.66289,85,1238.299308
-23.66289,85,1238.57239
-23.66289,85,1238.831679
-23.66289,85,1256.432762
