#{"t_start": 1753187277.6460896, "env_id": "None"}
r,l,t
87.03228,84,0.734206
86.986628,84,1.270248
86.946338,84,1.659915
87.018061,84,2.047913
86.816102,84,2.410391
87.041068,84,2.783535
87.014847,84,3.176038
86.809118,84,3.537277
86.825083,84,3.901995
86.90901,84,4.246231
86.897973,84,4.597018
87.09085,84,4.934811
87.2471,84,5.382445
87.152312,84,5.743903
86.875886,84,6.063516
87.018248,84,6.435322
87.036886,84,6.793345
86.648986,84,7.117153
86.8973,84,7.467812
86.823753,84,7.837142
86.916146,84,8.2026
87.000418,84,8.581299
86.700611,84,9.019816
87.05591,84,9.461378
86.9237,84,9.894347
86.687902,84,10.323208
86.918737,84,10.717429
87.019708,84,11.075755
87.027314,84,11.437854
86.905725,84,11.802164
87.153889,84,12.169576
87.160904,84,12.688688
86.876258,84,13.134479
86.875092,84,13.569406
86.936475,84,14.013099
86.927926,84,14.487967
86.783394,84,14.906142
86.823374,84,15.254378
86.989131,84,15.64235
86.800548,84,16.101294
86.8158,84,16.562476
86.905707,84,16.937624
86.988932,84,17.328557
86.976283,84,17.748817
86.918095,84,18.16629
86.831123,84,18.536226
87.13797,84,19.021199
86.821765,84,19.43264
87.0541,84,19.776751
86.956458,84,20.236128
87.096104,84,20.597435
86.902692,84,20.954931
87.081067,84,21.34101
87.058849,84,21.761614
86.755809,84,22.217439
86.855589,84,22.610712
86.746634,84,23.019433
87.101924,84,23.527467
86.887899,84,24.089005
86.817837,84,24.458289
86.81795,84,24.932594
86.960209,84,25.380502
86.988021,84,25.754568
86.92158,84,26.207477
86.766766,84,26.642752
87.014763,84,27.00467
86.943684,84,27.37965
87.237319,84,27.841629
86.699153,84,28.373995
87.092028,84,28.827541
87.011096,84,29.257448
87.018057,84,29.671654
86.984445,84,30.023044
87.030594,84,30.540649
86.910534,84,30.954234
86.924978,84,31.356602
86.981245,84,31.718891
86.819652,84,32.056269
86.843075,84,32.468736
86.925316,84,32.874628
86.894067,84,33.284787
87.152302,84,33.708878
87.052507,84,34.128222
86.987785,84,34.595102
86.859572,84,34.945166
86.871758,84,35.287516
86.975569,84,35.68689
86.965935,84,36.094978
86.980352,84,36.477263
86.998434,84,36.887006
86.968858,84,37.351107
86.913632,84,37.789753
86.948492,84,38.168863
87.294216,84,38.524889
87.212439,84,39.047601
86.830684,84,39.446421
87.002322,84,39.829383
86.710437,84,40.331708
86.87488,84,40.791844
87.106443,84,41.190344
86.843005,84,41.614722
86.930175,84,42.019804
86.931055,84,42.430895
86.692674,84,42.796484
86.873923,84,43.25896
86.693191,84,43.610855
87.094071,84,43.943686
86.730381,84,44.305641
86.918909,84,44.741684
86.818171,84,45.136996
86.901085,84,45.639394
87.02449,84,46.032704
86.850879,84,46.412683
86.929674,84,46.821107
86.851571,84,47.206647
87.023999,84,47.581067
86.98225,84,47.99268
87.008819,84,48.372772
86.777649,84,48.747737
86.912582,84,49.136703
87.139975,84,49.493518
86.70216,84,49.914349
86.868384,84,50.307668
86.918447,84,50.649997
87.061593,84,50.987563
86.892677,84,51.306797
86.869374,84,51.654725
86.866175,84,52.027313
86.93701,84,52.396771
86.711079,84,52.763508
86.967976,84,53.131949
86.773022,84,53.496392
86.789567,84,53.833535
87.034439,84,54.153085
86.855942,84,54.486738
86.865993,84,54.844484
86.859607,84,55.202459
87.127537,84,55.580135
86.865571,84,55.925668
86.581359,84,56.295029
86.888514,84,56.625852
86.98493,84,56.96902
87.085891,84,57.317859
86.823334,84,57.68858
87.065313,84,58.024457
86.710154,84,58.381395
87.129684,84,58.732512
86.817304,84,59.081465
87.033035,84,59.440086
86.803097,84,59.782355
86.985467,84,60.107558
86.912304,84,60.460387
86.836276,84,60.836984
86.883237,84,61.207792
86.980064,84,61.554828
86.951844,84,61.915665
86.424077,84,62.263438
87.231414,84,62.65185
87.032434,84,63.010923
87.151113,84,63.344758
86.754745,84,63.728764
86.934319,84,64.113776
87.034422,84,64.481068
86.918964,84,64.814819
87.224907,84,65.167528
87.151584,84,65.540805
86.954141,84,65.990838
86.969666,84,66.361304
86.989802,84,66.713486
86.904218,84,67.041642
86.883959,84,67.376541
87.023508,84,67.705446
87.047352,84,68.077945
86.80854,84,68.432216
86.904639,84,68.768361
87.060632,84,69.141519
86.973248,84,69.516671
86.903173,84,69.886968
86.913527,84,70.23475
86.741666,84,70.620408
87.068538,84,71.019015
87.12656,84,71.388469
86.807013,84,71.761653
86.91187,84,72.147009
86.944365,84,72.539744
87.125224,84,72.909438
86.970595,84,73.253687
87.099234,84,73.610254
86.993974,84,73.938666
86.85092,84,74.306746
86.89332,84,74.641328
86.987555,84,74.981764
86.899763,84,75.346068
86.684765,84,75.695966
86.887409,84,76.065707
87.034627,84,76.4188
86.943835,84,76.790782
86.913703,84,77.163291
86.964699,84,77.539824
86.934636,84,77.890978
87.005068,84,78.266879
86.567149,84,78.72984
86.740787,84,79.132025
87.161327,84,79.488408
86.992618,84,79.826792
86.947258,84,80.165383
86.815426,84,80.507926
86.971463,84,80.861939
86.989615,84,81.227671
86.640917,84,81.632946
87.02112,84,81.997952
86.981946,84,82.330787
86.920793,84,82.667097
87.194341,84,83.026066
86.994403,84,83.394793
86.658837,84,83.821678
87.08499,84,84.194282
86.806893,84,84.60168
86.764094,84,84.939437
86.402826,84,85.278868
86.785978,84,85.631762
86.944189,84,86.004334
86.665235,84,86.381347
87.025381,84,86.733218
86.798962,84,87.076724
87.123111,84,87.525044
86.686398,84,87.917281
86.506215,84,88.264866
86.812416,84,88.722248
86.971385,84,89.197205
86.068537,84,89.585629
86.75228,84,89.94408
87.119677,84,90.326728
87.081867,84,90.72094
87.001987,84,91.045243
86.849316,84,91.393488
86.952588,84,91.748092
86.85572,84,92.110738
86.766137,84,92.464826
87.093942,84,92.830438
86.772077,84,93.198947
86.714092,84,93.576948
86.844245,84,93.945923
87.03868,84,94.339181
86.790811,84,94.777942
86.900612,84,95.158207
86.531526,84,95.552201
87.035411,84,95.914805
86.848089,84,96.278081
87.14606,84,96.670209
87.01924,84,97.049186
86.844987,84,97.426991
86.838948,84,97.887165
86.773025,84,98.354111
87.036601,84,98.712383
86.91375,84,99.223029
86.86969,84,99.612874
86.885237,84,100.043727
86.507308,84,100.408064
87.088937,84,100.895962
86.650127,84,101.445832
86.771904,84,101.812077
86.682713,84,102.165195
87.032864,84,102.582281
86.983852,84,102.936291
86.709846,84,103.337376
86.806001,84,103.763177
87.003185,84,104.205063
86.808092,84,104.589884
86.891461,84,104.955221
86.631181,84,105.355261
86.911506,84,105.73786
86.969874,84,106.062202
86.358277,84,106.399496
86.953158,84,106.763164
86.943811,84,107.127294
86.957115,84,107.477071
86.838002,84,107.847308
86.986997,84,108.251233
86.821329,84,108.60692
86.566598,84,108.983356
86.864722,84,109.347481
87.112006,84,109.698158
86.849284,84,110.040029
87.030415,84,110.38602
86.962974,84,110.751913
86.854759,84,111.10555
87.020497,84,111.487932
86.975475,84,111.872782
86.847208,84,112.258506
87.082287,84,112.665163
86.856144,84,113.024352
86.89217,84,113.392628
86.862768,84,113.744964
86.591113,84,114.151032
86.965538,84,114.527713
87.086781,84,114.946097
86.734774,84,115.279408
86.700328,84,115.637339
86.695047,84,115.998574
86.922542,84,116.344222
86.912954,84,116.703883
87.026076,84,117.099888
87.128853,84,117.522938
86.767225,84,117.887013
86.860466,84,118.257033
86.919707,84,118.630594
86.974235,84,119.037414
86.869302,84,119.404025
87.079329,84,119.75509
86.906367,84,120.139075
86.932239,84,120.506991
86.762184,84,120.847126
86.980967,84,121.30791
86.895339,84,121.770699
86.873819,84,122.164532
86.909338,84,122.539711
87.158916,84,122.945891
86.90805,84,123.362294
86.324449,84,123.714791
87.087065,84,124.16297
86.844113,84,124.541934
87.073768,84,124.941113
86.993864,84,125.353259
86.995331,84,125.780485
86.919206,84,126.224244
86.813995,84,126.589354
86.979166,84,126.964291
86.776868,84,127.343797
86.832982,84,127.781099
86.788924,84,128.138258
86.823821,84,128.506435
86.934932,84,128.894642
86.714852,84,129.262283
86.7054,84,129.727448
86.666082,84,130.130991
86.909956,84,130.512886
86.929839,84,130.898269
86.987077,84,131.396361
87.143739,84,131.799673
87.04978,84,132.240429
86.766513,84,132.602357
87.157325,84,132.994064
87.187868,84,133.413051
86.861463,84,133.856303
86.55466,84,134.236605
86.725846,84,134.664712
86.930738,84,135.111557
86.829468,84,135.611862
86.942896,84,136.037128
87.195762,84,136.45961
86.977304,84,136.851765
87.154057,84,137.238599
87.009194,84,137.580629
86.906968,84,137.980305
86.353863,84,138.391935
86.493274,84,138.734482
86.8454,84,139.1031
87.309772,84,139.468457
86.847521,84,139.829669
86.830419,84,140.196006
87.132589,84,140.58721
86.946843,84,140.950081
87.06803,84,141.329676
87.072719,84,141.686514
86.867418,84,142.033319
86.826027,84,142.383477
87.281328,84,142.73611
86.907082,84,143.073524
86.923975,84,143.438792
86.886734,84,143.801842
87.057435,84,144.148601
86.925108,84,144.502435
86.800957,84,144.88447
86.99233,84,145.274765
86.878315,84,145.641399
86.974873,84,146.070281
86.736826,84,146.565868
86.855768,84,146.971796
86.709556,84,147.338842
86.920165,84,147.694978
86.945297,84,148.07559
87.025078,84,148.433116
86.735322,84,148.821545
86.699161,84,149.197606
86.766353,84,149.634631
87.036956,84,150.011319
87.025087,84,150.387662
87.104831,84,150.732234
86.812953,84,151.099117
86.83938,84,151.472039
85.973476,84,151.821389
87.154655,84,152.197536
86.742867,84,152.555785
86.482646,84,152.927705
87.049347,84,153.289511
86.855142,84,153.641812
86.877317,84,154.042048
86.937104,84,154.496596
86.60418,84,154.836284
86.870978,84,155.152114
87.171536,84,155.507546
86.819511,84,155.877668
86.791875,84,156.27754
86.553097,84,156.680755
86.579841,84,157.122555
86.546429,84,157.493407
86.917283,84,157.864758
87.10352,84,158.259718
86.733308,84,158.648567
86.865289,84,159.022599
87.119478,84,159.355794
86.719289,84,159.731481
86.699176,84,160.090376
86.74841,84,160.451463
86.987671,84,160.815944
86.913839,84,161.208921
86.934994,84,161.656724
86.893151,84,162.049878
86.936856,84,162.443729
86.926907,84,162.857594
86.731196,84,163.2436
86.933825,84,163.635004
86.9039,84,164.046437
87.187172,84,164.390997
86.640365,84,164.764701
87.408968,84,165.121015
86.659538,84,165.525485
86.997083,84,166.05506
86.919095,84,166.55189
86.78013,84,166.958954
86.741876,84,167.37588
86.834441,84,167.792792
87.222131,84,168.249424
86.826751,84,168.634359
87.153463,84,168.994304
86.885754,84,169.412994
87.019947,84,169.946843
87.012104,84,170.540762
86.549413,84,171.077579
86.769737,84,171.479316
86.972238,84,171.87932
86.924472,84,172.261704
86.985346,84,172.661002
87.221163,84,173.009906
86.806947,84,173.355522
86.948543,84,173.692545
87.118668,84,174.119508
86.785464,84,174.513859
86.853572,84,174.92
86.990283,84,175.316153
87.180496,84,175.692979
86.97437,84,176.058778
87.072924,84,176.48456
86.761406,84,176.91192
86.78579,84,177.310471
86.580466,84,177.683688
86.896353,84,178.065862
86.679375,84,178.446872
86.891451,84,178.805264
86.945802,84,179.168213
86.922765,84,179.536649
86.826019,84,179.910238
86.856984,84,180.378993
87.099087,84,180.870867
87.07815,84,181.388706
87.075341,84,181.851066
86.734593,84,182.235817
87.023533,84,182.654222
87.04704,84,183.22651
86.965461,84,183.679665
86.815008,84,184.139493
86.907364,84,184.562715
85.139027,84,184.929683
86.242036,84,185.323751
86.369788,84,185.817959
86.952393,84,186.244144
87.308198,84,186.630851
86.326454,84,187.01886
86.902085,84,187.392969
86.430359,84,187.777723
87.03571,84,188.129423
86.831949,84,188.504904
86.833507,84,188.885381
87.010866,84,189.26508
86.4048,84,189.612978
87.039053,84,189.986938
86.29886,84,190.340034
86.830258,84,190.688364
86.867929,84,191.032573
86.852748,84,191.394072
86.062785,84,191.747079
86.836762,84,192.090322
86.737702,84,192.476267
86.847017,84,192.851665
87.01494,84,193.224126
86.281518,84,193.61648
86.499238,84,194.062222
86.957106,84,194.496127
86.676861,84,194.886839
87.026681,84,195.253731
87.020753,84,195.659411
86.235577,84,196.058112
86.990793,84,196.442029
87.114783,84,196.81898
86.708836,84,197.193767
86.755268,84,197.568079
86.809044,84,197.936172
86.692157,84,198.310096
86.6634,84,198.674239
86.812052,84,199.059638
87.046664,84,199.49836
86.71602,84,199.898149
87.023467,84,200.330279
87.092228,84,200.743835
86.877355,84,201.106567
87.001209,84,201.466493
87.133936,84,201.817507
86.806497,84,202.255238
86.778033,84,202.613573
86.606971,84,202.94672
86.784071,84,203.297267
87.365626,84,203.665325
86.935685,84,204.081337
86.823185,84,204.483836
87.025688,84,204.932068
86.86775,84,205.317276
87.283471,84,205.748863
86.997708,84,206.152648
86.637942,84,206.604771
86.774669,84,207.016456
87.185264,84,207.382885
86.872255,84,207.768816
86.957343,84,208.146653
86.497261,84,208.504391
86.563126,84,208.868384
86.880292,84,209.25904
87.076687,84,209.609228
87.15235,84,209.959204
86.824047,84,210.344092
86.547418,84,210.738003
86.863046,84,211.128183
86.818918,84,211.498652
86.923531,84,211.852693
86.914583,84,212.310189
86.753086,84,212.688149
87.063525,84,213.101919
86.726433,84,213.512277
86.623469,84,213.903554
86.56987,84,214.284413
87.220289,84,214.672307
87.085383,84,215.070757
86.960737,84,215.462044
87.149772,84,215.838155
87.273302,84,216.186556
86.748168,84,216.55242
87.091176,84,216.933379
86.645747,84,217.303329
86.354763,84,217.665452
87.086536,84,218.030285
86.461736,84,218.379104
87.100499,84,218.729351
87.026212,84,219.112861
86.745843,84,219.536093
87.056037,84,219.949573
86.962066,84,220.329789
85.468418,84,220.700297
86.832057,84,221.055713
86.730863,84,221.431308
86.978114,84,221.821102
86.962843,84,222.182689
87.006003,84,222.543251
87.116846,84,222.897008
87.279373,84,223.270579
86.669109,84,223.601664
86.938149,84,223.971546
86.316726,84,224.339332
86.78655,84,224.713857
86.727373,84,225.059424
87.0807,84,225.453
86.999372,84,225.867161
86.988861,84,226.217377
86.914546,84,226.557389
86.563032,84,226.911659
87.285518,84,227.293109
86.904554,84,227.665141
87.12417,84,228.130278
86.849995,84,228.533223
87.003034,84,228.942189
86.976733,84,229.319232
86.795009,84,229.683319
87.084449,84,230.115717
87.004842,84,230.525765
86.695106,84,230.90272
86.49437,84,231.353591
87.491734,84,231.780466
84.508772,84,232.161027
85.902999,84,232.50518
86.841396,84,232.888854
86.724502,84,233.270516
86.850601,84,233.651542
86.05752,84,233.993344
86.952904,84,234.356788
86.455322,84,234.713073
86.895305,84,235.069227
86.0677,84,235.427202
86.910677,84,235.803434
87.114878,84,236.196731
86.823667,84,236.585998
86.470847,84,236.978258
86.650749,84,237.373362
86.866305,84,237.872658
87.063308,84,238.287115
86.955662,84,238.676371
86.548051,84,239.044518
87.279252,84,239.40152
86.942735,84,239.753806
87.086065,84,240.099175
86.881413,84,240.481599
86.973072,84,240.850364
86.889618,84,241.254336
86.638706,84,241.626772
86.850014,84,242.000552
86.857401,84,242.511616
86.939129,84,242.891492
86.889584,84,243.284864
86.609129,84,243.707312
86.677894,84,244.12826
87.111067,84,244.529422
86.735707,84,244.922002
86.758895,84,245.321424
86.815828,84,245.727027
86.863107,84,246.083209
86.544083,84,246.460306
86.950049,84,246.939313
85.473663,84,247.379693
87.049022,84,247.826586
86.547359,84,248.23861
85.538154,84,248.631266
87.292431,84,249.001461
86.990402,84,249.445136
86.777608,84,249.810615
86.699929,84,250.155837
86.739434,84,250.552522
86.611462,84,250.941951
87.251521,84,251.365363
86.876063,84,251.74441
87.017458,84,252.125179
86.365176,84,252.518723
87.234253,84,252.907057
86.857824,84,253.304954
87.081991,84,253.677006
86.944678,84,254.043362
86.065047,84,254.415701
87.060905,84,254.795018
86.721249,84,255.162702
86.685454,84,255.590546
86.606035,84,256.03146
85.829762,84,256.40239
86.625958,84,256.794772
86.935651,84,257.194617
86.317173,84,257.61211
86.810103,84,257.997442
86.711804,84,258.369192
86.764692,84,258.772821
87.109021,84,259.137496
87.284726,84,259.519537
87.182334,84,259.94705
86.790244,84,260.365654
86.854648,84,260.746613
86.563458,84,261.137195
86.797305,84,261.531772
86.800771,84,261.910656
86.371055,84,262.275407
86.912003,84,262.650687
87.078544,84,263.014008
86.951473,84,263.350886
85.587948,84,263.695062
86.771933,84,264.071685
86.540955,84,264.469362
86.48148,84,264.877764
86.963889,84,265.27377
85.658733,84,265.66917
86.977677,84,266.101967
86.705875,84,266.488674
86.999713,84,266.866542
85.765852,84,267.23707
86.571769,84,267.634042
86.602486,84,268.021628
87.212922,84,268.396905
87.062741,84,268.817099
86.976627,84,269.215024
86.798035,84,269.61485
86.57335,84,269.978599
86.567388,84,270.33681
87.420528,84,270.722427
86.109988,84,271.116482
86.202442,84,271.512779
86.673432,84,271.884769
86.853095,84,272.287634
86.826163,84,272.680449
85.649725,84,273.132964
87.160948,84,273.536739
87.27875,84,273.904685
85.990469,84,274.255489
86.800599,84,274.682365
86.554936,84,275.027074
87.22596,84,275.37532
86.840646,84,275.729959
86.759188,84,276.101621
86.946247,84,276.462713
86.86601,84,276.837261
86.841671,84,277.228532
86.76566,84,277.700103
87.046083,84,278.097295
86.845461,84,278.500588
86.984693,84,278.932058
86.244611,84,279.327261
87.173953,84,279.722245
86.546532,84,280.107578
87.02511,84,280.491594
86.865239,84,280.855842
87.037844,84,281.258537
87.065702,84,281.733957
86.875877,84,282.41395
87.144927,84,282.846821
86.342343,84,283.370029
86.968089,84,283.816925
86.954316,84,284.38737
86.964256,84,284.862533
87.038638,84,285.309829
87.099391,84,285.837095
86.822328,84,286.345163
86.890911,84,286.887087
86.788881,84,287.436834
87.007939,84,287.874471
86.941918,84,288.315059
86.89303,84,288.84874
87.017712,84,289.349283
86.969947,84,289.875691
86.805695,84,290.397754
86.905953,84,290.92523
86.872601,84,291.482145
86.797986,84,291.931649
86.640022,84,292.457175
87.139844,84,292.880221
86.822927,84,293.261532
86.772302,84,293.655167
87.144568,84,294.110046
86.854873,84,294.542094
86.820441,84,294.940772
86.757276,84,295.392732
86.387726,84,295.816208
86.746046,84,296.199471
86.60267,84,296.566782
86.745822,84,296.984143
86.801518,84,297.404926
86.906959,84,297.783055
81.9191,84,298.161379
87.119704,84,298.695503
86.844225,84,299.130962
87.289975,84,299.520133
86.704795,84,300.065
86.616412,84,300.480722
85.690275,84,300.884779
86.719105,84,301.283232
86.842573,84,301.722405
86.793765,84,302.103863
86.894634,84,302.557253
85.939824,84,302.968041
86.56814,84,303.342862
86.407289,84,303.86281
85.834131,84,304.357134
86.621911,84,304.782999
86.923574,84,305.18557
86.861186,84,305.634627
87.076733,84,306.033082
86.299427,84,306.439838
87.011864,84,306.883927
85.772229,84,307.347161
85.784673,84,307.720859
86.920185,84,308.13609
86.884651,84,308.548911
85.247731,84,308.950692
85.975991,84,309.319115
86.920502,84,309.749945
87.090176,84,310.171882
87.153459,84,310.62725
86.868755,84,311.106669
86.712451,84,311.723665
87.323125,84,312.211625
86.788249,84,312.690508
86.782567,84,313.193664
87.239202,84,313.606375
87.043802,84,314.007361
84.033739,84,314.389513
86.843582,84,314.815872
87.003805,84,315.290356
86.786196,84,315.737358
86.860123,84,316.127279
86.980511,84,316.671905
87.001189,84,317.163032
86.909191,84,317.609291
86.688791,84,318.000905
86.792614,84,318.414297
87.242144,84,318.861172
86.67517,84,319.262309
86.92978,84,319.67802
86.712729,84,320.053319
87.049554,84,320.462748
87.495493,84,320.860979
86.944971,84,321.268246
85.850278,84,321.759782
86.928522,84,322.166054
86.255998,84,322.596959
85.244475,84,323.012755
82.392603,84,323.446322
85.197326,84,323.834601
86.846092,84,324.187157
86.452507,84,324.544341
86.821353,84,324.902316
87.576488,84,325.290986
86.242901,84,325.66793
86.817625,84,326.052202
86.531988,84,326.452379
86.770885,84,326.814244
85.321678,84,327.206262
87.048006,84,327.598404
87.422521,84,327.987198
86.444982,84,328.345102
86.590354,84,328.719146
87.166493,84,329.109253
86.27998,84,329.505361
86.32524,84,329.886611
87.23064,84,330.287607
87.113599,84,330.697482
86.905133,84,331.069511
85.603363,84,331.514404
85.098385,84,331.930961
86.420656,84,332.339752
86.998533,84,332.691428
86.919749,84,333.077198
85.593647,84,333.451274
86.757619,84,333.837276
87.001555,84,334.208182
86.744631,84,334.622521
87.153422,84,335.040958
86.869383,84,335.459155
87.093988,84,335.893771
87.092828,84,336.275864
86.839566,84,336.657798
87.177691,84,337.157247
87.828016,84,337.579217
85.929441,84,337.963604
87.211118,84,338.324531
86.973627,84,338.718481
86.527564,84,339.14852
86.849188,84,339.59924
87.060796,84,339.975975
86.844816,84,340.38268
84.63096,84,340.777536
86.696687,84,341.184889
86.735248,84,341.615465
85.148722,84,342.015988
86.709998,84,342.430418
86.893773,84,342.855467
86.78123,84,343.246922
86.478549,84,343.667244
86.429597,84,344.178159
87.326719,84,344.600929
87.25365,84,344.975501
86.709798,84,345.337625
86.632461,84,345.725435
87.137213,84,346.136843
86.258066,84,346.510529
86.129115,84,346.923842
86.862462,84,347.371603
86.536756,84,347.748057
85.741492,84,348.202299
86.58435,84,348.647947
86.5253,84,349.081764
86.684283,84,349.497947
86.598779,84,349.868231
87.452298,84,350.26257
87.066151,84,350.628272
87.006131,84,351.019328
87.205175,84,351.447187
86.877314,84,351.916718
86.675714,84,352.330952
86.711178,84,352.78509
84.274373,84,353.206799
85.891098,84,353.613124
87.149651,84,354.016706
87.383958,84,354.403673
87.003782,84,354.802619
87.038744,84,355.17543
86.501763,84,355.607643
87.208733,84,356.002241
87.067905,84,356.397869
87.081505,84,356.786529
86.790152,84,357.179465
86.688389,84,357.597365
86.607193,84,358.012641
87.546708,84,358.443881
85.805928,84,358.874857
87.192092,84,359.304235
87.054391,84,359.728633
86.406248,84,360.121142
86.854245,84,360.507156
86.314329,84,360.883993
86.758124,84,361.332679
86.912198,84,361.821017
87.003815,84,362.262233
86.84884,84,362.754551
86.925881,84,363.148435
86.986326,84,363.586656
87.095988,84,364.090988
86.734233,84,364.574262
86.921461,84,365.054825
86.527831,84,365.518035
87.127802,84,365.944247
86.632914,84,366.366129
86.197542,84,366.859811
87.0822,84,367.334656
87.145612,84,367.71813
86.908976,84,368.129747
86.982469,84,368.588047
86.545604,84,369.083193
86.937831,84,369.502925
85.626578,84,369.958135
86.201213,84,370.349522
86.390562,84,370.740139
86.864441,84,371.152838
86.306192,84,371.560148
85.306674,84,371.941115
86.736702,84,372.329364
86.396611,84,372.739388
87.003201,84,373.153587
87.088502,84,373.550947
86.925975,84,373.958253
83.369761,84,374.348667
87.181239,84,374.744321
86.62343,84,375.197902
87.295818,84,375.654284
85.030925,84,376.051972
86.975688,84,376.467792
85.99758,84,376.846242
87.422396,84,377.24447
87.200649,84,377.646139
86.791417,84,378.132988
86.796741,84,378.555501
86.201567,84,378.934266
87.390659,84,379.30582
86.98464,84,379.704993
84.999242,84,380.124763
87.199755,84,380.528334
85.966827,84,380.90808
86.840802,84,381.286453
85.606818,84,381.650354
86.721197,84,382.008632
85.672044,84,382.393833
86.783059,84,382.777651
86.732798,84,383.160853
84.923683,84,383.57693
86.34921,84,384.057847
86.890785,84,384.476203
86.900086,84,384.859848
87.352014,84,385.319748
86.589386,84,385.809827
86.728342,84,386.212106
87.467087,84,386.599571
86.987501,84,387.002241
87.182924,84,387.475224
86.055825,84,387.933969
87.353533,84,388.348257
86.995595,84,388.724542
87.042693,84,389.111248
85.812597,84,389.493896
85.457242,84,389.898578
86.794051,84,390.391151
87.309312,84,390.941835
87.107855,84,391.376479
86.810283,84,391.895481
86.340624,84,392.345286
85.837577,84,392.793583
87.577557,84,393.162474
84.436207,84,393.547683
87.355307,84,393.981148
85.125289,84,394.435306
87.112328,84,394.930197
86.436689,84,395.350726
87.1771,84,395.937935
85.64508,84,396.485304
85.537759,84,396.868795
86.59579,84,397.324847
86.839562,84,397.837876
84.7251,84,398.384367
86.973026,84,398.758913
85.646895,84,399.16128
86.728256,84,399.558215
88.116122,84,399.948125
87.297689,84,400.335914
86.672545,84,400.807465
84.229252,84,401.24233
86.866735,84,401.68692
87.536614,84,402.191218
86.01215,84,402.579756
86.936008,84,403.056254
84.499986,84,403.501844
86.479294,84,403.991372
86.248637,84,404.383222
85.433404,84,404.816796
85.615727,84,405.246763
87.06409,84,405.635139
83.873787,84,406.121823
83.371883,84,406.648375
84.825457,84,407.23659
86.564687,84,407.728086
86.928239,84,408.240567
83.637604,84,408.645781
86.939648,84,409.200361
86.43261,84,409.761934
86.148125,84,410.266445
86.928605,84,410.768016
87.188721,84,411.196521
86.746348,84,411.676218
87.075924,84,412.123976
86.833459,84,412.603899
86.360632,84,413.009836
86.985183,84,413.469896
85.998488,84,413.9099
86.87453,84,414.33708
86.499182,84,414.812629
86.673086,84,415.217651
86.512463,84,415.656564
86.610397,84,416.0241
84.572495,84,416.465124
86.964523,84,416.8421
84.07373,84,417.256025
87.035008,84,417.737094
85.683332,84,418.195468
87.31611,84,418.574025
86.881294,84,418.952988
86.890477,84,419.413934
86.64208,84,419.864311
87.319084,84,420.227955
87.175317,84,420.613817
86.850266,84,421.03221
85.997193,84,421.436391
86.87269,84,421.813138
85.775928,84,422.211253
86.71715,84,422.595894
83.9618,84,423.036112
86.476237,84,423.435171
86.552428,84,423.869977
85.786321,84,424.230954
86.480758,84,424.620985
85.896119,84,425.052163
86.658366,84,425.422367
87.029584,84,425.799302
86.222234,84,426.188556
87.615073,84,426.536932
85.74841,84,426.898822
83.520772,84,427.252022
85.971926,84,427.668343
86.161518,84,428.083732
86.737762,84,428.569213
86.364485,84,429.045526
86.538136,84,429.435479
87.364314,84,429.834257
83.739263,84,430.185134
85.525749,84,430.552536
82.011214,84,430.904049
86.445147,84,431.263155
87.046266,84,431.634811
84.653867,84,431.99854
86.899566,84,432.368746
87.079152,84,432.761407
87.41639,84,433.167831
87.381953,84,433.790185
84.38624,84,434.195454
85.800479,84,434.578746
86.736512,84,435.019973
85.1734,84,435.448734
86.841035,84,435.878677
85.519398,84,436.295532
87.75664,84,436.665377
82.266416,84,437.0194
85.358539,84,437.427387
87.175598,84,437.830429
86.752928,84,438.21632
85.745897,84,438.607924
86.53874,84,439.027804
86.862717,84,439.453177
86.47462,84,439.83847
86.652466,84,440.234488
86.640003,84,440.600577
82.725391,84,441.017679
83.12849,84,441.52938
86.853576,84,442.02151
85.230862,84,442.429015
80.551012,84,442.852579
86.762291,84,443.271104
86.839113,84,443.659454
86.66863,84,444.037848
85.84081,84,444.430093
87.011749,84,444.841828
87.601021,84,445.28317
86.443446,84,445.677973
87.885574,84,446.084974
86.580117,84,446.50354
87.69172,84,447.007862
87.133932,84,447.465381
83.423921,84,447.88318
84.999451,84,448.291921
87.39672,84,448.704037
84.693798,84,449.089085
87.387155,84,449.52043
87.052934,84,449.992368
86.411208,84,450.400115
87.123496,84,450.864655
83.872986,84,451.265195
86.775089,84,451.738405
88.098117,84,452.204327
86.871495,84,452.632595
81.175733,84,453.054501
86.736081,84,453.452146
87.45846,84,453.86695
85.765115,84,454.307324
84.590144,84,454.774609
87.142704,84,455.237817
83.55632,84,455.740292
85.623857,84,456.191774
85.978831,84,456.590789
84.368648,84,456.96882
86.747857,84,457.325351
87.692303,84,457.676566
86.175306,84,458.022946
87.220545,84,458.400286
85.548725,84,458.758673
84.882823,84,459.122472
87.172046,84,459.563054
86.17635,84,460.041015
86.509425,84,460.562771
85.010407,84,460.972198
85.748488,84,461.430454
81.924512,84,461.806408
83.762563,84,462.180259
86.440888,84,462.639476
87.036754,84,463.0954
87.18192,84,463.584281
86.96224,84,464.046975
86.120751,84,464.530846
87.829293,84,464.978252
87.134302,84,465.421614
85.306235,84,465.872745
81.411706,84,466.269423
86.014622,84,466.723139
87.071704,84,467.132539
86.668635,84,467.570455
85.323263,84,468.014833
87.694009,84,468.575649
85.47405,84,469.088381
86.122961,84,469.538591
86.992982,84,470.053027
85.73157,84,470.481627
84.079294,84,471.007287
87.00126,84,471.511576
87.456772,84,472.002506
87.06509,84,472.508997
87.275459,84,473.003459
87.483189,84,473.571705
87.139986,84,474.057066
86.713723,84,474.597213
87.193414,84,475.110533
86.889307,84,475.544261
86.349059,84,476.013134
87.21349,84,476.468755
81.159992,84,476.908362
86.134817,84,477.398523
86.527787,84,477.900447
86.844311,84,478.385841
82.697542,84,478.824368
85.347508,84,479.230804
86.729804,84,479.678697
87.577822,84,480.095027
85.670011,84,480.515298
86.249931,84,480.966829
86.43202,84,481.482885
86.923717,84,481.923749
86.691944,84,482.369685
85.883622,84,482.822827
86.899314,84,483.281374
86.78377,84,483.698239
83.495732,84,484.145022
84.655569,84,484.630565
84.760833,84,485.086854
84.883054,84,485.52395
87.820673,84,485.916923
86.17045,84,486.297514
86.283601,84,486.701008
87.330877,84,487.118983
87.05043,84,487.607505
84.592467,84,488.028448
85.896997,84,488.487849
85.473068,84,488.890889
86.997814,84,489.251236
86.901517,84,489.653819
86.729681,84,490.077758
86.320696,84,490.482943
83.050405,84,490.848927
83.799845,84,491.257787
84.151923,84,491.757795
83.731178,84,492.165486
86.975711,84,492.59315
87.427879,84,493.058903
85.075688,84,493.535842
84.984163,84,493.927838
87.138219,84,494.3375
84.1551,84,494.730867
87.00156,84,495.139842
84.488149,84,495.543525
86.568342,84,495.945628
86.783185,84,496.385951
81.348602,84,496.822143
84.779865,84,497.202162
86.919567,84,497.599614
86.666246,84,498.00937
87.378375,84,498.411862
87.031546,84,498.858567
87.261777,84,499.348913
86.79431,84,499.774746
80.879201,84,500.227273
83.215085,84,500.780025
86.536371,84,501.194286
83.540232,84,501.632574
86.517802,84,502.064495
84.780781,84,502.53885
87.091249,84,502.990844
87.142539,84,503.539449
86.608179,84,504.055496
86.123117,84,504.495924
81.963466,84,504.953869
87.11448,84,505.457325
84.016849,84,505.879126
86.055441,84,506.272651
86.955623,84,506.699285
86.255447,84,507.111475
85.411555,84,507.551925
85.331417,84,507.996917
87.472529,84,508.446918
85.511298,84,508.863552
83.913161,84,509.266332
85.845585,84,509.759338
87.024062,84,510.164476
85.589721,84,510.530845
87.118987,84,510.970701
85.304691,84,511.465866
86.794953,84,511.882936
85.98645,84,512.305239
88.086641,84,512.766106
85.6201,84,513.15411
87.136626,84,513.542219
86.741724,84,514.095764
87.293535,84,514.680021
87.317922,84,515.078877
85.56289,84,515.480688
83.826155,84,516.043415
86.894594,84,516.531546
86.481883,84,516.994017
87.271928,84,517.388583
86.461905,84,517.791007
87.336916,84,518.282184
84.859857,84,518.876928
86.892351,84,519.393257
85.101254,84,519.850194
81.953439,84,520.263087
85.412878,84,520.692299
86.77401,84,521.11777
86.074461,84,521.55365
84.512587,84,521.940903
86.438348,84,522.307972
86.338096,84,522.700751
84.195266,84,523.145566
83.057475,84,523.569462
85.22915,84,523.958399
82.515359,84,524.385769
86.554611,84,524.808048
87.24688,84,525.200974
87.222662,84,525.643986
86.601589,84,526.069723
84.378313,84,526.485243
85.412757,84,526.922927
87.061751,84,527.336471
87.631487,84,527.792067
86.191237,84,528.265361
85.53555,84,528.688454
86.491328,84,529.098272
83.368154,84,529.536014
86.180683,84,529.977738
86.657311,84,530.376077
86.964379,84,530.772668
85.011435,84,531.16334
86.93394,84,531.584768
85.797777,84,531.986177
86.064592,84,532.376662
86.288145,84,532.785245
86.845291,84,533.174425
85.571151,84,533.555001
86.763486,84,533.962056
86.399441,84,534.36827
85.852467,84,534.754357
86.428992,84,535.152076
86.412652,84,535.568874
87.226955,84,536.001032
86.40232,84,536.449049
85.31967,84,536.865898
84.048463,84,537.230006
83.497938,84,537.602926
87.038202,84,537.971991
84.664555,84,538.368337
86.1775,84,538.751294
83.530218,84,539.134232
86.492728,84,539.521475
87.096107,84,539.940219
86.992162,84,540.338796
87.015117,84,540.731281
86.491208,84,541.164987
82.397112,84,541.630998
86.355452,84,542.045783
83.305709,84,542.449059
84.478306,84,542.846589
86.724541,84,543.261985
86.341634,84,543.662696
86.071779,84,544.102413
85.764354,84,544.485226
83.853755,84,544.842571
86.828582,84,545.248275
87.714263,84,545.696997
84.887015,84,546.146892
82.358841,84,546.62912
86.769915,84,547.1934
87.844413,84,547.639025
84.370241,84,548.003993
86.487689,84,548.404699
87.156798,84,548.77627
87.192225,84,549.133411
79.23411,84,549.531715
85.729792,84,549.986282
87.405173,84,550.406512
82.41168,84,550.8211
83.921364,84,551.221049
86.056132,84,551.614627
87.885397,84,551.995572
87.199702,84,552.428104
87.240462,84,552.968177
87.811748,84,553.422075
86.744413,84,553.907139
87.565431,84,554.312346
84.785072,84,554.801477
85.614292,84,555.244011
86.796249,84,555.663438
84.79957,84,556.092426
86.558621,84,556.53795
86.463125,84,556.993464
80.718742,84,557.396061
86.676136,84,557.801727
86.729795,84,558.185984
87.008872,84,558.609337
81.482084,84,559.005469
86.660964,84,559.435659
87.420816,84,559.854345
86.408158,84,560.235845
86.936716,84,560.646351
84.001157,84,561.039862
85.404802,84,561.46523
86.967936,84,561.858213
85.092513,84,562.247671
85.89892,84,562.639771
84.25944,84,563.046877
82.363231,84,563.453233
86.461515,84,563.882363
86.992997,84,564.322669
87.111174,84,564.729723
86.571926,84,565.164308
85.902457,84,565.589291
83.872233,84,566.007931
86.996802,84,566.418404
87.247654,84,566.799893
86.678707,84,567.228908
86.097733,84,567.654963
85.8685,84,568.054509
86.917518,84,568.52637
84.248196,84,568.924603
86.851023,84,569.33208
84.941213,84,569.724816
87.507829,84,570.149314
82.302878,84,570.596005
84.289601,84,571.049196
86.811888,84,571.505302
82.918055,84,571.916113
86.875904,84,572.317438
87.139504,84,572.728868
87.346123,84,573.171491
87.514474,84,573.578601
85.898936,84,573.985777
86.469179,84,574.440118
86.718406,84,574.869834
85.954528,84,575.252794
88.345735,84,575.685501
86.207035,84,576.10941
83.78432,84,576.506916
86.593494,84,576.895753
86.208822,84,577.323533
86.233157,84,577.81708
87.57647,84,578.2523
86.699864,84,578.665108
84.091989,84,579.07454
86.734315,84,579.467494
86.441254,84,579.895106
84.985037,84,580.306715
88.262727,84,580.710163
87.217881,84,581.224841
86.12266,84,581.706652
83.825273,84,582.178072
86.726936,84,582.626033
85.122182,84,583.118734
86.522666,84,583.573889
86.972152,84,584.004428
86.125542,84,584.400067
87.338824,84,584.805161
87.277156,84,585.242521
87.164343,84,585.671788
87.043543,84,586.120596
87.790144,84,586.573532
86.574562,84,586.992296
87.997789,84,587.390747
84.801316,84,587.789412
85.928016,84,588.180486
86.818311,84,588.593462
87.188944,84,589.047269
86.136137,84,589.494883
86.386441,84,589.911459
87.936761,84,590.347841
87.750848,84,590.848582
84.584823,84,591.280484
85.543374,84,591.706661
84.223387,84,592.128918
86.356403,84,592.56026
86.965215,84,592.960387
86.725465,84,593.357744
86.669127,84,593.776793
85.255805,84,594.335862
84.874136,84,594.823756
79.763493,84,595.235543
87.103887,84,595.681769
87.08721,84,596.295864
86.669258,84,596.712806
85.83809,84,597.119168
87.184593,84,597.560391
87.452835,84,597.976905
86.088132,84,598.363276
85.874444,84,598.832179
85.955339,84,599.340546
85.195738,84,599.830715
86.730463,84,600.298448
87.04472,84,600.731578
88.0681,84,601.144803
84.929099,84,601.549228
86.256763,84,601.980656
86.856471,84,602.410917
82.927139,84,602.872576
83.381994,84,603.286791
84.556179,84,603.732664
84.08177,84,604.126762
88.027165,84,604.617807
84.165481,84,605.124171
86.185834,84,605.597507
83.324124,84,606.154269
85.236803,84,606.665837
81.965806,84,607.176706
88.459748,84,607.634515
82.184163,84,608.106206
86.502944,84,608.500446
85.481132,84,608.887352
86.76439,84,609.398261
85.160346,84,609.950448
84.422672,84,610.454717
87.088564,84,610.866868
86.868832,84,611.252279
85.875671,84,611.648626
86.750978,84,612.026958
86.443374,84,612.420551
86.199344,84,612.819464
87.763034,84,613.240754
83.396642,84,613.681766
85.077501,84,614.09682
87.971352,84,614.473517
87.34814,84,614.864846
87.582573,84,615.293335
85.543967,84,615.754466
82.63244,84,616.173202
85.784629,84,616.640775
85.820959,84,617.107589
83.890026,84,617.627854
86.471304,84,618.065606
87.077576,84,618.480673
86.875446,84,618.861888
85.871516,84,619.243576
86.511803,84,619.669534
84.110742,84,620.063799
87.188279,84,620.447718
86.876817,84,620.867182
87.684626,84,621.282312
85.533361,84,621.688199
87.173779,84,622.127306
87.037319,84,622.550152
87.186007,84,623.00177
86.943508,84,623.48961
86.43794,84,623.909053
85.136097,84,624.340455
83.500039,84,624.800427
85.266029,84,625.232698
87.244222,84,625.693817
86.927457,84,626.185574
87.193669,84,626.644612
87.657175,84,627.174518
86.912266,84,627.611822
86.655612,84,628.067552
84.758859,84,628.459231
85.940017,84,628.922813
84.514822,84,629.317522
82.159023,84,629.704913
86.022915,84,630.09917
87.661573,84,630.504793
87.263527,84,630.958238
86.063152,84,631.45102
85.140664,84,631.926831
83.574508,84,632.370528
85.339027,84,632.802846
85.244958,84,633.201885
82.566959,84,633.700652
88.011324,84,634.121
82.392718,84,634.558913
86.883998,84,634.996163
84.606426,84,635.430314
88.106616,84,635.8488
79.442439,84,636.294142
84.31305,84,636.714019
86.332707,84,637.111029
87.258487,84,637.553009
86.446439,84,638.011127
82.568493,84,638.483647
82.621278,84,638.8947
87.402315,84,639.323955
86.475842,84,639.726494
86.805234,84,640.116209
87.718906,84,640.599382
82.743217,84,641.038328
87.174735,84,641.467058
85.297586,84,641.860581
85.883599,84,642.312144
86.827068,84,642.729559
88.374602,84,643.109614
85.841411,84,643.500568
79.739862,84,643.893024
86.984804,84,644.3258
82.012191,84,644.728637
86.221677,84,645.171055
84.81598,84,645.63127
87.632552,84,646.056328
86.084434,84,646.468753
87.414567,84,646.899498
83.382798,84,647.330565
83.335596,84,647.707307
86.742637,84,648.121017
84.897442,84,648.518994
85.344183,84,648.930091
86.615401,84,649.313024
82.815929,84,649.735186
87.734189,84,650.103206
86.727243,84,650.533137
84.319785,84,650.988254
86.652981,84,651.409435
86.877234,84,651.825359
84.616316,84,652.275206
87.114301,84,652.777676
82.805536,84,653.275949
86.685156,84,653.728483
87.134619,84,654.186134
86.575421,84,654.641139
83.053588,84,655.093167
87.484914,84,655.498338
86.794365,84,655.876801
83.443792,84,656.280556
82.900962,84,656.754599
84.368259,84,657.212466
85.115347,84,657.685119
86.824386,84,658.139709
83.915499,84,658.509333
84.805408,84,658.919111
88.117601,84,659.314444
85.456787,84,659.710621
86.926016,84,660.108811
87.890196,84,660.50715
86.976007,84,660.967734
86.049726,84,661.387202
86.900929,84,661.780704
87.477008,84,662.149945
82.773756,84,662.529471
86.434043,84,662.916034
82.508079,84,663.302201
87.006673,84,663.759748
86.786216,84,664.164318
85.237427,84,664.553326
78.723606,84,664.933036
86.478358,84,665.370987
86.784238,84,665.743949
86.278949,84,666.118977
87.651535,84,666.495794
87.820366,84,666.861538
86.70196,84,667.250864
86.447437,84,667.660409
81.772343,84,668.104249
84.403857,84,668.488991
79.127979,84,668.860988
87.736491,84,669.253345
82.846649,84,669.7032
87.520674,84,670.096906
87.001087,84,670.596216
87.682335,84,671.048035
85.72006,84,671.431064
86.961491,84,671.787845
85.369669,84,672.20811
86.286093,84,672.610836
86.693821,84,672.986158
86.686627,84,673.374877
86.53709,84,673.80233
85.587675,84,674.198632
87.362518,84,674.608171
88.136121,84,675.001372
87.379226,84,675.416825
87.222934,84,675.891036
86.865874,84,676.308136
86.812472,84,676.757134
86.164463,84,677.151024
83.031179,84,677.537872
86.048569,84,677.994719
87.058808,84,678.419738
87.051338,84,678.813995
88.054518,84,679.230704
86.835175,84,679.629004
86.989704,84,680.02806
84.683811,84,680.425273
85.515802,84,680.824649
83.165456,84,681.234384
88.896274,84,681.63987
88.131237,84,682.140811
84.442567,84,682.533462
86.496907,84,682.911294
87.701688,84,683.280577
87.211348,84,684.034969
86.281285,84,684.422287
87.498078,84,684.926903
81.618222,84,685.410363
82.379071,84,685.851004
87.285966,84,686.251081
86.95403,84,686.666833
85.339301,84,687.034643
85.703077,84,687.413978
87.175965,84,687.810572
86.089576,84,688.203367
87.203355,84,688.591432
87.471111,84,688.994421
85.650888,84,689.378911
82.789231,84,689.785547
87.637427,84,690.295597
79.924837,84,690.73424
84.175309,84,691.113323
81.094028,84,691.494827
87.264392,84,691.903314
87.623126,84,692.282981
85.106125,84,692.673468
84.275115,84,693.070461
87.80863,84,693.502505
88.349459,84,693.889
86.825825,84,694.338726
87.746963,84,694.847852
86.955766,84,695.294599
87.462475,84,695.750078
86.93386,84,696.237933
84.039407,84,696.671001
88.351272,84,697.071002
87.077671,84,697.548877
85.206064,84,697.94685
82.211135,84,698.375425
85.816541,84,698.823772
87.268702,84,699.285255
85.233367,84,699.69724
82.51332,84,700.104291
87.603756,84,700.506987
88.339836,84,700.901273
89.065314,84,701.299651
84.899259,84,701.736927
86.027291,84,702.239115
86.892698,84,702.633158
87.291045,84,703.051019
87.696153,84,703.480617
81.961069,84,703.902716
85.677025,84,704.309201
84.147505,84,704.695262
85.68349,84,705.086666
85.678537,84,705.472652
87.512836,84,705.881275
86.608317,84,706.30448
87.56197,84,706.815163
87.148156,84,707.262879
84.558689,84,707.656823
87.176784,84,708.116047
83.954189,84,708.564789
87.023663,84,709.009461
85.495572,84,709.444721
84.683328,84,709.917011
86.480132,84,710.311784
83.887096,84,710.694932
87.123088,84,711.14715
86.687241,84,711.701756
86.512905,84,712.157313
87.868559,84,712.68862
82.973594,84,713.193948
86.761007,84,713.593556
86.516701,84,714.100744
87.196574,84,714.539645
86.665977,84,714.934752
87.101519,84,715.326172
85.071848,84,715.743303
86.819644,84,716.132602
86.957228,84,716.524042
86.502804,84,717.015506
85.82579,84,717.561437
80.444007,84,717.943918
83.896187,84,718.327537
85.861709,84,718.751596
88.657478,84,719.167618
87.647779,84,719.578827
87.99392,84,719.995475
83.478841,84,720.393215
80.628299,84,720.793849
83.391974,84,721.286138
84.630508,84,721.826396
80.339683,84,722.488562
87.520175,84,723.08009
86.545931,84,723.564645
80.635555,84,724.134824
88.146696,84,724.708051
86.835952,84,725.185598
88.374263,84,725.755109
83.216117,84,726.268656
81.873272,84,726.791889
86.624652,84,727.224419
78.676027,84,727.647455
86.691854,84,728.148744
85.290147,84,728.703813
87.070388,84,729.131184
88.33517,84,729.579225
82.604753,84,730.030304
86.982345,84,730.479845
88.244433,84,730.903299
86.654381,84,731.374697
86.04429,84,731.784044
87.754259,84,732.18647
83.301016,84,732.615723
82.849799,84,733.023002
86.967193,84,733.437045
86.665658,84,733.837514
87.06596,84,734.291371
87.618593,84,734.734843
85.124553,84,735.153886
83.853723,84,735.596399
85.749059,84,736.033609
86.729561,84,736.445008
86.642008,84,736.825907
87.71228,84,737.216821
86.893868,84,737.603932
85.244051,84,737.981737
83.637469,84,738.438974
88.203021,84,738.87168
86.131439,84,739.311933
86.253468,84,739.716505
85.320036,84,740.164565
86.617834,84,740.560046
87.933646,84,740.928868
80.525573,84,741.303857
82.414424,84,741.709639
88.626525,84,742.114641
87.056661,84,742.502085
86.902545,84,742.909535
82.61906,84,743.273363
85.500027,84,743.643652
87.179721,84,744.017912
85.533137,84,744.418064
86.614284,84,744.823327
80.911442,84,745.201549
86.566643,84,745.584597
88.346015,84,745.973355
88.203428,84,746.347111
86.234727,84,746.776605
87.23403,84,747.17189
87.343918,84,747.54334
88.058892,84,747.923287
85.810645,84,748.292314
85.293533,84,748.673169
84.344794,84,749.120226
88.093087,84,749.56662
86.466242,84,749.968177
88.031288,84,750.353426
87.031056,84,750.74719
88.808827,84,751.128602
86.549122,84,751.576143
82.874405,84,751.957022
88.239525,84,752.319278
79.117093,84,752.714387
80.07613,84,753.119262
86.846166,84,753.546534
86.420203,84,753.965536
88.074805,84,754.396857
83.481771,84,754.790067
80.199852,84,755.151217
88.456577,84,755.536318
80.060781,84,755.906157
87.320839,84,756.28408
87.688177,84,756.675916
84.464357,84,757.06939
87.486795,84,757.456354
85.107669,84,757.850528
88.862947,84,758.330446
86.612662,84,758.834298
82.105282,84,759.245476
85.198583,84,759.703823
88.297037,84,760.13746
80.461011,84,760.564282
84.778587,84,760.990792
82.604932,84,761.419375
87.81666,84,761.873348
86.848593,84,762.306371
88.260234,84,762.756119
84.843518,84,763.169337
85.81776,84,763.587744
83.60612,84,763.976837
87.192398,84,764.373571
85.728128,84,764.756743
87.886613,84,765.120932
87.052061,84,765.537069
85.674278,84,765.956471
87.996831,84,766.431834
85.823034,84,766.872168
82.416146,84,767.321242
86.620534,84,767.742044
87.340694,84,768.147356
87.106563,84,768.559508
81.631794,84,768.963955
86.76588,84,769.387192
86.643726,84,769.810199
87.576726,84,770.229097
84.623159,84,770.661667
86.932986,84,771.091309
87.814976,84,771.52814
85.766641,84,771.973698
87.234419,84,772.390198
78.937786,84,772.79532
86.858192,84,773.236558
85.39506,84,773.658984
86.581644,84,774.103563
86.089779,84,774.496519
86.797568,84,774.895574
80.792494,84,775.290001
87.334203,84,775.698674
88.579249,84,776.129764
85.334836,84,776.538478
86.093535,84,776.947368
84.975735,84,777.39578
83.308197,84,777.843194
84.606995,84,778.253129
85.339082,84,778.71367
85.091974,84,779.136236
89.062912,84,779.600298
84.881891,84,780.122638
86.150091,84,780.602544
83.067198,84,781.081036
84.15567,84,781.583583
86.462681,84,782.081254
86.052966,84,782.474797
86.05464,84,782.948892
80.409089,84,783.380384
86.824906,84,783.791623
87.846687,84,784.214426
88.278939,84,784.611335
87.069944,84,784.992481
83.832458,84,785.417286
86.03892,84,785.842402
87.819557,84,786.231899
86.924232,84,786.622407
87.024648,84,786.997054
86.7761,84,787.381834
88.240307,84,787.767126
87.189196,84,788.160445
87.333197,84,788.588293
87.399114,84,788.993894
87.54081,84,789.381402
83.808615,84,789.803373
87.128369,84,790.257852
81.196382,84,790.645674
83.147928,84,791.079418
87.839842,84,791.486355
86.918149,84,791.875854
87.212484,84,792.308466
87.070368,84,792.734745
86.472263,84,793.127549
88.065839,84,793.506588
83.38918,84,793.8646
85.101976,84,794.243754
88.469334,84,794.673342
86.767416,84,795.071662
82.430571,84,795.45186
88.026084,84,795.879093
87.613116,84,796.289058
86.560641,84,796.66426
86.551721,84,797.073524
85.057364,84,797.454445
86.485316,84,797.832803
88.268185,84,798.211425
83.24264,84,798.59593
88.058195,84,799.00373
86.633984,84,799.411545
86.944951,84,799.805399
87.178073,84,800.198733
88.478839,84,800.654063
87.179339,84,801.074171
86.887007,84,801.510048
87.822526,84,801.924532
86.40167,84,802.304038
87.987095,84,802.737848
87.271014,84,803.156838
86.789922,84,803.588482
86.308556,84,803.99776
86.161356,84,804.397523
88.472747,84,804.779831
82.89437,84,805.165365
84.473104,84,805.579926
86.825272,84,805.951941
86.856547,84,806.324801
87.012544,84,806.731587
87.187128,84,807.177331
87.065906,84,807.613652
88.030606,84,808.082245
86.328864,84,808.544152
87.699599,84,808.954937
86.507152,84,809.375229
86.843067,84,809.859541
86.988899,84,810.263699
87.905968,84,810.663633
86.343448,84,811.112835
87.065075,84,811.595854
83.938784,84,812.142145
87.474875,84,812.633762
86.536738,84,813.057236
78.959872,84,813.492407
84.264252,84,813.935512
84.773657,84,814.379462
87.269206,84,814.841569
87.709786,84,815.209866
87.342677,84,815.6549
82.725703,84,816.053914
84.141233,84,816.457839
87.458835,84,816.848636
86.710364,84,817.299546
87.241026,84,817.706576
84.220135,84,818.124107
87.653143,84,818.551634
82.878316,84,818.96469
87.938418,84,819.346884
81.851363,84,819.724672
87.027659,84,820.106536
84.110749,84,820.483549
86.778039,84,820.857977
88.351352,84,821.256302
88.395077,84,821.718868
87.124537,84,822.144746
84.571484,84,822.542474
87.91092,84,822.959101
87.07496,84,823.342759
83.451963,84,823.751446
87.64965,84,824.181908
86.92101,84,824.60395
87.436209,84,824.980801
87.352312,84,825.36292
86.844193,84,825.801327
87.189759,84,826.264475
87.903028,84,826.706652
88.569546,84,827.152578
86.234554,84,827.557191
87.105954,84,827.956358
84.92603,84,828.360436
86.091736,84,828.748362
86.114082,84,829.146608
87.106852,84,829.516527
87.917695,84,829.935107
86.349861,84,830.336434
86.105123,84,830.84855
86.758887,84,831.286133
86.178682,84,831.687336
87.188553,84,832.063925
86.683633,84,832.466198
87.444702,84,832.909337
86.834259,84,833.360304
85.415317,84,833.739497
86.884685,84,834.172584
87.192534,84,834.602863
87.744915,84,835.044116
82.692698,84,835.538548
85.275188,84,835.950752
84.697237,84,836.345047
86.134903,84,836.822336
88.339415,84,837.23866
87.999422,84,837.635071
88.508483,84,838.055158
87.783007,84,838.515959
85.299306,84,838.912184
86.967712,84,839.326945
85.703355,84,839.827224
88.047169,84,840.290909
87.072363,84,840.713793
82.053168,84,841.096977
87.334075,84,841.607515
87.49417,84,842.032534
85.94026,84,842.468202
85.287039,84,843.024115
87.007571,84,843.449259
87.828161,84,843.902249
86.055844,84,844.391673
81.057611,84,844.851516
86.999928,84,845.278085
86.960447,84,845.824389
86.46354,84,846.313946
86.756329,84,846.723148
87.502721,84,847.149785
86.450659,84,847.54483
87.234706,84,847.93094
86.571836,84,848.451885
88.943021,84,848.916914
86.768255,84,849.406242
87.258356,84,849.94756
87.619653,84,850.345274
87.91045,84,850.735863
83.430601,84,851.155888
85.879921,84,851.615108
85.588908,84,852.010671
84.278731,84,852.421297
88.465309,84,852.803946
87.107907,84,853.249946
85.77058,84,853.721742
86.990834,84,854.220142
87.21234,84,854.725326
86.894586,84,855.199538
87.133046,84,855.610066
86.902195,84,856.093331
86.798065,84,856.554513
87.812288,84,856.984133
87.124737,84,857.445566
88.347813,84,857.933936
86.291654,84,858.343256
87.063858,84,858.731732
87.820331,84,859.101305
88.17503,84,859.501748
80.219779,84,859.914312
88.240217,84,860.386765
87.607362,84,860.828821
85.528467,84,861.271029
88.259308,84,861.709871
83.967885,84,862.194134
86.788838,84,862.644814
86.972819,84,863.072887
86.943369,84,863.460018
86.820254,84,863.909338
87.381319,84,864.317804
87.27863,84,864.722841
86.397694,84,865.096877
83.164162,84,865.506181
81.571105,84,865.877063
87.979469,84,866.289986
87.724223,84,866.710956
86.305956,84,867.143386
88.227281,84,867.526235
87.965018,84,867.916458
86.362936,84,868.309651
88.03328,84,868.684825
80.121275,84,869.060446
87.491906,84,869.448579
87.604768,84,869.847627
87.496379,84,870.242484
86.759932,84,870.628246
84.135238,84,871.100069
84.98319,84,871.516558
84.447526,84,871.920614
88.219354,84,872.342693
86.87991,84,872.743371
86.500097,84,873.123184
86.449205,84,873.522882
86.469994,84,874.022434
87.160842,84,874.483259
88.918993,84,874.895098
82.96188,84,875.28304
86.370794,84,875.715544
85.415559,84,876.106601
86.781283,84,876.506745
85.952554,84,876.892777
85.078956,84,877.280549
87.382902,84,877.704428
87.043118,84,878.154489
87.073456,84,878.543336
87.625325,84,878.94079
79.09625,84,879.326255
87.274355,84,879.719931
87.691996,84,880.183047
84.934823,84,880.613574
87.27041,84,881.065562
86.407253,84,881.454479
87.3391,84,881.850197
87.249778,84,882.23109
85.564821,84,882.641248
86.949764,84,883.013334
87.971341,84,883.413512
85.625236,84,883.778199
86.214052,84,884.154567
86.66797,84,884.553269
86.593523,84,884.994769
87.404868,84,885.394355
87.357388,84,885.788671
82.280826,84,886.207012
86.808977,84,886.603294
83.978228,84,886.957608
80.679099,84,887.327805
87.743218,84,887.698445
87.643426,84,888.102599
87.287971,84,888.52125
86.450351,84,888.918765
88.801526,84,889.354352
87.358611,84,889.823399
85.169852,84,890.224241
87.531594,84,890.654506
87.844345,84,891.051264
87.210765,84,891.441509
87.042234,84,891.854981
84.474252,84,892.267278
88.640172,84,892.746148
88.280474,84,893.142555
86.591763,84,893.572811
88.100204,84,894.071635
86.703958,84,894.5129
86.344639,84,894.906251
87.890375,84,895.338652
86.63787,84,895.828031
87.288772,84,896.242084
88.598122,84,896.6733
85.893533,84,897.056498
83.972815,84,897.428323
87.31214,84,897.813232
86.962846,84,898.202988
83.964367,84,898.614757
88.339381,84,899.041463
88.487719,84,899.455565
87.236875,84,899.84701
86.367632,84,900.215979
88.223704,84,900.582721
85.264062,84,900.985918
86.964522,84,901.388591
86.392796,84,901.767379
87.738899,84,902.138686
88.055354,84,902.536314
86.720693,84,903.030951
86.582829,84,903.455005
88.066536,84,903.901159
87.257449,84,904.352463
88.218257,84,904.770629
87.763825,84,905.201938
86.931822,84,905.667181
87.398716,84,906.123462
88.226357,84,906.546557
83.336878,84,906.985952
86.826542,84,907.437682
88.591982,84,907.85442
87.713385,84,908.281363
87.829765,84,908.663433
85.896486,84,909.052982
84.9473,84,909.522257
87.060814,84,910.046276
83.302646,84,910.497485
86.848028,84,910.985244
84.072601,84,911.391938
87.821306,84,911.834755
88.145958,84,912.243165
86.289418,84,912.646143
87.513439,84,913.015903
87.0905,84,913.399797
87.484886,84,913.796862
86.823309,84,914.213057
84.453547,84,914.623144
86.746917,84,915.046974
86.826168,84,915.500442
87.201896,84,915.966248
88.192737,84,916.524739
82.944979,84,916.957942
83.066626,84,917.366732
85.281698,84,917.768375
88.590979,84,918.166713
86.817983,84,918.568207
87.569248,84,918.962883
88.525414,84,919.354703
80.639459,84,919.766343
86.785322,84,920.208021
86.843974,84,920.658776
85.351584,84,921.123041
86.298193,84,921.556293
86.674383,84,921.968775
86.787261,84,922.380949
87.427223,84,922.795933
88.011888,84,923.219695
87.346202,84,923.619325
86.784281,84,924.027394
79.83547,84,924.408935
87.798393,84,924.810187
85.616815,84,925.191352
88.414527,84,925.642247
85.01036,84,926.083118
87.718966,84,926.453054
87.292834,84,926.873029
83.359369,84,927.296111
86.840449,84,927.686445
89.026696,84,928.147638
85.586714,84,928.552234
84.951978,84,928.918262
81.131343,84,929.325751
87.474644,84,929.716487
87.704534,84,930.162661
88.006728,84,930.604735
84.700115,84,931.02946
88.763051,84,931.477942
84.940168,84,931.865045
87.014367,84,932.275424
87.026872,84,932.698509
86.458837,84,933.0993
86.883982,84,933.491494
87.232239,84,933.881464
85.34336,84,934.265429
87.210396,84,934.697571
87.794842,84,935.094907
88.386664,84,935.53265
86.818489,84,935.903217
87.13535,84,936.26396
87.178118,84,936.629558
87.318622,84,937.008755
88.857536,84,937.408707
87.933059,84,937.795398
86.583904,84,938.180471
87.213073,84,938.581713
86.657553,84,938.957426
87.426153,84,939.358491
86.864857,84,939.764689
87.532676,84,940.147653
85.87617,84,940.518882
86.454586,84,940.92475
87.418612,84,941.322478
85.566272,84,941.738974
84.176627,84,942.137411
86.33239,84,942.526836
88.483242,84,942.940904
87.635282,84,943.322381
84.953539,84,943.760083
86.719673,84,944.149247
86.862857,84,944.530579
87.159422,84,944.896502
86.492103,84,945.316442
87.509317,84,945.696832
87.57563,84,946.116519
83.387152,84,946.506749
87.46766,84,946.886315
88.158451,84,947.264108
87.449163,84,947.675426
88.001942,84,948.105319
86.541953,84,948.509172
87.535536,84,948.905391
86.852628,84,949.292635
87.868697,84,949.675604
87.659433,84,950.055871
87.015461,84,950.428507
87.364695,84,950.828813
86.613759,84,951.231805
87.193078,84,951.61372
87.577691,84,951.999791
88.065874,84,952.431514
87.066381,84,952.857197
86.471416,84,953.283022
87.657388,84,953.67801
85.898087,84,954.0659
87.836315,84,954.44176
81.356197,84,954.822587
85.07143,84,955.207872
83.604262,84,955.583381
87.875931,84,955.95233
88.086176,84,956.340892
80.697699,84,956.710306
78.711333,84,957.117186
83.929768,84,957.528956
87.402626,84,957.909971
86.844621,84,958.310815
86.708864,84,958.697132
87.801476,84,959.103279
87.541719,84,959.47651
88.080167,84,959.847881
87.860077,84,960.222231
87.044545,84,960.598769
86.292282,84,960.983931
87.004091,84,961.390803
88.483095,84,961.827314
86.950712,84,962.230493
86.969895,84,962.59211
85.016249,84,963.001039
86.859817,84,963.433503
85.552127,84,963.859075
86.771113,84,964.280325
86.455563,84,964.659493
85.376696,84,965.034288
84.881024,84,965.412223
86.755838,84,965.798767
86.740694,84,966.211235
86.554021,84,966.61497
87.59404,84,966.997015
86.447315,84,967.377214
86.29823,84,967.789701
88.133871,84,968.19411
88.593231,84,968.627411
86.676484,84,969.068007
87.099908,84,969.500186
88.129,84,969.897361
88.285197,84,970.265349
87.756041,84,970.683825
84.44849,84,971.063319
86.355833,84,971.43409
86.361151,84,971.833712
86.703409,84,972.233926
82.793632,84,972.606448
87.715659,84,972.984117
85.061833,84,973.373348
85.65075,84,973.788314
87.080387,84,974.209917
85.236706,84,974.602718
88.72346,84,975.001648
86.782238,84,975.406444
87.13221,84,975.835232
84.928005,84,976.255548
87.838626,84,976.65359
87.030407,84,977.029459
85.882745,84,977.443739
84.930297,84,977.836347
86.967488,84,978.223313
86.901271,84,978.638021
87.495272,84,979.046602
87.432579,84,979.454101
88.989316,84,979.875132
86.621824,84,980.267183
87.747272,84,980.632788
87.349367,84,981.020406
87.160549,84,981.415539
85.511286,84,981.838371
86.533226,84,982.248777
87.920595,84,982.677392
81.542729,84,983.091248
87.362474,84,983.485109
85.780876,84,983.914121
85.41833,84,984.393706
88.290541,84,984.820244
87.495361,84,985.213416
87.627384,84,985.590464
86.994634,84,986.031279
88.151976,84,986.47087
87.050943,84,986.8728
88.77122,84,987.252713
87.168663,84,987.654023
86.774962,84,988.026334
84.457133,84,988.431749
87.980196,84,988.839424
87.202433,84,989.273887
87.177803,84,989.747046
86.13973,84,990.269029
86.86763,84,990.720428
86.957768,84,991.230393
86.216722,84,991.702593
86.665144,84,992.156885
86.975411,84,992.576646
86.806244,84,993.052428
86.153323,84,993.524184
87.098342,84,993.999973
86.430467,84,994.488838
86.455123,84,995.005629
85.685871,84,995.488423
88.244884,84,995.904324
86.117665,84,996.357964
87.716572,84,996.760686
86.853126,84,997.213725
79.829252,84,997.687802
88.520175,84,998.178252
83.959861,84,998.687375
86.951837,84,999.142838
86.504606,84,999.628189
86.958783,84,1000.088879
86.779173,84,1000.555649
87.312714,84,1001.069444
86.484109,84,1001.599649
87.599588,84,1002.093362
87.356305,84,1002.560283
82.553033,84,1002.993715
87.015414,84,1003.383358
87.140099,84,1003.845583
86.516221,84,1004.282365
85.19903,84,1004.683228
86.847205,84,1005.268133
87.368344,84,1005.740531
86.75666,84,1006.249775
86.823101,84,1006.706644
82.940212,84,1007.160976
88.033359,84,1007.569962
88.143357,84,1007.987544
86.814232,84,1008.473351
87.489809,84,1008.898545
86.073378,84,1009.310814
87.333917,84,1009.795483
87.629464,84,1010.315761
88.095581,84,1010.77545
87.380268,84,1011.276915
87.663272,84,1011.74136
87.392393,84,1012.171608
87.179829,84,1012.563899
86.669886,84,1013.003196
80.875223,84,1013.39185
86.543218,84,1013.770622
86.904929,84,1014.207975
87.086201,84,1014.672636
88.23224,84,1015.06976
87.625113,84,1015.449684
88.496258,84,1015.867795
87.346268,84,1016.347551
87.451542,84,1016.751148
84.249379,84,1017.184744
87.183943,84,1017.671786
87.036451,84,1018.091772
87.475724,84,1018.540025
87.684759,84,1018.969439
87.373605,84,1019.380436
88.038142,84,1019.784113
86.809297,84,1020.269822
85.368454,84,1020.734593
88.6585,84,1021.202128
88.045427,84,1021.693219
87.054084,84,1022.114736
87.978374,84,1022.489253
87.07174,84,1022.897863
87.795796,84,1023.306057
87.83924,84,1023.681018
86.908584,84,1024.044915
84.313602,84,1024.444234
87.679883,84,1024.851394
86.914393,84,1025.284116
86.684342,84,1025.76461
86.90834,84,1026.17857
88.611812,84,1026.576197
84.113137,84,1026.968343
87.365987,84,1027.449525
86.206325,84,1027.930421
85.62009,84,1028.364909
86.802831,84,1028.803979
87.73293,84,1029.234348
87.043864,84,1029.738432
87.731976,84,1030.237115
86.824174,84,1030.69893
87.918472,84,1031.14162
88.052032,84,1031.649255
88.367732,84,1032.112651
86.828658,84,1032.551091
87.517681,84,1032.983101
87.358391,84,1033.43904
87.250589,84,1033.850515
83.226217,84,1034.276994
87.208903,84,1034.718968
88.517858,84,1035.202932
88.471353,84,1035.614285
88.251781,84,1036.098517
86.629957,84,1036.5533
87.150357,84,1036.94246
86.17035,84,1037.339919
87.504658,84,1037.734564
86.292793,84,1038.124471
87.289932,84,1038.540394
88.008871,84,1038.991969
85.250232,84,1039.474816
88.51211,84,1039.931504
86.899282,84,1040.362311
85.127343,84,1040.773676
87.018307,84,1041.172942
88.391028,84,1041.650617
80.3571,84,1042.110932
88.456514,84,1042.571891
86.920217,84,1042.996841
88.649987,84,1043.472247
86.936964,84,1043.8959
88.230513,84,1044.276244
87.2097,84,1044.677822
88.547095,84,1045.082266
87.11538,84,1045.552047
87.419725,84,1046.001257
87.492063,84,1046.396832
82.123797,84,1046.774229
87.646256,84,1047.16003
87.266474,84,1047.546456
88.158243,84,1047.963144
88.090327,84,1048.343732
87.523975,84,1048.827655
86.809853,84,1049.36437
88.472378,84,1049.911344
89.13776,84,1050.351723
87.244963,84,1050.834187
86.54085,84,1051.277447
86.389414,84,1051.688818
84.146136,84,1052.100753
86.977558,84,1052.56715
86.977964,84,1053.047404
88.858456,84,1053.439195
87.781623,84,1053.822144
87.049962,84,1054.205178
87.008122,84,1054.633115
86.715965,84,1055.001622
87.064257,84,1055.402935
88.65786,84,1055.79782
87.008571,84,1056.201629
88.518488,84,1056.596012
87.21295,84,1057.036561
80.979025,84,1057.456559
87.148563,84,1057.849374
87.943849,84,1058.283066
86.331258,84,1058.648874
86.858836,84,1059.034577
86.168849,84,1059.409153
86.82815,84,1059.822372
86.825201,84,1060.221049
86.905493,84,1060.67714
87.533759,84,1061.061817
86.493403,84,1061.483573
79.370619,84,1061.900418
87.13893,84,1062.303485
79.95273,84,1062.714014
87.39969,84,1063.122998
87.143104,84,1063.537481
81.935087,84,1063.929953
88.327989,84,1064.323264
86.843209,84,1064.714631
86.763265,84,1065.168942
82.322471,84,1065.620908
86.818656,84,1066.146633
83.831497,84,1066.688132
88.278529,84,1067.135872
88.229986,84,1067.607616
80.428615,84,1068.149608
88.099497,84,1068.581965
88.384952,84,1068.973903
79.695162,84,1069.365353
86.968328,84,1069.788363
87.654923,84,1070.199225
88.275149,84,1070.792067
85.087747,84,1071.300471
87.460267,84,1071.694616
86.879655,84,1072.20244
87.686088,84,1072.689327
87.792226,84,1073.1432
85.754405,84,1073.575973
86.934736,84,1074.134221
88.671913,84,1074.704076
87.417975,84,1075.266397
87.291389,84,1075.775958
87.224506,84,1076.230207
86.633059,84,1076.631419
87.390212,84,1077.092941
84.550772,84,1077.53603
85.981321,84,1078.044576
87.424291,84,1078.48576
83.513783,84,1078.92231
86.915035,84,1079.346147
87.418133,84,1079.798232
83.536606,84,1080.248431
87.605764,84,1080.738157
86.903407,84,1081.251307
88.735618,84,1081.789386
88.229384,84,1082.211404
86.902208,84,1082.626162
82.908938,84,1083.098284
83.832293,84,1083.626285
87.455574,84,1084.148358
85.954966,84,1084.623708
87.348207,84,1085.093504
79.842339,84,1085.537186
88.210647,84,1085.99488
87.006985,84,1086.42816
86.894237,84,1086.893307
87.934335,84,1087.34185
87.580252,84,1087.802077
87.271229,84,1088.289257
87.05447,84,1088.726089
87.093398,84,1089.145173
86.774511,84,1089.711542
87.126904,84,1090.196451
83.887641,84,1090.691257
80.165813,84,1091.139118
86.018878,84,1091.571724
87.164975,84,1091.957456
85.283127,84,1092.386793
86.7037,84,1092.806343
88.373755,84,1093.193206
87.641904,84,1093.582115
86.920262,84,1094.018507
86.634442,84,1094.439625
87.343773,84,1094.900666
85.056133,84,1095.430714
86.927331,84,1095.9514
86.651768,84,1096.461528
86.958937,84,1096.987172
88.030974,84,1097.495513
84.11511,84,1097.921881
87.408423,84,1098.404976
80.93075,84,1098.872376
87.649078,84,1099.339361
86.752337,84,1099.813084
86.673395,84,1100.273045
84.313146,84,1100.73551
88.762576,84,1101.20845
89.084859,84,1101.735145
86.61002,84,1102.14813
86.947747,84,1102.595153
87.939657,84,1103.095432
86.57006,84,1103.56954
84.686123,84,1104.054991
87.652186,84,1104.552056
88.263976,84,1105.056677
86.031438,84,1105.550232
85.706091,84,1105.998307
88.422948,84,1106.417486
87.560464,84,1106.80812
86.946134,84,1107.223622
85.883923,84,1107.722242
88.246094,84,1108.272454
87.617307,84,1108.764281
85.705927,84,1109.203401
88.018645,84,1109.678517
88.01845,84,1110.199859
85.853812,84,1110.743479
87.53398,84,1111.271891
87.379811,84,1111.738716
86.892579,84,1112.151635
86.777925,84,1112.644578
87.553442,84,1113.053838
87.033178,84,1113.443536
87.155393,84,1113.894997
87.725248,84,1114.329288
83.739082,84,1114.843108
87.810527,84,1115.36788
88.808393,84,1115.937837
87.001485,84,1116.443668
86.264026,84,1116.981431
88.434115,84,1117.523822
87.539313,84,1117.96176
86.197513,84,1118.362984
86.381522,84,1118.753169
87.470826,84,1119.154596
87.359518,84,1119.591349
86.698098,84,1119.976658
86.603728,84,1120.35509
86.115027,84,1120.73236
86.120109,84,1121.2997
84.912651,84,1121.852401
86.788022,84,1122.332596
88.777834,84,1122.768691
87.01552,84,1123.166676
87.855572,84,1123.552318
87.441618,84,1124.002588
87.175254,84,1124.450351
87.054111,84,1124.910264
87.335887,84,1125.32081
85.190894,84,1125.771627
85.62846,84,1126.256614
87.831817,84,1126.72643
87.197215,84,1127.161546
86.433308,84,1127.628545
85.229199,84,1128.053579
86.476184,84,1128.479692
85.464022,84,1128.869968
86.518452,84,1129.254957
86.556655,84,1129.645345
85.714721,84,1130.048988
87.222642,84,1130.421288
88.264397,84,1130.850922
88.495675,84,1131.30098
86.203958,84,1131.725826
81.504981,84,1132.134775
84.130221,84,1132.563839
86.939555,84,1132.98289
83.085366,84,1133.355664
87.275252,84,1133.748264
87.437038,84,1134.155188
87.004105,84,1134.538822
86.935504,84,1134.933563
87.739109,84,1135.384772
86.392638,84,1135.81675
87.494696,84,1136.222202
84.412725,84,1136.630434
86.91162,84,1137.064645
87.084297,84,1137.445174
88.255486,84,1137.839424
86.624717,84,1138.275728
88.359463,84,1138.675619
84.567836,84,1139.075066
88.08933,84,1139.467818
87.616851,84,1139.916954
87.035323,84,1140.375865
85.633041,84,1140.819287
87.572524,84,1141.263374
80.970054,84,1141.72727
84.450345,84,1142.152347
86.361247,84,1142.571781
88.897918,84,1143.031802
85.946224,84,1143.508042
88.289516,84,1143.918837
87.41362,84,1144.365324
79.699507,84,1144.755182
87.546869,84,1145.123662
87.825876,84,1145.525912
87.889038,84,1145.975304
87.740358,84,1146.413173
87.441079,84,1146.807619
88.084426,84,1147.230311
88.333889,84,1147.626943
87.502464,84,1148.004941
88.711386,84,1148.399711
87.141559,84,1148.824085
76.814578,84,1149.235737
88.354633,84,1149.630661
88.655432,84,1150.045915
86.65045,84,1150.474634
88.32361,84,1150.892068
88.700615,84,1151.271088
87.233345,84,1151.648159
88.852249,84,1152.087948
87.842966,84,1152.490496
87.412273,84,1152.881995
87.999785,84,1153.347061
85.958227,84,1153.789215
86.093369,84,1154.208761
87.172332,84,1154.594658
89.427569,84,1154.985184
87.503122,84,1155.380765
87.431299,84,1155.771107
87.241288,84,1156.195908
81.626313,84,1156.639282
87.002373,84,1157.134262
87.193507,84,1157.606108
84.796747,84,1158.078052
87.547673,84,1158.49914
86.402965,84,1158.899626
85.999351,84,1159.311363
86.651108,84,1159.691924
87.177494,84,1160.120551
86.977575,84,1160.570807
87.198955,84,1161.005437
87.627424,84,1161.419949
87.553326,84,1161.808224
87.482987,84,1162.219339
86.79043,84,1162.642342
87.551076,84,1163.037938
86.926749,84,1163.420473
89.050822,84,1163.781
81.113944,84,1164.137811
87.667639,84,1164.509036
86.866362,84,1164.89353
87.801131,84,1165.279903
87.018394,84,1165.697673
89.001535,84,1166.117232
87.261189,84,1166.520177
87.945959,84,1166.908152
87.957959,84,1167.365473
88.80376,84,1167.824551
87.944963,84,1168.250283
87.60851,84,1168.723958
86.501501,84,1169.133238
88.293856,84,1169.610295
87.908394,84,1170.07724
86.697153,84,1170.511284
84.357055,84,1170.928764
88.492949,84,1171.394061
88.726955,84,1171.889442
87.158942,84,1172.301759
87.84808,84,1172.697183
86.854419,84,1173.117904
88.177612,84,1173.585206
88.375623,84,1173.970503
88.768778,84,1174.394873
86.414949,84,1174.795617
87.170793,84,1175.177102
87.323896,84,1175.55512
86.054254,84,1175.952253
86.925057,84,1176.37194
87.421537,84,1176.790235
87.637929,84,1177.231716
87.05459,84,1177.660075
88.820948,84,1178.17551
86.863727,84,1178.678891
86.471126,84,1179.17319
87.302114,84,1179.62725
87.329443,84,1180.045967
87.155928,84,1180.516179
86.846723,84,1180.955436
87.888811,84,1181.370827
88.47402,84,1181.839276
86.409993,84,1182.262753
84.565315,84,1182.669424
87.471707,84,1183.05706
87.114687,84,1183.47727
86.553997,84,1183.871956
87.138798,84,1184.280418
86.433522,84,1184.68821
86.955685,84,1185.212389
86.861945,84,1185.637131
87.170185,84,1186.192439
87.335305,84,1186.683658
87.382876,84,1187.128299
88.453367,84,1187.6529
87.224152,84,1188.152519
86.874975,84,1188.6
86.904878,84,1189.065942
87.230271,84,1189.633144
86.582348,84,1190.072296
87.026943,84,1190.530441
88.976783,84,1190.923532
87.774488,84,1191.322049
87.243328,84,1191.695574
84.295897,84,1192.101016
87.090297,84,1192.534467
87.826604,84,1192.917123
87.448578,84,1193.307745
87.194185,84,1193.713208
87.081916,84,1194.143168
87.761143,84,1194.604465
88.118863,84,1194.995099
88.552956,84,1195.411909
87.823239,84,1195.790437
87.25856,84,1196.176475
89.216276,84,1196.55219
86.590623,84,1196.942359
86.799476,84,1197.349438
87.355507,84,1197.754285
87.646658,84,1198.199098
88.470555,84,1198.647392
86.082731,84,1199.151118
87.89538,84,1199.564238
88.52967,84,1200.10568
86.9372,84,1200.660581
87.789569,84,1201.136672
88.569591,84,1201.555115
87.653204,84,1201.963919
86.589628,84,1202.345712
88.545046,84,1202.844676
87.923178,84,1203.370374
83.455244,84,1203.850505
88.486066,84,1204.317271
88.242745,84,1204.729574
87.111976,84,1205.104466
85.287194,84,1205.521989
87.226256,84,1205.924673
86.557951,84,1206.29717
88.359473,84,1206.671665
85.817429,84,1207.074839
88.034993,84,1207.475084
88.189069,84,1207.885547
87.285931,84,1208.301389
83.576174,84,1208.686547
87.530314,84,1209.071225
87.932976,84,1209.467671
87.532017,84,1209.884477
86.882352,84,1210.267689
87.221569,84,1210.653897
86.582053,84,1211.067781
87.718317,84,1211.481385
87.534226,84,1211.881082
87.00438,84,1212.314852
82.355853,84,1212.707461
83.513911,84,1213.089675
87.387169,84,1213.48604
87.447186,84,1213.895324
75.771687,84,1214.264541
85.622009,84,1214.667621
88.168247,84,1215.060917
86.900267,84,1215.49553
87.561028,84,1215.88377
87.885613,84,1216.296661
87.40083,84,1216.687425
86.76564,84,1217.106939
88.270144,84,1217.498534
87.119384,84,1217.877616
87.941549,84,1218.273053
87.082245,84,1218.649688
87.290309,84,1219.01066
87.023047,84,1219.396353
88.065374,84,1219.797689
87.325516,84,1220.193642
87.359129,84,1220.552267
87.337913,84,1220.950369
87.530446,84,1221.384691
87.397885,84,1221.872023
86.533932,84,1222.260817
87.897679,84,1222.654324
88.190678,84,1223.025863
85.110627,84,1223.391648
83.363794,84,1223.812132
87.30411,84,1224.192127
87.336547,84,1224.570483
87.239967,84,1224.989467
85.511366,84,1225.388681
86.831295,84,1225.77144
87.499289,84,1226.175536
88.722899,84,1226.558872
82.409394,84,1226.917614
87.382815,84,1227.294702
88.276899,84,1227.676215
87.098291,84,1228.081556
85.16027,84,1228.46767
88.209605,84,1228.861511
86.730603,84,1229.262328
82.689302,84,1229.646633
86.877846,84,1230.032892
87.984627,84,1230.472578
88.406125,84,1230.877774
88.528111,84,1231.32796
88.57746,84,1231.703428
88.049429,84,1232.096186
87.897318,84,1232.523172
87.011654,84,1232.93826
86.955127,84,1233.354736
87.265289,84,1233.7567
87.304474,84,1234.172567
85.986503,84,1234.572637
87.958682,84,1234.991933
87.108277,84,1235.40624
88.512466,84,1235.798811
87.241486,84,1236.1694
87.958961,84,1236.563996
87.442566,84,1236.942522
84.668244,84,1237.319475
86.94644,84,1237.705913
86.98881,84,1238.119382
86.849986,84,1238.504849
86.590235,84,1238.902519
87.678616,84,1239.369105
87.138128,84,1239.83457
87.623784,84,1240.367875
87.668977,84,1240.805861
87.904749,84,1241.234975
87.393243,84,1241.694076
86.390486,84,1242.192583
88.754983,84,1242.653368
87.489088,84,1243.086338
87.045053,84,1243.521161
87.662099,84,1243.928584
87.308437,84,1244.323966
88.830302,84,1244.730553
88.727967,84,1245.104653
88.023927,84,1245.526891
87.729383,84,1246.087603
87.718113,84,1246.562706
87.687626,84,1246.971987
87.245906,84,1247.366652
88.980374,84,1247.813451
83.936291,84,1248.235151
87.664808,84,1248.7537
87.484775,84,1249.196069
86.921511,84,1249.65178
86.913979,84,1250.060182
87.571269,84,1250.477932
86.610536,84,1250.87207
87.478879,84,1251.282227
88.601589,84,1251.698186
88.000229,84,1252.110731
88.508126,84,1252.556855
84.65771,84,1252.94419
87.081426,84,1253.379885
85.262318,84,1253.817718
86.91151,84,1254.306603
86.909115,84,1254.733464
86.435787,84,1255.209895
86.90342,84,1255.799644
86.554842,84,1256.273274
88.331003,84,1256.819037
87.674589,84,1257.324666
88.134629,84,1257.863159
87.076814,84,1258.295846
88.114446,84,1258.704649
87.397855,84,1259.092733
87.874017,84,1259.477813
88.379558,84,1259.878237
86.953751,84,1260.272499
88.062486,84,1260.676858
87.594794,84,1261.104102
86.665637,84,1261.560219
87.080365,84,1261.988045
87.311523,84,1262.446458
87.338686,84,1262.936853
86.58391,84,1263.353412
88.450361,84,1263.739027
87.872735,84,1264.266468
87.276204,84,1264.724002
89.081686,84,1265.283015
87.766514,84,1265.771818
87.694366,84,1266.183001
87.575936,84,1266.59637
87.096111,84,1267.026332
88.42236,84,1267.455119
86.566668,84,1267.836055
87.713566,84,1268.196808
86.897227,84,1268.580234
86.013014,84,1268.961181
85.643631,84,1269.343045
87.576258,84,1269.732152
87.4907,84,1270.13344
87.89386,84,1270.50721
87.941623,84,1270.916885
87.459996,84,1271.350808
84.840702,84,1271.770129
87.029732,84,1272.164835
84.995359,84,1272.56576
86.959614,84,1272.979345
86.718945,84,1273.387213
86.927392,84,1273.781359
87.526887,84,1274.186334
86.250645,84,1274.566463
88.259785,84,1274.946112
89.021047,84,1275.34468
86.963368,84,1275.82119
86.53774,84,1276.239395
87.879839,84,1276.631855
86.839959,84,1277.052605
87.1844,84,1277.453245
89.004338,84,1277.845922
86.930783,84,1278.244867
86.506241,84,1278.616152
86.737797,84,1278.998959
87.297852,84,1279.390862
86.314128,84,1279.78354
87.459782,84,1280.191681
86.987507,84,1280.593125
89.116414,84,1280.989176
85.31428,84,1281.411517
88.609256,84,1281.916996
87.986446,84,1282.374414
87.023546,84,1282.899135
88.266669,84,1283.325182
87.146479,84,1283.768234
87.443294,84,1284.20802
86.956828,84,1284.654471
87.707187,84,1285.151967
88.204057,84,1285.616126
88.446292,84,1286.096263
86.99327,84,1286.586119
86.0558,84,1287.052762
82.529747,84,1287.483456
86.803248,84,1287.918066
86.626007,84,1288.335968
87.903911,84,1288.718091
87.481823,84,1289.142628
88.270385,84,1289.621968
88.393604,84,1290.02508
86.936861,84,1290.411233
88.151784,84,1290.796772
87.007044,84,1291.241925
87.063489,84,1291.634043
86.832227,84,1292.023895
86.837797,84,1292.439087
87.861415,84,1292.87155
86.857514,84,1293.283214
88.107736,84,1293.746463
87.904188,84,1294.198336
86.319007,84,1294.631106
87.221181,84,1295.031232
86.607474,84,1295.478393
87.517344,84,1295.861835
86.683245,84,1296.244791
86.580253,84,1296.681746
87.228694,84,1297.172241
86.942773,84,1297.671649
87.497265,84,1298.170342
87.978432,84,1298.626328
87.560151,84,1299.006471
86.845697,84,1299.401279
86.486976,84,1299.919133
87.785573,84,1300.38202
87.287298,84,1300.810405
88.184171,84,1301.256409
86.865295,84,1301.723025
88.809628,84,1302.143457
86.868239,84,1302.553663
87.476953,84,1303.080624
86.104462,84,1303.596627
87.768739,84,1304.106615
87.043702,84,1304.576108
88.066718,84,1305.071071
87.608405,84,1305.579182
87.336447,84,1306.031503
88.414761,84,1306.457471
87.066318,84,1306.850268
86.885199,84,1307.323899
86.993265,84,1307.766167
87.371171,84,1308.259441
87.153301,84,1308.793755
86.752114,84,1309.20673
86.984012,84,1309.611756
86.486035,84,1310.018602
88.648733,84,1310.468452
86.685922,84,1310.82951
87.53334,84,1311.212735
87.232643,84,1311.642175
86.736532,84,1312.100472
86.897287,84,1312.506529
87.011727,84,1312.887114
87.119189,84,1313.283592
87.229144,84,1313.700545
87.350624,84,1314.099709
85.940237,84,1314.50982
87.982044,84,1314.909645
87.182834,84,1315.303269
86.728773,84,1315.702636
88.030518,84,1316.103686
86.778026,84,1316.523209
88.1767,84,1316.898677
87.267378,84,1317.312065
87.850086,84,1317.702365
87.690635,84,1318.105003
87.675206,84,1318.537181
87.983761,84,1318.932685
87.421324,84,1319.309282
86.453453,84,1319.685284
88.501994,84,1320.113376
86.830268,84,1320.508215
86.990306,84,1320.921118
87.067187,84,1321.395681
87.500188,84,1321.794859
86.150146,84,1322.17956
87.757192,84,1322.56695
87.55144,84,1322.947162
87.131201,84,1323.314023
86.989087,84,1323.695253
89.091675,84,1324.112354
86.775977,84,1324.505869
87.501418,84,1324.876932
87.604181,84,1325.302508
88.391872,84,1325.707178
86.013175,84,1326.101603
86.91706,84,1326.476647
86.754476,84,1326.868492
87.8646,84,1327.293589
87.612437,84,1327.759446
88.413583,84,1328.257154
87.742506,84,1328.691905
87.570288,84,1329.232444
82.079576,84,1329.723597
86.956516,84,1330.10578
87.418988,84,1330.487661
87.512498,84,1330.903536
87.674515,84,1331.32214
87.140641,84,1331.724441
87.38481,84,1332.121862
87.48609,84,1332.513969
88.090835,84,1332.912385
88.394562,84,1333.297041
80.135549,84,1333.69563
88.414389,84,1334.13995
87.380086,84,1334.577785
87.742957,84,1334.989425
87.605114,84,1335.474789
86.693655,84,1335.900323
87.40197,84,1336.364769
86.696638,84,1336.73882
88.60121,84,1337.091862
84.185833,84,1337.489531
86.838894,84,1337.848533
86.815072,84,1338.209671
88.285513,84,1338.59417
82.044103,84,1339.009621
86.731954,84,1339.386114
89.048526,84,1339.777463
87.766578,84,1340.17139
87.067678,84,1340.563146
86.881595,84,1340.927693
87.395466,84,1341.28877
87.278136,84,1341.680807
87.402316,84,1342.064504
87.190342,84,1342.4366
87.127723,84,1342.821753
87.9075,84,1343.233321
87.507593,84,1343.63573
87.010874,84,1344.033036
87.175023,84,1344.44328
86.913274,84,1344.841145
82.944518,84,1345.271864
88.520652,84,1345.674643
87.450571,84,1346.081914
87.462779,84,1346.482354
86.667772,84,1346.857842
87.437742,84,1347.253792
87.196805,84,1347.627607
86.934182,84,1348.030588
86.86688,84,1348.435264
87.383155,84,1348.817769
88.600038,84,1349.183296
87.333283,84,1349.573687
85.695289,84,1349.980125
87.565034,84,1350.392696
86.926215,84,1350.796235
87.348002,84,1351.227612
85.912176,84,1351.615688
87.634534,84,1351.983722
87.836805,84,1352.384757
87.598877,84,1352.784286
86.747345,84,1353.160059
88.544681,84,1353.542532
86.03088,84,1353.92227
86.984012,84,1354.325403
87.392037,84,1354.733651
88.409907,84,1355.117042
86.990999,84,1355.535002
87.534146,84,1355.914711
87.243779,84,1356.298886
88.18708,84,1356.717054
86.019652,84,1357.127272
88.530395,84,1357.527305
87.620643,84,1357.921932
88.133579,84,1358.304571
83.838974,84,1358.689016
88.644736,84,1359.048716
86.48172,84,1359.422428
86.952825,84,1359.870931
85.314258,84,1360.277286
87.29283,84,1360.663781
86.642925,84,1361.069112
86.987846,84,1361.514305
87.528322,84,1361.900732
86.748538,84,1362.293444
86.472994,84,1362.674109
87.301829,84,1363.050029
87.870948,84,1363.409498
88.357641,84,1363.771277
86.617539,84,1364.155248
88.087505,84,1364.551144
87.997809,84,1364.979197
87.412453,84,1365.373735
88.345879,84,1365.831029
87.025837,84,1366.266295
87.606382,84,1366.650778
87.309601,84,1367.047585
88.138525,84,1367.440917
87.616903,84,1367.838703
86.956836,84,1368.244923
86.530173,84,1368.63774
87.42688,84,1369.056195
87.884448,84,1369.444778
88.373861,84,1369.836943
88.072339,84,1370.255393
87.734487,84,1370.6726
88.560923,84,1371.08714
87.956025,84,1371.479269
88.314225,84,1371.914954
87.210579,84,1372.332797
88.087377,84,1372.711052
88.38928,84,1373.080595
88.136837,84,1373.475176
87.266006,84,1373.875201
87.814034,84,1374.261188
88.158189,84,1374.625422
86.943961,84,1375.076673
87.370404,84,1375.495274
85.477794,84,1375.899844
87.616749,84,1376.283484
86.87008,84,1376.702599
82.656497,84,1377.111989
88.008247,84,1377.55271
87.438703,84,1378.002621
88.148833,84,1378.457528
87.779919,84,1378.88787
87.506378,84,1379.267736
88.042212,84,1379.694472
87.4459,84,1380.088017
88.32256,84,1380.468065
87.079309,84,1380.863845
87.884758,84,1381.276169
87.451039,84,1381.661809
87.955166,84,1382.047687
87.006587,84,1382.507412
84.540325,84,1382.906385
87.720431,84,1383.281005
87.137132,84,1383.659258
87.85731,84,1384.091729
87.947552,84,1384.475534
87.994196,84,1384.848993
87.610669,84,1385.21506
87.928395,84,1385.609172
87.303452,84,1385.979565
86.942364,84,1386.381203
83.257984,84,1386.796209
87.170851,84,1387.171126
86.875789,84,1387.539186
87.74903,84,1387.91808
87.865841,84,1388.327747
87.972624,84,1388.738166
87.283013,84,1389.12155
86.751259,84,1389.545027
84.726007,84,1389.938023
88.061467,84,1390.31724
87.360543,84,1390.693777
87.346291,84,1391.101949
87.279256,84,1391.506789
87.270674,84,1391.897659
87.763341,84,1392.302751
86.90365,84,1392.709206
88.76692,84,1393.150435
86.994505,84,1393.63092
87.272714,84,1394.005573
86.844951,84,1394.397583
87.592263,84,1394.773399
87.04372,84,1395.175494
87.091057,84,1395.553078
88.234661,84,1395.947008
87.298856,84,1396.363572
86.458929,84,1396.776872
84.075846,84,1397.147527
86.955975,84,1397.601535
87.292352,84,1398.014219
87.255443,84,1398.399379
87.275432,84,1398.775173
84.976994,84,1399.156322
82.786594,84,1399.52656
87.387113,84,1399.894938
86.77511,84,1400.252266
87.266542,84,1400.647912
86.667158,84,1401.026281
87.420507,84,1401.41477
87.525464,84,1401.817404
88.941789,84,1402.222677
87.763944,84,1402.622009
87.372371,84,1402.98929
87.526035,84,1403.389615
83.124621,84,1403.811241
88.541925,84,1404.197946
86.418,84,1404.577579
87.219118,84,1404.952617
87.733011,84,1405.325038
88.519921,84,1405.689138
86.92068,84,1406.065875
86.987547,84,1406.494522
87.233081,84,1406.905101
86.306272,84,1407.287426
86.068545,84,1407.670609
88.272283,84,1408.064407
87.86412,84,1408.476739
87.38254,84,1408.877004
85.241928,84,1409.273398
87.173702,84,1409.663262
85.927805,84,1410.040929
87.495982,84,1410.454295
87.154708,84,1410.856094
87.135874,84,1411.289289
87.469171,84,1411.68738
87.311159,84,1412.09054
87.889744,84,1412.495435
86.829112,84,1412.892375
87.504082,84,1413.307058
86.858599,84,1413.697717
88.349052,84,1414.110039
87.24951,84,1414.587797
86.543201,84,1414.969966
87.60399,84,1415.391264
86.978109,84,1415.855145
87.369579,84,1416.233861
87.576604,84,1416.608275
83.866429,84,1416.964664
80.942316,84,1417.366911
87.265655,84,1417.76756
86.698853,84,1418.168424
87.19746,84,1418.540301
86.67045,84,1418.942077
86.82364,84,1419.363769
86.965595,84,1419.780095
87.146679,84,1420.201262
85.035432,84,1420.56518
87.399562,84,1420.925264
87.310555,84,1421.28432
88.054035,84,1421.675182
87.011822,84,1422.04545
87.425998,84,1422.415891
86.625416,84,1422.777013
83.654903,84,1423.169842
87.874085,84,1423.581756
88.056289,84,1423.948725
87.176016,84,1424.341164
86.998099,84,1424.769447
86.802987,84,1425.173304
87.740382,84,1425.55636
87.316585,84,1425.952199
87.406768,84,1426.361721
87.098382,84,1426.730662
87.706466,84,1427.106434
81.057849,84,1427.507495
86.655993,84,1427.919251
86.934553,84,1428.302446
86.792028,84,1428.721362
86.966512,84,1429.134741
87.376438,84,1429.542443
87.181538,84,1429.948564
87.305896,84,1430.34155
86.889339,84,1430.713524
85.640017,84,1431.070739
87.313226,84,1431.464849
86.630844,84,1431.851561
87.637612,84,1432.265393
87.479668,84,1432.672983
86.461644,84,1433.074832
86.939685,84,1433.516853
87.29509,84,1433.909329
87.975441,84,1434.290434
87.908426,84,1434.687337
86.871189,84,1435.085743
88.321113,84,1435.495535
86.982081,84,1435.915047
88.020734,84,1436.283739
87.598445,84,1436.659284
85.782114,84,1437.046321
85.230503,84,1437.422349
87.661,84,1437.832372
87.125585,84,1438.297612
84.793187,84,1438.699352
87.71958,84,1439.086565
87.124664,84,1439.452531
86.708893,84,1439.881339
87.097448,84,1440.274499
86.070758,84,1440.648267
87.877308,84,1441.059569
87.064854,84,1441.490764
87.985595,84,1441.874395
86.972115,84,1442.290878
85.983428,84,1442.724813
87.156032,84,1443.13091
87.672862,84,1443.522148
83.568963,84,1443.918254
86.783677,84,1444.304149
87.400874,84,1444.686106
88.011848,84,1445.075274
87.496868,84,1445.479774
86.624803,84,1445.876543
87.437488,84,1446.292444
87.008108,84,1446.762074
88.167051,84,1447.182998
87.192804,84,1447.550832
86.917831,84,1447.911883
87.192374,84,1448.318677
87.998934,84,1448.706328
87.808342,84,1449.083535
87.130781,84,1449.49846
85.615902,84,1449.885385
87.252791,84,1450.272956
86.710444,84,1450.663533
86.920948,84,1451.075358
87.585843,84,1451.48661
86.921175,84,1451.861059
87.639982,84,1452.258565
86.40926,84,1452.627221
86.703116,84,1453.000491
87.173367,84,1453.413955
87.033079,84,1453.847192
87.061866,84,1454.219848
87.341567,84,1454.591213
87.432284,84,1454.976264
88.740853,84,1455.356768
87.383192,84,1455.782992
87.251441,84,1456.221669
87.44632,84,1456.651979
86.806323,84,1457.070353
86.599847,84,1457.469763
86.621855,84,1457.894062
87.205954,84,1458.281055
87.68567,84,1458.654846
87.092014,84,1459.069025
85.97745,84,1459.470936
86.59143,84,1459.866973
86.652526,84,1460.282246
87.155294,84,1460.703495
86.680576,84,1461.088929
86.924281,84,1461.473795
87.245841,84,1461.872729
87.328016,84,1462.263428
87.182011,84,1462.647879
86.935524,84,1463.022283
87.79983,84,1463.424218
89.283005,84,1463.842776
86.813842,84,1464.269607
86.902353,84,1464.696106
87.623555,84,1465.087538
87.162407,84,1465.461689
87.072307,84,1465.889764
87.586828,84,1466.284067
88.198479,84,1466.679609
86.713557,84,1467.054971
87.193752,84,1467.475668
86.018539,84,1467.928419
86.829805,84,1468.404806
87.351771,84,1468.795744
85.307924,84,1469.246675
85.868874,84,1469.677933
87.925938,84,1470.114566
87.671803,84,1470.517914
87.228094,84,1470.918182
86.870824,84,1471.361743
88.019049,84,1471.760865
87.055646,84,1472.166321
86.701017,84,1472.576904
86.866738,84,1472.974182
86.964232,84,1473.385912
83.970786,84,1473.84792
88.118877,84,1474.27036
87.198752,84,1474.701042
86.715347,84,1475.100469
86.65264,84,1475.497283
87.034835,84,1475.899672
88.375677,84,1476.304919
87.772435,84,1476.725261
87.762509,84,1477.098265
87.346395,84,1477.538266
87.141474,84,1477.9619
87.293576,84,1478.473749
86.704527,84,1478.907124
86.01066,84,1479.300801
87.200783,84,1480.000057
87.08298,84,1480.676247
87.994517,84,1481.147218
87.051628,84,1481.548365
86.600803,84,1481.943264
87.78082,84,1482.363778
88.648263,84,1482.780169
86.760901,84,1483.223055
87.257057,84,1483.655261
88.297218,84,1484.131333
87.388041,84,1484.543111
86.975539,84,1484.981984
87.844457,84,1485.396096
86.617319,84,1485.843328
87.422024,84,1486.255294
81.365333,84,1486.637792
86.762859,84,1487.10283
87.325937,84,1487.629794
87.79032,84,1488.051315
86.473661,84,1488.51226
88.178446,84,1488.922173
88.22013,84,1489.357732
86.40391,84,1489.823019
87.068889,84,1490.248527
87.289607,84,1490.710592
86.389184,84,1491.152486
86.464268,84,1491.723876
87.240213,84,1492.194689
86.743186,84,1492.705158
87.416576,84,1493.194913
86.605742,84,1493.604196
87.438779,84,1494.04335
87.057659,84,1494.495473
88.01511,84,1494.888638
87.320738,84,1495.337774
87.486296,84,1495.816424
88.387443,84,1496.199196
87.057086,84,1496.601573
87.825204,84,1497.084447
87.939948,84,1497.511522
86.837879,84,1497.893359
85.819464,84,1498.52223
87.155022,84,1499.13722
86.790578,84,1499.932938
87.039676,84,1500.78449
88.062511,84,1501.348953
87.566814,84,1501.871583
87.621229,84,1502.302168
87.410077,84,1502.785624
87.759538,84,1503.171666
86.461832,84,1503.604696
87.140561,84,1504.085763
86.909426,84,1504.481781
87.096784,84,1504.907372
87.152129,84,1505.396498
88.729264,84,1506.005048
87.116443,84,1506.640039
87.126839,84,1507.092589
88.454464,84,1507.47669
88.455868,84,1507.887513
87.908595,84,1508.360531
81.717565,84,1508.744209
88.060091,84,1509.180396
88.044999,84,1509.609272
87.200804,84,1510.027481
87.853488,84,1510.523102
87.462943,84,1511.090053
87.098621,84,1511.519197
87.204177,84,1511.957752
87.771336,84,1512.487034
87.416221,84,1512.871333
87.501969,84,1513.281485
86.655944,84,1513.80929
87.483116,84,1514.191207
87.563277,84,1514.604475
86.920117,84,1515.174791
87.167465,84,1515.593051
86.954369,84,1516.076763
87.14849,84,1516.637098
86.931666,84,1517.048588
87.297025,84,1517.474092
87.475342,84,1518.068743
87.485912,84,1518.477852
87.419943,84,1518.931104
88.194317,84,1519.417145
87.48814,84,1519.882259
86.756565,84,1520.334552
87.63916,84,1520.815734
87.841945,84,1521.43523
88.309553,84,1522.029821
87.692406,84,1522.720351
86.622792,84,1523.342062
86.925147,84,1523.923352
88.083637,84,1524.330565
85.490497,84,1524.745306
87.109364,84,1525.157604
88.26862,84,1525.603379
86.988451,84,1526.083019
88.322489,84,1526.497585
86.921596,84,1526.942554
86.557033,84,1527.396846
85.413692,84,1527.793326
87.177674,84,1528.208568
87.008064,84,1528.647258
86.575006,84,1529.061802
87.014223,84,1529.497179
87.318805,84,1529.963907
86.834612,84,1530.369185
87.751859,84,1530.794965
87.289802,84,1531.322381
88.099616,84,1531.788619
86.827508,84,1532.214321
87.03524,84,1532.697289
85.855454,84,1533.088741
86.723582,84,1533.507071
87.307881,84,1533.942769
87.503291,84,1534.501519
87.157695,84,1534.853306
87.428639,84,1535.302877
86.945002,84,1535.830883
87.838511,84,1536.255033
87.609288,84,1536.739442
86.333988,84,1537.122583
88.547183,84,1537.513673
87.894642,84,1537.906018
87.942109,84,1538.312399
87.959667,84,1538.698396
87.157798,84,1539.105182
85.310623,84,1539.673278
86.537587,84,1540.09163
87.443262,84,1540.531395
87.587362,84,1540.978613
87.784256,84,1541.454464
86.873441,84,1541.9357
87.645408,84,1542.383488
86.963333,84,1542.800714
86.530212,84,1543.198946
87.525961,84,1543.645591
87.033679,84,1544.026824
88.215193,84,1544.492819
87.124423,84,1545.108984
86.860997,84,1545.615749
87.895471,84,1546.20621
86.776724,84,1546.65378
86.785947,84,1547.136579
87.441116,84,1547.656947
86.685864,84,1548.07198
84.392244,84,1548.50769
87.205341,84,1549.112724
86.525416,84,1549.704334
86.767814,84,1550.291724
87.247334,84,1550.746907
86.929945,84,1551.170382
87.310868,84,1551.652048
84.055433,84,1552.184751
87.263187,84,1552.682519
87.150431,84,1553.213961
85.903122,84,1553.652495
85.11151,84,1554.086361
87.607321,84,1554.545364
86.997942,84,1554.980714
87.037345,84,1555.386695
86.840809,84,1555.884348
87.190479,84,1556.377997
87.622905,84,1556.791402
87.088446,84,1557.421554
83.780307,84,1557.900648
87.694355,84,1558.467361
86.906275,84,1559.024122
87.512323,84,1559.560446
86.837937,84,1560.01176
86.806451,84,1560.430454
86.909896,84,1560.830854
86.725831,84,1561.329756
86.056823,84,1561.758486
88.089004,84,1562.173395
87.855884,84,1562.576826
88.084609,84,1563.009006
87.788267,84,1563.452775
86.755404,84,1563.895764
88.091171,84,1564.407612
87.960741,84,1564.869936
87.745344,84,1565.332805
86.853,84,1565.854165
86.854726,84,1566.35472
87.019033,84,1566.782122
87.030532,84,1567.205147
87.184596,84,1567.665072
87.535495,84,1568.116332
88.318892,84,1568.52717
87.261999,84,1568.918348
87.797371,84,1569.34795
87.974174,84,1569.807103
86.837954,84,1570.216201
88.264504,84,1570.635616
87.577421,84,1571.156016
87.209339,84,1571.59383
86.967136,84,1572.050618
87.330547,84,1572.477055
86.777241,84,1572.892637
87.627377,84,1573.305044
87.372193,84,1573.805677
87.001377,84,1574.273664
89.044603,84,1574.696537
86.476416,84,1575.240624
86.819585,84,1575.846724
87.866428,84,1576.627906
86.822144,84,1577.064948
87.572072,84,1577.537107
87.335941,84,1578.120626
88.276013,84,1578.586881
87.411238,84,1579.108783
87.357998,84,1579.616899
87.48542,84,1580.024489
88.00083,84,1580.564886
88.302384,84,1581.183966
87.177772,84,1581.632984
87.836435,84,1582.049383
88.346338,84,1582.496612
87.804693,84,1582.887785
86.98692,84,1583.463762
87.497515,84,1583.983675
88.401474,84,1584.566479
87.162916,84,1585.071992
88.854065,84,1585.518696
88.791279,84,1586.087249
87.954245,84,1586.609775
86.744627,84,1587.242001
87.588289,84,1587.861699
87.459281,84,1588.364342
88.232157,84,1588.80156
86.832413,84,1589.321097
88.183907,84,1589.759989
87.106662,84,1590.209115
88.238659,84,1590.658355
87.915358,84,1591.133229
87.807395,84,1591.573097
87.213707,84,1592.012767
87.054296,84,1592.461413
84.978704,84,1593.169897
87.720578,84,1593.76949
87.651442,84,1594.273577
86.885794,84,1594.824442
83.214804,84,1595.417745
87.767326,84,1595.880809
87.379675,84,1596.338692
88.068444,84,1597.04929
86.995641,84,1597.51869
86.649781,84,1597.922668
87.467635,84,1598.380952
87.554309,84,1598.881927
86.922131,84,1599.306184
87.368256,84,1599.865896
88.775074,84,1600.45558
87.347767,84,1600.916622
86.531716,84,1601.351655
87.391857,84,1601.87997
87.001586,84,1602.274036
87.609309,84,1602.668689
87.250926,84,1603.087409
88.024293,84,1603.498174
89.002289,84,1603.894313
87.053625,84,1604.329455
85.572869,84,1604.80734
88.658456,84,1605.520087
87.486399,84,1606.164199
87.359991,84,1606.767117
86.768389,84,1607.201021
88.333615,84,1607.77891
87.749763,84,1608.307233
87.272648,84,1609.031074
87.431729,84,1609.640366
88.305201,84,1610.073536
87.479453,84,1610.491592
86.83225,84,1611.001144
87.191898,84,1611.456561
87.265622,84,1611.95191
86.672334,84,1612.371042
86.94021,84,1612.873803
87.052148,84,1613.289343
83.376777,84,1613.681993
86.955532,84,1614.118064
87.330976,84,1614.609456
87.627185,84,1615.125271
87.26905,84,1615.621761
87.057957,84,1616.095993
87.878874,84,1616.518515
87.783493,84,1617.063386
87.803139,84,1617.561983
86.751391,84,1617.963155
87.323288,84,1618.436331
86.660894,84,1618.827661
86.861104,84,1619.301358
84.670171,84,1619.80135
85.928131,84,1620.326483
86.827626,84,1620.735885
87.520555,84,1621.207296
88.541255,84,1621.663204
86.890317,84,1622.071481
86.523798,84,1622.509714
87.347279,84,1622.939368
88.104643,84,1623.34426
87.101116,84,1623.763116
86.804671,84,1624.364634
86.840961,84,1624.962233
87.298004,84,1625.696187
87.176562,84,1626.274336
86.596746,84,1627.135112
87.008793,84,1627.555997
87.905534,84,1628.078733
86.829064,84,1628.489833
86.996865,84,1628.945319
87.120827,84,1629.392052
87.063044,84,1629.87586
88.617445,84,1630.364953
86.607139,84,1630.784648
86.40915,84,1631.404904
87.443739,84,1631.935931
88.3951,84,1632.373957
87.74376,84,1632.749335
86.364501,84,1633.253111
87.651198,84,1633.722918
87.064049,84,1634.185579
87.034039,84,1634.599491
87.541564,84,1635.094085
88.316849,84,1635.544016
87.824369,84,1635.952219
87.143862,84,1636.43616
87.853572,84,1637.038219
87.277068,84,1637.705719
87.340655,84,1638.26844
87.776914,84,1638.681302
87.960698,84,1639.172617
86.04238,84,1639.649959
87.757758,84,1640.094213
87.587946,84,1640.620124
86.846357,84,1641.051286
86.237456,84,1641.472277
86.606558,84,1641.947337
81.422537,84,1642.434618
88.017305,84,1642.916363
87.03031,84,1643.326412
84.046962,84,1643.782586
87.339623,84,1644.24045
87.84462,84,1644.63674
86.997423,84,1645.072439
88.4192,84,1645.68459
87.522165,84,1646.205615
87.987306,84,1646.792032
86.757867,84,1647.355556
86.870493,84,1647.874277
88.130333,84,1648.310418
87.379643,84,1648.772224
87.253639,84,1649.223567
88.034552,84,1649.659224
87.302705,84,1650.095969
88.446238,84,1650.538861
86.567508,84,1650.977826
88.016887,84,1651.495605
86.847327,84,1652.001731
87.470073,84,1652.506813
86.388741,84,1652.910032
88.245779,84,1653.337932
86.940992,84,1653.779732
87.932258,84,1654.209702
88.973524,84,1654.639184
80.061152,84,1655.054721
87.051349,84,1655.555028
86.825522,84,1656.276403
86.690698,84,1656.877388
86.880457,84,1657.359875
85.968808,84,1658.003411
88.231443,84,1658.630413
88.023842,84,1659.009207
87.069092,84,1659.524162
88.116817,84,1659.99781
77.964315,84,1660.428191
87.474179,84,1660.894738
80.110051,84,1661.326537
87.486549,84,1661.868786
87.318045,84,1662.393334
86.752542,84,1662.813579
88.217809,84,1663.215615
88.072469,84,1663.660261
86.978374,84,1664.130289
86.765239,84,1664.537409
87.641614,84,1664.988194
87.540971,84,1665.422773
86.986148,84,1665.893562
86.951793,84,1666.400538
87.535999,84,1666.893103
88.600338,84,1667.429839
87.408937,84,1667.885829
86.947163,84,1668.398822
87.47832,84,1668.913715
86.880837,84,1669.342676
87.701199,84,1669.878951
87.787881,84,1670.389953
87.08479,84,1670.777965
86.774624,84,1671.334135
88.071389,84,1671.892645
87.873087,84,1672.384996
86.905561,84,1672.866987
87.633734,84,1673.318351
86.744652,84,1673.787575
88.049081,84,1674.195415
87.145123,84,1674.59842
86.830666,84,1675.251571
85.954966,84,1675.904777
87.637318,84,1676.392984
83.319833,84,1677.132564
87.080959,84,1677.643142
85.961801,84,1678.122579
85.259425,84,1678.682908
86.601006,84,1679.186112
87.231569,84,1679.605085
87.147675,84,1680.076175
86.769206,84,1680.500179
87.701262,84,1680.930181
87.351808,84,1681.530429
87.045694,84,1681.998882
88.739712,84,1682.440017
87.135428,84,1682.943236
87.123474,84,1683.353228
86.883494,84,1683.755201
78.927773,84,1684.241809
84.906792,84,1684.702626
87.648997,84,1685.11687
87.603758,84,1685.609519
87.438378,84,1686.030611
87.819837,84,1686.512902
85.532704,84,1686.952685
88.08887,84,1687.375987
86.774434,84,1687.786065
86.799184,84,1688.381459
88.075291,84,1688.926414
88.574862,84,1689.4721
87.396734,84,1689.929252
86.991975,84,1690.333077
87.836995,84,1690.930809
87.355361,84,1691.367069
87.417424,84,1691.874667
86.277311,84,1692.430114
87.036093,84,1692.990774
87.07953,84,1693.438121
87.172439,84,1693.921745
86.761859,84,1694.327966
87.507185,84,1694.72064
86.871726,84,1695.206815
89.320901,84,1695.618829
87.792941,84,1696.067171
87.569352,84,1696.720006
86.969657,84,1697.460565
87.128197,84,1698.129962
87.623165,84,1698.538222
88.448255,84,1699.033782
87.707804,84,1699.501065
83.643934,84,1699.965063
86.95552,84,1700.409627
84.132117,84,1700.91521
87.153204,84,1701.337199
85.0287,84,1701.782022
85.814867,84,1702.444545
86.991214,84,1703.035791
88.359815,84,1703.614993
87.04993,84,1704.063221
86.379348,84,1704.580957
88.775407,84,1705.006091
87.956269,84,1705.486582
87.403536,84,1706.194077
87.358651,84,1706.609137
87.868462,84,1707.091853
86.754412,84,1707.628049
87.21167,84,1708.088835
87.927981,84,1708.664994
87.017713,84,1709.127106
82.756213,84,1709.569149
83.291439,84,1710.157254
88.154688,84,1710.729945
86.261971,84,1711.294118
88.100335,84,1711.756265
83.943082,84,1712.226573
87.525281,84,1712.848723
87.735828,84,1713.495753
85.959266,84,1714.023408
88.005285,84,1714.594693
85.96666,84,1715.153139
85.895025,84,1715.590474
88.261468,84,1716.021223
87.332588,84,1716.456111
86.702825,84,1717.000675
88.391793,84,1717.469607
88.042622,84,1718.085206
88.428806,84,1718.528451
86.790543,84,1718.929343
88.184106,84,1719.438161
86.723708,84,1719.836823
87.732582,84,1720.218953
87.098336,84,1720.665393
87.017549,84,1721.337998
87.248929,84,1721.846776
87.844054,84,1722.364805
86.84506,84,1722.806309
86.989444,84,1723.271327
87.993804,84,1723.830801
87.241057,84,1724.317595
87.257515,84,1724.724156
88.237724,84,1725.156664
87.887896,84,1725.699631
87.666866,84,1726.125242
86.864886,84,1726.594116
86.239989,84,1727.025396
87.197684,84,1727.572095
87.015536,84,1728.215635
86.988999,84,1728.768572
85.956572,84,1729.253454
87.116032,84,1729.646121
86.445558,84,1730.087984
85.653114,84,1730.525876
86.595572,84,1730.950024
89.013234,84,1731.389642
86.328235,84,1731.86363
87.353853,84,1732.363679
87.145485,84,1732.758935
87.64052,84,1733.208064
86.988079,84,1733.635678
88.240024,84,1734.065517
87.425619,84,1734.504234
87.407559,84,1734.938402
86.350847,84,1735.340902
88.119297,84,1735.858802
87.150839,84,1736.347449
87.294263,84,1736.744479
87.172435,84,1737.190963
87.840893,84,1737.869703
87.362417,84,1738.312211
86.940172,84,1738.911219
87.442967,84,1739.386456
87.107153,84,1739.809311
87.560148,84,1740.279614
87.473465,84,1740.675304
88.332559,84,1741.047656
87.930045,84,1741.528205
86.837185,84,1741.957258
86.138101,84,1742.339782
86.969309,84,1742.743557
86.99649,84,1743.189811
87.296292,84,1743.77687
87.448751,84,1744.264475
87.230038,84,1745.027715
87.005226,84,1745.463854
87.465031,84,1745.954125
87.921982,84,1746.51444
87.171071,84,1747.017519
87.513608,84,1747.587754
86.864249,84,1748.107634
87.31229,84,1748.727585
87.273187,84,1749.299465
87.632997,84,1749.768993
87.340431,84,1750.227027
87.407671,84,1750.726906
86.562116,84,1751.236365
87.405382,84,1751.749792
86.622826,84,1752.646342
86.613489,84,1753.377961
87.248886,84,1753.829969
86.646023,84,1754.22172
87.118569,84,1754.675474
87.911272,84,1755.088555
88.505895,84,1755.537769
86.886537,84,1756.038499
88.481176,84,1756.86037
87.183973,84,1757.542775
86.830028,84,1758.31536
87.029782,84,1758.780174
86.667668,84,1759.231052
87.881762,84,1759.628182
87.228243,84,1760.027389
86.840894,84,1760.631463
87.467746,84,1761.108652
87.148072,84,1761.570043
87.595695,84,1762.009288
86.754362,84,1762.572608
87.171814,84,1763.118344
87.241744,84,1763.556699
88.061179,84,1764.045449
87.257624,84,1764.540582
87.271984,84,1765.077601
87.317522,84,1765.613354
87.267287,84,1766.215302
83.315336,84,1766.688484
87.855648,84,1767.245647
87.187261,84,1767.722398
88.020825,84,1768.226922
87.289637,84,1768.70143
87.293952,84,1769.129049
87.313667,84,1769.560956
86.897077,84,1769.997066
86.725737,84,1770.437961
86.987105,84,1770.871014
87.113534,84,1771.32086
87.03451,84,1771.864375
87.03678,84,1772.393058
87.369155,84,1772.844644
87.284787,84,1773.310825
86.875598,84,1773.75387
87.158282,84,1774.20458
85.319161,84,1774.77078
87.443933,84,1775.249115
87.52017,84,1775.774513
87.409535,84,1776.338778
88.20447,84,1777.026827
86.863966,84,1777.774555
87.128638,84,1778.58827
87.153979,84,1779.233996
86.562355,84,1779.894799
87.81826,84,1780.462284
86.922548,84,1781.00169
86.892099,84,1781.678099
86.955689,84,1782.381743
87.996689,84,1782.956618
87.973556,84,1783.587557
87.139583,84,1784.141156
87.015402,84,1784.711402
87.232849,84,1785.219561
87.178377,84,1785.757059
87.726278,84,1786.410052
88.123948,84,1786.947142
87.071894,84,1787.658719
86.839882,84,1788.30588
88.224652,84,1788.907803
86.888956,84,1789.494947
86.71491,84,1790.083427
86.901871,84,1790.60564
85.747722,84,1791.203175
86.991653,84,1791.793034
87.106931,84,1792.325794
87.724334,84,1792.835087
87.45007,84,1793.375301
86.425183,84,1793.941814
85.622803,84,1794.513706
88.03959,84,1795.088181
87.150509,84,1795.546278
86.479393,84,1795.972692
86.778458,84,1796.426018
86.987699,84,1796.878021
87.386443,84,1797.306075
87.184316,84,1797.857301
86.707273,84,1798.316693
86.911712,84,1798.768734
87.099332,84,1799.291038
87.853602,84,1799.834896
85.771213,84,1800.370192
87.448428,84,1800.953728
87.397911,84,1801.518728
86.753114,84,1802.032779
87.786602,84,1802.636312
87.807592,84,1803.216895
86.793821,84,1803.766064
87.198436,84,1804.307071
88.063872,84,1804.826249
86.915062,84,1805.464922
87.391172,84,1806.009461
87.166034,84,1806.595535
86.932163,84,1807.202991
87.64941,84,1807.722782
87.562722,84,1808.314115
86.773151,84,1808.930382
87.060642,84,1809.577899
86.687609,84,1810.114062
87.570842,84,1810.67096
86.816042,84,1811.191445
88.008157,84,1811.628978
87.881712,84,1812.250891
86.649993,84,1812.82666
85.789457,84,1813.441177
88.580931,84,1814.092155
86.893673,84,1814.713297
87.431439,84,1815.305406
87.199853,84,1815.934199
86.908455,84,1816.543309
88.113409,84,1817.06836
87.750079,84,1817.71332
87.677938,84,1818.361395
86.885039,84,1818.889964
86.468236,84,1819.359229
87.425584,84,1819.85987
87.349139,84,1820.408409
86.983922,84,1820.897353
85.930172,84,1821.413145
87.798304,84,1822.058223
86.899777,84,1822.54451
87.099981,84,1823.077788
86.781553,84,1823.615426
87.033575,84,1824.11643
87.654639,84,1824.596795
87.015258,84,1825.042306
87.409772,84,1825.523014
88.06415,84,1826.004424
85.807285,84,1826.435328
87.34035,84,1826.854471
87.002343,84,1827.338179
86.89875,84,1827.799513
88.035358,84,1828.227808
88.214889,84,1828.701878
87.940471,84,1829.221607
86.807285,84,1829.700776
86.724542,84,1830.20966
86.882261,84,1830.745874
88.269243,84,1831.340209
87.607432,84,1831.947022
86.394636,84,1832.523455
87.044683,84,1833.084852
87.200317,84,1833.667521
87.978012,84,1834.223139
88.13526,84,1834.808519
87.336148,84,1835.373431
87.131956,84,1835.984753
87.271626,84,1836.548542
87.067616,84,1837.136282
87.122231,84,1837.673442
87.559023,84,1838.209632
86.623899,84,1838.770303
87.937645,84,1839.33618
87.692317,84,1839.800879
87.47986,84,1840.350759
87.343607,84,1840.927631
86.778577,84,1841.426956
87.161528,84,1842.032326
86.823382,84,1842.63098
87.168958,84,1843.132332
87.438674,84,1843.680874
86.495069,84,1844.150684
86.576462,84,1844.637448
87.359001,84,1845.201027
88.505674,84,1845.786883
87.48147,84,1846.365044
87.060604,84,1846.947209
86.847598,84,1847.407945
88.253598,84,1847.899875
83.714869,84,1848.430298
86.304441,84,1849.006635
86.797067,84,1849.539008
86.855405,84,1850.053613
86.564142,84,1850.523578
85.312471,84,1851.043478
87.099679,84,1851.504302
85.969057,84,1852.000222
87.046081,84,1852.526407
87.056052,84,1853.058924
84.517695,84,1853.61027
87.391868,84,1854.167244
87.252375,84,1854.736378
86.790685,84,1855.234208
87.17917,84,1855.761607
87.893845,84,1856.198426
87.52646,84,1856.748398
87.789628,84,1857.245028
87.657334,84,1857.724791
87.317622,84,1858.202495
86.814627,84,1858.64682
86.749752,84,1859.186814
86.867154,84,1859.700427
87.229769,84,1860.155561
87.27431,84,1860.621119
87.794714,84,1861.089358
87.174212,84,1861.58237
87.034389,84,1862.116213
87.482337,84,1862.612525
86.878107,84,1863.067104
87.00238,84,1863.646603
87.259001,84,1864.164803
81.823158,84,1864.604194
87.39656,84,1865.064934
86.721716,84,1865.568803
87.131067,84,1866.051494
87.941253,84,1866.525714
87.481211,84,1866.989176
86.865068,84,1867.494294
87.420522,84,1868.020567
85.090504,84,1868.525937
87.073757,84,1868.977895
85.839353,84,1869.488283
87.449887,84,1870.021126
88.145647,84,1870.49463
87.23203,84,1871.026654
86.739524,84,1871.485166
85.747107,84,1871.99237
87.026566,84,1872.538657
87.02783,84,1873.043659
87.163178,84,1873.497861
87.801946,84,1874.037158
88.500266,84,1874.562077
86.922616,84,1875.102104
86.959439,84,1875.604836
87.116617,84,1876.079001
87.700823,84,1876.63404
88.421923,84,1877.209018
87.017779,84,1877.762237
86.769542,84,1878.290038
86.904528,84,1878.815796
84.856741,84,1879.291734
87.535674,84,1879.790647
87.491336,84,1880.388296
87.183801,84,1880.939702
88.384216,84,1881.477262
87.059961,84,1882.021579
87.293583,84,1882.537161
88.202516,84,1883.039665
87.847479,84,1883.56484
86.360421,84,1884.071036
88.158039,84,1884.555883
87.047901,84,1885.169404
86.457028,84,1885.703597
87.803899,84,1886.2643
87.496046,84,1886.864716
87.774085,84,1887.415153
87.013802,84,1887.955665
86.79499,84,1888.52469
87.262344,84,1889.020401
87.093623,84,1889.545827
86.86587,84,1890.100905
86.915974,84,1890.739164
86.92293,84,1891.31491
87.240792,84,1891.884226
87.649742,84,1892.533644
87.780421,84,1893.17293
87.243349,84,1893.78844
87.949241,84,1894.338243
86.463003,84,1894.901885
87.627671,84,1895.501587
87.158421,84,1896.054132
87.396639,84,1896.544636
88.532341,84,1897.01441
84.56773,84,1897.546561
87.25327,84,1898.056343
87.789136,84,1898.60201
87.609414,84,1899.129198
87.576841,84,1899.635837
87.763337,84,1900.174543
87.667076,84,1900.70608
88.001439,84,1901.27005
87.726058,84,1901.926884
88.32822,84,1902.567525
87.62403,84,1903.250127
87.12797,84,1903.97712
88.02534,84,1904.558126
87.568685,84,1905.185377
86.633361,84,1905.724734
86.592386,84,1906.361858
87.179919,84,1906.922923
87.208,84,1907.408335
87.375071,84,1907.959886
86.048073,84,1908.53778
88.371028,84,1909.074516
87.185753,84,1909.666833
86.821118,84,1910.144055
86.820942,84,1910.57314
87.892056,84,1911.079701
85.811184,84,1911.566133
86.596186,84,1912.075405
86.804736,84,1912.609136
86.494292,84,1913.06215
86.656369,84,1913.567435
87.124285,84,1914.124162
86.443332,84,1914.649639
87.608281,84,1915.211359
87.442002,84,1915.734679
86.425162,84,1916.217329
88.397199,84,1916.771482
86.904175,84,1917.300727
87.061729,84,1917.78255
84.51353,84,1918.295209
88.619667,84,1918.838233
87.303553,84,1919.359146
87.779317,84,1919.898061
88.320859,84,1920.368855
87.700347,84,1920.846229
86.728736,84,1921.350461
87.153244,84,1921.811548
87.079539,84,1922.297951
86.804567,84,1922.892575
86.462923,84,1923.415308
87.053754,84,1923.997463
87.644513,84,1924.556024
87.030097,84,1925.065284
86.970772,84,1925.612247
88.241941,84,1926.069915
87.461341,84,1926.556184
87.533281,84,1927.077822
88.361502,84,1927.61248
87.224809,84,1928.206145
87.511681,84,1928.721455
88.158194,84,1929.191263
87.239267,84,1929.699279
88.101904,84,1930.194274
84.326552,84,1930.643209
86.777287,84,1931.168609
87.713917,84,1931.658335
86.495878,84,1932.179654
86.665528,84,1932.728387
88.094716,84,1933.291614
87.015184,84,1933.864028
86.211945,84,1934.350913
86.780887,84,1934.860402
85.109573,84,1935.379276
87.764492,84,1935.908258
86.9805,84,1936.44032
87.710464,84,1936.997221
87.870174,84,1937.569085
86.861494,84,1938.151537
87.581141,84,1938.76231
87.623587,84,1939.309941
87.16657,84,1939.862881
88.156975,84,1940.471161
87.875723,84,1941.029766
87.277114,84,1941.60923
86.798922,84,1942.104512
86.917261,84,1942.657804
86.706448,84,1943.200095
87.070739,84,1943.743452
87.099328,84,1944.287888
86.535297,84,1944.779556
86.81663,84,1945.314464
86.386802,84,1945.920279
86.679078,84,1946.421717
88.06174,84,1946.965449
87.372564,84,1947.522974
88.208579,84,1948.068398
82.845041,84,1948.691468
88.742245,84,1949.292893
87.775025,84,1949.937012
87.018178,84,1950.577566
86.976317,84,1951.1942
87.835754,84,1951.852688
88.175565,84,1952.486909
86.713589,84,1953.07973
87.353103,84,1953.695509
87.785521,84,1954.263113
86.951772,84,1954.97342
87.112872,84,1955.569539
87.151091,84,1956.160151
86.085893,84,1956.79439
86.917242,84,1957.392858
86.58809,84,1957.966799
87.031467,84,1958.560074
86.703923,84,1959.174276
86.898556,84,1959.796607
87.450794,84,1960.425907
86.797861,84,1960.987907
86.79181,84,1961.576732
86.979455,84,1962.128323
88.379652,84,1962.654708
86.84486,84,1963.226322
86.893964,84,1963.757236
87.38444,84,1964.337499
86.020744,84,1964.856356
87.395124,84,1965.396582
86.9313,84,1965.956996
87.815809,84,1966.489518
88.034975,84,1966.983037
88.107456,84,1967.543598
86.949643,84,1968.082169
87.140931,84,1968.647064
88.353027,84,1969.23831
86.124927,84,1969.812615
86.708091,84,1970.360707
87.213326,84,1970.946797
88.106554,84,1971.559466
87.50757,84,1972.117724
87.065169,84,1972.618658
86.572035,84,1973.185583
79.781915,84,1973.758426
86.937691,84,1974.256733
87.498679,84,1974.832684
86.719397,84,1975.408603
86.811467,84,1975.975848
87.49624,84,1976.516838
87.147201,84,1977.043599
87.322533,84,1977.632187
87.55783,84,1978.218654
86.861969,84,1978.710141
88.269111,84,1979.277878
85.623773,84,1979.89048
87.03997,84,1980.455881
85.779298,84,1981.019147
87.07029,84,1981.566902
88.438736,84,1982.212306
87.391955,84,1982.797681
87.148205,84,1983.29444
87.080073,84,1983.816135
86.788439,84,1984.267277
86.698567,84,1984.716964
87.852111,84,1985.231694
87.323181,84,1985.767153
86.978194,84,1986.280792
87.12049,84,1986.844529
86.933631,84,1987.408573
87.961517,84,1987.887746
86.474421,84,1988.385428
88.322782,84,1988.847627
87.048634,84,1989.386585
86.984973,84,1989.931775
88.199807,84,1990.408587
86.608272,84,1990.861207
87.886661,84,1991.463223
87.441066,84,1992.026023
87.289695,84,1992.585906
88.189411,84,1993.154534
87.321493,84,1993.649711
87.29221,84,1994.124847
86.454111,84,1994.666635
86.38782,84,1995.219884
87.37683,84,1995.776023
87.298837,84,1996.354646
86.767041,84,1996.840372
88.117706,84,1997.393258
88.369468,84,1997.95152
87.545475,84,1998.466131
86.889559,84,1999.007499
87.707516,84,1999.481028
87.104696,84,2000.03642
87.111888,84,2000.633491
87.17368,84,2001.184923
87.623092,84,2001.73135
86.682994,84,2002.294828
87.143962,84,2002.846697
87.384449,84,2003.472285
87.252812,84,2004.009897
87.056915,84,2004.517249
87.327122,84,2005.166269
87.54817,84,2005.84081
87.862015,84,2006.426888
87.858593,84,2006.978941
87.06955,84,2007.511997
87.361108,84,2008.005782
87.980053,84,2008.559449
86.816473,84,2009.156033
87.23427,84,2009.743621
87.758662,84,2010.33809
88.043878,84,2010.883229
87.032584,84,2011.425399
86.679785,84,2011.966415
86.914891,84,2012.486501
87.073335,84,2012.995143
87.174192,84,2013.555929
85.970931,84,2014.091876
84.281425,84,2014.692109
86.974786,84,2015.218656
85.184291,84,2015.666572
87.544047,84,2016.161951
86.135721,84,2016.714749
88.180533,84,2017.223118
88.090805,84,2017.708981
86.389573,84,2018.192818
87.084586,84,2018.708539
87.348345,84,2019.218473
86.928695,84,2019.708409
86.325919,84,2020.179757
87.341795,84,2020.741732
87.025234,84,2021.348442
87.668968,84,2022.0759
87.468246,84,2022.753089
88.490611,84,2023.36505
86.823252,84,2023.999119
88.921944,84,2024.650853
87.0467,84,2025.256193
86.959938,84,2025.793145
87.139027,84,2026.302472
86.531292,84,2026.833723
87.054187,84,2027.361037
87.779464,84,2027.908796
88.116326,84,2028.459182
85.001912,84,2028.918249
86.550495,84,2029.423791
87.09947,84,2029.99202
88.104597,84,2030.53888
86.903603,84,2031.040563
86.710238,84,2031.571572
86.728867,84,2032.065873
86.95285,84,2032.643249
88.521361,84,2033.163616
87.063769,84,2033.6976
87.321594,84,2034.199883
86.641455,84,2034.72572
82.592997,84,2035.243817
87.247693,84,2035.789151
86.171791,84,2036.285436
88.223115,84,2036.811528
86.374785,84,2037.393756
86.95355,84,2037.969211
87.038886,84,2038.480231
87.17042,84,2038.944166
88.057817,84,2039.495515
87.381329,84,2039.978963
87.158717,84,2040.415376
87.650777,84,2040.915245
86.587559,84,2041.403214
87.128371,84,2041.971793
87.694387,84,2042.520247
87.862291,84,2042.99846
73.143715,84,2043.458597
88.540355,84,2043.97136
87.795515,84,2044.422971
86.868949,84,2044.911083
86.564691,84,2045.430084
87.00451,84,2045.891365
87.461418,84,2046.513457
85.917051,84,2047.026751
87.273256,84,2047.545078
86.464117,84,2048.067677
86.828901,84,2048.575476
87.017207,84,2049.054422
83.941781,84,2049.615361
87.322446,84,2050.087737
86.456247,84,2050.582039
88.591656,84,2051.095451
86.742662,84,2051.571759
87.929253,84,2052.075946
87.382912,84,2052.66177
86.980731,84,2053.15376
87.155063,84,2053.729889
86.78464,84,2054.29247
87.493463,84,2054.803298
87.419835,84,2055.358315
87.055628,84,2055.925208
85.868981,84,2056.401947
87.827468,84,2056.879412
87.919018,84,2057.432698
86.806741,84,2057.922988
86.679082,84,2058.435535
87.38719,84,2058.946958
88.165821,84,2059.493735
87.262855,84,2060.067315
86.665952,84,2060.584076
87.214719,84,2061.061646
88.013721,84,2061.56835
88.220355,84,2062.023349
87.198093,84,2062.511328
87.748015,84,2063.052125
86.804521,84,2063.55399
86.970989,84,2064.066673
87.749795,84,2064.616789
87.031147,84,2065.172995
87.019863,84,2065.709456
87.733584,84,2066.248266
86.915639,84,2066.782132
86.744247,84,2067.285295
86.661788,84,2067.86686
87.035699,84,2068.4586
87.684466,84,2069.015377
87.459983,84,2069.546643
87.485729,84,2070.036417
86.9248,84,2070.556733
88.176472,84,2071.065995
86.9701,84,2071.624429
87.286534,84,2072.168482
87.374667,84,2072.707709
87.595835,84,2073.21086
87.790486,84,2073.786081
83.112054,84,2074.288575
87.372275,84,2074.91847
88.245609,84,2075.515667
88.327839,84,2076.07527
87.845782,84,2076.695563
87.113297,84,2077.266111
87.60998,84,2077.862346
86.699456,84,2078.496591
88.26772,84,2079.060984
87.157559,84,2079.642779
87.572346,84,2080.201391
86.981767,84,2080.746734
86.961363,84,2081.308943
87.630269,84,2081.823619
87.236911,84,2082.402106
87.211022,84,2082.971847
86.899922,84,2083.511388
87.291086,84,2084.066588
87.990041,84,2084.588863
87.611153,84,2085.127709
87.449682,84,2085.704638
87.303134,84,2086.22116
86.59438,84,2086.797896
87.303364,84,2087.353065
86.529956,84,2087.914078
86.76415,84,2088.46361
87.054813,84,2088.989045
87.289309,84,2089.587201
86.817557,84,2090.201794
86.800924,84,2090.737679
87.307876,84,2091.307187
86.967933,84,2091.874888
86.859696,84,2092.472427
88.312289,84,2092.98371
87.870146,84,2093.503904
87.62194,84,2094.052469
87.60663,84,2094.627601
86.888063,84,2095.171251
87.278258,84,2095.725554
87.36671,84,2096.327711
86.901638,84,2096.905774
86.485738,84,2097.469891
87.593514,84,2098.018345
86.724124,84,2098.587854
85.862224,84,2099.117003
87.374298,84,2099.690959
87.280549,84,2100.23815
87.243761,84,2100.815819
87.112384,84,2101.398021
87.048226,84,2101.966598
87.052961,84,2102.493305
87.4239,84,2103.047507
87.15473,84,2103.618853
87.10411,84,2104.163954
86.840964,84,2104.674236
87.046262,84,2105.320303
86.598118,84,2105.895809
86.610938,84,2106.409746
87.645622,84,2106.944164
86.936036,84,2107.44704
87.076985,84,2107.963999
87.794337,84,2108.4925
87.068444,84,2108.94119
86.169003,84,2109.39579
87.931034,84,2109.957069
87.013074,84,2110.481372
87.395328,84,2110.996794
88.223459,84,2111.510177
87.333007,84,2111.959778
86.675409,84,2112.39708
86.960549,84,2112.852338
86.782116,84,2113.312073
87.145952,84,2113.769593
86.028378,84,2114.351866
87.080744,84,2114.84042
85.937942,84,2115.355605
87.362977,84,2115.810345
87.614404,84,2116.25029
87.4319,84,2116.690014
87.238298,84,2117.214568
87.041903,84,2117.689535
87.386298,84,2118.134086
87.116153,84,2118.658236
86.003748,84,2119.159665
87.109904,84,2119.608787
87.91211,84,2120.09705
82.748442,84,2120.560247
86.99826,84,2121.057869
87.215066,84,2121.681158
86.833292,84,2122.209496
87.616859,84,2122.656675
87.046688,84,2123.151974
87.427951,84,2123.684931
86.152708,84,2124.264028
87.319674,84,2124.818003
87.360441,84,2125.327754
87.25295,84,2125.859033
86.834605,84,2126.311218
86.91022,84,2126.765062
87.455655,84,2127.286059
86.439715,84,2127.831441
86.868358,84,2128.35975
86.812682,84,2128.914434
87.106965,84,2129.447192
87.243717,84,2129.89452
87.796591,84,2130.3948
86.986961,84,2130.966012
86.512922,84,2131.493614
86.705709,84,2132.050946
87.108711,84,2132.666563
87.089401,84,2133.161598
87.217669,84,2133.670332
86.599191,84,2134.144693
87.445301,84,2134.668647
87.047369,84,2135.252355
86.776974,84,2135.753374
86.851035,84,2136.294366
88.52166,84,2136.791788
87.483434,84,2137.319326
87.671914,84,2137.84222
87.437323,84,2138.342149
86.947689,84,2138.906106
86.81125,84,2139.428361
87.156197,84,2139.898429
87.124828,84,2140.440243
87.575147,84,2140.968032
87.568541,84,2141.522594
87.691387,84,2142.080031
87.76215,84,2142.632692
86.453485,84,2143.248156
86.092026,84,2143.824519
87.408563,84,2144.334678
87.650236,84,2144.885172
86.950767,84,2145.366129
87.062192,84,2145.929953
87.331109,84,2146.508271
87.150389,84,2147.040798
86.479238,84,2147.628784
87.84356,84,2148.193009
87.293023,84,2148.73527
87.355764,84,2149.285422
86.883798,84,2149.858007
86.43608,84,2150.354803
86.971485,84,2150.874569
87.794664,84,2151.340478
87.887733,84,2151.798944
87.302074,84,2152.307804
86.981102,84,2152.837051
86.825004,84,2153.328341
87.63077,84,2153.879616
88.68622,84,2154.344469
86.821914,84,2154.843282
85.974045,84,2155.430258
86.492541,84,2155.938513
87.725713,84,2156.476451
86.863722,84,2157.00709
88.880315,84,2157.513391
87.242126,84,2158.114254
87.446231,84,2158.66738
87.111362,84,2159.203933
86.77931,84,2159.739227
87.195442,84,2160.326656
87.219701,84,2160.836881
86.856371,84,2161.388433
86.99905,84,2161.99351
87.330532,84,2162.59277
88.638286,84,2163.124574
87.825714,84,2163.663367
86.714026,84,2164.281232
87.905939,84,2164.86898
87.180731,84,2165.452652
86.381203,84,2165.964846
88.232896,84,2166.49253
86.305032,84,2167.018575
87.504724,84,2167.580271
87.627855,84,2168.163321
85.087265,84,2168.763446
87.032989,84,2169.409536
87.182728,84,2169.933925
87.169019,84,2170.482598
87.023084,84,2171.033236
87.310822,84,2171.547498
86.55279,84,2172.123724
87.499038,84,2172.758722
86.67385,84,2173.376292
86.750302,84,2174.015178
87.276265,84,2174.560535
87.38353,84,2175.124251
86.570548,84,2175.672757
81.090936,84,2176.199873
86.478694,84,2176.789828
87.329494,84,2177.376661
87.657297,84,2178.00968
88.214113,84,2178.576334
86.879465,84,2179.125592
87.476359,84,2179.704781
87.71612,84,2180.228062
86.939954,84,2180.721883
87.620694,84,2181.282312
86.529557,84,2181.763887
86.802994,84,2182.322037
85.273038,84,2182.844956
88.058032,84,2183.323917
85.001384,84,2183.797931
88.690996,84,2184.398731
88.289618,84,2184.910277
86.902623,84,2185.414882
87.369951,84,2185.953107
87.316662,84,2186.44887
86.539155,84,2186.977696
86.909472,84,2187.487712
87.559936,84,2187.961002
86.326612,84,2188.459726
87.716075,84,2188.956353
86.826702,84,2189.419494
85.765898,84,2189.966208
88.427194,84,2190.466882
87.759084,84,2190.954961
87.122996,84,2191.598667
84.959656,84,2192.183925
87.466821,84,2192.684301
86.982639,84,2193.209878
87.498588,84,2193.732265
87.343543,84,2194.20267
88.089351,84,2194.79655
86.925588,84,2195.268605
87.195627,84,2195.770503
86.047987,84,2196.33531
87.460967,84,2196.842629
87.24153,84,2197.413842
86.382204,84,2198.00387
87.055622,84,2198.541593
86.889686,84,2199.119439
87.469476,84,2199.670639
86.47794,84,2200.212466
86.646085,84,2200.755589
87.255269,84,2201.302926
87.661139,84,2201.84907
87.143097,84,2202.396851
86.659527,84,2202.959457
86.099002,84,2203.513853
86.742172,84,2204.020355
86.709186,84,2204.556654
87.194721,84,2205.111487
86.955828,84,2205.669225
85.845044,84,2206.202873
86.571985,84,2206.695243
86.666715,84,2207.257622
86.945716,84,2207.84508
87.172836,84,2208.355594
87.090209,84,2208.896788
87.124536,84,2209.465924
88.027851,84,2210.023225
86.979286,84,2210.536842
87.881347,84,2211.084191
87.081353,84,2211.678767
87.714552,84,2212.227491
87.323571,84,2212.73061
86.641636,84,2213.227851
87.165524,84,2213.748844
87.176332,84,2214.333521
86.828358,84,2214.930696
86.814613,84,2215.571807
86.355048,84,2216.155231
86.998565,84,2216.780955
86.887193,84,2217.47401
86.928808,84,2218.26067
87.192866,84,2218.916285
86.90318,84,2219.566637
87.897249,84,2220.185314
87.95296,84,2220.666998
87.079225,84,2221.220026
86.9753,84,2221.932911
87.703804,84,2222.523191
87.873432,84,2223.018135
87.373749,84,2223.615917
87.831436,84,2224.144645
86.819716,84,2224.58818
86.775371,84,2225.075412
87.383491,84,2225.562712
87.873737,84,2226.175091
87.017875,84,2226.686695
87.001859,84,2227.120124
86.886226,84,2227.626906
87.239898,84,2228.189138
88.296924,84,2228.69809
87.019752,84,2229.219795
88.01606,84,2229.768024
87.176113,84,2230.255556
87.061287,84,2230.742387
88.797084,84,2231.196319
87.630082,84,2231.652997
87.146669,84,2232.123842
88.116994,84,2232.596303
87.420609,84,2233.127424
87.192727,84,2233.622871
87.657457,84,2234.169681
85.749334,84,2234.677649
87.57103,84,2235.109603
86.606363,84,2235.519253
87.457262,84,2236.057223
86.7625,84,2236.603763
86.651479,84,2237.105577
86.505093,84,2237.578132
86.333644,84,2238.027813
86.819596,84,2238.510692
87.0123,84,2238.976543
86.798369,84,2239.480467
86.746442,84,2239.954264
87.250432,84,2240.44089
87.193016,84,2240.899814
85.826961,84,2241.324215
86.570352,84,2241.760504
86.970918,84,2242.234376
86.919706,84,2242.68117
87.852825,84,2243.122431
88.05615,84,2243.567239
87.928282,84,2244.015579
87.353314,84,2244.442124
86.712113,84,2244.874113
86.583054,84,2245.291627
86.882305,84,2245.736355
86.80207,84,2246.178601
88.412763,84,2246.641879
86.972643,84,2247.06761
86.877179,84,2247.504055
86.192022,84,2247.915766
87.596226,84,2248.391371
85.83846,84,2248.891068
86.866088,84,2249.429417
86.82877,84,2249.936964
85.250346,84,2250.401651
86.926459,84,2250.918943
86.656463,84,2251.394278
86.941029,84,2251.868994
86.881793,84,2252.345486
87.324469,84,2252.810419
86.855684,84,2253.276599
86.87615,84,2253.737391
86.906407,84,2254.289644
87.033332,84,2254.848987
86.776601,84,2255.300613
86.934628,84,2255.812525
87.730698,84,2256.331595
88.192112,84,2256.779647
87.664685,84,2257.35583
87.510866,84,2257.914284
87.605563,84,2258.362357
87.411471,84,2258.875047
86.810976,84,2259.343763
87.524849,84,2259.795602
87.992766,84,2260.329621
86.31163,84,2260.822674
87.372595,84,2261.293191
87.124241,84,2261.855553
86.821048,84,2262.387035
87.459172,84,2262.890044
85.5767,84,2263.39643
87.299188,84,2263.954332
86.997791,84,2264.522489
87.079778,84,2265.121106
87.437796,84,2265.670553
86.864062,84,2266.190583
87.17365,84,2266.649449
87.370391,84,2267.172479
87.59781,84,2267.664598
88.189131,84,2268.167574
87.13799,84,2268.671376
87.744139,84,2269.143656
84.730046,84,2269.671842
85.939555,84,2270.214993
87.457352,84,2270.659748
87.784005,84,2271.111873
87.365755,84,2271.582773
88.022125,84,2272.125477
87.69422,84,2272.683864
86.932209,84,2273.181013
86.779419,84,2273.685059
86.949061,84,2274.269699
87.491388,84,2274.764704
87.243735,84,2275.29368
86.449256,84,2275.81754
86.536177,84,2276.350241
86.782635,84,2276.898268
87.204171,84,2277.461459
86.351926,84,2278.067482
86.893878,84,2278.663434
87.454269,84,2279.229429
87.242937,84,2279.825874
87.377506,84,2280.470122
86.903757,84,2281.074391
86.46128,84,2281.684783
87.928982,84,2282.251226
87.213518,84,2282.831263
88.205455,84,2283.404788
87.474679,84,2283.867467
87.515006,84,2284.398898
86.805873,84,2285.077985
86.399623,84,2285.684147
87.129498,84,2286.307727
86.750529,84,2286.89227
88.545803,84,2287.453226
87.534936,84,2288.011114
86.473403,84,2288.498386
86.896391,84,2289.010988
86.937483,84,2289.556171
86.714319,84,2290.103982
87.148134,84,2290.658558
86.680439,84,2291.251871
87.828254,84,2291.810149
88.21239,84,2292.404283
85.870866,84,2292.983557
87.271018,84,2293.598728
86.690912,84,2294.245566
87.726789,84,2294.824016
86.737311,84,2295.416082
86.965775,84,2295.966722
86.984966,84,2296.615971
87.173654,84,2297.300421
87.385743,84,2297.869716
85.138296,84,2298.446025
88.109443,84,2298.956469
87.405463,84,2299.488561
86.03725,84,2300.056101
87.102242,84,2300.579724
87.096632,84,2301.15327
86.873522,84,2301.787699
86.854799,84,2302.295942
86.813814,84,2302.81263
87.720341,84,2303.323216
87.20079,84,2303.918479
87.819204,84,2304.533966
88.46694,84,2305.103261
87.285835,84,2305.75319
87.237684,84,2306.370721
87.578615,84,2306.956378
86.966895,84,2307.514864
86.576621,84,2308.067857
87.090789,84,2308.624502
84.352852,84,2309.15048
86.059323,84,2309.724771
86.54543,84,2310.321738
87.066205,84,2310.967824
87.965538,84,2311.541123
86.841872,84,2312.057705
87.280974,84,2312.647692
88.228296,84,2313.197649
87.111247,84,2313.808363
86.169893,84,2314.406044
87.25634,84,2315.074104
85.97399,84,2315.65769
87.70762,84,2316.247612
87.128417,84,2316.841915
84.445311,84,2317.386381
86.898392,84,2317.942468
87.72333,84,2318.515516
87.212183,84,2319.052845
87.229854,84,2319.673979
87.068307,84,2320.225133
86.532974,84,2320.827758
87.315218,84,2321.404479
87.161978,84,2322.036324
87.085518,84,2322.596529
87.459127,84,2323.172934
87.122229,84,2323.724907
86.686221,84,2324.371519
86.859341,84,2324.926352
86.060673,84,2325.570436
86.863868,84,2326.149584
86.847858,84,2326.742923
86.347652,84,2327.320861
87.17887,84,2327.899707
86.996096,84,2328.493925
86.974215,84,2329.095557
86.877511,84,2329.718001
87.518735,84,2330.281637
88.56692,84,2330.882876
86.910238,84,2331.446356
86.772566,84,2332.060634
81.577136,84,2332.610103
86.629326,84,2333.212916
86.192949,84,2333.808966
84.740098,84,2334.39418
87.193757,84,2334.944757
86.779196,84,2335.490495
86.910946,84,2336.037166
87.186233,84,2336.674153
86.920402,84,2337.244802
87.005579,84,2337.896427
87.219859,84,2338.44581
86.905491,84,2338.959687
87.038213,84,2339.527916
86.961379,84,2340.064873
87.010353,84,2340.654662
86.867079,84,2341.245891
87.168243,84,2341.813917
87.17892,84,2342.449954
84.63331,84,2342.993341
87.088898,84,2343.555783
85.587014,84,2344.120983
86.844413,84,2344.64262
87.064011,84,2345.21448
87.541981,84,2345.748128
87.356206,84,2346.256101
87.475583,84,2346.912931
87.331879,84,2347.579514
87.446648,84,2348.231202
87.179246,84,2348.883224
82.959766,84,2349.519338
84.804129,84,2350.159373
86.095655,84,2350.820292
83.804922,84,2351.466878
87.280594,84,2352.116925
86.129463,84,2352.726313
86.90984,84,2353.290451
87.874015,84,2353.869248
87.766141,84,2354.388087
86.797527,84,2354.87269
87.261643,84,2355.354225
87.05983,84,2355.870403
87.064415,84,2356.326512
87.183064,84,2356.841463
86.492142,84,2357.310904
87.727993,84,2357.874404
86.417236,84,2358.391501
87.368755,84,2358.888686
87.162727,84,2359.357049
87.048396,84,2359.870786
87.131259,84,2360.417771
86.869984,84,2360.928367
86.949413,84,2361.381397
86.170308,84,2361.897166
87.086574,84,2362.415111
87.511279,84,2362.85627
86.948653,84,2363.318374
86.516737,84,2363.808431
87.142907,84,2364.256953
87.857309,84,2364.750466
86.113295,84,2365.31949
86.972338,84,2365.778466
87.832508,84,2366.246719
86.967549,84,2366.750637
86.517454,84,2367.224635
88.250899,84,2367.659764
87.184749,84,2368.196127
87.003228,84,2368.711823
85.956921,84,2369.241479
88.409787,84,2369.788273
83.015489,84,2370.24843
86.984337,84,2370.705538
86.836381,84,2371.207524
87.038929,84,2371.652704
86.702755,84,2372.09974
87.244779,84,2372.629528
87.221082,84,2373.116796
87.227894,84,2373.600464
86.350654,84,2374.138424
88.009522,84,2374.601077
87.216072,84,2375.049335
86.565068,84,2375.546296
86.828189,84,2375.975671
86.46122,84,2376.515126
87.051035,84,2376.978683
86.033782,84,2377.470798
87.188725,84,2377.932783
87.070072,84,2378.484823
86.942947,84,2379.028348
83.630358,84,2379.583308
86.430502,84,2380.038828
86.992744,84,2380.479682
87.169012,84,2380.962464
85.531219,84,2381.412904
87.072799,84,2381.919288
87.09537,84,2382.38752
86.895157,84,2382.863341
87.306847,84,2383.387277
85.680328,84,2383.872907
83.373894,84,2384.30896
86.844144,84,2384.741688
87.145494,84,2385.222217
87.552931,84,2385.692386
87.933464,84,2386.155008
87.028511,84,2386.656541
86.622648,84,2387.128543
86.803367,84,2387.649254
86.478452,84,2388.155163
87.781763,84,2388.614712
84.801,84,2389.096285
87.090553,84,2389.628351
87.278821,84,2390.164429
87.167957,84,2390.606179
85.569876,84,2391.115376
88.164855,84,2391.580395
87.122775,84,2392.076789
87.367817,84,2392.587329
87.05127,84,2393.060484
86.059032,84,2393.573416
86.825779,84,2394.076851
87.538235,84,2394.528331
86.826636,84,2394.98167
87.043495,84,2395.458807
87.938787,84,2395.893395
88.428563,84,2396.34648
86.966671,84,2396.892401
85.703168,84,2397.419369
86.959457,84,2397.878497
87.024171,84,2398.37937
86.596179,84,2398.815599
87.192136,84,2399.252903
86.893847,84,2399.789323
86.934432,84,2400.326334
88.005685,84,2400.903383
86.651221,84,2401.475537
87.303876,84,2401.938812
86.68764,84,2402.391123
86.816021,84,2402.907172
86.934296,84,2403.406872
87.039815,84,2403.877067
86.65604,84,2404.407145
87.640195,84,2404.85061
86.909475,84,2405.328742
87.062392,84,2405.887306
87.570125,84,2406.344066
87.456415,84,2406.817227
86.112302,84,2407.324885
86.958183,84,2407.876399
86.595874,84,2408.360838
87.076899,84,2408.836275
84.54767,84,2409.282907
87.208169,84,2409.788857
87.010189,84,2410.331143
86.957197,84,2410.885164
86.852048,84,2411.440879
85.285452,84,2411.967129
88.044679,84,2412.38753
87.471874,84,2412.868632
87.0624,84,2413.363495
86.943297,84,2413.850843
86.972752,84,2414.315549
87.247057,84,2414.849642
87.883649,84,2415.335414
86.068678,84,2415.901474
84.221435,84,2416.339927
87.047394,84,2416.801715
86.93261,84,2417.370862
87.295491,84,2417.958732
85.257707,84,2418.531524
86.29795,84,2419.231002
87.047099,84,2419.740905
87.40736,84,2420.270121
87.270584,84,2420.806736
87.311239,84,2421.332541
87.250673,84,2421.836818
86.998064,84,2422.35643
87.048087,84,2422.917482
86.484859,84,2423.368969
87.48327,84,2423.895681
86.242722,84,2424.39701
87.022194,84,2424.89338
88.011379,84,2425.386298
87.31658,84,2425.886994
87.859738,84,2426.327522
86.88739,84,2426.821077
86.88491,84,2427.329935
87.002927,84,2427.790976
87.813667,84,2428.394212
87.05276,84,2428.905714
88.025816,84,2429.363944
82.845856,84,2429.837963
86.820211,84,2430.326195
87.126192,84,2430.805241
84.282922,84,2431.264494
85.598351,84,2431.772335
87.558947,84,2432.204695
87.003963,84,2432.773855
88.180088,84,2433.299939
86.915718,84,2433.757494
87.379798,84,2434.181773
87.35415,84,2434.717718
87.65077,84,2435.172456
87.898199,84,2435.669785
88.680544,84,2436.15295
87.117885,84,2436.597191
86.58603,84,2437.069265
86.824753,84,2437.610079
80.667438,84,2438.07704
86.964276,84,2438.523484
86.772385,84,2439.020371
86.844581,84,2439.527041
85.902205,84,2439.949438
86.991818,84,2440.460011
85.524891,84,2440.89205
86.685019,84,2441.375281
87.29894,84,2441.903852
87.245492,84,2442.468952
87.979834,84,2442.919104
86.967111,84,2443.472693
87.833204,84,2443.939009
87.135115,84,2444.396041
87.49862,84,2444.88427
87.851456,84,2445.352794
86.738728,84,2445.877563
86.876799,84,2446.407428
88.454916,84,2446.895705
88.004996,84,2447.429038
87.060435,84,2447.88165
86.998344,84,2448.308125
86.892931,84,2448.743268
87.134454,84,2449.212551
86.604725,84,2449.751098
87.159112,84,2450.257637
81.177133,84,2450.711773
88.107671,84,2451.244347
87.924185,84,2451.758164
87.35176,84,2452.196773
87.86699,84,2452.711611
86.445915,84,2453.173903
86.699651,84,2453.690343
87.044214,84,2454.235852
86.060358,84,2454.748173
87.190608,84,2455.28645
86.401714,84,2455.800176
87.020967,84,2456.332634
87.831754,84,2456.799989
87.380226,84,2457.24649
87.280901,84,2457.758095
88.646888,84,2458.236707
74.336409,84,2458.682987
87.134611,84,2459.172641
87.578746,84,2459.623166
80.170698,84,2460.165613
87.217429,84,2460.660322
86.266313,84,2461.105377
87.054573,84,2461.634812
87.007949,84,2462.175673
87.616786,84,2462.630792
87.692831,84,2463.12705
87.188583,84,2463.631337
87.464775,84,2464.1392
86.870238,84,2464.671926
86.787301,84,2465.189905
87.633288,84,2465.634969
86.722023,84,2466.154031
87.316748,84,2466.647245
84.422921,84,2467.169813
87.743022,84,2467.656574
87.772174,84,2468.099862
88.474378,84,2468.529694
87.447074,84,2468.980557
86.819551,84,2469.519553
85.999044,84,2469.978053
86.941207,84,2470.492586
87.348372,84,2470.95434
84.09895,84,2471.398504
87.001575,84,2471.882944
86.817152,84,2472.37569
87.668866,84,2472.820057
87.720104,84,2473.29385
87.024079,84,2473.903284
87.577958,84,2474.374304
87.672946,84,2474.891998
86.925671,84,2475.411501
86.642003,84,2475.874051
87.256691,84,2476.363889
87.295797,84,2476.821583
87.235954,84,2477.38587
87.264501,84,2477.904914
86.757369,84,2478.442386
87.098238,84,2478.920021
87.890292,84,2479.379339
86.852471,84,2479.814676
88.701281,84,2480.324702
87.852341,84,2480.81576
87.212917,84,2481.259858
87.918944,84,2481.739133
87.028954,84,2482.233352
87.009361,84,2482.769475
87.622512,84,2483.309405
87.208574,84,2483.761784
86.669573,84,2484.252886
86.308739,84,2484.70074
87.16681,84,2485.190499
87.938547,84,2485.649331
85.953417,84,2486.20577
88.023611,84,2486.664422
87.145905,84,2487.154873
86.70173,84,2487.697345
87.183812,84,2488.172068
86.795284,84,2488.619214
85.262716,84,2489.112356
86.449912,84,2489.579208
87.088381,84,2490.033654
86.860783,84,2490.533497
86.988596,84,2491.055544
86.521684,84,2491.540986
86.33568,84,2492.06925
87.8268,84,2492.526697
87.100871,84,2492.977186
86.641249,84,2493.512453
86.926055,84,2493.981965
87.802916,84,2494.519276
87.109695,84,2495.009625
84.96175,84,2495.455792
87.261447,84,2495.903629
86.759723,84,2496.422293
87.426051,84,2496.954319
85.117901,84,2497.421232
85.743584,84,2497.953588
87.217871,84,2498.440871
88.028182,84,2498.851793
87.104014,84,2499.350919
88.320921,84,2499.803167
87.780802,84,2500.264278
87.337878,84,2500.786983
88.560912,84,2501.297778
86.328956,84,2501.786925
86.538208,84,2502.251045
87.628974,84,2502.71979
87.051219,84,2503.150378
87.064708,84,2503.675144
87.116454,84,2504.152305
87.786881,84,2504.701719
86.809682,84,2505.256902
85.595206,84,2505.77442
87.444238,84,2506.213957
87.947923,84,2506.699514
87.003264,84,2507.132706
87.098222,84,2507.681735
87.062355,84,2508.197441
87.23513,84,2508.689553
87.256844,84,2509.142332
86.00093,84,2509.655873
85.994549,84,2510.195821
84.093941,84,2510.663983
87.004082,84,2511.093773
87.58058,84,2511.533868
87.657879,84,2512.055904
87.312453,84,2512.508974
87.28937,84,2512.941581
86.511273,84,2513.453797
87.157924,84,2513.965658
86.533919,84,2514.468604
87.244651,84,2515.015077
87.908726,84,2515.537401
87.115784,84,2515.979516
87.238212,84,2516.452595
86.691976,84,2516.946682
86.248832,84,2517.416658
86.895755,84,2517.940031
87.144933,84,2518.492155
87.437717,84,2519.031562
87.088176,84,2519.565639
86.883173,84,2520.022617
86.933075,84,2520.504019
86.878705,84,2521.018443
87.244845,84,2521.517328
87.153659,84,2521.964775
86.445809,84,2522.524215
87.564136,84,2522.974899
86.779511,84,2523.493314
87.563233,84,2524.021833
87.392223,84,2524.515953
87.498912,84,2525.005054
86.945912,84,2525.508391
86.912158,84,2525.996641
86.3626,84,2526.472932
84.612742,84,2526.945788
87.508645,84,2527.413708
85.410787,84,2527.872771
86.894038,84,2528.398667
87.778544,84,2528.893758
87.576403,84,2529.448097
86.718112,84,2529.952935
87.743216,84,2530.414961
87.542194,84,2530.866853
88.197108,84,2531.368081
86.937101,84,2531.808548
87.216772,84,2532.294651
87.008574,84,2532.843361
87.037975,84,2533.451584
86.879774,84,2533.963019
88.630144,84,2534.417165
87.226355,84,2534.878193
88.179602,84,2535.366432
87.504108,84,2535.864829
87.533285,84,2536.338337
87.754926,84,2536.832781
86.853385,84,2537.40966
87.112998,84,2537.88572
87.044676,84,2538.412942
86.796353,84,2538.884058
86.869653,84,2539.366836
87.147903,84,2539.923609
87.015267,84,2540.411469
86.645035,84,2540.898012
87.026567,84,2541.362672
87.388106,84,2541.918792
87.37618,84,2542.407622
86.476657,84,2542.893187
86.176895,84,2543.382907
86.97485,84,2543.904143
87.049489,84,2544.346965
84.593781,84,2544.777707
81.709588,84,2545.287051
86.980889,84,2545.814603
85.331681,84,2546.339843
85.970097,84,2546.853205
86.775879,84,2547.278901
85.91226,84,2547.718943
87.349088,84,2548.224167
87.132184,84,2548.675823
87.560007,84,2549.10834
87.259767,84,2549.648238
86.700647,84,2550.168126
86.929987,84,2550.715966
86.994918,84,2551.243045
84.527416,84,2551.688265
87.82757,84,2552.126801
87.461686,84,2552.646839
87.386423,84,2553.091976
84.494375,84,2553.582077
87.793144,84,2554.060941
85.686505,84,2554.561104
87.029505,84,2555.077681
86.400765,84,2555.59641
87.603761,84,2556.11693
85.64218,84,2556.561936
86.842629,84,2557.089227
87.011193,84,2557.544511
87.00102,84,2557.99752
87.910064,84,2558.49017
86.709482,84,2558.948291
86.731699,84,2559.411478
87.370587,84,2559.933089
87.934025,84,2560.402495
86.787348,84,2560.941562
87.526045,84,2561.469073
86.804681,84,2561.906278
88.210893,84,2562.364434
87.76576,84,2562.835521
85.701597,84,2563.279838
86.963312,84,2563.690933
86.488577,84,2564.198348
87.016634,84,2564.712912
88.101656,84,2565.176577
87.629296,84,2565.698081
87.472542,84,2566.154993
85.053865,84,2566.617925
87.335427,84,2567.093084
88.098099,84,2567.572037
87.137488,84,2568.023126
88.073905,84,2568.539906
86.752174,84,2569.042388
86.758547,84,2569.523422
86.839889,84,2570.024634
87.151127,84,2570.47244
88.313872,84,2570.94143
87.182951,84,2571.485413
87.741424,84,2571.969465
83.968518,84,2572.415002
88.326846,84,2572.895107
87.173438,84,2573.415403
87.527893,84,2573.90855
86.930886,84,2574.431379
87.003806,84,2574.867116
80.032462,84,2575.297554
86.853619,84,2575.760066
87.113029,84,2576.194234
86.933365,84,2576.679092
87.099992,84,2577.232214
86.655164,84,2577.736302
85.95129,84,2578.276473
86.323135,84,2578.73043
85.730398,84,2579.204909
87.252539,84,2579.707701
87.280828,84,2580.255123
86.427145,84,2580.808572
86.550394,84,2581.375042
86.614065,84,2581.910909
87.881072,84,2582.483535
87.162545,84,2582.977542
86.493443,84,2583.425326
87.767216,84,2583.866449
87.301555,84,2584.374789
87.698841,84,2584.859338
87.74658,84,2585.314185
87.315607,84,2585.801562
88.017027,84,2586.245842
87.499844,84,2586.706955
86.345725,84,2587.239467
84.263916,84,2587.696201
87.782588,84,2588.162283
87.937141,84,2588.69903
87.300266,84,2589.150568
86.576823,84,2589.602627
87.164852,84,2590.091213
86.893212,84,2590.53845
85.320622,84,2590.999268
86.332391,84,2591.508118
88.623659,84,2592.001104
85.909539,84,2592.47352
88.187531,84,2593.008524
86.657333,84,2593.550701
86.927491,84,2594.052732
88.037005,84,2594.554491
86.899984,84,2594.999073
87.544198,84,2595.501481
87.138971,84,2596.013574
87.677604,84,2596.557486
87.710196,84,2597.08205
87.429873,84,2597.622557
85.257523,84,2598.096438
86.065201,84,2598.643437
86.306847,84,2599.105538
87.056383,84,2599.576831
87.017871,84,2600.066451
87.411993,84,2600.599023
86.723591,84,2601.069313
85.923329,84,2601.550389
86.963031,84,2602.011132
87.280675,84,2602.488252
87.417528,84,2603.013381
84.523336,84,2603.504987
86.509347,84,2604.033985
87.243733,84,2604.477678
87.487049,84,2604.99061
87.136287,84,2605.51656
86.341861,84,2606.019244
85.386851,84,2606.483156
86.767007,84,2606.934661
86.116186,84,2607.436469
87.715761,84,2607.893184
87.696177,84,2608.402531
84.949176,84,2608.858102
87.012449,84,2609.398808
87.113026,84,2609.945594
86.818652,84,2610.387894
87.125882,84,2610.846237
87.077885,84,2611.334487
86.807165,84,2611.800562
87.077109,84,2612.226452
87.246804,84,2612.70774
86.99657,84,2613.230935
85.260986,84,2613.753596
87.357482,84,2614.268399
84.385845,84,2614.793369
87.237346,84,2615.274964
87.147389,84,2615.770548
87.150361,84,2616.297191
88.27945,84,2616.749749
87.181577,84,2617.228323
87.286043,84,2617.701112
86.946279,84,2618.146785
87.162629,84,2618.737112
86.660351,84,2619.213681
86.817278,84,2619.723444
86.92187,84,2620.19534
86.139531,84,2620.65383
86.974516,84,2621.079459
86.676041,84,2621.571528
87.050654,84,2622.001361
88.44906,84,2622.434579
86.853208,84,2622.903734
87.057187,84,2623.445955
87.38687,84,2623.906571
86.421511,84,2624.371814
87.725561,84,2624.833035
86.753551,84,2625.348428
88.159888,84,2625.854781
87.037402,84,2626.330893
86.471277,84,2626.789244
88.479842,84,2627.269074
86.972571,84,2627.831766
86.644306,84,2628.273073
86.940887,84,2628.742016
87.194687,84,2629.244856
86.919856,84,2629.765721
86.878213,84,2630.240938
86.963618,84,2630.688885
87.186411,84,2631.138013
86.6188,84,2631.672813
86.953574,84,2632.200702
86.662618,84,2632.686823
87.354052,84,2633.196388
87.057597,84,2633.642807
87.34309,84,2634.168732
87.664024,84,2634.666196
87.66303,84,2635.149933
87.168707,84,2635.642668
86.844681,84,2636.170602
86.048163,84,2636.705723
87.206402,84,2637.250995
87.34501,84,2637.693928
87.315771,84,2638.191892
88.250167,84,2638.686346
86.860987,84,2639.158876
86.063491,84,2639.643885
87.190025,84,2640.176877
87.448622,84,2640.670868
86.999823,84,2641.201714
87.187004,84,2641.704946
87.007542,84,2642.162335
87.191311,84,2642.604249
87.292268,84,2643.095963
87.185086,84,2643.545032
85.921452,84,2643.980676
86.189448,84,2644.487136
87.011742,84,2644.942672
87.3485,84,2645.442946
86.97208,84,2645.979633
86.969717,84,2646.439925
86.019428,84,2646.933097
87.430296,84,2647.46119
87.217056,84,2647.891812
86.369958,84,2648.353569
87.496049,84,2648.859563
85.737831,84,2649.328498
87.915224,84,2649.79933
86.724275,84,2650.309523
86.997448,84,2650.846417
87.206335,84,2651.310822
87.29216,84,2651.834762
86.895088,84,2652.311946
87.043983,84,2652.756983
88.535096,84,2653.259415
86.479506,84,2653.732413
86.832821,84,2654.201344
87.051425,84,2654.756812
85.998274,84,2655.219636
86.921699,84,2655.675795
87.019182,84,2656.172165
84.213445,84,2656.618428
86.634929,84,2657.057472
87.249259,84,2657.629678
87.033436,84,2658.145055
86.883696,84,2658.652181
88.282109,84,2659.153052
88.255905,84,2659.61923
87.814856,84,2660.058623
87.030337,84,2660.549236
86.805112,84,2661.078326
86.855797,84,2661.569311
84.983255,84,2662.048645
86.892673,84,2662.508671
87.335275,84,2662.978698
87.057012,84,2663.467248
87.438007,84,2663.97513
84.53639,84,2664.457292
85.033216,84,2664.923818
86.988575,84,2665.457903
86.946687,84,2665.974131
87.171671,84,2666.429942
87.583875,84,2666.874997
86.579346,84,2667.344038
86.8424,84,2667.804293
86.977766,84,2668.372305
86.950942,84,2668.889146
87.736919,84,2669.339134
86.897679,84,2669.80394
88.315646,84,2670.308378
86.9271,84,2670.786714
86.933613,84,2671.339645
87.346989,84,2671.858788
87.294203,84,2672.332853
87.100629,84,2672.86442
85.968631,84,2673.377388
86.831762,84,2673.831574
87.476864,84,2674.300294
87.229851,84,2674.809171
86.759853,84,2675.232084
87.050762,84,2675.737227
87.61372,84,2676.209287
87.034297,84,2676.652151
87.773793,84,2677.180334
86.506541,84,2677.68787
88.278343,84,2678.149483
86.197167,84,2678.609651
87.16123,84,2679.195575
87.478758,84,2679.67827
87.074389,84,2680.165815
86.694015,84,2680.641696
87.208112,84,2681.097058
87.976072,84,2681.663764
86.991793,84,2682.194328
86.269618,84,2682.666289
86.359601,84,2683.128062
86.713095,84,2683.641275
86.950928,84,2684.093421
87.518807,84,2684.557639
87.927613,84,2685.063715
86.610488,84,2685.529269
87.041008,84,2686.008825
87.00789,84,2686.522796
86.923515,84,2687.024117
87.044069,84,2687.481332
86.432099,84,2687.988583
88.445434,84,2688.447834
86.899422,84,2688.906817
86.955602,84,2689.447413
86.578009,84,2689.944571
87.688748,84,2690.432209
86.746593,84,2690.98983
87.111155,84,2691.489792
86.564601,84,2691.929625
87.452048,84,2692.431143
87.612391,84,2692.911524
84.183792,84,2693.355134
86.90122,84,2693.864694
86.758507,84,2694.314237
87.69211,84,2694.745252
87.076545,84,2695.275099
86.71971,84,2695.757408
86.832075,84,2696.184228
86.306635,84,2696.671153
86.816486,84,2697.135596
85.236769,84,2697.604954
87.455413,84,2698.083336
87.34694,84,2698.548504
86.188401,84,2698.997026
86.986648,84,2699.486209
85.831233,84,2700.045721
86.308991,84,2700.522425
87.306612,84,2701.068025
86.960256,84,2701.527343
87.736843,84,2702.007319
86.577271,84,2702.495019
87.255098,84,2703.008339
86.919427,84,2703.471575
87.787226,84,2703.955084
86.927421,84,2704.465889
87.546677,84,2704.90396
86.956955,84,2705.379854
86.441613,84,2705.83858
86.515909,84,2706.271336
87.032347,84,2706.765382
86.78058,84,2707.311306
86.901807,84,2707.755778
87.801049,84,2708.237411
86.590654,84,2708.725248
87.238483,84,2709.229108
87.13602,84,2709.760375
86.616338,84,2710.255565
87.999493,84,2710.747536
86.786697,84,2711.259883
87.286425,84,2711.754952
86.401727,84,2712.258208
86.729442,84,2712.729816
88.213855,84,2713.255767
86.800833,84,2713.819275
87.75071,84,2714.28616
86.834249,84,2714.743006
86.935667,84,2715.256587
87.137841,84,2715.706772
86.929981,84,2716.142098
86.574749,84,2716.642302
86.988987,84,2717.121377
87.182421,84,2717.644278
86.902583,84,2718.208161
87.191842,84,2718.699655
87.055524,84,2719.15467
87.405836,84,2719.654326
87.082643,84,2720.096811
86.71711,84,2720.58677
86.553638,84,2721.09825
86.448386,84,2721.548495
86.886633,84,2722.019672
86.553278,84,2722.571688
87.068635,84,2723.088294
87.127646,84,2723.538105
86.749726,84,2724.088936
86.789961,84,2724.609258
86.954836,84,2725.055557
87.584834,84,2725.554576
86.781127,84,2726.012541
86.873612,84,2726.46773
87.697943,84,2727.009469
87.252625,84,2727.482554
86.753537,84,2727.946701
87.501315,84,2728.446782
87.275547,84,2728.909956
86.846703,84,2729.378454
87.048786,84,2729.890427
86.976236,84,2730.329731
86.783725,84,2730.799737
86.975478,84,2731.322892
87.52279,84,2731.810154
87.054983,84,2732.270086
87.0302,84,2732.820808
87.792208,84,2733.377618
87.332326,84,2733.905783
86.717929,84,2734.459867
87.500755,84,2734.947737
87.198576,84,2735.451852
87.754041,84,2735.957437
86.984556,84,2736.433519
86.321317,84,2736.898346
86.896145,84,2737.317075
87.145927,84,2737.817049
86.805615,84,2738.3446
86.814559,84,2738.834479
86.68951,84,2739.28181
88.371909,84,2739.777156
87.853463,84,2740.258955
86.04128,84,2740.775956
87.307877,84,2741.304032
86.888188,84,2741.793986
87.053022,84,2742.262238
87.680031,84,2742.76089
87.357903,84,2743.23509
87.451201,84,2743.722945
86.055444,84,2744.259255
86.821234,84,2744.756301
87.372694,84,2745.302739
87.392493,84,2745.82673
86.763561,84,2746.293597
84.262362,84,2746.808996
87.275067,84,2747.30275
86.502049,84,2747.737695
87.014224,84,2748.237847
86.471498,84,2748.683726
86.977806,84,2749.166919
87.180722,84,2749.719904
86.113685,84,2750.183565
84.371696,84,2750.635313
86.889455,84,2751.110507
85.429285,84,2751.616251
87.224483,84,2752.103986
85.436995,84,2752.601761
87.157096,84,2753.067129
87.238556,84,2753.508225
86.775765,84,2754.028372
87.198587,84,2754.554339
87.301598,84,2755.058275
87.205068,84,2755.572558
86.461577,84,2756.086827
84.083312,84,2756.508582
87.954129,84,2756.956817
87.284874,84,2757.440715
84.646017,84,2757.887226
86.994491,84,2758.347092
86.103422,84,2758.910619
87.768427,84,2759.427701
86.907076,84,2759.936051
87.269232,84,2760.421904
86.675514,84,2760.914411
87.107874,84,2761.374319
87.35831,84,2761.870415
87.341902,84,2762.364785
87.372398,84,2762.904447
87.406789,84,2763.488823
87.089538,84,2763.971883
87.390747,84,2764.50084
88.057945,84,2764.971936
86.970671,84,2765.516623
87.070854,84,2766.104132
86.873472,84,2766.619343
86.865239,84,2767.091847
87.556948,84,2767.601059
87.327204,84,2768.082231
86.982229,84,2768.548385
84.208147,84,2769.024308
87.099692,84,2769.49199
86.995032,84,2769.990259
87.058435,84,2770.43282
87.369893,84,2770.862244
86.757924,84,2771.349335
86.532053,84,2771.812217
86.969426,84,2772.362616
86.799052,84,2772.905268
85.907443,84,2773.348682
87.177999,84,2773.837271
87.038456,84,2774.338903
86.98246,84,2774.775715
87.655026,84,2775.218269
87.073749,84,2775.694422
87.036252,84,2776.20185
87.473938,84,2776.760844
86.405055,84,2777.339906
87.161461,84,2777.839336
86.983588,84,2778.292921
85.529517,84,2778.789132
88.398636,84,2779.247052
87.186929,84,2779.708612
87.108707,84,2780.230354
87.839174,84,2780.674264
87.633554,84,2781.135849
85.802547,84,2781.678941
87.644835,84,2782.147058
86.951249,84,2782.591249
86.678751,84,2783.129865
88.182886,84,2783.592685
87.126042,84,2784.105161
86.834583,84,2784.598615
87.562591,84,2785.032446
87.647974,84,2785.487461
87.245919,84,2786.017148
87.577094,84,2786.470374
87.636373,84,2786.926962
88.658484,84,2787.514338
87.960095,84,2787.985021
87.594056,84,2788.423386
87.14698,84,2788.914083
87.109377,84,2789.368293
87.416505,84,2789.812347
87.577545,84,2790.296558
87.27811,84,2790.852297
86.833916,84,2791.44229
87.445106,84,2791.949507
87.410284,84,2792.364573
86.66809,84,2792.840437
87.495821,84,2793.357177
88.165653,84,2793.880046
86.308841,84,2794.36686
86.754113,84,2794.868368
87.810336,84,2795.399884
87.057776,84,2795.908424
84.462292,84,2796.352147
85.663335,84,2796.799488
87.290209,84,2797.294508
87.629341,84,2797.830518
87.013002,84,2798.378516
85.839327,84,2798.878793
87.090645,84,2799.378643
88.412489,84,2799.909327
86.912494,84,2800.399474
87.445769,84,2800.827808
87.333295,84,2801.33421
87.497637,84,2801.857865
87.255764,84,2802.290989
86.022848,84,2802.754215
86.716225,84,2803.221306
85.992619,84,2803.710111
86.727362,84,2804.278974
86.973354,84,2804.742316
86.339802,84,2805.172522
86.945162,84,2805.669872
88.400085,84,2806.177973
86.293843,84,2806.696368
82.57739,84,2807.256921
88.43294,84,2807.74344
83.999607,84,2808.3222
86.873351,84,2808.923187
86.865466,84,2809.444415
86.824094,84,2809.916702
86.862684,84,2810.410066
86.777121,84,2810.947581
87.586909,84,2811.449956
86.907028,84,2811.953643
86.875994,84,2812.420386
87.449367,84,2812.963813
87.045842,84,2813.516669
86.830792,84,2813.982432
87.43995,84,2814.510902
87.020769,84,2814.986857
87.213358,84,2815.404709
86.632488,84,2815.851394
87.873069,84,2816.315995
86.753379,84,2816.783399
85.775073,84,2817.246065
87.199804,84,2817.767403
87.997354,84,2818.252615
87.235856,84,2818.707486
87.111147,84,2819.24552
85.833895,84,2819.78584
87.311899,84,2820.291151
87.852575,84,2820.742487
86.282186,84,2821.176999
87.830849,84,2821.731227
87.2259,84,2822.292624
87.292333,84,2822.782321
88.123305,84,2823.279955
84.84597,84,2823.715782
87.086135,84,2824.143183
86.752513,84,2824.675194
87.368419,84,2825.143391
87.140877,84,2825.616758
86.996734,84,2826.124217
86.885629,84,2826.585697
87.280043,84,2827.11453
87.259105,84,2827.59431
87.414344,84,2828.020648
87.090165,84,2828.448972
87.780178,84,2828.925503
88.426976,84,2829.36834
86.797241,84,2829.890678
86.047118,84,2830.411486
87.015172,84,2830.899901
87.014985,84,2831.398028
78.7662,84,2831.907043
87.137366,84,2832.426988
87.185025,84,2832.923598
88.19568,84,2833.38823
86.981327,84,2833.884114
87.578677,84,2834.347582
86.984923,84,2834.789807
87.602713,84,2835.26768
87.21948,84,2835.758801
86.731838,84,2836.270595
87.2465,84,2836.736561
86.9329,84,2837.254555
87.04373,84,2837.777977
86.818097,84,2838.251127
87.424109,84,2838.737984
86.989065,84,2839.208067
86.422307,84,2839.665863
87.003634,84,2840.18283
86.965242,84,2840.749723
86.239189,84,2841.279988
87.909887,84,2841.790029
88.431117,84,2842.253505
87.06515,84,2842.732486
88.038302,84,2843.233772
86.22054,84,2843.685092
87.249621,84,2844.126298
86.957321,84,2844.599533
86.957562,84,2845.12725
87.716417,84,2845.656015
87.048388,84,2846.127482
87.157992,84,2846.563806
87.742591,84,2847.007505
86.766738,84,2847.500904
88.100148,84,2847.960448
86.873742,84,2848.40857
86.71235,84,2848.877354
87.789264,84,2849.367962
87.696226,84,2849.865144
86.974448,84,2850.367716
87.29703,84,2850.887044
85.806806,84,2851.337584
87.063702,84,2851.835028
87.736576,84,2852.327828
86.925502,84,2852.782845
87.099301,84,2853.297073
87.056421,84,2853.786883
87.61784,84,2854.293053
86.976279,84,2854.817272
87.531263,84,2855.282646
87.19846,84,2855.761511
86.103824,84,2856.263555
87.142349,84,2856.719191
87.271518,84,2857.1564
87.257285,84,2857.686023
86.374847,84,2858.129416
87.071692,84,2858.67038
87.387104,84,2859.174887
86.879177,84,2859.621632
87.260355,84,2860.059787
86.776267,84,2860.565786
87.11632,84,2861.067519
87.161579,84,2861.589018
87.043595,84,2862.133435
87.118461,84,2862.631257
86.98816,84,2863.196921
86.795856,84,2863.733559
87.151398,84,2864.165504
87.064502,84,2864.633603
86.8235,84,2865.082937
87.041349,84,2865.551
86.978624,84,2866.045523
85.212914,84,2866.53554
86.754741,84,2866.97693
88.518054,84,2867.426378
86.074769,84,2867.986096
86.900027,84,2868.434694
87.049299,84,2868.887193
86.984214,84,2869.394407
87.024396,84,2869.86505
87.948167,84,2870.348632
87.23335,84,2870.820906
87.582794,84,2871.310855
85.874074,84,2871.819115
87.116468,84,2872.355949
87.289213,84,2872.798441
86.85769,84,2873.292941
87.475806,84,2873.845083
86.809409,84,2874.358274
86.651271,84,2874.865815
87.054913,84,2875.306957
86.33491,84,2875.758228
87.080584,84,2876.22789
86.89326,84,2876.755426
84.709048,84,2877.226774
88.019288,84,2877.741355
84.952212,84,2878.171816
86.700719,84,2878.629695
84.79985,84,2879.113484
83.295393,84,2879.563198
87.778406,84,2879.997241
86.849411,84,2880.548094
86.645579,84,2881.130404
87.337299,84,2881.697914
87.373954,84,2882.267902
86.424638,84,2882.73608
87.170385,84,2883.203207
86.657807,84,2883.687233
87.751939,84,2884.204413
87.567815,84,2884.755971
87.27927,84,2885.213972
86.746277,84,2885.787783
87.336201,84,2886.347386
86.765517,84,2886.801476
86.462714,84,2887.270538
87.035166,84,2887.7719
87.68635,84,2888.218152
87.374823,84,2888.649263
87.0934,84,2889.143754
85.506555,84,2889.583278
86.921547,84,2890.095366
87.221749,84,2890.601653
86.592496,84,2891.041918
86.428692,84,2891.490941
86.837965,84,2892.052072
86.922443,84,2892.537785
87.020909,84,2893.02217
86.619502,84,2893.556019
87.119703,84,2894.013227
88.337193,84,2894.523153
86.991841,84,2895.100403
86.805493,84,2895.613331
87.648489,84,2896.090996
87.835613,84,2896.57037
87.799993,84,2897.005462
87.031467,84,2897.528221
87.127854,84,2898.046156
87.087176,84,2898.503998
86.978312,84,2898.972291
86.797716,84,2899.513939
86.895574,84,2899.987143
86.975123,84,2900.436412
86.064844,84,2900.961268
86.755069,84,2901.435629
87.100272,84,2901.871268
86.989783,84,2902.358359
86.981313,84,2902.864786
87.155395,84,2903.36741
87.198985,84,2903.907395
87.167143,84,2904.374064
87.002432,84,2904.85524
85.752009,84,2905.366154
87.13992,84,2905.906671
87.035971,84,2906.430123
86.868872,84,2906.877681
88.433525,84,2907.343314
87.174508,84,2907.838595
87.236338,84,2908.409222
86.923862,84,2908.859132
86.457359,84,2909.384048
86.843724,84,2909.843853
87.200209,84,2910.323058
87.615492,84,2910.860155
86.048303,84,2911.29714
87.099608,84,2911.76438
86.649193,84,2912.252298
87.019405,84,2912.744447
82.223947,84,2913.290442
87.276111,84,2913.787176
86.843033,84,2914.237935
87.392034,84,2914.75731
87.387207,84,2915.235384
87.078332,84,2915.679532
83.936761,84,2916.209465
87.965576,84,2916.73788
86.774179,84,2917.280433
86.877212,84,2917.829297
87.112314,84,2918.2672
86.433304,84,2918.765791
87.482051,84,2919.260647
87.043195,84,2919.716377
87.016237,84,2920.152675
87.072723,84,2920.6464
87.409845,84,2921.104925
86.89243,84,2921.609233
87.384044,84,2922.151597
86.8271,84,2922.587924
86.67803,84,2923.034208
86.883891,84,2923.561121
86.804147,84,2924.105305
85.799052,84,2924.543805
86.46775,84,2925.051238
87.211961,84,2925.511658
87.379781,84,2925.983387
86.757155,84,2926.553165
86.957548,84,2927.061182
87.131961,84,2927.567315
86.67051,84,2928.066227
87.150748,84,2928.547794
87.158167,84,2929.058768
87.037091,84,2929.569867
86.603767,84,2930.037799
86.737858,84,2930.476353
87.125914,84,2931.02087
87.34409,84,2931.517955
86.664738,84,2931.988407
87.193943,84,2932.489353
87.015792,84,2932.974502
86.795737,84,2933.429463
87.57165,84,2933.956368
86.72292,84,2934.475026
86.8637,84,2934.925579
87.122454,84,2935.484837
87.112608,84,2935.987874
86.628185,84,2936.438888
87.086844,84,2936.939767
87.033507,84,2937.41662
86.905149,84,2937.895452
86.251795,84,2938.423709
86.660436,84,2938.929318
87.364906,84,2939.48125
86.275908,84,2939.982305
78.88139,84,2940.443567
87.003359,84,2940.937956
86.89441,84,2941.405509
87.300317,84,2941.845916
87.558645,84,2942.360688
86.983573,84,2942.830644
85.476989,84,2943.274816
87.087908,84,2943.784359
87.00418,84,2944.272187
86.696183,84,2944.833429
83.733535,84,2945.341017
86.955431,84,2945.810544
86.166042,84,2946.284172
86.929005,84,2946.770773
87.079088,84,2947.235447
86.848337,84,2947.789622
87.582492,84,2948.266819
86.9068,84,2948.747173
87.10982,84,2949.317934
85.594985,84,2949.848523
86.337922,84,2950.306947
85.732138,84,2950.817971
87.839621,84,2951.29807
86.565785,84,2951.750663
86.759322,84,2952.245384
86.896795,84,2952.68197
86.041421,84,2953.141247
86.846279,84,2953.692393
87.057837,84,2954.177251
87.032182,84,2954.677027
86.936896,84,2955.28982
86.761467,84,2955.947572
87.097041,84,2956.58376
86.99212,84,2957.220024
86.750208,84,2957.780827
86.613734,84,2958.361269
87.39645,84,2958.888576
85.579634,84,2959.4329
86.84493,84,2960.068436
87.125739,84,2960.607849
85.625897,84,2961.103846
87.443141,84,2961.726922
87.138196,84,2962.2038
86.8052,84,2962.852482
86.051896,84,2963.419602
86.629097,84,2963.931184
86.962269,84,2964.472267
84.76144,84,2964.982897
86.824098,84,2965.552404
87.318878,84,2966.118335
86.512045,84,2966.636459
86.99417,84,2967.208434
86.856629,84,2967.774556
86.835417,84,2968.318996
86.94499,84,2968.889023
86.781872,84,2969.424089
86.260908,84,2969.948016
86.953948,84,2970.507022
86.980621,84,2971.069301
87.112778,84,2971.567789
85.08687,84,2972.103704
86.968239,84,2972.571359
87.173187,84,2973.047409
88.09963,84,2973.552392
86.486561,84,2974.02607
88.270955,84,2974.526203
86.940817,84,2974.985981
86.88131,84,2975.462967
87.157811,84,2975.974575
85.490067,84,2976.508928
86.585349,84,2977.335035
86.716448,84,2977.812108
86.763649,84,2978.289934
86.878152,84,2978.786349
86.523846,84,2979.34715
86.871359,84,2979.793676
86.893307,84,2980.320901
85.4449,84,2980.839762
87.114252,84,2981.395561
86.953303,84,2981.940451
85.621159,84,2982.395569
86.82263,84,2982.847927
86.615135,84,2983.360656
86.96093,84,2983.808395
82.542116,84,2984.248812
87.374624,84,2984.729959
86.734542,84,2985.212132
88.242168,84,2985.779838
86.878466,84,2986.301552
87.089492,84,2986.801528
85.986278,84,2987.277574
86.751831,84,2987.775192
86.607984,84,2988.24389
85.927101,84,2988.714201
87.049871,84,2989.228583
87.169773,84,2989.731903
87.386959,84,2990.257732
86.905145,84,2990.741702
87.066493,84,2991.21069
84.532145,84,2991.738686
86.351567,84,2992.279844
87.252832,84,2992.799187
86.945678,84,2993.287505
87.412831,84,2993.773984
87.530104,84,2994.227383
86.839248,84,2994.802248
84.63953,84,2995.26581
87.110113,84,2995.70821
87.190717,84,2996.214219
86.911215,84,2996.715168
87.374736,84,2997.198651
86.797434,84,2997.716735
86.648638,84,2998.169475
87.067209,84,2998.620142
86.848568,84,2999.140739
86.94946,84,2999.650061
87.075164,84,3000.128272
87.111602,84,3000.595531
86.895189,84,3001.045316
86.935797,84,3001.514879
87.074339,84,3001.999207
86.892453,84,3002.517512
80.692586,84,3002.98548
86.89493,84,3003.538998
87.225272,84,3004.027287
86.661409,84,3004.493111
87.127304,84,3004.976401
87.130928,84,3005.487561
86.606807,84,3006.007881
86.462233,84,3006.477015
87.311769,84,3007.030717
85.792588,84,3007.524239
86.888025,84,3008.07286
87.534059,84,3008.585371
86.766321,84,3009.047911
87.4387,84,3009.541313
85.454285,84,3010.041524
86.874809,84,3010.518629
87.004045,84,3010.962437
84.891993,84,3011.409966
87.68159,84,3011.829274
86.997751,84,3012.28407
87.09574,84,3012.807852
86.774427,84,3013.275597
87.114908,84,3013.742756
86.290057,84,3014.257785
87.454061,84,3014.69732
86.829316,84,3015.174115
85.464365,84,3015.622159
86.504474,84,3016.019581
87.076791,84,3016.498846
86.943075,84,3016.9893
86.949592,84,3017.537412
86.069889,84,3018.061072
86.964408,84,3018.561133
86.952167,84,3018.990664
86.892529,84,3019.448374
87.070548,84,3019.937682
86.697615,84,3020.370914
86.640443,84,3020.821303
86.982507,84,3021.332209
87.434896,84,3021.872314
87.445429,84,3022.377041
86.979461,84,3022.877476
84.632904,84,3023.360216
88.335722,84,3023.79156
87.277195,84,3024.266159
87.302678,84,3024.781188
87.164343,84,3025.359817
87.355004,84,3025.840156
86.274974,84,3026.334221
87.537666,84,3026.869238
85.077229,84,3027.34927
86.963023,84,3027.847758
86.976806,84,3028.3701
86.839857,84,3028.826247
87.03079,84,3029.293561
87.1164,84,3029.797481
87.427594,84,3030.246538
87.075536,84,3030.677135
87.227181,84,3031.251483
87.288764,84,3031.71627
86.973161,84,3032.162771
86.876108,84,3032.647783
86.86509,84,3033.091787
87.246153,84,3033.571921
87.075879,84,3034.085262
86.977174,84,3034.603249
86.827259,84,3035.042773
86.973322,84,3035.593183
86.897199,84,3036.115577
87.154433,84,3036.584634
87.003796,84,3037.06827
86.88206,84,3037.538549
87.102926,84,3038.00926
86.977368,84,3038.512688
87.559232,84,3039.036809
86.876745,84,3039.524267
86.93519,84,3040.055224
87.055247,84,3040.565905
87.409893,84,3041.021095
87.368882,84,3041.554609
87.064312,84,3042.029455
86.550968,84,3042.469583
85.582286,84,3042.957398
88.136409,84,3043.42453
87.094701,84,3043.916135
87.013574,84,3044.482594
87.02483,84,3045.007643
86.668083,84,3045.511643
83.910187,84,3045.979539
88.462951,84,3046.46099
86.942025,84,3046.977166
87.145058,84,3047.434613
86.346659,84,3047.85858
87.575714,84,3048.312318
86.933291,84,3048.830443
86.816822,84,3049.379953
87.062981,84,3049.936932
86.633738,84,3050.364748
87.021276,84,3050.801323
86.998694,84,3051.281674
86.657569,84,3051.747671
86.731234,84,3052.227918
86.761852,84,3052.718596
86.556959,84,3053.173791
86.974923,84,3053.703082
87.301604,84,3054.260345
86.147799,84,3054.725682
87.044605,84,3055.166525
85.418082,84,3055.659754
85.835931,84,3056.127081
86.516404,84,3056.585565
84.778311,84,3057.128042
87.472067,84,3057.643131
87.56014,84,3058.161216
87.154937,84,3058.692685
87.249121,84,3059.18169
87.170903,84,3059.668972
86.956653,84,3060.200811
86.677004,84,3060.654624
86.796081,84,3061.110781
86.79406,84,3061.646665
86.933204,84,3062.095703
86.569733,84,3062.649035
86.857965,84,3063.160738
87.106371,84,3063.607747
87.251737,84,3064.093884
87.530076,84,3064.62729
86.967772,84,3065.10496
86.940014,84,3065.601762
87.678238,84,3066.090134
86.631938,84,3066.547535
86.697824,84,3067.053011
86.532952,84,3067.577467
88.40646,84,3068.073617
87.423564,84,3068.542397
87.212251,84,3068.992196
85.449843,84,3069.483921
86.773141,84,3069.979617
86.570795,84,3070.480903
86.624734,84,3070.894687
86.843298,84,3071.367723
87.436304,84,3071.848068
84.341898,84,3072.302283
87.970466,84,3072.785634
87.191419,84,3073.276918
86.741297,84,3073.728751
87.361773,84,3074.200548
85.161927,84,3074.706788
86.621759,84,3075.208191
87.542474,84,3075.666392
86.749003,84,3076.157305
88.146978,84,3076.62771
86.869008,84,3077.103756
87.053486,84,3077.565801
87.269364,84,3078.010268
87.108078,84,3078.53734
86.743692,84,3079.030186
86.658653,84,3079.472453
85.829859,84,3079.979047
87.124848,84,3080.473907
86.412721,84,3081.018563
86.762085,84,3081.553594
85.383879,84,3082.02232
86.995061,84,3082.49738
87.052117,84,3083.021871
87.181763,84,3083.522936
86.690022,84,3083.971648
87.696117,84,3084.44571
86.739572,84,3084.866388
87.760999,84,3085.412344
87.243965,84,3085.954735
87.059597,84,3086.432277
87.017999,84,3086.917707
87.013047,84,3087.384785
87.30909,84,3087.831777
87.083018,84,3088.26331
87.324944,84,3088.754848
87.220463,84,3089.277342
87.055495,84,3089.804569
87.046519,84,3090.343277
86.669827,84,3090.813762
87.72383,84,3091.294001
86.938391,84,3091.800889
87.056987,84,3092.238553
86.811162,84,3092.700704
86.592396,84,3093.174039
86.756775,84,3093.656031
87.699832,84,3094.152586
87.408562,84,3094.714876
86.859476,84,3095.176893
86.449739,84,3095.6538
87.467994,84,3096.187757
85.339701,84,3096.638829
86.802932,84,3097.133941
81.33366,84,3097.619724
86.797624,84,3098.09239
87.465534,84,3098.572209
87.459554,84,3099.15852
87.00033,84,3099.711204
86.941683,84,3100.262106
86.691684,84,3100.787762
87.454128,84,3101.278656
85.717491,84,3101.840213
87.02198,84,3102.305055
87.406557,84,3102.818442
87.239719,84,3103.356271
86.81234,84,3103.828342
86.685925,84,3104.343554
87.009764,84,3104.822048
86.424729,84,3105.253474
87.023483,84,3105.734152
84.006849,84,3106.202563
86.983944,84,3106.677219
87.13389,84,3107.182683
87.050053,84,3107.675397
86.622001,84,3108.177135
86.767605,84,3108.647574
86.779821,84,3109.134232
86.857132,84,3109.594916
87.236262,84,3110.09597
86.907903,84,3110.579396
87.516179,84,3111.098716
87.113197,84,3111.639791
87.534106,84,3112.136008
86.647975,84,3112.623292
86.81296,84,3113.122655
86.993118,84,3113.58867
87.647564,84,3114.038985
86.709964,84,3114.521176
86.479875,84,3115.060135
86.822585,84,3115.519335
86.838743,84,3116.005049
85.245274,84,3116.456161
86.702092,84,3117.03186
86.264523,84,3117.537289
87.026332,84,3118.024984
86.578183,84,3118.509851
87.50859,84,3118.973363
86.99175,84,3119.423457
86.726336,84,3119.887659
87.322948,84,3120.372022
86.752707,84,3120.811724
86.840286,84,3121.335603
86.323205,84,3121.907295
87.211057,84,3122.398739
85.494958,84,3122.950152
87.157236,84,3123.438731
87.129392,84,3123.9018
86.397581,84,3124.387446
87.387714,84,3124.852771
87.345731,84,3125.33707
86.292134,84,3125.851271
86.579382,84,3126.315292
87.070463,84,3126.757919
86.962319,84,3127.260851
87.31017,84,3127.753181
86.773067,84,3128.206818
86.96158,84,3128.667603
87.257995,84,3129.108879
86.748745,84,3129.587749
86.704942,84,3130.147121
87.120545,84,3130.67811
84.967299,84,3131.114303
86.758913,84,3131.608791
87.161654,84,3132.12812
84.245765,84,3132.656243
86.814048,84,3133.172243
87.151992,84,3133.642144
87.428626,84,3134.10502
87.187593,84,3134.63308
86.885295,84,3135.142763
87.113612,84,3135.641971
87.067768,84,3136.135334
87.020569,84,3136.581392
87.268083,84,3137.023438
86.908919,84,3137.560177
86.153785,84,3138.103064
87.231154,84,3138.573894
87.395295,84,3139.119565
85.8837,84,3139.627602
86.940176,84,3140.147925
87.172722,84,3140.618868
86.913962,84,3141.079585
87.68477,84,3141.603623
87.170388,84,3142.126581
85.121302,84,3142.640338
87.079859,84,3143.18554
86.734526,84,3143.757671
86.997106,84,3144.276477
86.067868,84,3144.74803
86.413412,84,3145.200559
87.33175,84,3145.681695
87.304707,84,3146.17182
87.78265,84,3146.654527
88.076747,84,3147.097548
86.599291,84,3147.604428
86.844405,84,3148.10783
86.896799,84,3148.623833
86.760371,84,3149.06259
87.028757,84,3149.517161
87.358313,84,3150.013214
86.918042,84,3150.496525
86.79394,84,3150.930114
87.184258,84,3151.382318
87.345545,84,3151.846961
86.68787,84,3152.305555
86.731328,84,3152.86963
87.071319,84,3153.361387
86.997382,84,3153.846552
87.129926,84,3154.452299
87.207618,84,3154.937503
85.408759,84,3155.374666
87.092016,84,3155.862944
87.548056,84,3156.398823
86.849615,84,3156.913312
86.439002,84,3157.442276
85.788021,84,3157.927659
88.230931,84,3158.400171
87.117763,84,3158.911309
86.754607,84,3159.366199
86.829709,84,3159.83585
86.850742,84,3160.336743
87.619716,84,3160.767625
87.569972,84,3161.220209
86.388244,84,3161.750704
87.162171,84,3162.199496
86.738154,84,3162.641941
87.219121,84,3163.131809
87.059946,84,3163.627714
86.900366,84,3164.084015
87.06645,84,3164.594741
86.771779,84,3165.100692
87.416981,84,3165.611883
87.47895,84,3166.132564
87.529376,84,3166.633634
86.864261,84,3167.099482
86.861235,84,3167.573854
87.17576,84,3168.001331
87.07802,84,3168.470884
86.812201,84,3168.974073
87.084122,84,3169.451541
87.243647,84,3169.896402
87.129376,84,3170.422901
86.997682,84,3170.901145
87.079335,84,3171.316268
87.479801,84,3171.806295
87.632708,84,3172.243841
86.898648,84,3172.721786
87.957684,84,3173.1998
87.416795,84,3173.70423
87.757511,84,3174.15881
86.505062,84,3174.668703
85.980804,84,3175.224135
85.856756,84,3175.744277
87.042748,84,3176.255422
87.130613,84,3176.745554
86.890554,84,3177.249597
86.915564,84,3177.771069
87.504176,84,3178.198141
87.243308,84,3178.658597
85.729706,84,3179.183339
87.537175,84,3179.664868
84.943221,84,3180.141977
86.810618,84,3180.636666
86.806535,84,3181.0887
86.924354,84,3181.553016
86.787875,84,3182.043857
87.42866,84,3182.48417
88.195334,84,3182.914366
87.722428,84,3183.438523
86.739436,84,3183.954805
86.163966,84,3184.464707
87.144775,84,3184.951338
87.298487,84,3185.427274
87.698672,84,3185.918037
87.966649,84,3186.443835
87.159687,84,3186.939515
86.914532,84,3187.424019
86.854529,84,3187.974621
87.003711,84,3188.489863
87.024319,84,3188.982219
87.277811,84,3189.453835
86.636669,84,3189.967064
86.643909,84,3190.550587
87.050818,84,3191.015852
85.478417,84,3191.492696
88.328975,84,3191.980172
86.975599,84,3192.490292
86.835063,84,3192.961075
85.931813,84,3193.444654
86.860801,84,3193.88865
86.841551,84,3194.397441
86.42408,84,3194.914263
87.126905,84,3195.392549
87.100497,84,3195.921269
87.607782,84,3196.420399
87.383262,84,3196.937777
86.933484,84,3197.498453
86.038155,84,3198.019677
87.417276,84,3198.482377
85.896058,84,3198.983162
86.838389,84,3199.42918
86.587043,84,3199.870509
86.710207,84,3200.351891
86.720876,84,3200.783682
86.462598,84,3201.29948
86.675024,84,3201.836705
86.625039,84,3202.304673
87.100717,84,3202.756516
87.195999,84,3203.257992
86.719516,84,3203.725664
86.843912,84,3204.151864
87.211522,84,3204.630609
87.226575,84,3205.121886
86.831971,84,3205.638795
87.02634,84,3206.141479
87.305428,84,3206.620737
86.72748,84,3207.094195
86.632694,84,3207.598533
86.123804,84,3208.091832
87.427184,84,3208.659389
87.21727,84,3209.138685
87.524516,84,3209.620977
86.866025,84,3210.167384
86.523822,84,3210.706725
86.238803,84,3211.172333
83.739003,84,3211.674821
85.965243,84,3212.10358
87.005388,84,3212.548519
85.956234,84,3213.06405
86.655866,84,3213.582891
86.694321,84,3214.069812
86.714991,84,3214.616364
87.032683,84,3215.096457
87.158663,84,3215.597202
87.247318,84,3216.10267
87.098163,84,3216.567148
87.332355,84,3217.070932
86.930287,84,3217.551785
86.596743,84,3217.990906
87.096794,84,3218.503934
86.63506,84,3219.089993
86.900429,84,3219.588254
85.951826,84,3220.066263
86.646013,84,3220.515914
86.780921,84,3221.003597
86.986397,84,3221.500687
86.883116,84,3221.976199
86.431714,84,3222.430286
87.155007,84,3222.901236
86.820622,84,3223.40616
85.580353,84,3223.909231
87.290769,84,3224.437932
86.819024,84,3224.872189
86.578683,84,3225.329551
87.140672,84,3225.853948
86.713523,84,3226.303039
86.840066,84,3226.761837
87.090902,84,3227.27759
87.113803,84,3227.779129
87.178651,84,3228.274638
87.351311,84,3228.763406
87.452528,84,3229.242227
86.488892,84,3229.781159
87.244082,84,3230.284089
86.946362,84,3230.739189
87.186192,84,3231.250302
87.200236,84,3231.757948
86.683988,84,3232.288198
87.094056,84,3232.830741
86.047384,84,3233.291157
86.510458,84,3233.740996
86.930925,84,3234.231491
84.303745,84,3234.726286
85.182346,84,3235.180766
87.969842,84,3235.682082
86.753827,84,3236.170953
87.168552,84,3236.673408
85.638595,84,3237.176652
87.22539,84,3237.690714
86.756617,84,3238.214592
87.476407,84,3238.694316
87.175584,84,3239.146049
87.055388,84,3239.604158
87.280831,84,3240.148719
86.977363,84,3240.669444
87.426456,84,3241.177619
87.015691,84,3241.666955
86.689838,84,3242.176177
86.202078,84,3242.693294
86.786841,84,3243.161642
87.630676,84,3243.623607
86.276684,84,3244.112219
87.009896,84,3244.563481
86.471701,84,3245.012059
86.521406,84,3245.539124
87.030811,84,3246.056324
87.049914,84,3246.559426
87.178363,84,3247.053056
87.145627,84,3247.556195
86.830158,84,3248.008247
87.189856,84,3248.568397
84.452815,84,3249.070509
86.741719,84,3249.570524
86.678095,84,3250.1003
86.817076,84,3250.631146
86.918568,84,3251.158695
87.117401,84,3251.663588
85.844487,84,3252.114538
86.724784,84,3252.669817
87.212176,84,3253.133086
87.754418,84,3253.597375
87.071836,84,3254.081001
86.779374,84,3254.60743
86.541154,84,3255.062086
86.793757,84,3255.556436
87.035303,84,3256.03611
86.769708,84,3256.479993
87.570083,84,3256.971134
86.881045,84,3257.513519
87.145062,84,3258.073932
86.25524,84,3258.786554
86.963183,84,3259.512593
86.830774,84,3260.052487
87.312483,84,3260.561486
87.459216,84,3261.104601
86.966155,84,3261.651184
87.575244,84,3262.200792
87.421276,84,3262.744666
87.038705,84,3263.279647
87.010548,84,3263.831452
84.557953,84,3264.324542
86.386173,84,3264.83315
84.998566,84,3265.307297
87.204775,84,3265.790686
87.18291,84,3266.294735
86.97334,84,3266.740714
87.161596,84,3267.25135
87.376433,84,3267.831761
87.648798,84,3268.357951
86.90119,84,3268.895627
86.984616,84,3269.387803
86.769695,84,3269.891931
85.253254,84,3270.369488
87.171176,84,3270.839611
87.058751,84,3271.344494
84.722642,84,3271.838707
86.872717,84,3272.337428
86.611881,84,3272.901263
86.592664,84,3273.455527
87.068786,84,3273.900753
84.745415,84,3274.393633
86.802776,84,3274.936958
86.837486,84,3275.413575
87.496502,84,3275.944615
87.576119,84,3276.399998
86.916759,84,3276.917523
87.091674,84,3277.410198
87.315296,84,3277.912364
87.18367,84,3278.370754
86.03591,84,3278.851787
87.187859,84,3279.301829
86.488067,84,3279.771669
87.639363,84,3280.287118
86.648247,84,3280.730589
86.948999,84,3281.210666
87.01405,84,3281.769418
86.725408,84,3282.229268
87.168349,84,3282.670867
87.345701,84,3283.161575
86.838163,84,3283.698825
85.862502,84,3284.193132
87.031576,84,3284.738688
86.280419,84,3285.246435
87.076272,84,3285.839178
86.853505,84,3286.41473
85.908478,84,3286.911496
87.073312,84,3287.504636
86.886217,84,3287.95719
87.027731,84,3288.462137
86.302722,84,3288.968916
86.80951,84,3289.49523
86.825745,84,3290.002782
84.056034,84,3290.682793
84.912565,84,3291.255162
87.016934,84,3291.918468
86.82505,84,3292.540182
86.212696,84,3293.166682
83.902144,84,3293.789854
87.992523,84,3294.362559
88.111936,84,3294.930321
84.594904,84,3295.459791
86.358385,84,3295.960866
86.705395,84,3296.513744
86.842811,84,3296.955379
87.134368,84,3297.38561
87.115661,84,3297.838462
86.844593,84,3298.281027
86.989743,84,3298.734211
86.522925,84,3299.203349
87.795611,84,3299.757931
87.21649,84,3300.24776
85.912003,84,3300.694979
86.886322,84,3301.151649
86.84993,84,3301.596728
85.849301,84,3302.060679
87.151661,84,3302.547141
86.844032,84,3302.970721
85.787028,84,3303.408041
87.177833,84,3303.836754
87.203058,84,3304.264704
86.775972,84,3304.690868
86.867385,84,3305.140306
80.816954,84,3305.705407
86.65684,84,3306.160481
87.07341,84,3306.612479
87.006228,84,3307.058276
87.209979,84,3307.48019
87.159523,84,3307.955362
87.387628,84,3308.433022
82.175126,84,3308.849504
87.216834,84,3309.305029
86.587835,84,3309.719011
86.882594,84,3310.139978
86.929426,84,3310.545819
86.833199,84,3310.975087
86.70682,84,3311.418428
86.531334,84,3311.834864
86.887203,84,3312.275462
87.220621,84,3312.712411
86.748751,84,3313.196884
87.6594,84,3313.650909
86.992478,84,3314.107461
81.1684,84,3314.54828
86.817532,84,3314.975901
86.721353,84,3315.423747
86.876399,84,3315.893482
86.851931,84,3316.352123
81.584613,84,3316.770263
86.464827,84,3317.263982
86.848141,84,3317.725851
84.570888,84,3318.210417
87.116054,84,3318.624612
87.267418,84,3319.016154
86.743592,84,3319.465795
86.929108,84,3319.877313
87.089826,84,3320.29325
85.646564,84,3320.701106
86.929883,84,3321.151815
87.207128,84,3321.651168
84.196838,84,3322.215469
86.182534,84,3322.698216
86.88361,84,3323.194471
86.347654,84,3323.651708
86.780423,84,3324.138569
87.168438,84,3324.592054
86.63841,84,3325.090997
85.8279,84,3325.564908
87.208759,84,3326.010468
86.475788,84,3326.476677
87.167615,84,3327.016752
87.43967,84,3327.456111
85.087227,84,3327.879495
86.789393,84,3328.308192
86.770398,84,3328.742936
86.917976,84,3329.172635
84.5135,84,3329.606015
87.084553,84,3330.069107
86.890125,84,3330.517931
86.930015,84,3330.961855
86.930075,84,3331.444537
87.072198,84,3331.870536
85.112307,84,3332.29189
86.339573,84,3332.714336
87.100477,84,3333.151954
86.985003,84,3333.564082
87.327671,84,3334.002487
84.636211,84,3334.452953
85.515852,84,3334.879882
86.977076,84,3335.269469
86.6161,84,3335.677266
87.247269,84,3336.143527
86.64892,84,3336.571881
86.303872,84,3336.982007
87.142837,84,3337.439778
86.911511,84,3337.918904
83.113032,84,3338.339166
87.651759,84,3338.767571
87.703079,84,3339.218492
87.380622,84,3339.640749
87.181239,84,3340.082535
86.607181,84,3340.565484
86.92294,84,3341.034148
86.0043,84,3341.4424
86.617126,84,3341.860461
86.202408,84,3342.292615
87.132059,84,3342.724358
86.686701,84,3343.166316
87.263559,84,3343.591048
87.243431,84,3344.036231
86.852186,84,3344.463893
85.114404,84,3344.873528
87.038799,84,3345.357147
87.093837,84,3345.784942
86.248699,84,3346.192247
85.66739,84,3346.632756
85.617557,84,3347.083293
87.156792,84,3347.500045
86.425747,84,3347.887082
87.13521,84,3348.353705
86.795437,84,3348.788007
86.463187,84,3349.207283
85.997561,84,3349.624618
88.105632,84,3350.080199
87.863138,84,3350.504633
87.055497,84,3350.935862
86.916985,84,3351.392665
87.314386,84,3351.830066
87.491616,84,3352.241955
86.806982,84,3352.640725
87.796871,84,3353.053227
87.122912,84,3353.509059
86.634356,84,3353.962726
86.011265,84,3354.411828
85.800869,84,3354.857198
87.023691,84,3355.287724
86.730722,84,3355.737075
86.737379,84,3356.1991
86.997557,84,3356.611457
84.162863,84,3357.071063
86.999462,84,3357.534131
86.649273,84,3357.955236
86.662629,84,3358.369437
86.760948,84,3358.857905
86.95296,84,3359.346018
87.141448,84,3359.785148
87.749338,84,3360.212222
87.284432,84,3360.674463
86.901881,84,3361.114352
86.677869,84,3361.581672
87.035161,84,3362.026549
86.9421,84,3362.450453
85.969042,84,3362.85648
86.865809,84,3363.307474
86.451253,84,3363.760965
86.853548,84,3364.181401
86.818096,84,3364.612427
87.005106,84,3365.039478
88.099526,84,3365.483964
86.712568,84,3365.957112
86.872487,84,3366.365892
85.518171,84,3366.759427
86.611275,84,3367.155262
84.713499,84,3367.617923
87.038239,84,3368.063147
86.895343,84,3368.482397
87.148608,84,3368.905602
86.826298,84,3369.323512
87.44313,84,3369.750724
87.144766,84,3370.205578
86.832766,84,3370.609738
87.21418,84,3371.012468
86.254654,84,3371.415743
87.097092,84,3371.828199
87.028359,84,3372.249205
86.989423,84,3372.685968
88.73089,84,3373.120186
86.998565,84,3373.562459
84.078801,84,3373.970698
86.659191,84,3374.426027
86.867629,84,3374.858071
87.246684,84,3375.2876
87.160836,84,3375.729888
86.603392,84,3376.167561
87.378441,84,3376.581459
86.978097,84,3377.064829
87.057155,84,3377.549043
86.427982,84,3377.984858
86.545789,84,3378.412225
87.642769,84,3378.846016
87.027117,84,3379.259252
87.938116,84,3379.67568
87.181306,84,3380.087231
86.656532,84,3380.537467
87.072404,84,3380.973606
87.040812,84,3381.379124
85.046594,84,3381.841077
87.266875,84,3382.271157
87.125307,84,3382.735546
86.853892,84,3383.13983
86.919091,84,3383.565939
87.242152,84,3383.986139
87.091458,84,3384.404875
86.826443,84,3384.870743
86.98283,84,3385.302595
86.98064,84,3385.72857
87.180506,84,3386.226574
87.504793,84,3386.681032
86.780307,84,3387.123476
87.22042,84,3387.525059
86.61562,84,3387.959486
87.48882,84,3388.407696
87.065509,84,3388.818695
86.925799,84,3389.229189
87.430971,84,3389.65246
87.627643,84,3390.056463
86.789455,84,3390.486235
86.127288,84,3390.925514
83.865524,84,3391.394918
83.485175,84,3391.810813
87.153358,84,3392.230108
85.588631,84,3392.652156
86.734821,84,3393.086545
87.222134,84,3393.495262
87.038929,84,3393.921562
86.95844,84,3394.378913
86.882601,84,3394.813549
86.095548,84,3395.268784
87.034493,84,3395.698925
86.816993,84,3396.118093
87.346376,84,3396.51861
86.820701,84,3396.967562
87.002056,84,3397.380993
86.118479,84,3397.794499
87.614762,84,3398.197599
86.730832,84,3398.612936
87.414634,84,3399.035918
87.53345,84,3399.45977
87.15744,84,3399.918571
88.458954,84,3400.355782
87.003864,84,3400.791014
86.780367,84,3401.21795
87.563391,84,3401.646656
87.065004,84,3402.102184
86.8565,84,3402.531286
86.798964,84,3402.962876
86.933161,84,3403.37786
86.664621,84,3403.800257
86.650773,84,3404.284397
87.060077,84,3404.747454
86.567259,84,3405.201225
87.067319,84,3405.771682
87.094221,84,3406.191873
88.116426,84,3406.612217
86.191229,84,3407.014393
87.607459,84,3407.432628
87.067698,84,3407.853417
86.988776,84,3408.270178
86.591024,84,3408.69642
86.460742,84,3409.14959
87.04112,84,3409.615556
87.599192,84,3410.045327
87.603717,84,3410.475056
86.732926,84,3410.892282
86.404888,84,3411.307746
85.612384,84,3411.719136
82.940933,84,3412.126121
86.128672,84,3412.556359
87.049849,84,3413.065246
86.682511,84,3413.52154
87.160464,84,3414.008487
86.778858,84,3414.445437
86.985618,84,3414.894066
87.134499,84,3415.31449
86.974413,84,3415.762654
86.949453,84,3416.209144
86.978192,84,3416.624649
86.808923,84,3417.036991
86.944787,84,3417.466031
87.679256,84,3417.9048
85.792037,84,3418.356852
87.607833,84,3418.792596
87.490944,84,3419.205489
87.492093,84,3419.628337
86.801415,84,3420.083203
86.591942,84,3420.546442
86.490827,84,3421.026665
86.990826,84,3421.476712
87.020587,84,3421.910991
86.998457,84,3422.337603
87.000331,84,3422.794548
87.11138,84,3423.256241
87.770018,84,3423.720862
86.581779,84,3424.154042
87.199094,84,3424.611811
86.746286,84,3425.054234
86.996124,84,3425.494406
86.60214,84,3425.918957
86.970544,84,3426.336892
87.057614,84,3426.778028
87.446946,84,3427.223614
86.602949,84,3427.665591
86.562728,84,3428.097975
84.181509,84,3428.56414
87.090023,84,3429.039786
86.122964,84,3429.469239
86.833071,84,3429.878112
88.127887,84,3430.33013
87.546842,84,3430.759595
85.810985,84,3431.180267
86.689188,84,3431.624351
86.327746,84,3432.058812
86.839665,84,3432.454856
86.64972,84,3432.888129
86.24811,84,3433.337116
87.472731,84,3433.790489
86.922152,84,3434.314781
86.337044,84,3434.778696
86.676781,84,3435.240629
86.910941,84,3435.668671
87.057398,84,3436.112725
85.614424,84,3436.554049
86.960144,84,3437.005924
86.650837,84,3437.473013
86.70737,84,3437.978029
86.957214,84,3438.436761
86.760303,84,3438.856369
87.899566,84,3439.300191
85.988321,84,3439.718951
86.832627,84,3440.123455
87.763913,84,3440.598614
85.894218,84,3441.106885
87.313486,84,3441.594892
84.20249,84,3442.101693
86.957206,84,3442.56344
87.258637,84,3443.060197
87.537393,84,3443.533997
84.665488,84,3444.020732
87.056031,84,3444.474033
87.448843,84,3444.934377
86.882115,84,3445.477258
83.794484,84,3445.994931
88.341835,84,3446.493807
86.836507,84,3447.833556
88.099931,84,3448.315989
86.077488,84,3448.779304
87.345112,84,3449.226422
87.220715,84,3449.691163
87.390563,84,3450.13365
87.187934,84,3450.569085
87.742504,84,3450.985261
87.381291,84,3451.436573
87.089788,84,3451.859026
87.090261,84,3452.3191
86.615821,84,3452.813925
88.249829,84,3453.284158
87.099905,84,3453.73622
87.05073,84,3454.192844
86.7821,84,3454.657998
86.730734,84,3455.078858
86.667224,84,3455.503059
86.772887,84,3456.048077
86.841399,84,3456.588222
86.707629,84,3457.081475
87.043731,84,3457.63063
86.872901,84,3458.069829
88.387352,84,3458.529274
87.065074,84,3459.021811
87.252266,84,3459.577982
86.769564,84,3460.064852
85.628475,84,3460.518351
87.370244,84,3461.014199
86.753326,84,3461.456822
87.148316,84,3461.966605
87.227599,84,3462.446585
86.793445,84,3462.93402
86.588398,84,3463.446355
87.272188,84,3463.966691
87.152452,84,3464.45155
87.259531,84,3464.92737
86.837902,84,3465.377046
85.510388,84,3465.822288
87.066006,84,3466.289184
87.187952,84,3466.775856
86.80628,84,3467.25806
88.244573,84,3467.743286
86.995529,84,3468.197096
88.322349,84,3468.667128
85.932576,84,3469.124682
87.028226,84,3469.5465
87.001915,84,3469.965833
87.339795,84,3470.407748
87.030652,84,3470.828339
86.321778,84,3471.242526
85.694513,84,3471.661028
86.717187,84,3472.110124
87.009711,84,3472.540001
86.854584,84,3473.011856
86.729201,84,3473.468191
87.220384,84,3473.910685
86.981915,84,3474.340303
86.54598,84,3474.780442
86.923039,84,3475.214733
86.780195,84,3475.641118
86.869904,84,3476.119782
86.949093,84,3476.564587
86.918282,84,3476.983389
86.849784,84,3477.485578
87.267439,84,3477.974065
87.943514,84,3478.410665
86.869287,84,3478.822653
86.494299,84,3479.286849
87.294773,84,3479.719459
87.129711,84,3480.116645
86.956454,84,3480.582724
86.569707,84,3481.025456
88.151315,84,3481.501666
85.573416,84,3481.977093
86.268521,84,3482.440565
86.576043,84,3482.878938
87.020177,84,3483.298629
87.443169,84,3483.736933
86.426758,84,3484.177006
87.310244,84,3484.575097
86.773347,84,3485.008667
87.23309,84,3485.442666
87.511613,84,3485.916682
86.356081,84,3486.391682
87.207796,84,3486.846858
86.864059,84,3487.293987
86.769955,84,3487.766198
87.126183,84,3488.254809
86.42513,84,3488.731128
87.015451,84,3489.172291
86.938998,84,3489.641324
86.847256,84,3490.076355
88.289167,84,3490.489492
86.734993,84,3490.913424
86.983379,84,3491.400932
86.710823,84,3491.850726
87.222528,84,3492.337671
86.559315,84,3492.816719
86.832882,84,3493.284237
86.784883,84,3493.741715
85.565921,84,3494.195806
87.336731,84,3494.635374
87.297577,84,3495.055853
87.069321,84,3495.52246
87.000151,84,3495.998264
86.692081,84,3496.429364
87.32124,84,3496.826873
86.779765,84,3497.239455
86.909452,84,3497.642343
86.843298,84,3498.075353
87.088421,84,3498.490981
86.939078,84,3498.911606
87.508656,84,3499.350015
86.804724,84,3499.747422
87.064663,84,3500.217118
87.140934,84,3500.656766
86.723913,84,3501.07344
86.962214,84,3501.466743
87.938037,84,3501.898813
86.862996,84,3502.334153
86.847228,84,3502.76944
86.783071,84,3503.213587
87.109106,84,3503.696916
85.673806,84,3504.138376
84.918741,84,3504.588638
86.866388,84,3505.05766
85.228543,84,3505.489754
87.173356,84,3505.983894
86.733102,84,3506.438663
87.119791,84,3506.877353
87.06865,84,3507.33143
86.766461,84,3507.826388
86.469123,84,3508.269003
87.006414,84,3508.723488
86.690614,84,3509.188493
86.864443,84,3509.734073
86.750297,84,3510.193809
86.922523,84,3510.642939
86.379468,84,3511.103437
86.844171,84,3511.540618
87.091459,84,3511.993257
87.101228,84,3512.449771
87.068371,84,3512.890682
84.071656,84,3513.355094
86.908129,84,3513.840804
87.381804,84,3514.337638
87.918003,84,3514.807085
86.883141,84,3515.24339
86.310317,84,3515.66568
86.924694,84,3516.099995
86.537406,84,3516.550349
87.032715,84,3516.972893
81.72498,84,3517.458571
87.163373,84,3517.918827
87.570337,84,3518.366745
86.63755,84,3518.849297
86.719069,84,3519.320792
87.232163,84,3519.747549
87.047233,84,3520.153107
86.909796,84,3520.596988
86.99795,84,3521.056916
81.907263,84,3521.513713
86.370189,84,3521.93864
87.879617,84,3522.377878
87.109534,84,3522.829565
87.268517,84,3523.270617
87.026621,84,3523.711656
87.954739,84,3524.153526
87.17011,84,3524.583671
86.940841,84,3525.031332
87.815473,84,3525.451822
87.550057,84,3525.88554
87.49515,84,3526.340752
86.348857,84,3526.788671
86.75061,84,3527.263375
87.511665,84,3527.767112
86.207309,84,3528.242268
86.872817,84,3528.721927
87.113879,84,3529.671045
87.209619,84,3530.170373
87.547124,84,3530.637031
86.607905,84,3531.134885
86.754794,84,3531.714121
87.140815,84,3532.250987
87.396904,84,3532.726125
87.986884,84,3533.205017
86.085296,84,3533.679281
87.196162,84,3534.127192
87.271711,84,3534.557617
87.250451,84,3535.070256
87.215239,84,3535.5602
87.084461,84,3535.992265
86.814723,84,3536.426335
86.691085,84,3536.872349
87.275132,84,3537.327228
86.97007,84,3537.764854
87.195704,84,3538.193304
87.27987,84,3538.616944
87.419147,84,3539.033847
87.326093,84,3539.467587
86.904048,84,3539.942648
86.938911,84,3540.365865
87.305755,84,3540.780963
86.51723,84,3541.254845
87.083644,84,3541.739542
86.821429,84,3542.203648
87.40229,84,3542.703127
86.041436,84,3543.152646
85.264162,84,3543.587781
83.907733,84,3544.034508
87.226131,84,3544.450177
86.776495,84,3544.876634
86.904506,84,3545.285172
87.397298,84,3545.775874
86.95982,84,3546.212357
87.625666,84,3546.627264
86.711429,84,3547.067806
86.75377,84,3547.487458
87.192115,84,3547.917452
87.631356,84,3548.318087
86.968483,84,3548.791147
87.207842,84,3549.234507
86.891244,84,3549.673971
86.927145,84,3550.138126
86.83002,84,3550.594411
86.972166,84,3551.017377
86.894878,84,3551.479179
87.425445,84,3551.936947
87.595369,84,3552.37903
86.768478,84,3552.859121
82.960462,84,3553.396766
87.074725,84,3553.876831
86.84114,84,3554.31422
86.628434,84,3554.769901
87.692811,84,3555.217698
88.014938,84,3555.734293
86.790099,84,3556.254117
87.05673,84,3556.68545
85.491395,84,3557.106818
87.115858,84,3557.547305
87.027472,84,3558.010045
84.473027,84,3558.448138
86.947386,84,3558.904825
86.928956,84,3559.341177
87.301636,84,3559.812617
86.673731,84,3560.265229
86.7562,84,3560.718073
86.639057,84,3561.181782
86.209562,84,3561.602784
87.481308,84,3562.060822
87.054636,84,3562.507903
87.340931,84,3562.967334
86.837011,84,3563.427255
87.719714,84,3563.923866
88.697824,84,3564.422132
86.987188,84,3564.903311
85.013806,84,3565.379977
87.059016,84,3565.840238
86.757116,84,3566.289843
86.876226,84,3566.765453
86.35445,84,3567.221856
87.245933,84,3567.694706
86.530874,84,3568.109133
86.489986,84,3568.54589
87.012933,84,3568.967681
86.636223,84,3569.416027
84.118376,84,3569.900294
87.834124,84,3570.381965
86.732479,84,3570.862983
86.209076,84,3571.306594
87.263744,84,3571.755576
86.754457,84,3572.210797
86.863986,84,3572.655924
87.561764,84,3573.113251
86.685905,84,3573.575772
86.278791,84,3574.016732
84.874329,84,3574.454421
87.181494,84,3574.942757
87.412835,84,3575.47903
87.12828,84,3575.917987
86.834457,84,3576.349462
86.821691,84,3576.838012
86.841834,84,3577.305344
87.444247,84,3577.854074
84.06022,84,3578.313315
87.119736,84,3578.771368
87.280187,84,3579.230263
86.613408,84,3579.749042
86.818187,84,3580.229389
86.844387,84,3580.731257
87.828665,84,3581.209371
87.453367,84,3581.665649
86.981355,84,3582.146466
87.183033,84,3582.592587
86.901542,84,3583.015283
86.697898,84,3583.451386
86.124943,84,3583.887271
87.452256,84,3584.335432
86.82379,84,3584.799337
87.494045,84,3585.205881
87.60325,84,3585.672684
87.294061,84,3586.099746
87.102272,84,3586.582855
87.45773,84,3587.093171
86.76589,84,3587.52735
86.813259,84,3587.977922
81.689027,84,3588.440004
86.865869,84,3588.912176
87.129665,84,3589.384474
86.075504,84,3589.859367
86.959379,84,3590.306031
87.130695,84,3590.739398
86.444959,84,3591.172187
86.755612,84,3591.641228
86.62329,84,3592.052604
87.301017,84,3592.53477
87.401385,84,3593.009386
87.678959,84,3593.466059
86.907381,84,3593.897958
86.961658,84,3594.366162
86.651135,84,3594.815035
87.855048,84,3595.266528
86.157773,84,3595.686797
87.282394,84,3596.160656
86.942949,84,3596.638275
87.068579,84,3597.13526
86.911411,84,3597.600945
87.013711,84,3598.073162
86.805367,84,3598.50785
86.77192,84,3598.959674
86.395476,84,3599.431288
86.780197,84,3599.86177
87.016657,84,3600.317289
87.045333,84,3600.76106
87.158761,84,3601.215595
86.337615,84,3601.649658
87.55366,84,3602.082018
85.506202,84,3602.561435
87.048368,84,3603.038596
86.646133,84,3603.496404
86.97796,84,3603.944547
86.813237,84,3604.349453
87.096072,84,3604.782558
87.311936,84,3605.262939
86.999664,84,3605.712642
86.847091,84,3606.132224
86.615171,84,3606.570276
87.254305,84,3607.006376
87.021637,84,3607.448361
86.767208,84,3607.905467
86.805203,84,3608.384474
87.678822,84,3608.804817
87.039684,84,3609.230582
86.123883,84,3609.714664
85.115274,84,3610.172039
87.131659,84,3610.620153
87.588208,84,3611.066741
87.826841,84,3611.516599
86.060316,84,3611.955093
86.788777,84,3612.371393
86.200053,84,3612.816041
86.893137,84,3613.244988
86.859058,84,3613.687396
87.063786,84,3614.136658
86.803581,84,3614.573018
83.835404,84,3614.969431
87.309438,84,3615.391095
88.528309,84,3615.819676
87.098375,84,3616.260049
87.153608,84,3616.684905
86.807661,84,3617.132032
87.143959,84,3617.581163
86.57938,84,3618.02718
86.889111,84,3618.508053
86.50647,84,3618.964592
86.318781,84,3619.407453
87.112306,84,3619.848043
86.94009,84,3620.279434
84.31303,84,3620.694238
86.117238,84,3621.104724
87.002366,84,3621.541661
86.75819,84,3621.963668
87.319129,84,3622.400999
87.016672,84,3622.824126
85.918258,84,3623.282556
87.116794,84,3623.771372
87.16715,84,3624.22158
86.879677,84,3624.664452
86.869219,84,3625.113986
88.682639,84,3625.537307
87.031417,84,3625.970901
86.883781,84,3626.452261
86.569587,84,3626.890813
86.847851,84,3627.343232
87.176384,84,3627.832288
86.527636,84,3628.294264
87.311484,84,3628.732314
87.147522,84,3629.216529
86.67509,84,3629.66405
86.910036,84,3630.061407
86.964157,84,3630.51147
87.187086,84,3630.925289
86.357328,84,3631.332388
86.289796,84,3631.739951
84.093983,84,3632.191959
87.52379,84,3632.64065
82.846834,84,3633.060801
88.348517,84,3633.498655
87.13571,84,3633.918967
87.480008,84,3634.346659
87.709921,84,3634.805259
86.846622,84,3635.227633
87.141378,84,3635.635599
87.015082,84,3636.050277
86.904651,84,3636.465363
87.207726,84,3636.927977
86.76348,84,3637.365734
86.075458,84,3637.790212
86.86092,84,3638.232729
88.642884,84,3638.656236
86.688381,84,3639.067101
85.754527,84,3639.527209
86.527894,84,3639.993983
87.197773,84,3640.403159
87.288126,84,3640.850631
87.32733,84,3641.265768
86.814989,84,3641.754572
84.191169,84,3642.184561
87.362691,84,3642.619894
85.233053,84,3643.030668
86.234211,84,3643.480015
85.168189,84,3643.877886
87.162757,84,3644.276301
87.186088,84,3644.721729
86.718588,84,3645.158296
87.600799,84,3645.579711
88.209986,84,3646.037603
87.060851,84,3646.486192
86.769871,84,3646.900061
87.965413,84,3647.331007
86.369337,84,3647.749061
86.761258,84,3648.207039
86.628672,84,3648.630973
86.940683,84,3649.047895
87.333073,84,3649.493028
87.058766,84,3649.896423
86.218336,84,3650.370569
86.401784,84,3650.859886
86.800601,84,3651.295943
86.819061,84,3651.699959
86.748641,84,3652.110726
86.636062,84,3652.533668
85.788812,84,3652.929921
87.090137,84,3653.361964
85.164692,84,3653.821723
87.070248,84,3654.23888
86.286122,84,3654.639095
87.075734,84,3655.160859
86.403031,84,3655.590846
87.181829,84,3655.994473
87.304821,84,3656.412111
86.716107,84,3656.822104
86.860124,84,3657.234549
87.823691,84,3657.660171
86.79588,84,3658.065524
86.815536,84,3658.516119
86.922843,84,3658.949163
84.954495,84,3659.36219
87.20259,84,3659.792087
86.814651,84,3660.257434
86.987445,84,3660.684787
86.765222,84,3661.137568
87.012455,84,3661.590843
86.735992,84,3661.998655
87.037658,84,3662.418614
87.101739,84,3662.875787
86.56577,84,3663.291661
85.444213,84,3663.70155
87.433772,84,3664.114296
86.218996,84,3664.589979
86.935578,84,3665.025173
87.61712,84,3665.451526
87.373973,84,3665.927531
87.108597,84,3666.354246
87.118518,84,3666.753628
86.992593,84,3667.166671
87.609328,84,3667.602211
84.731173,84,3668.012427
87.382108,84,3668.421089
87.236159,84,3668.837949
86.566652,84,3669.267309
84.884597,84,3669.725886
87.383174,84,3670.142422
87.212401,84,3670.588747
87.040061,84,3670.993321
87.136616,84,3671.417978
87.461617,84,3671.914207
86.831178,84,3672.342285
87.245654,84,3672.770523
87.356716,84,3673.205281
86.753731,84,3673.651532
82.476444,84,3674.089015
83.373755,84,3674.492636
87.147442,84,3674.912878
87.081404,84,3675.331058
85.209701,84,3675.753467
85.493212,84,3676.176507
86.780249,84,3676.604337
87.112698,84,3677.01176
87.202272,84,3677.42575
86.528009,84,3677.875991
87.694898,84,3678.328049
87.808072,84,3678.764176
87.356036,84,3679.195145
87.305888,84,3679.637917
86.850755,84,3680.076781
86.084686,84,3680.520289
86.548407,84,3680.943573
86.446847,84,3681.368963
83.998176,84,3681.810237
86.6191,84,3682.283454
86.867054,84,3682.817335
86.425793,84,3683.317663
84.282223,84,3683.744164
86.587165,84,3684.161427
87.138999,84,3684.58608
87.551334,84,3685.021873
87.011938,84,3685.446917
86.594999,84,3685.935444
87.326632,84,3686.381961
86.956243,84,3686.818685
86.085496,84,3687.270878
86.725772,84,3687.772775
87.284867,84,3688.191268
86.938899,84,3688.626149
85.98591,84,3689.070067
86.741947,84,3689.523814
84.850394,84,3689.93196
86.771005,84,3690.357993
87.218683,84,3690.850078
86.773932,84,3691.302538
87.141884,84,3691.732185
86.923596,84,3692.230748
87.763237,84,3692.731072
87.382031,84,3693.214005
87.263608,84,3693.742394
86.767597,84,3694.184281
86.98423,84,3694.641631
86.777065,84,3695.080754
86.829059,84,3695.531798
86.75587,84,3695.965318
87.096466,84,3696.421761
87.083485,84,3696.8945
87.624996,84,3697.34938
87.022821,84,3697.766289
85.608861,84,3698.208421
86.875268,84,3698.637211
86.529909,84,3699.048949
86.962175,84,3699.549065
86.887064,84,3699.982946
87.201044,84,3700.401959
82.526384,84,3700.869349
86.687016,84,3701.323792
87.06865,84,3701.770337
85.749852,84,3702.205719
86.711971,84,3702.628363
86.710635,84,3703.105158
86.853935,84,3703.517362
86.901023,84,3703.928666
87.098239,84,3704.388617
86.659615,84,3704.823532
86.759931,84,3705.238127
86.292623,84,3705.719621
86.918306,84,3706.248753
87.209329,84,3706.699242
85.863039,84,3707.137026
86.879093,84,3707.608328
86.882245,84,3708.041292
86.870781,84,3708.487356
86.82841,84,3708.910387
86.972199,84,3709.33193
86.625494,84,3709.733844
86.68402,84,3710.20696
86.636567,84,3710.637275
86.310945,84,3711.049304
86.854563,84,3711.435081
87.556659,84,3711.888973
86.569928,84,3712.306933
86.890428,84,3712.716279
87.055804,84,3713.135367
86.911722,84,3713.604113
86.942013,84,3714.047251
86.229473,84,3714.492839
87.038189,84,3714.981946
86.945269,84,3715.442008
88.049884,84,3715.849166
87.207731,84,3716.272671
85.48065,84,3716.69086
87.300964,84,3717.099037
86.964634,84,3717.518664
85.547027,84,3717.953144
86.550843,84,3718.392325
88.814493,84,3718.810876
86.966766,84,3719.23182
81.677481,84,3719.681231
86.843817,84,3720.107516
84.85651,84,3720.544943
86.857962,84,3720.990565
82.504882,84,3721.400728
87.622742,84,3721.822544
86.976701,84,3722.265577
86.949606,84,3722.695268
87.098487,84,3723.122248
87.493233,84,3723.547205
88.104653,84,3724.008262
86.88963,84,3724.433434
87.432048,84,3724.836978
87.162967,84,3725.289298
86.870184,84,3725.786487
86.787429,84,3726.245122
85.884777,84,3726.697122
87.035968,84,3727.172384
86.862457,84,3727.637378
86.441911,84,3728.05892
85.845133,84,3728.560562
86.993386,84,3729.045913
87.191857,84,3729.502809
87.160995,84,3729.948633
86.856517,84,3730.408049
87.648837,84,3730.850945
86.873719,84,3731.329796
87.202762,84,3731.776853
86.999035,84,3732.1848
86.877512,84,3732.66153
87.846689,84,3733.088902
88.185279,84,3733.546832
86.150213,84,3734.004715
86.807242,84,3734.473212
86.457279,84,3734.914429
86.528263,84,3735.36451
87.382766,84,3735.872593
87.289227,84,3736.326169
86.886464,84,3736.761869
86.938021,84,3737.162987
86.955203,84,3737.617591
87.007379,84,3738.065411
87.211381,84,3738.487631
87.317149,84,3738.926458
87.404884,84,3739.367238
86.868643,84,3739.780869
85.435654,84,3740.208612
87.330078,84,3740.688699
87.145847,84,3741.099913
87.099911,84,3741.534319
87.059833,84,3742.023819
86.83851,84,3742.513178
87.314046,84,3742.967803
86.889504,84,3743.430551
86.738953,84,3743.856833
87.148399,84,3744.295105
85.419965,84,3744.739115
86.812971,84,3745.172913
86.701056,84,3745.589123
87.285283,84,3746.027469
87.402054,84,3746.481894
86.880535,84,3746.957841
86.846144,84,3747.442401
87.366263,84,3747.90911
86.10446,84,3748.330529
86.683977,84,3748.734069
86.613452,84,3749.193237
86.831074,84,3749.667998
87.582969,84,3750.101773
86.254592,84,3750.560596
87.118111,84,3751.041826
83.50251,84,3751.513705
87.357339,84,3751.992106
86.902075,84,3752.459092
86.70747,84,3752.863108
86.998143,84,3753.289267
87.002003,84,3753.759314
84.725962,84,3754.198069
86.860182,84,3754.684418
87.874495,84,3755.142964
87.323905,84,3755.594242
86.958836,84,3756.07583
86.734792,84,3756.584074
86.667392,84,3757.296342
87.222085,84,3758.087971
88.000308,84,3758.62396
86.79826,84,3759.107264
83.329572,84,3759.589535
86.420569,84,3760.104177
87.000783,84,3760.668193
86.938251,84,3761.151126
87.250303,84,3761.741609
87.651063,84,3762.29775
87.147988,84,3762.785647
84.208824,84,3763.292842
87.286613,84,3763.81935
86.469851,84,3764.392026
87.221062,84,3764.930789
87.052064,84,3765.507339
86.217736,84,3766.067377
87.434116,84,3766.531998
87.662172,84,3767.114967
86.898491,84,3767.715377
85.117407,84,3768.242097
87.152098,84,3768.767051
86.723642,84,3769.251698
86.512988,84,3769.871321
86.584041,84,3770.550468
86.965797,84,3771.146359
86.804978,84,3771.629559
86.831237,84,3772.132865
86.780514,84,3772.652541
87.010765,84,3773.138971
86.761642,84,3773.579198
86.927919,84,3774.07697
87.447715,84,3774.740065
86.373675,84,3775.249629
87.051251,84,3775.859041
87.203501,84,3776.300101
86.860371,84,3776.846827
86.775358,84,3777.278017
87.173119,84,3777.720883
83.649705,84,3778.209543
87.025545,84,3778.71965
86.057968,84,3779.172295
86.973797,84,3779.812702
87.432115,84,3780.324176
86.583336,84,3780.79017
86.594549,84,3781.394103
85.090418,84,3781.858817
86.912449,84,3782.456451
87.23216,84,3783.224488
86.954493,84,3783.856883
85.8137,84,3784.48969
84.657057,84,3785.083304
86.788901,84,3785.724274
87.46041,84,3786.254499
86.170702,84,3786.765926
87.297435,84,3787.227245
86.267203,84,3787.826968
86.930757,84,3788.385243
87.353226,84,3788.888906
86.986314,84,3789.401304
87.464139,84,3789.928937
86.817158,84,3790.49771
87.047973,84,3791.165789
87.075229,84,3791.802767
87.037513,84,3792.305016
87.006258,84,3792.835546
86.557458,84,3793.325126
87.446541,84,3793.819535
86.681601,84,3794.37984
86.863206,84,3794.923319
87.201127,84,3795.475111
87.449347,84,3796.063096
87.18296,84,3796.545923
87.320333,84,3797.143739
87.549823,84,3797.727559
87.070071,84,3798.218991
87.398583,84,3798.846447
87.663188,84,3799.441185
86.763878,84,3800.000143
86.806543,84,3800.58406
87.045788,84,3801.111446
87.092531,84,3801.899669
87.028055,84,3802.483403
86.953427,84,3802.974457
86.886487,84,3803.464142
86.564854,84,3803.982781
85.584976,84,3804.562028
86.815418,84,3805.112714
87.358799,84,3805.717463
83.978011,84,3806.263031
86.889183,84,3806.752561
86.823819,84,3807.222198
86.778436,84,3807.727342
87.969801,84,3808.182605
80.607647,84,3808.631665
81.575871,84,3809.075987
87.016428,84,3809.560234
87.130042,84,3810.000916
87.335204,84,3810.466283
86.946771,84,3810.996747
87.32071,84,3811.485724
86.501648,84,3811.913275
87.088705,84,3812.465119
87.117552,84,3812.975883
87.188038,84,3813.488803
88.112123,84,3813.951107
88.249951,84,3814.421959
86.820328,84,3814.993928
87.54237,84,3815.712882
86.908645,84,3816.343573
87.146412,84,3816.966922
87.177799,84,3817.57868
87.121527,84,3818.197334
87.872177,84,3818.859007
87.177796,84,3819.454324
86.940923,84,3820.054062
86.895384,84,3820.604845
87.172812,84,3821.144647
82.929643,84,3821.63335
86.889754,84,3822.14984
87.023221,84,3822.609782
87.349076,84,3823.165387
88.309875,84,3823.727349
82.200275,84,3824.186665
87.042581,84,3824.63022
87.140255,84,3825.101601
85.670887,84,3825.643201
87.260953,84,3826.11173
87.093093,84,3826.588423
86.997011,84,3827.021434
86.762551,84,3827.562315
87.538226,84,3828.047745
87.106921,84,3828.528674
85.986001,84,3828.981281
87.666436,84,3829.490293
86.937546,84,3830.048332
86.988058,84,3830.495616
86.607459,84,3830.976016
86.840452,84,3831.429757
84.478306,84,3831.864742
87.069401,84,3832.366021
85.776149,84,3832.91168
87.597969,84,3833.427009
87.1207,84,3833.951436
87.578943,84,3834.499482
87.263902,84,3834.946827
86.897184,84,3835.380034
86.895832,84,3835.837244
87.236052,84,3836.269798
87.070122,84,3836.697644
86.769825,84,3837.139948
87.484309,84,3837.609989
88.080107,84,3838.061997
87.667268,84,3838.489729
87.091704,84,3838.964841
86.450363,84,3839.41962
87.294772,84,3839.856264
87.011353,84,3840.294455
86.142092,84,3840.730132
86.956974,84,3841.147549
86.913326,84,3841.570558
86.645501,84,3842.032412
86.959474,84,3842.459897
86.829461,84,3842.864527
87.550298,84,3843.358616
86.801659,84,3843.836464
86.875532,84,3844.251604
87.508802,84,3844.671423
86.915091,84,3845.143592
87.370319,84,3845.633482
86.575708,84,3846.113957
86.79972,84,3846.590183
86.912477,84,3847.019797
87.205818,84,3847.443989
86.677947,84,3847.878564
87.729018,84,3848.356254
87.701258,84,3848.769759
86.771105,84,3849.190347
86.859317,84,3849.640262
87.487427,84,3850.081455
87.019448,84,3850.496856
87.018908,84,3850.919952
87.477265,84,3851.339442
87.017674,84,3851.739376
87.195588,84,3852.148604
86.804459,84,3852.610169
87.696399,84,3853.066296
87.370516,84,3853.497351
85.908231,84,3853.948021
87.551198,84,3854.409823
87.024228,84,3854.846124
86.836161,84,3855.319104
82.891706,84,3855.803205
87.847643,84,3856.241619
87.031889,84,3856.658082
86.65947,84,3857.131706
87.403168,84,3857.590273
85.99306,84,3858.003865
86.687079,84,3858.43949
86.698578,84,3858.903261
86.966157,84,3859.349229
87.079469,84,3859.750623
86.667111,84,3860.216172
86.932574,84,3860.687095
86.991539,84,3861.119022
87.287546,84,3861.550533
80.318587,84,3862.026186
87.103923,84,3862.446623
87.017299,84,3862.859442
86.703388,84,3863.272269
87.660461,84,3863.717866
87.157914,84,3864.143134
86.896157,84,3864.56796
88.000156,84,3865.026913
87.569001,84,3865.455713
87.013733,84,3865.879497
87.80112,84,3866.352894
87.195066,84,3866.830776
88.310107,84,3867.258904
85.937839,84,3867.702597
87.613758,84,3868.125193
87.911319,84,3868.543815
80.66254,84,3868.958637
87.046118,84,3869.418097
87.10604,84,3869.866928
87.03376,84,3870.26999
86.644317,84,3870.718004
86.858777,84,3871.178505
86.297234,84,3871.60272
86.944289,84,3872.005329
86.30883,84,3872.425389
86.650456,84,3872.837516
87.81185,84,3873.257297
86.936462,84,3873.681671
86.872744,84,3874.116241
86.814973,84,3874.567833
87.654567,84,3874.977068
87.905277,84,3875.470552
87.209441,84,3875.913757
86.879525,84,3876.318475
86.556292,84,3876.746049
85.770695,84,3877.181724
85.138227,84,3877.676146
86.552448,84,3878.11324
86.893714,84,3878.53948
87.529514,84,3878.957066
86.648751,84,3879.388383
85.394428,84,3879.808071
86.616302,84,3880.279086
87.214804,84,3880.70559
87.160109,84,3881.133859
87.262246,84,3881.597161
85.615199,84,3882.029889
86.790254,84,3882.447743
87.048579,84,3882.875226
86.742448,84,3883.295953
87.361812,84,3883.703112
87.108802,84,3884.134992
85.946352,84,3884.550269
87.224474,84,3885.018566
87.355739,84,3885.480786
86.599066,84,3885.946038
87.084975,84,3886.387081
86.406764,84,3886.817737
87.046585,84,3887.224579
86.707312,84,3887.652256
86.640554,84,3888.113369
87.059788,84,3888.617877
86.283623,84,3889.079945
86.870193,84,3889.565909
86.503354,84,3889.986755
87.243074,84,3890.416342
86.815708,84,3890.851996
85.816632,84,3891.273569
87.711225,84,3891.718996
87.299962,84,3892.158632
86.196797,84,3892.612677
87.057587,84,3893.046223
86.889967,84,3893.522278
86.66093,84,3894.004352
87.378005,84,3894.442915
87.04085,84,3894.883582
86.348494,84,3895.330224
88.11564,84,3895.755405
86.405891,84,3896.174178
86.78711,84,3896.63325
86.129728,84,3897.050438
87.155572,84,3897.476002
87.13748,84,3897.939058
86.710714,84,3898.467025
87.159388,84,3898.981206
86.680651,84,3899.483257
86.729874,84,3899.924624
87.100304,84,3900.384536
86.768684,84,3900.840884
87.64678,84,3901.29713
87.326881,84,3901.71863
86.791976,84,3902.142215
86.814065,84,3902.593357
87.175571,84,3903.004892
87.022242,84,3903.425497
87.93408,84,3903.861943
86.902778,84,3904.270254
87.641114,84,3904.666899
87.048496,84,3905.063192
86.632958,84,3905.480939
87.561568,84,3905.909413
87.093436,84,3906.307637
86.949664,84,3906.718785
87.072583,84,3907.169538
86.773974,84,3907.607786
86.348868,84,3908.035333
87.050803,84,3908.45009
87.135119,84,3908.867152
86.789235,84,3909.283282
87.627523,84,3909.754879
86.970149,84,3910.20073
86.860147,84,3910.618024
87.00525,84,3911.005311
86.058472,84,3911.4575
87.894602,84,3911.889323
84.516856,84,3912.322381
86.724982,84,3912.765293
86.980647,84,3913.190705
86.639874,84,3913.599383
86.474734,84,3913.997608
87.255035,84,3914.430555
87.707786,84,3914.844458
86.125825,84,3915.262105
87.275419,84,3915.68281
86.957858,84,3916.089514
86.736895,84,3916.493541
86.949651,84,3916.949254
87.396869,84,3917.398169
87.881603,84,3917.832823
87.061748,84,3918.226518
86.988245,84,3918.638528
87.421444,84,3919.063798
87.232882,84,3919.470592
86.516276,84,3919.887165
87.522572,84,3920.326545
86.707564,84,3920.775221
85.543465,84,3921.181043
86.677255,84,3921.639635
85.776623,84,3922.05723
86.575884,84,3922.464766
87.55939,84,3922.875146
86.719979,84,3923.30036
86.984828,84,3923.714235
87.113366,84,3924.159293
86.852433,84,3924.610441
87.048898,84,3925.025682
87.028222,84,3925.439727
87.678025,84,3925.904176
86.921232,84,3926.329457
86.93568,84,3926.748143
87.065937,84,3927.149946
87.136485,84,3927.574488
86.950554,84,3927.994676
86.868343,84,3928.418638
86.765964,84,3928.828203
87.108564,84,3929.246633
87.196761,84,3929.649477
87.359949,84,3930.04928
86.286624,84,3930.513081
86.457225,84,3930.995951
86.886446,84,3931.443859
86.997968,84,3931.850188
86.790732,84,3932.269505
86.777757,84,3932.693216
87.112782,84,3933.158117
86.599562,84,3933.610638
86.967666,84,3934.034439
86.888924,84,3934.464602
86.885455,84,3934.889058
86.051614,84,3935.349869
86.457853,84,3935.779897
82.292821,84,3936.207396
87.019251,84,3936.630101
87.467395,84,3937.036629
86.009452,84,3937.435551
86.935588,84,3937.860312
86.841529,84,3938.298468
87.832499,84,3938.709182
86.654186,84,3939.109595
86.895246,84,3939.54074
86.953884,84,3940.01538
86.681904,84,3940.43453
86.196018,84,3940.83808
87.514635,84,3941.274394
86.657927,84,3941.759233
86.978559,84,3942.238687
86.832122,84,3942.700613
86.879057,84,3943.19916
87.824905,84,3943.628647
86.744632,84,3944.192993
87.090836,84,3944.696903
87.101683,84,3945.154708
84.50498,84,3945.62781
85.312189,84,3946.092569
87.806441,84,3946.53141
87.020438,84,3946.933774
87.210121,84,3947.359609
86.945231,84,3947.784749
86.529408,84,3948.183322
86.893687,84,3948.620994
87.424845,84,3949.130775
86.219074,84,3949.600903
87.043258,84,3950.042544
85.087991,84,3950.52089
86.967127,84,3950.93659
87.219525,84,3951.363409
87.253674,84,3951.792999
86.971447,84,3952.291773
86.587371,84,3952.756692
86.978155,84,3953.207026
87.028389,84,3953.688196
84.351916,84,3954.152977
82.884636,84,3954.582465
86.569199,84,3955.056828
86.844555,84,3955.485765
86.920128,84,3955.97764
86.921764,84,3956.537185
86.267294,84,3957.058756
86.777742,84,3957.527761
86.54995,84,3957.978629
87.073789,84,3958.556746
86.994321,84,3959.012396
82.529421,84,3959.492834
86.927328,84,3959.966664
87.215084,84,3960.44455
87.041037,84,3960.906049
87.385074,84,3961.345639
87.026544,84,3961.817701
87.050052,84,3962.260636
86.690327,84,3962.739838
87.186644,84,3963.187509
86.201609,84,3963.649805
86.677706,84,3964.203962
86.872647,84,3964.722958
86.223057,84,3965.179987
86.468719,84,3965.65683
87.298774,84,3966.123723
86.590274,84,3966.70282
88.027966,84,3967.197443
87.481237,84,3967.674762
87.033495,84,3968.159667
84.679096,84,3968.645791
86.981808,84,3969.0794
86.910797,84,3969.570744
87.89071,84,3970.081
87.368327,84,3970.525315
87.011915,84,3970.950764
87.764233,84,3971.468586
86.891914,84,3971.942559
87.102052,84,3972.406028
78.040543,84,3972.931915
87.209928,84,3973.438631
87.331431,84,3973.995753
86.76697,84,3974.556419
86.953886,84,3975.039063
86.543428,84,3975.489606
86.626397,84,3975.972012
87.433399,84,3976.441486
87.164605,84,3976.926832
86.609729,84,3977.438363
87.015918,84,3977.921737
87.195807,84,3978.374062
86.256685,84,3978.83637
87.215822,84,3979.338994
86.989133,84,3979.821702
87.77798,84,3980.337459
86.752146,84,3980.821891
87.168243,84,3981.277311
87.061045,84,3981.729747
87.035719,84,3982.208951
86.950196,84,3982.652687
88.08997,84,3983.13083
86.931389,84,3983.601299
87.34462,84,3984.076689
87.129012,84,3984.521656
86.601692,84,3985.053195
86.793585,84,3985.63301
87.133001,84,3986.18193
86.087041,84,3986.683552
87.412381,84,3987.145142
87.663437,84,3987.602719
86.785717,84,3988.051256
87.067358,84,3988.479526
87.352075,84,3988.91206
87.268931,84,3989.386878
87.783365,84,3989.84128
87.247011,84,3990.331872
86.442955,84,3990.833829
86.89973,84,3991.296181
87.463621,84,3991.748122
87.819638,84,3992.253913
87.483446,84,3992.745137
85.950884,84,3993.26137
84.638456,84,3993.762833
88.071671,84,3994.251257
87.010025,84,3994.811669
87.273684,84,3995.268496
87.053297,84,3995.771467
87.809385,84,3996.21124
87.227698,84,3996.640787
87.002126,84,3997.091906
87.234415,84,3997.548442
87.518102,84,3997.987784
85.819898,84,3998.46297
87.132334,84,3998.904017
88.080923,84,3999.355738
86.849204,84,3999.823214
86.895874,84,4000.340937
86.759443,84,4000.776879
87.210575,84,4001.232861
87.461344,84,4001.685045
87.904374,84,4002.120792
80.244261,84,4002.56037
86.958233,84,4003.029083
87.062011,84,4003.453968
87.171076,84,4003.918217
86.480947,84,4004.406422
87.093701,84,4004.835667
86.7275,84,4005.268528
87.483757,84,4005.727471
87.089927,84,4006.19627
87.022457,84,4006.657073
87.186552,84,4007.104912
86.71718,84,4007.608363
88.004004,84,4008.07287
87.838861,84,4008.53719
86.509768,84,4008.994182
86.405149,84,4009.454097
86.45857,84,4009.887911
87.186222,84,4010.363051
86.541738,84,4010.7993
87.318335,84,4011.291378
86.902081,84,4011.755535
86.65261,84,4012.246065
87.467712,84,4012.697842
87.793729,84,4013.184598
86.609721,84,4013.645021
87.003814,84,4014.110936
86.895101,84,4014.589513
87.083482,84,4015.078876
86.904314,84,4015.52163
88.155506,84,4015.954864
88.126984,84,4016.515488
86.820402,84,4017.045678
84.637296,84,4017.631467
86.86334,84,4018.177191
86.663811,84,4018.674481
86.500142,84,4019.136448
86.969886,84,4019.616081
86.778954,84,4020.101257
86.991392,84,4020.591855
82.860164,84,4021.154013
86.961205,84,4021.738031
87.056656,84,4022.351196
87.013774,84,4022.920251
87.062176,84,4023.444775
86.904388,84,4023.980481
87.015528,84,4024.481674
87.03752,84,4024.953718
86.967181,84,4025.551294
86.80777,84,4026.045729
86.817283,84,4026.521767
86.951345,84,4027.123924
86.895254,84,4027.648546
86.47274,84,4028.220157
87.208824,84,4028.74642
86.111549,84,4029.264938
87.506698,84,4029.805359
87.960725,84,4030.313418
86.709357,84,4030.886839
86.705265,84,4031.465073
87.199316,84,4031.947451
87.013409,84,4032.480176
87.66147,84,4033.015201
87.074336,84,4033.508622
87.069271,84,4034.043557
87.310102,84,4034.561285
87.14941,84,4035.032299
83.942847,84,4035.539642
87.040117,84,4036.101635
88.099574,84,4036.652319
85.888222,84,4037.174287
87.69815,84,4037.711592
86.602789,84,4038.268713
87.557077,84,4038.84073
86.689709,84,4039.334406
86.797435,84,4039.860725
88.398186,84,4040.440793
86.743475,84,4040.986379
87.10176,84,4041.577077
86.984952,84,4042.123565
86.746591,84,4042.784212
87.061933,84,4043.402057
86.820677,84,4043.977839
87.476355,84,4044.561487
88.529167,84,4045.113242
87.359612,84,4045.737232
87.615577,84,4046.285993
87.077705,84,4046.837414
86.232126,84,4047.436499
86.803275,84,4048.015464
86.804755,84,4048.597781
87.979963,84,4049.159174
86.827292,84,4049.782232
85.80173,84,4050.33924
87.588497,84,4050.930764
87.682576,84,4051.455709
86.842486,84,4051.998275
87.619506,84,4052.51142
87.170614,84,4053.03971
86.915949,84,4053.578668
87.171899,84,4054.108755
85.146448,84,4054.668839
86.947581,84,4055.184241
86.728397,84,4055.641498
88.126437,84,4056.15181
86.947547,84,4056.665849
86.203842,84,4057.125595
87.146881,84,4057.641095
87.051212,84,4058.105658
87.151355,84,4058.640802
83.346687,84,4059.153592
87.460842,84,4059.642125
87.623652,84,4060.188737
86.827848,84,4060.683717
86.915349,84,4061.151098
87.633765,84,4061.645317
87.122006,84,4062.130775
87.178582,84,4062.624902
87.058538,84,4063.140429
86.648792,84,4063.704368
86.542915,84,4064.189636
87.036759,84,4064.718801
87.053121,84,4065.162634
86.493298,84,4065.640141
86.807972,84,4066.196361
85.505753,84,4066.739686
87.824143,84,4067.376589
87.123143,84,4067.969669
86.91278,84,4068.431983
85.861023,84,4068.9655
86.803265,84,4069.500755
87.311924,84,4069.986383
87.943475,84,4070.552828
87.519557,84,4071.109782
86.766729,84,4071.668753
86.691847,84,4072.249146
83.696227,84,4072.770266
86.11125,84,4073.303528
87.366259,84,4073.865011
86.78066,84,4074.408523
86.78034,84,4075.03355
86.940578,84,4075.580135
83.945437,84,4076.060392
87.582088,84,4076.61622
85.450277,84,4077.193933
86.527671,84,4077.759905
85.703812,84,4078.24103
87.493436,84,4078.693603
88.820618,84,4079.17288
87.08129,84,4079.635555
86.977094,84,4080.052229
87.631618,84,4080.524437
87.106691,84,4080.990327
87.389303,84,4081.486612
86.859037,84,4082.071237
87.180767,84,4082.553814
87.512974,84,4083.034321
85.348676,84,4083.484036
87.74794,84,4084.00071
85.647033,84,4084.436463
86.681446,84,4084.867147
86.992022,84,4085.329316
87.580654,84,4085.812391
83.318554,84,4086.284657
86.679275,84,4086.769731
87.180915,84,4087.226253
86.830994,84,4087.653018
87.518508,84,4088.095817
87.404067,84,4088.505051
86.561425,84,4088.918046
87.190264,84,4089.336011
86.842009,84,4089.774421
86.56659,84,4090.217901
87.455939,84,4090.64522
87.059252,84,4091.099786
86.735965,84,4091.510397
88.224168,84,4091.926883
87.156497,84,4092.398319
85.332057,84,4092.839666
87.110562,84,4093.269639
86.806608,84,4093.705195
87.339565,84,4094.138953
87.402139,84,4094.600102
86.565778,84,4095.060993
87.407525,84,4095.503743
86.554566,84,4095.923817
86.796693,84,4096.366988
87.022228,84,4096.81834
85.084673,84,4097.230161
86.662988,84,4097.668289
83.963449,84,4098.127747
86.954974,84,4098.591028
86.609528,84,4099.061129
86.994399,84,4099.506511
86.976205,84,4099.956245
86.530189,84,4100.375567
87.885499,84,4100.808781
87.147891,84,4101.278703
86.956961,84,4101.768154
87.273906,84,4102.23057
86.594606,84,4102.740542
87.752409,84,4103.205585
87.227437,84,4103.85939
85.447777,84,4104.471895
73.606778,84,4104.925092
87.003788,84,4105.355612
86.89869,84,4105.795728
87.098022,84,4106.237886
87.608259,84,4106.692039
87.729976,84,4107.139102
86.300162,84,4107.565992
85.966594,84,4107.99694
87.180738,84,4108.472507
87.299178,84,4108.948623
87.006107,84,4109.372833
85.208997,84,4109.825137
87.235494,84,4110.321998
86.990382,84,4110.788266
87.222441,84,4111.287913
87.161969,84,4111.735156
87.30371,84,4112.192537
86.801722,84,4112.674445
86.606946,84,4113.164047
85.664128,84,4113.624828
86.722694,84,4114.091828
86.042164,84,4114.596678
86.973805,84,4115.032112
86.739431,84,4115.487215
86.995064,84,4115.930236
87.15142,84,4116.396416
87.644892,84,4116.829595
86.836927,84,4117.295941
85.890562,84,4117.832082
86.276478,84,4118.285817
86.840449,84,4118.780939
86.88075,84,4119.290326
87.576408,84,4119.777733
87.289333,84,4120.249126
86.793359,84,4120.807258
87.829481,84,4121.362986
88.072761,84,4121.921959
86.698773,84,4122.449158
86.809938,84,4122.994918
87.443116,84,4123.531422
86.770622,84,4124.032482
85.020111,84,4124.507373
86.099866,84,4124.964031
86.003142,84,4125.573056
86.961792,84,4126.052346
87.094818,84,4126.558909
86.934783,84,4127.054246
87.090948,84,4127.511889
86.857396,84,4127.946076
87.093545,84,4128.396225
87.474113,84,4128.832722
86.458822,84,4129.2841
85.377688,84,4129.773126
86.717677,84,4130.284257
85.136816,84,4130.758583
87.14728,84,4131.221473
86.731665,84,4131.724352
87.616275,84,4132.190062
86.739706,84,4132.648486
87.197125,84,4133.151917
88.264037,84,4133.642483
87.359741,84,4134.134545
87.098315,84,4134.651896
87.167153,84,4135.227078
86.878884,84,4135.98158
87.465229,84,4136.779921
86.905455,84,4138.047817
86.312792,84,4138.636664
86.894914,84,4139.208289
85.674899,84,4139.741733
87.263473,84,4140.33425
86.711071,84,4140.907669
87.428008,84,4141.437112
87.019458,84,4141.916105
86.333966,84,4142.368699
87.293388,84,4142.858154
86.997856,84,4143.301515
86.774601,84,4143.765884
87.044633,84,4144.267196
86.990892,84,4144.755517
87.111423,84,4145.257519
87.810118,84,4145.776679
86.342344,84,4146.224287
87.123238,84,4146.719536
87.225548,84,4147.215858
87.288401,84,4147.761632
86.687473,84,4148.231627
88.173517,84,4148.679451
85.504022,84,4149.200968
87.198175,84,4149.703228
88.197211,84,4150.210167
88.083502,84,4150.701146
87.083936,84,4151.191897
87.762458,84,4151.646321
84.678174,84,4152.128135
86.994112,84,4152.583027
87.671584,84,4153.04292
86.948604,84,4153.523175
86.507534,84,4154.054276
86.215576,84,4154.54152
87.366838,84,4155.052468
86.399071,84,4155.552481
87.807928,84,4156.002536
86.703303,84,4156.460117
87.132671,84,4156.96226
86.934841,84,4157.471501
86.020946,84,4157.964527
86.913153,84,4158.472399
86.842858,84,4158.950361
86.792135,84,4159.414286
87.244099,84,4159.860365
87.485595,84,4160.311628
82.494538,84,4160.756706
87.160545,84,4161.218505
87.943628,84,4161.668252
86.412778,84,4162.094376
87.403811,84,4162.536514
87.836526,84,4162.968477
87.280794,84,4163.416507
86.880973,84,4163.961615
87.021413,84,4164.568871
87.103744,84,4165.040854
87.582327,84,4165.4866
87.129261,84,4165.934555
87.063293,84,4166.363231
87.190895,84,4166.799231
86.381172,84,4167.260704
83.45708,84,4167.730929
88.049905,84,4168.253211
87.750415,84,4168.796578
86.261427,84,4169.322523
87.15638,84,4169.881221
87.117231,84,4170.401735
88.178137,84,4170.882987
86.741353,84,4171.376081
87.187517,84,4171.88067
85.288588,84,4172.3513
86.602437,84,4172.845518
87.018129,84,4173.34491
86.770341,84,4173.826186
86.478233,84,4174.296614
87.189381,84,4174.816448
86.830117,84,4175.297701
86.461151,84,4175.756409
86.538747,84,4176.233173
87.085956,84,4176.747425
86.944347,84,4177.278574
86.774271,84,4177.752903
87.16983,84,4178.237752
86.141069,84,4178.702234
86.955015,84,4179.135027
86.962934,84,4179.636424
87.092471,84,4180.146564
86.982459,84,4180.58047
87.385916,84,4181.007295
86.744921,84,4181.490629
86.880225,84,4182.021729
87.401185,84,4182.479891
88.49076,84,4182.927099
87.189791,84,4183.407434
88.175605,84,4183.874495
86.442931,84,4184.341695
86.544013,84,4184.798996
86.835267,84,4185.291699
86.931995,84,4185.750965
87.657079,84,4186.185901
87.011661,84,4186.701851
86.982566,84,4187.163198
88.274432,84,4187.605461
87.148909,84,4188.026236
86.942358,84,4188.472932
86.83689,84,4188.931386
87.267209,84,4189.382679
86.567623,84,4189.840906
85.010766,84,4190.345937
87.2708,84,4190.869851
86.515434,84,4191.361565
85.656854,84,4191.798158
86.983695,84,4192.255903
86.687932,84,4192.689922
87.185317,84,4193.150042
86.325555,84,4193.612374
87.074213,84,4194.055408
87.957234,84,4194.498798
86.87161,84,4194.971695
87.449776,84,4195.465741
86.678702,84,4196.02687
87.265351,84,4196.566748
87.178123,84,4197.076427
87.933189,84,4197.556779
87.440147,84,4198.031578
86.826539,84,4198.491278
87.657369,84,4198.999346
87.089234,84,4199.468966
88.056031,84,4199.948858
86.807088,84,4200.45332
86.83176,84,4200.967141
86.78453,84,4201.464975
87.103706,84,4201.951542
86.273267,84,4202.411721
85.428287,84,4202.871794
87.088104,84,4203.326763
87.57196,84,4203.77204
86.821308,84,4204.23299
87.79286,84,4204.668637
87.255289,84,4205.144971
87.036513,84,4205.6213
86.654707,84,4206.067078
86.657211,84,4206.490867
87.540832,84,4206.944666
86.529526,84,4207.385796
86.714757,84,4207.829811
87.233094,84,4208.258212
86.817046,84,4208.69504
87.241904,84,4209.123375
88.304804,84,4209.604978
87.05209,84,4210.079605
86.948086,84,4210.505039
86.110873,84,4210.915943
87.161136,84,4211.357439
86.522657,84,4211.865145
86.40995,84,4212.480979
87.016126,84,4213.076156
88.263594,84,4213.568053
85.987814,84,4214.023197
86.88662,84,4214.519917
87.250448,84,4215.013019
88.686519,84,4215.601989
87.246926,84,4216.03789
87.156974,84,4216.49818
86.476736,84,4216.944056
86.839742,84,4217.415226
86.873221,84,4217.934089
86.263124,84,4218.576231
87.217054,84,4219.264765
87.30049,84,4219.874041
87.020421,84,4220.444165
87.261697,84,4221.038311
87.451262,84,4221.638228
87.051645,84,4222.312799
85.165137,84,4222.957256
87.417296,84,4223.690613
87.207664,84,4224.242044
85.9586,84,4224.864115
87.244131,84,4225.519713
87.624032,84,4226.138046
86.680549,84,4226.738671
86.296833,84,4227.366849
85.043348,84,4227.998116
87.024862,84,4228.65616
87.328886,84,4229.263813
87.187994,84,4229.882861
87.789768,84,4230.491877
87.990464,84,4231.15202
86.769635,84,4231.768267
86.034071,84,4232.359648
84.577031,84,4232.973101
87.104171,84,4233.536275
86.964809,84,4234.232571
87.071753,84,4234.845079
86.97012,84,4235.521288
86.617794,84,4236.129229
86.94125,84,4236.832264
86.908744,84,4237.520074
87.178863,84,4238.153493
86.280287,84,4238.749699
86.842334,84,4239.442303
87.587142,84,4240.080098
86.594529,84,4240.68204
87.595017,84,4241.292348
87.151072,84,4241.966608
87.758904,84,4242.635056
86.74367,84,4243.219973
86.883204,84,4243.785769
87.583673,84,4244.40203
87.30573,84,4245.030916
85.910498,84,4245.639698
82.34182,84,4246.277252
86.930742,84,4246.905208
87.13396,84,4247.533669
87.310799,84,4248.268942
87.908399,84,4248.892015
87.293002,84,4249.52655
85.895898,84,4250.137959
87.872201,84,4250.798309
87.001804,84,4251.371409
87.167835,84,4251.923967
85.961637,84,4252.486045
86.103516,84,4253.025097
85.222034,84,4253.552301
81.388201,84,4254.030481
87.032859,84,4254.517594
86.705977,84,4254.977046
87.024461,84,4255.458436
88.295313,84,4255.917488
86.264763,84,4256.423073
86.988836,84,4256.865416
86.996409,84,4257.35651
86.598553,84,4257.78067
87.013178,84,4258.227736
88.772972,84,4258.717559
86.152105,84,4259.164373
86.710679,84,4259.606488
86.952877,84,4260.084091
86.873076,84,4260.541655
87.055788,84,4260.960038
86.762526,84,4261.41763
86.41898,84,4261.988444
87.008213,84,4262.512221
86.935015,84,4263.08514
86.915743,84,4263.633166
87.734313,84,4264.144275
87.079164,84,4264.738499
86.420898,84,4265.27037
87.339353,84,4265.814472
87.55541,84,4266.437336
87.489215,84,4266.9491
87.335637,84,4267.472263
86.972452,84,4268.016155
87.636774,84,4268.473955
87.13242,84,4269.052428
87.301374,84,4269.62127
86.683413,84,4270.172553
86.945125,84,4270.7364
86.870691,84,4271.301751
85.840776,84,4271.809328
86.700589,84,4272.328538
87.149401,84,4272.864373
86.716989,84,4273.411406
88.151772,84,4273.974305
87.234074,84,4274.471413
87.027907,84,4275.00257
86.528308,84,4275.542706
86.933402,84,4276.040306
87.147546,84,4276.551648
79.10445,84,4277.091443
86.736016,84,4277.625589
86.806759,84,4278.150622
86.042555,84,4278.661522
86.946219,84,4279.144536
86.352609,84,4279.670426
87.298676,84,4280.230856
86.482801,84,4280.76419
88.287816,84,4281.316502
87.449602,84,4281.803004
86.564207,84,4282.330759
85.705779,84,4282.888171
86.117033,84,4283.37568
86.81623,84,4283.824113
87.103539,84,4284.314698
86.496564,84,4284.802131
85.610975,84,4285.268073
86.202967,84,4285.795764
87.071397,84,4286.260906
86.897518,84,4286.706438
87.167886,84,4287.240209
86.781092,84,4287.895653
87.298945,84,4288.463994
81.962956,84,4288.949614
86.880875,84,4289.403979
87.527979,84,4289.990325
86.32359,84,4290.57798
86.373626,84,4291.065666
87.481544,84,4291.619124
87.101736,84,4292.191068
86.884263,84,4292.667722
87.794132,84,4293.161949
87.53101,84,4293.668436
86.7258,84,4294.14872
88.160704,84,4294.764192
86.890607,84,4295.282559
87.797275,84,4295.856941
87.141139,84,4296.442346
86.807393,84,4296.990674
87.595478,84,4297.56364
86.913498,84,4298.144207
86.954615,84,4298.773027
86.975861,84,4299.276669
87.645117,84,4299.854168
86.97205,84,4300.406234
82.311795,84,4300.990427
87.356454,84,4301.552833
86.876898,84,4302.124722
87.203176,84,4302.637257
87.344736,84,4303.134533
87.061159,84,4303.62614
85.859111,84,4304.086681
86.961338,84,4304.574194
86.951137,84,4305.013972
87.023265,84,4305.575943
86.761189,84,4306.092281
87.004103,84,4306.535101
86.619555,84,4307.045774
87.695206,84,4307.522359
87.12164,84,4307.987206
85.248207,84,4308.486949
87.869714,84,4309.062804
87.190082,84,4309.547865
86.049206,84,4310.054626
86.760566,84,4310.563072
87.016194,84,4311.112601
88.252295,84,4311.667389
87.71679,84,4312.150572
86.270538,84,4312.615927
87.217969,84,4313.152698
87.976498,84,4313.711909
87.0766,84,4314.278964
86.900057,84,4314.837386
87.945655,84,4315.343031
86.743091,84,4315.886552
87.167338,84,4316.418007
87.158379,84,4316.896862
86.835247,84,4317.383341
87.319547,84,4317.848906
87.165408,84,4318.313654
87.2398,84,4318.759185
86.966953,84,4319.223693
86.985749,84,4319.664112
87.110942,84,4320.106679
86.715423,84,4320.536014
87.94826,84,4320.961966
86.832605,84,4321.37131
86.170667,84,4321.83197
87.25171,84,4322.315697
87.175226,84,4322.780036
86.934478,84,4323.256304
86.801446,84,4323.696938
86.957569,84,4324.143933
86.565599,84,4324.572468
87.233194,84,4325.006083
86.48118,84,4325.419775
86.975517,84,4325.842915
86.900754,84,4326.282074
86.99953,84,4326.713565
87.724418,84,4327.164816
87.389704,84,4327.590901
87.364729,84,4328.03955
87.028645,84,4328.524533
86.30838,84,4328.952275
86.669701,84,4329.408677
87.457349,84,4329.881967
88.040762,84,4330.325011
86.847072,84,4330.798214
88.258728,84,4331.206417
86.994513,84,4331.642136
86.97812,84,4332.107408
87.127764,84,4332.572463
87.165359,84,4333.031169
87.536792,84,4333.466159
86.911652,84,4333.926995
86.996281,84,4334.388453
87.281285,84,4334.828449
86.960503,84,4335.306151
86.923038,84,4335.830554
87.60163,84,4336.300656
86.683614,84,4336.777568
88.542381,84,4337.221564
84.628849,84,4337.691541
87.124481,84,4338.160407
87.202828,84,4338.621786
88.039177,84,4339.054698
87.301612,84,4339.523793
86.223655,84,4339.953114
87.485816,84,4340.411361
87.2194,84,4340.948141
86.907167,84,4341.542206
87.738297,84,4342.100385
86.402538,84,4342.682246
85.208205,84,4343.236041
87.016933,84,4343.740658
87.948872,84,4344.258835
87.435955,84,4344.8224
86.561652,84,4345.382231
88.156608,84,4345.885931
87.674776,84,4346.365965
87.219474,84,4346.926522
86.947764,84,4347.462293
87.229947,84,4347.933027
86.666296,84,4348.469188
86.636686,84,4348.955962
86.002158,84,4349.463559
85.327325,84,4349.990422
86.48025,84,4350.466246
87.285471,84,4350.994339
86.575529,84,4351.521958
87.059315,84,4352.066139
86.911113,84,4352.613841
87.419639,84,4353.156389
87.376915,84,4353.649305
86.857167,84,4354.161564
87.18966,84,4354.742384
85.313154,84,4355.266291
86.563887,84,4355.864613
85.692182,84,4356.36317
86.411654,84,4356.822743
86.252519,84,4357.369246
87.253942,84,4357.863154
86.284485,84,4358.359269
87.387883,84,4358.806377
86.850494,84,4359.259862
88.000429,84,4359.716455
87.21269,84,4360.290496
86.322417,84,4360.808633
86.136634,84,4361.370179
86.642565,84,4361.840349
87.274009,84,4362.380785
87.042457,84,4362.941363
87.849026,84,4363.487234
87.140859,84,4364.074993
86.964187,84,4364.592129
87.153381,84,4365.114094
86.675921,84,4365.646173
84.309133,84,4366.121756
81.325183,84,4366.619183
87.020757,84,4367.146592
87.4984,84,4367.62803
87.058526,84,4368.193528
87.080265,84,4368.734841
87.890254,84,4369.283798
87.730751,84,4369.833313
85.862837,84,4370.299374
85.835332,84,4370.802458
88.225577,84,4371.302753
86.775779,84,4371.858412
87.171436,84,4372.393238
87.535207,84,4373.01555
87.184943,84,4373.578201
87.005156,84,4374.167354
87.091336,84,4374.673948
87.086627,84,4375.214273
87.554385,84,4375.694923
87.938048,84,4376.217215
86.96659,84,4376.710036
86.417688,84,4377.225103
86.966805,84,4377.700287
87.660927,84,4378.331745
87.260265,84,4378.872127
87.024791,84,4379.408196
87.558313,84,4380.017148
87.96346,84,4380.51968
85.049239,84,4381.176646
86.549207,84,4381.760328
86.979951,84,4382.338271
86.987706,84,4382.999573
87.861461,84,4383.5683
87.487118,84,4384.174879
86.785769,84,4384.798761
87.08379,84,4385.385108
85.762444,84,4385.986439
87.499324,84,4386.530307
87.046753,84,4387.180273
87.772053,84,4387.843853
87.006619,84,4388.514325
86.806798,84,4389.110411
86.942899,84,4389.631654
86.952204,84,4390.251291
88.401506,84,4390.825117
86.937599,84,4391.443649
87.117593,84,4392.109638
88.374428,84,4392.739271
86.861584,84,4393.343628
86.964932,84,4393.972489
87.561613,84,4394.623083
86.886712,84,4395.264756
87.060995,84,4395.867043
86.552907,84,4396.50534
85.978511,84,4397.137571
86.809394,84,4397.665555
86.831348,84,4398.229253
87.521248,84,4398.798931
87.514657,84,4399.449798
88.208195,84,4400.005245
86.747419,84,4400.637433
86.746093,84,4401.314873
86.370372,84,4401.927841
86.243791,84,4402.495642
87.320927,84,4403.15674
87.47018,84,4403.775848
86.874025,84,4404.481662
86.450933,84,4405.075524
86.730339,84,4405.80651
86.956991,84,4406.447611
87.079876,84,4407.023386
86.881195,84,4407.663008
86.965864,84,4408.289812
87.634183,84,4408.94888
86.948348,84,4409.589815
81.453258,84,4410.290787
86.904651,84,4410.930058
84.361138,84,4411.555269
87.670413,84,4412.21578
87.12673,84,4412.804884
87.070055,84,4413.480143
86.568971,84,4414.127898
86.38227,84,4414.794819
87.367537,84,4415.429028
86.405658,84,4416.063673
86.772582,84,4416.786821
87.291497,84,4417.36297
86.821198,84,4417.987389
86.94793,84,4418.592617
87.209254,84,4419.229815
87.70746,84,4419.885257
87.24518,84,4420.534854
86.437764,84,4421.108097
86.90042,84,4421.687892
87.005564,84,4422.333274
87.250467,84,4422.910117
87.287373,84,4423.50701
87.012482,84,4424.221071
86.098185,84,4424.921182
85.766658,84,4425.528659
86.964996,84,4426.139061
87.223467,84,4426.864618
87.752675,84,4427.542301
86.706356,84,4428.308505
88.129995,84,4429.026745
87.181049,84,4429.688819
87.994331,84,4430.321854
86.822656,84,4430.951003
86.681514,84,4431.464677
86.862855,84,4431.993892
87.323877,84,4432.564919
86.919241,84,4433.144962
86.894834,84,4433.755352
87.093118,84,4434.357692
87.410634,84,4435.018226
86.745809,84,4435.677855
86.83895,84,4436.275331
86.955141,84,4436.875637
87.34455,84,4437.534479
87.298445,84,4438.176003
86.884547,84,4438.780661
86.765111,84,4439.401139
78.984535,84,4439.989
87.446759,84,4440.60515
87.63083,84,4441.232281
85.91094,84,4441.768041
85.581736,84,4442.425319
87.084608,84,4443.045876
86.906542,84,4443.590983
85.771213,84,4444.145822
87.102487,84,4444.692193
87.330462,84,4445.301641
86.539747,84,4445.919432
86.7001,84,4446.497063
87.327048,84,4447.085676
88.083762,84,4447.64495
88.684612,84,4448.25556
87.418275,84,4448.887996
87.504043,84,4449.473151
86.886606,84,4450.05954
86.269913,84,4450.60018
86.701265,84,4451.239608
85.531386,84,4451.825519
87.335522,84,4452.444185
87.163333,84,4453.059751
86.755868,84,4453.628026
87.076544,84,4454.200193
87.527528,84,4454.767892
87.009545,84,4455.365485
86.4678,84,4455.973744
86.814442,84,4456.504397
87.582666,84,4457.094278
86.774,84,4457.672498
86.794133,84,4458.337249
87.764061,84,4458.900843
87.497122,84,4459.55135
85.094589,84,4460.112341
87.033748,84,4460.689204
87.071788,84,4461.28528
87.591887,84,4461.860883
86.645577,84,4462.457312
86.758943,84,4463.027241
86.775541,84,4463.620004
86.778736,84,4464.308454
86.657035,84,4464.98564
88.021776,84,4465.615479
88.399692,84,4466.197161
86.921537,84,4466.79355
87.441851,84,4467.38805
87.224014,84,4468.036991
86.737649,84,4468.634608
86.392482,84,4469.27617
87.004551,84,4469.938374
86.940402,84,4470.644365
86.926819,84,4471.293151
87.302741,84,4471.919548
88.485477,84,4472.602294
86.769383,84,4473.235578
86.496145,84,4473.915696
87.292252,84,4474.609757
86.933163,84,4475.285845
87.461032,84,4476.010642
87.110509,84,4476.700177
87.672922,84,4477.347595
86.830432,84,4478.007143
86.504849,84,4478.710157
84.677261,84,4479.321507
86.340959,84,4479.939985
83.575624,84,4480.614915
87.579452,84,4481.290863
87.807524,84,4481.860562
86.728948,84,4482.447217
87.04077,84,4483.15503
87.518939,84,4483.821769
87.325534,84,4484.474365
87.085933,84,4485.112739
86.786524,84,4485.755789
87.990859,84,4486.409647
87.693019,84,4487.051014
86.814239,84,4487.718254
87.804707,84,4488.428648
88.001128,84,4489.12046
86.945137,84,4489.786492
79.97044,84,4490.395944
87.549273,84,4491.057186
87.135585,84,4491.716286
86.76589,84,4492.428476
86.862358,84,4493.048271
86.665225,84,4493.717833
86.78475,84,4494.369615
87.896313,84,4494.987351
86.970928,84,4495.590784
86.650013,84,4496.175759
87.199405,84,4496.878238
86.82307,84,4497.504617
86.990847,84,4498.133635
88.088154,84,4498.719136
86.687301,84,4499.338798
87.160168,84,4500.021691
87.249383,84,4500.650407
86.701828,84,4501.307666
87.482171,84,4502.018981
88.834056,84,4502.663054
86.948999,84,4503.318947
87.226777,84,4503.978635
86.935939,84,4504.611061
87.316971,84,4505.194899
88.284682,84,4505.881423
86.796989,84,4506.51461
87.795433,84,4507.152416
88.038492,84,4507.757569
85.991585,84,4508.345163
87.020424,84,4508.965949
86.811657,84,4509.584929
87.225723,84,4510.247623
86.820015,84,4510.900569
86.630944,84,4511.484632
84.103812,84,4512.115578
87.031986,84,4512.751183
86.204188,84,4513.33356
86.212538,84,4513.911206
81.8391,84,4514.505308
87.491832,84,4515.155872
87.084556,84,4515.688524
87.111349,84,4516.268161
87.166959,84,4516.854079
87.072445,84,4517.393545
87.146205,84,4518.026036
86.528778,84,4518.620182
87.543403,84,4519.276699
84.522246,84,4519.894029
86.73489,84,4520.428555
87.029303,84,4521.109745
86.878584,84,4521.67185
87.473124,84,4522.286608
87.167781,84,4522.912768
87.00602,84,4523.583631
86.86301,84,4524.250899
86.635357,84,4524.822688
86.10529,84,4525.489062
86.989195,84,4526.086214
86.746429,84,4526.663166
87.10221,84,4527.256011
86.819759,84,4527.817987
86.773745,84,4528.468856
87.190382,84,4529.097744
86.793487,84,4529.728263
85.826655,84,4530.302529
87.070322,84,4530.867861
86.521713,84,4531.503808
87.925379,84,4532.141615
87.163636,84,4532.818189
86.476399,84,4533.455259
87.182881,84,4534.108596
81.537153,84,4534.803583
87.056081,84,4535.446788
86.897975,84,4536.020954
85.952787,84,4536.590863
87.25043,84,4537.265298
86.220176,84,4537.941508
86.5349,84,4538.611176
87.749687,84,4539.252449
87.908141,84,4539.890665
86.742434,84,4540.462646
86.594965,84,4541.106381
86.770487,84,4541.753613
87.102903,84,4542.467706
87.279277,84,4543.101885
87.802785,84,4543.678312
87.576593,84,4544.244763
87.317266,84,4544.937722
86.783706,84,4545.569239
86.072978,84,4546.25876
88.035306,84,4546.94166
88.786253,84,4547.549745
83.264603,84,4548.106161
87.207432,84,4548.752883
87.19926,84,4549.343151
87.298544,84,4549.968814
87.34015,84,4550.543969
87.556388,84,4551.186317
87.019802,84,4551.810563
86.190379,84,4552.452129
84.712681,84,4553.105906
87.290285,84,4553.643975
79.874415,84,4554.228198
87.42315,84,4554.851857
87.048184,84,4555.4911
82.64694,84,4556.162122
82.281374,84,4556.688173
86.784967,84,4557.250816
87.309492,84,4557.891295
86.780554,84,4558.542479
87.010571,84,4559.1678
88.012871,84,4559.777938
87.479302,84,4560.435051
87.745503,84,4560.995092
82.912015,84,4561.547143
87.01581,84,4562.09191
87.005676,84,4562.659092
84.731317,84,4563.295702
87.238968,84,4563.896533
86.760667,84,4564.493579
86.909331,84,4565.188216
86.095476,84,4565.837167
87.412742,84,4566.458576
87.938117,84,4567.05102
86.758375,84,4567.633578
87.060185,84,4568.201836
86.999348,84,4568.845754
87.293278,84,4569.501911
85.964117,84,4570.096119
87.489147,84,4570.748235
87.400743,84,4571.407973
88.241175,84,4571.972373
86.793586,84,4572.594523
87.210159,84,4573.173279
86.194404,84,4573.761507
86.59995,84,4574.211182
86.749457,84,4574.68106
87.154346,84,4575.13427
86.908748,84,4575.568812
87.032681,84,4576.081657
86.690866,84,4576.561037
86.669693,84,4577.020375
87.298987,84,4577.51819
87.225763,84,4578.026129
88.253535,84,4578.631676
87.201564,84,4579.194227
86.674169,84,4579.728291
87.171746,84,4580.280842
86.76602,84,4580.807006
77.264621,84,4581.411512
86.83675,84,4581.992684
86.998368,84,4582.560703
87.672724,84,4583.055674
86.837083,84,4583.699656
87.072294,84,4584.319785
87.189234,84,4584.875494
88.011549,84,4585.423075
86.308543,84,4585.938415
87.027961,84,4586.450068
87.130636,84,4586.978484
86.244187,84,4587.626657
87.225126,84,4588.231956
87.397916,84,4588.811422
86.775452,84,4589.349776
86.542514,84,4589.916367
86.708638,84,4590.383054
86.975918,84,4590.873504
86.850876,84,4591.398173
88.269036,84,4591.878107
86.691311,84,4592.402757
86.947965,84,4592.932431
86.515574,84,4593.384884
87.114985,84,4593.865293
87.662322,84,4594.425634
87.138755,84,4594.933983
86.793456,84,4595.418554
87.411125,84,4595.874237
87.619249,84,4596.321185
87.281705,84,4596.848572
87.038106,84,4597.445891
86.986588,84,4597.986422
86.785673,84,4598.524442
87.553302,84,4598.972553
86.859265,84,4599.417608
87.302326,84,4599.914861
87.002095,84,4600.376707
86.608663,84,4600.843342
87.051072,84,4601.392632
87.403831,84,4601.891301
87.448936,84,4602.375581
87.489182,84,4602.847146
87.202746,84,4603.334874
87.174338,84,4603.846287
87.046044,84,4604.343111
86.880952,84,4604.984525
86.745057,84,4605.592463
87.10524,84,4606.212702
87.649135,84,4606.778435
86.796874,84,4607.33523
86.614499,84,4607.895295
87.069637,84,4608.474543
86.44432,84,4609.006388
87.199696,84,4609.495356
87.01684,84,4610.019478
87.11795,84,4610.516318
87.899106,84,4611.036043
85.786268,84,4611.475676
87.311248,84,4611.889664
87.650158,84,4612.340519
86.920242,84,4612.794617
86.947426,84,4613.217519
87.129305,84,4613.735428
87.425059,84,4614.307081
86.784103,84,4614.79263
85.372309,84,4615.271249
87.674508,84,4615.809919
86.343808,84,4616.46593
86.78639,84,4617.023456
87.60899,84,4617.492793
86.21905,84,4617.915383
87.737214,84,4618.351719
87.411858,84,4618.889695
87.174286,84,4619.463866
88.614063,84,4620.015891
86.78197,84,4620.5902
86.970774,84,4621.057077
87.82222,84,4621.560903
86.917019,84,4622.056545
86.644261,84,4622.565961
87.50075,84,4623.061973
84.195298,84,4623.581902
87.368411,84,4624.125648
86.883186,84,4624.677018
87.419741,84,4625.252985
85.436552,84,4625.802251
88.135175,84,4626.311318
85.358902,84,4626.784282
87.545427,84,4627.267559
84.233897,84,4627.811024
86.775566,84,4628.368965
86.244267,84,4628.839466
88.085653,84,4629.354198
87.033848,84,4629.842465
87.065443,84,4630.364828
86.900089,84,4630.829276
87.557938,84,4631.297736
85.58896,84,4631.799657
86.789186,84,4632.298479
87.27127,84,4632.863627
88.293107,84,4633.418694
86.95579,84,4633.897198
86.927123,84,4634.353772
86.528766,84,4634.85255
88.172161,84,4635.347924
87.722208,84,4635.860909
87.078258,84,4636.425471
85.339941,84,4636.967067
87.502905,84,4637.508665
86.843761,84,4638.002307
86.98167,84,4638.461993
86.788302,84,4638.960323
87.060749,84,4639.445357
87.829953,84,4639.944878
86.920609,84,4640.469196
86.854421,84,4641.030689
87.196994,84,4641.626387
87.401473,84,4642.191715
87.036027,84,4642.75631
86.938058,84,4643.41245
87.019561,84,4644.004624
86.803225,84,4644.616101
87.211179,84,4645.233232
87.208808,84,4645.865062
79.713216,84,4646.47974
86.754835,84,4647.101223
85.780147,84,4647.897736
86.025361,84,4648.626538
83.788489,84,4649.185223
86.907408,84,4649.877278
86.641582,84,4650.663723
86.30912,84,4651.28968
87.25477,84,4651.877251
86.547899,84,4652.413328
86.789143,84,4652.986555
86.890343,84,4653.538697
85.049398,84,4654.1111
81.607539,84,4654.715875
87.136457,84,4655.286869
88.180128,84,4655.863196
86.92353,84,4656.412824
85.934995,84,4656.969
86.76349,84,4657.553148
86.742766,84,4658.092885
86.171883,84,4658.642467
74.884302,84,4659.240545
86.855819,84,4659.847485
86.934084,84,4660.407809
86.856337,84,4661.02986
86.020929,84,4661.514838
87.237136,84,4662.023234
86.565039,84,4662.567108
86.59534,84,4663.051561
85.520075,84,4663.577355
87.127193,84,4664.128967
87.412245,84,4664.686828
87.324973,84,4665.209177
86.791057,84,4665.662188
86.091768,84,4666.176347
85.911123,84,4666.74079
87.535638,84,4667.221164
87.932991,84,4667.743985
85.921243,84,4668.332316
86.753065,84,4668.875317
87.727848,84,4669.394541
85.900298,84,4669.86936
87.293537,84,4670.310859
88.391374,84,4670.831214
87.447108,84,4671.339271
87.125176,84,4671.838782
86.885936,84,4672.400936
86.549017,84,4672.962089
86.97335,84,4673.509253
87.117774,84,4674.050874
87.62178,84,4674.602181
86.713168,84,4675.168165
86.863831,84,4675.697694
86.686604,84,4676.244989
87.202204,84,4676.777139
87.241592,84,4677.308847
87.234257,84,4677.871789
87.837718,84,4678.438952
87.738307,84,4678.984893
87.148843,84,4679.455066
86.152531,84,4679.987504
86.400974,84,4680.510784
87.416604,84,4681.049131
87.107572,84,4681.531845
86.803356,84,4682.132396
87.020842,84,4682.63757
85.89756,84,4683.126883
85.901529,84,4683.606359
86.394544,84,4684.177212
87.75106,84,4684.683256
87.809965,84,4685.147671
86.738667,84,4685.685097
83.559734,84,4686.219095
87.438009,84,4686.756105
85.413117,84,4687.377355
87.50531,84,4687.932777
87.597925,84,4688.507325
86.922835,84,4689.136187
87.112961,84,4689.607828
86.941058,84,4690.144305
85.568872,84,4690.692149
87.209142,84,4691.231013
87.836726,84,4691.733037
79.76003,84,4692.254064
86.734696,84,4692.772006
87.371662,84,4693.283395
87.16835,84,4693.751395
87.0614,84,4694.217702
86.978918,84,4694.792265
87.154083,84,4695.326695
87.184083,84,4695.844764
87.046044,84,4696.370488
87.01446,84,4696.8546
86.375323,84,4697.345416
87.149592,84,4697.861926
87.10348,84,4698.379474
86.840183,84,4698.838429
87.212222,84,4699.366735
87.405198,84,4699.947584
87.41438,84,4700.47015
88.199498,84,4700.957707
86.721199,84,4701.424345
87.23127,84,4701.981326
86.710556,84,4702.507575
86.659473,84,4703.048506
86.87342,84,4703.575545
87.623541,84,4704.05306
88.197927,84,4704.586078
86.767891,84,4705.135202
86.835295,84,4705.683045
86.734922,84,4706.19439
86.874569,84,4706.749105
86.841909,84,4707.239227
87.529646,84,4707.717998
87.648123,84,4708.275259
86.634786,84,4708.816731
86.284482,84,4709.315629
86.99203,84,4709.880286
86.14676,84,4710.3985
85.794048,84,4710.966397
88.51045,84,4711.513571
87.427028,84,4711.987323
86.825505,84,4712.50766
86.664189,84,4713.066298
86.938191,84,4713.644198
86.891205,84,4714.168473
86.691419,84,4714.712768
86.985275,84,4715.181405
87.991435,84,4715.737326
87.114768,84,4716.293874
86.70028,84,4716.771757
87.121945,84,4717.305357
87.760535,84,4717.839943
87.308709,84,4718.407898
87.174872,84,4718.893272
87.346296,84,4719.383793
87.036759,84,4719.956318
84.475439,84,4720.533687
85.759531,84,4721.010206
87.214789,84,4721.513251
86.2634,84,4722.00576
86.793373,84,4722.53859
86.616756,84,4723.033391
84.574652,84,4723.500716
87.920411,84,4723.995358
86.835563,84,4724.505492
87.189073,84,4724.981603
87.261444,84,4725.505309
86.658019,84,4726.026415
86.817016,84,4726.574585
87.39039,84,4727.154426
85.128852,84,4727.712826
87.388948,84,4728.226684
86.990749,84,4728.744407
86.904903,84,4729.319611
87.949824,84,4729.919346
87.245452,84,4730.464733
87.112898,84,4731.059629
87.048473,84,4731.706253
86.237766,84,4732.22627
88.604579,84,4732.810474
86.196739,84,4733.391374
87.00098,84,4733.880666
87.315426,84,4734.448712
87.723578,84,4735.005543
88.16204,84,4735.531119
87.949022,84,4736.129673
87.959062,84,4736.684969
87.509596,84,4737.201224
88.050062,84,4737.762343
87.770297,84,4738.32491
84.756757,84,4738.878226
79.781923,84,4739.411822
87.431739,84,4739.931502
86.764311,84,4740.582934
86.758269,84,4741.167466
86.833577,84,4741.805409
86.522721,84,4742.38734
86.911476,84,4743.02598
87.657117,84,4743.581243
87.588112,84,4744.099514
88.072522,84,4744.692589
88.783163,84,4745.245626
87.167878,84,4745.803555
87.170624,84,4746.361535
87.738271,84,4746.9063
86.946806,84,4747.417889
87.478695,84,4747.958212
83.967169,84,4748.567968
87.147253,84,4749.143306
86.938951,84,4749.728779
86.360007,84,4750.292654
86.924896,84,4750.849791
87.048908,84,4751.425107
86.10828,84,4751.957194
86.890487,84,4752.529928
87.368999,84,4753.100855
86.905581,84,4753.651694
86.052953,84,4754.221942
86.990417,84,4754.751026
82.839255,84,4755.292067
87.410806,84,4755.863911
86.926049,84,4756.330987
87.352865,84,4756.82449
87.183191,84,4757.344784
88.013636,84,4757.829906
87.302928,84,4758.356187
87.299149,84,4758.919841
88.116217,84,4759.499584
83.830534,84,4760.012682
86.858188,84,4760.549984
87.537171,84,4761.051723
88.322833,84,4761.576125
86.011595,84,4762.174843
86.942406,84,4762.757353
87.85013,84,4763.345152
85.417912,84,4763.874161
86.728249,84,4764.401699
87.261112,84,4764.978156
88.10733,84,4765.524011
86.956879,84,4766.138039
87.236182,84,4766.691305
87.016314,84,4767.248952
86.403415,84,4767.830749
87.197812,84,4768.417154
86.684709,84,4768.974378
87.612173,84,4769.527364
87.169998,84,4770.10376
86.815326,84,4770.656564
81.641362,84,4771.143545
86.891195,84,4771.658416
86.88118,84,4772.207149
86.753191,84,4772.727945
87.462685,84,4773.261594
88.217847,84,4773.799932
84.993573,84,4774.265511
86.865876,84,4774.818044
87.359934,84,4775.355441
87.654115,84,4775.884267
86.955618,84,4776.529763
86.21976,84,4777.068225
87.276479,84,4777.540082
82.692033,84,4778.049881
85.11741,84,4778.589197
88.205378,84,4779.063095
87.643065,84,4779.594889
86.822363,84,4780.164424
86.71846,84,4780.799896
84.687668,84,4781.358117
87.10601,84,4781.825341
87.172373,84,4782.347047
87.272642,84,4782.832258
85.853444,84,4783.315891
85.971111,84,4783.88404
85.466503,84,4784.365165
86.938037,84,4784.822078
86.626724,84,4785.414188
87.886765,84,4785.955577
87.462843,84,4786.406715
87.413217,84,4786.953417
86.786252,84,4787.444786
86.912512,84,4787.975714
87.171939,84,4788.499983
86.45202,84,4788.945978
86.740511,84,4789.444612
87.530197,84,4790.03245
87.536572,84,4790.620204
86.421005,84,4791.218473
87.076386,84,4791.822366
85.753876,84,4792.366442
87.014405,84,4792.968842
85.709164,84,4793.564082
87.710891,84,4794.273579
87.833633,84,4794.893862
86.801899,84,4795.47919
87.241973,84,4796.120305
88.427308,84,4796.794345
87.175327,84,4797.413579
87.87955,84,4798.048214
84.414585,84,4798.641083
86.728886,84,4799.238971
86.583121,84,4799.812927
87.370609,84,4800.509967
80.265917,84,4801.206354
88.076515,84,4801.899011
80.690728,84,4802.615173
85.328748,84,4803.200045
87.855587,84,4803.83722
87.555978,84,4804.480134
86.678703,84,4805.091293
87.518181,84,4805.718249
87.818637,84,4806.247213
87.383543,84,4806.857228
88.184487,84,4807.378776
87.267668,84,4807.977519
86.792455,84,4808.642897
87.077953,84,4809.277594
86.718377,84,4809.938213
88.026723,84,4810.548533
86.841062,84,4811.199511
86.876543,84,4811.794115
87.27884,84,4812.427091
87.254859,84,4813.202369
86.903022,84,4813.843579
84.878394,84,4814.460636
86.237835,84,4815.082572
86.827135,84,4815.773284
86.829791,84,4816.535821
87.206938,84,4817.251223
87.144501,84,4817.885702
87.045611,84,4818.57917
86.990657,84,4819.182158
87.798887,84,4819.759347
87.011431,84,4820.452333
86.708683,84,4821.117879
86.8322,84,4821.836535
87.359298,84,4822.528536
86.909098,84,4823.176496
87.230843,84,4823.816569
86.783743,84,4824.435806
85.432305,84,4825.070221
85.342621,84,4825.656013
84.962219,84,4826.414335
86.956013,84,4827.06038
86.762796,84,4827.771779
86.993153,84,4828.372443
86.202671,84,4829.026267
87.144558,84,4829.658486
86.832115,84,4830.340262
87.277078,84,4831.005709
87.723621,84,4831.620325
87.058616,84,4832.247648
87.24335,84,4832.922537
86.440335,84,4833.516973
86.817953,84,4834.145442
86.916824,84,4834.856453
87.027285,84,4835.563974
86.993958,84,4836.200458
86.748604,84,4836.871368
87.193165,84,4837.508612
87.559504,84,4838.191713
86.094023,84,4838.809661
86.693473,84,4839.447377
86.762635,84,4840.167156
86.83162,84,4840.849277
87.132782,84,4841.497907
86.922228,84,4842.145652
86.996623,84,4842.816787
85.325191,84,4843.444124
87.439137,84,4844.228739
87.612186,84,4844.882385
87.408716,84,4845.603675
86.733516,84,4846.213555
86.811845,84,4846.81521
85.777047,84,4847.443602
86.958918,84,4847.977197
87.325914,84,4848.620871
87.005536,84,4849.242643
87.308947,84,4849.887731
87.18111,84,4850.570611
87.090049,84,4851.289484
86.695275,84,4851.933653
88.29699,84,4852.60682
87.198073,84,4853.33959
86.75789,84,4853.91256
80.060434,84,4854.459573
87.060746,84,4855.0422
87.029174,84,4855.700918
87.022417,84,4856.446307
87.066489,84,4857.042755
87.542136,84,4857.725244
87.097553,84,4858.328666
86.157507,84,4858.926689
86.798371,84,4859.44271
87.07545,84,4860.012948
86.377341,84,4860.684463
86.884567,84,4861.292674
84.704682,84,4861.944563
86.796877,84,4862.606825
86.944946,84,4863.174707
86.783117,84,4863.716042
87.047664,84,4864.337164
86.528853,84,4864.946616
88.31438,84,4865.527767
87.305751,84,4866.086589
83.979017,84,4866.767307
87.201826,84,4867.416243
87.088118,84,4868.131886
87.451339,84,4868.76894
86.630903,84,4869.30497
87.070814,84,4869.908884
86.759188,84,4870.543427
87.104165,84,4871.249567
87.318326,84,4871.894986
88.403506,84,4872.525472
87.615883,84,4873.078166
88.1437,84,4873.649458
86.052802,84,4874.258866
86.937721,84,4874.918195
86.968845,84,4875.554469
87.752466,84,4876.220707
87.213172,84,4876.860865
86.832114,84,4877.575254
84.255985,84,4878.187664
86.673057,84,4878.866402
86.97514,84,4879.511849
87.132267,84,4880.231717
86.619444,84,4880.888679
84.982652,84,4881.510092
87.090761,84,4882.209303
87.253302,84,4882.861836
86.799862,84,4883.57981
86.222437,84,4884.236098
86.614696,84,4884.945673
87.361953,84,4885.612664
86.986207,84,4886.289781
85.682144,84,4887.051012
86.440351,84,4887.829496
86.501144,84,4888.579871
86.969777,84,4889.342113
86.290631,84,4890.010105
85.718128,84,4890.646728
87.239467,84,4891.325968
86.518559,84,4892.01853
83.65132,84,4892.686873
86.980799,84,4893.282293
85.855682,84,4893.984872
88.074847,84,4894.652092
87.313248,84,4895.342193
86.829549,84,4896.011979
87.090194,84,4896.658384
87.395623,84,4897.302906
86.820591,84,4897.942683
82.888037,84,4898.61378
87.265727,84,4899.303882
86.956046,84,4899.970145
85.635379,84,4900.639925
86.648051,84,4901.290942
86.42924,84,4901.921256
87.190498,84,4902.567751
85.103048,84,4903.226259
88.584518,84,4903.850338
87.190485,84,4904.421535
86.345949,84,4905.012806
86.487678,84,4905.62301
87.041577,84,4906.337206
87.054038,84,4906.967911
87.885018,84,4907.619299
87.237111,84,4908.278512
86.64592,84,4908.910218
87.148749,84,4909.636633
86.959277,84,4910.343277
85.61078,84,4911.015083
86.78361,84,4911.688562
86.58613,84,4912.373289
86.888409,84,4913.024072
86.934587,84,4913.67368
88.405878,84,4914.318611
86.660295,84,4914.977171
85.836071,84,4915.644158
80.427798,84,4916.30256
86.822552,84,4916.987785
86.694771,84,4917.661151
86.616358,84,4918.288954
85.9671,84,4918.960301
87.045375,84,4919.617629
87.007336,84,4920.251066
87.350671,84,4920.975882
88.125447,84,4921.648063
85.746035,84,4922.315399
85.038992,84,4923.01786
87.558223,84,4923.704006
87.117828,84,4924.400062
86.638094,84,4925.059263
87.06178,84,4925.751313
88.574076,84,4926.404381
86.346736,84,4927.10251
88.132889,84,4927.733987
86.863203,84,4928.347984
84.164468,84,4929.00374
86.568348,84,4929.705458
87.232819,84,4930.352287
87.594035,84,4931.045638
87.170143,84,4931.746131
85.836626,84,4932.426323
87.35887,84,4933.113319
86.415855,84,4933.773399
86.569192,84,4934.412474
87.678312,84,4935.079492
87.456761,84,4935.714181
86.692902,84,4936.353631
86.946962,84,4936.99621
87.179313,84,4937.642627
87.442442,84,4938.269517
87.102937,84,4938.881994
87.24371,84,4939.505372
86.685698,84,4940.102653
85.904743,84,4940.697338
85.680112,84,4941.279526
87.614426,84,4941.863957
87.245741,84,4942.538688
87.076004,84,4943.086837
87.122051,84,4943.673579
86.419665,84,4944.319947
85.557446,84,4944.876945
87.368083,84,4945.477043
88.856657,84,4946.099601
85.96552,84,4946.650749
86.923629,84,4947.189997
87.500418,84,4947.753306
85.978019,84,4948.412715
85.947552,84,4948.98839
86.667971,84,4949.55284
82.923901,84,4950.229813
85.389043,84,4950.872466
86.737816,84,4951.573632
86.843355,84,4952.261553
85.332419,84,4953.028843
84.247365,84,4953.635489
86.604572,84,4954.296974
87.26334,84,4955.059261
86.929012,84,4955.734562
86.179311,84,4956.393432
86.980088,84,4956.996901
85.89593,84,4957.6439
84.285316,84,4958.317549
87.072278,84,4958.97894
86.053327,84,4959.577577
85.953718,84,4960.154948
87.598375,84,4960.800772
87.436559,84,4961.347015
87.529394,84,4961.954818
86.976723,84,4962.625425
87.161797,84,4963.174212
86.95725,84,4963.813362
87.390971,84,4964.442502
87.579745,84,4965.06145
87.311085,84,4965.684936
86.983173,84,4966.280921
87.063603,84,4966.886525
87.15975,84,4967.456864
84.178735,84,4968.041916
84.276209,84,4968.59985
87.11548,84,4969.232763
85.941395,84,4969.816063
85.816031,84,4970.396493
87.175956,84,4971.083421
87.292823,84,4971.721724
87.264976,84,4972.402225
87.113472,84,4973.11606
86.921901,84,4973.743798
87.643914,84,4974.424169
87.122109,84,4975.147717
86.948411,84,4975.825402
88.150698,84,4976.509603
86.943323,84,4977.183227
87.538172,84,4977.836036
86.912387,84,4978.504872
85.361898,84,4979.100058
86.91528,84,4979.798738
86.945328,84,4980.441913
87.768978,84,4981.069448
85.93751,84,4981.69997
84.862703,84,4982.330186
86.567348,84,4983.003626
86.239976,84,4983.673285
87.801491,84,4984.332014
87.014383,84,4985.021927
87.056082,84,4985.663863
85.574647,84,4986.32845
86.698474,84,4986.974986
88.370076,84,4987.603241
87.344478,84,4988.253374
87.172403,84,4988.949553
87.030307,84,4989.653584
87.111092,84,4990.325167
85.409972,84,4990.984214
87.737884,84,4991.571926
87.455601,84,4992.242694
86.525994,84,4992.899078
86.894866,84,4993.556799
87.065768,84,4994.257174
86.74662,84,4994.844325
86.938352,84,4995.502027
87.4774,84,4996.156668
87.289593,84,4996.820412
86.411211,84,4997.479815
86.915726,84,4998.122526
87.730668,84,4998.744403
87.109657,84,4999.389421
87.071901,84,5000.022274
86.900911,84,5000.664263
86.770516,84,5001.307053
87.00975,84,5001.965675
86.326533,84,5002.680543
86.932619,84,5003.310538
86.929789,84,5003.978626
87.093759,84,5004.722625
87.51604,84,5005.456548
87.006865,84,5006.162027
87.024493,84,5006.942304
87.175735,84,5007.630095
87.07253,84,5008.300609
87.096951,84,5008.962883
86.958604,84,5009.635031
86.940843,84,5010.216869
86.708693,84,5010.843766
87.27443,84,5011.51955
85.728327,84,5012.123663
86.816518,84,5012.698918
87.528609,84,5013.372967
86.802299,84,5014.000037
86.662655,84,5014.689816
87.818995,84,5015.385948
84.255747,84,5016.089703
87.194542,84,5016.732241
87.552909,84,5017.349622
87.259939,84,5018.009641
86.329055,84,5018.679126
85.846135,84,5019.348765
87.394716,84,5019.988364
87.893109,84,5020.668293
85.917939,84,5021.270192
86.632006,84,5021.984341
86.942744,84,5022.646568
84.054758,84,5023.281998
87.04452,84,5023.969627
87.684331,84,5024.630261
86.670648,84,5025.312389
87.54176,84,5025.939819
87.023674,84,5026.62234
86.869169,84,5027.304183
86.721183,84,5028.034246
87.883036,84,5028.713568
86.691381,84,5029.368047
87.157314,84,5030.05205
86.81822,84,5030.641114
86.724462,84,5031.2963
86.258519,84,5032.003527
86.955944,84,5032.670265
87.063145,84,5033.366135
87.291998,84,5034.01515
80.129416,84,5034.586588
86.782266,84,5035.13334
87.162407,84,5035.748909
88.510174,84,5036.37433
86.669705,84,5036.968993
86.734221,84,5037.526509
87.164645,84,5038.133876
87.686953,84,5038.791321
86.794464,84,5039.486495
86.372688,84,5040.120359
86.852825,84,5040.787812
87.287496,84,5041.405324
86.798215,84,5041.975189
87.14169,84,5042.612463
85.465087,84,5043.26606
87.280974,84,5044.002771
87.144158,84,5044.687703
87.274003,84,5045.278276
87.306005,84,5045.907167
86.572571,84,5046.590313
86.92132,84,5047.204087
86.501688,84,5047.835384
88.438553,84,5048.480667
86.333665,84,5049.073359
82.28869,84,5049.680665
86.635657,84,5050.313417
87.149766,84,5050.887452
88.427685,84,5051.493212
87.731928,84,5052.148764
87.078228,84,5052.799295
88.365759,84,5053.472233
86.979757,84,5054.058433
86.984485,84,5054.700003
86.783677,84,5055.387561
87.056219,84,5056.048279
87.044521,84,5056.763613
86.253345,84,5057.438761
86.945368,84,5058.057611
86.709388,84,5058.61554
87.378909,84,5059.206811
84.154048,84,5059.82685
86.805316,84,5060.564764
86.703159,84,5061.232412
87.029451,84,5061.838661
87.131613,84,5062.443191
86.960596,84,5062.989304
86.924545,84,5063.602704
86.610841,84,5064.273075
88.00965,84,5064.975591
87.20113,84,5065.638466
85.538466,84,5066.164426
87.676961,84,5066.794461
87.019411,84,5067.443425
86.975728,84,5068.040618
86.936459,84,5068.606289
86.535078,84,5069.169319
86.315292,84,5069.832782
86.989036,84,5070.446576
87.119025,84,5071.05265
88.638752,84,5071.677364
86.671465,84,5072.240088
86.765933,84,5072.772835
86.573736,84,5073.288947
86.962605,84,5073.899731
87.210777,84,5074.520474
87.247014,84,5075.127327
87.491649,84,5075.712772
86.833751,84,5076.303604
86.722542,84,5076.927505
86.844172,84,5077.493845
87.05729,84,5078.142965
87.776444,84,5078.738118
86.812446,84,5079.311568
87.107018,84,5079.901457
87.248446,84,5080.458182
87.394668,84,5081.161277
87.062889,84,5081.825113
86.503503,84,5082.469215
87.607445,84,5083.123728
86.282048,84,5083.698589
86.555297,84,5084.285464
86.774182,84,5084.852755
87.493034,84,5085.454804
86.918205,84,5086.043945
87.197315,84,5086.697825
87.211984,84,5087.34773
87.137573,84,5088.008427
87.614052,84,5088.70162
87.175605,84,5089.379149
86.952757,84,5090.000369
86.944474,84,5090.636733
87.29337,84,5091.262516
86.017316,84,5091.942537
86.726086,84,5092.63683
85.578519,84,5093.355947
86.514339,84,5093.934157
87.122302,84,5094.555213
87.932497,84,5095.171535
87.457392,84,5095.781871
86.703174,84,5096.512745
86.726807,84,5097.173756
87.793928,84,5097.802608
87.541636,84,5098.416294
86.770839,84,5099.123416
85.102381,84,5099.742919
85.663248,84,5100.358611
86.598813,84,5101.035086
87.873614,84,5101.687451
86.091338,84,5102.329235
86.330791,84,5102.996109
84.332389,84,5103.672
87.754452,84,5104.317462
86.896626,84,5104.99502
87.084168,84,5105.697326
86.124542,84,5106.336375
86.583483,84,5106.965729
86.536289,84,5107.570479
87.105672,84,5108.191308
85.171649,84,5108.782768
86.902519,84,5109.480505
86.92107,84,5110.150313
86.300328,84,5110.761319
86.946939,84,5111.335331
87.913092,84,5112.008883
88.344666,84,5112.668261
82.196006,84,5113.217538
87.705668,84,5113.851106
87.537973,84,5114.526263
85.875262,84,5115.144748
86.748588,84,5115.77314
86.107539,84,5116.366845
85.351619,84,5116.984637
86.081378,84,5117.549409
86.830504,84,5118.13516
86.876161,84,5118.783897
84.079912,84,5119.438481
86.798971,84,5120.111599
84.75005,84,5120.723129
87.15958,84,5121.328612
85.430901,84,5121.970973
84.142388,84,5122.602142
86.185536,84,5123.258886
88.843845,84,5123.849226
86.911268,84,5124.509929
87.419223,84,5125.158832
86.668053,84,5125.782904
86.852761,84,5126.457309
87.020145,84,5127.203214
87.453167,84,5127.832012
87.414019,84,5128.483313
87.473561,84,5129.111524
87.111794,84,5129.710506
87.489143,84,5130.371347
85.878605,84,5130.989485
87.311672,84,5131.575174
84.443587,84,5132.184961
87.762287,84,5132.761062
88.285536,84,5133.351115
87.139832,84,5133.935947
86.898435,84,5134.599977
86.025164,84,5135.219138
83.407011,84,5135.925067
86.128079,84,5136.626916
86.987088,84,5137.263417
87.442933,84,5137.864539
86.934339,84,5138.506178
87.033595,84,5139.209147
86.809608,84,5139.76158
87.00073,84,5140.386175
85.833161,84,5141.02874
87.114043,84,5141.695345
86.980079,84,5142.285414
86.969715,84,5142.943309
86.59014,84,5143.524058
86.180688,84,5144.133319
88.900317,84,5144.700628
86.968468,84,5145.280412
86.833566,84,5145.881598
87.434019,84,5146.560962
86.401528,84,5147.213448
87.081532,84,5147.831907
87.27848,84,5148.465575
87.220508,84,5149.064975
86.544729,84,5149.65732
86.854883,84,5150.320316
86.632528,84,5150.97743
86.867465,84,5151.624234
87.054388,84,5152.282411
86.834971,84,5152.918931
85.743127,84,5153.556571
84.792618,84,5154.252364
85.651861,84,5154.916394
87.556979,84,5155.613549
86.500349,84,5156.160346
86.947839,84,5156.820296
87.703309,84,5157.457592
86.800669,84,5158.117441
87.416066,84,5158.792261
87.873436,84,5159.442461
87.113457,84,5160.091197
87.757925,84,5162.658744
