time/fps,time/total_timesteps,rollout/ep_rew_mean,time/time_elapsed,rollout/exploration_rate,time/episodes,rollout/ep_len_mean,train/loss,train/learning_rate,train/n_updates
182,84,87.03228,0,0.9991133333333339,1,84.0,,,
168,168,87.009454,0,0.9982266666666666,2,84.0,69.80853271484375,0.0001,16
179,252,86.98841533333332,1,0.9973400000000006,3,84.0,59.4368896484375,0.0001,37
188,336,86.99582674999999,1,0.9964533333333333,4,84.0,46.42942810058594,0.0001,58
196,420,86.95988179999999,2,0.9955666666666672,5,84.0,37.6513671875,0.0001,79
200,504,86.97341283333333,2,0.99468,6,84.0,22.405147552490234,0.0001,100
203,588,86.979332,2,0.9937933333333339,7,84.0,16.225353240966797,0.0001,121
205,672,86.95805525,3,0.9929066666666666,8,84.0,25.189414978027344,0.0001,142
208,756,86.94328055555555,3,0.9920200000000005,9,84.0,17.81547737121582,0.0001,163
211,840,86.9398535,3,0.9911333333333332,10,84.0,13.26620864868164,0.0001,184
214,924,86.93604618181817,4,0.9902466666666672,11,84.0,13.270641326904297,0.0001,205
215,1008,86.94894649999999,4,0.9893599999999999,12,84.0,13.061717987060547,0.0001,226
213,1092,86.97188138461539,5,0.9884733333333338,13,84.0,8.600812911987305,0.0001,247
215,1176,86.98476928571428,5,0.9875866666666666,14,84.0,9.594793319702148,0.0001,268
217,1260,86.9775104,5,0.9867000000000004,15,84.0,5.951968193054199,0.0001,289
218,1344,86.98005649999999,6,0.9858133333333332,16,84.0,7.126834392547607,0.0001,310
219,1428,86.98339941176471,6,0.9849266666666671,17,84.0,5.589942932128906,0.0001,331
221,1512,86.96482088888888,6,0.9840399999999998,18,84.0,3.8060898780822754,0.0001,352
221,1596,86.96126715789474,7,0.9831533333333338,19,84.0,6.494387626647949,0.0001,373
222,1680,86.95439144999999,7,0.9822666666666665,20,84.0,2.504213809967041,0.0001,394
222,1764,86.95257023809523,7,0.9813800000000004,21,84.0,4.911462306976318,0.0001,415
221,1848,86.95474513636363,8,0.9804933333333332,22,84.0,6.175532817840576,0.0001,436
220,1932,86.94369582608695,8,0.9796066666666671,23,84.0,3.2982089519500732,0.0001,457
219,2016,86.94837141666669,9,0.9787199999999998,24,84.0,4.775572776794434,0.0001,478
218,2100,86.94738456,9,0.9778333333333337,25,84.0,5.1709699630737305,0.0001,499
217,2184,86.93740446153848,10,0.9769466666666664,26,84.0,2.6615540981292725,0.0001,520
216,2268,86.93671307407409,10,0.9760600000000004,27,84.0,3.1285064220428467,0.0001,541
217,2352,86.93967717857143,10,0.9751733333333331,28,84.0,2.0267763137817383,0.0001,562
218,2436,86.94269913793104,11,0.974286666666667,29,84.0,7.446494102478027,0.0001,583
218,2520,86.94146666666667,11,0.9733999999999998,30,84.0,2.2930045127868652,0.0001,604
218,2604,86.94831900000001,11,0.9725133333333337,31,84.0,1.845710277557373,0.0001,625
215,2688,86.95496228125,12,0.9716266666666664,32,84.0,2.5859222412109375,0.0001,646
215,2772,86.95257730303031,12,0.9707400000000003,33,84.0,1.9682446718215942,0.0001,667
214,2856,86.95029832352942,13,0.969853333333333,34,84.0,1.3893003463745117,0.0001,688
213,2940,86.94990337142859,13,0.968966666666667,35,84.0,1.3497183322906494,0.0001,709
212,3024,86.9492928888889,14,0.9680799999999997,36,84.0,3.8917880058288574,0.0001,730
212,3108,86.94480913513515,14,0.9671933333333336,37,84.0,2.224745273590088,0.0001,751
213,3192,86.94161347368423,14,0.9663066666666664,38,84.0,4.543919563293457,0.0001,772
212,3276,86.94283187179488,15,0.9654200000000003,39,84.0,3.89937162399292,0.0001,793
212,3360,86.93927477499999,15,0.964533333333333,40,84.0,5.10727071762085,0.0001,814
211,3444,86.93626319512194,16,0.9636466666666669,41,84.0,1.3791879415512085,0.0001,835
211,3528,86.93553566666665,16,0.9627599999999996,42,84.0,1.6677325963974,0.0001,856
211,3612,86.93677744186046,17,0.9618733333333336,43,84.0,1.567952275276184,0.0001,877
211,3696,86.93767529545454,17,0.9609866666666663,44,84.0,1.9895415306091309,0.0001,898
211,3780,86.93724017777777,17,0.9601000000000002,45,84.0,3.7392239570617676,0.0001,919
211,3864,86.93493328260868,18,0.959213333333333,46,84.0,1.7101155519485474,0.0001,940
210,3948,86.93925321276595,18,0.9583266666666669,47,84.0,2.200863838195801,0.0001,961
210,4032,86.93680554166667,19,0.9574399999999996,48,84.0,1.1239529848098755,0.0001,982
211,4116,86.93919930612246,19,0.9565533333333335,49,84.0,1.5406243801116943,0.0001,1003
210,4200,86.93954448000001,19,0.9556666666666662,50,84.0,1.8527686595916748,0.0001,1024
210,4284,86.94261427450981,20,0.9547800000000002,51,84.0,1.6085495948791504,0.0001,1045
211,4368,86.94184653846153,20,0.9538933333333329,52,84.0,1.1711511611938477,0.0001,1066
211,4452,86.94447333962265,21,0.9530066666666668,53,84.0,3.9141502380371094,0.0001,1087
210,4536,86.94659140740741,21,0.9521199999999996,54,84.0,1.832228660583496,0.0001,1108
210,4620,86.94312263636364,21,0.9512333333333335,55,84.0,1.5517246723175049,0.0001,1129
210,4704,86.94155953571428,22,0.9503466666666662,56,84.0,4.055137634277344,0.0001,1150
210,4788,86.93813978947367,22,0.9494600000000001,57,84.0,1.1903178691864014,0.0001,1171
208,4872,86.9409636551724,23,0.9485733333333328,58,84.0,1.2212064266204834,0.0001,1192
208,4956,86.94006425423727,23,0.9476866666666668,59,84.0,1.367991328239441,0.0001,1213
208,5040,86.9380271333333,24,0.9467999999999995,60,84.0,1.9223402738571167,0.0001,1234
207,5124,86.93605865573768,24,0.9459133333333334,61,84.0,0.9197505712509155,0.0001,1255
207,5208,86.93644817741932,25,0.9450266666666662,62,84.0,3.654972553253174,0.0001,1276
207,5292,86.93726679365076,25,0.9441400000000001,63,84.0,1.0837019681930542,0.0001,1297
206,5376,86.93702168749999,25,0.9432533333333328,64,84.0,1.3553496599197388,0.0001,1318
207,5460,86.93440236923075,26,0.9423666666666667,65,84.0,6.31552791595459,0.0001,1339
207,5544,86.93561995454544,26,0.9414799999999994,66,84.0,1.3347911834716797,0.0001,1360
207,5628,86.93574031343283,27,0.9405933333333334,67,84.0,0.772112250328064,0.0001,1381
206,5712,86.94017529411764,27,0.9397066666666672,68,84.0,1.381343126296997,0.0001,1402
206,5796,86.93668221739128,28,0.93882,69,84.0,0.7859799265861511,0.0001,1423
205,5880,86.93890144285713,28,0.9379333333333338,70,84.0,4.056656360626221,0.0001,1444
205,5964,86.93991826760562,29,0.9370466666666666,71,84.0,1.3066513538360596,0.0001,1465
205,6048,86.94100352777777,29,0.9361600000000005,72,84.0,0.8978257179260254,0.0001,1486
205,6132,86.94159861643834,29,0.9352733333333333,73,84.0,1.6017165184020996,0.0001,1507
205,6216,86.94280125675674,30,0.9343866666666671,74,84.0,3.5041399002075195,0.0001,1528
205,6300,86.94237102666665,30,0.9335,75,84.0,3.8261289596557617,0.0001,1549
205,6384,86.94214217105261,31,0.9326133333333338,76,84.0,3.9275612831115723,0.0001,1570
205,6468,86.94264999999999,31,0.9317266666666666,77,84.0,3.575789451599121,0.0001,1591
206,6552,86.94107310256409,31,0.9308400000000004,78,84.0,1.0876041650772095,0.0001,1612
206,6636,86.93983262025314,32,0.9299533333333332,79,84.0,0.654794454574585,0.0001,1633
206,6720,86.93965116249998,32,0.9290666666666672,80,84.0,0.8315935134887695,0.0001,1654
206,6804,86.93908839506172,33,0.9281799999999999,81,84.0,3.910590171813965,0.0001,1675
205,6888,86.9416885609756,33,0.9272933333333337,82,84.0,3.6849143505096436,0.0001,1696
205,6972,86.94302372289157,33,0.9264066666666666,83,84.0,3.581040859222412,0.0001,1717
205,7056,86.9435565952381,34,0.9255200000000005,84,84.0,1.1155202388763428,0.0001,1738
206,7140,86.94256854117648,34,0.9246333333333332,85,84.0,0.49306198954582214,0.0001,1759
206,7224,86.94174516279071,35,0.923746666666667,86,84.0,1.118971824645996,0.0001,1780
206,7308,86.94213394252874,35,0.9228599999999998,87,84.0,1.3496514558792114,0.0001,1801
206,7392,86.9424044090909,35,0.9219733333333338,88,84.0,0.8622384071350098,0.0001,1822
206,7476,86.94283078651684,36,0.9210866666666665,89,84.0,0.645255446434021,0.0001,1843
206,7560,86.9434486,36,0.9202000000000004,90,84.0,0.7160834670066833,0.0001,1864
205,7644,86.94372782417582,37,0.9193133333333332,91,84.0,0.5412435531616211,0.0001,1885
205,7728,86.94340069565216,37,0.9184266666666671,92,84.0,1.1698631048202515,0.0001,1906
206,7812,86.9434554408602,37,0.9175399999999998,93,84.0,0.9217749834060669,0.0001,1927
206,7896,86.94718693617021,38,0.9166533333333337,94,84.0,0.5325489044189453,0.0001,1948
205,7980,86.9499790631579,38,0.9157666666666665,95,84.0,3.336967945098877,0.0001,1969
205,8064,86.94873640625,39,0.9148800000000004,96,84.0,3.3772544860839844,0.0001,1990
205,8148,86.94928883505155,39,0.9139933333333331,97,84.0,0.9640613794326782,0.0001,2011
205,8232,86.94685157142857,40,0.913106666666667,98,84.0,0.30054396390914917,0.0001,2032
205,8316,86.94612458585858,40,0.9122199999999998,99,84.0,0.5318883657455444,0.0001,2053
205,8400,86.94772777,40,0.9113333333333337,100,84.0,3.3996944427490234,0.0001,2074
205,8484,86.94583502000002,41,0.9104466666666664,101,84.0,0.5958263278007507,0.0001,2095
205,8568,86.94527048999998,41,0.9095600000000003,102,84.0,3.183244228363037,0.0001,2116
205,8652,86.94511766,42,0.9086733333333331,103,84.0,3.2186038494110107,0.0001,2137
205,8736,86.94186378999999,42,0.907786666666667,104,84.0,0.3478628396987915,0.0001,2158
205,8820,86.94244199999997,42,0.9068999999999997,105,84.0,3.130178928375244,0.0001,2179
205,8904,86.93896322999997,43,0.9060133333333336,106,84.0,3.056943893432617,0.0001,2200
205,8988,86.93975546999998,43,0.9051266666666664,107,84.0,0.7816314101219177,0.0001,2221
206,9072,86.93896809999998,44,0.9042400000000003,108,84.0,1.1991949081420898,0.0001,2242
205,9156,86.93990635999998,44,0.903353333333333,109,84.0,0.6836694478988647,0.0001,2263
205,9240,86.93899796999999,44,0.9024666666666669,110,84.0,0.4753773808479309,0.0001,2284
205,9324,86.93902908999999,45,0.9015799999999997,111,84.0,0.47405529022216797,0.0001,2305
205,9408,86.93836549,45,0.9006933333333336,112,84.0,1.0398263931274414,0.0001,2326
205,9492,86.93440328000001,46,0.8998066666666663,113,84.0,0.5653619170188904,0.0001,2347
205,9576,86.9321769,46,0.8989200000000002,114,84.0,0.685813307762146,0.0001,2368
205,9660,86.93193374999998,46,0.898033333333333,115,84.0,1.0082288980484009,0.0001,2389
205,9744,86.93199125999999,47,0.8971466666666669,116,84.0,0.7473276853561401,0.0001,2410
205,9828,86.9314449,47,0.8962599999999996,117,84.0,6.073548316955566,0.0001,2431
206,9912,86.93504322999998,48,0.8953733333333335,118,84.0,0.5760135650634766,0.0001,2452
206,9996,86.93384672,48,0.8944866666666663,119,84.0,0.42970791459083557,0.0001,2473
206,10080,86.93473501,48,0.8936000000000002,120,84.0,0.44980230927467346,0.0001,2494
206,10164,86.9369733,49,0.8927133333333329,121,84.0,0.5298511981964111,0.0001,2515
206,10248,86.93399072000003,49,0.8918266666666668,122,84.0,6.183239459991455,0.0001,2536
206,10332,86.93566845000001,50,0.8909399999999996,123,84.0,5.947312355041504,0.0001,2557
206,10416,86.93429382000002,50,0.8900533333333335,124,84.0,0.26531851291656494,0.0001,2578
207,10500,86.93567275,50,0.8891666666666662,125,84.0,3.478018283843994,0.0001,2599
207,10584,86.9377205,51,0.8882800000000001,126,84.0,0.6063171625137329,0.0001,2620
207,10668,86.93722687000002,51,0.8873933333333329,127,84.0,0.8483861088752747,0.0001,2641
207,10752,86.93569154000001,51,0.8865066666666668,128,84.0,0.577835202217102,0.0001,2662
207,10836,86.93478849999998,52,0.8856199999999995,129,84.0,0.7616801857948303,0.0001,2683
208,10920,86.93284204,52,0.8847333333333334,130,84.0,0.44920283555984497,0.0001,2704
208,11004,86.93098291,52,0.8838466666666662,131,84.0,0.613306999206543,0.0001,2725
208,11088,86.92710409,53,0.8829600000000001,132,84.0,0.26440566778182983,0.0001,2746
208,11172,86.92623718,53,0.8820733333333328,133,84.0,0.5970767736434937,0.0001,2767
208,11256,86.92783064999998,53,0.8811866666666667,134,84.0,1.1852028369903564,0.0001,2788
209,11340,86.92702532,54,0.8803000000000005,135,84.0,3.370298385620117,0.0001,2809
209,11424,86.92640598999998,54,0.8794133333333334,136,84.0,0.10844776034355164,0.0001,2830
209,11508,86.92716811999999,54,0.8785266666666672,137,84.0,3.2216427326202393,0.0001,2851
209,11592,86.93020975000002,55,0.87764,138,84.0,0.774139404296875,0.0001,2872
209,11676,86.92897414999999,55,0.8767533333333338,139,84.0,0.6254450082778931,0.0001,2893
209,11760,86.92678226,56,0.8758666666666667,140,84.0,3.177302598953247,0.0001,2914
210,11844,86.92750940000002,56,0.8749800000000005,141,84.0,0.8571978211402893,0.0001,2935
210,11928,86.92830163,56,0.8740933333333333,142,84.0,3.1779606342315674,0.0001,2956
210,12012,86.92927122,57,0.8732066666666671,143,84.0,0.22188162803649902,0.0001,2977
210,12096,86.92774173000004,57,0.87232,144,84.0,0.24719886481761932,0.0001,2998
210,12180,86.92921391000002,57,0.8714333333333338,145,84.0,0.3073050379753113,0.0001,3019
211,12264,86.92800422000002,58,0.8705466666666666,146,84.0,0.4565746486186981,0.0001,3040
211,12348,86.92792136,58,0.8696600000000004,147,84.0,0.26117759943008423,0.0001,3061
211,12432,86.92787675,58,0.8687733333333332,148,84.0,0.4490428864955902,0.0001,3082
211,12516,86.92766610000001,59,0.8678866666666671,149,84.0,3.4225986003875732,0.0001,3103
211,12600,86.92613249,59,0.8669999999999999,150,84.0,0.47516709566116333,0.0001,3124
212,12684,86.92502612000003,59,0.8661133333333337,151,84.0,0.2957114577293396,0.0001,3145
212,12768,86.92512224000001,60,0.8652266666666666,152,84.0,0.29581329226493835,0.0001,3166
212,12852,86.92267433,60,0.8643400000000004,153,84.0,0.4440820515155792,0.0001,3187
212,12936,86.92091821,60,0.8634533333333332,154,84.0,2.8672869205474854,0.0001,3208
212,13020,86.92316076000002,61,0.862566666666667,155,84.0,5.727967262268066,0.0001,3229
212,13104,86.92412331,61,0.8616799999999998,156,84.0,0.47721561789512634,0.0001,3250
212,13188,86.92089774,61,0.8607933333333337,157,84.0,0.18063421547412872,0.0001,3271
212,13272,86.92219263999999,62,0.8599066666666665,158,84.0,0.4088344871997833,0.0001,3292
212,13356,86.92363799,62,0.8590200000000003,159,84.0,0.4981081187725067,0.0001,3313
213,13440,86.92697075000002,63,0.8581333333333332,160,84.0,0.30079400539398193,0.0001,3334
213,13524,86.92633870000002,63,0.857246666666667,161,84.0,0.5088560581207275,0.0001,3355
213,13608,86.92607980000002,63,0.8563599999999998,162,84.0,3.0662600994110107,0.0001,3376
213,13692,86.92654381,64,0.8554733333333336,163,84.0,0.6844016313552856,0.0001,3397
213,13776,86.92651765000002,64,0.8545866666666664,164,84.0,0.6906326413154602,0.0001,3418
213,13860,86.93109906000001,64,0.8537000000000003,165,84.0,0.2259918600320816,0.0001,3439
213,13944,86.93246727000002,65,0.8528133333333331,166,84.0,0.3814276456832886,0.0001,3460
213,14028,86.93257184,65,0.8519266666666669,167,84.0,0.6521621942520142,0.0001,3481
213,14112,86.92989531,66,0.8510399999999998,168,84.0,0.3080132007598877,0.0001,3502
213,14196,86.9328018,66,0.8501533333333336,169,84.0,3.1461262702941895,0.0001,3523
213,14280,86.93092370000001,66,0.8492666666666664,170,84.0,0.20539045333862305,0.0001,3544
214,14364,86.92965233000001,67,0.8483800000000002,171,84.0,0.3477095365524292,0.0001,3565
214,14448,86.92970684,67,0.847493333333333,172,84.0,0.29528480768203735,0.0001,3586
214,14532,86.93033591000001,67,0.846606666666667,173,84.0,0.20607079565525055,0.0001,3607
214,14616,86.92811537000001,68,0.8457199999999997,174,84.0,2.9976420402526855,0.0001,3628
214,14700,86.92805642000002,68,0.8448333333333335,175,84.0,0.7343802452087402,0.0001,3649
214,14784,86.92941296000001,68,0.8439466666666664,176,84.0,0.4411793649196625,0.0001,3670
214,14868,86.92933299000002,69,0.8430600000000003,177,84.0,0.375869482755661,0.0001,3691
214,14952,86.93016820000004,69,0.842173333333333,178,84.0,0.2961806058883667,0.0001,3712
214,15036,86.93087272000002,69,0.8412866666666668,179,84.0,0.669230043888092,0.0001,3733
214,15120,86.92903622000001,70,0.8403999999999997,180,84.0,0.19469872117042542,0.0001,3754
214,15204,86.93078093,70,0.8395133333333336,181,84.0,0.36532625555992126,0.0001,3775
215,15288,86.93052351,71,0.8386266666666663,182,84.0,0.11994743347167969,0.0001,3796
215,15372,86.92806857,71,0.8377400000000002,183,84.0,0.6075750589370728,0.0001,3817
215,15456,86.92730942,71,0.836853333333333,184,84.0,0.5097421407699585,0.0001,3838
215,15540,86.92815734999998,72,0.8359666666666669,185,84.0,0.23892687261104584,0.0001,3859
215,15624,86.93069200999997,72,0.8350799999999996,186,84.0,0.20517736673355103,0.0001,3880
215,15708,86.93064226999999,72,0.8341933333333335,187,84.0,0.3901830315589905,0.0001,3901
215,15792,86.93197525999999,73,0.8333066666666663,188,84.0,0.42609208822250366,0.0001,3922
215,15876,86.93211148,73,0.8324200000000002,189,84.0,0.5530548095703125,0.0001,3943
215,15960,86.93063634000002,74,0.8315333333333329,190,84.0,0.6790295839309692,0.0001,3964
215,16044,86.92988095999999,74,0.8306466666666668,191,84.0,0.40251365303993225,0.0001,3985
215,16128,86.93062019000001,74,0.8297599999999996,192,84.0,0.4445939362049103,0.0001,4006
215,16212,86.9301329,75,0.8288733333333335,193,84.0,5.8089213371276855,0.0001,4027
216,16296,86.92403838999999,75,0.8279866666666662,194,84.0,0.4136400520801544,0.0001,4048
216,16380,86.92078809,75,0.8271000000000001,195,84.0,2.9399654865264893,0.0001,4069
216,16464,86.92282752,76,0.8262133333333329,196,84.0,2.87591552734375,0.0001,4090
216,16548,86.92224265000003,76,0.8253266666666668,197,84.0,0.5000050067901611,0.0001,4111
216,16632,86.92427531000001,76,0.8244399999999995,198,84.0,3.0828869342803955,0.0001,4132
216,16716,86.92517350000001,77,0.8235533333333334,199,84.0,0.14383426308631897,0.0001,4153
216,16800,86.92345543000002,77,0.8226666666666662,200,84.0,0.5056049823760986,0.0001,4174
216,16884,86.92507606000001,77,0.8217800000000001,201,84.0,0.9162522554397583,0.0001,4195
216,16968,86.92144580000001,78,0.8208933333333328,202,84.0,0.4988989233970642,0.0001,4216
216,17052,86.91954312000001,78,0.8200066666666667,203,84.0,1.043699860572815,0.0001,4237
216,17136,86.92422965000002,79,0.8191200000000005,204,84.0,0.41538888216018677,0.0001,4258
216,17220,86.9254166,79,0.8182333333333334,205,84.0,0.2687333822250366,0.0001,4279
216,17304,86.92795727000001,79,0.8173466666666672,206,84.0,2.8653829097747803,0.0001,4300
216,17388,86.92517081999999,80,0.81646,207,84.0,0.20276010036468506,0.0001,4321
216,17472,86.92758163999999,80,0.8155733333333338,208,84.0,3.0660951137542725,0.0001,4342
216,17556,86.9282887,80,0.8146866666666667,209,84.0,0.5303487777709961,0.0001,4363
216,17640,86.92651616,81,0.8138000000000005,210,84.0,0.48232877254486084,0.0001,4384
216,17724,86.92771651000001,81,0.8129133333333333,211,84.0,0.105956070125103,0.0001,4405
217,17808,86.92729107,82,0.8120266666666671,212,84.0,2.972730875015259,0.0001,4426
217,17892,86.92799020999999,82,0.81114,213,84.0,2.986335515975952,0.0001,4447
217,17976,86.93063688000001,82,0.8102533333333338,214,84.0,0.31460240483283997,0.0001,4468
217,18060,86.9320652,83,0.8093666666666666,215,84.0,0.1632143259048462,0.0001,4489
217,18144,86.92841358000001,83,0.8084800000000004,216,84.0,0.48718687891960144,0.0001,4510
217,18228,86.92944098000002,83,0.8075933333333333,217,84.0,3.0654804706573486,0.0001,4531
217,18312,86.92742172000003,84,0.8067066666666671,218,84.0,0.2233784794807434,0.0001,4552
217,18396,86.92728617,84,0.8058199999999999,219,84.0,0.18468400835990906,0.0001,4573
217,18480,86.92218861,84,0.8049333333333337,220,84.0,2.8732759952545166,0.0001,4594
217,18564,86.91864863999999,85,0.8040466666666666,221,84.0,5.6577911376953125,0.0001,4615
217,18648,86.92106892999999,85,0.8031600000000004,222,84.0,2.9629695415496826,0.0001,4636
217,18732,86.91903744,86,0.8022733333333332,223,84.0,0.49233880639076233,0.0001,4657
217,18816,86.92010678000001,86,0.801386666666667,224,84.0,0.23501256108283997,0.0001,4678
217,18900,86.91748046999999,86,0.8004999999999999,225,84.0,0.43949952721595764,0.0001,4699
217,18984,86.91978481,87,0.7996133333333337,226,84.0,0.48217102885246277,0.0001,4720
217,19068,86.91795505,87,0.7987266666666665,227,84.0,3.3475558757781982,0.0001,4741
217,19152,86.91435545,87,0.7978400000000003,228,84.0,2.9117820262908936,0.0001,4762
217,19236,86.91310951000001,88,0.7969533333333332,229,84.0,0.20379780232906342,0.0001,4783
217,19320,86.91571257,88,0.796066666666667,230,84.0,0.22645489871501923,0.0001,4804
217,19404,86.90671818000001,89,0.7951799999999998,231,84.0,2.843601703643799,0.0001,4825
217,19488,86.90651076000002,89,0.7942933333333336,232,84.0,0.6386581659317017,0.0001,4846
217,19572,86.90981186,90,0.7934066666666665,233,84.0,0.19478881359100342,0.0001,4867
217,19656,86.91028614000001,90,0.7925200000000003,234,84.0,0.13389992713928223,0.0001,4888
217,19740,86.91174659000002,90,0.7916333333333331,235,84.0,0.4311178922653198,0.0001,4909
217,19824,86.91157982000003,91,0.7907466666666669,236,84.0,0.26854872703552246,0.0001,4930
217,19908,86.91250962999999,91,0.7898599999999998,237,84.0,0.8933802247047424,0.0001,4951
217,19992,86.90979146,91,0.7889733333333336,238,84.0,3.3248236179351807,0.0001,4972
217,20076,86.90879712,92,0.7880866666666664,239,84.0,0.588478147983551,0.0001,4993
217,20160,86.91392295,92,0.7872000000000002,240,84.0,5.7641825675964355,0.0001,5014
217,20244,86.91275858,92,0.7863133333333331,241,84.0,5.958591938018799,0.0001,5035
217,20328,86.9100502,93,0.7854266666666669,242,84.0,0.4406512975692749,0.0001,5056
217,20412,86.90763374,93,0.7845399999999997,243,84.0,0.35448402166366577,0.0001,5077
217,20496,86.90978720000001,94,0.7836533333333335,244,84.0,8.463069915771484,0.0001,5098
217,20580,86.90704218,94,0.7827666666666664,245,84.0,0.19962817430496216,0.0001,5119
217,20664,86.90894676000002,94,0.7818800000000002,246,84.0,0.553231954574585,0.0001,5140
217,20748,86.90296518000001,95,0.780993333333333,247,84.0,0.2722962498664856,0.0001,5161
217,20832,86.90514625000002,95,0.7801066666666668,248,84.0,0.39463526010513306,0.0001,5182
217,20916,86.90329678999998,95,0.7792199999999997,249,84.0,0.14034783840179443,0.0001,5203
217,21000,86.90672642,96,0.7783333333333335,250,84.0,0.11891171336174011,0.0001,5224
217,21084,86.90706414999998,96,0.7774466666666663,251,84.0,0.15581820905208588,0.0001,5245
217,21168,86.90639097999998,97,0.7765600000000001,252,84.0,0.3469199240207672,0.0001,5266
217,21252,86.90641769999998,97,0.775673333333333,253,84.0,0.5369925498962402,0.0001,5287
217,21336,86.90531558,98,0.7747866666666668,254,84.0,0.36914730072021484,0.0001,5308
217,21420,86.90588095000001,98,0.7738999999999996,255,84.0,0.6416857242584229,0.0001,5329
217,21504,86.90550001000001,98,0.7730133333333334,256,84.0,2.921400547027588,0.0001,5350
217,21588,86.90995613999998,99,0.7721266666666663,257,84.0,0.5505481958389282,0.0001,5371
217,21672,86.90649436999998,99,0.7712400000000001,258,84.0,0.32830560207366943,0.0001,5392
217,21756,86.90124311,100,0.7703533333333329,259,84.0,2.9583077430725098,0.0001,5413
216,21840,86.90062135,100,0.7694666666666667,260,84.0,2.8874146938323975,0.0001,5434
216,21924,86.89957517,101,0.7685799999999996,261,84.0,0.3809216022491455,0.0001,5455
216,22008,86.89795102,101,0.7676933333333334,262,84.0,3.409558057785034,0.0001,5476
216,22092,86.89443393000002,101,0.7668066666666662,263,84.0,0.20711220800876617,0.0001,5497
216,22176,86.89557293000001,102,0.76592,264,84.0,3.3789076805114746,0.0001,5518
216,22260,86.89316237999999,102,0.7650333333333329,265,84.0,0.605349063873291,0.0001,5539
216,22344,86.888745,103,0.7641466666666668,266,84.0,0.3471246361732483,0.0001,5560
216,22428,86.88726360000001,103,0.7632599999999995,267,84.0,0.31341782212257385,0.0001,5581
216,22512,86.88759879,103,0.7623733333333333,268,84.0,2.978817939758301,0.0001,5602
216,22596,86.88578169,104,0.7614866666666672,269,84.0,5.696403503417969,0.0001,5623
216,22680,86.88565411999998,104,0.7606,270,84.0,3.1453380584716797,0.0001,5644
216,22764,86.88312634,105,0.7597133333333328,271,84.0,0.49023884534835815,0.0001,5665
216,22848,86.88200632,105,0.7588266666666666,272,84.0,0.29317736625671387,0.0001,5686
216,22932,86.88123154,105,0.7579400000000005,273,84.0,0.5036711096763611,0.0001,5707
216,23016,86.87672891,106,0.7570533333333334,274,84.0,2.9011662006378174,0.0001,5728
216,23100,86.8772141,106,0.7561666666666671,275,84.0,0.2562108337879181,0.0001,5749
217,23184,86.87604588999999,106,0.75528,276,84.0,0.15924465656280518,0.0001,5770
217,23268,86.87588455999997,107,0.7543933333333338,277,84.0,3.2299249172210693,0.0001,5791
217,23352,86.87523284999999,107,0.7535066666666667,278,84.0,0.15296399593353271,0.0001,5812
217,23436,86.87596754999998,107,0.7526200000000005,279,84.0,2.9537436962127686,0.0001,5833
217,23520,86.87676418,108,0.7517333333333333,280,84.0,2.9195475578308105,0.0001,5854
217,23604,86.87174478000001,108,0.7508466666666671,281,84.0,0.568493127822876,0.0001,5875
217,23688,86.8691264,109,0.74996,282,84.0,3.143817186355591,0.0001,5896
217,23772,86.87217633,109,0.7490733333333337,283,84.0,0.5948272347450256,0.0001,5917
217,23856,86.87155047,109,0.7481866666666666,284,84.0,0.21706274151802063,0.0001,5938
217,23940,86.87241096999998,110,0.7473000000000004,285,84.0,0.18313005566596985,0.0001,5959
217,24024,86.87078847,110,0.7464133333333332,286,84.0,0.3558310270309448,0.0001,5980
217,24108,86.86963011,110,0.7455266666666671,287,84.0,0.36671918630599976,0.0001,6001
217,24192,86.86884274,111,0.7446399999999999,288,84.0,0.40707311034202576,0.0001,6022
217,24276,86.86865774999998,111,0.7437533333333337,289,84.0,0.32760462164878845,0.0001,6043
217,24360,86.86862062999997,111,0.7428666666666666,290,84.0,3.000013589859009,0.0001,6064
217,24444,86.87051029999996,112,0.7419800000000003,291,84.0,0.39779651165008545,0.0001,6085
217,24528,86.86919618999997,112,0.7410933333333332,292,84.0,0.14229249954223633,0.0001,6106
217,24612,86.86912025999999,113,0.740206666666667,293,84.0,0.19043314456939697,0.0001,6127
217,24696,86.87090029,113,0.7393199999999998,294,84.0,0.14371448755264282,0.0001,6148
217,24780,86.86793732999999,113,0.7384333333333337,295,84.0,5.653234958648682,0.0001,6169
217,24864,86.86724644000002,114,0.7375466666666665,296,84.0,3.2957403659820557,0.0001,6190
217,24948,86.8686759,114,0.7366600000000003,297,84.0,0.11236344277858734,0.0001,6211
217,25032,86.86688661,114,0.7357733333333332,298,84.0,0.08012014627456665,0.0001,6232
217,25116,86.86424290000001,115,0.7348866666666669,299,84.0,0.1565699726343155,0.0001,6253
217,25200,86.86184701,115,0.7339999999999998,300,84.0,0.7922104597091675,0.0001,6274
217,25284,86.86102175,116,0.7331133333333336,301,84.0,0.42829835414886475,0.0001,6295
217,25368,86.86447979999998,116,0.7322266666666664,302,84.0,3.1336305141448975,0.0001,6316
217,25452,86.86733268999998,116,0.7313400000000003,303,84.0,3.097815990447998,0.0001,6337
217,25536,86.86700794999999,117,0.7304533333333331,304,84.0,0.08938481658697128,0.0001,6358
217,25620,86.86475401999998,117,0.7295666666666669,305,84.0,0.4933317303657532,0.0001,6379
217,25704,86.8638861,117,0.7286799999999998,306,84.0,0.1330353319644928,0.0001,6400
217,25788,86.86492890999997,118,0.7277933333333335,307,84.0,1.1225539445877075,0.0001,6421
217,25872,86.86495662999998,118,0.7269066666666664,308,84.0,0.21172237396240234,0.0001,6442
217,25956,86.86375349999997,119,0.7260200000000002,309,84.0,0.4244229793548584,0.0001,6463
217,26040,86.86813761999998,119,0.725133333333333,310,84.0,3.3719708919525146,0.0001,6484
217,26124,86.86699008999999,119,0.7242466666666669,311,84.0,2.862361192703247,0.0001,6505
217,26208,86.86649302,120,0.7233599999999997,312,84.0,1.0987588167190552,0.0001,6526
218,26292,86.86490692999998,120,0.7224733333333335,313,84.0,0.5929911732673645,0.0001,6547
217,26376,86.86277318999998,121,0.7215866666666664,314,84.0,0.5132355690002441,0.0001,6568
217,26460,86.86178254999999,121,0.7207000000000001,315,84.0,3.4686267375946045,0.0001,6589
217,26544,86.86393237,121,0.719813333333333,316,84.0,0.3266895115375519,0.0001,6610
217,26628,86.86217584999999,122,0.7189266666666668,317,84.0,3.122415542602539,0.0001,6631
217,26712,86.86569608000002,122,0.7180399999999996,318,84.0,2.878305196762085,0.0001,6652
217,26796,86.86713564,123,0.7171533333333335,319,84.0,0.22824813425540924,0.0001,6673
217,26880,86.86635187,123,0.7162666666666663,320,84.0,0.19059821963310242,0.0001,6694
217,26964,86.86936274,123,0.7153800000000001,321,84.0,0.13789521157741547,0.0001,6715
217,27048,86.86836197999999,124,0.714493333333333,322,84.0,0.12460020184516907,0.0001,6736
217,27132,86.87244730999998,124,0.7136066666666667,323,84.0,2.8795738220214844,0.0001,6757
217,27216,86.87213213999999,125,0.7127199999999996,324,84.0,0.1147335097193718,0.0001,6778
217,27300,86.87409583,125,0.7118333333333334,325,84.0,0.6317932605743408,0.0001,6799
217,27384,86.87205678000001,125,0.7109466666666662,326,84.0,0.06737411022186279,0.0001,6820
217,27468,86.87333275,126,0.7100600000000001,327,84.0,3.5836613178253174,0.0001,6841
217,27552,86.87806226,126,0.7091733333333329,328,84.0,3.110565185546875,0.0001,6862
217,27636,86.87770678000001,127,0.7082866666666667,329,84.0,0.15289288759231567,0.0001,6883
217,27720,86.87632275,127,0.7073999999999996,330,84.0,0.1566259264945984,0.0001,6904
217,27804,86.88352662,127,0.7065133333333333,331,84.0,3.116703510284424,0.0001,6925
217,27888,86.88424203000001,128,0.7056266666666662,332,84.0,3.074230670928955,0.0001,6946
217,27972,86.88239458,128,0.70474,333,84.0,2.8503146171569824,0.0001,6967
217,28056,86.87872443,128,0.7038533333333328,334,84.0,0.10489504784345627,0.0001,6988
217,28140,86.87575856,129,0.7029666666666667,335,84.0,5.681522369384766,0.0001,7009
217,28224,86.87392621999999,129,0.7020799999999995,336,84.0,0.10940982401371002,0.0001,7030
217,28308,86.87349989999998,130,0.7011933333333333,337,84.0,0.44419172406196594,0.0001,7051
217,28392,86.87424109000001,130,0.7003066666666673,338,84.0,0.1775408387184143,0.0001,7072
217,28476,86.87645048999998,131,0.6994199999999999,339,84.0,0.5631048083305359,0.0001,7093
217,28560,86.87694845999998,131,0.6985333333333328,340,84.0,0.6133599281311035,0.0001,7114
217,28644,86.87972548999998,131,0.6976466666666666,341,84.0,0.17113101482391357,0.0001,7135
217,28728,86.88024969999998,132,0.6967600000000005,342,84.0,0.36888206005096436,0.0001,7156
217,28812,86.88338049999999,132,0.6958733333333333,343,84.0,0.3562242388725281,0.0001,7177
216,28896,86.88487238000002,133,0.6949866666666672,344,84.0,6.028744697570801,0.0001,7198
216,28980,86.8855789,133,0.6940999999999999,345,84.0,0.12226187437772751,0.0001,7219
216,29064,86.88211938,133,0.6932133333333339,346,84.0,0.15421199798583984,0.0001,7240
216,29148,86.88406257999999,134,0.6923266666666665,347,84.0,6.056291580200195,0.0001,7261
216,29232,86.88301584999998,134,0.6914400000000005,348,84.0,0.17544057965278625,0.0001,7282
216,29316,86.88282963999998,135,0.6905533333333332,349,84.0,0.3775079846382141,0.0001,7303
216,29400,86.880798,135,0.6896666666666671,350,84.0,3.6886630058288574,0.0001,7324
216,29484,86.88256322,136,0.68878,351,84.0,3.1147727966308594,0.0001,7345
216,29568,86.88388638999999,136,0.6878933333333338,352,84.0,2.8718650341033936,0.0001,7366
216,29652,86.88703748,136,0.6870066666666665,353,84.0,2.941570997238159,0.0001,7387
216,29736,86.88939916999999,137,0.6861200000000005,354,84.0,0.1634080708026886,0.0001,7408
216,29820,86.88810283999999,137,0.6852333333333331,355,84.0,0.8288940787315369,0.0001,7429
216,29904,86.88250396999997,138,0.6843466666666671,356,84.0,0.17485472559928894,0.0001,7450
216,29988,86.87873980999998,138,0.6834599999999998,357,84.0,0.3128747344017029,0.0001,7471
216,30072,86.87834144,138,0.6825733333333337,358,84.0,3.3972392082214355,0.0001,7492
216,30156,86.88636608,139,0.6816866666666666,359,84.0,0.13805237412452698,0.0001,7513
216,30240,86.88395192000002,139,0.6808000000000004,360,84.0,2.9306063652038574,0.0001,7534
216,30324,86.88575484,139,0.6799133333333331,361,84.0,0.19542919099330902,0.0001,7555
216,30408,86.88936169,140,0.6790266666666671,362,84.0,3.343169689178467,0.0001,7576
216,30492,86.89200299,140,0.6781399999999997,363,84.0,0.3867471516132355,0.0001,7597
216,30576,86.89235465000002,141,0.6772533333333337,364,84.0,0.39399954676628113,0.0001,7618
216,30660,86.89324332,141,0.6763666666666664,365,84.0,3.286259412765503,0.0001,7639
216,30744,86.89481903999999,141,0.6754800000000003,366,84.0,0.610772967338562,0.0001,7660
216,30828,86.89501929999999,142,0.6745933333333332,367,84.0,0.31832852959632874,0.0001,7681
217,30912,86.89780072999999,142,0.673706666666667,368,84.0,0.4046785533428192,0.0001,7702
217,30996,86.89879062999998,142,0.6728199999999998,369,84.0,3.0960848331451416,0.0001,7723
217,31080,86.89911576999997,143,0.6719333333333337,370,84.0,0.16799677908420563,0.0001,7744
217,31164,86.90167129999998,143,0.6710466666666663,371,84.0,0.4008886218070984,0.0001,7765
217,31248,86.90313058999999,143,0.6701600000000003,372,84.0,0.1139172688126564,0.0001,7786
217,31332,86.90268293,144,0.669273333333333,373,84.0,0.4382673501968384,0.0001,7807
217,31416,86.90710972999999,144,0.6683866666666669,374,84.0,0.12559549510478973,0.0001,7828
217,31500,86.90750144999998,144,0.6674999999999998,375,84.0,0.16115573048591614,0.0001,7849
217,31584,86.90684648999999,145,0.6666133333333336,376,84.0,0.12890923023223877,0.0001,7870
217,31668,86.90702406999998,145,0.6657266666666664,377,84.0,2.9046695232391357,0.0001,7891
217,31752,86.90601231,146,0.6648400000000003,378,84.0,3.093247652053833,0.0001,7912
217,31836,86.90470001999998,146,0.663953333333333,379,84.0,2.887355327606201,0.0001,7933
217,31920,86.90358228999999,147,0.6630666666666669,380,84.0,0.11231492459774017,0.0001,7954
217,32004,86.90711796,147,0.6621799999999997,381,84.0,0.11245130002498627,0.0001,7975
217,32088,86.90792370999999,147,0.6612933333333335,382,84.0,0.28874731063842773,0.0001,7996
217,32172,86.90705443,148,0.6604066666666664,383,84.0,0.8069448471069336,0.0001,8017
217,32256,86.90591481000001,148,0.6595200000000002,384,84.0,0.5010083317756653,0.0001,8038
217,32340,86.90260227000003,148,0.658633333333333,385,84.0,0.21454617381095886,0.0001,8059
217,32424,86.90063606000004,149,0.6577466666666669,386,84.0,0.13593924045562744,0.0001,8080
217,32508,86.90245803000002,149,0.6568599999999996,387,84.0,0.130764901638031,0.0001,8101
217,32592,86.90250393000002,150,0.6559733333333335,388,84.0,3.18984055519104,0.0001,8122
217,32676,86.90379749,150,0.6550866666666663,389,84.0,0.17289750277996063,0.0001,8143
217,32760,86.90345494000003,150,0.6542000000000001,390,84.0,0.1278071403503418,0.0001,8164
217,32844,86.90102587,151,0.653313333333333,391,84.0,0.1471523940563202,0.0001,8185
217,32928,86.89219919000001,151,0.6524266666666668,392,84.0,0.5592915415763855,0.0001,8206
217,33012,86.89482403999999,151,0.6515399999999996,393,84.0,0.28997284173965454,0.0001,8227
217,33096,86.89362503000001,152,0.6506533333333335,394,84.0,0.09829221665859222,0.0001,8248
217,33180,86.89254036,152,0.6497666666666662,395,84.0,0.0906013697385788,0.0001,8269
217,33264,86.89337845000004,152,0.6488800000000001,396,84.0,3.033785343170166,0.0001,8290
217,33348,86.89106206000001,153,0.6479933333333329,397,84.0,8.482288360595703,0.0001,8311
217,33432,86.89248749000002,153,0.6471066666666667,398,84.0,0.10073775053024292,0.0001,8332
217,33516,86.89485525000002,154,0.6462199999999996,399,84.0,2.861804723739624,0.0001,8353
217,33600,86.89394658,154,0.6453333333333334,400,84.0,0.16460415720939636,0.0001,8374
217,33684,86.89343094000002,154,0.6444466666666662,401,84.0,2.979785919189453,0.0001,8395
217,33768,86.89601676000001,155,0.6435600000000001,402,84.0,0.1578143835067749,0.0001,8416
217,33852,86.89395111000002,155,0.6426733333333339,403,84.0,0.4453205168247223,0.0001,8437
217,33936,86.89058133000002,155,0.6417866666666667,404,84.0,0.11537770926952362,0.0001,8458
217,34020,86.88844005000001,156,0.6408999999999995,405,84.0,3.1290252208709717,0.0001,8479
217,34104,86.88563380000001,156,0.6400133333333333,406,84.0,2.9879021644592285,0.0001,8500
217,34188,86.88190102000003,157,0.6391266666666672,407,84.0,2.875619649887085,0.0001,8521
217,34272,86.88133150000002,157,0.63824,408,84.0,0.5354945659637451,0.0001,8542
217,34356,86.88367368000004,157,0.6373533333333339,409,84.0,0.10135655105113983,0.0001,8563
217,34440,86.88021347000003,158,0.6364666666666667,410,84.0,2.8812544345855713,0.0001,8584
217,34524,86.87980269000002,158,0.6355800000000005,411,84.0,0.3276011347770691,0.0001,8605
217,34608,86.88167508000002,159,0.6346933333333333,412,84.0,0.10910408198833466,0.0001,8626
217,34692,86.88124613000004,159,0.6338066666666671,413,84.0,2.8914506435394287,0.0001,8647
217,34776,86.87842822,159,0.6329199999999999,414,84.0,0.35749655961990356,0.0001,8668
217,34860,86.87695893000001,160,0.6320333333333338,415,84.0,2.9024808406829834,0.0001,8689
217,34944,86.87809745000003,160,0.6311466666666666,416,84.0,0.3136252164840698,0.0001,8710
217,35028,86.87814246000002,160,0.6302600000000005,417,84.0,2.834049701690674,0.0001,8731
217,35112,86.87590324000001,161,0.6293733333333333,418,84.0,0.5613581538200378,0.0001,8752
217,35196,86.87575425000001,161,0.6284866666666671,419,84.0,0.13930779695510864,0.0001,8773
217,35280,86.88187832,162,0.6275999999999999,420,84.0,3.1434481143951416,0.0001,8794
217,35364,86.88027673999999,162,0.6267133333333337,421,84.0,0.4726424515247345,0.0001,8815
217,35448,86.87914757,162,0.6258266666666665,422,84.0,0.0498211532831192,0.0001,8836
217,35532,86.87774814000001,163,0.6249400000000004,423,84.0,0.15037234127521515,0.0001,8857
217,35616,86.8768485,163,0.6240533333333332,424,84.0,0.11914721876382828,0.0001,8878
217,35700,86.87876691000001,164,0.6231666666666671,425,84.0,3.1387195587158203,0.0001,8899
217,35784,86.87597849999999,164,0.6222799999999999,426,84.0,0.2852468490600586,0.0001,8920
217,35868,86.88192822999997,164,0.6213933333333337,427,84.0,0.10976859927177429,0.0001,8941
217,35952,86.87873194999999,165,0.6205066666666665,428,84.0,0.12799784541130066,0.0001,8962
217,36036,86.88093409999999,165,0.6196200000000003,429,84.0,2.9219701290130615,0.0001,8983
217,36120,86.88179523,166,0.6187333333333331,430,84.0,3.2907156944274902,0.0001,9004
217,36204,86.88170729,166,0.617846666666667,431,84.0,0.0833558738231659,0.0001,9025
217,36288,86.88088784,167,0.6169599999999998,432,84.0,0.33198463916778564,0.0001,9046
217,36372,86.87988293000001,167,0.6160733333333337,433,84.0,0.583879828453064,0.0001,9067
217,36456,86.88495572000002,167,0.6151866666666665,434,84.0,5.8004469871521,0.0001,9088
217,36540,86.88616923000004,168,0.6143000000000003,435,84.0,0.0807628482580185,0.0001,9109
217,36624,86.89104304000003,168,0.6134133333333331,436,84.0,5.660752296447754,0.0001,9130
217,36708,86.89080102000004,169,0.6125266666666669,437,84.0,0.12286929786205292,0.0001,9151
216,36792,86.89170210000003,169,0.6116399999999997,438,84.0,0.13096779584884644,0.0001,9172
216,36876,86.89195237000001,170,0.6107533333333336,439,84.0,6.445273399353027,0.0001,9193
216,36960,86.88600911000002,170,0.6098666666666664,440,84.0,0.07337222993373871,0.0001,9214
216,37044,86.88320868000002,171,0.6089800000000003,441,84.0,0.3369086980819702,0.0001,9235
216,37128,86.88526593,171,0.6080933333333332,442,84.0,2.900210380554199,0.0001,9256
216,37212,86.8829374,171,0.6072066666666669,443,84.0,0.23004871606826782,0.0001,9277
216,37296,86.88091218,172,0.6063199999999997,444,84.0,0.2029280960559845,0.0001,9298
216,37380,86.88450918000001,172,0.6054333333333335,445,84.0,2.8051161766052246,0.0001,9319
216,37464,86.88703204999997,173,0.6045466666666663,446,84.0,0.09028901159763336,0.0001,9340
216,37548,86.88925902,173,0.6036600000000002,447,84.0,0.7229360342025757,0.0001,9361
216,37632,86.89113831999997,173,0.602773333333333,448,84.0,0.553672730922699,0.0001,9382
216,37716,86.89069827999998,174,0.6018866666666669,449,84.0,0.5986918210983276,0.0001,9403
216,37800,86.88980504,174,0.6009999999999998,450,84.0,0.5410500764846802,0.0001,9424
216,37884,86.88775025,175,0.6001133333333335,451,84.0,0.3208830654621124,0.0001,9445
216,37968,86.88978217,175,0.5992266666666664,452,84.0,0.3472161591053009,0.0001,9466
216,38052,86.8879853,175,0.5983400000000001,453,84.0,3.1944169998168945,0.0001,9487
216,38136,86.8886226,176,0.597453333333333,454,84.0,0.30924540758132935,0.0001,9508
216,38220,86.88716698,176,0.5965666666666668,455,84.0,0.13612407445907593,0.0001,9529
216,38304,86.89148625,177,0.5956799999999997,456,84.0,0.38176900148391724,0.0001,9550
216,38388,86.89235817,177,0.5947933333333335,457,84.0,0.532002329826355,0.0001,9571
216,38472,86.89286769999998,177,0.5939066666666664,458,84.0,3.052638053894043,0.0001,9592
216,38556,86.88656372999999,178,0.5930200000000001,459,84.0,0.41276493668556213,0.0001,9613
216,38640,86.88700302999997,178,0.592133333333333,460,84.0,0.7821576595306396,0.0001,9634
216,38724,86.88815686,178,0.5912466666666667,461,84.0,3.2140626907348633,0.0001,9655
216,38808,86.88605861999999,179,0.5903599999999996,462,84.0,0.29998257756233215,0.0001,9676
216,38892,86.88485037999997,179,0.5894733333333334,463,84.0,2.8620388507843018,0.0001,9697
216,38976,86.88273991999999,180,0.5885866666666663,464,84.0,0.3112548887729645,0.0001,9718
216,39060,86.8830036,180,0.5877000000000001,465,84.0,3.1563737392425537,0.0001,9739
216,39144,86.88511092,181,0.586813333333333,466,84.0,3.079440116882324,0.0001,9760
216,39228,86.88760406,181,0.5859266666666667,467,84.0,2.9416933059692383,0.0001,9781
216,39312,86.88213671,181,0.5850400000000007,468,84.0,0.3016532063484192,0.0001,9802
215,39396,86.88330121999998,182,0.5841533333333333,469,84.0,0.4497416019439697,0.0001,9823
215,39480,86.88453186999999,182,0.5832666666666662,470,84.0,0.11726803332567215,0.0001,9844
215,39564,86.88531914,183,0.58238,471,84.0,0.8064591884613037,0.0001,9865
215,39648,86.88289486999999,183,0.5814933333333339,472,84.0,0.551849365234375,0.0001,9886
215,39732,86.88271743,184,0.5806066666666667,473,84.0,3.274409055709839,0.0001,9907
215,39816,86.86609812999997,184,0.5797199999999996,474,84.0,0.3036669194698334,0.0001,9928
215,39900,86.85859519,185,0.5788333333333333,475,84.0,0.3150750398635864,0.0001,9949
215,39984,86.85350991999998,185,0.5779466666666673,476,84.0,0.5643436908721924,0.0001,9970
215,40068,86.85328511999998,185,0.5770599999999999,477,84.0,3.185615301132202,0.0001,9991
215,40152,86.85899883999998,186,0.5761733333333339,478,84.0,0.35671788454055786,0.0001,10012
215,40236,86.85370569999999,186,0.5752866666666666,479,84.0,3.105478048324585,0.0001,10033
215,40320,86.85563099,187,0.5744000000000005,480,84.0,0.07499523460865021,0.0001,10054
215,40404,86.85073293,187,0.5735133333333333,481,84.0,2.9348232746124268,0.0001,10075
215,40488,86.85163705999999,187,0.5726266666666672,482,84.0,3.1716504096984863,0.0001,10096
215,40572,86.84970577,188,0.5717399999999999,483,84.0,3.191687822341919,0.0001,10117
215,40656,86.85068761999999,188,0.5708533333333339,484,84.0,0.09737040102481842,0.0001,10138
215,40740,86.85380466999999,188,0.5699666666666665,485,84.0,0.20777006447315216,0.0001,10159
215,40824,86.85018914,189,0.5690800000000005,486,84.0,0.43483102321624756,0.0001,10180
215,40908,86.85021011,189,0.5681933333333332,487,84.0,2.8928275108337402,0.0001,10201
215,40992,86.84294784000002,190,0.5673066666666671,488,84.0,2.9030110836029053,0.0001,10222
215,41076,86.84020211,190,0.5664199999999999,489,84.0,0.10589908063411713,0.0001,10243
215,41160,86.84075187000002,190,0.5655333333333338,490,84.0,0.474931538105011,0.0001,10264
215,41244,86.84088555,191,0.5646466666666665,491,84.0,0.5694330930709839,0.0001,10285
215,41328,86.84177863999999,191,0.5637600000000005,492,84.0,0.09478938579559326,0.0001,10306
215,41412,86.83859971,191,0.5628733333333331,493,84.0,3.0074870586395264,0.0001,10327
215,41496,86.83854806000001,192,0.5619866666666671,494,84.0,6.1249098777771,0.0001,10348
215,41580,86.84219177000001,192,0.5610999999999998,495,84.0,0.3244788646697998,0.0001,10369
215,41664,86.8418477,192,0.5602133333333337,496,84.0,0.08064131438732147,0.0001,10390
215,41748,86.83611146,193,0.5593266666666665,497,84.0,0.09436965733766556,0.0001,10411
215,41832,86.83233066999999,193,0.5584400000000004,498,84.0,0.3363359868526459,0.0001,10432
215,41916,86.83253068999998,194,0.5575533333333331,499,84.0,0.3139351010322571,0.0001,10453
215,42000,86.83325749999999,194,0.5566666666666671,500,84.0,2.9533307552337646,0.0001,10474
215,42084,86.83481452999999,194,0.5557799999999997,501,84.0,0.0969107374548912,0.0001,10495
215,42168,86.8333067,195,0.5548933333333337,502,84.0,0.3868142366409302,0.0001,10516
215,42252,86.82746735999999,195,0.5540066666666665,503,84.0,0.344353049993515,0.0001,10537
215,42336,86.82945654,196,0.5531200000000003,504,84.0,0.1465892195701599,0.0001,10558
215,42420,86.8350734,196,0.5522333333333331,505,84.0,0.532365083694458,0.0001,10579
215,42504,86.83636335000001,196,0.551346666666667,506,84.0,3.1962218284606934,0.0001,10600
215,42588,86.83845174000002,197,0.5504599999999997,507,84.0,6.202998161315918,0.0001,10621
215,42672,86.83736935,197,0.5495733333333337,508,84.0,2.914686679840088,0.0001,10642
215,42756,86.83325572,198,0.5486866666666664,509,84.0,0.323849618434906,0.0001,10663
215,42840,86.83255663999998,198,0.5478000000000003,510,84.0,0.16625332832336426,0.0001,10684
215,42924,86.83202426999996,198,0.5469133333333331,511,84.0,5.895292282104492,0.0001,10705
215,43008,86.83129612999997,199,0.5460266666666669,512,84.0,6.073971748352051,0.0001,10726
215,43092,86.83126343999999,199,0.5451399999999997,513,84.0,0.26722148060798645,0.0001,10747
215,43176,86.83450635,200,0.5442533333333336,514,84.0,3.213473320007324,0.0001,10768
215,43260,86.83794453,200,0.5433666666666663,515,84.0,0.091997429728508,0.0001,10789
215,43344,86.83684137,200,0.5424800000000003,516,84.0,0.6661690473556519,0.0001,10810
215,43428,86.83771507,201,0.541593333333333,517,84.0,0.7414628267288208,0.0001,10831
215,43512,86.83970448999999,201,0.5407066666666669,518,84.0,0.16001901030540466,0.0001,10852
215,43596,86.83883795,201,0.5398199999999997,519,84.0,0.37708646059036255,0.0001,10873
215,43680,86.83724972,202,0.5389333333333335,520,84.0,0.14436596632003784,0.0001,10894
215,43764,86.83405035999998,202,0.5380466666666663,521,84.0,0.10984393209218979,0.0001,10915
215,43848,86.83457910999998,203,0.5371600000000002,522,84.0,0.11600928008556366,0.0001,10936
216,43932,86.83889712,203,0.5362733333333329,523,84.0,2.9618279933929443,0.0001,10957
215,44016,86.83921497000001,203,0.5353866666666669,524,84.0,0.33463460206985474,0.0001,10978
215,44100,86.8355751,204,0.5344999999999996,525,84.0,0.12065479159355164,0.0001,10999
215,44184,86.83942832999999,204,0.5336133333333335,526,84.0,3.2668817043304443,0.0001,11020
215,44268,86.83401614999997,205,0.5327266666666663,527,84.0,0.3518860936164856,0.0001,11041
215,44352,86.84025547999998,205,0.5318400000000001,528,84.0,0.3625626266002655,0.0001,11062
215,44436,86.84026173000001,205,0.5309533333333329,529,84.0,0.5167500376701355,0.0001,11083
215,44520,86.8374502,206,0.5300666666666668,530,84.0,0.16323451697826385,0.0001,11104
215,44604,86.83739559000001,206,0.5291799999999995,531,84.0,0.10004724562168121,0.0001,11125
215,44688,86.84182947,207,0.5282933333333335,532,84.0,0.13919253647327423,0.0001,11146
215,44772,86.84220760999999,207,0.5274066666666662,533,84.0,3.201786994934082,0.0001,11167
215,44856,86.83955973,207,0.5265200000000001,534,84.0,0.2857988178730011,0.0001,11188
215,44940,86.83626483,208,0.525633333333333,535,84.0,0.1296233832836151,0.0001,11209
215,45024,86.83036145999999,208,0.5247466666666667,536,84.0,0.30925968289375305,0.0001,11230
215,45108,86.83030683999999,208,0.5238600000000007,537,84.0,0.061812691390514374,0.0001,11251
215,45192,86.83087424,209,0.5229733333333334,538,84.0,3.332468032836914,0.0001,11272
215,45276,86.83227669999998,209,0.5220866666666661,539,84.0,0.380145400762558,0.0001,11293
215,45360,86.83502304,210,0.5212000000000001,540,84.0,3.3195078372955322,0.0001,11314
215,45444,86.83279985000001,210,0.5203133333333338,541,84.0,0.1750834733247757,0.0001,11335
215,45528,86.83170793000001,210,0.5194266666666667,542,84.0,0.10987420380115509,0.0001,11356
215,45612,86.83065239000001,211,0.5185399999999996,543,84.0,0.1299431174993515,0.0001,11377
215,45696,86.83003424,211,0.5176533333333333,544,84.0,3.2593417167663574,0.0001,11398
215,45780,86.82696844000002,212,0.5167666666666673,545,84.0,3.130115270614624,0.0001,11419
215,45864,86.82642983000001,212,0.51588,546,84.0,2.9472453594207764,0.0001,11440
215,45948,86.82757965,212,0.5149933333333339,547,84.0,0.0726863294839859,0.0001,11461
215,46032,86.82365729999998,213,0.5141066666666667,548,84.0,0.1632116436958313,0.0001,11482
215,46116,86.82203734999999,213,0.5132200000000005,549,84.0,0.08301682770252228,0.0001,11503
215,46200,86.81920032999999,214,0.5123333333333333,550,84.0,0.26026928424835205,0.0001,11524
215,46284,86.82150038999998,214,0.5114466666666672,551,84.0,2.900188684463501,0.0001,11545
215,46368,86.82054926,214,0.5105599999999999,552,84.0,0.12284010648727417,0.0001,11566
215,46452,86.82041292999999,215,0.5096733333333339,553,84.0,5.910865783691406,0.0001,11587
215,46536,86.82118141000001,215,0.5087866666666666,554,84.0,0.09026548266410828,0.0001,11608
215,46620,86.82630036999997,215,0.5079000000000005,555,84.0,5.919380187988281,0.0001,11629
215,46704,86.82592415,216,0.5070133333333333,556,84.0,6.39475154876709,0.0001,11650
215,46788,86.83103125,216,0.5061266666666671,557,84.0,0.41498124599456787,0.0001,11671
215,46872,86.82852519,217,0.5052399999999999,558,84.0,0.5318610668182373,0.0001,11692
216,46956,86.82527907,217,0.5043533333333338,559,84.0,0.33585602045059204,0.0001,11713
216,47040,86.82722992000001,217,0.5034666666666665,560,84.0,8.600656509399414,0.0001,11734
216,47124,86.82238926,218,0.5025800000000005,561,84.0,0.12458526343107224,0.0001,11755
216,47208,86.82416659999998,218,0.5016933333333332,562,84.0,0.12043426930904388,0.0001,11776
216,47292,86.82616853000002,218,0.5008066666666671,563,84.0,0.15970563888549805,0.0001,11797
216,47376,86.82505712,219,0.4999199999999998,564,84.0,0.12470975518226624,0.0001,11818
216,47460,86.82462662000002,219,0.4990333333333338,565,84.0,3.166160821914673,0.0001,11839
216,47544,86.82346578,220,0.4981466666666665,566,84.0,0.33563560247421265,0.0001,11860
216,47628,86.80739655,220,0.49726000000000037,567,84.0,0.3348492980003357,0.0001,11881
216,47712,86.80837119,220,0.4963733333333331,568,84.0,0.1993076652288437,0.0001,11902
216,47796,86.80544449000001,221,0.4954866666666671,569,84.0,0.08791270852088928,0.0001,11923
216,47880,86.80475523,221,0.4945999999999998,570,84.0,0.18705037236213684,0.0001,11944
216,47964,86.80472904999999,221,0.49371333333333367,571,84.0,0.18490314483642578,0.0001,11965
216,48048,86.80663899999999,222,0.4928266666666664,572,84.0,0.40197837352752686,0.0001,11986
216,48132,86.80873382,222,0.4919400000000004,573,84.0,0.11506342887878418,0.0001,12007
216,48216,86.83013728,222,0.4910533333333331,574,84.0,0.08003418147563934,0.0001,12028
216,48300,86.83440801,223,0.490166666666667,575,84.0,0.5074926614761353,0.0001,12049
216,48384,86.84009162000001,223,0.4892799999999997,576,84.0,0.6024220585823059,0.0001,12070
216,48468,86.83373494999998,224,0.4883933333333337,577,84.0,0.3665587604045868,0.0001,12091
216,48552,86.82851847,224,0.4875066666666664,578,84.0,2.89668607711792,0.0001,12112
216,48636,86.83252766,224,0.4866200000000003,579,84.0,0.33361154794692993,0.0001,12133
216,48720,86.83431381,225,0.485733333333333,580,84.0,3.112604856491089,0.0001,12154
216,48804,86.84000394,225,0.484846666666667,581,84.0,3.1789045333862305,0.0001,12175
216,48888,86.83953545,225,0.4839599999999997,582,84.0,0.3940039575099945,0.0001,12196
216,48972,86.84036142,226,0.4830733333333336,583,84.0,5.84592342376709,0.0001,12217
216,49056,86.83765667,226,0.4821866666666663,584,84.0,2.9310038089752197,0.0001,12238
216,49140,86.84040319,227,0.4813000000000003,585,84.0,0.11450827866792679,0.0001,12259
216,49224,86.84540073000002,227,0.480413333333333,586,84.0,3.238276243209839,0.0001,12280
216,49308,86.84625190000001,227,0.4795266666666669,587,84.0,0.5306372046470642,0.0001,12301
216,49392,86.85176325,228,0.4786399999999996,588,84.0,2.9616029262542725,0.0001,12322
216,49476,86.85349100999998,228,0.4777533333333336,589,84.0,0.1121908575296402,0.0001,12343
216,49560,86.85457905,229,0.47686666666666633,590,84.0,0.6952775120735168,0.0001,12364
216,49644,86.85400166,229,0.4759800000000002,591,84.0,0.34408339858055115,0.0001,12385
216,49728,86.86421829999998,229,0.4750933333333329,592,84.0,3.006303310394287,0.0001,12406
216,49812,86.86589910000001,230,0.4742066666666669,593,84.0,0.3400982618331909,0.0001,12427
216,49896,86.86547313999999,230,0.47331999999999963,594,84.0,3.459718942642212,0.0001,12448
216,49980,86.86194667,231,0.4724333333333335,595,84.0,0.18294040858745575,0.0001,12469
216,50064,86.86671461,231,0.4715466666666662,596,84.0,0.31952419877052307,0.0001,12490
216,50148,86.84898715,231,0.4706600000000002,597,84.0,0.16083717346191406,0.0001,12511
216,50232,86.84302475999999,232,0.46977333333333293,598,84.0,3.1786892414093018,0.0001,12532
216,50316,86.84186765999999,232,0.4688866666666668,599,84.0,0.5414141416549683,0.0001,12553
216,50400,86.84234406999998,232,0.4679999999999995,600,84.0,0.14036470651626587,0.0001,12574
216,50484,86.84058326999998,233,0.4671133333333335,601,84.0,3.2754507064819336,0.0001,12595
216,50568,86.83095094000001,233,0.46622666666666623,602,84.0,3.0144762992858887,0.0001,12616
216,50652,86.83812420999999,234,0.4653400000000001,603,84.0,3.050077199935913,0.0001,12637
216,50736,86.8327695,234,0.46445333333333283,604,84.0,0.4753868579864502,0.0001,12658
216,50820,86.83057471999999,234,0.4635666666666668,605,84.0,0.1362888216972351,0.0001,12679
216,50904,86.82416336,235,0.46268000000000054,606,84.0,5.977922439575195,0.0001,12700
216,50988,86.82571744999997,235,0.4617933333333334,607,84.0,0.34993961453437805,0.0001,12721
216,51072,86.82877579,235,0.46090666666666613,608,84.0,0.1578940898180008,0.0001,12742
216,51156,86.83009089,236,0.4600200000000001,609,84.0,0.3991442322731018,0.0001,12763
216,51240,86.82816536000001,236,0.45913333333333384,610,84.0,3.054861068725586,0.0001,12784
216,51324,86.82655233000001,237,0.4582466666666667,611,84.0,0.333624005317688,0.0001,12805
216,51408,86.82474874000002,237,0.45736000000000054,612,84.0,8.914424896240234,0.0001,12826
216,51492,86.82822162000001,238,0.4564733333333334,613,84.0,6.258657932281494,0.0001,12847
216,51576,86.82754357000002,238,0.45558666666666714,614,84.0,0.5144712924957275,0.0001,12868
216,51660,86.8221018,238,0.4547,615,84.0,6.137565612792969,0.0001,12889
216,51744,86.82612077,239,0.45381333333333385,616,84.0,3.180060863494873,0.0001,12910
216,51828,86.82553603000001,239,0.4529266666666667,617,84.0,3.1937355995178223,0.0001,12931
216,51912,86.82505732,239,0.45204000000000044,618,84.0,0.48963409662246704,0.0001,12952
216,51996,86.82580648,240,0.4511533333333333,619,84.0,0.6037392616271973,0.0001,12973
216,52080,86.82775686999999,240,0.45026666666666715,620,84.0,3.071735382080078,0.0001,12994
216,52164,86.83058333999998,240,0.44938,621,84.0,0.14183425903320312,0.0001,13015
216,52248,86.82912968999997,241,0.44849333333333374,622,84.0,3.245361566543579,0.0001,13036
216,52332,86.82397356999999,241,0.4476066666666666,623,84.0,3.171740770339966,0.0001,13057
216,52416,86.82319072999996,242,0.44672000000000045,624,84.0,0.635436475276947,0.0001,13078
216,52500,86.82435016999997,242,0.4458333333333333,625,84.0,3.4221949577331543,0.0001,13099
216,52584,86.82298912999998,242,0.44494666666666705,626,84.0,3.088733434677124,0.0001,13120
216,52668,86.82040292000002,243,0.4440599999999999,627,84.0,0.5423732995986938,0.0001,13141
216,52752,86.81434715000002,243,0.44317333333333375,628,84.0,3.0096633434295654,0.0001,13162
216,52836,86.81548074,244,0.4422866666666666,629,84.0,0.333952933549881,0.0001,13183
216,52920,86.81645839,244,0.44140000000000035,630,84.0,2.990163803100586,0.0001,13204
216,53004,86.81630065000002,245,0.4405133333333332,631,84.0,0.5133904218673706,0.0001,13225
216,53088,86.81260629,245,0.43962666666666705,632,84.0,3.167205333709717,0.0001,13246
216,53172,86.81251481,245,0.4387399999999999,633,84.0,3.4402594566345215,0.0001,13267
216,53256,86.80838221,246,0.43785333333333365,634,84.0,3.4582176208496094,0.0001,13288
216,53340,86.81291008999999,246,0.4369666666666665,635,84.0,0.5556817650794983,0.0001,13309
216,53424,86.80201545999998,247,0.43608000000000036,636,84.0,2.997408866882324,0.0001,13330
216,53508,86.80370275999998,247,0.4351933333333332,637,84.0,0.3623793125152588,0.0001,13351
216,53592,86.79840947999999,247,0.43430666666666695,638,84.0,0.30985188484191895,0.0001,13372
216,53676,86.78226751999999,248,0.4334199999999998,639,84.0,0.3295550048351288,0.0001,13393
216,53760,86.78695135999999,248,0.43253333333333366,640,84.0,3.057893753051758,0.0001,13414
216,53844,86.79138119999999,249,0.4316466666666665,641,84.0,0.35854005813598633,0.0001,13435
216,53928,86.79052682,249,0.43076000000000025,642,84.0,2.9728927612304688,0.0001,13456
216,54012,86.78933692999999,249,0.4298733333333331,643,84.0,0.3778160810470581,0.0001,13477
216,54096,86.78749596,250,0.42898666666666696,644,84.0,0.10950396209955215,0.0001,13498
216,54180,86.78446475000003,250,0.4280999999999998,645,84.0,0.27742287516593933,0.0001,13519
216,54264,86.7894491,251,0.42721333333333356,646,84.0,0.6094541549682617,0.0001,13540
216,54348,86.78757447999999,251,0.4263266666666664,647,84.0,0.4478665292263031,0.0001,13561
216,54432,86.79048473,251,0.42544000000000026,648,84.0,0.0787583738565445,0.0001,13582
216,54516,86.7879018,252,0.4245533333333331,649,84.0,0.6117522716522217,0.0001,13603
216,54600,86.79454562999999,252,0.42366666666666686,650,84.0,0.3158639967441559,0.0001,13624
216,54684,86.79092098,253,0.4227799999999997,651,84.0,3.6566152572631836,0.0001,13645
216,54768,86.79088705999999,253,0.42189333333333356,652,84.0,0.3940349817276001,0.0001,13666
216,54852,86.79072647000001,253,0.4210066666666664,653,84.0,2.9695518016815186,0.0001,13687
216,54936,86.77987921999998,254,0.42012000000000016,654,84.0,0.9853205680847168,0.0001,13708
216,55020,86.77775524999998,254,0.419233333333333,655,84.0,0.12414760142564774,0.0001,13729
216,55104,86.77748606000002,254,0.41834666666666687,656,84.0,0.13012216985225677,0.0001,13750
216,55188,86.77342884,255,0.4174599999999997,657,84.0,0.10723994672298431,0.0001,13771
216,55272,86.77303172000002,255,0.41657333333333346,658,84.0,0.31344470381736755,0.0001,13792
216,55356,86.76778171000002,256,0.4156866666666663,659,84.0,0.364124596118927,0.0001,13813
216,55440,86.76317593000002,256,0.41480000000000017,660,84.0,0.13248278200626373,0.0001,13834
216,55524,86.76791508000001,256,0.413913333333333,661,84.0,0.1652120053768158,0.0001,13855
216,55608,86.76008182,257,0.41302666666666676,662,84.0,0.5469123721122742,0.0001,13876
216,55692,86.75792073000001,257,0.4121399999999996,663,84.0,1.2167139053344727,0.0001,13897
216,55776,86.75758034,258,0.41125333333333347,664,84.0,0.5960112810134888,0.0001,13918
216,55860,86.75466689000001,258,0.4103666666666663,665,84.0,0.3002273440361023,0.0001,13939
216,55944,86.75613644000003,258,0.40948000000000007,666,84.0,0.3008536994457245,0.0001,13960
216,56028,86.77429952000003,259,0.4085933333333329,667,84.0,0.15269935131072998,0.0001,13981
216,56112,86.77780229,259,0.4077066666666668,668,84.0,3.171083688735962,0.0001,14002
216,56196,86.7783961,260,0.4068199999999996,669,84.0,0.3111644685268402,0.0001,14023
216,56280,86.77716144,260,0.40593333333333337,670,84.0,0.35558581352233887,0.0001,14044
216,56364,86.77316759,260,0.40504666666666733,671,84.0,2.884582996368408,0.0001,14065
216,56448,86.77108061000001,261,0.4041600000000001,672,84.0,0.15648020803928375,0.0001,14086
216,56532,86.76791986000002,261,0.40327333333333293,673,84.0,0.12554673850536346,0.0001,14107
216,56616,86.75883668,261,0.40238666666666667,674,84.0,0.3377709984779358,0.0001,14128
216,56700,86.76126561999999,262,0.40150000000000063,675,84.0,6.084254264831543,0.0001,14149
216,56784,86.76266957,262,0.4006133333333334,676,84.0,0.17907269299030304,0.0001,14170
216,56868,86.76901704,263,0.39972666666666623,677,84.0,0.09901466965675354,0.0001,14191
216,56952,86.75703102,263,0.39884,678,84.0,0.04943506792187691,0.0001,14212
216,57036,86.75747661999999,263,0.39795333333333394,679,84.0,0.6660334467887878,0.0001,14233
216,57120,86.75207917,264,0.3970666666666667,680,84.0,3.0931308269500732,0.0001,14254
216,57204,86.74690025000001,264,0.39617999999999953,681,84.0,0.3142731487751007,0.0001,14275
216,57288,86.74665053000001,264,0.3952933333333333,682,84.0,0.07102350890636444,0.0001,14296
216,57372,86.73409240000001,265,0.39440666666666724,683,84.0,0.14209458231925964,0.0001,14317
216,57456,86.73823885000002,265,0.39352,684,84.0,0.3585706651210785,0.0001,14338
216,57540,86.73244242000001,266,0.39263333333333383,685,84.0,0.10934312641620636,0.0001,14359
216,57624,86.73339401,266,0.3917466666666666,686,84.0,3.0268168449401855,0.0001,14380
216,57708,86.71981082999999,266,0.39086000000000054,687,84.0,0.5109751224517822,0.0001,14401
216,57792,86.71702857,267,0.3899733333333333,688,84.0,0.1375737488269806,0.0001,14422
216,57876,86.71302309,267,0.38908666666666714,689,84.0,0.13381719589233398,0.0001,14443
216,57960,86.71538498,268,0.3881999999999999,690,84.0,0.1469171643257141,0.0001,14464
216,58044,86.7180623,268,0.38731333333333384,691,84.0,2.978153944015503,0.0001,14485
216,58128,86.71698408,268,0.3864266666666666,692,84.0,0.1532222032546997,0.0001,14506
216,58212,86.71491601,269,0.38554000000000044,693,84.0,0.43206140398979187,0.0001,14527
216,58296,86.71369845,269,0.3846533333333332,694,84.0,0.3226897716522217,0.0001,14548
216,58380,86.71442862999999,270,0.38376666666666714,695,84.0,0.14844349026679993,0.0001,14569
216,58464,86.71371657,270,0.3828799999999999,696,84.0,6.385190486907959,0.0001,14590
216,58548,86.72972872999999,270,0.38199333333333374,697,84.0,0.12206016480922699,0.0001,14611
216,58632,86.73272315999999,271,0.3811066666666665,698,84.0,0.5606460571289062,0.0001,14632
216,58716,86.73104351999999,271,0.38022000000000045,699,84.0,0.37604206800460815,0.0001,14653
216,58800,86.73232945,271,0.3793333333333332,700,84.0,0.36454302072525024,0.0001,14674
216,58884,86.73208506999998,272,0.37844666666666704,701,84.0,0.810858428478241,0.0001,14695
216,58968,86.72800712,272,0.3775599999999998,702,84.0,0.3497925102710724,0.0001,14716
216,59052,86.73008755999999,273,0.37667333333333375,703,84.0,0.3878111243247986,0.0001,14737
216,59136,86.73832183999998,273,0.3757866666666665,704,84.0,0.1271873265504837,0.0001,14758
216,59220,86.72927347999999,273,0.37490000000000034,705,84.0,3.440521240234375,0.0001,14779
216,59304,86.73660247,274,0.3740133333333331,706,84.0,0.5350897908210754,0.0001,14800
216,59388,86.73304506000001,274,0.37312666666666705,707,84.0,0.10803746432065964,0.0001,14821
216,59472,86.73415588,275,0.3722399999999998,708,84.0,0.16052503883838654,0.0001,14842
216,59556,86.73432567000002,275,0.37135333333333365,709,84.0,0.11066235601902008,0.0001,14863
216,59640,86.73720908,275,0.3704666666666664,710,84.0,0.609660804271698,0.0001,14884
216,59724,86.74016406000001,276,0.36958000000000035,711,84.0,0.3312922716140747,0.0001,14905
216,59808,86.74016110999999,276,0.3686933333333331,712,84.0,0.40817832946777344,0.0001,14926
216,59892,86.73794474,276,0.36780666666666695,713,84.0,0.1632128357887268,0.0001,14947
216,59976,86.73604472,277,0.3669199999999997,714,84.0,0.3570792078971863,0.0001,14968
216,60060,86.74102503999998,277,0.36603333333333365,715,84.0,0.5373247265815735,0.0001,14989
216,60144,86.73668712999999,278,0.3651466666666664,716,84.0,0.15562745928764343,0.0001,15010
216,60228,86.73710670999999,278,0.36426000000000025,717,84.0,0.7439205646514893,0.0001,15031
216,60312,86.72869217000002,279,0.363373333333333,718,84.0,5.9739155769348145,0.0001,15052
216,60396,86.73161757,279,0.36248666666666696,719,84.0,0.389949768781662,0.0001,15073
216,60480,86.72735216999999,279,0.3615999999999997,720,84.0,0.10194078087806702,0.0001,15094
216,60564,86.72870709,280,0.36071333333333355,721,84.0,0.3120462894439697,0.0001,15115
216,60648,86.73097242000001,280,0.3598266666666663,722,84.0,6.020977020263672,0.0001,15136
216,60732,86.73285072,280,0.35894000000000026,723,84.0,3.216038942337036,0.0001,15157
215,60816,86.73493373000001,281,0.358053333333333,724,84.0,0.1698371171951294,0.0001,15178
215,60900,86.73430121000001,282,0.35716666666666685,725,84.0,0.43351981043815613,0.0001,15199
215,60984,86.73685464,282,0.3562799999999996,726,84.0,2.9961962699890137,0.0001,15220
215,61068,86.73418678,283,0.35539333333333356,727,84.0,0.3781096935272217,0.0001,15241
215,61152,86.73708873,283,0.3545066666666663,728,84.0,0.1385311782360077,0.0001,15262
215,61236,86.73552122,284,0.35362000000000016,729,84.0,0.18949946761131287,0.0001,15283
215,61320,86.73780670999999,284,0.3527333333333329,730,84.0,0.14476463198661804,0.0001,15304
215,61404,86.74060414,285,0.35184666666666686,731,84.0,0.32454296946525574,0.0001,15325
215,61488,86.74343976999998,285,0.3509599999999996,732,84.0,0.13063600659370422,0.0001,15346
215,61572,86.74303198,286,0.35007333333333346,733,84.0,0.09973657131195068,0.0001,15367
215,61656,86.74650026,286,0.3491866666666662,734,84.0,3.0288479328155518,0.0001,15388
214,61740,86.74488858000001,287,0.34830000000000017,735,84.0,0.34397757053375244,0.0001,15409
214,61824,86.76023134,287,0.347413333333334,736,84.0,0.07944358140230179,0.0001,15430
214,61908,86.7591603,288,0.34652666666666676,737,84.0,0.33016061782836914,0.0001,15451
214,61992,86.76261701,288,0.3456399999999995,738,84.0,0.1921236664056778,0.0001,15472
214,62076,86.77741258999998,289,0.34475333333333347,739,84.0,0.8067407608032227,0.0001,15493
214,62160,86.77418775,289,0.3438666666666673,740,84.0,0.3210810422897339,0.0001,15514
214,62244,86.77234067999999,290,0.34298000000000006,741,84.0,0.08081261813640594,0.0001,15535
214,62328,86.77362412999999,290,0.3420933333333328,742,84.0,0.16683897376060486,0.0001,15556
214,62412,86.77535084999995,291,0.34120666666666677,743,84.0,0.34747546911239624,0.0001,15577
214,62496,86.77593636999997,291,0.3403200000000006,744,84.0,0.40723907947540283,0.0001,15598
214,62580,86.77622196999997,292,0.33943333333333336,745,84.0,3.57924485206604,0.0001,15619
214,62664,86.77510519999998,292,0.3385466666666661,746,84.0,0.34846729040145874,0.0001,15640
214,62748,86.77457383999997,292,0.33766000000000007,747,84.0,3.264007091522217,0.0001,15661
214,62832,86.77212227999999,293,0.3367733333333339,748,84.0,3.3054089546203613,0.0001,15682
214,62916,86.77991619999999,293,0.33588666666666667,749,84.0,0.4575995206832886,0.0001,15703
214,63000,86.77612239999999,294,0.3349999999999994,750,84.0,0.3774411678314209,0.0001,15724
214,63084,86.77574856999998,294,0.3341133333333334,751,84.0,0.08565762639045715,0.0001,15745
214,63168,86.77250142000001,295,0.3332266666666672,752,84.0,0.4144199788570404,0.0001,15766
214,63252,86.76693190000002,295,0.33233999999999997,753,84.0,2.966935396194458,0.0001,15787
214,63336,86.77374189000003,295,0.3314533333333338,754,84.0,0.12153870612382889,0.0001,15808
214,63420,86.76915954,296,0.3305666666666667,755,84.0,0.29783907532691956,0.0001,15829
214,63504,86.76940527000002,296,0.32968000000000053,756,84.0,0.27762332558631897,0.0001,15850
214,63588,86.77056591,297,0.32879333333333327,757,84.0,3.0116915702819824,0.0001,15871
214,63672,86.77357515000001,297,0.3279066666666671,758,84.0,0.1211685761809349,0.0001,15892
214,63756,86.73446853,297,0.32702,759,84.0,0.5464845895767212,0.0001,15913
213,63840,86.73940599000001,298,0.32613333333333383,760,84.0,3.2911012172698975,0.0001,15934
213,63924,86.73849173,298,0.3252466666666666,761,84.0,0.5010358691215515,0.0001,15955
213,64008,86.74821974999999,299,0.3243600000000004,762,84.0,3.2318856716156006,0.0001,15976
213,64092,86.74716666999998,299,0.3234733333333333,763,84.0,0.18341675400733948,0.0001,15997
213,64176,86.74621275,300,0.32258666666666713,764,84.0,3.5118253231048584,0.0001,16018
213,64260,86.73546858,300,0.3216999999999999,765,84.0,6.302844047546387,0.0001,16039
213,64344,86.73156942,301,0.32081333333333373,766,84.0,0.09764866530895233,0.0001,16060
213,64428,86.72714789,301,0.3199266666666666,767,84.0,0.41160351037979126,0.0001,16081
213,64512,86.72326220000001,301,0.31904000000000043,768,84.0,0.571963906288147,0.0001,16102
213,64596,86.72430609999999,302,0.3181533333333332,769,84.0,0.2193308025598526,0.0001,16123
213,64680,86.71515786,302,0.31726666666666703,770,84.0,0.11420612037181854,0.0001,16144
213,64764,86.71520467999999,303,0.3163799999999999,771,84.0,0.17217770218849182,0.0001,16165
213,64848,86.71130452,303,0.31549333333333374,772,84.0,3.385789394378662,0.0001,16186
213,64932,86.70163811999998,304,0.3146066666666665,773,84.0,0.0909411758184433,0.0001,16207
213,65016,86.70414668,304,0.31372000000000033,774,84.0,0.5275706648826599,0.0001,16228
213,65100,86.70426239,304,0.3128333333333332,775,84.0,0.5603163242340088,0.0001,16249
213,65184,86.70208881,305,0.31194666666666704,776,84.0,0.3580682575702667,0.0001,16270
213,65268,86.70334141000001,305,0.3110599999999998,777,84.0,3.5174622535705566,0.0001,16291
213,65352,86.7104562,306,0.31017333333333363,778,84.0,0.281179815530777,0.0001,16312
213,65436,86.71285551,306,0.3092866666666665,779,84.0,0.20773455500602722,0.0001,16333
213,65520,86.70516825,307,0.30840000000000034,780,84.0,3.3011109828948975,0.0001,16354
213,65604,86.69820018,307,0.3075133333333331,781,84.0,0.19938713312149048,0.0001,16375
213,65688,86.69776314,307,0.30662666666666694,782,84.0,0.10275157541036606,0.0001,16396
213,65772,86.71002232000001,308,0.3057399999999998,783,84.0,5.994662284851074,0.0001,16417
213,65856,86.69272286000002,308,0.30485333333333364,784,84.0,0.33871203660964966,0.0001,16438
213,65940,86.68542402000001,309,0.3039666666666664,785,84.0,2.976933240890503,0.0001,16459
213,66024,86.68463191000001,309,0.30308000000000024,786,84.0,3.5756924152374268,0.0001,16480
213,66108,86.69787515,309,0.3021933333333331,787,84.0,3.039219379425049,0.0001,16501
213,66192,86.70369204999999,310,0.30130666666666694,788,84.0,3.1776580810546875,0.0001,16522
213,66276,86.70635474,310,0.3004199999999997,789,84.0,0.241189107298851,0.0001,16543
213,66360,86.70135003,311,0.29953333333333354,790,84.0,0.12334774434566498,0.0001,16564
213,66444,86.70395387,311,0.2986466666666664,791,84.0,5.928376197814941,0.0001,16585
212,66528,86.70207008999998,312,0.29776000000000025,792,84.0,5.970790386199951,0.0001,16606
212,66612,86.70191541,312,0.296873333333333,793,84.0,3.066650390625,0.0001,16627
212,66696,86.70857393,313,0.29598666666666684,794,84.0,3.0979719161987305,0.0001,16648
212,66780,86.71333806999999,313,0.2950999999999997,795,84.0,0.1331440657377243,0.0001,16669
212,66864,86.67947018000001,314,0.29421333333333355,796,84.0,0.32241904735565186,0.0001,16690
212,66948,86.68680612,314,0.2933266666666663,797,84.0,0.09961092472076416,0.0001,16711
212,67032,86.69481975000001,315,0.29244000000000014,798,84.0,0.38120564818382263,0.0001,16732
212,67116,86.69594739,315,0.291553333333333,799,84.0,0.366860032081604,0.0001,16753
212,67200,86.69601767,315,0.29066666666666685,800,84.0,0.30268165469169617,0.0001,16774
212,67284,86.69756114999998,316,0.2897800000000007,801,84.0,3.021540641784668,0.0001,16795
212,67368,86.71107579,316,0.28889333333333345,802,84.0,0.20616081357002258,0.0001,16816
212,67452,86.70855822000001,317,0.2880066666666663,803,84.0,0.5727794766426086,0.0001,16837
212,67536,86.70265863000003,317,0.28712000000000015,804,84.0,9.328378677368164,0.0001,16858
212,67620,86.71068008000002,318,0.286233333333334,805,84.0,3.014011859893799,0.0001,16879
212,67704,86.71509553,318,0.28534666666666675,806,84.0,0.1458396017551422,0.0001,16900
212,67788,86.71629787000002,318,0.2844599999999996,807,84.0,0.4248523712158203,0.0001,16921
212,67872,86.71333607000001,319,0.28357333333333345,808,84.0,0.1270696073770523,0.0001,16942
212,67956,86.71205690000001,319,0.2826866666666673,809,84.0,0.171124666929245,0.0001,16963
212,68040,86.71496056,320,0.28180000000000005,810,84.0,0.5086265802383423,0.0001,16984
212,68124,86.72045302000002,320,0.2809133333333329,811,84.0,0.32977956533432007,0.0001,17005
212,68208,86.72124262999999,321,0.28002666666666676,812,84.0,0.2050158679485321,0.0001,17026
212,68292,86.7113287,321,0.2791400000000006,813,84.0,0.27203091979026794,0.0001,17047
212,68376,86.71295732,321,0.27825333333333335,814,84.0,0.460675448179245,0.0001,17068
212,68460,86.70505647000002,322,0.2773666666666662,815,84.0,0.29613643884658813,0.0001,17089
212,68544,86.68904661,322,0.27648000000000006,816,84.0,0.6238840222358704,0.0001,17110
212,68628,86.64312571,323,0.2755933333333339,817,84.0,0.2843230366706848,0.0001,17131
212,68712,86.63265286,323,0.27470666666666665,818,84.0,5.8915863037109375,0.0001,17152
212,68796,86.62937424999998,323,0.2738200000000006,819,84.0,3.3386757373809814,0.0001,17173
212,68880,86.628434,324,0.27293333333333336,820,84.0,9.082059860229492,0.0001,17194
212,68964,86.62639642999999,324,0.2720466666666672,821,84.0,0.4216368794441223,0.0001,17215
212,69048,86.63350891999998,325,0.27115999999999996,822,84.0,8.894165992736816,0.0001,17236
212,69132,86.62555949,325,0.2702733333333339,823,84.0,3.092477560043335,0.0001,17257
212,69216,86.62307872,325,0.26938666666666666,824,84.0,3.2815356254577637,0.0001,17278
212,69300,86.61963983,326,0.2685000000000005,825,84.0,5.802299499511719,0.0001,17299
212,69384,86.61589941,326,0.26761333333333326,826,84.0,9.087449073791504,0.0001,17320
212,69468,86.60569276,326,0.2667266666666672,827,84.0,0.35637155175209045,0.0001,17341
212,69552,86.60649193,327,0.26583999999999997,828,84.0,6.518313407897949,0.0001,17362
212,69636,86.61117398,327,0.2649533333333338,829,84.0,0.3168216049671173,0.0001,17383
212,69720,86.60598124000003,328,0.26406666666666656,830,84.0,0.09875532984733582,0.0001,17404
212,69804,86.60149840000003,328,0.2631800000000005,831,84.0,3.3244528770446777,0.0001,17425
212,69888,86.60216942000002,328,0.26229333333333327,832,84.0,3.2783164978027344,0.0001,17446
212,69972,86.59674594,329,0.2614066666666671,833,84.0,0.19484713673591614,0.0001,17467
212,70056,86.59108923000002,329,0.26051999999999986,834,84.0,0.19230492413043976,0.0001,17488
212,70140,86.59550682000001,330,0.2596333333333338,835,84.0,3.300595760345459,0.0001,17509
212,70224,86.59656341999998,330,0.25874666666666657,836,84.0,0.14890837669372559,0.0001,17530
212,70308,86.59619557000002,330,0.2578600000000004,837,84.0,3.766024589538574,0.0001,17551
212,70392,86.5832989,331,0.25697333333333316,838,84.0,0.5793889760971069,0.0001,17572
212,70476,86.56410563000001,331,0.25608666666666713,839,84.0,0.37141162157058716,0.0001,17593
212,70560,86.55861272,332,0.25519999999999987,840,84.0,0.5490260124206543,0.0001,17614
212,70644,86.56054110000001,332,0.2543133333333337,841,84.0,0.1073487177491188,0.0001,17635
212,70728,86.56067906,332,0.25342666666666647,842,84.0,0.06132517009973526,0.0001,17656
212,70812,86.54788952000001,333,0.25254000000000043,843,84.0,0.3494411110877991,0.0001,17677
212,70896,86.54748585000002,333,0.2516533333333332,844,84.0,0.33862897753715515,0.0001,17698
212,70980,86.55110118,333,0.250766666666667,845,84.0,0.11846419423818588,0.0001,17719
212,71064,86.54714904999999,334,0.24987999999999977,846,84.0,0.11453071981668472,0.0001,17740
212,71148,86.55045399999999,334,0.24899333333333373,847,84.0,6.261017799377441,0.0001,17761
212,71232,86.55142480999999,335,0.24810666666666648,848,84.0,0.33188772201538086,0.0001,17782
212,71316,86.55091901,335,0.24722000000000033,849,84.0,3.7305760383605957,0.0001,17803
212,71400,86.55329855999999,335,0.24633333333333307,850,84.0,0.11252939701080322,0.0001,17824
212,71484,86.55348981000002,336,0.24544666666666703,851,84.0,0.10369239002466202,0.0001,17845
212,71568,86.55769396000001,336,0.24455999999999978,852,84.0,0.305078387260437,0.0001,17866
212,71652,86.57209686,337,0.24367333333333363,853,84.0,0.324562668800354,0.0001,17887
212,71736,86.56393081,337,0.24278666666666637,854,84.0,0.15052950382232666,0.0001,17908
212,71820,86.57001528999999,338,0.24190000000000034,855,84.0,6.191555023193359,0.0001,17929
212,71904,86.57229333999997,338,0.24101333333333308,856,84.0,0.5498793721199036,0.0001,17950
212,71988,86.5695538,338,0.24012666666666693,857,84.0,0.34502139687538147,0.0001,17971
212,72072,86.56897608999999,339,0.23923999999999968,858,84.0,0.11268223822116852,0.0001,17992
212,72156,86.62039305,339,0.23835333333333364,859,84.0,0.3545264005661011,0.0001,18013
212,72240,86.61764417,340,0.23746666666666638,860,84.0,0.3244014382362366,0.0001,18034
212,72324,86.59551152,340,0.23658000000000023,861,84.0,3.5156164169311523,0.0001,18055
212,72408,86.58957864,340,0.23569333333333298,862,84.0,3.4247584342956543,0.0001,18076
212,72492,86.58988317000001,341,0.23480666666666694,863,84.0,0.16878467798233032,0.0001,18097
212,72576,86.57520627,341,0.23391999999999968,864,84.0,3.028531551361084,0.0001,18118
212,72660,86.5854035,342,0.23303333333333354,865,84.0,0.7373795509338379,0.0001,18139
212,72744,86.58715018000001,342,0.23214666666666628,866,84.0,0.17774122953414917,0.0001,18160
212,72828,86.58653675000001,342,0.23126000000000024,867,84.0,0.07700620591640472,0.0001,18181
212,72912,86.58338459000001,343,0.23037333333333299,868,84.0,3.3708109855651855,0.0001,18202
212,72996,86.57873421999999,343,0.22948666666666684,869,84.0,6.049846649169922,0.0001,18223
212,73080,86.59260317,344,0.22860000000000058,870,84.0,0.10689454525709152,0.0001,18244
212,73164,86.59945827000001,344,0.22771333333333355,871,84.0,0.5378143191337585,0.0001,18265
212,73248,86.60248336000001,345,0.2268266666666663,872,84.0,0.630324125289917,0.0001,18286
212,73332,86.61046666,345,0.22594000000000014,873,84.0,3.517869234085083,0.0001,18307
212,73416,86.61561967999998,345,0.22505333333333388,874,84.0,0.2994825839996338,0.0001,18328
212,73500,86.6089646,346,0.22416666666666685,875,84.0,3.3677048683166504,0.0001,18349
212,73584,86.60164388999999,346,0.2232799999999996,876,84.0,0.39661574363708496,0.0001,18370
212,73668,86.59950117999999,347,0.22239333333333344,877,84.0,0.352201372385025,0.0001,18391
212,73752,86.60187446999998,347,0.22150666666666718,878,84.0,0.14045998454093933,0.0001,18412
212,73836,86.58917074999998,347,0.22062000000000015,879,84.0,0.1647057980298996,0.0001,18433
212,73920,86.59729195999996,348,0.2197333333333329,880,84.0,0.30981922149658203,0.0001,18454
212,74004,86.60469822999998,348,0.21884666666666674,881,84.0,0.11739218980073929,0.0001,18475
212,74088,86.60233921,349,0.2179600000000005,882,84.0,0.09710857272148132,0.0001,18496
212,74172,86.59948048999999,349,0.21707333333333345,883,84.0,1.1547777652740479,0.0001,18517
212,74256,86.62152615999999,349,0.2161866666666662,884,84.0,0.303404301404953,0.0001,18538
212,74340,86.63242776000001,350,0.21530000000000005,885,84.0,0.20811878144741058,0.0001,18559
212,74424,86.63328405000001,350,0.2144133333333338,886,84.0,0.5373759269714355,0.0001,18580
212,74508,86.63443404,351,0.21352666666666675,887,84.0,0.5290467143058777,0.0001,18601
212,74592,86.63167259,351,0.2126400000000005,888,84.0,0.39682507514953613,0.0001,18622
212,74676,86.62974218,352,0.21175333333333335,889,84.0,3.033034324645996,0.0001,18643
212,74760,86.62972945,352,0.2108666666666671,890,84.0,0.39620116353034973,0.0001,18664
212,74844,86.59924192999999,352,0.20998000000000006,891,84.0,0.3145575225353241,0.0001,18685
212,74928,86.59027042,353,0.2090933333333338,892,84.0,0.598215639591217,0.0001,18706
212,75012,86.59394126,353,0.20820666666666665,893,84.0,0.20492619276046753,0.0001,18727
212,75096,86.59538881999998,354,0.2073200000000004,894,84.0,0.16627636551856995,0.0001,18748
212,75180,86.59498861999998,354,0.20643333333333336,895,84.0,0.35003313422203064,0.0001,18769
212,75264,86.62503867,354,0.2055466666666671,896,84.0,0.36279428005218506,0.0001,18790
212,75348,86.62162047999999,355,0.20465999999999995,897,84.0,6.016358852386475,0.0001,18811
212,75432,86.62366976,355,0.2037733333333337,898,84.0,0.4427781105041504,0.0001,18832
212,75516,86.62648684999998,356,0.20288666666666666,899,84.0,0.33741462230682373,0.0001,18853
212,75600,86.62870066999999,356,0.2020000000000004,900,84.0,0.5151890516281128,0.0001,18874
212,75684,86.62679708,356,0.20111333333333326,901,84.0,0.1133914589881897,0.0001,18895
212,75768,86.62366908,357,0.200226666666667,902,84.0,0.08546096831560135,0.0001,18916
212,75852,86.6206491,357,0.19933999999999996,903,84.0,0.6139817237854004,0.0001,18937
212,75936,86.62922827,358,0.1984533333333337,904,84.0,0.3129144310951233,0.0001,18958
211,76020,86.61936141,358,0.19756666666666656,905,84.0,1.003002405166626,0.0001,18979
211,76104,86.61886088999998,359,0.1966800000000003,906,84.0,0.7038379311561584,0.0001,19000
211,76188,86.6226531,359,0.19579333333333326,907,84.0,3.486260414123535,0.0001,19021
211,76272,86.61741777999998,359,0.194906666666667,908,84.0,3.25925350189209,0.0001,19042
211,76356,86.61883293999998,360,0.19401999999999986,909,84.0,0.396434485912323,0.0001,19063
211,76440,86.61148069,360,0.1931333333333336,910,84.0,3.39353609085083,0.0001,19084
211,76524,86.604107,361,0.19224666666666657,911,84.0,6.232489585876465,0.0001,19105
211,76608,86.60377927000002,361,0.1913600000000003,912,84.0,0.844913899898529,0.0001,19126
211,76692,86.61531464000001,361,0.19047333333333316,913,84.0,0.3677031695842743,0.0001,19147
211,76776,86.61451782,362,0.1895866666666669,914,84.0,0.2332235872745514,0.0001,19168
211,76860,86.62121665,362,0.18869999999999987,915,84.0,0.5164667963981628,0.0001,19189
211,76944,86.63863516,363,0.1878133333333336,916,84.0,3.390092134475708,0.0001,19210
211,77028,86.68566901,363,0.18692666666666646,917,84.0,0.30058589577674866,0.0001,19231
211,77112,86.70103807999998,364,0.1860400000000002,918,84.0,3.375296115875244,0.0001,19252
211,77196,86.70179176999999,364,0.18515333333333317,919,84.0,0.29312998056411743,0.0001,19273
211,77280,86.70254501,365,0.1842666666666669,920,84.0,0.33185744285583496,0.0001,19294
211,77364,86.7056095,365,0.18337999999999977,921,84.0,0.12665396928787231,0.0001,19315
211,77448,86.69617376000001,366,0.1824933333333335,922,84.0,0.31691214442253113,0.0001,19336
211,77532,86.69572017,366,0.18160666666666647,923,84.0,0.4205566644668579,0.0001,19357
211,77616,86.69836592000001,367,0.1807200000000002,924,84.0,0.08918653428554535,0.0001,19378
211,77700,86.70450216,367,0.17983333333333307,925,84.0,3.5368521213531494,0.0001,19399
211,77784,86.70588307000001,367,0.1789466666666668,926,84.0,6.156380653381348,0.0001,19420
211,77868,86.72249098000002,368,0.17805999999999977,927,84.0,0.0798143818974495,0.0001,19441
211,77952,86.71746696000002,368,0.17717333333333352,928,84.0,0.6274609565734863,0.0001,19462
211,78036,86.71262006,369,0.17628666666666637,929,84.0,0.5896795988082886,0.0001,19483
211,78120,86.70443601999999,369,0.1754000000000001,930,84.0,0.1621769517660141,0.0001,19504
211,78204,86.70054461,370,0.17451333333333308,931,84.0,0.12701955437660217,0.0001,19525
211,78288,86.6927853,370,0.17362666666666682,932,84.0,3.1369221210479736,0.0001,19546
211,78372,86.69862991,370,0.17273999999999967,933,84.0,3.190495729446411,0.0001,19567
211,78456,86.69843943000002,371,0.1718533333333334,934,84.0,0.5692977905273438,0.0001,19588
211,78540,86.67919977,371,0.17096666666666638,935,84.0,0.3485679626464844,0.0001,19609
211,78624,86.6754308,372,0.17008000000000012,936,84.0,3.2281925678253174,0.0001,19630
211,78708,86.67034557999999,372,0.16919333333333297,937,84.0,0.338968425989151,0.0001,19651
211,78792,86.68434395999999,372,0.16830666666666672,938,84.0,6.5019378662109375,0.0001,19672
211,78876,86.70424513,373,0.16742000000000057,939,84.0,0.30439871549606323,0.0001,19693
211,78960,86.70929832000002,373,0.16653333333333342,940,84.0,6.401453971862793,0.0001,19714
211,79044,86.6730106,374,0.16564666666666628,941,84.0,0.0675336942076683,0.0001,19735
211,79128,86.67562549999998,374,0.16476000000000002,942,84.0,0.11486972868442535,0.0001,19756
211,79212,86.68592332999998,374,0.16387333333333387,943,84.0,3.526707887649536,0.0001,19777
211,79296,86.69130532000001,375,0.16298666666666672,944,84.0,0.15526162087917328,0.0001,19798
211,79380,86.67159901999999,375,0.16209999999999958,945,84.0,3.2867915630340576,0.0001,19819
211,79464,86.67390958999998,376,0.16121333333333332,946,84.0,0.41571980714797974,0.0001,19840
211,79548,86.66235117000001,376,0.16032666666666717,947,84.0,0.3338424265384674,0.0001,19861
211,79632,86.66788129999999,376,0.15944000000000003,948,84.0,3.0099685192108154,0.0001,19882
211,79716,86.66894791,377,0.15855333333333288,949,84.0,0.5489795207977295,0.0001,19903
211,79800,86.6659338,377,0.15766666666666662,950,84.0,0.43297404050827026,0.0001,19924
211,79884,86.66550554999999,378,0.15678000000000047,951,84.0,0.11399755626916885,0.0001,19945
211,79968,86.65574431,378,0.15589333333333333,952,84.0,0.6068699359893799,0.0001,19966
211,80052,86.65137074,379,0.15500666666666718,953,84.0,0.18363003432750702,0.0001,19987
211,80136,86.66192273000003,379,0.15411999999999992,954,84.0,3.098606586456299,0.0001,20008
211,80220,86.63980396999999,379,0.15323333333333378,955,84.0,0.12621234357357025,0.0001,20029
211,80304,86.64206525000002,380,0.15234666666666663,956,84.0,0.3653872609138489,0.0001,20050
211,80388,86.63645788,380,0.15146000000000048,957,84.0,3.101928949356079,0.0001,20071
211,80472,86.63637402,380,0.15057333333333323,958,84.0,6.27374267578125,0.0001,20092
211,80556,86.62183424000001,381,0.14968666666666708,959,84.0,6.412686824798584,0.0001,20113
211,80640,86.62059805000003,381,0.14879999999999993,960,84.0,0.3113652765750885,0.0001,20134
211,80724,86.63100889000003,382,0.14791333333333379,961,84.0,0.10609196126461029,0.0001,20155
211,80808,86.63187261000002,382,0.14702666666666653,962,84.0,2.9981436729431152,0.0001,20176
211,80892,86.63184811000002,382,0.14614000000000038,963,84.0,0.08245313167572021,0.0001,20197
211,80976,86.62959772000002,383,0.14525333333333323,964,84.0,3.2580971717834473,0.0001,20218
211,81060,86.62598984,383,0.1443666666666671,965,84.0,0.1660083681344986,0.0001,20239
211,81144,86.62595996000003,384,0.14347999999999983,966,84.0,0.1253340244293213,0.0001,20260
211,81228,86.62714852,384,0.14259333333333368,967,84.0,5.939243316650391,0.0001,20281
211,81312,86.63588317,385,0.14170666666666654,968,84.0,0.1317116767168045,0.0001,20302
211,81396,86.63748105999998,385,0.1408200000000004,969,84.0,0.14092838764190674,0.0001,20323
211,81480,86.63149729000001,385,0.13993333333333313,970,84.0,0.21254962682724,0.0001,20344
211,81564,86.63363166,386,0.13904666666666698,971,84.0,0.9449893832206726,0.0001,20365
211,81648,86.63640869000001,386,0.13815999999999984,972,84.0,0.5921892523765564,0.0001,20386
211,81732,86.64191332,387,0.1372733333333337,973,84.0,3.0521702766418457,0.0001,20407
211,81816,86.63109944,387,0.13638666666666643,974,84.0,0.0916011855006218,0.0001,20428
211,81900,86.64205410999999,388,0.1355000000000003,975,84.0,1.31017005443573,0.0001,20449
211,81984,86.65071891,388,0.13461333333333314,976,84.0,0.2429630160331726,0.0001,20470
211,82068,86.65252122,388,0.133726666666667,977,84.0,3.3176591396331787,0.0001,20491
211,82152,86.64527962999999,389,0.13283999999999974,978,84.0,3.357163906097412,0.0001,20512
211,82236,86.64243713,389,0.1319533333333336,979,84.0,0.1552308201789856,0.0001,20533
211,82320,86.64453413999999,390,0.13106666666666644,980,84.0,0.09411987662315369,0.0001,20554
210,82404,86.65237426000002,390,0.1301800000000003,981,84.0,3.2107276916503906,0.0001,20575
210,82488,86.65660998000001,391,0.12929333333333304,982,84.0,3.792999267578125,0.0001,20596
210,82572,86.65872502,391,0.1284066666666669,983,84.0,0.3127022981643677,0.0001,20617
210,82656,86.64760828,392,0.12751999999999974,984,84.0,0.2954675555229187,0.0001,20638
210,82740,86.63532254000002,392,0.1266333333333336,985,84.0,0.33846449851989746,0.0001,20659
210,82824,86.64103680000004,392,0.12574666666666634,986,84.0,0.9110680222511292,0.0001,20680
210,82908,86.61334712000001,393,0.12486000000000019,987,84.0,0.11498210579156876,0.0001,20701
210,82992,86.61812705000003,393,0.12397333333333305,988,84.0,0.1572228968143463,0.0001,20722
210,83076,86.60262279999999,394,0.1230866666666669,989,84.0,0.09560622274875641,0.0001,20743
210,83160,86.60663430000001,394,0.12219999999999964,990,84.0,0.10687145590782166,0.0001,20764
210,83244,86.62825745999999,395,0.1213133333333335,991,84.0,0.10845910012722015,0.0001,20785
210,83328,86.64111747999999,395,0.12042666666666635,992,84.0,0.6798032522201538,0.0001,20806
210,83412,86.62607177000001,396,0.1195400000000002,993,84.0,3.1462485790252686,0.0001,20827
210,83496,86.60760978,396,0.11865333333333294,994,84.0,0.533417820930481,0.0001,20848
210,83580,86.60352986000002,397,0.1177666666666668,995,84.0,0.11693078279495239,0.0001,20869
210,83664,86.60153804,397,0.11687999999999965,996,84.0,0.5476165413856506,0.0001,20890
210,83748,86.58377141,398,0.1159933333333335,997,84.0,3.120964288711548,0.0001,20911
210,83832,86.58141433999998,398,0.11510666666666625,998,84.0,0.11321981251239777,0.0001,20932
210,83916,86.56720424,398,0.1142200000000001,999,84.0,6.194636821746826,0.0001,20953
210,84000,86.56367175,399,0.11333333333333295,1000,84.0,2.976431131362915,0.0001,20974
210,84084,86.57693144999998,399,0.1124466666666668,1001,84.0,3.1400578022003174,0.0001,20995
210,84168,86.58302445,400,0.11155999999999955,1002,84.0,0.15137818455696106,0.0001,21016
210,84252,86.58367797,400,0.1106733333333334,1003,84.0,0.229461207985878,0.0001,21037
210,84336,86.55050340999998,400,0.10978666666666737,1004,84.0,3.2905845642089844,0.0001,21058
210,84420,86.56111147999998,401,0.10890000000000011,1005,84.0,3.072817802429199,0.0001,21079
210,84504,86.5645567,401,0.10801333333333296,1006,84.0,0.0802702009677887,0.0001,21100
210,84588,86.55413428999998,402,0.1071266666666667,1007,84.0,0.38270121812820435,0.0001,21121
210,84672,86.55943189,402,0.10624000000000067,1008,84.0,0.48380184173583984,0.0001,21142
210,84756,86.53588930000002,403,0.10535333333333341,1009,84.0,3.397691011428833,0.0001,21163
210,84840,86.53753895000001,403,0.10446666666666626,1010,84.0,0.10550113767385483,0.0001,21184
210,84924,86.53244408000002,404,0.10358,1011,84.0,0.14010344445705414,0.0001,21205
210,85008,86.51765614000001,404,0.10269333333333397,1012,84.0,3.540778636932373,0.0001,21226
210,85092,86.50377526,404,0.10180666666666671,1013,84.0,0.3583223521709442,0.0001,21247
210,85176,86.50592775999999,405,0.10091999999999957,1014,84.0,0.10406605154275894,0.0001,21268
210,85260,86.47540682,405,0.10003333333333331,1015,84.0,3.268834352493286,0.0001,21289
210,85344,86.43926239000001,406,0.09914666666666727,1016,84.0,0.12515199184417725,0.0001,21310
209,85428,86.41655708,406,0.09826000000000001,1017,84.0,0.1421455442905426,0.0001,21331
209,85512,86.41486162000001,407,0.09737333333333287,1018,84.0,0.3494718670845032,0.0001,21352
209,85596,86.41492940000002,407,0.09648666666666661,1019,84.0,0.18144835531711578,0.0001,21373
209,85680,86.38602713,408,0.09560000000000057,1020,84.0,0.5286096930503845,0.0001,21394
209,85764,86.38414558999999,408,0.09471333333333332,1021,84.0,0.12149631977081299,0.0001,21415
209,85848,86.38214254999998,409,0.09382666666666717,1022,84.0,3.4074392318725586,0.0001,21436
209,85932,86.38164837999999,410,0.09293999999999991,1023,84.0,3.1435012817382812,0.0001,21457
209,86016,86.38011242999997,410,0.09205333333333388,1024,84.0,0.12204921245574951,0.0001,21478
209,86100,86.38054351999999,410,0.09116666666666662,1025,84.0,3.1015079021453857,0.0001,21499
209,86184,86.37891723999999,411,0.09028000000000047,1026,84.0,0.14625516533851624,0.0001,21520
209,86268,86.37985178999999,411,0.08939333333333321,1027,84.0,0.27985888719558716,0.0001,21541
209,86352,86.38273034000002,412,0.08850666666666718,1028,84.0,0.12980572879314423,0.0001,21562
209,86436,86.37695835000001,412,0.08761999999999992,1029,84.0,3.3773927688598633,0.0001,21583
209,86520,86.39054440000001,413,0.08673333333333377,1030,84.0,3.1262383460998535,0.0001,21604
209,86604,86.38851714999998,413,0.08584666666666652,1031,84.0,0.3817536234855652,0.0001,21625
209,86688,86.39335682999999,414,0.08496000000000048,1032,84.0,0.5018700361251831,0.0001,21646
209,86772,86.38970423999999,414,0.08407333333333322,1033,84.0,0.3960707187652588,0.0001,21667
209,86856,86.39337318,414,0.08318666666666708,1034,84.0,6.269674301147461,0.0001,21688
209,86940,86.40543106999998,415,0.08229999999999982,1035,84.0,3.390782356262207,0.0001,21709
209,87024,86.40416802,415,0.08141333333333378,1036,84.0,0.6044052243232727,0.0001,21730
209,87108,86.38592686000001,416,0.08052666666666652,1037,84.0,0.37954309582710266,0.0001,21751
209,87192,86.38554008000001,416,0.07964000000000038,1038,84.0,0.3837644159793854,0.0001,21772
209,87276,86.35539236000002,416,0.07875333333333312,1039,84.0,3.1067399978637695,0.0001,21793
209,87360,86.35648269,417,0.07786666666666708,1040,84.0,3.124020576477051,0.0001,21814
209,87444,86.37961840000001,417,0.07697999999999983,1041,84.0,0.15211300551891327,0.0001,21835
209,87528,86.38096711,418,0.07609333333333368,1042,84.0,0.5928241610527039,0.0001,21856
209,87612,86.38354575000001,418,0.07520666666666642,1043,84.0,0.29826778173446655,0.0001,21877
209,87696,86.37949234000001,419,0.07432000000000039,1044,84.0,0.13147494196891785,0.0001,21898
209,87780,86.39560389,419,0.07343333333333313,1045,84.0,0.13532771170139313,0.0001,21919
209,87864,86.39903785,419,0.07254666666666698,1046,84.0,3.159790515899658,0.0001,21940
209,87948,86.41081521999999,420,0.07165999999999972,1047,84.0,3.3508193492889404,0.0001,21961
209,88032,86.40509392,420,0.07077333333333369,1048,84.0,6.113986015319824,0.0001,21982
209,88116,86.39305936,421,0.06988666666666643,1049,84.0,3.1108546257019043,0.0001,22003
209,88200,86.39387208999999,421,0.06900000000000028,1050,84.0,3.071194887161255,0.0001,22024
209,88284,86.38366395999998,421,0.06811333333333303,1051,84.0,0.12206487357616425,0.0001,22045
209,88368,86.38881978999999,422,0.06722666666666699,1052,84.0,12.289316177368164,0.0001,22066
209,88452,86.35453119999998,422,0.06633999999999973,1053,84.0,3.0908358097076416,0.0001,22087
209,88536,86.34944717,423,0.06545333333333359,1054,84.0,0.37013325095176697,0.0001,22108
209,88620,86.36497903000001,423,0.06456666666666633,1055,84.0,0.32823777198791504,0.0001,22129
209,88704,86.35084468999999,423,0.06368000000000029,1056,84.0,3.4641499519348145,0.0001,22150
209,88788,86.355984,424,0.06279333333333303,1057,84.0,6.099332809448242,0.0001,22171
209,88872,86.34653717,424,0.06190666666666689,1058,84.0,0.5477820634841919,0.0001,22192
209,88956,86.35705265,425,0.06101999999999963,1059,84.0,3.2730772495269775,0.0001,22213
209,89040,86.36013651999998,425,0.060133333333333594,1060,84.0,0.45569804310798645,0.0001,22234
209,89124,86.36563842000004,425,0.05924666666666634,1061,84.0,0.5866202116012573,0.0001,22255
209,89208,86.37395856,426,0.05836000000000019,1062,84.0,0.3753487467765808,0.0001,22276
209,89292,86.36411468000001,426,0.05747333333333293,1063,84.0,3.1176042556762695,0.0001,22297
209,89376,86.35008557,426,0.056586666666666896,1064,84.0,0.13063116371631622,0.0001,22318
209,89460,86.34631273000001,427,0.05569999999999964,1065,84.0,0.05386272817850113,0.0001,22339
209,89544,86.33902006000002,427,0.05481333333333349,1066,84.0,0.09132884442806244,0.0001,22360
209,89628,86.33739682000001,428,0.053926666666666234,1067,84.0,3.5015366077423096,0.0001,22381
209,89712,86.32752153000001,428,0.0530400000000002,1068,84.0,0.0882420763373375,0.0001,22402
209,89796,86.32700903000001,429,0.05215333333333294,1069,84.0,0.08201760053634644,0.0001,22423
209,89880,86.33336875,429,0.051266666666666794,1070,84.0,0.28203850984573364,0.0001,22444
209,89964,86.29609051,429,0.050379999999999536,1071,84.0,0.09704428911209106,0.0001,22465
209,90048,86.28147298999998,430,0.05,1072,84.0,0.12990005314350128,0.0001,22486
209,90132,86.22975588999999,430,0.05,1073,84.0,0.09253762662410736,0.0001,22507
209,90216,86.23364911,430,0.05,1074,84.0,0.1623191237449646,0.0001,22528
209,90300,86.23057644000001,431,0.05,1075,84.0,3.1193857192993164,0.0001,22549
209,90384,86.20715915999999,431,0.05,1076,84.0,3.0799851417541504,0.0001,22570
209,90468,86.20572788999999,432,0.05,1077,84.0,3.3878726959228516,0.0001,22591
209,90552,86.21839344,432,0.05,1078,84.0,0.1546151041984558,0.0001,22612
209,90636,86.23798492000002,432,0.05,1079,84.0,0.4414246678352356,0.0001,22633
209,90720,86.24386394000001,433,0.05,1080,84.0,3.1343367099761963,0.0001,22654
209,90804,86.21463322,433,0.05,1081,84.0,3.2051918506622314,0.0001,22675
209,90888,86.20155945999998,434,0.05,1082,84.0,0.30645257234573364,0.0001,22696
209,90972,86.20082174999997,434,0.05,1083,84.0,3.21036434173584,0.0001,22717
209,91056,86.18914951,435,0.05,1084,84.0,3.379805326461792,0.0001,22738
209,91140,86.19918408999997,435,0.05,1085,84.0,3.127582311630249,0.0001,22759
209,91224,86.1786025,436,0.05,1086,84.0,0.19248132407665253,0.0001,22780
209,91308,86.21180682999999,436,0.05,1087,84.0,0.687735378742218,0.0001,22801
209,91392,86.16091791999999,436,0.05,1088,84.0,0.10362549871206284,0.0001,22822
209,91476,86.16325042,437,0.05,1089,84.0,6.207999229431152,0.0001,22843
209,91560,86.16388312000001,437,0.05,1090,84.0,6.609745025634766,0.0001,22864
209,91644,86.16704551000001,437,0.05,1091,84.0,0.12674760818481445,0.0001,22885
209,91728,86.15273348000002,438,0.05,1092,84.0,3.264010429382324,0.0001,22906
209,91812,86.16167008000001,438,0.05,1093,84.0,0.6027824878692627,0.0001,22927
209,91896,86.17491966,439,0.05,1094,84.0,0.545718252658844,0.0001,22948
209,91980,86.17370796000003,439,0.05,1095,84.0,3.3476648330688477,0.0001,22969
209,92064,86.17183700000001,439,0.05,1096,84.0,0.34700894355773926,0.0001,22990
209,92148,86.19098603000002,440,0.05,1097,84.0,0.32910221815109253,0.0001,23011
209,92232,86.14850968,440,0.05,1098,84.0,0.3262312412261963,0.0001,23032
209,92316,86.12332563,441,0.05,1099,84.0,0.5358477830886841,0.0001,23053
209,92400,86.12457882999999,441,0.05,1100,84.0,0.3784800171852112,0.0001,23074
209,92484,86.09572622999998,442,0.05,1101,84.0,0.18483096361160278,0.0001,23095
209,92568,86.02825945999999,442,0.05,1102,84.0,3.097378730773926,0.0001,23116
209,92652,86.02915691999999,442,0.05,1103,84.0,3.617053270339966,0.0001,23137
209,92736,86.05525553000001,443,0.05,1104,84.0,0.1767360270023346,0.0001,23158
209,92820,86.05327447999998,443,0.05,1105,84.0,0.13639888167381287,0.0001,23179
209,92904,86.03631644000001,444,0.05,1106,84.0,0.18439626693725586,0.0001,23200
209,92988,86.04631242999999,444,0.05,1107,84.0,0.5995386838912964,0.0001,23221
209,93072,86.05296256,444,0.05,1108,84.0,0.17911145091056824,0.0001,23242
209,93156,86.07239715999998,445,0.05,1109,84.0,0.3873136043548584,0.0001,23263
209,93240,86.08645995999997,445,0.05,1110,84.0,0.29292216897010803,0.0001,23284
209,93324,86.08977475999998,446,0.05,1111,84.0,0.47137150168418884,0.0001,23305
209,93408,86.11235792,446,0.05,1112,84.0,3.389564275741577,0.0001,23326
209,93492,86.12753997,447,0.05,1113,84.0,0.1614314615726471,0.0001,23347
209,93576,86.09113828,447,0.05,1114,84.0,0.1327846646308899,0.0001,23368
209,93660,86.10239492000001,448,0.05,1115,84.0,0.2939647436141968,0.0001,23389
209,93744,86.14264329,448,0.05,1116,84.0,0.10409566015005112,0.0001,23410
209,93828,86.14132670000001,448,0.05,1117,84.0,0.5037931799888611,0.0001,23431
209,93912,86.14955138,449,0.05,1118,84.0,0.1514715999364853,0.0001,23452
209,93996,86.15079833,449,0.05,1119,84.0,0.12201496213674545,0.0001,23473
209,94080,86.17853437,450,0.05,1120,84.0,0.3790355622768402,0.0001,23494
208,94164,86.18037284999998,450,0.05,1121,84.0,0.1338936686515808,0.0001,23515
208,94248,86.15477660999998,450,0.05,1122,84.0,0.31849008798599243,0.0001,23536
208,94332,86.16104625,451,0.05,1123,84.0,0.6021084189414978,0.0001,23557
208,94416,86.17274137,451,0.05,1124,84.0,3.3101134300231934,0.0001,23578
208,94500,86.16956911,452,0.05,1125,84.0,0.0998467206954956,0.0001,23599
208,94584,86.11386296,452,0.05,1126,84.0,0.37926334142684937,0.0001,23620
208,94668,86.11046452999997,453,0.05,1127,84.0,0.10080500692129135,0.0001,23641
208,94752,86.11671453999998,453,0.05,1128,84.0,0.3835374712944031,0.0001,23662
208,94836,86.11075936999998,454,0.05,1129,84.0,12.398916244506836,0.0001,23683
208,94920,86.08680897999999,454,0.05,1130,84.0,3.388709545135498,0.0001,23704
208,95004,86.09825113999999,454,0.05,1131,84.0,0.7708281874656677,0.0001,23725
208,95088,86.06506904,455,0.05,1132,84.0,0.35635805130004883,0.0001,23746
208,95172,86.05631578999999,455,0.05,1133,84.0,0.375913143157959,0.0001,23767
208,95256,86.04937324000001,456,0.05,1134,84.0,0.08485780656337738,0.0001,23788
208,95340,86.02793509000001,456,0.05,1135,84.0,0.18850016593933105,0.0001,23809
208,95424,86.02930969,457,0.05,1136,84.0,0.5589293241500854,0.0001,23830
208,95508,86.06050777,457,0.05,1137,84.0,0.381618857383728,0.0001,23851
208,95592,86.0526156,457,0.05,1138,84.0,0.32418954372406006,0.0001,23872
208,95676,86.08408374999999,458,0.05,1139,84.0,0.31874415278434753,0.0001,23893
208,95760,86.06922091999999,458,0.05,1140,84.0,3.5264780521392822,0.0001,23914
208,95844,86.06121583,458,0.05,1141,84.0,0.13174542784690857,0.0001,23935
208,95928,86.05977519,459,0.05,1142,84.0,0.16663700342178345,0.0001,23956
208,96012,86.05272575,459,0.05,1143,84.0,0.36760544776916504,0.0001,23977
208,96096,86.04891523,460,0.05,1144,84.0,0.4289911985397339,0.0001,23998
208,96180,86.03259849999999,460,0.05,1145,84.0,0.1375354826450348,0.0001,24019
208,96264,86.01689253999999,461,0.05,1146,84.0,0.562828004360199,0.0001,24040
208,96348,85.96438448999999,461,0.05,1147,84.0,0.38087496161460876,0.0001,24061
208,96432,85.93350745999999,461,0.05,1148,84.0,0.3227512240409851,0.0001,24082
208,96516,85.93794440999999,462,0.05,1149,84.0,3.187983512878418,0.0001,24103
208,96600,85.93958504999999,462,0.05,1150,84.0,3.318474531173706,0.0001,24124
208,96684,85.95364497000003,463,0.05,1151,84.0,0.30708158016204834,0.0001,24145
208,96768,85.95609587000003,463,0.05,1152,84.0,3.5976438522338867,0.0001,24166
208,96852,85.97768538000004,464,0.05,1153,84.0,0.32910820841789246,0.0001,24187
208,96936,85.99121594000002,464,0.05,1154,84.0,0.16555391252040863,0.0001,24208
208,97020,85.99703468000003,465,0.05,1155,84.0,0.1259731948375702,0.0001,24229
208,97104,85.99223382000002,465,0.05,1156,84.0,0.3804766535758972,0.0001,24250
208,97188,85.94154330000003,466,0.05,1157,84.0,0.3068210780620575,0.0001,24271
208,97272,85.94272833000002,466,0.05,1158,84.0,6.19822883605957,0.0001,24292
208,97356,85.94686171000004,466,0.05,1159,84.0,0.13253559172153473,0.0001,24313
208,97440,85.94325222000002,467,0.05,1160,84.0,0.3065717816352844,0.0001,24334
208,97524,85.93426251000001,467,0.05,1161,84.0,0.28699958324432373,0.0001,24355
208,97608,85.93505187000002,468,0.05,1162,84.0,0.18440258502960205,0.0001,24376
208,97692,85.93230827000001,468,0.05,1163,84.0,3.3485488891601562,0.0001,24397
208,97776,85.95833016,469,0.05,1164,84.0,0.6136504411697388,0.0001,24418
208,97860,85.96854072000002,469,0.05,1165,84.0,3.1932785511016846,0.0001,24439
208,97944,85.96424123999999,470,0.05,1166,84.0,0.14449521899223328,0.0001,24460
208,98028,85.93765655999998,470,0.05,1167,84.0,3.3796725273132324,0.0001,24481
208,98112,85.94402430999999,471,0.05,1168,84.0,0.39921873807907104,0.0001,24502
208,98196,85.95321066999999,471,0.05,1169,84.0,0.5306076407432556,0.0001,24523
208,98280,85.95021843,472,0.05,1170,84.0,6.355540752410889,0.0001,24544
208,98364,85.98558039000001,472,0.05,1171,84.0,0.16667643189430237,0.0001,24565
208,98448,86.00515479000002,473,0.05,1172,84.0,3.382997989654541,0.0001,24586
207,98532,86.05644251000001,473,0.05,1173,84.0,0.5692195296287537,0.0001,24607
207,98616,86.05912827000002,474,0.05,1174,84.0,3.3612420558929443,0.0001,24628
207,98700,86.06059975000002,474,0.05,1175,84.0,0.556727409362793,0.0001,24649
207,98784,86.08295414999999,475,0.05,1176,84.0,0.1445818394422531,0.0001,24670
207,98868,86.07744908000001,475,0.05,1177,84.0,0.6518937349319458,0.0001,24691
207,98952,86.07879245999999,476,0.05,1178,84.0,3.134432792663574,0.0001,24712
207,99036,86.01622848000001,476,0.05,1179,84.0,3.3914060592651367,0.0001,24733
207,99120,86.00375712,477,0.05,1180,84.0,0.6163185834884644,0.0001,24754
207,99204,86.02517259000003,477,0.05,1181,84.0,3.2807672023773193,0.0001,24775
207,99288,86.03561091000003,478,0.05,1182,84.0,0.3273368775844574,0.0001,24796
207,99372,85.99522121000001,478,0.05,1183,84.0,0.6421363949775696,0.0001,24817
207,99456,85.99696229000003,478,0.05,1184,84.0,6.49716854095459,0.0001,24838
207,99540,85.99584998,479,0.05,1185,84.0,0.30681490898132324,0.0001,24859
207,99624,86.01643422,479,0.05,1186,84.0,0.14756599068641663,0.0001,24880
207,99708,85.99556792999999,480,0.05,1187,84.0,3.176332950592041,0.0001,24901
207,99792,86.03540308,480,0.05,1188,84.0,3.2997710704803467,0.0001,24922
207,99876,86.04613789,481,0.05,1189,84.0,3.269214153289795,0.0001,24943
207,99960,86.04361907999998,481,0.05,1190,84.0,0.546122670173645,0.0001,24964
207,100044,86.04300923999999,482,0.05,1191,84.0,0.4510347843170166,0.0001,24985
207,100128,86.04438648999998,482,0.05,1192,84.0,0.5696672201156616,0.0001,25006
207,100212,86.04799223,483,0.05,1193,84.0,0.37117522954940796,0.0001,25027
207,100296,86.04720275999998,483,0.05,1194,84.0,3.2001359462738037,0.0001,25048
207,100380,86.01741387999999,483,0.05,1195,84.0,0.39106428623199463,0.0001,25069
207,100464,85.99744491,484,0.05,1196,84.0,0.7256889939308167,0.0001,25090
207,100548,85.97865321,484,0.05,1197,84.0,0.09557098150253296,0.0001,25111
207,100632,86.00022983999999,485,0.05,1198,84.0,0.1476360410451889,0.0001,25132
207,100716,86.04715167,485,0.05,1199,84.0,0.8123065233230591,0.0001,25153
207,100800,86.04032041,486,0.05,1200,84.0,3.2647738456726074,0.0001,25174
207,100884,86.05084779999999,486,0.05,1201,84.0,0.8354334831237793,0.0001,25195
207,100968,86.11864645,486,0.05,1202,84.0,0.267459511756897,0.0001,25216
207,101052,86.12152783999998,487,0.05,1203,84.0,0.45603421330451965,0.0001,25237
207,101136,86.09906138000001,487,0.05,1204,84.0,0.12907326221466064,0.0001,25258
207,101220,86.09134505,488,0.05,1205,84.0,0.10483412444591522,0.0001,25279
207,101304,86.08766763,488,0.05,1206,84.0,3.1553471088409424,0.0001,25300
207,101388,86.08752828,488,0.05,1207,84.0,3.2185583114624023,0.0001,25321
207,101472,86.08053324000001,489,0.05,1208,84.0,0.6605152487754822,0.0001,25342
207,101556,86.08339559,489,0.05,1209,84.0,6.115508079528809,0.0001,25363
207,101640,86.06774681000003,490,0.05,1210,84.0,0.7806729674339294,0.0001,25384
207,101724,86.03244969,490,0.05,1211,84.0,0.45382270216941833,0.0001,25405
207,101808,85.99353094,490,0.05,1212,84.0,3.269874095916748,0.0001,25426
207,101892,85.96371084999998,491,0.05,1213,84.0,0.16526247560977936,0.0001,25447
207,101976,85.96678342,491,0.05,1214,84.0,0.3287461996078491,0.0001,25468
207,102060,85.98654601999996,492,0.05,1215,84.0,0.055899836122989655,0.0001,25489
207,102144,85.98685760999999,492,0.05,1216,84.0,0.7769942283630371,0.0001,25510
207,102228,85.99067651000001,493,0.05,1217,84.0,3.614814043045044,0.0001,25531
207,102312,85.96664659,493,0.05,1218,84.0,0.32377806305885315,0.0001,25552
207,102396,85.96749944000001,494,0.05,1219,84.0,0.08731500059366226,0.0001,25573
207,102480,85.94493836,494,0.05,1220,84.0,0.5823771953582764,0.0001,25594
207,102564,85.943719,494,0.05,1221,84.0,0.13219687342643738,0.0001,25615
207,102648,85.94987063,495,0.05,1222,84.0,0.33764147758483887,0.0001,25636
207,102732,85.94780316000002,495,0.05,1223,84.0,0.12517084181308746,0.0001,25657
207,102816,85.93465384000001,496,0.05,1224,84.0,3.221309185028076,0.0001,25678
207,102900,85.87942491000001,496,0.05,1225,84.0,3.3538644313812256,0.0001,25699
207,102984,85.91546623000002,496,0.05,1226,84.0,3.4281482696533203,0.0001,25720
207,103068,85.91730109000002,497,0.05,1227,84.0,0.3074193000793457,0.0001,25741
207,103152,85.90937895,497,0.05,1228,84.0,3.4039158821105957,0.0001,25762
207,103236,85.92551155000002,498,0.05,1229,84.0,0.29106399416923523,0.0001,25783
207,103320,85.94992557000003,498,0.05,1230,84.0,0.4634787142276764,0.0001,25804
207,103404,85.95111630000001,499,0.05,1231,84.0,0.19127798080444336,0.0001,25825
207,103488,85.98349619999999,499,0.05,1232,84.0,3.718341827392578,0.0001,25846
207,103572,85.93604964000001,499,0.05,1233,84.0,0.33671462535858154,0.0001,25867
207,103656,85.90841218,500,0.05,1234,84.0,0.7579455971717834,0.0001,25888
207,103740,85.93008941,500,0.05,1235,84.0,0.060184456408023834,0.0001,25909
207,103824,85.89801315999999,501,0.05,1236,84.0,0.03493630513548851,0.0001,25930
207,103908,85.88626814999999,501,0.05,1237,84.0,0.3460080921649933,0.0001,25951
207,103992,85.8723229,502,0.05,1238,84.0,0.418072372674942,0.0001,25972
207,104076,85.87102993999999,502,0.05,1239,84.0,3.4524741172790527,0.0001,25993
206,104160,85.88696807999999,503,0.05,1240,84.0,0.8042004108428955,0.0001,26014
206,104244,85.90422164,503,0.05,1241,84.0,3.5738022327423096,0.0001,26035
206,104328,85.89373235,504,0.05,1242,84.0,0.5333775281906128,0.0001,26056
206,104412,85.85160351,504,0.05,1243,84.0,0.3295890688896179,0.0001,26077
206,104496,85.85765405999999,505,0.05,1244,84.0,0.3718472719192505,0.0001,26098
206,104580,85.84771847999998,505,0.05,1245,84.0,0.16391167044639587,0.0001,26119
206,104664,85.85078801,506,0.05,1246,84.0,0.09444215893745422,0.0001,26140
206,104748,85.90109912000001,506,0.05,1247,84.0,0.09541641175746918,0.0001,26161
206,104832,85.92602796,506,0.05,1248,84.0,3.425546169281006,0.0001,26182
206,104916,85.91573463,507,0.05,1249,84.0,6.613631725311279,0.0001,26203
206,105000,85.89868125999999,507,0.05,1250,84.0,3.2188479900360107,0.0001,26224
206,105084,85.90158735000001,508,0.05,1251,84.0,3.2523868083953857,0.0001,26245
206,105168,85.88707792999999,508,0.05,1252,84.0,0.17036370933055878,0.0001,26266
206,105252,85.86500203000001,509,0.05,1253,84.0,0.13593846559524536,0.0001,26287
206,105336,85.84516495,509,0.05,1254,84.0,3.1227948665618896,0.0001,26308
206,105420,85.84406255,509,0.05,1255,84.0,3.4597055912017822,0.0001,26329
206,105504,85.84689741,510,0.05,1256,84.0,0.21136224269866943,0.0001,26350
206,105588,85.90397021999999,510,0.05,1257,84.0,0.5006960034370422,0.0001,26371
206,105672,85.89687091,511,0.05,1258,84.0,0.06545822322368622,0.0001,26392
206,105756,85.8941034,511,0.05,1259,84.0,3.4494857788085938,0.0001,26413
206,105840,85.88728155000001,512,0.05,1260,84.0,3.3289854526519775,0.0001,26434
206,105924,85.91491533,512,0.05,1261,84.0,0.13382655382156372,0.0001,26455
206,106008,85.89417624000002,512,0.05,1262,84.0,0.10394848138093948,0.0001,26476
206,106092,85.910802,513,0.05,1263,84.0,0.29760435223579407,0.0001,26497
206,106176,85.91698963,513,0.05,1264,84.0,0.1323316991329193,0.0001,26518
206,106260,85.91999516,514,0.05,1265,84.0,3.3786916732788086,0.0001,26539
206,106344,85.93585868,514,0.05,1266,84.0,0.35886532068252563,0.0001,26560
206,106428,85.95069464,515,0.05,1267,84.0,0.19848103821277618,0.0001,26581
206,106512,85.91894359000001,515,0.05,1268,84.0,0.13434502482414246,0.0001,26602
206,106596,85.91332181,516,0.05,1269,84.0,3.4065892696380615,0.0001,26623
206,106680,85.90748974,516,0.05,1270,84.0,0.10213139653205872,0.0001,26644
206,106764,85.90745443000002,517,0.05,1271,84.0,0.11924250423908234,0.0001,26665
206,106848,85.89724159000001,517,0.05,1272,84.0,0.09033375978469849,0.0001,26686
206,106932,85.89921089,518,0.05,1273,84.0,0.09740117192268372,0.0001,26707
206,107016,85.88067223,518,0.05,1274,84.0,0.303090900182724,0.0001,26728
206,107100,85.87766160000001,519,0.05,1275,84.0,0.13359369337558746,0.0001,26749
206,107184,85.85978107,519,0.05,1276,84.0,0.10076761990785599,0.0001,26770
206,107268,85.81582487,520,0.05,1277,84.0,0.1034228652715683,0.0001,26791
206,107352,85.79781875,520,0.05,1278,84.0,0.3566153347492218,0.0001,26812
206,107436,85.85395892999999,520,0.05,1279,84.0,6.413630485534668,0.0001,26833
206,107520,85.85335537,521,0.05,1280,84.0,3.669560432434082,0.0001,26854
206,107604,85.83320336999999,521,0.05,1281,84.0,0.07838721573352814,0.0001,26875
206,107688,85.82914374,522,0.05,1282,84.0,0.3375473618507385,0.0001,26896
206,107772,85.86554928,522,0.05,1283,84.0,0.5990952253341675,0.0001,26917
206,107856,85.85402686000002,522,0.05,1284,84.0,0.5446599125862122,0.0001,26938
206,107940,85.81730357,523,0.05,1285,84.0,3.0830531120300293,0.0001,26959
206,108024,85.79381684999998,523,0.05,1286,84.0,0.4498973786830902,0.0001,26980
206,108108,85.76227032999999,524,0.05,1287,84.0,0.9180995225906372,0.0001,27001
206,108192,85.76531713,524,0.05,1288,84.0,0.10215200483798981,0.0001,27022
206,108276,85.77346573000001,524,0.05,1289,84.0,3.1674399375915527,0.0001,27043
206,108360,85.77645518000001,525,0.05,1290,84.0,0.344789981842041,0.0001,27064
206,108444,85.77555163000001,525,0.05,1291,84.0,3.337141275405884,0.0001,27085
206,108528,85.76049853999999,526,0.05,1292,84.0,3.322521924972534,0.0001,27106
206,108612,85.74563296999999,526,0.05,1293,84.0,3.2735300064086914,0.0001,27127
206,108696,85.74841277999998,527,0.05,1294,84.0,6.71219539642334,0.0001,27148
206,108780,85.78977033,527,0.05,1295,84.0,0.07223488390445709,0.0001,27169
206,108864,85.80512700999999,527,0.05,1296,84.0,0.37984874844551086,0.0001,27190
206,108948,85.81287418,528,0.05,1297,84.0,0.18684780597686768,0.0001,27211
206,109032,85.82895692000002,528,0.05,1298,84.0,0.11983193457126617,0.0001,27232
206,109116,85.78443173,529,0.05,1299,84.0,0.06658973544836044,0.0001,27253
206,109200,85.78453406000003,529,0.05,1300,84.0,0.2612175941467285,0.0001,27274
206,109284,85.78827116000001,530,0.05,1301,84.0,0.5221227407455444,0.0001,27295
206,109368,85.78460618000001,530,0.05,1302,84.0,0.2927432060241699,0.0001,27316
206,109452,85.76421623,530,0.05,1303,84.0,3.293199300765991,0.0001,27337
206,109536,85.78763096,531,0.05,1304,84.0,0.39705049991607666,0.0001,27358
206,109620,85.78663876,531,0.05,1305,84.0,0.19587069749832153,0.0001,27379
206,109704,85.79255400000002,532,0.05,1306,84.0,3.1309075355529785,0.0001,27400
206,109788,85.78545731,532,0.05,1307,84.0,3.240701675415039,0.0001,27421
206,109872,85.78489504999999,532,0.05,1308,84.0,0.5333026647567749,0.0001,27442
206,109956,85.77330975,533,0.05,1309,84.0,6.501372337341309,0.0001,27463
206,110040,85.77773765,533,0.05,1310,84.0,0.2516789436340332,0.0001,27484
206,110124,85.81122800999998,534,0.05,1311,84.0,0.3999597430229187,0.0001,27505
206,110208,85.83175422999999,534,0.05,1312,84.0,0.13948366045951843,0.0001,27526
206,110292,85.85452491999999,534,0.05,1313,84.0,0.18762697279453278,0.0001,27547
206,110376,85.88133966,535,0.05,1314,84.0,0.11945905536413193,0.0001,27568
206,110460,85.88385210000003,535,0.05,1315,84.0,0.11245499551296234,0.0001,27589
206,110544,85.87359650999998,536,0.05,1316,84.0,0.5854625105857849,0.0001,27610
206,110628,85.87603633,536,0.05,1317,84.0,0.12372390925884247,0.0001,27631
206,110712,85.86667932999998,536,0.05,1318,84.0,0.19271057844161987,0.0001,27652
206,110796,85.83027651999998,537,0.05,1319,84.0,0.7190747261047363,0.0001,27673
206,110880,85.85910754000001,537,0.05,1320,84.0,0.5614279508590698,0.0001,27694
206,110964,85.83573748999999,538,0.05,1321,84.0,3.25481915473938,0.0001,27715
206,111048,85.85263099999999,538,0.05,1322,84.0,3.2575576305389404,0.0001,27736
206,111132,85.82224975999999,538,0.05,1323,84.0,3.5318386554718018,0.0001,27757
206,111216,85.81934518999998,539,0.05,1324,84.0,0.4746750593185425,0.0001,27778
206,111300,85.87682023999997,539,0.05,1325,84.0,0.1402757465839386,0.0001,27799
206,111384,85.89894320999998,540,0.05,1326,84.0,0.3673655688762665,0.0001,27820
206,111468,85.89989871,540,0.05,1327,84.0,3.575512647628784,0.0001,27841
206,111552,85.89814833,540,0.05,1328,84.0,3.465190887451172,0.0001,27862
206,111636,85.8483357,541,0.05,1329,84.0,3.1668243408203125,0.0001,27883
206,111720,85.84157476,541,0.05,1330,84.0,0.549031138420105,0.0001,27904
206,111804,85.80201407999999,542,0.05,1331,84.0,3.535822629928589,0.0001,27925
206,111888,85.77885404000003,542,0.05,1332,84.0,0.4052308201789856,0.0001,27946
206,111972,85.83730744,542,0.05,1333,84.0,0.585694432258606,0.0001,27967
206,112056,85.86857293000001,543,0.05,1334,84.0,0.35306626558303833,0.0001,27988
206,112140,85.86392700999998,543,0.05,1335,84.0,0.116356760263443,0.0001,28009
206,112224,85.88616823000001,544,0.05,1336,84.0,0.13808798789978027,0.0001,28030
206,112308,85.85952776,544,0.05,1337,84.0,0.3204862177371979,0.0001,28051
206,112392,85.88000577000001,544,0.05,1338,84.0,0.1834738403558731,0.0001,28072
206,112476,85.88623591000001,545,0.05,1339,84.0,3.592731237411499,0.0001,28093
206,112560,85.86368067,545,0.05,1340,84.0,0.1652146577835083,0.0001,28114
206,112644,85.82118729,546,0.05,1341,84.0,3.87680983543396,0.0001,28135
206,112728,85.82765527,546,0.05,1342,84.0,0.4952239394187927,0.0001,28156
206,112812,85.88646474000001,547,0.05,1343,84.0,6.496695518493652,0.0001,28177
206,112896,85.85902235000002,547,0.05,1344,84.0,0.29686984419822693,0.0001,28198
206,112980,85.88373075000001,548,0.05,1345,84.0,0.16833113133907318,0.0001,28219
206,113064,85.89474431999999,548,0.05,1346,84.0,0.7282776832580566,0.0001,28240
206,113148,85.89711034000001,548,0.05,1347,84.0,0.17397020757198334,0.0001,28261
206,113232,85.82689696999999,549,0.05,1348,84.0,0.19516900181770325,0.0001,28282
206,113316,85.83007934,549,0.05,1349,84.0,3.3494653701782227,0.0001,28303
206,113400,85.85081689999997,550,0.05,1350,84.0,0.20428872108459473,0.0001,28324
206,113484,85.80020840999998,550,0.05,1351,84.0,0.10772471129894257,0.0001,28345
206,113568,85.78430906999998,550,0.05,1352,84.0,3.4619874954223633,0.0001,28366
206,113652,85.80573877999997,551,0.05,1353,84.0,0.1397990733385086,0.0001,28387
206,113736,85.82613689999998,551,0.05,1354,84.0,0.093981072306633,0.0001,28408
206,113820,85.8278933,552,0.05,1355,84.0,6.393851280212402,0.0001,28429
206,113904,85.84440070999999,552,0.05,1356,84.0,0.13478878140449524,0.0001,28450
206,113988,85.85132832,553,0.05,1357,84.0,6.710631847381592,0.0001,28471
206,114072,85.86572554,553,0.05,1358,84.0,0.32032760977745056,0.0001,28492
206,114156,85.87343032000001,554,0.05,1359,84.0,0.10081209242343903,0.0001,28513
206,114240,85.86141654000002,554,0.05,1360,84.0,3.524226665496826,0.0001,28534
205,114324,85.83669305000001,554,0.05,1361,84.0,3.2538485527038574,0.0001,28555
205,114408,85.84845454000002,555,0.05,1362,84.0,0.07688897848129272,0.0001,28576
205,114492,85.82508398,555,0.05,1363,84.0,0.10492880642414093,0.0001,28597
205,114576,85.82325295000001,556,0.05,1364,84.0,3.674407958984375,0.0001,28618
205,114660,85.81494885000001,556,0.05,1365,84.0,3.5285067558288574,0.0001,28639
205,114744,85.74895704999999,557,0.05,1366,84.0,0.5528509616851807,0.0001,28660
205,114828,85.76008951,557,0.05,1367,84.0,0.30119839310646057,0.0001,28681
205,114912,85.78912590999998,557,0.05,1368,84.0,0.3818284273147583,0.0001,28702
205,114996,85.79026868999999,558,0.05,1369,84.0,0.5312000513076782,0.0001,28723
205,115080,85.7402707,558,0.05,1370,84.0,0.14837190508842468,0.0001,28744
205,115164,85.73416105999999,559,0.05,1371,84.0,0.37052997946739197,0.0001,28765
205,115248,85.74375017,559,0.05,1372,84.0,0.6357881426811218,0.0001,28786
205,115332,85.73446259,559,0.05,1373,84.0,0.3434111475944519,0.0001,28807
205,115416,85.75523118,560,0.05,1374,84.0,0.2858129143714905,0.0001,28828
205,115500,85.72631924,560,0.05,1375,84.0,0.5597429275512695,0.0001,28849
205,115584,85.72935471999999,561,0.05,1376,84.0,0.13260497152805328,0.0001,28870
205,115668,85.77949969,561,0.05,1377,84.0,0.5609748959541321,0.0001,28891
205,115752,85.77629603999998,561,0.05,1378,84.0,0.099421426653862,0.0001,28912
205,115836,85.76754513999997,562,0.05,1379,84.0,0.3323114812374115,0.0001,28933
205,115920,85.74939492999998,562,0.05,1380,84.0,0.39702606201171875,0.0001,28954
205,116004,85.72790136999998,563,0.05,1381,84.0,0.11361800134181976,0.0001,28975
205,116088,85.72813303999999,563,0.05,1382,84.0,6.308017730712891,0.0001,28996
205,116172,85.73468204999999,564,0.05,1383,84.0,3.277733325958252,0.0001,29017
205,116256,85.76384113,564,0.05,1384,84.0,0.30134081840515137,0.0001,29038
205,116340,85.79898564000001,564,0.05,1385,84.0,0.08465264737606049,0.0001,29059
205,116424,85.80571871000001,565,0.05,1386,84.0,0.19536074995994568,0.0001,29080
205,116508,85.81928745,565,0.05,1387,84.0,0.10741741210222244,0.0001,29101
205,116592,85.82370936,566,0.05,1388,84.0,0.14253202080726624,0.0001,29122
205,116676,85.82371710000001,566,0.05,1389,84.0,0.6193294525146484,0.0001,29143
205,116760,85.81827755,566,0.05,1390,84.0,0.4438776969909668,0.0001,29164
205,116844,85.81323899,567,0.05,1391,84.0,0.5721771121025085,0.0001,29185
205,116928,85.82814086000002,567,0.05,1392,84.0,0.14054229855537415,0.0001,29206
205,117012,85.84318847,568,0.05,1393,84.0,0.3513586223125458,0.0001,29227
205,117096,85.81505292000001,568,0.05,1394,84.0,0.08826786279678345,0.0001,29248
205,117180,85.80724828000001,569,0.05,1395,84.0,0.13077521324157715,0.0001,29269
205,117264,85.79474804000002,569,0.05,1396,84.0,0.15592363476753235,0.0001,29290
205,117348,85.81447082999999,569,0.05,1397,84.0,3.305323362350464,0.0001,29311
205,117432,85.77258633,570,0.05,1398,84.0,0.12968213856220245,0.0001,29332
205,117516,85.7818008,570,0.05,1399,84.0,0.2944837212562561,0.0001,29353
205,117600,85.78811285000002,571,0.05,1400,84.0,3.4878127574920654,0.0001,29374
205,117684,85.75072029,571,0.05,1401,84.0,0.11031046509742737,0.0001,29395
205,117768,85.74983554,572,0.05,1402,84.0,9.530923843383789,0.0001,29416
205,117852,85.77111623,572,0.05,1403,84.0,3.348421096801758,0.0001,29437
205,117936,85.77523806,572,0.05,1404,84.0,0.1437792181968689,0.0001,29458
205,118020,85.79240503,573,0.05,1405,84.0,0.3072618842124939,0.0001,29479
205,118104,85.79074846999998,573,0.05,1406,84.0,3.468158721923828,0.0001,29500
205,118188,85.79255880999999,574,0.05,1407,84.0,0.1462300419807434,0.0001,29521
205,118272,85.79128995999997,574,0.05,1408,84.0,3.1582891941070557,0.0001,29542
205,118356,85.79512373000001,574,0.05,1409,84.0,0.1211315393447876,0.0001,29563
205,118440,85.81094622,575,0.05,1410,84.0,6.613652229309082,0.0001,29584
205,118524,85.80902216000003,575,0.05,1411,84.0,0.1125200092792511,0.0001,29605
205,118608,85.78834069,576,0.05,1412,84.0,3.28243350982666,0.0001,29626
205,118692,85.78998571000002,576,0.05,1413,84.0,0.34501808881759644,0.0001,29647
205,118776,85.78794741000002,577,0.05,1414,84.0,3.149585008621216,0.0001,29668
205,118860,85.77800943000003,577,0.05,1415,84.0,3.9238762855529785,0.0001,29689
205,118944,85.78975093000001,577,0.05,1416,84.0,0.428812175989151,0.0001,29710
205,119028,85.80355287000002,578,0.05,1417,84.0,3.2985873222351074,0.0001,29731
205,119112,85.80398813000002,578,0.05,1418,84.0,0.11247746646404266,0.0001,29752
205,119196,85.83635190000001,579,0.05,1419,84.0,3.919449806213379,0.0001,29773
205,119280,85.83038242,579,0.05,1420,84.0,3.6572105884552,0.0001,29794
205,119364,85.83358724,580,0.05,1421,84.0,6.742877960205078,0.0001,29815
205,119448,85.85443950999999,580,0.05,1422,84.0,0.4284875690937042,0.0001,29836
205,119532,85.89131614,580,0.05,1423,84.0,0.10346956551074982,0.0001,29857
205,119616,85.88761546000002,581,0.05,1424,84.0,0.1382024586200714,0.0001,29878
205,119700,85.85490712000001,581,0.05,1425,84.0,0.3349573314189911,0.0001,29899
205,119784,85.85225486000002,582,0.05,1426,84.0,3.342752456665039,0.0001,29920
205,119868,85.83332550999998,582,0.05,1427,84.0,0.2969664931297302,0.0001,29941
205,119952,85.83364008999999,583,0.05,1428,84.0,0.3271328806877136,0.0001,29962
205,120036,85.87939048999999,583,0.05,1429,84.0,0.6010608077049255,0.0001,29983
205,120120,85.87709139,584,0.05,1430,84.0,0.13535800576210022,0.0001,30004
205,120204,85.91742254,584,0.05,1431,84.0,0.40203410387039185,0.0001,30025
205,120288,85.94541104000001,584,0.05,1432,84.0,0.3542907238006592,0.0001,30046
205,120372,85.94980906,585,0.05,1433,84.0,0.14673151075839996,0.0001,30067
205,120456,85.95682815000002,585,0.05,1434,84.0,3.3062541484832764,0.0001,30088
205,120540,85.97401180000001,586,0.05,1435,84.0,0.17219838500022888,0.0001,30109
205,120624,85.98211388,586,0.05,1436,84.0,0.35603243112564087,0.0001,30130
205,120708,86.02355422,587,0.05,1437,84.0,0.16130878031253815,0.0001,30151
205,120792,86.00328155999999,587,0.05,1438,84.0,0.561447262763977,0.0001,30172
205,120876,85.98541908999998,587,0.05,1439,84.0,0.09421306103467941,0.0001,30193
205,120960,86.00473204999999,588,0.05,1440,84.0,0.08142514526844025,0.0001,30214
205,121044,86.05303307999996,588,0.05,1441,84.0,0.12461518496274948,0.0001,30235
205,121128,86.0466953,589,0.05,1442,84.0,0.20741379261016846,0.0001,30256
205,121212,86.03211557999997,589,0.05,1443,84.0,0.18330198526382446,0.0001,30277
205,121296,86.06778078,590,0.05,1444,84.0,0.3499634265899658,0.0001,30298
205,121380,86.08041236999999,590,0.05,1445,84.0,0.3154764771461487,0.0001,30319
205,121464,86.05469262000003,591,0.05,1446,84.0,0.19444678723812103,0.0001,30340
205,121548,86.03820411000001,591,0.05,1447,84.0,3.4423751831054688,0.0001,30361
205,121632,86.08809688,591,0.05,1448,84.0,6.426353454589844,0.0001,30382
205,121716,86.09436299,592,0.05,1449,84.0,12.633063316345215,0.0001,30403
205,121800,86.08996341000002,592,0.05,1450,84.0,0.813770055770874,0.0001,30424
205,121884,86.13310126,593,0.05,1451,84.0,0.09228534251451492,0.0001,30445
205,121968,86.16057888999998,593,0.05,1452,84.0,3.97774076461792,0.0001,30466
205,122052,86.15257562,594,0.05,1453,84.0,3.148282051086426,0.0001,30487
205,122136,86.12246300999999,594,0.05,1454,84.0,0.5566576719284058,0.0001,30508
205,122220,86.04810092,594,0.05,1455,84.0,0.2714853882789612,0.0001,30529
205,122304,86.04673516999999,595,0.05,1456,84.0,0.13630589842796326,0.0001,30550
205,122388,86.03948978999999,596,0.05,1457,84.0,3.1620426177978516,0.0001,30571
205,122472,86.03873823999999,596,0.05,1458,84.0,0.08096174895763397,0.0001,30592
205,122556,86.02146482999997,596,0.05,1459,84.0,3.6202638149261475,0.0001,30613
205,122640,86.04546003999998,597,0.05,1460,84.0,3.9621129035949707,0.0001,30634
205,122724,86.06384546999999,597,0.05,1461,84.0,3.197985887527466,0.0001,30655
205,122808,86.0567643,598,0.05,1462,84.0,0.24131807684898376,0.0001,30676
205,122892,86.06751304,598,0.05,1463,84.0,0.4524206817150116,0.0001,30697
205,122976,86.06148021999999,599,0.05,1464,84.0,0.15177111327648163,0.0001,30718
205,123060,86.04880635,599,0.05,1465,84.0,0.358370840549469,0.0001,30739
205,123144,86.10892355999998,600,0.05,1466,84.0,0.14661452174186707,0.0001,30760
205,123228,86.1126094,600,0.05,1467,84.0,0.08180801570415497,0.0001,30781
205,123312,86.12599245000001,600,0.05,1468,84.0,0.18630342185497284,0.0001,30802
205,123396,86.10519472000001,601,0.05,1469,84.0,3.1955554485321045,0.0001,30823
205,123480,86.15294151,601,0.05,1470,84.0,3.3389501571655273,0.0001,30844
205,123564,86.15489658,602,0.05,1471,84.0,0.5772683620452881,0.0001,30865
205,123648,86.10995980999998,602,0.05,1472,84.0,6.699809551239014,0.0001,30886
205,123732,86.07969816999997,603,0.05,1473,84.0,0.5442766547203064,0.0001,30907
205,123816,86.05589279999997,603,0.05,1474,84.0,0.20370329916477203,0.0001,30928
205,123900,86.05669892999998,603,0.05,1475,84.0,0.3354530930519104,0.0001,30949
205,123984,86.08292255999999,604,0.05,1476,84.0,3.419114112854004,0.0001,30970
205,124068,86.05489801,604,0.05,1477,84.0,0.1531408578157425,0.0001,30991
205,124152,86.06583122,605,0.05,1478,84.0,0.7849324941635132,0.0001,31012
205,124236,86.04008325999999,605,0.05,1479,84.0,3.3044040203094482,0.0001,31033
204,124320,86.04985688999999,606,0.05,1480,84.0,0.1569865643978119,0.0001,31054
204,124404,86.04588264,606,0.05,1481,84.0,0.3719148635864258,0.0001,31075
204,124488,86.06586497,607,0.05,1482,84.0,0.562915563583374,0.0001,31096
204,124572,86.01777662999997,607,0.05,1483,84.0,6.4467692375183105,0.0001,31117
204,124656,86.01169433,608,0.05,1484,84.0,0.1670239269733429,0.0001,31138
204,124740,86.00078638999999,608,0.05,1485,84.0,0.38192465901374817,0.0001,31159
204,124824,86.00940572000002,609,0.05,1486,84.0,3.5629048347473145,0.0001,31180
204,124908,86.02228685000001,609,0.05,1487,84.0,0.10700379312038422,0.0001,31201
204,124992,85.99654555000001,610,0.05,1488,84.0,6.653306484222412,0.0001,31222
204,125076,85.99495465000001,610,0.05,1489,84.0,0.6601361036300659,0.0001,31243
204,125160,85.99685590000003,610,0.05,1490,84.0,0.13505767285823822,0.0001,31264
204,125244,85.99463528,611,0.05,1491,84.0,0.13949579000473022,0.0001,31285
204,125328,86.00346006,611,0.05,1492,84.0,0.15447184443473816,0.0001,31306
204,125412,85.99871862,612,0.05,1493,84.0,0.0930098295211792,0.0001,31327
204,125496,86.0182301,612,0.05,1494,84.0,3.428520679473877,0.0001,31348
204,125580,86.02735021000002,612,0.05,1495,84.0,3.3845410346984863,0.0001,31369
204,125664,86.0119045,613,0.05,1496,84.0,0.3327833414077759,0.0001,31390
204,125748,85.98760122,613,0.05,1497,84.0,3.5071945190429688,0.0001,31411
204,125832,86.04428596,614,0.05,1498,84.0,3.730785369873047,0.0001,31432
204,125916,86.07487135000001,614,0.05,1499,84.0,3.3750123977661133,0.0001,31453
204,126000,86.0825782,615,0.05,1500,84.0,3.7326736450195312,0.0001,31474
204,126084,86.10883732,615,0.05,1501,84.0,0.49027150869369507,0.0001,31495
204,126168,86.06640268,615,0.05,1502,84.0,3.759239435195923,0.0001,31516
204,126252,86.05285393,616,0.05,1503,84.0,0.22228874266147614,0.0001,31537
204,126336,86.03760229,616,0.05,1504,84.0,3.441927671432495,0.0001,31558
204,126420,86.00135780999999,617,0.05,1505,84.0,3.271183490753174,0.0001,31579
204,126504,86.00708149,617,0.05,1506,84.0,3.470116138458252,0.0001,31600
204,126588,86.01316546,618,0.05,1507,84.0,3.4857285022735596,0.0001,31621
204,126672,86.01473586,618,0.05,1508,84.0,0.33842504024505615,0.0001,31642
204,126756,86.01390573999998,618,0.05,1509,84.0,0.27026668190956116,0.0001,31663
204,126840,85.99556641999997,619,0.05,1510,84.0,0.08973357081413269,0.0001,31684
204,126924,85.97460348999999,619,0.05,1511,84.0,0.1214354857802391,0.0001,31705
204,127008,86.00864308,620,0.05,1512,84.0,3.5590627193450928,0.0001,31726
204,127092,86.01147630999999,620,0.05,1513,84.0,0.35005423426628113,0.0001,31747
204,127176,86.02623435000001,621,0.05,1514,84.0,0.5893640518188477,0.0001,31768
204,127260,86.01923638999999,621,0.05,1515,84.0,0.5824857354164124,0.0001,31789
204,127344,86.01520948000001,621,0.05,1516,84.0,3.3600950241088867,0.0001,31810
204,127428,86.01858402999999,622,0.05,1517,84.0,0.5247905850410461,0.0001,31831
204,127512,86.04952421,622,0.05,1518,84.0,3.854266405105591,0.0001,31852
204,127596,86.05161614000001,623,0.05,1519,84.0,0.3269113600254059,0.0001,31873
204,127680,86.051583,623,0.05,1520,84.0,3.2849555015563965,0.0001,31894
204,127764,86.05309360000001,624,0.05,1521,84.0,3.308389902114868,0.0001,31915
204,127848,86.00546672,624,0.05,1522,84.0,0.4115208685398102,0.0001,31936
204,127932,85.9859482,624,0.05,1523,84.0,0.15028665959835052,0.0001,31957
204,128016,85.99716382000001,625,0.05,1524,84.0,3.531853675842285,0.0001,31978
204,128100,86.02818565999998,625,0.05,1525,84.0,0.5474900603294373,0.0001,31999
204,128184,86.03285299,626,0.05,1526,84.0,0.4461314082145691,0.0001,32020
204,128268,86.05820292,626,0.05,1527,84.0,0.21883384883403778,0.0001,32041
204,128352,86.06209892000001,627,0.05,1528,84.0,3.6518406867980957,0.0001,32062
204,128436,86.05893352000001,627,0.05,1529,84.0,0.202922061085701,0.0001,32083
204,128520,86.04526668999999,628,0.05,1530,84.0,0.5198332071304321,0.0001,32104
204,128604,86.03127862000001,628,0.05,1531,84.0,0.599685549736023,0.0001,32125
204,128688,86.00365528,629,0.05,1532,84.0,3.6643078327178955,0.0001,32146
204,128772,85.95360208,629,0.05,1533,84.0,0.18985751271247864,0.0001,32167
204,128856,85.9433958,629,0.05,1534,84.0,0.7713663578033447,0.0001,32188
204,128940,85.94211008999999,630,0.05,1535,84.0,3.306288242340088,0.0001,32209
204,129024,85.94899973999998,630,0.05,1536,84.0,3.5503530502319336,0.0001,32230
204,129108,85.92965337,631,0.05,1537,84.0,0.36857151985168457,0.0001,32251
204,129192,85.93304685,631,0.05,1538,84.0,0.5850290656089783,0.0001,32272
204,129276,85.90951177000001,632,0.05,1539,84.0,0.06055288761854172,0.0001,32293
204,129360,85.89471893000001,632,0.05,1540,84.0,0.1755097508430481,0.0001,32314
204,129444,85.87527906999999,632,0.05,1541,84.0,3.6860361099243164,0.0001,32335
204,129528,85.83958728999998,633,0.05,1542,84.0,0.15623515844345093,0.0001,32356
204,129612,85.85583611999999,633,0.05,1543,84.0,0.3184887170791626,0.0001,32377
204,129696,85.80039568999997,634,0.05,1544,84.0,0.1815585047006607,0.0001,32398
204,129780,85.79172718999996,634,0.05,1545,84.0,0.4931536912918091,0.0001,32419
204,129864,85.79194322,635,0.05,1546,84.0,0.1548539698123932,0.0001,32440
204,129948,85.81757563999997,635,0.05,1547,84.0,6.820402145385742,0.0001,32461
204,130032,85.76976616,636,0.05,1548,84.0,0.2854732275009155,0.0001,32482
204,130116,85.74933263000001,636,0.05,1549,84.0,0.636820375919342,0.0001,32503
204,130200,85.74300754999999,636,0.05,1550,84.0,3.5266051292419434,0.0001,32524
204,130284,85.74833776999999,637,0.05,1551,84.0,0.09957248717546463,0.0001,32545
204,130368,85.74611088999998,637,0.05,1552,84.0,6.824464321136475,0.0001,32566
204,130452,85.71923777,638,0.05,1553,84.0,0.26126977801322937,0.0001,32587
204,130536,85.69670919,638,0.05,1554,84.0,3.3891611099243164,0.0001,32608
204,130620,85.77309741,639,0.05,1555,84.0,0.7472556233406067,0.0001,32629
204,130704,85.76681696,639,0.05,1556,84.0,0.34725984930992126,0.0001,32650
204,130788,85.76399719999999,639,0.05,1557,84.0,0.18329766392707825,0.0001,32671
204,130872,85.77449367999999,640,0.05,1558,84.0,3.57405948638916,0.0001,32692
204,130956,85.74354494999997,640,0.05,1559,84.0,0.08606629073619843,0.0001,32713
204,131040,85.74344637,641,0.05,1560,84.0,0.19095219671726227,0.0001,32734
204,131124,85.72189388000001,641,0.05,1561,84.0,0.14570513367652893,0.0001,32755
204,131208,85.71984855000001,642,0.05,1562,84.0,3.396479845046997,0.0001,32776
204,131292,85.72937479000002,642,0.05,1563,84.0,0.33845922350883484,0.0001,32797
204,131376,85.75356742000002,642,0.05,1564,84.0,6.71029806137085,0.0001,32818
204,131460,85.76002415,643,0.05,1565,84.0,0.08340290188789368,0.0001,32839
204,131544,85.69011814,643,0.05,1566,84.0,0.20739293098449707,0.0001,32860
204,131628,85.68951897999999,644,0.05,1567,84.0,3.3452916145324707,0.0001,32881
204,131712,85.62895989,644,0.05,1568,84.0,3.8345696926116943,0.0001,32902
204,131796,85.64188567,644,0.05,1569,84.0,3.4158408641815186,0.0001,32923
204,131880,85.62747784,645,0.05,1570,84.0,0.12691698968410492,0.0001,32944
204,131964,85.63523864999999,645,0.05,1571,84.0,0.6114335060119629,0.0001,32965
204,132048,85.66681159999999,646,0.05,1572,84.0,3.48152756690979,0.0001,32986
204,132132,85.70713732999998,646,0.05,1573,84.0,3.86336350440979,0.0001,33007
204,132216,85.69540352000001,647,0.05,1574,84.0,0.13382861018180847,0.0001,33028
204,132300,85.68794178000002,647,0.05,1575,84.0,0.31405335664749146,0.0001,33049
204,132384,85.67509650000002,647,0.05,1576,84.0,6.452449321746826,0.0001,33070
204,132468,85.68241611000002,648,0.05,1577,84.0,0.07998275011777878,0.0001,33091
204,132552,85.67399959999999,648,0.05,1578,84.0,0.3490968942642212,0.0001,33112
204,132636,85.70691236999997,649,0.05,1579,84.0,3.433682680130005,0.0001,33133
204,132720,85.68270362999999,649,0.05,1580,84.0,0.32114818692207336,0.0001,33154
204,132804,85.74038746000001,649,0.05,1581,84.0,0.4666329324245453,0.0001,33175
204,132888,85.72306241,650,0.05,1582,84.0,0.12991906702518463,0.0001,33196
204,132972,85.74441863,650,0.05,1583,84.0,0.5156378149986267,0.0001,33217
204,133056,85.745919,651,0.05,1584,84.0,0.09281463921070099,0.0001,33238
204,133140,85.75988001999998,651,0.05,1585,84.0,0.30525580048561096,0.0001,33259
204,133224,85.73839927999998,652,0.05,1586,84.0,0.14100277423858643,0.0001,33280
204,133308,85.75793882999999,652,0.05,1587,84.0,0.36294645071029663,0.0001,33301
204,133392,85.74176747,653,0.05,1588,84.0,0.334985613822937,0.0001,33322
204,133476,85.73773338999999,653,0.05,1589,84.0,0.14296266436576843,0.0001,33343
204,133560,85.74039126,653,0.05,1590,84.0,0.1020178496837616,0.0001,33364
204,133644,85.74738875999999,654,0.05,1591,84.0,3.468477249145508,0.0001,33385
204,133728,85.71041486,654,0.05,1592,84.0,3.577333450317383,0.0001,33406
204,133812,85.72083026000001,655,0.05,1593,84.0,0.6261579990386963,0.0001,33427
204,133896,85.72678047000001,655,0.05,1594,84.0,0.3742334842681885,0.0001,33448
204,133980,85.68358805000001,656,0.05,1595,84.0,3.9171063899993896,0.0001,33469
204,134064,85.67863125,656,0.05,1596,84.0,0.09244054555892944,0.0001,33490
204,134148,85.67153883,656,0.05,1597,84.0,0.12958043813705444,0.0001,33511
204,134232,85.64297878000004,657,0.05,1598,84.0,0.13248483836650848,0.0001,33532
204,134316,85.63774124000001,657,0.05,1599,84.0,0.3395344018936157,0.0001,33553
204,134400,85.60107050000005,658,0.05,1600,84.0,0.23973405361175537,0.0001,33574
204,134484,85.59368491000001,658,0.05,1601,84.0,0.14536696672439575,0.0001,33595
204,134568,85.64853652000002,659,0.05,1602,84.0,0.14000260829925537,0.0001,33616
204,134652,85.64525809999999,659,0.05,1603,84.0,0.5528345108032227,0.0001,33637
204,134736,85.65630867,659,0.05,1604,84.0,0.45969557762145996,0.0001,33658
204,134820,85.69631036999998,660,0.05,1605,84.0,3.3476264476776123,0.0001,33679
204,134904,85.70135739999998,660,0.05,1606,84.0,0.14264245331287384,0.0001,33700
204,134988,85.69107889999998,661,0.05,1607,84.0,0.19489522278308868,0.0001,33721
204,135072,85.69133372999998,661,0.05,1608,84.0,3.4750688076019287,0.0001,33742
204,135156,85.70738864999997,661,0.05,1609,84.0,3.6117637157440186,0.0001,33763
204,135240,85.67000817999998,662,0.05,1610,84.0,0.5797592401504517,0.0001,33784
204,135324,85.69324119,662,0.05,1611,84.0,3.498500347137451,0.0001,33805
204,135408,85.64643919,663,0.05,1612,84.0,0.07843534648418427,0.0001,33826
204,135492,85.64773774999999,663,0.05,1613,84.0,0.1449124813079834,0.0001,33847
204,135576,85.63875364999998,663,0.05,1614,84.0,6.649311542510986,0.0001,33868
204,135660,85.63579431,664,0.05,1615,84.0,0.11626626551151276,0.0001,33889
204,135744,85.55129258000001,664,0.05,1616,84.0,3.573179244995117,0.0001,33910
204,135828,85.54570297000002,665,0.05,1617,84.0,0.08549398183822632,0.0001,33931
204,135912,85.54168528,665,0.05,1618,84.0,0.13873350620269775,0.0001,33952
204,135996,85.53503968999999,665,0.05,1619,84.0,3.3481051921844482,0.0001,33973
204,136080,85.54717564000002,666,0.05,1620,84.0,3.297407388687134,0.0001,33994
204,136164,85.57401833,666,0.05,1621,84.0,0.31562340259552,0.0001,34015
204,136248,85.60603754000002,666,0.05,1622,84.0,0.4283812642097473,0.0001,34036
204,136332,85.61785162000002,667,0.05,1623,84.0,3.486022472381592,0.0001,34057
204,136416,85.56313283000001,667,0.05,1624,84.0,7.195659160614014,0.0001,34078
204,136500,85.53789683000001,668,0.05,1625,84.0,0.17788702249526978,0.0001,34099
204,136584,85.45723993000001,668,0.05,1626,84.0,6.4631500244140625,0.0001,34120
204,136668,85.45803309000001,669,0.05,1627,84.0,10.149360656738281,0.0001,34141
204,136752,85.41737691999998,669,0.05,1628,84.0,3.3075976371765137,0.0001,34162
204,136836,85.42602753999999,669,0.05,1629,84.0,0.13939377665519714,0.0001,34183
204,136920,85.44844982,670,0.05,1630,84.0,0.6051759719848633,0.0001,34204
204,137004,85.46587299999999,670,0.05,1631,84.0,0.31184178590774536,0.0001,34225
204,137088,85.47792538,671,0.05,1632,84.0,0.16121895611286163,0.0001,34246
204,137172,85.52595006,671,0.05,1633,84.0,0.16199928522109985,0.0001,34267
204,137256,85.51941759999998,671,0.05,1634,84.0,3.5244925022125244,0.0001,34288
204,137340,85.50566280000001,672,0.05,1635,84.0,3.2882630825042725,0.0001,34309
204,137424,85.49996574000001,672,0.05,1636,84.0,0.20086616277694702,0.0001,34330
204,137508,85.50620049,673,0.05,1637,84.0,0.3515939712524414,0.0001,34351
204,137592,85.52016475,673,0.05,1638,84.0,0.08301262557506561,0.0001,34372
204,137676,85.54029642000002,673,0.05,1639,84.0,3.443861961364746,0.0001,34393
204,137760,85.56053132999999,674,0.05,1640,84.0,0.4446578621864319,0.0001,34414
204,137844,85.58944296,674,0.05,1641,84.0,3.5877087116241455,0.0001,34435
204,137928,85.63756562999998,675,0.05,1642,84.0,7.174773693084717,0.0001,34456
204,138012,85.62968172999997,675,0.05,1643,84.0,0.3428676426410675,0.0001,34477
204,138096,85.67441328999998,676,0.05,1644,84.0,3.938488245010376,0.0001,34498
204,138180,85.67369802999998,676,0.05,1645,84.0,0.23193377256393433,0.0001,34519
204,138264,85.68927839999996,676,0.05,1646,84.0,0.1902320683002472,0.0001,34540
204,138348,85.63852402999997,677,0.05,1647,84.0,0.14860069751739502,0.0001,34561
204,138432,85.70458532999997,677,0.05,1648,84.0,0.16905373334884644,0.0001,34582
204,138516,85.73204290999998,678,0.05,1649,84.0,0.2051832526922226,0.0001,34603
204,138600,85.73922921999998,678,0.05,1650,84.0,0.6373054385185242,0.0001,34624
204,138684,85.74718953000001,678,0.05,1651,84.0,0.40762728452682495,0.0001,34645
204,138768,85.75107689000001,679,0.05,1652,84.0,0.06605373322963715,0.0001,34666
204,138852,85.795289,679,0.05,1653,84.0,0.1729687750339508,0.0001,34687
204,138936,85.81591433,680,0.05,1654,84.0,7.022736072540283,0.0001,34708
204,139020,85.7970492,680,0.05,1655,84.0,0.361130952835083,0.0001,34729
204,139104,85.76394534,680,0.05,1656,84.0,3.476925849914551,0.0001,34750
204,139188,85.78485574000003,681,0.05,1657,84.0,3.3267858028411865,0.0001,34771
204,139272,85.78897905,681,0.05,1658,84.0,0.30544671416282654,0.0001,34792
204,139356,85.80597255,682,0.05,1659,84.0,0.17043408751487732,0.0001,34813
204,139440,85.79919427,682,0.05,1660,84.0,0.6288179755210876,0.0001,34834
204,139524,85.82323529,682,0.05,1661,84.0,0.13135415315628052,0.0001,34855
204,139608,85.83651277999999,683,0.05,1662,84.0,0.32030022144317627,0.0001,34876
204,139692,85.83105495,684,0.05,1663,84.0,7.177047252655029,0.0001,34897
204,139776,85.82228970999999,684,0.05,1664,84.0,0.06944263726472855,0.0001,34918
204,139860,85.78005782,685,0.05,1665,84.0,3.3658394813537598,0.0001,34939
204,139944,85.80644990999997,685,0.05,1666,84.0,0.2658231258392334,0.0001,34960
204,140028,85.80946153,685,0.05,1667,84.0,3.3716726303100586,0.0001,34981
204,140112,85.85887991999998,686,0.05,1668,84.0,0.585064709186554,0.0001,35002
204,140196,85.85005616000001,686,0.05,1669,84.0,0.1602104902267456,0.0001,35023
204,140280,85.85892713000001,687,0.05,1670,84.0,0.28352031111717224,0.0001,35044
204,140364,85.85436126000002,687,0.05,1671,84.0,6.8456292152404785,0.0001,35065
204,140448,85.85441268000001,687,0.05,1672,84.0,0.49607425928115845,0.0001,35086
204,140532,85.85230056,688,0.05,1673,84.0,0.6347273588180542,0.0001,35107
204,140616,85.89318369,688,0.05,1674,84.0,3.3572003841400146,0.0001,35128
204,140700,85.91633661000002,689,0.05,1675,84.0,0.2950270175933838,0.0001,35149
204,140784,85.87680255000001,689,0.05,1676,84.0,0.319045752286911,0.0001,35170
204,140868,85.90420240000002,690,0.05,1677,84.0,0.350702166557312,0.0001,35191
204,140952,85.85000894000001,690,0.05,1678,84.0,0.15256893634796143,0.0001,35212
204,141036,85.82560802000002,690,0.05,1679,84.0,3.885284423828125,0.0001,35233
204,141120,85.80838901000001,691,0.05,1680,84.0,3.275024652481079,0.0001,35254
204,141204,85.80369103999999,691,0.05,1681,84.0,0.5361483097076416,0.0001,35275
204,141288,85.81264987,692,0.05,1682,84.0,0.09170829504728317,0.0001,35296
204,141372,85.82051326999999,692,0.05,1683,84.0,0.7731741666793823,0.0001,35317
204,141456,85.79673461,692,0.05,1684,84.0,3.5474860668182373,0.0001,35338
204,141540,85.80604857000002,693,0.05,1685,84.0,0.18373438715934753,0.0001,35359
204,141624,85.84338,693,0.05,1686,84.0,0.45460081100463867,0.0001,35380
204,141708,85.84049524,694,0.05,1687,84.0,0.0996742770075798,0.0001,35401
204,141792,85.88990950999998,694,0.05,1688,84.0,0.5292454957962036,0.0001,35422
204,141876,85.89261560999998,695,0.05,1689,84.0,3.682516098022461,0.0001,35443
204,141960,85.89589416999999,695,0.05,1690,84.0,3.264777660369873,0.0001,35464
204,142044,85.89947855999999,695,0.05,1691,84.0,0.4086001217365265,0.0001,35485
204,142128,85.90933674999998,696,0.05,1692,84.0,0.35852473974227905,0.0001,35506
204,142212,85.91800033,696,0.05,1693,84.0,0.1868278682231903,0.0001,35527
204,142296,85.92083338999998,697,0.05,1694,84.0,0.2597149610519409,0.0001,35548
204,142380,85.93845610999999,697,0.05,1695,84.0,13.347472190856934,0.0001,35569
204,142464,85.93155783999998,698,0.05,1696,84.0,4.018025875091553,0.0001,35590
204,142548,85.94604066,698,0.05,1697,84.0,3.5118484497070312,0.0001,35611
204,142632,85.96757421000001,699,0.05,1698,84.0,7.261303424835205,0.0001,35632
204,142716,85.95166402000001,699,0.05,1699,84.0,0.17236536741256714,0.0001,35653
204,142800,85.93764223,699,0.05,1700,84.0,3.815941095352173,0.0001,35674
204,142884,85.96562571000003,700,0.05,1701,84.0,0.29176995158195496,0.0001,35695
204,142968,85.96784806,700,0.05,1702,84.0,0.3947577476501465,0.0001,35716
204,143052,86.00393332999998,701,0.05,1703,84.0,0.6121330857276917,0.0001,35737
204,143136,85.98366575999998,701,0.05,1704,84.0,3.7986247539520264,0.0001,35758
204,143220,85.96503670999999,701,0.05,1705,84.0,0.18146029114723206,0.0001,35779
204,143304,85.96420361999999,702,0.05,1706,84.0,0.7359093427658081,0.0001,35800
204,143388,85.97661681,702,0.05,1707,84.0,0.13510233163833618,0.0001,35821
204,143472,85.98456904999999,703,0.05,1708,84.0,0.5855779647827148,0.0001,35842
204,143556,85.92940966,703,0.05,1709,84.0,0.05431939661502838,0.0001,35863
204,143640,85.95844235000003,704,0.05,1710,84.0,3.7886290550231934,0.0001,35884
204,143724,85.93557697000004,704,0.05,1711,84.0,0.3463842272758484,0.0001,35905
204,143808,85.96733108000002,704,0.05,1712,84.0,0.4688849449157715,0.0001,35926
204,143892,85.95404972,705,0.05,1713,84.0,0.27416694164276123,0.0001,35947
204,143976,85.96131592,705,0.05,1714,84.0,0.1067534014582634,0.0001,35968
204,144060,85.97502482,706,0.05,1715,84.0,0.08292178809642792,0.0001,35989
204,144144,86.06340846,706,0.05,1716,84.0,0.15695908665657043,0.0001,36010
204,144228,86.07010644,706,0.05,1717,84.0,0.12618443369865417,0.0001,36031
204,144312,86.04785095000001,707,0.05,1718,84.0,0.4019429087638855,0.0001,36052
203,144396,86.05682929999999,707,0.05,1719,84.0,0.17173326015472412,0.0001,36073
203,144480,86.01985583999998,708,0.05,1720,84.0,0.702229380607605,0.0001,36094
203,144564,86.01188881,708,0.05,1721,84.0,0.14666318893432617,0.0001,36115
203,144648,85.99982492999999,709,0.05,1722,84.0,0.09918105602264404,0.0001,36136
203,144732,85.98218384,709,0.05,1723,84.0,0.3318074643611908,0.0001,36157
203,144816,86.02926173,710,0.05,1724,84.0,0.22709079086780548,0.0001,36178
203,144900,86.02409412000002,710,0.05,1725,84.0,0.35906702280044556,0.0001,36199
203,144984,86.10404521000001,710,0.05,1726,84.0,0.573073148727417,0.0001,36220
203,145068,86.09355271000003,711,0.05,1727,84.0,6.428466796875,0.0001,36241
203,145152,86.13021527,711,0.05,1728,84.0,0.5817014575004578,0.0001,36262
203,145236,86.13369412,712,0.05,1729,84.0,0.35243114829063416,0.0001,36283
203,145320,86.09341918999999,712,0.05,1730,84.0,0.5380954146385193,0.0001,36304
203,145404,86.08420590999998,713,0.05,1731,84.0,0.18289032578468323,0.0001,36325
203,145488,86.09217231999999,713,0.05,1732,84.0,0.12505945563316345,0.0001,36346
203,145572,86.09452314999999,714,0.05,1733,84.0,3.3608100414276123,0.0001,36367
203,145656,86.10748622999999,714,0.05,1734,84.0,3.5324978828430176,0.0001,36388
203,145740,86.11564048999999,715,0.05,1735,84.0,0.498546838760376,0.0001,36409
203,145824,86.09942075999999,715,0.05,1736,84.0,3.243992805480957,0.0001,36430
203,145908,86.10075092999999,715,0.05,1737,84.0,0.10860881954431534,0.0001,36451
203,145992,86.10495230999997,716,0.05,1738,84.0,0.08978158235549927,0.0001,36472
203,146076,86.11410359999998,716,0.05,1739,84.0,0.11049309372901917,0.0001,36493
203,146160,86.09873631999999,717,0.05,1740,84.0,0.1463073492050171,0.0001,36514
203,146244,86.02181517999999,717,0.05,1741,84.0,0.12063116580247879,0.0001,36535
203,146328,85.98698479000001,718,0.05,1742,84.0,0.15614214539527893,0.0001,36556
203,146412,85.97337254000001,718,0.05,1743,84.0,3.4567525386810303,0.0001,36577
203,146496,85.99128857999999,718,0.05,1744,84.0,0.0629878118634224,0.0001,36598
203,146580,85.99964165000002,719,0.05,1745,84.0,3.5509533882141113,0.0001,36619
203,146664,86.01793622000001,719,0.05,1746,84.0,0.5190576314926147,0.0001,36640
203,146748,86.02241284000002,720,0.05,1747,84.0,3.2603259086608887,0.0001,36661
203,146832,85.96821014000001,720,0.05,1748,84.0,0.38390764594078064,0.0001,36682
203,146916,85.93154180000002,721,0.05,1749,84.0,0.31173941493034363,0.0001,36703
203,147000,85.90733350000002,721,0.05,1750,84.0,3.7067477703094482,0.0001,36724
203,147084,85.83018515000002,722,0.05,1751,84.0,3.3928897380828857,0.0001,36745
203,147168,85.83703515,722,0.05,1752,84.0,0.11980010569095612,0.0001,36766
203,147252,85.83259742,723,0.05,1753,84.0,3.203922748565674,0.0001,36787
203,147336,85.79211486000003,723,0.05,1754,84.0,0.8417104482650757,0.0001,36808
203,147420,85.8184238,724,0.05,1755,84.0,0.12798818945884705,0.0001,36829
203,147504,85.85512876000001,724,0.05,1756,84.0,0.20603153109550476,0.0001,36850
203,147588,85.84990865,725,0.05,1757,84.0,3.557159900665283,0.0001,36871
203,147672,85.80075744999998,726,0.05,1758,84.0,0.24624204635620117,0.0001,36892
203,147756,85.77506449999998,726,0.05,1759,84.0,0.773688554763794,0.0001,36913
203,147840,85.77634195,726,0.05,1760,84.0,0.12291249632835388,0.0001,36934
203,147924,85.68608534,727,0.05,1761,84.0,3.3857383728027344,0.0001,36955
203,148008,85.68089040000001,727,0.05,1762,84.0,0.420888215303421,0.0001,36976
203,148092,85.67097901999999,728,0.05,1763,84.0,0.5766000747680664,0.0001,36997
203,148176,85.66670212,728,0.05,1764,84.0,0.7797852158546448,0.0001,37018
203,148260,85.7338716,729,0.05,1765,84.0,0.17012956738471985,0.0001,37039
203,148344,85.73612842,729,0.05,1766,84.0,0.10637217015028,0.0001,37060
203,148428,85.73309221,730,0.05,1767,84.0,0.24077647924423218,0.0001,37081
203,148512,85.74599624000001,730,0.05,1768,84.0,0.07724052667617798,0.0001,37102
203,148596,85.75914703999999,731,0.05,1769,84.0,0.29722872376441956,0.0001,37123
203,148680,85.76255917,731,0.05,1770,84.0,3.610079288482666,0.0001,37144
203,148764,85.76834210999999,731,0.05,1771,84.0,3.539229154586792,0.0001,37165
203,148848,85.74045650999999,732,0.05,1772,84.0,0.16847997903823853,0.0001,37186
203,148932,85.69692094999996,732,0.05,1773,84.0,0.38110244274139404,0.0001,37207
203,149016,85.69188176999998,733,0.05,1774,84.0,7.860686302185059,0.0001,37228
203,149100,85.70202947,733,0.05,1775,84.0,3.662400484085083,0.0001,37249
203,149184,85.74479676000001,734,0.05,1776,84.0,3.846362352371216,0.0001,37270
203,149268,85.74460841999999,734,0.05,1777,84.0,0.3956366181373596,0.0001,37291
203,149352,85.79660557999999,734,0.05,1778,84.0,3.5463461875915527,0.0001,37312
203,149436,85.79338972,735,0.05,1779,84.0,0.09087081253528595,0.0001,37333
203,149520,85.83994003,735,0.05,1780,84.0,0.17549467086791992,0.0001,37354
203,149604,85.83459171999999,736,0.05,1781,84.0,0.5697238445281982,0.0001,37375
203,149688,85.82478054,736,0.05,1782,84.0,0.29223883152008057,0.0001,37396
203,149772,85.85084209,736,0.05,1783,84.0,3.5604419708251953,0.0001,37417
203,149856,85.87702961999999,737,0.05,1784,84.0,3.92266845703125,0.0001,37438
203,149940,85.85138382999997,737,0.05,1785,84.0,0.1522519737482071,0.0001,37459
203,150024,85.80426392999998,738,0.05,1786,84.0,3.4328198432922363,0.0001,37480
203,150108,85.81803588999998,738,0.05,1787,84.0,4.046314716339111,0.0001,37501
203,150192,85.80188064999999,739,0.05,1788,84.0,3.7812340259552,0.0001,37522
203,150276,85.79485767,739,0.05,1789,84.0,0.48375147581100464,0.0001,37543
203,150360,85.77343328,739,0.05,1790,84.0,0.3293936550617218,0.0001,37564
203,150444,85.77027302000002,740,0.05,1791,84.0,0.14280997216701508,0.0001,37585
203,150528,85.80921541,740,0.05,1792,84.0,0.09246929734945297,0.0001,37606
203,150612,85.73095842,741,0.05,1793,84.0,3.867856025695801,0.0001,37627
203,150696,85.68432595000002,741,0.05,1794,84.0,3.3938300609588623,0.0001,37648
203,150780,85.71853056,741,0.05,1795,84.0,0.3625969886779785,0.0001,37669
203,150864,85.76698582,742,0.05,1796,84.0,3.3309011459350586,0.0001,37690
203,150948,85.77784586000001,742,0.05,1797,84.0,3.3111023902893066,0.0001,37711
203,151032,85.73134944000003,742,0.05,1798,84.0,3.653348684310913,0.0001,37732
203,151116,85.73401604000003,743,0.05,1799,84.0,0.2856549620628357,0.0001,37753
203,151200,85.78068005000002,743,0.05,1800,84.0,0.10608716309070587,0.0001,37774
203,151284,85.75997386000003,744,0.05,1801,84.0,0.5625466108322144,0.0001,37795
203,151368,85.74271834,744,0.05,1802,84.0,3.743607521057129,0.0001,37816
203,151452,85.66117962,744,0.05,1803,84.0,0.10396280884742737,0.0001,37837
203,151536,85.67785346000001,745,0.05,1804,84.0,0.12845410406589508,0.0001,37858
203,151620,85.7010407,745,0.05,1805,84.0,3.8970727920532227,0.0001,37879
203,151704,85.71414800000001,746,0.05,1806,84.0,0.19535543024539948,0.0001,37900
203,151788,85.70358482,746,0.05,1807,84.0,3.887338638305664,0.0001,37921
203,151872,85.69896358999999,746,0.05,1808,84.0,3.700566530227661,0.0001,37942
203,151956,85.75279208,747,0.05,1809,84.0,3.42378568649292,0.0001,37963
203,152040,85.77661074999997,747,0.05,1810,84.0,3.422947645187378,0.0001,37984
203,152124,85.79324214999998,748,0.05,1811,84.0,0.26827606558799744,0.0001,38005
203,152208,85.78934258,748,0.05,1812,84.0,0.6242108345031738,0.0001,38026
203,152292,85.77600515,748,0.05,1813,84.0,0.3989770710468292,0.0001,38047
203,152376,85.78180766,749,0.05,1814,84.0,0.22634416818618774,0.0001,38068
203,152460,85.78038691,749,0.05,1815,84.0,0.1781621128320694,0.0001,38089
203,152544,85.78508009,750,0.05,1816,84.0,0.41459447145462036,0.0001,38110
203,152628,85.78390909,750,0.05,1817,84.0,0.08386316895484924,0.0001,38131
203,152712,85.82641047000001,750,0.05,1818,84.0,3.5098910331726074,0.0001,38152
203,152796,85.82013385,751,0.05,1819,84.0,0.31874606013298035,0.0001,38173
203,152880,85.80933601000002,751,0.05,1820,84.0,0.16376540064811707,0.0001,38194
203,152964,85.82149463000003,752,0.05,1821,84.0,0.097683385014534,0.0001,38215
203,153048,85.75770984000002,752,0.05,1822,84.0,0.49213457107543945,0.0001,38236
203,153132,85.71163786000001,752,0.05,1823,84.0,3.353748321533203,0.0001,38257
203,153216,85.71529820000002,753,0.05,1824,84.0,3.2767152786254883,0.0001,38278
203,153300,85.74062926999999,753,0.05,1825,84.0,7.158268451690674,0.0001,38299
203,153384,85.75014644,754,0.05,1826,84.0,0.1349794566631317,0.0001,38320
203,153468,85.71809174,754,0.05,1827,84.0,3.33087158203125,0.0001,38341
203,153552,85.65496121000002,754,0.05,1828,84.0,0.2595869302749634,0.0001,38362
203,153636,85.66084139000003,755,0.05,1829,84.0,0.5622131824493408,0.0001,38383
203,153720,85.63171326000001,755,0.05,1830,84.0,10.59227180480957,0.0001,38404
203,153804,85.63731158,756,0.05,1831,84.0,3.773699998855591,0.0001,38425
203,153888,85.64902634000002,756,0.05,1832,84.0,0.1604200303554535,0.0001,38446
203,153972,85.62170417000002,756,0.05,1833,84.0,0.39805835485458374,0.0001,38467
203,154056,85.62991235000001,757,0.05,1834,84.0,3.3911678791046143,0.0001,38488
203,154140,85.60997385000002,757,0.05,1835,84.0,3.548326015472412,0.0001,38509
203,154224,85.64788484000002,758,0.05,1836,84.0,0.17861220240592957,0.0001,38530
203,154308,85.64581502000001,758,0.05,1837,84.0,0.6013680100440979,0.0001,38551
203,154392,85.59729556,758,0.05,1838,84.0,0.788720965385437,0.0001,38572
203,154476,85.58425335,759,0.05,1839,84.0,3.3904170989990234,0.0001,38593
203,154560,85.60896582,759,0.05,1840,84.0,0.11775558441877365,0.0001,38614
203,154644,85.60913586000001,760,0.05,1841,84.0,0.5545421838760376,0.0001,38635
203,154728,85.61795985999998,760,0.05,1842,84.0,3.344398260116577,0.0001,38656
203,154812,85.58539209,761,0.05,1843,84.0,0.286975622177124,0.0001,38677
203,154896,85.57698391,761,0.05,1844,84.0,0.0696450024843216,0.0001,38698
203,154980,85.56899205000002,762,0.05,1845,84.0,0.19488094747066498,0.0001,38719
203,155064,85.57165519,762,0.05,1846,84.0,0.14367683231830597,0.0001,38740
203,155148,85.58530196,762,0.05,1847,84.0,0.19986137747764587,0.0001,38761
203,155232,85.63719656999997,763,0.05,1848,84.0,0.3474513292312622,0.0001,38782
203,155316,85.63933802999998,763,0.05,1849,84.0,0.06476254761219025,0.0001,38803
203,155400,85.66495692999999,764,0.05,1850,84.0,3.369525671005249,0.0001,38824
203,155484,85.71884138,764,0.05,1851,84.0,0.10249976813793182,0.0001,38845
203,155568,85.72250575999999,764,0.05,1852,84.0,0.4852190315723419,0.0001,38866
203,155652,85.72756706,765,0.05,1853,84.0,3.4270472526550293,0.0001,38887
203,155736,85.77795429000001,765,0.05,1854,84.0,3.378575325012207,0.0001,38908
203,155820,85.77645564000001,766,0.05,1855,84.0,0.0639672577381134,0.0001,38929
203,155904,85.76632646000002,766,0.05,1856,84.0,3.6770145893096924,0.0001,38950
203,155988,85.70674529,767,0.05,1857,84.0,3.36883807182312,0.0001,38971
203,156072,85.74078946,767,0.05,1858,84.0,0.3141093850135803,0.0001,38992
203,156156,85.79546368,767,0.05,1859,84.0,0.18605470657348633,0.0001,39013
203,156240,85.80028279,768,0.05,1860,84.0,0.17056569457054138,0.0001,39034
203,156324,85.82984046000001,768,0.05,1861,84.0,0.5289563536643982,0.0001,39055
203,156408,85.83058072000001,769,0.05,1862,84.0,0.28203529119491577,0.0001,39076
203,156492,85.84411651,769,0.05,1863,84.0,0.3472137451171875,0.0001,39097
203,156576,85.84917989000002,769,0.05,1864,84.0,0.21442538499832153,0.0001,39118
203,156660,85.81205978000001,770,0.05,1865,84.0,0.07656633853912354,0.0001,39139
203,156744,85.85534211,770,0.05,1866,84.0,0.23033195734024048,0.0001,39160
203,156828,85.86366842,771,0.05,1867,84.0,0.4304424822330475,0.0001,39181
203,156912,85.83889049999999,771,0.05,1868,84.0,0.14957886934280396,0.0001,39202
203,156996,85.84469088,772,0.05,1869,84.0,0.10578057914972305,0.0001,39223
203,157080,85.77362584000001,772,0.05,1870,84.0,0.08089311420917511,0.0001,39244
203,157164,85.76466517,772,0.05,1871,84.0,0.3441602885723114,0.0001,39265
203,157248,85.78560561000002,773,0.05,1872,84.0,3.380733013153076,0.0001,39286
203,157332,85.82292406,773,0.05,1873,84.0,0.2896770238876343,0.0001,39307
203,157416,85.81414992,774,0.05,1874,84.0,0.44648808240890503,0.0001,39328
203,157500,85.81546902000002,774,0.05,1875,84.0,0.15559804439544678,0.0001,39349
203,157584,85.75273435999999,775,0.05,1876,84.0,0.18417958915233612,0.0001,39370
203,157668,85.74989045999999,775,0.05,1877,84.0,0.3611891269683838,0.0001,39391
203,157752,85.78443741999999,775,0.05,1878,84.0,3.3317980766296387,0.0001,39412
203,157836,85.79924855000002,776,0.05,1879,84.0,0.36472049355506897,0.0001,39433
203,157920,85.80269331000001,776,0.05,1880,84.0,0.11125710606575012,0.0001,39454
203,158004,85.78515505,777,0.05,1881,84.0,3.5345170497894287,0.0001,39475
203,158088,85.75181694000001,777,0.05,1882,84.0,0.4706280827522278,0.0001,39496
203,158172,85.72076409000002,777,0.05,1883,84.0,0.2739415168762207,0.0001,39517
203,158256,85.70521623,778,0.05,1884,84.0,0.469627320766449,0.0001,39538
203,158340,85.70369546000002,778,0.05,1885,84.0,3.6156251430511475,0.0001,39559
203,158424,85.75794989000002,779,0.05,1886,84.0,0.10820981860160828,0.0001,39580
203,158508,85.72473859000002,779,0.05,1887,84.0,0.15654540061950684,0.0001,39601
203,158592,85.72492511,780,0.05,1888,84.0,3.7899484634399414,0.0001,39622
203,158676,85.69306240999998,780,0.05,1889,84.0,0.47053420543670654,0.0001,39643
203,158760,85.68141875,781,0.05,1890,84.0,0.09802211076021194,0.0001,39664
203,158844,85.67986722000002,781,0.05,1891,84.0,6.759900093078613,0.0001,39685
203,158928,85.66106042000001,782,0.05,1892,84.0,0.35185179114341736,0.0001,39706
203,159012,85.71635109,782,0.05,1893,84.0,0.17550373077392578,0.0001,39727
203,159096,85.69629774000003,783,0.05,1894,84.0,7.102750778198242,0.0001,39748
203,159180,85.67828155,783,0.05,1895,84.0,3.402207136154175,0.0001,39769
203,159264,85.68618181,783,0.05,1896,84.0,0.5594609379768372,0.0001,39790
203,159348,85.69994575000001,784,0.05,1897,84.0,0.14556488394737244,0.0001,39811
203,159432,85.74445459,784,0.05,1898,84.0,0.45500731468200684,0.0001,39832
203,159516,85.72777890000002,785,0.05,1899,84.0,0.6477526426315308,0.0001,39853
203,159600,85.71637089000004,785,0.05,1900,84.0,0.1474909782409668,0.0001,39874
203,159684,85.73923509000004,785,0.05,1901,84.0,0.1912175416946411,0.0001,39895
203,159768,85.74233457000003,786,0.05,1902,84.0,0.3805142641067505,0.0001,39916
203,159852,85.80346663000002,786,0.05,1903,84.0,0.12790459394454956,0.0001,39937
203,159936,85.8055612,787,0.05,1904,84.0,0.14862637221813202,0.0001,39958
203,160020,85.80450411999999,787,0.05,1905,84.0,0.9336227178573608,0.0001,39979
203,160104,85.79436179999999,787,0.05,1906,84.0,0.7160246968269348,0.0001,40000
203,160188,85.80534649999998,788,0.05,1907,84.0,0.5908527374267578,0.0001,40021
203,160272,85.80699733999998,788,0.05,1908,84.0,0.08640966564416885,0.0001,40042
203,160356,85.80896625999999,789,0.05,1909,84.0,0.1201583743095398,0.0001,40063
203,160440,85.76646349,789,0.05,1910,84.0,3.496805191040039,0.0001,40084
203,160524,85.77964073000001,789,0.05,1911,84.0,0.10900735855102539,0.0001,40105
203,160608,85.73866922,790,0.05,1912,84.0,0.2794957458972931,0.0001,40126
203,160692,85.72670055999998,790,0.05,1913,84.0,3.603447437286377,0.0001,40147
203,160776,85.72416811,791,0.05,1914,84.0,3.587451934814453,0.0001,40168
203,160860,85.72868717999998,791,0.05,1915,84.0,0.6143144965171814,0.0001,40189
203,160944,85.72049913999997,792,0.05,1916,84.0,0.5985106825828552,0.0001,40210
203,161028,85.72089225999999,792,0.05,1917,84.0,3.6274874210357666,0.0001,40231
203,161112,85.69752661999999,792,0.05,1918,84.0,3.7910408973693848,0.0001,40252
203,161196,85.71269378999999,793,0.05,1919,84.0,0.5073752403259277,0.0001,40273
203,161280,85.71784154000001,793,0.05,1920,84.0,3.6942636966705322,0.0001,40294
203,161364,85.68646604999999,793,0.05,1921,84.0,10.830917358398438,0.0001,40315
203,161448,85.77998846,794,0.05,1922,84.0,3.609703540802002,0.0001,40336
203,161532,85.84690132,794,0.05,1923,84.0,0.308767706155777,0.0001,40357
203,161616,85.80274537000001,795,0.05,1924,84.0,0.4607425332069397,0.0001,40378
203,161700,85.81880417999999,795,0.05,1925,84.0,3.612666606903076,0.0001,40399
203,161784,85.81418729,796,0.05,1926,84.0,0.35669881105422974,0.0001,40420
203,161868,85.84497599000001,796,0.05,1927,84.0,0.3653292953968048,0.0001,40441
203,161952,85.90849467999999,796,0.05,1928,84.0,3.3297126293182373,0.0001,40462
203,162036,85.87450255,797,0.05,1929,84.0,3.529810667037964,0.0001,40483
203,162120,85.9387479,797,0.05,1930,84.0,0.35960841178894043,0.0001,40504
203,162204,85.94822136,797,0.05,1931,84.0,0.7287691831588745,0.0001,40525
203,162288,85.90376599000001,798,0.05,1932,84.0,0.3659024238586426,0.0001,40546
203,162372,85.93970437,798,0.05,1933,84.0,0.11192084848880768,0.0001,40567
203,162456,85.93117626000002,799,0.05,1934,84.0,0.42579591274261475,0.0001,40588
203,162540,85.94954908,799,0.05,1935,84.0,0.12997066974639893,0.0001,40609
203,162624,85.93270033999997,799,0.05,1936,84.0,3.806178092956543,0.0001,40630
203,162708,85.95136210999999,800,0.05,1937,84.0,0.5141364336013794,0.0001,40651
203,162792,86.00210268,800,0.05,1938,84.0,3.542839288711548,0.0001,40672
203,162876,86.01898691999999,801,0.05,1939,84.0,0.4429243803024292,0.0001,40693
203,162960,86.01424180999999,801,0.05,1940,84.0,0.3722245693206787,0.0001,40714
203,163044,86.07364839999998,802,0.05,1941,84.0,0.3872135877609253,0.0001,40735
203,163128,86.10573348,802,0.05,1942,84.0,3.6811885833740234,0.0001,40756
203,163212,86.1523943,802,0.05,1943,84.0,0.3479272425174713,0.0001,40777
203,163296,86.14212692,803,0.05,1944,84.0,0.07869882881641388,0.0001,40798
203,163380,86.13672655,803,0.05,1945,84.0,4.1243085861206055,0.0001,40819
203,163464,86.11573777000001,804,0.05,1946,84.0,0.5769870281219482,0.0001,40840
203,163548,86.15203006,804,0.05,1947,84.0,7.365136623382568,0.0001,40861
203,163632,86.12279616000002,804,0.05,1948,84.0,0.2536316215991974,0.0001,40882
203,163716,86.13146600000002,805,0.05,1949,84.0,3.9193191528320312,0.0001,40903
203,163800,86.12779474000001,805,0.05,1950,84.0,3.7773022651672363,0.0001,40924
203,163884,86.13907893,806,0.05,1951,84.0,0.1742611974477768,0.0001,40945
203,163968,86.13033823999999,806,0.05,1952,84.0,0.42144155502319336,0.0001,40966
203,164052,86.13168891,806,0.05,1953,84.0,0.39872509241104126,0.0001,40987
203,164136,86.14560518999998,807,0.05,1954,84.0,0.2598073482513428,0.0001,41008
203,164220,86.14594293999998,807,0.05,1955,84.0,3.5140814781188965,0.0001,41029
203,164304,86.15100123999999,808,0.05,1956,84.0,0.14610949158668518,0.0001,41050
203,164388,86.20383577000001,808,0.05,1957,84.0,7.338997840881348,0.0001,41071
203,164472,86.20270194999999,809,0.05,1958,84.0,3.604764461517334,0.0001,41092
203,164556,86.19772568,809,0.05,1959,84.0,0.3093946576118469,0.0001,41113
203,164640,86.19654904,809,0.05,1960,84.0,3.5538063049316406,0.0001,41134
203,164724,86.25929077999999,810,0.05,1961,84.0,4.066568851470947,0.0001,41155
203,164808,86.25506645999998,810,0.05,1962,84.0,0.28910863399505615,0.0001,41176
203,164892,86.25927995,811,0.05,1963,84.0,0.3006381392478943,0.0001,41197
203,164976,86.22290052999999,811,0.05,1964,84.0,0.41907113790512085,0.0001,41218
203,165060,86.25141769000001,812,0.05,1965,84.0,0.30185359716415405,0.0001,41239
203,165144,86.24745521000003,812,0.05,1966,84.0,0.5968942642211914,0.0001,41260
203,165228,86.15890417000003,813,0.05,1967,84.0,3.74196195602417,0.0001,41281
203,165312,86.14388028000002,813,0.05,1968,84.0,0.2273065149784088,0.0001,41302
203,165396,86.11927266000002,814,0.05,1969,84.0,0.09841576218605042,0.0001,41323
203,165480,86.20258686000001,814,0.05,1970,84.0,0.15272215008735657,0.0001,41344
203,165564,86.21110280000002,814,0.05,1971,84.0,0.10971450060606003,0.0001,41365
203,165648,86.23057897000001,815,0.05,1972,84.0,0.08898848295211792,0.0001,41386
203,165732,86.19201956,815,0.05,1973,84.0,0.10910029709339142,0.0001,41407
203,165816,86.1725341,816,0.05,1974,84.0,0.3394883871078491,0.0001,41428
203,165900,86.17914677,816,0.05,1975,84.0,3.3730759620666504,0.0001,41449
203,165984,86.23832547,817,0.05,1976,84.0,0.5936418771743774,0.0001,41470
203,166068,86.23739370000001,817,0.05,1977,84.0,3.375579595565796,0.0001,41491
203,166152,86.19380256000001,817,0.05,1978,84.0,4.34948205947876,0.0001,41512
203,166236,86.21698563,818,0.05,1979,84.0,0.30186358094215393,0.0001,41533
203,166320,86.18483343999998,818,0.05,1980,84.0,0.33313673734664917,0.0001,41554
203,166404,86.21446027,819,0.05,1981,84.0,4.140275001525879,0.0001,41575
203,166488,86.19989192999999,819,0.05,1982,84.0,0.17395156621932983,0.0001,41596
203,166572,86.22409857000001,819,0.05,1983,84.0,0.4012306332588196,0.0001,41617
203,166656,86.21181523999998,820,0.05,1984,84.0,0.34105464816093445,0.0001,41638
203,166740,86.22867588999999,820,0.05,1985,84.0,6.778815269470215,0.0001,41659
203,166824,86.22156029,820,0.05,1986,84.0,3.7271697521209717,0.0001,41680
203,166908,86.25669214999999,821,0.05,1987,84.0,6.815149784088135,0.0001,41701
203,166992,86.26643661,821,0.05,1988,84.0,0.46105197072029114,0.0001,41722
203,167076,86.28147946999998,822,0.05,1989,84.0,0.35619989037513733,0.0001,41743
203,167160,86.31903197,822,0.05,1990,84.0,0.3468223810195923,0.0001,41764
203,167244,86.32515476,823,0.05,1991,84.0,0.31621307134628296,0.0001,41785
203,167328,86.29914473000001,823,0.05,1992,84.0,4.018442153930664,0.0001,41806
203,167412,86.31509482999998,823,0.05,1993,84.0,3.3463220596313477,0.0001,41827
203,167496,86.38021404,824,0.05,1994,84.0,0.1384996473789215,0.0001,41848
203,167580,86.38632707,824,0.05,1995,84.0,3.6549644470214844,0.0001,41869
203,167664,86.38138331999998,825,0.05,1996,84.0,0.7033216953277588,0.0001,41890
203,167748,86.36703586000002,825,0.05,1997,84.0,3.646057605743408,0.0001,41911
203,167832,86.36823401000001,826,0.05,1998,84.0,0.1160256415605545,0.0001,41932
203,167916,86.40893971000003,826,0.05,1999,84.0,0.41291382908821106,0.0001,41953
203,168000,86.43424597000003,826,0.05,2000,84.0,0.10952362418174744,0.0001,41974
203,168084,86.41839594000002,827,0.05,2001,84.0,0.319453626871109,0.0001,41995
203,168168,86.42021316000002,827,0.05,2002,84.0,0.2541772723197937,0.0001,42016
203,168252,86.39922698000002,828,0.05,2003,84.0,0.3715832829475403,0.0001,42037
203,168336,86.39238334000001,828,0.05,2004,84.0,0.442314088344574,0.0001,42058
203,168420,86.37112109000002,828,0.05,2005,84.0,0.30913424491882324,0.0001,42079
203,168504,86.37029765000001,829,0.05,2006,84.0,0.128323495388031,0.0001,42100
203,168588,86.37614263000002,829,0.05,2007,84.0,0.1859591007232666,0.0001,42121
203,168672,86.36565010000002,830,0.05,2008,84.0,0.21766680479049683,0.0001,42142
203,168756,86.35129323000001,830,0.05,2009,84.0,0.16070418059825897,0.0001,42163
203,168840,86.38079594999999,831,0.05,2010,84.0,0.5417271852493286,0.0001,42184
203,168924,86.37129908000001,831,0.05,2011,84.0,6.901697635650635,0.0001,42205
203,169008,86.43122079000001,831,0.05,2012,84.0,3.700594425201416,0.0001,42226
203,169092,86.46657783999999,832,0.05,2013,84.0,0.3399408161640167,0.0001,42247
203,169176,86.46262644000001,832,0.05,2014,84.0,4.041347503662109,0.0001,42268
203,169260,86.46178754,833,0.05,2015,84.0,0.08678953349590302,0.0001,42289
203,169344,86.44381587000002,833,0.05,2016,84.0,0.2183598428964615,0.0001,42310
203,169428,86.44195904000001,833,0.05,2017,84.0,3.772477626800537,0.0001,42331
203,169512,86.44916175000002,834,0.05,2018,84.0,10.291634559631348,0.0001,42352
203,169596,86.44595251000001,834,0.05,2019,84.0,0.7215934991836548,0.0001,42373
203,169680,86.43898769000002,835,0.05,2020,84.0,0.3233693838119507,0.0001,42394
203,169764,86.44071981,835,0.05,2021,84.0,0.15694379806518555,0.0001,42415
203,169848,86.40299884000002,836,0.05,2022,84.0,0.7071174383163452,0.0001,42436
203,169932,86.39667371000002,836,0.05,2023,84.0,0.08808910846710205,0.0001,42457
203,170016,86.45576215000001,836,0.05,2024,84.0,0.7625448703765869,0.0001,42478
203,170100,86.45549553000001,837,0.05,2025,84.0,0.12394808977842331,0.0001,42499
203,170184,86.46444920000002,837,0.05,2026,84.0,3.381040096282959,0.0001,42520
203,170268,86.47667286000002,838,0.05,2027,84.0,7.2779388427734375,0.0001,42541
203,170352,86.46414871,838,0.05,2028,84.0,7.015750408172607,0.0001,42562
203,170436,86.48325219,839,0.05,2029,84.0,0.2611866295337677,0.0001,42583
203,170520,86.47543258,839,0.05,2030,84.0,3.920912265777588,0.0001,42604
203,170604,86.47322242,840,0.05,2031,84.0,0.27110105752944946,0.0001,42625
203,170688,86.51151965,840,0.05,2032,84.0,0.27308323979377747,0.0001,42646
203,170772,86.45146937999999,840,0.05,2033,84.0,0.41533786058425903,0.0001,42667
203,170856,86.45847028999998,841,0.05,2034,84.0,0.8241669535636902,0.0001,42688
203,170940,86.46396247999999,841,0.05,2035,84.0,0.3109208941459656,0.0001,42709
203,171024,86.45158435000002,842,0.05,2036,84.0,3.741391658782959,0.0001,42730
203,171108,86.41966634999999,842,0.05,2037,84.0,0.40363162755966187,0.0001,42751
203,171192,86.41794866999999,843,0.05,2038,84.0,0.611786961555481,0.0001,42772
203,171276,86.42736020999999,843,0.05,2039,84.0,0.5324058532714844,0.0001,42793
203,171360,86.40969338999999,844,0.05,2040,84.0,0.10188491642475128,0.0001,42814
202,171444,86.35625279999998,844,0.05,2041,84.0,0.10070627927780151,0.0001,42835
202,171528,86.34638113,845,0.05,2042,84.0,0.7296220660209656,0.0001,42856
202,171612,86.34327545999999,845,0.05,2043,84.0,0.36368414759635925,0.0001,42877
202,171696,86.34001164,846,0.05,2044,84.0,0.369663268327713,0.0001,42898
202,171780,86.34448936999999,846,0.05,2045,84.0,3.607541561126709,0.0001,42919
202,171864,86.35790302,846,0.05,2046,84.0,3.901554822921753,0.0001,42940
202,171948,86.33768214000001,847,0.05,2047,84.0,3.744384527206421,0.0001,42961
202,172032,86.38108549999998,847,0.05,2048,84.0,0.3181414008140564,0.0001,42982
202,172116,86.40207282,848,0.05,2049,84.0,0.05674758553504944,0.0001,43003
202,172200,86.42325030999997,848,0.05,2050,84.0,0.10770761966705322,0.0001,43024
202,172284,86.42236738999998,849,0.05,2051,84.0,4.136218070983887,0.0001,43045
202,172368,86.42482550999999,849,0.05,2052,84.0,0.17708851397037506,0.0001,43066
202,172452,86.42915076,850,0.05,2053,84.0,3.3855252265930176,0.0001,43087
202,172536,86.43759619999999,850,0.05,2054,84.0,3.6676626205444336,0.0001,43108
202,172620,86.39159614999998,850,0.05,2055,84.0,0.6147246956825256,0.0001,43129
202,172704,86.38710671999999,851,0.05,2056,84.0,0.1674676090478897,0.0001,43150
202,172788,86.36599980999998,851,0.05,2057,84.0,0.24846771359443665,0.0001,43171
202,172872,86.3437156,852,0.05,2058,84.0,0.19432976841926575,0.0001,43192
202,172956,86.35993801999999,852,0.05,2059,84.0,4.046825885772705,0.0001,43213
202,173040,86.36112809999999,853,0.05,2060,84.0,0.9859802722930908,0.0001,43234
202,173124,86.33977421999998,853,0.05,2061,84.0,3.409668445587158,0.0001,43255
202,173208,86.34624807999998,853,0.05,2062,84.0,0.3788892328739166,0.0001,43276
202,173292,86.34772073,854,0.05,2063,84.0,0.3598407208919525,0.0001,43297
202,173376,86.37727875,854,0.05,2064,84.0,3.843139410018921,0.0001,43318
202,173460,86.37386046000002,855,0.05,2065,84.0,0.08931370824575424,0.0001,43339
202,173544,86.37751503000001,855,0.05,2066,84.0,0.13178031146526337,0.0001,43360
202,173628,86.45589696000003,856,0.05,2067,84.0,0.2591319680213928,0.0001,43381
202,173712,86.49137732000001,856,0.05,2068,84.0,0.2863030433654785,0.0001,43402
202,173796,86.51488812,857,0.05,2069,84.0,0.29795631766319275,0.0001,43423
202,173880,86.52567419,857,0.05,2070,84.0,0.11965423822402954,0.0001,43444
202,173964,86.51149287,858,0.05,2071,84.0,0.5269359946250916,0.0001,43465
202,174048,86.50870468000001,858,0.05,2072,84.0,3.890709400177002,0.0001,43486
202,174132,86.55965096000001,858,0.05,2073,84.0,0.5035202503204346,0.0001,43507
202,174216,86.59998893000002,859,0.05,2074,84.0,0.19502826035022736,0.0001,43528
202,174300,86.52759836999999,859,0.05,2075,84.0,4.048656463623047,0.0001,43549
202,174384,86.5428969,860,0.05,2076,84.0,0.736104428768158,0.0001,43570
202,174468,86.54656026000002,860,0.05,2077,84.0,0.14063602685928345,0.0001,43591
202,174552,86.55964358000001,861,0.05,2078,84.0,0.125169038772583,0.0001,43612
202,174636,86.56570523000002,861,0.05,2079,84.0,0.1664462834596634,0.0001,43633
202,174720,86.57660092000002,861,0.05,2080,84.0,0.4862680435180664,0.0001,43654
202,174804,86.56510512000003,862,0.05,2081,84.0,0.13697579503059387,0.0001,43675
202,174888,86.61631968000002,862,0.05,2082,84.0,0.21032023429870605,0.0001,43696
202,174972,86.61547678000002,863,0.05,2083,84.0,0.36845242977142334,0.0001,43717
202,175056,86.64257183000001,863,0.05,2084,84.0,0.1011141836643219,0.0001,43738
202,175140,86.64860463000001,864,0.05,2085,84.0,0.5869340896606445,0.0001,43759
202,175224,86.63787741000002,864,0.05,2086,84.0,3.461324691772461,0.0001,43780
202,175308,86.61790358,864,0.05,2087,84.0,0.41813749074935913,0.0001,43801
202,175392,86.57829982999998,865,0.05,2088,84.0,3.925642728805542,0.0001,43822
202,175476,86.54829603999998,865,0.05,2089,84.0,0.12399711459875107,0.0001,43843
202,175560,86.54898153,866,0.05,2090,84.0,0.4421941339969635,0.0001,43864
202,175644,86.55547415999997,866,0.05,2091,84.0,3.7014689445495605,0.0001,43885
202,175728,86.58401409,866,0.05,2092,84.0,4.1123127937316895,0.0001,43906
202,175812,86.58979039999998,867,0.05,2093,84.0,0.14598727226257324,0.0001,43927
202,175896,86.60023048,867,0.05,2094,84.0,0.1281268447637558,0.0001,43948
202,175980,86.58949775,868,0.05,2095,84.0,3.688434362411499,0.0001,43969
202,176064,86.59630743,868,0.05,2096,84.0,0.10432705283164978,0.0001,43990
202,176148,86.52907825,868,0.05,2097,84.0,6.884151458740234,0.0001,44011
202,176232,86.53209971999996,869,0.05,2098,84.0,0.17442548274993896,0.0001,44032
202,176316,86.52911711999997,869,0.05,2099,84.0,10.147198677062988,0.0001,44053
202,176400,86.51838544999998,869,0.05,2100,84.0,0.3537454903125763,0.0001,44074
202,176484,86.52363922999999,870,0.05,2101,84.0,3.9428930282592773,0.0001,44095
202,176568,86.49393207000001,870,0.05,2102,84.0,0.16233094036579132,0.0001,44116
202,176652,86.49450367000001,871,0.05,2103,84.0,0.19811776280403137,0.0001,44137
202,176736,86.47806157000002,871,0.05,2104,84.0,0.6308091878890991,0.0001,44158
202,176820,86.49911429000002,872,0.05,2105,84.0,3.494330644607544,0.0001,44179
202,176904,86.49684487,872,0.05,2106,84.0,0.2864362895488739,0.0001,44200
202,176988,86.48266888999999,872,0.05,2107,84.0,0.14147263765335083,0.0001,44221
202,177072,86.48366233,873,0.05,2108,84.0,0.5746341347694397,0.0001,44242
202,177156,86.48731103999998,873,0.05,2109,84.0,3.4552080631256104,0.0001,44263
202,177240,86.49133058999998,874,0.05,2110,84.0,0.7728472948074341,0.0001,44284
202,177324,86.51873369999997,874,0.05,2111,84.0,0.17108100652694702,0.0001,44305
202,177408,86.47646696999999,874,0.05,2112,84.0,0.22649382054805756,0.0001,44326
202,177492,86.47333858,875,0.05,2113,84.0,3.670976161956787,0.0001,44347
202,177576,86.45304715,875,0.05,2114,84.0,0.12650716304779053,0.0001,44368
202,177660,86.45251739000001,876,0.05,2115,84.0,0.5886264443397522,0.0001,44389
202,177744,86.45788976,876,0.05,2116,84.0,0.11626683175563812,0.0001,44410
202,177828,86.43983246999998,877,0.05,2117,84.0,3.3138632774353027,0.0001,44431
202,177912,86.44173615,877,0.05,2118,84.0,0.6205053925514221,0.0001,44452
202,177996,86.43471817999996,877,0.05,2119,84.0,0.23974967002868652,0.0001,44473
202,178080,86.47852576,878,0.05,2120,84.0,7.129806995391846,0.0001,44494
202,178164,86.50202713,878,0.05,2121,84.0,0.15868332982063293,0.0001,44515
202,178248,86.44601726,879,0.05,2122,84.0,3.691197395324707,0.0001,44536
202,178332,86.45741178000002,879,0.05,2123,84.0,0.3789312243461609,0.0001,44557
202,178416,86.45093759000001,879,0.05,2124,84.0,0.12548507750034332,0.0001,44578
202,178500,86.4202916,880,0.05,2125,84.0,0.33504417538642883,0.0001,44599
202,178584,86.40791086999998,880,0.05,2126,84.0,3.981372117996216,0.0001,44620
202,178668,86.39415333,881,0.05,2127,84.0,3.6180171966552734,0.0001,44641
202,178752,86.41455126999998,881,0.05,2128,84.0,0.16152912378311157,0.0001,44662
202,178836,86.41737192999997,881,0.05,2129,84.0,7.082391262054443,0.0001,44683
202,178920,86.41598658999997,882,0.05,2130,84.0,0.14317727088928223,0.0001,44704
202,179004,86.40501253999999,882,0.05,2131,84.0,4.003597259521484,0.0001,44725
202,179088,86.41400232,883,0.05,2132,84.0,0.12250073999166489,0.0001,44746
202,179172,86.449723,883,0.05,2133,84.0,0.09702408313751221,0.0001,44767
202,179256,86.43852277000002,883,0.05,2134,84.0,0.34872865676879883,0.0001,44788
202,179340,86.43026077,884,0.05,2135,84.0,0.21941477060317993,0.0001,44809
202,179424,86.43679339999998,884,0.05,2136,84.0,0.40348851680755615,0.0001,44830
202,179508,86.45797169,885,0.05,2137,84.0,3.902435302734375,0.0001,44851
202,179592,86.46146986,885,0.05,2138,84.0,0.5425087213516235,0.0001,44872
202,179676,86.40599651000001,885,0.05,2139,84.0,0.7029949426651001,0.0001,44893
202,179760,86.41352784,886,0.05,2140,84.0,0.6777156591415405,0.0001,44914
202,179844,86.44273401000001,886,0.05,2141,84.0,0.20067638158798218,0.0001,44935
202,179928,86.37952572,887,0.05,2142,84.0,0.3415175974369049,0.0001,44956
202,180012,86.38735343,887,0.05,2143,84.0,0.6441608667373657,0.0001,44977
202,180096,86.39915229,887,0.05,2144,84.0,0.15507550537586212,0.0001,44998
202,180180,86.40446871,888,0.05,2145,84.0,0.3814145028591156,0.0001,45019
202,180264,86.39394500999998,888,0.05,2146,84.0,0.6622099876403809,0.0001,45040
202,180348,86.41745367999998,889,0.05,2147,84.0,0.18088558316230774,0.0001,45061
202,180432,86.41869272999999,889,0.05,2148,84.0,0.28805994987487793,0.0001,45082
202,180516,86.40467288999999,889,0.05,2149,84.0,3.7351555824279785,0.0001,45103
202,180600,86.39055862000001,890,0.05,2150,84.0,0.06979523599147797,0.0001,45124
202,180684,86.40131952,890,0.05,2151,84.0,0.35764408111572266,0.0001,45145
202,180768,86.40084361000001,891,0.05,2152,84.0,4.357761383056641,0.0001,45166
202,180852,86.39506942,891,0.05,2153,84.0,6.82594633102417,0.0001,45187
202,180936,86.36070744,892,0.05,2154,84.0,0.3745172917842865,0.0001,45208
202,181020,86.41280315,892,0.05,2155,84.0,0.47908177971839905,0.0001,45229
202,181104,86.43680868,892,0.05,2156,84.0,0.29276466369628906,0.0001,45250
202,181188,86.44683722999999,893,0.05,2157,84.0,3.8303580284118652,0.0001,45271
202,181272,86.48505196,893,0.05,2158,84.0,0.2474326193332672,0.0001,45292
202,181356,86.46743844999999,894,0.05,2159,84.0,0.19747284054756165,0.0001,45313
202,181440,86.45980577000002,894,0.05,2160,84.0,0.7663594484329224,0.0001,45334
202,181524,86.48100372,895,0.05,2161,84.0,0.11853454262018204,0.0001,45355
202,181608,86.47747408000004,895,0.05,2162,84.0,3.482177972793579,0.0001,45376
202,181692,86.47823840000002,895,0.05,2163,84.0,0.13919174671173096,0.0001,45397
202,181776,86.49527376,896,0.05,2164,84.0,3.7315971851348877,0.0001,45418
202,181860,86.48287863000002,896,0.05,2165,84.0,0.30536121129989624,0.0001,45439
202,181944,86.45358482999998,897,0.05,2166,84.0,0.16659435629844666,0.0001,45460
202,182028,86.45872557999999,897,0.05,2167,84.0,0.08391837775707245,0.0001,45481
202,182112,86.45023115999999,897,0.05,2168,84.0,3.9651780128479004,0.0001,45502
202,182196,86.41862746000001,898,0.05,2169,84.0,0.3297940492630005,0.0001,45523
202,182280,86.41854314,898,0.05,2170,84.0,3.661013603210449,0.0001,45544
202,182364,86.44050379000001,899,0.05,2171,84.0,0.6291102766990662,0.0001,45565
202,182448,86.44223396000001,899,0.05,2172,84.0,0.07600576430559158,0.0001,45586
202,182532,86.42770697,899,0.05,2173,84.0,0.3156788647174835,0.0001,45607
202,182616,86.42819371000002,900,0.05,2174,84.0,3.472723960876465,0.0001,45628
202,182700,86.47863653999998,900,0.05,2175,84.0,3.589265823364258,0.0001,45649
202,182784,86.46587959,901,0.05,2176,84.0,0.32431459426879883,0.0001,45670
202,182868,86.45373393,901,0.05,2177,84.0,0.5246508121490479,0.0001,45691
202,182952,86.47583825000001,901,0.05,2178,84.0,0.5006523132324219,0.0001,45712
202,183036,86.47379871,902,0.05,2179,84.0,0.7240734100341797,0.0001,45733
202,183120,86.50132678999998,902,0.05,2180,84.0,0.3828318119049072,0.0001,45754
202,183204,86.49926669999999,903,0.05,2181,84.0,3.547816753387451,0.0001,45775
202,183288,86.51020387,903,0.05,2182,84.0,0.49428290128707886,0.0001,45796
202,183372,86.51334467000001,904,0.05,2183,84.0,3.9296844005584717,0.0001,45817
202,183456,86.52732470000001,904,0.05,2184,84.0,0.16882973909378052,0.0001,45838
202,183540,86.53114976,904,0.05,2185,84.0,0.26867061853408813,0.0001,45859
202,183624,86.52768168,905,0.05,2186,84.0,7.354123592376709,0.0001,45880
202,183708,86.53769190000001,905,0.05,2187,84.0,3.474916458129883,0.0001,45901
202,183792,86.58831384999998,906,0.05,2188,84.0,0.13273486495018005,0.0001,45922
202,183876,86.60597158,906,0.05,2189,84.0,0.1377962827682495,0.0001,45943
202,183960,86.59444230999999,907,0.05,2190,84.0,0.33742454648017883,0.0001,45964
202,184044,86.6031199,907,0.05,2191,84.0,0.37234604358673096,0.0001,45985
202,184128,86.61719418999999,908,0.05,2192,84.0,0.10660573840141296,0.0001,46006
202,184212,86.61321903,908,0.05,2193,84.0,4.125102996826172,0.0001,46027
202,184296,86.59253370999998,908,0.05,2194,84.0,0.13849616050720215,0.0001,46048
202,184380,86.57837735,909,0.05,2195,84.0,3.455230474472046,0.0001,46069
202,184464,86.56865268999998,909,0.05,2196,84.0,0.3345109820365906,0.0001,46090
202,184548,86.60046639999999,910,0.05,2197,84.0,0.38262754678726196,0.0001,46111
202,184632,86.59402761999999,910,0.05,2198,84.0,0.6181001663208008,0.0001,46132
202,184716,86.55870595,911,0.05,2199,84.0,0.8012135028839111,0.0001,46153
202,184800,86.56195522,911,0.05,2200,84.0,0.1472282111644745,0.0001,46174
202,184884,86.57581547999999,911,0.05,2201,84.0,0.4843806028366089,0.0001,46195
202,184968,86.59735727999998,912,0.05,2202,84.0,4.108753204345703,0.0001,46216
202,185052,86.62265976999998,912,0.05,2203,84.0,3.8847901821136475,0.0001,46237
202,185136,86.64908951,913,0.05,2204,84.0,3.525238037109375,0.0001,46258
202,185220,86.64174483000001,913,0.05,2205,84.0,0.3272450864315033,0.0001,46279
202,185304,86.64117882000001,913,0.05,2206,84.0,0.37183135747909546,0.0001,46300
202,185388,86.62071332,914,0.05,2207,84.0,0.4171793460845947,0.0001,46321
202,185472,86.62369043999999,914,0.05,2208,84.0,3.499293565750122,0.0001,46342
202,185556,86.62725217999997,915,0.05,2209,84.0,0.6385650634765625,0.0001,46363
202,185640,86.62766272,915,0.05,2210,84.0,0.5233458876609802,0.0001,46384
202,185724,86.62040016,916,0.05,2211,84.0,6.839277267456055,0.0001,46405
202,185808,86.62023115,916,0.05,2212,84.0,0.5088348984718323,0.0001,46426
202,185892,86.58718947,917,0.05,2213,84.0,3.7328672409057617,0.0001,46447
202,185976,86.58585086,917,0.05,2214,84.0,0.34210917353630066,0.0001,46468
202,186060,86.60394782000002,917,0.05,2215,84.0,0.31955310702323914,0.0001,46489
202,186144,86.61260211000003,918,0.05,2216,84.0,0.10192938148975372,0.0001,46510
202,186228,86.63750503000003,918,0.05,2217,84.0,10.88297176361084,0.0001,46531
202,186312,86.64893015000001,919,0.05,2218,84.0,0.3648650050163269,0.0001,46552
202,186396,86.58489356,919,0.05,2219,84.0,0.13915836811065674,0.0001,46573
202,186480,86.58201221999998,919,0.05,2220,84.0,3.623396635055542,0.0001,46594
202,186564,86.57419871,920,0.05,2221,84.0,7.325978755950928,0.0001,46615
202,186648,86.63675204999998,920,0.05,2222,84.0,3.616227865219116,0.0001,46636
202,186732,86.62699042999999,921,0.05,2223,84.0,4.050756931304932,0.0001,46657
202,186816,86.6168143,921,0.05,2224,84.0,0.41854962706565857,0.0001,46678
202,186900,86.63533868,922,0.05,2225,84.0,0.4649130702018738,0.0001,46699
202,186984,86.63690681,922,0.05,2226,84.0,7.668453216552734,0.0001,46720
202,187068,86.65295316,922,0.05,2227,84.0,7.072817325592041,0.0001,46741
202,187152,86.65302418000003,923,0.05,2228,84.0,3.5360183715820312,0.0001,46762
202,187236,86.64836921000001,923,0.05,2229,84.0,0.07961902767419815,0.0001,46783
202,187320,86.59107570000002,924,0.05,2230,84.0,3.41819167137146,0.0001,46804
202,187404,86.59956199,924,0.05,2231,84.0,0.14159798622131348,0.0001,46825
202,187488,86.57601672999999,924,0.05,2232,84.0,0.14123710989952087,0.0001,46846
202,187572,86.60390964,925,0.05,2233,84.0,0.5520725846290588,0.0001,46867
202,187656,86.59187272,925,0.05,2234,84.0,3.850660800933838,0.0001,46888
202,187740,86.60238268,926,0.05,2235,84.0,0.09923034906387329,0.0001,46909
202,187824,86.60937579000002,926,0.05,2236,84.0,0.10522916167974472,0.0001,46930
202,187908,86.5689208,927,0.05,2237,84.0,0.2684980630874634,0.0001,46951
202,187992,86.56375140999998,927,0.05,2238,84.0,0.17533846199512482,0.0001,46972
202,188076,86.63121011,927,0.05,2239,84.0,0.12219095230102539,0.0001,46993
202,188160,86.61898748,928,0.05,2240,84.0,0.1692233681678772,0.0001,47014
202,188244,86.62872497999997,928,0.05,2241,84.0,3.5570247173309326,0.0001,47035
202,188328,86.63324741999999,929,0.05,2242,84.0,3.548705577850342,0.0001,47056
202,188412,86.63056167999996,929,0.05,2243,84.0,7.516624927520752,0.0001,47077
202,188496,86.63117275999998,929,0.05,2244,84.0,10.631041526794434,0.0001,47098
202,188580,86.63836033,930,0.05,2245,84.0,0.10604938864707947,0.0001,47119
202,188664,86.62085797000002,930,0.05,2246,84.0,4.376266002655029,0.0001,47140
202,188748,86.62047322000001,931,0.05,2247,84.0,0.13087134063243866,0.0001,47161
202,188832,86.59628879,931,0.05,2248,84.0,0.12969082593917847,0.0001,47182
202,188916,86.61473393999997,932,0.05,2249,84.0,0.3514501452445984,0.0001,47203
202,189000,86.60968671999998,932,0.05,2250,84.0,3.642866373062134,0.0001,47224
202,189084,86.59583163999997,932,0.05,2251,84.0,0.09676118940114975,0.0001,47245
202,189168,86.59256380999999,933,0.05,2252,84.0,0.10588385164737701,0.0001,47266
202,189252,86.59446385999999,933,0.05,2253,84.0,0.21412226557731628,0.0001,47287
202,189336,86.60315494000001,934,0.05,2254,84.0,0.13044670224189758,0.0001,47308
202,189420,86.58885718000002,934,0.05,2255,84.0,3.4210870265960693,0.0001,47329
202,189504,86.58400086000002,934,0.05,2256,84.0,0.1209028884768486,0.0001,47350
202,189588,86.60194986999998,935,0.05,2257,84.0,3.490999460220337,0.0001,47371
202,189672,86.58913271999998,935,0.05,2258,84.0,0.18951602280139923,0.0001,47392
202,189756,86.59344663999998,935,0.05,2259,84.0,0.15683682262897491,0.0001,47413
202,189840,86.60178142999999,936,0.05,2260,84.0,3.5315210819244385,0.0001,47434
202,189924,86.5960639,936,0.05,2261,84.0,0.11559133231639862,0.0001,47455
202,190008,86.61826056,937,0.05,2262,84.0,0.7394888401031494,0.0001,47476
202,190092,86.62470343000001,937,0.05,2263,84.0,3.690431833267212,0.0001,47497
202,190176,86.60456125,937,0.05,2264,84.0,0.5080665946006775,0.0001,47518
202,190260,86.61775665,938,0.05,2265,84.0,3.952364206314087,0.0001,47539
202,190344,86.64460403,938,0.05,2266,84.0,0.19724375009536743,0.0001,47560
202,190428,86.64574415999999,939,0.05,2267,84.0,0.3022420406341553,0.0001,47581
202,190512,86.64476427000001,939,0.05,2268,84.0,0.3845329284667969,0.0001,47602
202,190596,86.68044736,939,0.05,2269,84.0,0.12324700504541397,0.0001,47623
202,190680,86.65581524999999,940,0.05,2270,84.0,0.5284045934677124,0.0001,47644
202,190764,86.63548391999998,940,0.05,2271,84.0,3.680957078933716,0.0001,47665
202,190848,86.63730129,941,0.05,2272,84.0,0.2024623453617096,0.0001,47686
202,190932,86.62928768999998,941,0.05,2273,84.0,0.4454188048839569,0.0001,47707
202,191016,86.58881692000001,941,0.05,2274,84.0,0.16258516907691956,0.0001,47728
202,191100,86.59950019999998,942,0.05,2275,84.0,3.4414427280426025,0.0001,47749
202,191184,86.61468740000002,942,0.05,2276,84.0,0.791130006313324,0.0001,47770
202,191268,86.62711225999999,943,0.05,2277,84.0,0.43961745500564575,0.0001,47791
202,191352,86.59925865999999,943,0.05,2278,84.0,3.588848352432251,0.0001,47812
202,191436,86.58590184999998,943,0.05,2279,84.0,0.31649091839790344,0.0001,47833
202,191520,86.58732349,944,0.05,2280,84.0,0.16649910807609558,0.0001,47854
202,191604,86.59308942000001,944,0.05,2281,84.0,7.783647537231445,0.0001,47875
202,191688,86.57734509,945,0.05,2282,84.0,0.3217705488204956,0.0001,47896
202,191772,86.57986377000002,945,0.05,2283,84.0,3.7841451168060303,0.0001,47917
202,191856,86.5734375,945,0.05,2284,84.0,0.2805496156215668,0.0001,47938
202,191940,86.52967077000001,946,0.05,2285,84.0,4.1333327293396,0.0001,47959
202,192024,86.53502914999999,946,0.05,2286,84.0,0.11348144710063934,0.0001,47980
202,192108,86.54262649999998,946,0.05,2287,84.0,0.1399390697479248,0.0001,48001
202,192192,86.53485455999999,947,0.05,2288,84.0,4.133647441864014,0.0001,48022
202,192276,86.58150520000001,947,0.05,2289,84.0,0.2651202380657196,0.0001,48043
202,192360,86.57865931,948,0.05,2290,84.0,3.7724287509918213,0.0001,48064
202,192444,86.56809485000002,948,0.05,2291,84.0,0.28988638520240784,0.0001,48085
202,192528,86.55948728000001,949,0.05,2292,84.0,3.4854862689971924,0.0001,48106
202,192612,86.55987660000001,949,0.05,2293,84.0,3.850722551345825,0.0001,48127
202,192696,86.57750607,949,0.05,2294,84.0,3.429044723510742,0.0001,48148
202,192780,86.59818768000002,950,0.05,2295,84.0,0.11124351620674133,0.0001,48169
202,192864,86.60122649,950,0.05,2296,84.0,0.300246924161911,0.0001,48190
202,192948,86.63433762000003,950,0.05,2297,84.0,0.34933650493621826,0.0001,48211
202,193032,86.63778812000002,951,0.05,2298,84.0,0.27568140625953674,0.0001,48232
202,193116,86.67283902000001,951,0.05,2299,84.0,0.2978285849094391,0.0001,48253
202,193200,86.67528469999999,952,0.05,2300,84.0,0.12144161015748978,0.0001,48274
202,193284,86.66448893000002,952,0.05,2301,84.0,0.20749835669994354,0.0001,48295
202,193368,86.66630891000001,953,0.05,2302,84.0,0.216520294547081,0.0001,48316
202,193452,86.66774840000002,953,0.05,2303,84.0,0.30749136209487915,0.0001,48337
202,193536,86.65582427,953,0.05,2304,84.0,0.49563807249069214,0.0001,48358
202,193620,86.65933856000001,954,0.05,2305,84.0,6.898559093475342,0.0001,48379
202,193704,86.60466744,954,0.05,2306,84.0,3.554974317550659,0.0001,48400
202,193788,86.61084627,954,0.05,2307,84.0,0.14391185343265533,0.0001,48421
202,193872,86.57941972,955,0.05,2308,84.0,0.42065268754959106,0.0001,48442
202,193956,86.58991735000001,955,0.05,2309,84.0,0.5812093019485474,0.0001,48463
202,194040,86.59876015000003,956,0.05,2310,84.0,6.866789817810059,0.0001,48484
202,194124,86.52380977000003,956,0.05,2311,84.0,0.24256333708763123,0.0001,48505
202,194208,86.48147331000001,956,0.05,2312,84.0,0.15589454770088196,0.0001,48526
202,194292,86.49010473,957,0.05,2313,84.0,0.10390438884496689,0.0001,48547
202,194376,86.51131400999999,957,0.05,2314,84.0,0.40387290716171265,0.0001,48568
202,194460,86.49385043000001,958,0.05,2315,84.0,0.10161563754081726,0.0001,48589
202,194544,86.49275924,958,0.05,2316,84.0,0.3896671235561371,0.0001,48610
202,194628,86.49508152000003,958,0.05,2317,84.0,0.29322633147239685,0.0001,48631
202,194712,86.48524457000002,959,0.05,2318,84.0,3.8063952922821045,0.0001,48652
203,194796,86.55965165000002,959,0.05,2319,84.0,3.7753851413726807,0.0001,48673
203,194880,86.57039920000001,959,0.05,2320,84.0,3.632373809814453,0.0001,48694
203,194964,86.57240491000002,960,0.05,2321,84.0,0.7449173927307129,0.0001,48715
203,195048,86.58181189000001,960,0.05,2322,84.0,4.069849491119385,0.0001,48736
203,195132,86.58887087000001,961,0.05,2323,84.0,0.5420159101486206,0.0001,48757
203,195216,86.60695799000001,961,0.05,2324,84.0,0.19561773538589478,0.0001,48778
203,195300,86.60859250000001,961,0.05,2325,84.0,0.10730896890163422,0.0001,48799
203,195384,86.60401922,962,0.05,2326,84.0,0.6392263770103455,0.0001,48820
203,195468,86.57406283,962,0.05,2327,84.0,0.1826324462890625,0.0001,48841
203,195552,86.56919898,963,0.05,2328,84.0,4.046265602111816,0.0001,48862
203,195636,86.55687744000002,963,0.05,2329,84.0,3.638702869415283,0.0001,48883
203,195720,86.62623387000004,964,0.05,2330,84.0,3.804060935974121,0.0001,48904
203,195804,86.61280557000002,964,0.05,2331,84.0,0.43140894174575806,0.0001,48925
203,195888,86.61040438,964,0.05,2332,84.0,0.10376733541488647,0.0001,48946
203,195972,86.57506934999999,965,0.05,2333,84.0,3.765058755874634,0.0001,48967
203,196056,86.59252412999999,965,0.05,2334,84.0,0.5488065481185913,0.0001,48988
203,196140,86.58274140999998,965,0.05,2335,84.0,0.07558617740869522,0.0001,49009
203,196224,86.57535328,966,0.05,2336,84.0,0.10664235055446625,0.0001,49030
203,196308,86.61769998999998,966,0.05,2337,84.0,0.1370658427476883,0.0001,49051
203,196392,86.61376864999998,967,0.05,2338,84.0,7.442103385925293,0.0001,49072
203,196476,86.58648398999999,967,0.05,2339,84.0,0.31970828771591187,0.0001,49093
203,196560,86.61195555999998,967,0.05,2340,84.0,6.943658351898193,0.0001,49114
203,196644,86.64836809,968,0.05,2341,84.0,0.40241891145706177,0.0001,49135
203,196728,86.7038195,968,0.05,2342,84.0,3.9032158851623535,0.0001,49156
203,196812,86.70007214000002,969,0.05,2343,84.0,7.295270919799805,0.0001,49177
203,196896,86.7043168,969,0.05,2344,84.0,3.793943166732788,0.0001,49198
203,196980,86.70710149,969,0.05,2345,84.0,0.18635597825050354,0.0001,49219
203,197064,86.73766075000002,970,0.05,2346,84.0,0.3955603539943695,0.0001,49240
203,197148,86.69451514000001,970,0.05,2347,84.0,0.36444175243377686,0.0001,49261
203,197232,86.70867178999998,971,0.05,2348,84.0,3.512209415435791,0.0001,49282
203,197316,86.70213963,971,0.05,2349,84.0,0.08500619232654572,0.0001,49303
203,197400,86.698905,971,0.05,2350,84.0,3.9439430236816406,0.0001,49324
203,197484,86.66225294999998,972,0.05,2351,84.0,0.11416274309158325,0.0001,49345
203,197568,86.67056972,972,0.05,2352,84.0,0.458710253238678,0.0001,49366
203,197652,86.64886566000001,973,0.05,2353,84.0,0.3289233446121216,0.0001,49387
203,197736,86.65193956000002,973,0.05,2354,84.0,0.15756043791770935,0.0001,49408
203,197820,86.65063946999999,973,0.05,2355,84.0,0.1954895555973053,0.0001,49429
203,197904,86.62505811000001,974,0.05,2356,84.0,3.4386985301971436,0.0001,49450
203,197988,86.62842607,974,0.05,2357,84.0,3.728191614151001,0.0001,49471
203,198072,86.62806355999997,975,0.05,2358,84.0,0.40353262424468994,0.0001,49492
203,198156,86.62803215999999,975,0.05,2359,84.0,3.55779767036438,0.0001,49513
203,198240,86.60553102999998,975,0.05,2360,84.0,0.3733375072479248,0.0001,49534
203,198324,86.61073107,976,0.05,2361,84.0,0.4352988004684448,0.0001,49555
203,198408,86.59245977999998,976,0.05,2362,84.0,0.36908262968063354,0.0001,49576
203,198492,86.57195664000001,977,0.05,2363,84.0,4.076374530792236,0.0001,49597
203,198576,86.55542057000002,977,0.05,2364,84.0,0.27000924944877625,0.0001,49618
203,198660,86.55296472000002,977,0.05,2365,84.0,3.712430238723755,0.0001,49639
203,198744,86.55540190000004,978,0.05,2366,84.0,0.13790512084960938,0.0001,49660
203,198828,86.55609309000002,978,0.05,2367,84.0,3.7229063510894775,0.0001,49681
203,198912,86.56177031000001,979,0.05,2368,84.0,0.19803833961486816,0.0001,49702
203,198996,86.57633671000002,979,0.05,2369,84.0,0.4180867075920105,0.0001,49723
203,199080,86.58379325,979,0.05,2370,84.0,0.1799106001853943,0.0001,49744
203,199164,86.59672011,980,0.05,2371,84.0,3.720778465270996,0.0001,49765
203,199248,86.59602766,980,0.05,2372,84.0,0.2586064636707306,0.0001,49786
203,199332,86.61197043,981,0.05,2373,84.0,0.3193390667438507,0.0001,49807
203,199416,86.62531702000003,981,0.05,2374,84.0,3.4143824577331543,0.0001,49828
203,199500,86.62732538000002,981,0.05,2375,84.0,4.728865623474121,0.0001,49849
203,199584,86.62169891000002,982,0.05,2376,84.0,0.3957388699054718,0.0001,49870
203,199668,86.56077338000001,982,0.05,2377,84.0,0.1460474729537964,0.0001,49891
203,199752,86.58486273,983,0.05,2378,84.0,0.13780486583709717,0.0001,49912
203,199836,86.57547476000002,983,0.05,2379,84.0,0.1374153196811676,0.0001,49933
203,199920,86.56102949000002,984,0.05,2380,84.0,0.08074277639389038,0.0001,49954
203,200004,86.57234068000001,984,0.05,2381,84.0,4.3327107429504395,0.0001,49975
203,200088,86.58237326000003,984,0.05,2382,84.0,0.14399051666259766,0.0001,49996
203,200172,86.58355393,985,0.05,2383,84.0,0.15629121661186218,0.0001,50017
203,200256,86.57774396999999,985,0.05,2384,84.0,3.9983816146850586,0.0001,50038
203,200340,86.62539220999999,986,0.05,2385,84.0,3.6953251361846924,0.0001,50059
203,200424,86.62122504000001,986,0.05,2386,84.0,0.07106298208236694,0.0001,50080
203,200508,86.62735273000003,986,0.05,2387,84.0,0.8259702920913696,0.0001,50101
203,200592,86.62454773000002,987,0.05,2388,84.0,0.5075444579124451,0.0001,50122
203,200676,86.61227793000002,987,0.05,2389,84.0,0.12801437079906464,0.0001,50143
203,200760,86.59142973000002,988,0.05,2390,84.0,3.7882626056671143,0.0001,50164
203,200844,86.59587633,988,0.05,2391,84.0,0.19077321887016296,0.0001,50185
203,200928,86.59937438000003,989,0.05,2392,84.0,3.9789037704467773,0.0001,50206
203,201012,86.59246544000001,989,0.05,2393,84.0,3.6533122062683105,0.0001,50227
203,201096,86.57726841000003,990,0.05,2394,84.0,3.571883201599121,0.0001,50248
203,201180,86.57579010000003,990,0.05,2395,84.0,4.631710052490234,0.0001,50269
203,201264,86.57172083000003,990,0.05,2396,84.0,3.929654359817505,0.0001,50290
203,201348,86.56775046000001,991,0.05,2397,84.0,3.8403196334838867,0.0001,50311
203,201432,86.56247112000001,991,0.05,2398,84.0,4.129450798034668,0.0001,50332
203,201516,86.55644832,992,0.05,2399,84.0,0.2032155692577362,0.0001,50353
203,201600,86.54385201999997,992,0.05,2400,84.0,3.8246560096740723,0.0001,50374
203,201684,86.53472144,993,0.05,2401,84.0,0.12066105008125305,0.0001,50395
203,201768,86.54099069999998,993,0.05,2402,84.0,3.572864532470703,0.0001,50416
203,201852,86.52872149,994,0.05,2403,84.0,3.7642550468444824,0.0001,50437
203,201936,86.53429184999999,994,0.05,2404,84.0,3.8906056880950928,0.0001,50458
202,202020,86.51278741,995,0.05,2405,84.0,0.15997779369354248,0.0001,50479
202,202104,86.58167427999999,995,0.05,2406,84.0,0.5175196528434753,0.0001,50500
202,202188,86.59213662999998,996,0.05,2407,84.0,4.42907190322876,0.0001,50521
202,202272,86.63325972999999,996,0.05,2408,84.0,0.14000985026359558,0.0001,50542
202,202356,86.62303167999998,996,0.05,2409,84.0,0.47720521688461304,0.0001,50563
202,202440,86.54046244,997,0.05,2410,84.0,0.3386520743370056,0.0001,50584
202,202524,86.61868719999998,997,0.05,2411,84.0,4.1410627365112305,0.0001,50605
202,202608,86.67117247999998,998,0.05,2412,84.0,4.066818714141846,0.0001,50626
202,202692,86.70139316999999,998,0.05,2413,84.0,0.3357944190502167,0.0001,50647
202,202776,86.69241297,999,0.05,2414,84.0,0.38950252532958984,0.0001,50668
202,202860,86.69355459,999,0.05,2415,84.0,0.39490264654159546,0.0001,50689
202,202944,86.69425768,1000,0.05,2416,84.0,0.42060232162475586,0.0001,50710
202,203028,86.68937006000002,1000,0.05,2417,84.0,0.35392749309539795,0.0001,50731
202,203112,86.67879396000001,1001,0.05,2418,84.0,4.482905387878418,0.0001,50752
202,203196,86.67398817000002,1001,0.05,2419,84.0,7.367281436920166,0.0001,50773
202,203280,86.66895044999997,1002,0.05,2420,84.0,3.8027546405792236,0.0001,50794
202,203364,86.62403533000001,1002,0.05,2421,84.0,7.5948967933654785,0.0001,50815
202,203448,86.63126664999999,1003,0.05,2422,84.0,0.27814364433288574,0.0001,50836
202,203532,86.63262673,1003,0.05,2423,84.0,3.8562419414520264,0.0001,50857
202,203616,86.61295799,1004,0.05,2424,84.0,0.387295663356781,0.0001,50878
202,203700,86.59544117,1004,0.05,2425,84.0,0.04941926896572113,0.0001,50899
202,203784,86.59421427000001,1005,0.05,2426,84.0,0.383742094039917,0.0001,50920
202,203868,86.61773522,1005,0.05,2427,84.0,0.25834429264068604,0.0001,50941
202,203952,86.61670365,1006,0.05,2428,84.0,0.21084019541740417,0.0001,50962
202,204036,86.62941339,1006,0.05,2429,84.0,3.5335335731506348,0.0001,50983
202,204120,86.59110437999998,1006,0.05,2430,84.0,0.561060905456543,0.0001,51004
202,204204,86.60688233999997,1007,0.05,2431,84.0,7.3164567947387695,0.0001,51025
202,204288,86.63454895000001,1007,0.05,2432,84.0,3.7519795894622803,0.0001,51046
202,204372,86.65388103000001,1008,0.05,2433,84.0,0.16089767217636108,0.0001,51067
202,204456,86.66122074,1008,0.05,2434,84.0,7.152848243713379,0.0001,51088
202,204540,86.65454758000001,1009,0.05,2435,84.0,0.21412114799022675,0.0001,51109
202,204624,86.66234654,1009,0.05,2436,84.0,3.6987545490264893,0.0001,51130
202,204708,86.66270078,1010,0.05,2437,84.0,0.39491379261016846,0.0001,51151
202,204792,86.67918343999997,1010,0.05,2438,84.0,0.2867788076400757,0.0001,51172
202,204876,86.69000382,1011,0.05,2439,84.0,0.3797540068626404,0.0001,51193
202,204960,86.68529783,1011,0.05,2440,84.0,0.3236756920814514,0.0001,51214
202,205044,86.67328945,1011,0.05,2441,84.0,0.3604883849620819,0.0001,51235
202,205128,86.67832290000003,1012,0.05,2442,84.0,0.149060919880867,0.0001,51256
202,205212,86.67402268,1012,0.05,2443,84.0,3.539706230163574,0.0001,51277
202,205296,86.60148491,1013,0.05,2444,84.0,0.18932285904884338,0.0001,51298
202,205380,86.58406511999999,1013,0.05,2445,84.0,6.934861183166504,0.0001,51319
202,205464,86.575554,1013,0.05,2446,84.0,0.19596806168556213,0.0001,51340
202,205548,86.60193111000001,1014,0.05,2447,84.0,0.3641703128814697,0.0001,51361
202,205632,86.62069518000003,1014,0.05,2448,84.0,3.4675281047821045,0.0001,51382
202,205716,86.6333348,1015,0.05,2449,84.0,7.202830791473389,0.0001,51403
202,205800,86.65126329,1015,0.05,2450,84.0,0.5737641453742981,0.0001,51424
202,205884,86.69678964999999,1016,0.05,2451,84.0,0.3367769420146942,0.0001,51445
202,205968,86.69414847999998,1016,0.05,2452,84.0,0.2065432369709015,0.0001,51466
202,206052,86.68602394,1016,0.05,2453,84.0,0.6273390054702759,0.0001,51487
202,206136,86.70135587,1017,0.05,2454,84.0,0.5950815677642822,0.0001,51508
202,206220,86.70091651000003,1017,0.05,2455,84.0,0.4293389320373535,0.0001,51529
202,206304,86.72330669000002,1018,0.05,2456,84.0,0.18467240035533905,0.0001,51550
202,206388,86.71291968,1018,0.05,2457,84.0,0.4053643047809601,0.0001,51571
202,206472,86.71883335000001,1019,0.05,2458,84.0,3.7070109844207764,0.0001,51592
202,206556,86.72789267,1019,0.05,2459,84.0,0.1201012134552002,0.0001,51613
202,206640,86.74670559,1020,0.05,2460,84.0,0.15361465513706207,0.0001,51634
202,206724,86.72200387,1020,0.05,2461,84.0,0.2276451289653778,0.0001,51655
202,206808,86.73828479999999,1020,0.05,2462,84.0,0.3621632158756256,0.0001,51676
202,206892,86.75991161999998,1021,0.05,2463,84.0,0.4925505518913269,0.0001,51697
202,206976,86.78114948999998,1021,0.05,2464,84.0,0.3385699391365051,0.0001,51718
202,207060,86.79125834999999,1022,0.05,2465,84.0,3.9453976154327393,0.0001,51739
202,207144,86.79296303999999,1022,0.05,2466,84.0,0.1464703530073166,0.0001,51760
202,207228,86.79596828,1023,0.05,2467,84.0,0.5344765186309814,0.0001,51781
202,207312,86.80003488999999,1023,0.05,2468,84.0,3.69921875,0.0001,51802
202,207396,86.77922757,1023,0.05,2469,84.0,0.18123231828212738,0.0001,51823
202,207480,86.75614535000001,1024,0.05,2470,84.0,0.3079470992088318,0.0001,51844
202,207564,86.75547146000001,1024,0.05,2471,84.0,3.894716262817383,0.0001,51865
202,207648,86.75112172000001,1025,0.05,2472,84.0,0.44530361890792847,0.0001,51886
202,207732,86.74635964999999,1025,0.05,2473,84.0,0.3583773970603943,0.0001,51907
202,207816,86.76033019,1025,0.05,2474,84.0,0.2055279016494751,0.0001,51928
202,207900,86.78111605,1026,0.05,2475,84.0,3.60085129737854,0.0001,51949
202,207984,86.74304147000001,1026,0.05,2476,84.0,0.3122662603855133,0.0001,51970
202,208068,86.80127404999999,1027,0.05,2477,84.0,0.35687148571014404,0.0001,51991
202,208152,86.78971255999998,1027,0.05,2478,84.0,0.4442216753959656,0.0001,52012
202,208236,86.78810469999999,1028,0.05,2479,84.0,0.41627824306488037,0.0001,52033
202,208320,86.80194970999999,1028,0.05,2480,84.0,0.39651238918304443,0.0001,52054
202,208404,86.79637360000001,1028,0.05,2481,84.0,0.08059316873550415,0.0001,52075
202,208488,86.79185863000001,1029,0.05,2482,84.0,0.18874850869178772,0.0001,52096
202,208572,86.79290455,1029,0.05,2483,84.0,0.14979586005210876,0.0001,52117
202,208656,86.79119994999999,1030,0.05,2484,84.0,0.1440310776233673,0.0001,52138
202,208740,86.78886490999997,1030,0.05,2485,84.0,4.137357711791992,0.0001,52159
202,208824,86.79887579999999,1031,0.05,2486,84.0,3.4997756481170654,0.0001,52180
202,208908,86.79484092000001,1031,0.05,2487,84.0,3.6743359565734863,0.0001,52201
202,208992,86.79144087,1032,0.05,2488,84.0,4.182961940765381,0.0001,52222
202,209076,86.79886806,1032,0.05,2489,84.0,0.11369074881076813,0.0001,52243
202,209160,86.82788064,1033,0.05,2490,84.0,0.5477926135063171,0.0001,52264
202,209244,86.82058457,1033,0.05,2491,84.0,0.09726382791996002,0.0001,52285
202,209328,86.78082240999998,1034,0.05,2492,84.0,0.46381813287734985,0.0001,52306
202,209412,86.78113341,1034,0.05,2493,84.0,0.5467127561569214,0.0001,52327
202,209496,86.80491468999999,1034,0.05,2494,84.0,0.1607220321893692,0.0001,52348
202,209580,86.82095191999998,1035,0.05,2495,84.0,0.5560078024864197,0.0001,52369
202,209664,86.83389205000003,1035,0.05,2496,84.0,0.102973073720932,0.0001,52390
202,209748,86.8380244,1036,0.05,2497,84.0,3.917531967163086,0.0001,52411
202,209832,86.84287653000001,1036,0.05,2498,84.0,7.0545549392700195,0.0001,52432
202,209916,86.83482592,1037,0.05,2499,84.0,0.10990972071886063,0.0001,52453
202,210000,86.84181006,1037,0.05,2500,84.0,0.08066965639591217,0.0001,52474
202,210084,86.84320476,1037,0.05,2501,84.0,4.17943000793457,0.0001,52495
202,210168,86.84512066,1038,0.05,2502,84.0,7.1993513107299805,0.0001,52516
202,210252,86.86090469999999,1038,0.05,2503,84.0,0.303188294172287,0.0001,52537
202,210336,86.84885579,1039,0.05,2504,84.0,3.68117618560791,0.0001,52558
202,210420,86.87711818,1039,0.05,2505,84.0,3.5248146057128906,0.0001,52579
202,210504,86.86366216,1040,0.05,2506,84.0,6.879587173461914,0.0001,52600
202,210588,86.85375894,1040,0.05,2507,84.0,3.920854091644287,0.0001,52621
202,210672,86.84677629,1040,0.05,2508,84.0,0.1730242669582367,0.0001,52642
202,210756,86.86215531000002,1041,0.05,2509,84.0,0.34064367413520813,0.0001,52663
202,210840,86.86743378999999,1041,0.05,2510,84.0,0.19089367985725403,0.0001,52684
202,210924,86.86679717999999,1042,0.05,2511,84.0,0.22420352697372437,0.0001,52705
202,211008,86.89640073999999,1042,0.05,2512,84.0,3.7350013256073,0.0001,52726
202,211092,86.91338224,1043,0.05,2513,84.0,3.9553918838500977,0.0001,52747
202,211176,86.91770582000001,1043,0.05,2514,84.0,3.5669281482696533,0.0001,52768
202,211260,86.93042312000001,1043,0.05,2515,84.0,0.7327269315719604,0.0001,52789
202,211344,86.93472839,1044,0.05,2516,84.0,3.9594314098358154,0.0001,52810
202,211428,86.94707220000001,1044,0.05,2517,84.0,0.5349497199058533,0.0001,52831
202,211512,86.95338490999998,1045,0.05,2518,84.0,0.6540894508361816,0.0001,52852
202,211596,86.95158627999999,1045,0.05,2519,84.0,0.3562544584274292,0.0001,52873
202,211680,86.95294385999998,1046,0.05,2520,84.0,0.19256849586963654,0.0001,52894
202,211764,86.9486515,1046,0.05,2521,84.0,0.3856067955493927,0.0001,52915
202,211848,86.95495992000001,1046,0.05,2522,84.0,0.1867356300354004,0.0001,52936
202,211932,86.95622367,1047,0.05,2523,84.0,0.24270883202552795,0.0001,52957
202,212016,86.97264389,1047,0.05,2524,84.0,3.9254772663116455,0.0001,52978
202,212100,87.00155686,1048,0.05,2525,84.0,0.28146398067474365,0.0001,52999
202,212184,87.00832456,1048,0.05,2526,84.0,3.7199652194976807,0.0001,53020
202,212268,87.00273965000001,1049,0.05,2527,84.0,0.17949137091636658,0.0001,53041
202,212352,87.01989683000002,1049,0.05,2528,84.0,0.5834739208221436,0.0001,53062
202,212436,87.04304342000002,1050,0.05,2529,84.0,0.28920701146125793,0.0001,53083
202,212520,87.08609093,1050,0.05,2530,84.0,0.4298497438430786,0.0001,53104
202,212604,87.07116583999999,1051,0.05,2531,84.0,0.28016895055770874,0.0001,53125
202,212688,87.05362640999998,1051,0.05,2532,84.0,0.17759527266025543,0.0001,53146
202,212772,87.02694544999997,1051,0.05,2533,84.0,4.474977493286133,0.0001,53167
202,212856,87.02182293999998,1052,0.05,2534,84.0,3.874986410140991,0.0001,53188
202,212940,87.0308688,1052,0.05,2535,84.0,3.953737497329712,0.0001,53209
202,213024,87.04611418999998,1053,0.05,2536,84.0,0.19241219758987427,0.0001,53230
202,213108,87.04763578000002,1053,0.05,2537,84.0,0.08469071984291077,0.0001,53251
202,213192,87.03717959,1053,0.05,2538,84.0,0.3886318802833557,0.0001,53272
202,213276,87.03345812999999,1054,0.05,2539,84.0,0.5947407484054565,0.0001,53293
202,213360,87.02398505999997,1054,0.05,2540,84.0,3.819981098175049,0.0001,53314
202,213444,87.02070369999997,1055,0.05,2541,84.0,0.18466240167617798,0.0001,53335
202,213528,87.03548400999998,1055,0.05,2542,84.0,0.4142024517059326,0.0001,53356
202,213612,87.03887085999999,1055,0.05,2543,84.0,0.11631994694471359,0.0001,53377
202,213696,87.11530350999999,1056,0.05,2544,84.0,3.877436876296997,0.0001,53398
202,213780,87.12200082999998,1056,0.05,2545,84.0,3.902270793914795,0.0001,53419
202,213864,87.06274179,1057,0.05,2546,84.0,3.5249457359313965,0.0001,53440
202,213948,87.06336540999999,1057,0.05,2547,84.0,0.42906007170677185,0.0001,53461
202,214032,87.06048149999998,1057,0.05,2548,84.0,4.053772449493408,0.0001,53482
202,214116,87.04754295,1058,0.05,2549,84.0,0.413291871547699,0.0001,53503
202,214200,87.03116872999999,1058,0.05,2550,84.0,0.11196433007717133,0.0001,53524
202,214284,87.01939454,1059,0.05,2551,84.0,3.620673418045044,0.0001,53545
202,214368,87.01316062,1059,0.05,2552,84.0,0.5625090003013611,0.0001,53566
202,214452,87.03891883999997,1059,0.05,2553,84.0,3.6687674522399902,0.0001,53587
202,214536,87.03613433999999,1060,0.05,2554,84.0,0.3623616695404053,0.0001,53608
202,214620,87.04110741999999,1060,0.05,2555,84.0,0.12229227274656296,0.0001,53629
202,214704,87.03128421000001,1061,0.05,2556,84.0,0.30119556188583374,0.0001,53650
202,214788,86.94814281,1061,0.05,2557,84.0,3.362985849380493,0.0001,53671
202,214872,86.94579605999998,1062,0.05,2558,84.0,0.09953740239143372,0.0001,53692
202,214956,86.86494194,1062,0.05,2559,84.0,0.7062479257583618,0.0001,53713
202,215040,86.87084587,1062,0.05,2560,84.0,0.34988081455230713,0.0001,53734
202,215124,86.88859237000001,1063,0.05,2561,84.0,0.292881578207016,0.0001,53755
202,215208,86.82135824000001,1063,0.05,2562,84.0,3.620741844177246,0.0001,53776
202,215292,86.82418386,1064,0.05,2563,84.0,0.449242502450943,0.0001,53797
202,215376,86.82207511,1064,0.05,2564,84.0,3.6304876804351807,0.0001,53818
202,215460,86.80992402,1064,0.05,2565,84.0,0.17407259345054626,0.0001,53839
202,215544,86.76243132999998,1065,0.05,2566,84.0,0.08393438160419464,0.0001,53860
202,215628,86.75265993,1065,0.05,2567,84.0,0.12537053227424622,0.0001,53881
202,215712,86.71258249999997,1066,0.05,2568,84.0,3.7952513694763184,0.0001,53902
202,215796,86.72628194999997,1066,0.05,2569,84.0,0.4716028869152069,0.0001,53923
202,215880,86.76544578999997,1067,0.05,2570,84.0,0.33141547441482544,0.0001,53944
202,215964,86.69293311,1067,0.05,2571,84.0,0.19029021263122559,0.0001,53965
202,216048,86.70478414999998,1068,0.05,2572,84.0,0.20882026851177216,0.0001,53986
202,216132,86.72179025,1068,0.05,2573,84.0,4.2710137367248535,0.0001,54007
202,216216,86.64965846999999,1069,0.05,2574,84.0,0.0914013609290123,0.0001,54028
202,216300,86.63322363000002,1069,0.05,2575,84.0,0.13128836452960968,0.0001,54049
202,216384,86.66864149000001,1069,0.05,2576,84.0,7.248010635375977,0.0001,54070
202,216468,86.67773310999999,1070,0.05,2577,84.0,4.239320755004883,0.0001,54091
202,216552,86.66654733,1071,0.05,2578,84.0,0.13467739522457123,0.0001,54112
202,216636,86.6849491,1071,0.05,2579,84.0,3.592853307723999,0.0001,54133
202,216720,86.68571734,1071,0.05,2580,84.0,0.3718901574611664,0.0001,54154
202,216804,86.68524892,1072,0.05,2581,84.0,7.068747520446777,0.0001,54175
202,216888,86.69273254000001,1072,0.05,2582,84.0,10.800644874572754,0.0001,54196
202,216972,86.67295683,1073,0.05,2583,84.0,0.08378121256828308,0.0001,54217
202,217056,86.67406244999998,1073,0.05,2584,84.0,4.077292442321777,0.0001,54238
202,217140,86.68159685999998,1074,0.05,2585,84.0,3.64844012260437,0.0001,54259
202,217224,86.67525629,1075,0.05,2586,84.0,0.1693190634250641,0.0001,54280
202,217308,86.66449286,1075,0.05,2587,84.0,3.984070301055908,0.0001,54301
202,217392,86.66845134,1075,0.05,2588,84.0,0.08066902309656143,0.0001,54322
202,217476,86.65960512,1076,0.05,2589,84.0,0.6413102746009827,0.0001,54343
202,217560,86.65992333,1076,0.05,2590,84.0,0.21227610111236572,0.0001,54364
202,217644,86.63292516,1077,0.05,2591,84.0,0.43380236625671387,0.0001,54385
202,217728,86.66047619999999,1077,0.05,2592,84.0,0.14938342571258545,0.0001,54406
202,217812,86.66263007999999,1078,0.05,2593,84.0,0.08212770521640778,0.0001,54427
202,217896,86.61258932999999,1078,0.05,2594,84.0,0.13407054543495178,0.0001,54448
202,217980,86.59702614999998,1079,0.05,2595,84.0,0.5099631547927856,0.0001,54469
201,218064,86.58868966999998,1079,0.05,2596,84.0,0.8583014011383057,0.0001,54490
201,218148,86.55775616,1079,0.05,2597,84.0,3.3746490478515625,0.0001,54511
201,218232,86.56231022999998,1080,0.05,2598,84.0,0.14789021015167236,0.0001,54532
201,218316,86.56964079999997,1081,0.05,2599,84.0,3.482384204864502,0.0001,54553
201,218400,86.58195040000001,1081,0.05,2600,84.0,0.2568330764770508,0.0001,54574
201,218484,86.60131631000002,1081,0.05,2601,84.0,0.3337986469268799,0.0001,54595
201,218568,86.59743907000001,1082,0.05,2602,84.0,0.6348206996917725,0.0001,54616
201,218652,86.54643974000003,1082,0.05,2603,84.0,0.22233711183071136,0.0001,54637
201,218736,86.53226035000002,1083,0.05,2604,84.0,0.16253933310508728,0.0001,54658
201,218820,86.52169499,1083,0.05,2605,84.0,0.13627074658870697,0.0001,54679
201,218904,86.51225183000001,1084,0.05,2606,84.0,0.5668955445289612,0.0001,54700
201,218988,86.53446046999997,1084,0.05,2607,84.0,4.2401533126831055,0.0001,54721
201,219072,86.46270079,1085,0.05,2608,84.0,0.26107022166252136,0.0001,54742
201,219156,86.46089698000002,1085,0.05,2609,84.0,4.3237738609313965,0.0001,54763
201,219240,86.52739583,1086,0.05,2610,84.0,0.08416038751602173,0.0001,54784
201,219324,86.51177306000001,1086,0.05,2611,84.0,4.002619743347168,0.0001,54805
201,219408,86.52191424,1087,0.05,2612,84.0,0.41468560695648193,0.0001,54826
201,219492,86.51121689000001,1087,0.05,2613,84.0,0.19722501933574677,0.0001,54847
201,219576,86.51455954000001,1088,0.05,2614,84.0,0.45771777629852295,0.0001,54868
201,219660,86.50279911,1088,0.05,2615,84.0,0.2224794328212738,0.0001,54889
201,219744,86.50163609,1088,0.05,2616,84.0,0.433919221162796,0.0001,54910
201,219828,86.48391025000001,1089,0.05,2617,84.0,0.3374282121658325,0.0001,54931
201,219912,86.48402549000002,1089,0.05,2618,84.0,3.4199442863464355,0.0001,54952
201,219996,86.44870465000002,1090,0.05,2619,84.0,0.7199921607971191,0.0001,54973
201,220080,86.37544215,1090,0.05,2620,84.0,0.19820019602775574,0.0001,54994
201,220164,86.41439296000003,1091,0.05,2621,84.0,0.1235070750117302,0.0001,55015
201,220248,86.40958015,1091,0.05,2622,84.0,0.42274197936058044,0.0001,55036
201,220332,86.38974668000003,1092,0.05,2623,84.0,0.37569117546081543,0.0001,55057
201,220416,86.37520125,1092,0.05,2624,84.0,0.1940630078315735,0.0001,55078
201,220500,86.37803553000002,1092,0.05,2625,84.0,3.7714016437530518,0.0001,55099
201,220584,86.37921482000002,1093,0.05,2626,84.0,0.10530602186918259,0.0001,55120
201,220668,86.38031891,1093,0.05,2627,84.0,7.418215274810791,0.0001,55141
201,220752,86.36193955,1094,0.05,2628,84.0,0.601148784160614,0.0001,55162
201,220836,86.34399968,1094,0.05,2629,84.0,0.33403438329696655,0.0001,55183
201,220920,86.32211138000001,1095,0.05,2630,84.0,0.26974374055862427,0.0001,55204
201,221004,86.32597619000002,1095,0.05,2631,84.0,0.15303848683834076,0.0001,55225
201,221088,86.32859973000001,1096,0.05,2632,84.0,0.34417641162872314,0.0001,55246
201,221172,86.35672773999998,1096,0.05,2633,84.0,0.33639806509017944,0.0001,55267
201,221256,86.36726189999997,1097,0.05,2634,84.0,0.6849383115768433,0.0001,55288
201,221340,86.33863335999999,1097,0.05,2635,84.0,4.141518592834473,0.0001,55309
201,221424,86.32413303,1098,0.05,2636,84.0,0.5416920781135559,0.0001,55330
201,221508,86.2556243,1098,0.05,2637,84.0,0.17195343971252441,0.0001,55351
201,221592,86.26161546000002,1099,0.05,2638,84.0,0.18973204493522644,0.0001,55372
201,221676,86.25905761,1099,0.05,2639,84.0,4.385785102844238,0.0001,55393
201,221760,86.25863190999999,1100,0.05,2640,84.0,3.6403896808624268,0.0001,55414
201,221844,86.23112080000001,1100,0.05,2641,84.0,3.7942874431610107,0.0001,55435
201,221928,86.23216795999998,1100,0.05,2642,84.0,0.42876291275024414,0.0001,55456
201,222012,86.25293084,1101,0.05,2643,84.0,0.34717684984207153,0.0001,55477
201,222096,86.23384616,1101,0.05,2644,84.0,0.16483870148658752,0.0001,55498
201,222180,86.23119413,1102,0.05,2645,84.0,0.2177557647228241,0.0001,55519
201,222264,86.30080045000003,1102,0.05,2646,84.0,3.888913631439209,0.0001,55540
201,222348,86.29501542000001,1103,0.05,2647,84.0,0.21727769076824188,0.0001,55561
201,222432,86.26243816,1103,0.05,2648,84.0,0.15723496675491333,0.0001,55582
201,222516,86.27564744,1104,0.05,2649,84.0,0.21033965051174164,0.0001,55603
201,222600,86.28969883999999,1104,0.05,2650,84.0,0.3970143795013428,0.0001,55624
201,222684,86.28832472999999,1105,0.05,2651,84.0,0.10061946511268616,0.0001,55645
201,222768,86.27710413999999,1105,0.05,2652,84.0,0.7007176876068115,0.0001,55666
201,222852,86.29308160999999,1106,0.05,2653,84.0,0.2618832290172577,0.0001,55687
201,222936,86.29963131999999,1106,0.05,2654,84.0,0.4115697145462036,0.0001,55708
201,223020,86.29375506999999,1106,0.05,2655,84.0,0.3002922534942627,0.0001,55729
201,223104,86.28766027,1107,0.05,2656,84.0,3.69673228263855,0.0001,55750
201,223188,86.37641501999998,1108,0.05,2657,84.0,4.13194465637207,0.0001,55771
201,223272,86.38119879,1108,0.05,2658,84.0,3.820430278778076,0.0001,55792
201,223356,86.43873076000001,1108,0.05,2659,84.0,0.5688693523406982,0.0001,55813
201,223440,86.44492031000001,1109,0.05,2660,84.0,0.11707786470651627,0.0001,55834
201,223524,86.45367377000001,1109,0.05,2661,84.0,0.31994128227233887,0.0001,55855
201,223608,86.49286102,1110,0.05,2662,84.0,0.11147564649581909,0.0001,55876
201,223692,86.48492092999999,1111,0.05,2663,84.0,0.4470825791358948,0.0001,55897
201,223776,86.49028695000001,1111,0.05,2664,84.0,0.44026046991348267,0.0001,55918
201,223860,86.49158008999999,1111,0.05,2665,84.0,0.4864473342895508,0.0001,55939
201,223944,86.53613463000002,1112,0.05,2666,84.0,0.30314508080482483,0.0001,55960
201,224028,86.54348249000003,1112,0.05,2667,84.0,3.8584790229797363,0.0001,55981
201,224112,86.5754993,1113,0.05,2668,84.0,4.310555458068848,0.0001,56002
201,224196,86.56426794,1113,0.05,2669,84.0,0.21725839376449585,0.0001,56023
201,224280,86.55922056000001,1114,0.05,2670,84.0,0.1861654669046402,0.0001,56044
201,224364,86.59232523,1114,0.05,2671,84.0,0.44350510835647583,0.0001,56065
201,224448,86.58943553,1115,0.05,2672,84.0,0.09608501195907593,0.0001,56086
201,224532,86.59366994,1115,0.05,2673,84.0,0.12105105072259903,0.0001,56107
201,224616,86.66673316999999,1116,0.05,2674,84.0,0.43554556369781494,0.0001,56128
201,224700,86.65969015,1116,0.05,2675,84.0,0.25488734245300293,0.0001,56149
201,224784,86.66748207,1117,0.05,2676,84.0,0.3097322881221771,0.0001,56170
201,224868,86.66012371000001,1117,0.05,2677,84.0,0.15694937109947205,0.0001,56191
201,224952,86.67122136999998,1118,0.05,2678,84.0,0.7480601072311401,0.0001,56212
201,225036,86.66043391999997,1118,0.05,2679,84.0,7.214508056640625,0.0001,56233
201,225120,86.66634562999998,1118,0.05,2680,84.0,0.6365793943405151,0.0001,56254
201,225204,86.66307992999998,1119,0.05,2681,84.0,0.4947015345096588,0.0001,56275
201,225288,86.65213865,1119,0.05,2682,84.0,0.16280671954154968,0.0001,56296
201,225372,86.66063188,1120,0.05,2683,84.0,4.121919631958008,0.0001,56317
201,225456,86.65243479,1120,0.05,2684,84.0,4.06587028503418,0.0001,56338
201,225540,86.62691675,1121,0.05,2685,84.0,0.2186330258846283,0.0001,56359
201,225624,86.60186351,1121,0.05,2686,84.0,3.738919496536255,0.0001,56380
201,225708,86.59682984000001,1122,0.05,2687,84.0,0.20412178337574005,0.0001,56401
201,225792,86.61236312000003,1122,0.05,2688,84.0,0.3836058974266052,0.0001,56422
201,225876,86.61618773000002,1122,0.05,2689,84.0,0.563732922077179,0.0001,56443
201,225960,86.62084133000002,1123,0.05,2690,84.0,0.16955994069576263,0.0001,56464
201,226044,86.64974979000003,1123,0.05,2691,84.0,0.09898657351732254,0.0001,56485
201,226128,86.66168912000003,1124,0.05,2692,84.0,0.22377389669418335,0.0001,56506
201,226212,86.65798731999999,1124,0.05,2693,84.0,0.5193797945976257,0.0001,56527
201,226296,86.69620836,1125,0.05,2694,84.0,0.1420140266418457,0.0001,56548
201,226380,86.67896694999997,1125,0.05,2695,84.0,1.0460689067840576,0.0001,56569
201,226464,86.66107021999998,1126,0.05,2696,84.0,3.8160059452056885,0.0001,56590
201,226548,86.70402232999999,1126,0.05,2697,84.0,0.14522963762283325,0.0001,56611
201,226632,86.69993683999999,1126,0.05,2698,84.0,0.5343247056007385,0.0001,56632
201,226716,86.69523584999999,1127,0.05,2699,84.0,0.23887306451797485,0.0001,56653
201,226800,86.66017165999997,1127,0.05,2700,84.0,0.4538199007511139,0.0001,56674
201,226884,86.64263965999997,1128,0.05,2701,84.0,7.196036338806152,0.0001,56695
201,226968,86.62825779999997,1128,0.05,2702,84.0,0.12981753051280975,0.0001,56716
201,227052,86.66435293999997,1128,0.05,2703,84.0,0.2401546686887741,0.0001,56737
201,227136,86.69159656,1129,0.05,2704,84.0,0.37292566895484924,0.0001,56758
201,227220,86.67418803000001,1129,0.05,2705,84.0,0.3141009509563446,0.0001,56779
201,227304,86.68686479,1130,0.05,2706,84.0,4.126306533813477,0.0001,56800
201,227388,86.69602669000001,1130,0.05,2707,84.0,3.9139420986175537,0.0001,56821
201,227472,86.78256005000001,1131,0.05,2708,84.0,0.40998518466949463,0.0001,56842
201,227556,86.76249316000002,1131,0.05,2709,84.0,0.3714236915111542,0.0001,56863
201,227640,86.70747311999999,1131,0.05,2710,84.0,3.7028939723968506,0.0001,56884
201,227724,86.67983296,1132,0.05,2711,84.0,0.11055846512317657,0.0001,56905
201,227808,86.66988516,1132,0.05,2712,84.0,0.14015722274780273,0.0001,56926
201,227892,86.6249363,1133,0.05,2713,84.0,0.5409417152404785,0.0001,56947
201,227976,86.62497652999998,1133,0.05,2714,84.0,0.14275065064430237,0.0001,56968
201,228060,86.62880220999999,1133,0.05,2715,84.0,0.24937358498573303,0.0001,56989
201,228144,86.62790927999998,1134,0.05,2716,84.0,0.18182604014873505,0.0001,57010
201,228228,86.62951920999998,1134,0.05,2717,84.0,0.5668304562568665,0.0001,57031
201,228312,86.63564126,1135,0.05,2718,84.0,0.13945753872394562,0.0001,57052
201,228396,86.66069122999997,1135,0.05,2719,84.0,7.111414909362793,0.0001,57073
201,228480,86.73398006,1135,0.05,2720,84.0,7.1377668380737305,0.0001,57094
201,228564,86.71791852999999,1136,0.05,2721,84.0,4.662572860717773,0.0001,57115
201,228648,86.71538498,1136,0.05,2722,84.0,0.3024747967720032,0.0001,57136
201,228732,86.73339668,1137,0.05,2723,84.0,0.3511999547481537,0.0001,57157
201,228816,86.74891454,1137,0.05,2724,84.0,0.38467901945114136,0.0001,57178
201,228900,86.73142416,1138,0.05,2725,84.0,3.694275379180908,0.0001,57199
201,228984,86.73859975,1138,0.05,2726,84.0,0.18893884122371674,0.0001,57220
201,229068,86.71507549,1138,0.05,2727,84.0,0.10387169569730759,0.0001,57241
201,229152,86.72962437000004,1139,0.05,2728,84.0,0.07736256718635559,0.0001,57262
201,229236,86.73235515000002,1139,0.05,2729,84.0,3.9143781661987305,0.0001,57283
201,229320,86.75214705000002,1140,0.05,2730,84.0,0.3511478304862976,0.0001,57304
201,229404,86.73920415,1140,0.05,2731,84.0,0.44007307291030884,0.0001,57325
201,229488,86.74841171,1141,0.05,2732,84.0,0.1462554931640625,0.0001,57346
201,229572,86.68852287999998,1141,0.05,2733,84.0,0.35211557149887085,0.0001,57367
201,229656,86.65271658999997,1141,0.05,2734,84.0,7.082972526550293,0.0001,57388
201,229740,86.67517795999998,1142,0.05,2735,84.0,0.17000824213027954,0.0001,57409
201,229824,86.69007291,1142,0.05,2736,84.0,0.20438766479492188,0.0001,57430
201,229908,86.74022765,1143,0.05,2737,84.0,3.508331537246704,0.0001,57451
201,229992,86.74663203,1143,0.05,2738,84.0,3.5331547260284424,0.0001,57472
201,230076,86.75324486,1144,0.05,2739,84.0,0.11622298508882523,0.0001,57493
201,230160,86.68350597999999,1144,0.05,2740,84.0,0.26678577065467834,0.0001,57514
201,230244,86.71584320999999,1144,0.05,2741,84.0,0.3093211352825165,0.0001,57535
201,230328,86.70647620999998,1145,0.05,2742,84.0,0.4183865189552307,0.0001,57556
201,230412,86.69451799999999,1145,0.05,2743,84.0,3.9569571018218994,0.0001,57577
201,230496,86.70582138,1146,0.05,2744,84.0,11.413726806640625,0.0001,57598
201,230580,86.7107547,1146,0.05,2745,84.0,0.1491622030735016,0.0001,57619
201,230664,86.71220238999999,1146,0.05,2746,84.0,4.1902642250061035,0.0001,57640
201,230748,86.72984067999998,1147,0.05,2747,84.0,0.07028506696224213,0.0001,57661
201,230832,86.75800408999997,1147,0.05,2748,84.0,0.31789878010749817,0.0001,57682
201,230916,86.76859608999999,1148,0.05,2749,84.0,0.07765457034111023,0.0001,57703
201,231000,86.75737192000001,1148,0.05,2750,84.0,0.390545129776001,0.0001,57724
201,231084,86.66520332,1148,0.05,2751,84.0,0.5132685303688049,0.0001,57745
201,231168,86.69168874,1149,0.05,2752,84.0,0.6291953325271606,0.0001,57766
201,231252,86.69401357999999,1149,0.05,2753,84.0,4.094921588897705,0.0001,57787
201,231336,86.68491344,1150,0.05,2754,84.0,0.4123399257659912,0.0001,57808
201,231420,86.69868819999999,1150,0.05,2755,84.0,0.5049965381622314,0.0001,57829
201,231504,86.72685512,1150,0.05,2756,84.0,0.2953570783138275,0.0001,57850
201,231588,86.71672762999998,1151,0.05,2757,84.0,0.3904127776622772,0.0001,57871
201,231672,86.72907705,1151,0.05,2758,84.0,0.3932608962059021,0.0001,57892
201,231756,86.75044744,1152,0.05,2759,84.0,7.495894908905029,0.0001,57913
201,231840,86.74438372000003,1152,0.05,2760,84.0,3.8453729152679443,0.0001,57934
201,231924,86.74419707000001,1153,0.05,2761,84.0,3.826383113861084,0.0001,57955
201,232008,86.74524122000001,1153,0.05,2762,84.0,3.512315511703491,0.0001,57976
201,232092,86.73083511,1153,0.05,2763,84.0,0.3031560778617859,0.0001,57997
201,232176,86.72876032,1154,0.05,2764,84.0,3.7076704502105713,0.0001,58018
201,232260,86.75411022,1154,0.05,2765,84.0,0.3967602849006653,0.0001,58039
201,232344,86.76136219,1155,0.05,2766,84.0,0.24949711561203003,0.0001,58060
201,232428,86.76014076,1155,0.05,2767,84.0,3.7229065895080566,0.0001,58081
201,232512,86.76222186,1155,0.05,2768,84.0,0.35950523614883423,0.0001,58102
201,232596,86.70693106,1156,0.05,2769,84.0,3.673555850982666,0.0001,58123
201,232680,86.69970231,1156,0.05,2770,84.0,0.24893397092819214,0.0001,58144
201,232764,86.73424656000002,1157,0.05,2771,84.0,0.09614908695220947,0.0001,58165
201,232848,86.70410876000001,1157,0.05,2772,84.0,0.4685007631778717,0.0001,58186
201,232932,86.69150155999999,1158,0.05,2773,84.0,0.14975616335868835,0.0001,58207
201,233016,86.68551636000001,1158,0.05,2774,84.0,0.23689165711402893,0.0001,58228
201,233100,86.68286961,1159,0.05,2775,84.0,0.3614307940006256,0.0001,58249
201,233184,86.66503954,1159,0.05,2776,84.0,0.18342992663383484,0.0001,58270
201,233268,86.66142135,1159,0.05,2777,84.0,0.20514237880706787,0.0001,58291
201,233352,86.66922197,1160,0.05,2778,84.0,0.32819604873657227,0.0001,58312
201,233436,86.67739630000001,1160,0.05,2779,84.0,0.7355959415435791,0.0001,58333
201,233520,86.67896228,1161,0.05,2780,84.0,3.664583206176758,0.0001,58354
201,233604,86.68090036,1161,0.05,2781,84.0,0.342970609664917,0.0001,58375
201,233688,86.68874925,1161,0.05,2782,84.0,0.5456929206848145,0.0001,58396
201,233772,86.69061626999999,1162,0.05,2783,84.0,0.5322890281677246,0.0001,58417
201,233856,86.70497676,1162,0.05,2784,84.0,0.4617692530155182,0.0001,58438
201,233940,86.71304315999998,1163,0.05,2785,84.0,0.3371312916278839,0.0001,58459
201,234024,86.75442486999998,1163,0.05,2786,84.0,0.08755625039339066,0.0001,58480
201,234108,86.69768409,1163,0.05,2787,84.0,0.34075993299484253,0.0001,58501
201,234192,86.68658213999998,1164,0.05,2788,84.0,0.7715636491775513,0.0001,58522
201,234276,86.68509056,1164,0.05,2789,84.0,4.12522029876709,0.0001,58543
201,234360,86.68454615,1164,0.05,2790,84.0,0.16506624221801758,0.0001,58564
201,234444,86.68031391000001,1165,0.05,2791,84.0,0.21843066811561584,0.0001,58585
201,234528,86.69857672,1165,0.05,2792,84.0,0.7619185447692871,0.0001,58606
201,234612,86.7006475,1166,0.05,2793,84.0,0.10113371908664703,0.0001,58627
201,234696,86.70674822000001,1166,0.05,2794,84.0,0.15683522820472717,0.0001,58648
201,234780,86.73441887000001,1167,0.05,2795,84.0,7.381343841552734,0.0001,58669
201,234864,86.76617187000002,1167,0.05,2796,84.0,0.23967182636260986,0.0001,58690
201,234948,86.76730332999999,1167,0.05,2797,84.0,0.536824643611908,0.0001,58711
201,235032,86.77141628,1168,0.05,2798,84.0,0.14100022614002228,0.0001,58732
201,235116,86.77209821000001,1168,0.05,2799,84.0,0.6132948994636536,0.0001,58753
201,235200,86.80274478000001,1169,0.05,2800,84.0,3.944145441055298,0.0001,58774
201,235284,86.81706688,1169,0.05,2801,84.0,0.31421852111816406,0.0001,58795
201,235368,86.82939819,1170,0.05,2802,84.0,0.4263036251068115,0.0001,58816
201,235452,86.80778421999999,1170,0.05,2803,84.0,3.7250258922576904,0.0001,58837
201,235536,86.82714715999998,1171,0.05,2804,84.0,3.6257483959198,0.0001,58858
201,235620,86.8572695,1171,0.05,2805,84.0,0.14892156422138214,0.0001,58879
201,235704,86.85663249999999,1172,0.05,2806,84.0,0.5585824251174927,0.0001,58900
201,235788,86.85246932999999,1172,0.05,2807,84.0,0.581038773059845,0.0001,58921
201,235872,86.83605677,1172,0.05,2808,84.0,0.16888859868049622,0.0001,58942
201,235956,86.85579331,1173,0.05,2809,84.0,0.1727716028690338,0.0001,58963
201,236040,86.92449973,1173,0.05,2810,84.0,0.541961133480072,0.0001,58984
201,236124,86.97088529999999,1174,0.05,2811,84.0,3.6286070346832275,0.0001,59005
201,236208,86.96563924,1174,0.05,2812,84.0,3.8162405490875244,0.0001,59026
201,236292,87.00649350999998,1174,0.05,2813,84.0,4.0586724281311035,0.0001,59047
201,236376,87.00697994999999,1175,0.05,2814,84.0,3.6577937602996826,0.0001,59068
201,236460,86.99315211000001,1175,0.05,2815,84.0,0.44189324975013733,0.0001,59089
201,236544,86.99236162999999,1176,0.05,2816,84.0,0.3732020854949951,0.0001,59110
201,236628,86.99722196,1176,0.05,2817,84.0,0.3002939224243164,0.0001,59131
201,236712,86.99621016,1176,0.05,2818,84.0,0.48342761397361755,0.0001,59152
201,236796,87.00282968000002,1177,0.05,2819,84.0,0.17240959405899048,0.0001,59173
201,236880,87.0160922,1177,0.05,2820,84.0,3.6807570457458496,0.0001,59194
201,236964,87.04060222,1178,0.05,2821,84.0,7.268470764160156,0.0001,59215
201,237048,87.03619728000001,1178,0.05,2822,84.0,3.606581449508667,0.0001,59236
201,237132,87.03837545,1179,0.05,2823,84.0,3.8665008544921875,0.0001,59257
201,237216,87.02911502,1179,0.05,2824,84.0,0.10776764154434204,0.0001,59278
201,237300,87.03442713,1180,0.05,2825,84.0,0.37090298533439636,0.0001,59299
201,237384,87.01929973000001,1180,0.05,2826,84.0,0.1300949901342392,0.0001,59320
201,237468,87.05250948000001,1181,0.05,2827,84.0,0.12480379641056061,0.0001,59341
201,237552,87.05635638000001,1181,0.05,2828,84.0,3.613231897354126,0.0001,59362
201,237636,87.0442878,1181,0.05,2829,84.0,3.7443466186523438,0.0001,59383
201,237720,87.01958771999998,1182,0.05,2830,84.0,0.3183528184890747,0.0001,59404
201,237804,87.03797437999998,1182,0.05,2831,84.0,10.958730697631836,0.0001,59425
201,237888,87.03339600999999,1183,0.05,2832,84.0,0.2695768475532532,0.0001,59446
201,237972,87.08923544000001,1183,0.05,2833,84.0,0.060859762132167816,0.0001,59467
201,238056,87.11611997,1184,0.05,2834,84.0,0.3622477054595947,0.0001,59488
201,238140,87.11684271999998,1184,0.05,2835,84.0,0.17086875438690186,0.0001,59509
201,238224,87.09742039000001,1184,0.05,2836,84.0,0.5548629760742188,0.0001,59530
201,238308,87.1065776,1185,0.05,2837,84.0,0.5544816255569458,0.0001,59551
201,238392,87.09538429000003,1185,0.05,2838,84.0,3.9033987522125244,0.0001,59572
201,238476,87.09460114000004,1186,0.05,2839,84.0,3.673866033554077,0.0001,59593
200,238560,87.17143483000001,1186,0.05,2840,84.0,0.171285480260849,0.0001,59614
200,238644,87.18049981,1187,0.05,2841,84.0,0.10725508630275726,0.0001,59635
200,238728,87.17448257,1187,0.05,2842,84.0,0.11266441643238068,0.0001,59656
200,238812,87.16434194000001,1188,0.05,2843,84.0,0.19946052134037018,0.0001,59677
200,238896,87.15598714000002,1188,0.05,2844,84.0,3.8870692253112793,0.0001,59698
200,238980,87.15387906000002,1189,0.05,2845,84.0,0.5288624167442322,0.0001,59719
200,239064,87.13885827999998,1189,0.05,2846,84.0,4.309783458709717,0.0001,59740
200,239148,87.12578882,1190,0.05,2847,84.0,3.755971908569336,0.0001,59761
200,239232,87.14053201,1190,0.05,2848,84.0,0.2054799646139145,0.0001,59782
200,239316,87.13116303000001,1191,0.05,2849,84.0,7.7591142654418945,0.0001,59803
200,239400,87.13218072,1191,0.05,2850,84.0,0.42284536361694336,0.0001,59824
200,239484,87.20699391,1191,0.05,2851,84.0,0.09528905898332596,0.0001,59845
200,239568,87.19435055,1192,0.05,2852,84.0,0.37375208735466003,0.0001,59866
200,239652,87.18606227000001,1192,0.05,2853,84.0,0.7002873420715332,0.0001,59887
200,239736,87.19404354999999,1193,0.05,2854,84.0,0.3657858669757843,0.0001,59908
200,239820,87.1827493,1193,0.05,2855,84.0,0.1411021649837494,0.0001,59929
200,239904,87.16656230999999,1193,0.05,2856,84.0,0.3286901116371155,0.0001,59950
200,239988,87.17184028999998,1194,0.05,2857,84.0,0.16004879772663116,0.0001,59971
200,240072,87.16450642999999,1194,0.05,2858,84.0,0.12823434174060822,0.0001,59992
200,240156,87.17160632999997,1195,0.05,2859,84.0,0.34901776909828186,0.0001,60013
200,240240,87.17571598999997,1195,0.05,2860,84.0,3.8421292304992676,0.0001,60034
200,240324,87.16830373999997,1195,0.05,2861,84.0,0.2314533293247223,0.0001,60055
200,240408,87.20088422999997,1196,0.05,2862,84.0,4.497382640838623,0.0001,60076
200,240492,87.20585677,1196,0.05,2863,84.0,0.31526440382003784,0.0001,60097
200,240576,87.20212821,1197,0.05,2864,84.0,0.3102940618991852,0.0001,60118
200,240660,87.18140758999998,1197,0.05,2865,84.0,0.42085564136505127,0.0001,60139
200,240744,87.18284295,1197,0.05,2866,84.0,0.3593834638595581,0.0001,60160
200,240828,87.19323551,1198,0.05,2867,84.0,0.21516914665699005,0.0001,60181
200,240912,87.18164993999999,1198,0.05,2868,84.0,3.8448078632354736,0.0001,60202
200,240996,87.24434061,1199,0.05,2869,84.0,3.659921646118164,0.0001,60223
200,241080,87.25961358,1199,0.05,2870,84.0,0.49157461524009705,0.0001,60244
200,241164,87.25705051000001,1200,0.05,2871,84.0,3.6703526973724365,0.0001,60265
200,241248,87.28697872999999,1200,0.05,2872,84.0,0.3276131749153137,0.0001,60286
200,241332,87.29719791,1201,0.05,2873,84.0,0.577853798866272,0.0001,60307
200,241416,87.30970029999999,1201,0.05,2874,84.0,7.86053466796875,0.0001,60328
200,241500,87.31560307,1202,0.05,2875,84.0,0.33993667364120483,0.0001,60349
200,241584,87.33454244999997,1202,0.05,2876,84.0,0.1125088483095169,0.0001,60370
200,241668,87.34199928999996,1203,0.05,2877,84.0,0.3889794647693634,0.0001,60391
200,241752,87.30677597999998,1203,0.05,2878,84.0,0.28602102398872375,0.0001,60412
200,241836,87.31964708999998,1204,0.05,2879,84.0,0.36847636103630066,0.0001,60433
200,241920,87.32580029999997,1204,0.05,2880,84.0,0.12346716225147247,0.0001,60454
200,242004,87.32138679999998,1204,0.05,2881,84.0,0.3427801728248596,0.0001,60475
200,242088,87.29942886999999,1205,0.05,2882,84.0,4.1654181480407715,0.0001,60496
200,242172,87.30378713,1205,0.05,2883,84.0,4.001855850219727,0.0001,60517
200,242256,87.29385588000001,1206,0.05,2884,84.0,0.3534330725669861,0.0001,60538
200,242340,87.30818312,1206,0.05,2885,84.0,7.663146495819092,0.0001,60559
200,242424,87.27584919000003,1206,0.05,2886,84.0,0.07421033084392548,0.0001,60580
200,242508,87.34505967999999,1207,0.05,2887,84.0,0.16269496083259583,0.0001,60601
200,242592,87.35027398,1207,0.05,2888,84.0,14.837358474731445,0.0001,60622
200,242676,87.35446966999999,1208,0.05,2889,84.0,11.610892295837402,0.0001,60643
200,242760,87.31222009999999,1208,0.05,2890,84.0,0.13180340826511383,0.0001,60664
200,242844,87.31733929999999,1208,0.05,2891,84.0,3.720041036605835,0.0001,60685
200,242928,87.30665370999999,1209,0.05,2892,84.0,4.0705060958862305,0.0001,60706
200,243012,87.30936199,1209,0.05,2893,84.0,0.12625592947006226,0.0001,60727
200,243096,87.29872592,1209,0.05,2894,84.0,0.18508434295654297,0.0001,60748
200,243180,87.29136202,1210,0.05,2895,84.0,4.284891128540039,0.0001,60769
200,243264,87.26914495,1210,0.05,2896,84.0,7.601736068725586,0.0001,60790
200,243348,87.26687849,1211,0.05,2897,84.0,0.3302604854106903,0.0001,60811
200,243432,87.26613565000001,1211,0.05,2898,84.0,0.5725212693214417,0.0001,60832
200,243516,87.27116444,1212,0.05,2899,84.0,0.3342963457107544,0.0001,60853
200,243600,87.21178441,1212,0.05,2900,84.0,0.16934087872505188,0.0001,60874
200,243684,87.16783958,1212,0.05,2901,84.0,0.17846152186393738,0.0001,60895
200,243768,87.17473974,1213,0.05,2902,84.0,0.08108901977539062,0.0001,60916
200,243852,87.20564104999998,1213,0.05,2903,84.0,0.20821136236190796,0.0001,60937
200,243936,87.07842843,1213,0.05,2904,84.0,0.3687713146209717,0.0001,60958
200,244020,87.04737897000001,1214,0.05,2905,84.0,0.1793125867843628,0.0001,60979
200,244104,87.05747202,1214,0.05,2906,84.0,0.09215918183326721,0.0001,61000
200,244188,87.04799389000001,1215,0.05,2907,84.0,3.8863024711608887,0.0001,61021
200,244272,87.05505998000001,1215,0.05,2908,84.0,0.3617454767227173,0.0001,61042
200,244356,87.05213999000001,1216,0.05,2909,84.0,0.38026103377342224,0.0001,61063
200,244440,87.04239206000003,1216,0.05,2910,84.0,0.2609553039073944,0.0001,61084
200,244524,87.02236068,1216,0.05,2911,84.0,0.30802667140960693,0.0001,61105
200,244608,87.04091263000002,1217,0.05,2912,84.0,0.04873702675104141,0.0001,61126
200,244692,87.04039853999998,1217,0.05,2913,84.0,0.15307626128196716,0.0001,61147
200,244776,87.04657507,1217,0.05,2914,84.0,0.49148720502853394,0.0001,61168
200,244860,87.05685497999997,1218,0.05,2915,84.0,4.231573581695557,0.0001,61189
200,244944,87.06050749999999,1218,0.05,2916,84.0,3.650118112564087,0.0001,61210
200,245028,87.0565226,1219,0.05,2917,84.0,0.57612144947052,0.0001,61231
200,245112,87.06079705000002,1219,0.05,2918,84.0,3.8725786209106445,0.0001,61252
200,245196,87.06350631000001,1219,0.05,2919,84.0,0.10401129722595215,0.0001,61273
201,245280,87.04888812000003,1220,0.05,2920,84.0,3.974994659423828,0.0001,61294
201,245364,87.05362998000001,1220,0.05,2921,84.0,0.20617811381816864,0.0001,61315
201,245448,87.06422318000003,1221,0.05,2922,84.0,0.8041480183601379,0.0001,61336
200,245532,87.06518089000002,1221,0.05,2923,84.0,4.221794128417969,0.0001,61357
200,245616,87.05722578000001,1221,0.05,2924,84.0,0.40489497780799866,0.0001,61378
201,245700,87.06464329,1222,0.05,2925,84.0,0.6088866591453552,0.0001,61399
201,245784,87.07808284000002,1222,0.05,2926,84.0,0.06730174273252487,0.0001,61420
201,245868,87.050301,1223,0.05,2927,84.0,0.5173050165176392,0.0001,61441
201,245952,86.99919874000001,1223,0.05,2928,84.0,0.48054206371307373,0.0001,61462
201,246036,87.00813991000001,1223,0.05,2929,84.0,4.0457634925842285,0.0001,61483
201,246120,87.03585223,1224,0.05,2930,84.0,3.6844732761383057,0.0001,61504
201,246204,87.03353483000001,1224,0.05,2931,84.0,0.4141068160533905,0.0001,61525
201,246288,87.01750162,1225,0.05,2932,84.0,4.0120344161987305,0.0001,61546
201,246372,87.02027460000001,1225,0.05,2933,84.0,7.923191547393799,0.0001,61567
201,246456,87.02387951,1225,0.05,2934,84.0,3.6859047412872314,0.0001,61588
201,246540,87.04677328,1226,0.05,2935,84.0,0.11796113848686218,0.0001,61609
201,246624,87.00131037,1226,0.05,2936,84.0,7.633301734924316,0.0001,61630
201,246708,87.00651907000001,1227,0.05,2937,84.0,3.8442611694335938,0.0001,61651
201,246792,87.01758621000003,1227,0.05,2938,84.0,0.4233471751213074,0.0001,61672
201,246876,87.01521607000002,1227,0.05,2939,84.0,3.548661470413208,0.0001,61693
201,246960,86.99299001000001,1228,0.05,2940,84.0,0.36170947551727295,0.0001,61714
201,247044,86.99055239,1228,0.05,2941,84.0,3.8903636932373047,0.0001,61735
201,247128,86.98561690000001,1228,0.05,2942,84.0,0.24767141044139862,0.0001,61756
201,247212,86.94376017,1229,0.05,2943,84.0,3.9760615825653076,0.0001,61777
201,247296,86.94348984999999,1229,0.05,2944,84.0,0.6283325552940369,0.0001,61798
201,247380,86.95103340999998,1230,0.05,2945,84.0,0.15459561347961426,0.0001,61819
201,247464,86.96927117999999,1230,0.05,2946,84.0,0.5428450703620911,0.0001,61840
201,247548,86.98428285999998,1231,0.05,2947,84.0,3.9381983280181885,0.0001,61861
201,247632,86.98028963,1231,0.05,2948,84.0,0.7569293975830078,0.0001,61882
201,247716,86.98303904000001,1231,0.05,2949,84.0,0.13830111920833588,0.0001,61903
201,247800,86.98957894000002,1232,0.05,2950,84.0,0.5854008793830872,0.0001,61924
201,247884,87.01673651000002,1232,0.05,2951,84.0,4.247019290924072,0.0001,61945
201,247968,87.01538481,1233,0.05,2952,84.0,0.2548922896385193,0.0001,61966
201,248052,87.00977165999998,1233,0.05,2953,84.0,3.8730056285858154,0.0001,61987
201,248136,87.00833062,1233,0.05,2954,84.0,3.7462549209594727,0.0001,62008
201,248220,86.99625380000002,1234,0.05,2955,84.0,0.4011079668998718,0.0001,62029
201,248304,87.00502146000001,1234,0.05,2956,84.0,3.8323774337768555,0.0001,62050
201,248388,86.99849280000001,1235,0.05,2957,84.0,11.005306243896484,0.0001,62071
201,248472,87.00242882999999,1235,0.05,2958,84.0,0.12563881278038025,0.0001,62092
201,248556,86.98931413,1235,0.05,2959,84.0,0.3114306330680847,0.0001,62113
201,248640,86.99067135,1236,0.05,2960,84.0,0.23987789452075958,0.0001,62134
201,248724,86.99251141,1236,0.05,2961,84.0,4.3999223709106445,0.0001,62155
201,248808,86.94703109000002,1237,0.05,2962,84.0,0.44365376234054565,0.0001,62176
201,248892,86.95058926,1237,0.05,2963,84.0,0.6034232974052429,0.0001,62197
201,248976,86.9524826,1237,0.05,2964,84.0,4.306760787963867,0.0001,62218
201,249060,86.94742738999999,1238,0.05,2965,84.0,0.5848110318183899,0.0001,62239
201,249144,86.93686315999999,1238,0.05,2966,84.0,3.9201574325561523,0.0001,62260
201,249228,86.92894376999999,1239,0.05,2967,84.0,0.12344683706760406,0.0001,62281
201,249312,86.93949774,1239,0.05,2968,84.0,0.6389392018318176,0.0001,62302
201,249396,86.93678177999999,1240,0.05,2969,84.0,3.7438576221466064,0.0001,62323
201,249480,86.92817484999998,1240,0.05,2970,84.0,0.09649694710969925,0.0001,62344
201,249564,86.93785033999998,1240,0.05,2971,84.0,3.63804292678833,0.0001,62365
201,249648,86.93388707999999,1241,0.05,2972,84.0,3.5982985496520996,0.0001,62386
201,249732,86.91209602999999,1241,0.05,2973,84.0,0.13110187649726868,0.0001,62407
201,249816,86.92311382,1242,0.05,2974,84.0,0.3660997748374939,0.0001,62428
201,249900,86.93210842000002,1242,0.05,2975,84.0,7.144000053405762,0.0001,62449
201,249984,86.91710849,1243,0.05,2976,84.0,3.705312490463257,0.0001,62470
201,250068,86.9144977,1243,0.05,2977,84.0,0.4896843433380127,0.0001,62491
201,250152,86.95302962999999,1244,0.05,2978,84.0,3.729161024093628,0.0001,62512
201,250236,86.95647198999997,1244,0.05,2979,84.0,4.226546764373779,0.0001,62533
201,250320,86.96132421,1244,0.05,2980,84.0,0.5162957906723022,0.0001,62554
201,250404,86.97044372,1245,0.05,2981,84.0,0.47746777534484863,0.0001,62575
201,250488,86.99486561000002,1245,0.05,2982,84.0,0.41587650775909424,0.0001,62596
201,250572,86.99978418000002,1246,0.05,2983,84.0,0.1692526638507843,0.0001,62617
201,250656,87.01108093000002,1246,0.05,2984,84.0,7.333862781524658,0.0001,62638
201,250740,86.99994526000002,1247,0.05,2985,84.0,0.5669783353805542,0.0001,62659
201,250824,87.03157471000004,1247,0.05,2986,84.0,0.8349428176879883,0.0001,62680
201,250908,86.99058769000001,1247,0.05,2987,84.0,0.3508252501487732,0.0001,62701
201,250992,86.98534508,1248,0.05,2988,84.0,0.1783454716205597,0.0001,62722
201,251076,86.98733352,1248,0.05,2989,84.0,0.3330579996109009,0.0001,62743
201,251160,87.02078689000001,1249,0.05,2990,84.0,3.870185136795044,0.0001,62764
201,251244,87.01462354000002,1249,0.05,2991,84.0,4.112185478210449,0.0001,62785
201,251328,87.01100647000003,1250,0.05,2992,84.0,0.19927188754081726,0.0001,62806
201,251412,87.00179166000002,1250,0.05,2993,84.0,11.485981941223145,0.0001,62827
201,251496,87.00775693000001,1251,0.05,2994,84.0,0.24195675551891327,0.0001,62848
201,251580,87.02155713,1251,0.05,2995,84.0,0.18839508295059204,0.0001,62869
201,251664,87.03573889,1251,0.05,2996,84.0,0.41173073649406433,0.0001,62890
201,251748,87.04363698000002,1252,0.05,2997,84.0,0.08652666956186295,0.0001,62911
201,251832,87.01487182000001,1252,0.05,2998,84.0,0.3802345097064972,0.0001,62932
201,251916,87.01564228000001,1253,0.05,2999,84.0,0.4452953636646271,0.0001,62953
201,252000,87.04470693000002,1253,0.05,3000,84.0,0.2192005068063736,0.0001,62974
201,252084,87.07868291999999,1254,0.05,3001,84.0,4.579164981842041,0.0001,62995
201,252168,87.07390237999999,1254,0.05,3002,84.0,3.7699697017669678,0.0001,63016
200,252252,87.06378838999998,1255,0.05,3003,84.0,0.31435519456863403,0.0001,63037
200,252336,87.17510572,1255,0.05,3004,84.0,0.5787642002105713,0.0001,63058
200,252420,87.18443405,1256,0.05,3005,84.0,0.5724818110466003,0.0001,63079
200,252504,87.18606161,1256,0.05,3006,84.0,4.022641658782959,0.0001,63100
200,252588,87.19380482999999,1257,0.05,3007,84.0,0.6995320916175842,0.0001,63121
200,252672,87.19954084,1257,0.05,3008,84.0,0.5449110269546509,0.0001,63142
200,252756,87.19145284999999,1258,0.05,3009,84.0,0.19287367165088654,0.0001,63163
200,252840,87.19858900999999,1258,0.05,3010,84.0,0.5592652559280396,0.0001,63184
200,252924,87.20491116,1258,0.05,3011,84.0,0.3584272265434265,0.0001,63205
200,253008,87.20094988999999,1259,0.05,3012,84.0,0.12262482941150665,0.0001,63226
200,253092,87.21355162999998,1259,0.05,3013,84.0,4.073077201843262,0.0001,63247
200,253176,87.20367364999998,1259,0.05,3014,84.0,0.17875251173973083,0.0001,63268
200,253260,87.21347606,1260,0.05,3015,84.0,3.912611722946167,0.0001,63289
200,253344,87.21652091,1260,0.05,3016,84.0,0.16807523369789124,0.0001,63310
200,253428,87.21294680999999,1261,0.05,3017,84.0,0.1725298911333084,0.0001,63331
200,253512,87.20309672000002,1261,0.05,3018,84.0,0.28753119707107544,0.0001,63352
200,253596,87.20295679,1262,0.05,3019,84.0,0.09697367995977402,0.0001,63373
200,253680,87.20275235999999,1262,0.05,3020,84.0,3.8844876289367676,0.0001,63394
200,253764,87.19521232999999,1263,0.05,3021,84.0,4.13042688369751,0.0001,63415
200,253848,87.20441148,1263,0.05,3022,84.0,4.160212993621826,0.0001,63436
200,253932,87.20915997999998,1264,0.05,3023,84.0,0.1386733502149582,0.0001,63457
200,254016,87.2165827,1264,0.05,3024,84.0,0.11894053965806961,0.0001,63478
200,254100,87.22842277,1265,0.05,3025,84.0,3.8357808589935303,0.0001,63499
200,254184,87.22418113000002,1265,0.05,3026,84.0,0.7874494791030884,0.0001,63520
200,254268,87.25001852,1265,0.05,3027,84.0,0.18108320236206055,0.0001,63541
200,254352,87.29213994,1266,0.05,3028,84.0,0.39049088954925537,0.0001,63562
200,254436,87.29005995000001,1266,0.05,3029,84.0,3.811786651611328,0.0001,63583
200,254520,87.30091808000002,1267,0.05,3030,84.0,0.11689593642950058,0.0001,63604
200,254604,87.29418508999998,1267,0.05,3031,84.0,0.36808693408966064,0.0001,63625
200,254688,87.31620709,1267,0.05,3032,84.0,0.4770370423793793,0.0001,63646
200,254772,87.31686641,1268,0.05,3033,84.0,0.5055549740791321,0.0001,63667
200,254856,87.30200366,1268,0.05,3034,84.0,0.15917566418647766,0.0001,63688
200,254940,87.27121097999999,1269,0.05,3035,84.0,0.0799090713262558,0.0001,63709
200,255024,87.32287962000001,1269,0.05,3036,84.0,7.380866050720215,0.0001,63730
200,255108,87.32395847000002,1269,0.05,3037,84.0,0.39651310443878174,0.0001,63751
200,255192,87.32012808000002,1270,0.05,3038,84.0,8.134316444396973,0.0001,63772
200,255276,87.3285614,1270,0.05,3039,84.0,0.11164610087871552,0.0001,63793
200,255360,87.35155866000001,1271,0.05,3040,84.0,0.12474547326564789,0.0001,63814
200,255444,87.31786963,1271,0.05,3041,84.0,7.348570346832275,0.0001,63835
200,255528,87.32086092000002,1271,0.05,3042,84.0,7.450348854064941,0.0001,63856
200,255612,87.34392149000001,1272,0.05,3043,84.0,7.649871826171875,0.0001,63877
200,255696,87.34473917,1272,0.05,3044,84.0,4.542914390563965,0.0001,63898
200,255780,87.33208235000002,1273,0.05,3045,84.0,4.003446578979492,0.0001,63919
200,255864,87.31729502,1273,0.05,3046,84.0,0.39493152499198914,0.0001,63940
200,255948,87.30728278000001,1273,0.05,3047,84.0,3.6769485473632812,0.0001,63961
200,256032,87.28401463,1274,0.05,3048,84.0,4.395547389984131,0.0001,63982
200,256116,87.28611819000001,1274,0.05,3049,84.0,4.044345378875732,0.0001,64003
200,256200,87.29735548000001,1275,0.05,3050,84.0,0.3872465491294861,0.0001,64024
200,256284,87.29687262000002,1275,0.05,3051,84.0,3.641723871231079,0.0001,64045
200,256368,87.29269875000001,1275,0.05,3052,84.0,0.28815144300460815,0.0001,64066
200,256452,87.29884425,1276,0.05,3053,84.0,0.34168124198913574,0.0001,64087
200,256536,87.2941991,1276,0.05,3054,84.0,0.46379077434539795,0.0001,64108
200,256620,87.30617807,1277,0.05,3055,84.0,4.130772590637207,0.0001,64129
200,256704,87.31663463000001,1277,0.05,3056,84.0,0.11054757237434387,0.0001,64150
200,256788,87.31485969,1277,0.05,3057,84.0,0.08101096749305725,0.0001,64171
200,256872,87.29479744,1278,0.05,3058,84.0,0.30463898181915283,0.0001,64192
200,256956,87.28976055,1278,0.05,3059,84.0,0.1824738085269928,0.0001,64213
200,257040,87.28314945999999,1279,0.05,3060,84.0,0.14223411679267883,0.0001,64234
200,257124,87.27186507999998,1279,0.05,3061,84.0,4.505725383758545,0.0001,64255
200,257208,87.29978045999998,1279,0.05,3062,84.0,0.133812814950943,0.0001,64276
200,257292,87.30019112999999,1280,0.05,3063,84.0,3.9903526306152344,0.0001,64297
200,257376,87.32146716999999,1280,0.05,3064,84.0,0.11324623227119446,0.0001,64318
200,257460,87.30611010999999,1281,0.05,3065,84.0,4.150707244873047,0.0001,64339
200,257544,87.32630032000002,1281,0.05,3066,84.0,0.40218254923820496,0.0001,64360
200,257628,87.32937862,1282,0.05,3067,84.0,0.3738676607608795,0.0001,64381
200,257712,87.32823280000001,1282,0.05,3068,84.0,0.4755348563194275,0.0001,64402
200,257796,87.33466165000002,1283,0.05,3069,84.0,4.273022174835205,0.0001,64423
200,257880,87.32943667000004,1283,0.05,3070,84.0,3.6989586353302,0.0001,64444
200,257964,87.32482212000002,1283,0.05,3071,84.0,0.557075560092926,0.0001,64465
200,258048,87.32045797,1284,0.05,3072,84.0,4.497554779052734,0.0001,64486
200,258132,87.33362498000001,1284,0.05,3073,84.0,3.831279993057251,0.0001,64507
200,258216,87.32811572000003,1285,0.05,3074,84.0,0.15395736694335938,0.0001,64528
200,258300,87.33768776000001,1285,0.05,3075,84.0,0.388852596282959,0.0001,64549
200,258384,87.33716993000002,1286,0.05,3076,84.0,0.3053353428840637,0.0001,64570
200,258468,87.32110694,1286,0.05,3077,84.0,0.558140754699707,0.0001,64591
200,258552,87.27332004000002,1287,0.05,3078,84.0,0.5228748321533203,0.0001,64612
200,258636,87.25304950000002,1287,0.05,3079,84.0,0.11029694229364395,0.0001,64633
200,258720,87.23202990000001,1288,0.05,3080,84.0,4.076404571533203,0.0001,64654
200,258804,87.23082974,1288,0.05,3081,84.0,0.19249683618545532,0.0001,64675
200,258888,87.22835414,1288,0.05,3082,84.0,0.07679890096187592,0.0001,64696
200,258972,87.23387686,1289,0.05,3083,84.0,0.12153594195842743,0.0001,64717
200,259056,87.24093664,1289,0.05,3084,84.0,4.034245491027832,0.0001,64738
200,259140,87.23784619000001,1290,0.05,3085,84.0,4.32012414932251,0.0001,64759
200,259224,87.22956029000001,1290,0.05,3086,84.0,0.07075995206832886,0.0001,64780
200,259308,87.26026782000002,1290,0.05,3087,84.0,0.3478345572948456,0.0001,64801
200,259392,87.25425463000002,1291,0.05,3088,84.0,0.4002755880355835,0.0001,64822
200,259476,87.24772915000001,1291,0.05,3089,84.0,0.3738974928855896,0.0001,64843
200,259560,87.24689201000001,1292,0.05,3090,84.0,3.998378038406372,0.0001,64864
200,259644,87.25636637000001,1292,0.05,3091,84.0,0.3394291400909424,0.0001,64885
200,259728,87.24922882000001,1293,0.05,3092,84.0,0.15506573021411896,0.0001,64906
200,259812,87.26420081999999,1293,0.05,3093,84.0,0.2502419948577881,0.0001,64927
200,259896,87.26845390999999,1293,0.05,3094,84.0,4.248285293579102,0.0001,64948
200,259980,87.24562809,1294,0.05,3095,84.0,0.3964461088180542,0.0001,64969
200,260064,87.23783761000003,1294,0.05,3096,84.0,0.20058447122573853,0.0001,64990
200,260148,87.21883109000001,1295,0.05,3097,84.0,0.12788578867912292,0.0001,65011
200,260232,87.24742743,1295,0.05,3098,84.0,0.11337703466415405,0.0001,65032
200,260316,87.24344562000002,1295,0.05,3099,84.0,0.18688459694385529,0.0001,65053
200,260400,87.25662497000002,1296,0.05,3100,84.0,0.4932488799095154,0.0001,65074
200,260484,87.25979680999998,1296,0.05,3101,84.0,0.37747764587402344,0.0001,65095
200,260568,87.26013339000001,1297,0.05,3102,84.0,0.30025091767311096,0.0001,65116
200,260652,87.27074817,1297,0.05,3103,84.0,0.3453836441040039,0.0001,65137
200,260736,87.28149829,1298,0.05,3104,84.0,4.2439117431640625,0.0001,65158
200,260820,87.29155138,1298,0.05,3105,84.0,0.10419052839279175,0.0001,65179
200,260904,87.27669832,1299,0.05,3106,84.0,3.856334924697876,0.0001,65200
200,260988,87.26482218999999,1299,0.05,3107,84.0,0.2506290376186371,0.0001,65221
200,261072,87.26133163,1300,0.05,3108,84.0,0.10489052534103394,0.0001,65242
200,261156,87.26343647,1300,0.05,3109,84.0,0.3937883675098419,0.0001,65263
200,261240,87.26413371999999,1300,0.05,3110,84.0,0.5660578012466431,0.0001,65284
200,261324,87.25880811999997,1301,0.05,3111,84.0,0.3927679657936096,0.0001,65305
200,261408,87.26816423,1301,0.05,3112,84.0,0.13066041469573975,0.0001,65326
200,261492,87.25305104,1302,0.05,3113,84.0,4.0136637687683105,0.0001,65347
200,261576,87.25828306,1302,0.05,3114,84.0,0.3644404411315918,0.0001,65368
200,261660,87.23870282,1303,0.05,3115,84.0,0.591953694820404,0.0001,65389
200,261744,87.24044226999996,1303,0.05,3116,84.0,0.6990343928337097,0.0001,65410
200,261828,87.24422292,1304,0.05,3117,84.0,0.1298101842403412,0.0001,65431
200,261912,87.25408644999999,1304,0.05,3118,84.0,0.06060467287898064,0.0001,65452
200,261996,87.25705527,1305,0.05,3119,84.0,0.5378832817077637,0.0001,65473
200,262080,87.25703288000001,1305,0.05,3120,84.0,0.13784563541412354,0.0001,65494
200,262164,87.27534139000001,1306,0.05,3121,84.0,3.4333364963531494,0.0001,65515
200,262248,87.26150095999999,1306,0.05,3122,84.0,4.185307502746582,0.0001,65536
200,262332,87.25162559999998,1307,0.05,3123,84.0,0.09470511972904205,0.0001,65557
200,262416,87.24879620999998,1307,0.05,3124,84.0,0.25325003266334534,0.0001,65578
200,262500,87.23169105999999,1308,0.05,3125,84.0,0.6606913805007935,0.0001,65599
200,262584,87.22555893,1308,0.05,3126,84.0,0.3415394127368927,0.0001,65620
200,262668,87.21613641,1308,0.05,3127,84.0,0.1224120706319809,0.0001,65641
200,262752,87.21021717000004,1309,0.05,3128,84.0,0.22277170419692993,0.0001,65662
200,262836,87.20411641000001,1309,0.05,3129,84.0,0.12198099493980408,0.0001,65683
200,262920,87.20638014000002,1310,0.05,3130,84.0,0.10148334503173828,0.0001,65704
200,263004,87.20757268000001,1310,0.05,3131,84.0,0.1945399045944214,0.0001,65725
200,263088,87.20577042000001,1310,0.05,3132,84.0,0.1094164177775383,0.0001,65746
200,263172,87.20912458,1311,0.05,3133,84.0,0.5091557502746582,0.0001,65767
200,263256,87.21635976000002,1311,0.05,3134,84.0,0.33692696690559387,0.0001,65788
200,263340,87.22889631999999,1312,0.05,3135,84.0,4.072546005249023,0.0001,65809
200,263424,87.22325100999998,1312,0.05,3136,84.0,3.8770077228546143,0.0001,65830
200,263508,87.21953590000001,1312,0.05,3137,84.0,0.5342741012573242,0.0001,65851
200,263592,87.21288873999998,1313,0.05,3138,84.0,0.4413933753967285,0.0001,65872
200,263676,87.20697875,1313,0.05,3139,84.0,0.31195175647735596,0.0001,65893
200,263760,87.19178116000003,1314,0.05,3140,84.0,3.6416561603546143,0.0001,65914
200,263844,87.22319458000001,1314,0.05,3141,84.0,0.29745718836784363,0.0001,65935
200,263928,87.22472560000001,1315,0.05,3142,84.0,3.8253650665283203,0.0001,65956
200,264012,87.24205974,1315,0.05,3143,84.0,4.577919960021973,0.0001,65977
200,264096,87.25276878000001,1315,0.05,3144,84.0,3.7434380054473877,0.0001,65998
200,264180,87.25335958999999,1316,0.05,3145,84.0,0.4274798631668091,0.0001,66019
200,264264,87.26585267,1316,0.05,3146,84.0,3.9795241355895996,0.0001,66040
200,264348,87.26325757999999,1317,0.05,3147,84.0,0.3444982171058655,0.0001,66061
200,264432,87.27925199,1317,0.05,3148,84.0,3.899298906326294,0.0001,66082
200,264516,87.27356049000002,1317,0.05,3149,84.0,0.10296856611967087,0.0001,66103
200,264600,87.26010208000001,1318,0.05,3150,84.0,0.09361548721790314,0.0001,66124
200,264684,87.27030601,1318,0.05,3151,84.0,0.4345424473285675,0.0001,66145
200,264768,87.27914185000002,1319,0.05,3152,84.0,0.16100573539733887,0.0001,66166
200,264852,87.26487798999999,1319,0.05,3153,84.0,0.8311057686805725,0.0001,66187
200,264936,87.28149834000001,1319,0.05,3154,84.0,0.1400219202041626,0.0001,66208
200,265020,87.27795701999999,1320,0.05,3155,84.0,3.9161038398742676,0.0001,66229
200,265104,87.2578167,1320,0.05,3156,84.0,0.09036152064800262,0.0001,66250
200,265188,87.25918073999999,1321,0.05,3157,84.0,0.1121244803071022,0.0001,66271
200,265272,87.26912021,1321,0.05,3158,84.0,0.14353439211845398,0.0001,66292
200,265356,87.2632437,1321,0.05,3159,84.0,0.11594021320343018,0.0001,66313
200,265440,87.2678371,1322,0.05,3160,84.0,3.6877996921539307,0.0001,66334
200,265524,87.28021021999997,1322,0.05,3161,84.0,0.2932875156402588,0.0001,66355
200,265608,87.27692440999998,1323,0.05,3162,84.0,0.0630648210644722,0.0001,66376
200,265692,87.27694020999999,1323,0.05,3163,84.0,0.2671554684638977,0.0001,66397
200,265776,87.27669282,1323,0.05,3164,84.0,4.43787145614624,0.0001,66418
200,265860,87.29130978999997,1324,0.05,3165,84.0,0.07969094067811966,0.0001,66439
200,265944,87.28023140999998,1324,0.05,3166,84.0,0.10593786835670471,0.0001,66460
200,266028,87.27640876,1325,0.05,3167,84.0,0.42618727684020996,0.0001,66481
200,266112,87.29009202000002,1325,0.05,3168,84.0,0.3571198880672455,0.0001,66502
200,266196,87.26755708,1325,0.05,3169,84.0,3.6760592460632324,0.0001,66523
200,266280,87.26526289000002,1326,0.05,3170,84.0,0.40508460998535156,0.0001,66544
200,266364,87.25837471000001,1326,0.05,3171,84.0,0.17061299085617065,0.0001,66565
200,266448,87.26745243,1327,0.05,3172,84.0,7.756814956665039,0.0001,66586
200,266532,87.26650493000001,1327,0.05,3173,84.0,0.1801111400127411,0.0001,66607
200,266616,87.26860019,1327,0.05,3174,84.0,0.09339038282632828,0.0001,66628
200,266700,87.26156233000002,1328,0.05,3175,84.0,0.1518014818429947,0.0001,66649
200,266784,87.26733251000002,1328,0.05,3176,84.0,8.005364418029785,0.0001,66670
200,266868,87.22757027000002,1329,0.05,3177,84.0,0.13315534591674805,0.0001,66691
200,266952,87.27183796000003,1329,0.05,3178,84.0,0.23459753394126892,0.0001,66712
200,267036,87.27799536,1330,0.05,3179,84.0,0.5423431396484375,0.0001,66733
200,267120,87.28686026999999,1330,0.05,3180,84.0,4.276078224182129,0.0001,66754
200,267204,87.28456631,1331,0.05,3181,84.0,0.6169483661651611,0.0001,66775
200,267288,87.28115448999999,1331,0.05,3182,84.0,7.203958511352539,0.0001,66796
200,267372,87.27229874000001,1331,0.05,3183,84.0,0.2244587242603302,0.0001,66817
200,267456,87.2632236,1332,0.05,3184,84.0,0.6074171662330627,0.0001,66838
200,267540,87.27476334,1332,0.05,3185,84.0,0.341167151927948,0.0001,66859
200,267624,87.27719112000001,1333,0.05,3186,84.0,0.35428163409233093,0.0001,66880
200,267708,87.20847617000001,1333,0.05,3187,84.0,0.5219679474830627,0.0001,66901
200,267792,87.22198517000001,1333,0.05,3188,84.0,0.2260279357433319,0.0001,66922
200,267876,87.22746375999999,1334,0.05,3189,84.0,0.604911208152771,0.0001,66943
200,267960,87.23651536000001,1334,0.05,3190,84.0,3.9565656185150146,0.0001,66964
200,268044,87.23395235,1335,0.05,3191,84.0,4.345852375030518,0.0001,66985
200,268128,87.23231375999998,1335,0.05,3192,84.0,4.155833721160889,0.0001,67006
200,268212,87.22525610000001,1336,0.05,3193,84.0,0.23110364377498627,0.0001,67027
200,268296,87.2131806,1336,0.05,3194,84.0,4.158388614654541,0.0001,67048
200,268380,87.23600263,1336,0.05,3195,84.0,3.8791379928588867,0.0001,67069
200,268464,87.20564915000001,1337,0.05,3196,84.0,0.17628754675388336,0.0001,67090
200,268548,87.20796335000001,1337,0.05,3197,84.0,0.2862890958786011,0.0001,67111
200,268632,87.20094062999999,1337,0.05,3198,84.0,0.29395318031311035,0.0001,67132
200,268716,87.21696331,1338,0.05,3199,84.0,0.6194722652435303,0.0001,67153
200,268800,87.17160181000001,1338,0.05,3200,84.0,4.336599826812744,0.0001,67174
200,268884,87.16663441000003,1339,0.05,3201,84.0,0.13452297449111938,0.0001,67195
200,268968,87.18769194000002,1339,0.05,3202,84.0,10.72797679901123,0.0001,67216
200,269052,87.19038507000003,1339,0.05,3203,84.0,0.25840020179748535,0.0001,67237
200,269136,87.18127753000003,1340,0.05,3204,84.0,0.45157474279403687,0.0001,67258
200,269220,87.17449197000002,1340,0.05,3205,84.0,0.12243443727493286,0.0001,67279
200,269304,87.17998966,1341,0.05,3206,84.0,0.5038793683052063,0.0001,67300
200,269388,87.18790126,1341,0.05,3207,84.0,0.31449592113494873,0.0001,67321
200,269472,87.18406869000002,1341,0.05,3208,84.0,0.3654356896877289,0.0001,67342
200,269556,87.18309913000002,1342,0.05,3209,84.0,4.143518924713135,0.0001,67363
200,269640,87.17253465000002,1342,0.05,3210,84.0,0.11463001370429993,0.0001,67384
200,269724,87.18295669999998,1342,0.05,3211,84.0,0.30719125270843506,0.0001,67405
200,269808,87.16993634999999,1343,0.05,3212,84.0,0.4591560363769531,0.0001,67426
200,269892,87.17136269999999,1343,0.05,3213,84.0,0.46475785970687866,0.0001,67447
200,269976,87.16834340000001,1344,0.05,3214,84.0,0.6191695928573608,0.0001,67468
200,270060,87.17643152000001,1344,0.05,3215,84.0,0.44056856632232666,0.0001,67489
200,270144,87.12818931,1345,0.05,3216,84.0,4.401426315307617,0.0001,67510
200,270228,87.14295881,1345,0.05,3217,84.0,4.468778133392334,0.0001,67531
200,270312,87.13679734000002,1345,0.05,3218,84.0,4.008959770202637,0.0001,67552
200,270396,87.13534107999998,1346,0.05,3219,84.0,0.5708217024803162,0.0001,67573
200,270480,87.12865432999999,1346,0.05,3220,84.0,0.12690889835357666,0.0001,67594
200,270564,87.11888413999999,1346,0.05,3221,84.0,0.3212685286998749,0.0001,67615
200,270648,87.12018900999999,1347,0.05,3222,84.0,0.25466984510421753,0.0001,67636
200,270732,87.12067884000002,1347,0.05,3223,84.0,0.3490055799484253,0.0001,67657
200,270816,87.11941499000001,1348,0.05,3224,84.0,0.31460511684417725,0.0001,67678
200,270900,87.11953483,1348,0.05,3225,84.0,0.45717787742614746,0.0001,67699
200,270984,87.13400220000001,1348,0.05,3226,84.0,3.474010944366455,0.0001,67720
200,271068,87.13981388999999,1349,0.05,3227,84.0,8.114870071411133,0.0001,67741
200,271152,87.12692666,1349,0.05,3228,84.0,0.06576429307460785,0.0001,67762
200,271236,87.13771665,1350,0.05,3229,84.0,0.4336898624897003,0.0001,67783
200,271320,87.12049146999998,1350,0.05,3230,84.0,0.5122030377388,0.0001,67804
200,271404,87.12711226999998,1350,0.05,3231,84.0,0.2868521511554718,0.0001,67825
200,271488,87.11090063,1351,0.05,3232,84.0,3.683929204940796,0.0001,67846
200,271572,87.11491954000002,1351,0.05,3233,84.0,0.3689288794994354,0.0001,67867
200,271656,87.12592227000003,1352,0.05,3234,84.0,0.3801914155483246,0.0001,67888
200,271740,87.13293817000002,1352,0.05,3235,84.0,0.15158754587173462,0.0001,67909
200,271824,87.13029435000003,1352,0.05,3236,84.0,0.16313016414642334,0.0001,67930
200,271908,87.14454927000001,1353,0.05,3237,84.0,0.40528538823127747,0.0001,67951
200,271992,87.13256663,1353,0.05,3238,84.0,0.42149844765663147,0.0001,67972
200,272076,87.12890051000001,1354,0.05,3239,84.0,0.21754001080989838,0.0001,67993
200,272160,87.14341850999999,1354,0.05,3240,84.0,0.3784639835357666,0.0001,68014
200,272244,87.14769714,1354,0.05,3241,84.0,0.4503341317176819,0.0001,68035
200,272328,87.14577878999998,1355,0.05,3242,84.0,3.853330373764038,0.0001,68056
200,272412,87.15383251999998,1355,0.05,3243,84.0,0.17842647433280945,0.0001,68077
200,272496,87.14596512999998,1356,0.05,3244,84.0,3.74164080619812,0.0001,68098
200,272580,87.16005567,1356,0.05,3245,84.0,4.328197002410889,0.0001,68119
200,272664,87.13848519000001,1356,0.05,3246,84.0,4.2666497230529785,0.0001,68140
200,272748,87.15111536,1357,0.05,3247,84.0,0.28858673572540283,0.0001,68161
200,272832,87.14882093000001,1357,0.05,3248,84.0,4.034621238708496,0.0001,68182
200,272916,87.15325036999998,1358,0.05,3249,84.0,3.876953125,0.0001,68203
200,273000,87.11488805,1358,0.05,3250,84.0,3.851025342941284,0.0001,68224
200,273084,87.1214978,1358,0.05,3251,84.0,3.958448648452759,0.0001,68245
200,273168,87.11210175999999,1359,0.05,3252,84.0,0.1244899183511734,0.0001,68266
200,273252,87.11709548,1359,0.05,3253,84.0,0.4528818726539612,0.0001,68287
200,273336,87.08521812,1360,0.05,3254,84.0,0.16896124184131622,0.0001,68308
200,273420,87.08984373999999,1360,0.05,3255,84.0,3.7043588161468506,0.0001,68329
200,273504,87.08636993,1360,0.05,3256,84.0,0.4783586859703064,0.0001,68350
200,273588,87.08557652000002,1361,0.05,3257,84.0,4.221203804016113,0.0001,68371
200,273672,87.08585785999999,1361,0.05,3258,84.0,3.878587484359741,0.0001,68392
200,273756,87.09184178000001,1362,0.05,3259,84.0,0.09759526699781418,0.0001,68413
200,273840,87.0789998,1362,0.05,3260,84.0,4.292195796966553,0.0001,68434
201,273924,87.07650369,1362,0.05,3261,84.0,0.34908097982406616,0.0001,68455
201,274008,87.08390115999998,1363,0.05,3262,84.0,0.2386220395565033,0.0001,68476
201,274092,87.09758670000001,1363,0.05,3263,84.0,0.1274954080581665,0.0001,68497
201,274176,87.07284534000001,1363,0.05,3264,84.0,4.120242595672607,0.0001,68518
201,274260,87.08596062000001,1364,0.05,3265,84.0,3.619752883911133,0.0001,68539
201,274344,87.09092453000001,1364,0.05,3266,84.0,0.3378782868385315,0.0001,68560
201,274428,87.08900725000001,1365,0.05,3267,84.0,1.0394423007965088,0.0001,68581
201,274512,87.08854732,1365,0.05,3268,84.0,0.19052240252494812,0.0001,68602
201,274596,87.09867394000001,1365,0.05,3269,84.0,0.6969555616378784,0.0001,68623
201,274680,87.10556715999999,1366,0.05,3270,84.0,4.3892598152160645,0.0001,68644
201,274764,87.11111841,1366,0.05,3271,84.0,0.14059889316558838,0.0001,68665
201,274848,87.11385766,1367,0.05,3272,84.0,0.07456095516681671,0.0001,68686
201,274932,87.11390232,1367,0.05,3273,84.0,3.7913854122161865,0.0001,68707
201,275016,87.09933484999999,1367,0.05,3274,84.0,3.6473097801208496,0.0001,68728
201,275100,87.08721151999998,1368,0.05,3275,84.0,0.16158999502658844,0.0001,68749
201,275184,87.08577744,1368,0.05,3276,84.0,0.28396522998809814,0.0001,68770
201,275268,87.14382615999999,1369,0.05,3277,84.0,3.7460036277770996,0.0001,68791
201,275352,87.15799960999999,1369,0.05,3278,84.0,4.9836015701293945,0.0001,68812
201,275436,87.16453312000002,1369,0.05,3279,84.0,0.33825379610061646,0.0001,68833
201,275520,87.16675301000001,1370,0.05,3280,84.0,0.207074835896492,0.0001,68854
201,275604,87.17561709000002,1370,0.05,3281,84.0,0.5911989212036133,0.0001,68875
201,275688,87.18377093,1371,0.05,3282,84.0,4.028883934020996,0.0001,68896
201,275772,87.19306508,1371,0.05,3283,84.0,0.1270410120487213,0.0001,68917
201,275856,87.19030997000002,1372,0.05,3284,84.0,0.6327507495880127,0.0001,68938
201,275940,87.19027538999998,1372,0.05,3285,84.0,0.09411603212356567,0.0001,68959
201,276024,87.19022257,1372,0.05,3286,84.0,3.9207632541656494,0.0001,68980
201,276108,87.27023545,1373,0.05,3287,84.0,0.3925475478172302,0.0001,69001
201,276192,87.25875161999998,1373,0.05,3288,84.0,0.10133246332406998,0.0001,69022
201,276276,87.2630911,1373,0.05,3289,84.0,3.5551528930664062,0.0001,69043
201,276360,87.26724342,1374,0.05,3290,84.0,0.3228664994239807,0.0001,69064
201,276444,87.26063189,1374,0.05,3291,84.0,0.09642942249774933,0.0001,69085
201,276528,87.26739938,1375,0.05,3292,84.0,3.6992454528808594,0.0001,69106
201,276612,87.24815762,1375,0.05,3293,84.0,4.270899295806885,0.0001,69127
201,276696,87.25735873000002,1376,0.05,3294,84.0,3.7247536182403564,0.0001,69148
201,276780,87.24004742999999,1376,0.05,3295,84.0,0.4191230535507202,0.0001,69169
201,276864,87.22475407,1376,0.05,3296,84.0,4.006990432739258,0.0001,69190
201,276948,87.2364476,1377,0.05,3297,84.0,0.14330580830574036,0.0001,69211
201,277032,87.24268391,1377,0.05,3298,84.0,3.8331871032714844,0.0001,69232
201,277116,87.24131710999997,1378,0.05,3299,84.0,4.112980842590332,0.0001,69253
201,277200,87.29867526999999,1378,0.05,3300,84.0,0.24304194748401642,0.0001,69274
201,277284,87.30641951,1379,0.05,3301,84.0,8.800605773925781,0.0001,69295
201,277368,87.29635637000001,1379,0.05,3302,84.0,0.29783037304878235,0.0001,69316
201,277452,87.29314959,1379,0.05,3303,84.0,0.4140356779098511,0.0001,69337
201,277536,87.30569841,1380,0.05,3304,84.0,4.0730438232421875,0.0001,69358
201,277620,87.30767555000003,1380,0.05,3305,84.0,4.188827991485596,0.0001,69379
201,277704,87.31256847000003,1380,0.05,3306,84.0,4.527190685272217,0.0001,69400
201,277788,87.3142975,1381,0.05,3307,84.0,0.1905691921710968,0.0001,69421
201,277872,87.31982599999999,1381,0.05,3308,84.0,0.9366673231124878,0.0001,69442
201,277956,87.31798844999999,1382,0.05,3309,84.0,4.173520088195801,0.0001,69463
201,278040,87.29211447,1382,0.05,3310,84.0,7.350589752197266,0.0001,69484
201,278124,87.29024377999998,1383,0.05,3311,84.0,0.3467833399772644,0.0001,69505
201,278208,87.28653917,1383,0.05,3312,84.0,0.4204977750778198,0.0001,69526
201,278292,87.29500352999999,1383,0.05,3313,84.0,0.7678171396255493,0.0001,69547
201,278376,87.30272881999997,1384,0.05,3314,84.0,0.16221515834331512,0.0001,69568
201,278460,87.31353803999998,1384,0.05,3315,84.0,3.849576234817505,0.0001,69589
201,278544,87.36019954999998,1384,0.05,3316,84.0,0.46701791882514954,0.0001,69610
201,278628,87.35427698,1385,0.05,3317,84.0,0.16859954595565796,0.0001,69631
201,278712,87.35280579,1385,0.05,3318,84.0,7.999098777770996,0.0001,69652
201,278796,87.34760164000001,1386,0.05,3319,84.0,3.7593235969543457,0.0001,69673
201,278880,87.31350376000002,1386,0.05,3320,84.0,0.06975259631872177,0.0001,69694
201,278964,87.31083484999999,1386,0.05,3321,84.0,0.14834372699260712,0.0001,69715
201,279048,87.30762469,1387,0.05,3322,84.0,0.5938626527786255,0.0001,69736
201,279132,87.31577317000001,1387,0.05,3323,84.0,4.300120830535889,0.0001,69757
201,279216,87.32576278,1388,0.05,3324,84.0,0.3648670017719269,0.0001,69778
201,279300,87.33165747000001,1388,0.05,3325,84.0,0.1122111827135086,0.0001,69799
201,279384,87.31848722000001,1388,0.05,3326,84.0,4.079502105712891,0.0001,69820
201,279468,87.31266698000002,1389,0.05,3327,84.0,0.10987290740013123,0.0001,69841
201,279552,87.30297415999999,1389,0.05,3328,84.0,3.685502767562866,0.0001,69862
201,279636,87.30793849,1390,0.05,3329,84.0,0.13094542920589447,0.0001,69883
201,279720,87.31228177000001,1390,0.05,3330,84.0,0.33512917160987854,0.0001,69904
201,279804,87.31226465999998,1390,0.05,3331,84.0,0.8600168824195862,0.0001,69925
201,279888,87.32593546,1391,0.05,3332,84.0,0.15558256208896637,0.0001,69946
201,279972,87.32229686,1391,0.05,3333,84.0,0.4678819179534912,0.0001,69967
201,280056,87.32156221999999,1392,0.05,3334,84.0,0.14588916301727295,0.0001,69988
201,280140,87.31460994999998,1392,0.05,3335,84.0,3.891972541809082,0.0001,70009
201,280224,87.3348057,1392,0.05,3336,84.0,0.9295203685760498,0.0001,70030
201,280308,87.31930394000001,1393,0.05,3337,84.0,4.217706203460693,0.0001,70051
201,280392,87.33172228000001,1393,0.05,3338,84.0,0.13819283246994019,0.0001,70072
201,280476,87.33033166999999,1394,0.05,3339,84.0,4.580336570739746,0.0001,70093
201,280560,87.33233393,1394,0.05,3340,84.0,0.17198413610458374,0.0001,70114
201,280644,87.31867206000001,1394,0.05,3341,84.0,0.35678631067276,0.0001,70135
201,280728,87.31967263999996,1395,0.05,3342,84.0,0.4554316997528076,0.0001,70156
201,280812,87.32667778999999,1395,0.05,3343,84.0,7.193941593170166,0.0001,70177
201,280896,87.32722855999998,1396,0.05,3344,84.0,0.5961619019508362,0.0001,70198
201,280980,87.30994704999999,1396,0.05,3345,84.0,0.543634295463562,0.0001,70219
201,281064,87.29050898999998,1396,0.05,3346,84.0,0.11825639009475708,0.0001,70240
201,281148,87.27476478999999,1397,0.05,3347,84.0,7.358705520629883,0.0001,70261
201,281232,87.27148188,1397,0.05,3348,84.0,8.225590705871582,0.0001,70282
201,281316,87.26270052000001,1398,0.05,3349,84.0,0.09937869757413864,0.0001,70303
201,281400,87.2970651,1398,0.05,3350,84.0,0.06028027832508087,0.0001,70324
201,281484,87.26038768000002,1398,0.05,3351,84.0,0.13885784149169922,0.0001,70345
201,281568,87.22343642,1399,0.05,3352,84.0,3.7869203090667725,0.0001,70366
201,281652,87.22777930000001,1399,0.05,3353,84.0,0.11148650199174881,0.0001,70387
201,281736,87.24238782,1399,0.05,3354,84.0,4.298037052154541,0.0001,70408
201,281820,87.24212494,1400,0.05,3355,84.0,0.307533323764801,0.0001,70429
201,281904,87.24236727000002,1400,0.05,3356,84.0,7.673713207244873,0.0001,70450
201,281988,87.24669388000001,1401,0.05,3357,84.0,0.22064435482025146,0.0001,70471
201,282072,87.2466653,1401,0.05,3358,84.0,4.5104780197143555,0.0001,70492
201,282156,87.26859781000003,1401,0.05,3359,84.0,4.2699360847473145,0.0001,70513
201,282240,87.28150731000001,1402,0.05,3360,84.0,0.11031428724527359,0.0001,70534
201,282324,87.28221273000001,1402,0.05,3361,84.0,4.413214206695557,0.0001,70555
201,282408,87.2787636,1403,0.05,3362,84.0,0.19190198183059692,0.0001,70576
201,282492,87.22643340000002,1403,0.05,3363,84.0,3.907132625579834,0.0001,70597
201,282576,87.24567726000001,1403,0.05,3364,84.0,3.800189971923828,0.0001,70618
201,282660,87.22898221000001,1404,0.05,3365,84.0,0.200425922870636,0.0001,70639
201,282744,87.22119530000002,1404,0.05,3366,84.0,4.433160305023193,0.0001,70660
201,282828,87.22440087999999,1405,0.05,3367,84.0,3.6745786666870117,0.0001,70681
201,282912,87.2261413,1405,0.05,3368,84.0,0.39884281158447266,0.0001,70702
201,282996,87.22508973,1405,0.05,3369,84.0,0.3338806629180908,0.0001,70723
201,283080,87.21890137999999,1406,0.05,3370,84.0,0.36184239387512207,0.0001,70744
201,283164,87.21813617999999,1406,0.05,3371,84.0,7.505230903625488,0.0001,70765
201,283248,87.19981365,1407,0.05,3372,84.0,0.29981398582458496,0.0001,70786
201,283332,87.18433007000002,1407,0.05,3373,84.0,0.22759099304676056,0.0001,70807
201,283416,87.19748454,1407,0.05,3374,84.0,0.11558930575847626,0.0001,70828
201,283500,87.21082401,1408,0.05,3375,84.0,8.161843299865723,0.0001,70849
201,283584,87.21038061000002,1408,0.05,3376,84.0,0.14621707797050476,0.0001,70870
201,283668,87.18395541,1408,0.05,3377,84.0,4.191506385803223,0.0001,70891
201,283752,87.17195382,1409,0.05,3378,84.0,0.18602217733860016,0.0001,70912
201,283836,87.15050847999998,1409,0.05,3379,84.0,0.1574263870716095,0.0001,70933
201,283920,87.14812342999998,1410,0.05,3380,84.0,3.765082836151123,0.0001,70954
201,284004,87.13406127999998,1410,0.05,3381,84.0,0.47990548610687256,0.0001,70975
201,284088,87.12585977,1411,0.05,3382,84.0,4.34682559967041,0.0001,70996
201,284172,87.11740922999999,1411,0.05,3383,84.0,0.1823851764202118,0.0001,71017
201,284256,87.11841503000001,1411,0.05,3384,84.0,0.445218563079834,0.0001,71038
201,284340,87.1164387,1412,0.05,3385,84.0,0.39909878373146057,0.0001,71059
201,284424,87.10083702,1412,0.05,3386,84.0,0.3354870676994324,0.0001,71080
201,284508,87.09450946999999,1413,0.05,3387,84.0,0.11802957206964493,0.0001,71101
201,284592,87.09043539999999,1413,0.05,3388,84.0,0.13897068798542023,0.0001,71122
201,284676,87.09578557999997,1413,0.05,3389,84.0,0.6235119700431824,0.0001,71143
201,284760,87.08669878999997,1414,0.05,3390,84.0,3.7893178462982178,0.0001,71164
201,284844,87.08269119,1414,0.05,3391,84.0,4.5931477546691895,0.0001,71185
201,284928,87.08502705,1415,0.05,3392,84.0,4.163881301879883,0.0001,71206
201,285012,87.1000302,1415,0.05,3393,84.0,0.21267496049404144,0.0001,71227
201,285096,87.09755849999999,1415,0.05,3394,84.0,0.5294575691223145,0.0001,71248
201,285180,87.10462374000001,1416,0.05,3395,84.0,0.1676958203315735,0.0001,71269
201,285264,87.11672305999998,1416,0.05,3396,84.0,0.08356686681509018,0.0001,71290
201,285348,87.04606375000002,1417,0.05,3397,84.0,0.3642946779727936,0.0001,71311
201,285432,87.04433326999998,1417,0.05,3398,84.0,0.1316307783126831,0.0001,71332
201,285516,87.02983347,1417,0.05,3399,84.0,0.1389264315366745,0.0001,71353
201,285600,87.02400887999998,1418,0.05,3400,84.0,0.13271358609199524,0.0001,71374
201,285684,87.0156496,1418,0.05,3401,84.0,4.1535539627075195,0.0001,71395
201,285768,87.00346387999998,1419,0.05,3402,84.0,3.9245479106903076,0.0001,71416
201,285852,86.99866082999999,1419,0.05,3403,84.0,0.12456998974084854,0.0001,71437
201,285936,86.98690201999997,1419,0.05,3404,84.0,0.1385130137205124,0.0001,71458
201,286020,86.96646325,1420,0.05,3405,84.0,7.592311859130859,0.0001,71479
201,286104,86.96161129000001,1420,0.05,3406,84.0,0.1485580950975418,0.0001,71500
201,286188,86.96020645,1421,0.05,3407,84.0,0.09390097856521606,0.0001,71521
201,286272,86.96119514000002,1421,0.05,3408,84.0,0.2685386538505554,0.0001,71542
201,286356,86.96124749,1421,0.05,3409,84.0,4.3352556228637695,0.0001,71563
201,286440,86.99010422,1422,0.05,3410,84.0,4.525609016418457,0.0001,71584
201,286524,86.97915407,1422,0.05,3411,84.0,4.362034320831299,0.0001,71605
201,286608,86.94433178000003,1422,0.05,3412,84.0,0.10948579758405685,0.0001,71626
201,286692,86.94449953000002,1423,0.05,3413,84.0,0.9314309358596802,0.0001,71647
201,286776,86.94558690000002,1423,0.05,3414,84.0,3.819463014602661,0.0001,71668
201,286860,86.93740509999999,1424,0.05,3415,84.0,1.0231009721755981,0.0001,71689
201,286944,86.93127940000001,1424,0.05,3416,84.0,0.3290337026119232,0.0001,71710
201,287028,86.92002531999998,1424,0.05,3417,84.0,0.6849218606948853,0.0001,71731
201,287112,86.92439462,1425,0.05,3418,84.0,0.09792560338973999,0.0001,71752
201,287196,86.92813683,1425,0.05,3419,84.0,0.07200750708580017,0.0001,71773
201,287280,86.96962467000002,1426,0.05,3420,84.0,0.08134984970092773,0.0001,71794
201,287364,86.96889998000002,1426,0.05,3421,84.0,0.10176171362400055,0.0001,71815
201,287448,86.97720675000001,1426,0.05,3422,84.0,3.8255465030670166,0.0001,71836
201,287532,86.91029494000003,1427,0.05,3423,84.0,3.803284168243408,0.0001,71857
201,287616,86.89819646,1427,0.05,3424,84.0,0.2268608957529068,0.0001,71878
201,287700,86.88781575000002,1428,0.05,3425,84.0,0.23361536860466003,0.0001,71899
201,287784,86.88290590000001,1428,0.05,3426,84.0,0.28730976581573486,0.0001,71920
201,287868,86.88505843000002,1428,0.05,3427,84.0,0.11298009753227234,0.0001,71941
201,287952,86.91156274,1429,0.05,3428,84.0,0.1304776519536972,0.0001,71962
201,288036,86.90276345000001,1429,0.05,3429,84.0,0.2956400513648987,0.0001,71983
201,288120,86.90221698,1430,0.05,3430,84.0,0.41188955307006836,0.0001,72004
201,288204,86.89764745999999,1430,0.05,3431,84.0,3.999479055404663,0.0001,72025
201,288288,86.88125507,1430,0.05,3432,84.0,0.28768834471702576,0.0001,72046
201,288372,86.88168059,1431,0.05,3433,84.0,0.15370160341262817,0.0001,72067
201,288456,86.87035562,1431,0.05,3434,84.0,0.18440911173820496,0.0001,72088
201,288540,86.87769524,1431,0.05,3435,84.0,0.1562911868095398,0.0001,72109
201,288624,86.86482271999999,1432,0.05,3436,84.0,4.623865604400635,0.0001,72130
201,288708,86.85949411000001,1432,0.05,3437,84.0,0.09894663840532303,0.0001,72151
201,288792,86.85616382,1433,0.05,3438,84.0,0.14510536193847656,0.0001,72172
201,288876,86.86066521000001,1433,0.05,3439,84.0,4.176724433898926,0.0001,72193
201,288960,86.86449698999999,1434,0.05,3440,84.0,0.14466863870620728,0.0001,72214
201,289044,86.87314405,1434,0.05,3441,84.0,7.391461372375488,0.0001,72235
201,289128,86.87094536999999,1434,0.05,3442,84.0,0.5615133047103882,0.0001,72256
201,289212,86.87180989000001,1435,0.05,3443,84.0,0.3181858956813812,0.0001,72277
201,289296,86.86864214,1435,0.05,3444,84.0,0.3657093346118927,0.0001,72298
201,289380,86.88426018999999,1436,0.05,3445,84.0,0.19685977697372437,0.0001,72319
201,289464,86.91948618,1436,0.05,3446,84.0,0.3504769802093506,0.0001,72340
201,289548,86.90774757,1436,0.05,3447,84.0,0.14947804808616638,0.0001,72361
201,289632,86.88712908000001,1437,0.05,3448,84.0,0.7283614873886108,0.0001,72382
201,289716,86.89118465,1437,0.05,3449,84.0,4.278238773345947,0.0001,72403
201,289800,86.88968618000001,1438,0.05,3450,84.0,0.30798929929733276,0.0001,72424
201,289884,86.88784811000001,1438,0.05,3451,84.0,3.6835663318634033,0.0001,72445
201,289968,86.93717797000001,1438,0.05,3452,84.0,0.4049239754676819,0.0001,72466
201,290052,86.93455348000002,1439,0.05,3453,84.0,0.3093032240867615,0.0001,72487
201,290136,86.93389131000002,1439,0.05,3454,84.0,0.5295225381851196,0.0001,72508
201,290220,86.93220037000005,1439,0.05,3455,84.0,0.7034196257591248,0.0001,72529
201,290304,86.92623637000003,1440,0.05,3456,84.0,4.293563365936279,0.0001,72550
201,290388,86.93080438000001,1440,0.05,3457,84.0,3.864431858062744,0.0001,72571
201,290472,86.92619828000001,1441,0.05,3458,84.0,0.3688344359397888,0.0001,72592
201,290556,86.91663634000001,1441,0.05,3459,84.0,0.3964160084724426,0.0001,72613
201,290640,86.90871805,1442,0.05,3460,84.0,3.928046464920044,0.0001,72634
201,290724,86.89482862000001,1442,0.05,3461,84.0,3.8286123275756836,0.0001,72655
201,290808,86.89112859000001,1442,0.05,3462,84.0,0.3274810314178467,0.0001,72676
201,290892,86.93661100000001,1443,0.05,3463,84.0,0.12233266234397888,0.0001,72697
201,290976,86.88688137999998,1443,0.05,3464,84.0,0.246741384267807,0.0001,72718
201,291060,86.89053815,1444,0.05,3465,84.0,0.8820862770080566,0.0001,72739
201,291144,86.89235570999999,1444,0.05,3466,84.0,0.12050619721412659,0.0001,72760
201,291228,86.89514408000001,1444,0.05,3467,84.0,0.09670373797416687,0.0001,72781
201,291312,86.88491355000001,1445,0.05,3468,84.0,0.16941118240356445,0.0001,72802
201,291396,86.88195478000002,1445,0.05,3469,84.0,3.796809673309326,0.0001,72823
201,291480,86.88645418999998,1446,0.05,3470,84.0,0.4849976897239685,0.0001,72844
201,291564,86.88420446,1446,0.05,3471,84.0,0.2679353654384613,0.0001,72865
201,291648,86.90281224999998,1446,0.05,3472,84.0,7.823669910430908,0.0001,72886
201,291732,86.91405483999999,1447,0.05,3473,84.0,7.970585823059082,0.0001,72907
201,291816,86.90051032,1447,0.05,3474,84.0,11.20436954498291,0.0001,72928
201,291900,86.89379286000002,1448,0.05,3475,84.0,0.3822386562824249,0.0001,72949
201,291984,86.8999568,1448,0.05,3476,84.0,0.32302147150039673,0.0001,72970
201,292068,86.92562094,1448,0.05,3477,84.0,4.290109157562256,0.0001,72991
201,292152,86.92519173,1449,0.05,3478,84.0,0.34117674827575684,0.0001,73012
201,292236,86.92207269999999,1449,0.05,3479,84.0,0.6189821362495422,0.0001,73033
201,292320,86.91964078999999,1449,0.05,3480,84.0,0.426980197429657,0.0001,73054
201,292404,86.91519815,1450,0.05,3481,84.0,0.2650088667869568,0.0001,73075
201,292488,86.91304889000001,1450,0.05,3482,84.0,4.214197635650635,0.0001,73096
201,292572,86.91421561000003,1451,0.05,3483,84.0,0.40147465467453003,0.0001,73117
201,292656,86.91031577,1451,0.05,3484,84.0,3.853954315185547,0.0001,73138
201,292740,86.90781815,1451,0.05,3485,84.0,0.22259138524532318,0.0001,73159
201,292824,86.90361963000001,1452,0.05,3486,84.0,0.19707903265953064,0.0001,73180
201,292908,86.89560997000001,1452,0.05,3487,84.0,4.456421375274658,0.0001,73201
201,292992,86.89875765000001,1453,0.05,3488,84.0,0.5904439687728882,0.0001,73222
201,293076,86.88559792,1453,0.05,3489,84.0,0.6942556500434875,0.0001,73243
201,293160,86.88372148000002,1453,0.05,3490,84.0,0.37043413519859314,0.0001,73264
201,293244,86.89170514,1454,0.05,3491,84.0,0.4102294147014618,0.0001,73285
201,293328,86.88998808000002,1454,0.05,3492,84.0,4.034170627593994,0.0001,73306
201,293412,86.90761552,1455,0.05,3493,84.0,3.891132116317749,0.0001,73327
201,293496,86.90775165,1455,0.05,3494,84.0,0.30882981419563293,0.0001,73348
201,293580,86.90450002,1455,0.05,3495,84.0,0.12284998595714569,0.0001,73369
201,293664,86.94029892999997,1456,0.05,3496,84.0,0.494896799325943,0.0001,73390
201,293748,86.99893900000001,1456,0.05,3497,84.0,0.17323628067970276,0.0001,73411
201,293832,86.99228092,1457,0.05,3498,84.0,7.331669807434082,0.0001,73432
201,293916,86.99151093999998,1457,0.05,3499,84.0,0.07442069053649902,0.0001,73453
201,294000,86.99159587999999,1457,0.05,3500,84.0,3.992269277572632,0.0001,73474
201,294084,87.00174808,1458,0.05,3501,84.0,3.9332475662231445,0.0001,73495
201,294168,87.00443182,1458,0.05,3502,84.0,4.012763023376465,0.0001,73516
201,294252,86.99455037,1459,0.05,3503,84.0,0.7668878436088562,0.0001,73537
201,294336,86.98899788,1459,0.05,3504,84.0,0.12704479694366455,0.0001,73558
201,294420,87.00516882,1460,0.05,3505,84.0,4.328166961669922,0.0001,73579
201,294504,87.00272614000001,1460,0.05,3506,84.0,4.565605163574219,0.0001,73600
201,294588,86.99642635000001,1460,0.05,3507,84.0,0.15598684549331665,0.0001,73621
201,294672,86.98512881,1461,0.05,3508,84.0,0.13089734315872192,0.0001,73642
201,294756,86.987469,1461,0.05,3509,84.0,0.09308512508869171,0.0001,73663
201,294840,86.98648918,1461,0.05,3510,84.0,0.439461886882782,0.0001,73684
201,294924,86.99205513000001,1462,0.05,3511,84.0,0.6634215116500854,0.0001,73705
201,295008,87.02486134000003,1462,0.05,3512,84.0,0.6077233552932739,0.0001,73726
201,295092,87.02411879000002,1463,0.05,3513,84.0,0.10590611398220062,0.0001,73747
201,295176,87.03638595000001,1463,0.05,3514,84.0,4.3226542472839355,0.0001,73768
201,295260,87.03276421000001,1463,0.05,3515,84.0,4.144034385681152,0.0001,73789
201,295344,87.03180675,1464,0.05,3516,84.0,0.13323673605918884,0.0001,73810
201,295428,87.04001242999999,1464,0.05,3517,84.0,3.850220203399658,0.0001,73831
201,295512,87.03423267999999,1465,0.05,3518,84.0,0.5137932896614075,0.0001,73852
201,295596,87.0317899,1465,0.05,3519,84.0,4.381646156311035,0.0001,73873
201,295680,87.03359049999999,1466,0.05,3520,84.0,4.041844844818115,0.0001,73894
201,295764,87.04459147000001,1466,0.05,3521,84.0,0.1457493156194687,0.0001,73915
201,295848,87.03466237999999,1466,0.05,3522,84.0,0.14092063903808594,0.0001,73936
201,295932,87.09602140999998,1467,0.05,3523,84.0,0.06970617175102234,0.0001,73957
201,296016,87.08964687,1467,0.05,3524,84.0,3.8598792552948,0.0001,73978
201,296100,87.08859938999998,1468,0.05,3525,84.0,0.7674455642700195,0.0001,73999
201,296184,87.09419681999998,1468,0.05,3526,84.0,0.09356963634490967,0.0001,74020
201,296268,87.07761094000001,1468,0.05,3527,84.0,3.848881244659424,0.0001,74041
201,296352,87.06253529999998,1469,0.05,3528,84.0,3.900620222091675,0.0001,74062
201,296436,87.0699793,1469,0.05,3529,84.0,0.3729359209537506,0.0001,74083
201,296520,87.07363836999998,1470,0.05,3530,84.0,4.147334575653076,0.0001,74104
201,296604,87.07702592,1470,0.05,3531,84.0,3.8939948081970215,0.0001,74125
201,296688,87.08933399,1471,0.05,3532,84.0,0.4296770989894867,0.0001,74146
201,296772,87.09639222,1471,0.05,3533,84.0,0.32137900590896606,0.0001,74167
201,296856,87.10064024000002,1471,0.05,3534,84.0,0.3187865912914276,0.0001,74188
201,296940,87.09127429,1472,0.05,3535,84.0,0.33239245414733887,0.0001,74209
201,297024,87.08514499000003,1472,0.05,3536,84.0,0.09788710623979568,0.0001,74230
201,297108,87.09017087000002,1473,0.05,3537,84.0,7.6887054443359375,0.0001,74251
201,297192,87.06048188000001,1473,0.05,3538,84.0,0.10517136752605438,0.0001,74272
201,297276,87.06871975000001,1474,0.05,3539,84.0,0.2983919680118561,0.0001,74293
201,297360,87.06095286000001,1474,0.05,3540,84.0,3.712981700897217,0.0001,74314
201,297444,87.04902206999999,1474,0.05,3541,84.0,0.4222843647003174,0.0001,74335
201,297528,87.04683658,1475,0.05,3542,84.0,0.06800822168588638,0.0001,74356
201,297612,87.0339738,1475,0.05,3543,84.0,0.1797599345445633,0.0001,74377
201,297696,87.04790976,1476,0.05,3544,84.0,0.31797000765800476,0.0001,74398
201,297780,87.04542677,1476,0.05,3545,84.0,0.7826457023620605,0.0001,74419
201,297864,87.04706741000001,1476,0.05,3546,84.0,3.9687652587890625,0.0001,74440
201,297948,87.06271022000001,1477,0.05,3547,84.0,0.08825122565031052,0.0001,74461
201,298032,87.08181993000002,1477,0.05,3548,84.0,4.024939060211182,0.0001,74482
201,298116,87.07814569,1478,0.05,3549,84.0,8.157224655151367,0.0001,74503
201,298200,87.07393511000001,1478,0.05,3550,84.0,0.5752286314964294,0.0001,74524
201,298284,87.08610983999999,1479,0.05,3551,84.0,0.1388489305973053,0.0001,74545
201,298368,87.08092187,1479,0.05,3552,84.0,3.8771119117736816,0.0001,74566
201,298452,87.08050502999998,1480,0.05,3553,84.0,8.018220901489258,0.0001,74587
201,298536,87.09336126999999,1480,0.05,3554,84.0,0.24312463402748108,0.0001,74608
201,298620,87.09290306999998,1481,0.05,3555,84.0,4.1882452964782715,0.0001,74629
201,298704,87.09820351999997,1481,0.05,3556,84.0,0.19175201654434204,0.0001,74650
201,298788,87.09723863999997,1482,0.05,3557,84.0,0.13886916637420654,0.0001,74671
201,298872,87.11307272999997,1482,0.05,3558,84.0,0.12414129823446274,0.0001,74692
201,298956,87.10082578999999,1482,0.05,3559,84.0,0.10643033683300018,0.0001,74713
201,299040,87.10367521,1483,0.05,3560,84.0,0.5222923755645752,0.0001,74734
201,299124,87.12681311,1483,0.05,3561,84.0,4.424055576324463,0.0001,74755
201,299208,87.1291332,1484,0.05,3562,84.0,4.045504093170166,0.0001,74776
201,299292,87.12215997,1484,0.05,3563,84.0,0.161564439535141,0.0001,74797
201,299376,87.16491491,1485,0.05,3564,84.0,0.3104206919670105,0.0001,74818
201,299460,87.16325133000001,1485,0.05,3565,84.0,0.5337871313095093,0.0001,74839
201,299544,87.16346282999999,1485,0.05,3566,84.0,7.666044235229492,0.0001,74860
201,299628,87.09699768,1486,0.05,3567,84.0,0.5509287118911743,0.0001,74881
201,299712,87.08965759,1486,0.05,3568,84.0,0.09793195128440857,0.0001,74902
201,299796,87.09666892999999,1487,0.05,3569,84.0,0.36634811758995056,0.0001,74923
201,299880,87.10019725000001,1487,0.05,3570,84.0,0.4048382043838501,0.0001,74944
201,299964,87.09485278,1488,0.05,3571,84.0,0.14514297246932983,0.0001,74965
201,300048,87.09496673,1488,0.05,3572,84.0,0.14297983050346375,0.0001,74986
201,300132,87.10523999000002,1489,0.05,3573,84.0,0.41734516620635986,0.0001,75007
201,300216,87.10010077999999,1489,0.05,3574,84.0,4.32357120513916,0.0001,75028
201,300300,87.09886593000002,1489,0.05,3575,84.0,3.7323050498962402,0.0001,75049
201,300384,87.09177265999999,1490,0.05,3576,84.0,0.6794895529747009,0.0001,75070
201,300468,87.07758108000002,1490,0.05,3577,84.0,0.097364142537117,0.0001,75091
201,300552,87.07091595000001,1491,0.05,3578,84.0,0.07519851624965668,0.0001,75112
201,300636,87.08715905999999,1491,0.05,3579,84.0,8.105947494506836,0.0001,75133
201,300720,87.08206300999997,1492,0.05,3580,84.0,0.5601929426193237,0.0001,75154
201,300804,87.08912432999998,1492,0.05,3581,84.0,0.10990357398986816,0.0001,75175
201,300888,87.08597226999998,1493,0.05,3582,84.0,0.08815634250640869,0.0001,75196
201,300972,87.08450162999999,1493,0.05,3583,84.0,4.319916725158691,0.0001,75217
201,301056,87.08586646999998,1494,0.05,3584,84.0,4.106813907623291,0.0001,75238
201,301140,87.08961775,1494,0.05,3585,84.0,4.069325923919678,0.0001,75259
201,301224,87.09873252999999,1495,0.05,3586,84.0,0.10353618115186691,0.0001,75280
201,301308,87.10656433,1495,0.05,3587,84.0,0.08752347528934479,0.0001,75301
201,301392,87.11870508999999,1495,0.05,3588,84.0,0.33142852783203125,0.0001,75322
201,301476,87.11894515999998,1496,0.05,3589,84.0,0.33979707956314087,0.0001,75343
201,301560,87.12657854000001,1496,0.05,3590,84.0,0.11574354767799377,0.0001,75364
201,301644,87.13256235,1497,0.05,3591,84.0,0.10510681569576263,0.0001,75385
201,301728,87.12661830000003,1497,0.05,3592,84.0,0.1652986705303192,0.0001,75406
201,301812,87.09740441,1498,0.05,3593,84.0,4.070538520812988,0.0001,75427
201,301896,87.09512271000001,1498,0.05,3594,84.0,0.3020293414592743,0.0001,75448
201,301980,87.09051408000003,1499,0.05,3595,84.0,3.569702386856079,0.0001,75469
201,302064,87.08644764000002,1500,0.05,3596,84.0,7.71525764465332,0.0001,75490
201,302148,87.09900952000002,1501,0.05,3597,84.0,0.12203988432884216,0.0001,75511
201,302232,87.10867919000002,1501,0.05,3598,84.0,0.5901650786399841,0.0001,75532
201,302316,87.11867293000002,1502,0.05,3599,84.0,0.12196843326091766,0.0001,75553
201,302400,87.12071416000002,1502,0.05,3600,84.0,0.09478466212749481,0.0001,75574
201,302484,87.12145284000002,1502,0.05,3601,84.0,0.3882955312728882,0.0001,75595
201,302568,87.11515102000003,1503,0.05,3602,84.0,0.117227703332901,0.0001,75616
201,302652,87.12678213000001,1503,0.05,3603,84.0,0.6065595746040344,0.0001,75637
201,302736,87.12996209000002,1504,0.05,3604,84.0,0.5702559947967529,0.0001,75658
201,302820,87.13440467000002,1504,0.05,3605,84.0,0.16647902131080627,0.0001,75679
201,302904,87.13437302,1505,0.05,3606,84.0,0.45600301027297974,0.0001,75700
201,302988,87.1548599,1505,0.05,3607,84.0,0.32909199595451355,0.0001,75721
201,303072,87.15678152000001,1506,0.05,3608,84.0,4.235168933868408,0.0001,75742
201,303156,87.15559150000003,1506,0.05,3609,84.0,4.186895370483398,0.0001,75763
201,303240,87.16685598000002,1507,0.05,3610,84.0,0.1369728147983551,0.0001,75784
201,303324,87.17959455000002,1507,0.05,3611,84.0,1.0154908895492554,0.0001,75805
201,303408,87.18932526,1508,0.05,3612,84.0,0.19089624285697937,0.0001,75826
201,303492,87.12850261000001,1508,0.05,3613,84.0,0.08645293861627579,0.0001,75847
201,303576,87.11627347000001,1508,0.05,3614,84.0,0.4116475582122803,0.0001,75868
201,303660,87.12858504,1509,0.05,3615,84.0,0.12702395021915436,0.0001,75889
201,303744,87.13156954999998,1509,0.05,3616,84.0,3.6338398456573486,0.0001,75910
201,303828,87.13386888,1510,0.05,3617,84.0,0.6416271924972534,0.0001,75931
201,303912,87.13687424,1510,0.05,3618,84.0,0.10411608219146729,0.0001,75952
201,303996,87.13713738000003,1511,0.05,3619,84.0,0.1130206435918808,0.0001,75973
201,304080,87.13331086999999,1511,0.05,3620,84.0,4.070630073547363,0.0001,75994
201,304164,87.12903944,1512,0.05,3621,84.0,0.27176952362060547,0.0001,76015
201,304248,87.13606607999998,1512,0.05,3622,84.0,3.8461270332336426,0.0001,76036
201,304332,87.13914825,1513,0.05,3623,84.0,0.1307574212551117,0.0001,76057
201,304416,87.1455223,1513,0.05,3624,84.0,0.16478019952774048,0.0001,76078
201,304500,87.15205541000002,1513,0.05,3625,84.0,0.7329452037811279,0.0001,76099
201,304584,87.15417047,1514,0.05,3626,84.0,0.33188894391059875,0.0001,76120
201,304668,87.17029239999998,1514,0.05,3627,84.0,3.9961650371551514,0.0001,76141
201,304752,87.18327830999999,1515,0.05,3628,84.0,0.11016852408647537,0.0001,76162
201,304836,87.17356262,1515,0.05,3629,84.0,0.9159932732582092,0.0001,76183
201,304920,87.16832948999999,1516,0.05,3630,84.0,0.5077565908432007,0.0001,76204
201,305004,87.16536521,1516,0.05,3631,84.0,7.881068229675293,0.0001,76225
201,305088,87.16962722,1517,0.05,3632,84.0,0.09659487009048462,0.0001,76246
201,305172,87.16419015,1517,0.05,3633,84.0,0.13500776886940002,0.0001,76267
201,305256,87.16849281,1518,0.05,3634,84.0,3.714592933654785,0.0001,76288
201,305340,87.17568207000002,1518,0.05,3635,84.0,3.8651249408721924,0.0001,76309
201,305424,87.18895786000002,1519,0.05,3636,84.0,0.5170843005180359,0.0001,76330
201,305508,87.19419694,1519,0.05,3637,84.0,7.844115734100342,0.0001,76351
201,305592,87.22205473,1520,0.05,3638,84.0,0.35786452889442444,0.0001,76372
201,305676,87.21725756,1520,0.05,3639,84.0,0.5985913872718811,0.0001,76393
201,305760,87.22368949,1521,0.05,3640,84.0,0.5393505096435547,0.0001,76414
200,305844,87.23963155,1521,0.05,3641,84.0,0.055396366864442825,0.0001,76435
200,305928,87.25002921,1522,0.05,3642,84.0,0.2771020531654358,0.0001,76456
200,306012,87.24590878,1523,0.05,3643,84.0,4.313849925994873,0.0001,76477
200,306096,87.23140347999998,1523,0.05,3644,84.0,0.13146409392356873,0.0001,76498
200,306180,87.2345155,1524,0.05,3645,84.0,0.04751705750823021,0.0001,76519
200,306264,87.21179537999998,1524,0.05,3646,84.0,0.3264477849006653,0.0001,76540
200,306348,87.20942507,1524,0.05,3647,84.0,0.1941915899515152,0.0001,76561
200,306432,87.22069653,1525,0.05,3648,84.0,3.9654581546783447,0.0001,76582
200,306516,87.21764528000001,1525,0.05,3649,84.0,0.40789082646369934,0.0001,76603
200,306600,87.23382489999999,1526,0.05,3650,84.0,0.12288706749677658,0.0001,76624
200,306684,87.24293426,1526,0.05,3651,84.0,0.09514153003692627,0.0001,76645
200,306768,87.23649676,1527,0.05,3652,84.0,3.98862361907959,0.0001,76666
200,306852,87.21980388,1527,0.05,3653,84.0,0.3561231195926666,0.0001,76687
200,306936,87.21163544999999,1527,0.05,3654,84.0,3.9075701236724854,0.0001,76708
200,307020,87.21119981,1528,0.05,3655,84.0,0.37352192401885986,0.0001,76729
200,307104,87.21094183999999,1528,0.05,3656,84.0,0.1500834822654724,0.0001,76750
200,307188,87.20327587,1529,0.05,3657,84.0,0.3996085822582245,0.0001,76771
200,307272,87.18998128999999,1529,0.05,3658,84.0,0.2674463987350464,0.0001,76792
200,307356,87.19071840000001,1530,0.05,3659,84.0,0.4304400682449341,0.0001,76813
200,307440,87.19566642000001,1530,0.05,3660,84.0,0.11450368165969849,0.0001,76834
200,307524,87.18559226,1531,0.05,3661,84.0,0.38659027218818665,0.0001,76855
200,307608,87.19270800999999,1531,0.05,3662,84.0,0.37464427947998047,0.0001,76876
200,307692,87.1912277,1531,0.05,3663,84.0,0.5044752359390259,0.0001,76897
200,307776,87.18313552999999,1532,0.05,3664,84.0,4.150407314300537,0.0001,76918
200,307860,87.17551687999999,1532,0.05,3665,84.0,0.2628351151943207,0.0001,76939
200,307944,87.16853246000001,1533,0.05,3666,84.0,3.9005229473114014,0.0001,76960
200,308028,87.22795794000001,1533,0.05,3667,84.0,0.18433067202568054,0.0001,76981
200,308112,87.23536226000002,1534,0.05,3668,84.0,0.2461642622947693,0.0001,77002
200,308196,87.23367984000001,1534,0.05,3669,84.0,3.853790044784546,0.0001,77023
200,308280,87.23006303,1535,0.05,3670,84.0,0.22784960269927979,0.0001,77044
200,308364,87.23477644,1535,0.05,3671,84.0,1.2935855388641357,0.0001,77065
200,308448,87.23137709000001,1535,0.05,3672,84.0,0.12701743841171265,0.0001,77086
200,308532,87.22526867,1536,0.05,3673,84.0,0.297553151845932,0.0001,77107
200,308616,87.22456945,1536,0.05,3674,84.0,0.614102840423584,0.0001,77128
200,308700,87.23935239000001,1537,0.05,3675,84.0,0.10112853348255157,0.0001,77149
200,308784,87.24540274,1537,0.05,3676,84.0,4.073513507843018,0.0001,77170
200,308868,87.26093198999999,1538,0.05,3677,84.0,0.3503754734992981,0.0001,77191
200,308952,87.27588598,1538,0.05,3678,84.0,0.5503348708152771,0.0001,77212
200,309036,87.27506182999997,1538,0.05,3679,84.0,0.14812974631786346,0.0001,77233
200,309120,87.2607362,1539,0.05,3680,84.0,0.10900706052780151,0.0001,77254
200,309204,87.25194630999998,1539,0.05,3681,84.0,4.3414106369018555,0.0001,77275
200,309288,87.26032151000001,1540,0.05,3682,84.0,0.527070939540863,0.0001,77296
200,309372,87.26180734000002,1540,0.05,3683,84.0,0.31034883856773376,0.0001,77317
200,309456,87.26907331000002,1541,0.05,3684,84.0,0.5077467560768127,0.0001,77338
200,309540,87.25765662000002,1541,0.05,3685,84.0,4.360255241394043,0.0001,77359
200,309624,87.26090332,1542,0.05,3686,84.0,3.9905598163604736,0.0001,77380
200,309708,87.25567369000002,1542,0.05,3687,84.0,0.13986848294734955,0.0001,77401
200,309792,87.23710138,1542,0.05,3688,84.0,0.3796004354953766,0.0001,77422
200,309876,87.24179012999998,1543,0.05,3689,84.0,0.1964232325553894,0.0001,77443
200,309960,87.23387487999999,1543,0.05,3690,84.0,0.5897263288497925,0.0001,77464
200,310044,87.23662732999999,1544,0.05,3691,84.0,5.29773473739624,0.0001,77485
200,310128,87.23949276999998,1544,0.05,3692,84.0,7.840612411499023,0.0001,77506
200,310212,87.2499081,1545,0.05,3693,84.0,4.527303218841553,0.0001,77527
200,310296,87.25731258999998,1545,0.05,3694,84.0,8.383137702941895,0.0001,77548
200,310380,87.25717404999997,1546,0.05,3695,84.0,0.4613882899284363,0.0001,77569
200,310464,87.25463676,1546,0.05,3696,84.0,3.9902758598327637,0.0001,77590
200,310548,87.24842281,1547,0.05,3697,84.0,0.38794082403182983,0.0001,77611
200,310632,87.23961331000001,1547,0.05,3698,84.0,3.983180284500122,0.0001,77632
200,310716,87.20732346000001,1548,0.05,3699,84.0,4.046317100524902,0.0001,77653
200,310800,87.2052761,1548,0.05,3700,84.0,0.10507220029830933,0.0001,77674
200,310884,87.19293488000001,1549,0.05,3701,84.0,4.088594436645508,0.0001,77695
200,310968,87.19599470000003,1550,0.05,3702,84.0,4.284627914428711,0.0001,77716
200,311052,87.19706243000002,1550,0.05,3703,84.0,0.39887237548828125,0.0001,77737
200,311136,87.19726762,1550,0.05,3704,84.0,0.1504477560520172,0.0001,77758
200,311220,87.19940846000001,1551,0.05,3705,84.0,7.523844242095947,0.0001,77779
200,311304,87.16844149999999,1551,0.05,3706,84.0,0.48250001668930054,0.0001,77800
200,311388,87.15378073,1552,0.05,3707,84.0,3.924985408782959,0.0001,77821
200,311472,87.15412061,1552,0.05,3708,84.0,0.29338693618774414,0.0001,77842
200,311556,87.14188344,1553,0.05,3709,84.0,4.095587253570557,0.0001,77863
200,311640,87.1084539,1553,0.05,3710,84.0,8.106776237487793,0.0001,77884
200,311724,87.09996842999999,1554,0.05,3711,84.0,0.5805021524429321,0.0001,77905
200,311808,87.09086189999998,1554,0.05,3712,84.0,8.153315544128418,0.0001,77926
200,311892,87.1440597,1555,0.05,3713,84.0,0.43121907114982605,0.0001,77947
200,311976,87.13186687999998,1555,0.05,3714,84.0,0.1282036155462265,0.0001,77968
200,312060,87.12332168,1556,0.05,3715,84.0,0.5775871276855469,0.0001,77989
200,312144,87.12754269000001,1556,0.05,3716,84.0,0.06439762562513351,0.0001,78010
200,312228,87.11989227,1557,0.05,3717,84.0,0.0961480587720871,0.0001,78031
200,312312,87.08306591,1557,0.05,3718,84.0,0.5041130781173706,0.0001,78052
200,312396,87.08902325,1558,0.05,3719,84.0,0.11251901090145111,0.0001,78073
200,312480,87.08604422999998,1558,0.05,3720,84.0,0.3182906210422516,0.0001,78094
200,312564,87.08345410000001,1559,0.05,3721,84.0,0.18456168472766876,0.0001,78115
200,312648,87.07767125999999,1559,0.05,3722,84.0,0.16135427355766296,0.0001,78136
200,312732,87.07071608,1560,0.05,3723,84.0,0.2805827558040619,0.0001,78157
200,312816,87.07325560000001,1560,0.05,3724,84.0,4.039660930633545,0.0001,78178
200,312900,87.06568275,1561,0.05,3725,84.0,4.142484664916992,0.0001,78199
200,312984,87.05061821,1561,0.05,3726,84.0,0.3800124526023865,0.0001,78220
200,313068,87.06230707999997,1561,0.05,3727,84.0,7.698634147644043,0.0001,78241
200,313152,87.06919126999999,1562,0.05,3728,84.0,0.39630311727523804,0.0001,78262
200,313236,87.08049367,1562,0.05,3729,84.0,3.8347041606903076,0.0001,78283
200,313320,87.08689143999999,1563,0.05,3730,84.0,3.8384008407592773,0.0001,78304
200,313404,87.08512882,1563,0.05,3731,84.0,0.1252557933330536,0.0001,78325
200,313488,87.09307027999998,1564,0.05,3732,84.0,0.13762615621089935,0.0001,78346
200,313572,87.09792427000001,1564,0.05,3733,84.0,0.332131564617157,0.0001,78367
200,313656,87.10051859,1565,0.05,3734,84.0,0.29525232315063477,0.0001,78388
200,313740,87.09484916000001,1565,0.05,3735,84.0,0.31141117215156555,0.0001,78409
200,313824,87.08145325,1566,0.05,3736,84.0,4.841055870056152,0.0001,78430
200,313908,87.07676218,1566,0.05,3737,84.0,3.7981810569763184,0.0001,78451
200,313992,87.07950185,1566,0.05,3738,84.0,4.289670944213867,0.0001,78472
200,314076,87.07495621,1567,0.05,3739,84.0,8.518842697143555,0.0001,78493
200,314160,87.07189171000002,1567,0.05,3740,84.0,0.36810576915740967,0.0001,78514
200,314244,87.07198509999998,1568,0.05,3741,84.0,0.4558632969856262,0.0001,78535
200,314328,87.06768103,1568,0.05,3742,84.0,0.08715712279081345,0.0001,78556
200,314412,87.07942682,1569,0.05,3743,84.0,0.5660421848297119,0.0001,78577
200,314496,87.08991709000001,1569,0.05,3744,84.0,4.347157955169678,0.0001,78598
200,314580,87.07746026000002,1569,0.05,3745,84.0,0.12191260606050491,0.0001,78619
200,314664,87.10520033000003,1570,0.05,3746,84.0,4.242504596710205,0.0001,78640
200,314748,87.10988090000002,1570,0.05,3747,84.0,4.113544464111328,0.0001,78661
200,314832,87.09928809000002,1571,0.05,3748,84.0,0.4069117307662964,0.0001,78682
200,314916,87.09907494,1571,0.05,3749,84.0,7.895644664764404,0.0001,78703
200,315000,87.08915552,1572,0.05,3750,84.0,0.1665501594543457,0.0001,78724
200,315084,87.08771197,1572,0.05,3751,84.0,4.160847187042236,0.0001,78745
200,315168,87.09841541,1573,0.05,3752,84.0,3.995893955230713,0.0001,78766
200,315252,87.11800041999999,1573,0.05,3753,84.0,0.30100175738334656,0.0001,78787
200,315336,87.11623745000001,1573,0.05,3754,84.0,0.3368300199508667,0.0001,78808
200,315420,87.13660284000001,1574,0.05,3755,84.0,0.32703444361686707,0.0001,78829
200,315504,87.13561694,1574,0.05,3756,84.0,0.35741665959358215,0.0001,78850
200,315588,87.13367056000001,1575,0.05,3757,84.0,0.3722766041755676,0.0001,78871
200,315672,87.13914678999998,1576,0.05,3758,84.0,4.814085483551025,0.0001,78892
200,315756,87.13902210999998,1576,0.05,3759,84.0,0.08731578290462494,0.0001,78913
200,315840,87.13722424,1577,0.05,3760,84.0,7.624034404754639,0.0001,78934
200,315924,87.13768563000002,1577,0.05,3761,84.0,4.692061424255371,0.0001,78955
200,316008,87.1394496,1578,0.05,3762,84.0,0.09555600583553314,0.0001,78976
200,316092,87.14528690000002,1578,0.05,3763,84.0,0.14463935792446136,0.0001,78997
200,316176,87.14851448000002,1579,0.05,3764,84.0,0.08008024096488953,0.0001,79018
200,316260,87.16481414000003,1579,0.05,3765,84.0,4.113765239715576,0.0001,79039
200,316344,87.17758662000001,1580,0.05,3766,84.0,0.41883301734924316,0.0001,79060
200,316428,87.18753165000003,1580,0.05,3767,84.0,3.859912633895874,0.0001,79081
200,316512,87.18427646000004,1581,0.05,3768,84.0,3.947702646255493,0.0001,79102
200,316596,87.19106386000001,1581,0.05,3769,84.0,0.07233580201864243,0.0001,79123
200,316680,87.20024084999999,1582,0.05,3770,84.0,4.24122428894043,0.0001,79144
200,316764,87.20883776,1582,0.05,3771,84.0,0.17087803781032562,0.0001,79165
200,316848,87.20032184999997,1583,0.05,3772,84.0,0.5604601502418518,0.0001,79186
200,316932,87.19920411999998,1583,0.05,3773,84.0,0.1428668349981308,0.0001,79207
200,317016,87.21987897999999,1584,0.05,3774,84.0,0.7706758379936218,0.0001,79228
200,317100,87.20603630999999,1584,0.05,3775,84.0,0.31308794021606445,0.0001,79249
200,317184,87.21563053999998,1585,0.05,3776,84.0,1.0551846027374268,0.0001,79270
200,317268,87.22412223999999,1585,0.05,3777,84.0,4.064871788024902,0.0001,79291
200,317352,87.22406801999999,1586,0.05,3778,84.0,3.666010856628418,0.0001,79312
200,317436,87.21993631,1586,0.05,3779,84.0,0.09727557748556137,0.0001,79333
200,317520,87.24271297000001,1587,0.05,3780,84.0,4.059126377105713,0.0001,79354
199,317604,87.25192991,1588,0.05,3781,84.0,0.37768542766571045,0.0001,79375
199,317688,87.25981886,1588,0.05,3782,84.0,0.282047837972641,0.0001,79396
199,317772,87.25226937,1589,0.05,3783,84.0,4.196614742279053,0.0001,79417
199,317856,87.25626588000002,1589,0.05,3784,84.0,4.077877998352051,0.0001,79438
199,317940,87.25859808999999,1589,0.05,3785,84.0,0.43820977210998535,0.0001,79459
199,318024,87.26453060000001,1590,0.05,3786,84.0,0.2127000391483307,0.0001,79480
199,318108,87.27405085000001,1590,0.05,3787,84.0,0.31976717710494995,0.0001,79501
199,318192,87.28682268,1591,0.05,3788,84.0,4.100841045379639,0.0001,79522
199,318276,87.28370014000002,1591,0.05,3789,84.0,3.9535317420959473,0.0001,79543
199,318360,87.28390631,1592,0.05,3790,84.0,0.39745044708251953,0.0001,79564
199,318444,87.25154142,1592,0.05,3791,84.0,3.9354450702667236,0.0001,79585
199,318528,87.25750297,1593,0.05,3792,84.0,0.3890626132488251,0.0001,79606
199,318612,87.26540742000002,1594,0.05,3793,84.0,8.23550796508789,0.0001,79627
199,318696,87.25531065,1594,0.05,3794,84.0,8.074958801269531,0.0001,79648
199,318780,87.21969144999998,1595,0.05,3795,84.0,0.6298487186431885,0.0001,79669
199,318864,87.22950523999998,1595,0.05,3796,84.0,0.06900550425052643,0.0001,79690
199,318948,87.22889082999998,1596,0.05,3797,84.0,4.199282646179199,0.0001,79711
199,319032,87.24271662999998,1596,0.05,3798,84.0,0.21232464909553528,0.0001,79732
199,319116,87.26875059999999,1597,0.05,3799,84.0,4.383230209350586,0.0001,79753
199,319200,87.263195,1597,0.05,3800,84.0,0.06746605038642883,0.0001,79774
199,319284,87.27261719,1598,0.05,3801,84.0,0.39283910393714905,0.0001,79795
199,319368,87.28048214,1598,0.05,3802,84.0,0.5869537591934204,0.0001,79816
199,319452,87.27723011,1599,0.05,3803,84.0,0.34404563903808594,0.0001,79837
199,319536,87.28161321999998,1599,0.05,3804,84.0,0.29340866208076477,0.0001,79858
199,319620,87.29625527999997,1600,0.05,3805,84.0,0.16425372660160065,0.0001,79879
199,319704,87.32917861999998,1600,0.05,3806,84.0,0.3583090901374817,0.0001,79900
199,319788,87.32186390999998,1601,0.05,3807,84.0,4.409128189086914,0.0001,79921
199,319872,87.32427816999999,1601,0.05,3808,84.0,0.7515844106674194,0.0001,79942
199,319956,87.33526281,1601,0.05,3809,84.0,0.4289706349372864,0.0001,79963
199,320040,87.36024080000001,1602,0.05,3810,84.0,0.13947045803070068,0.0001,79984
199,320124,87.35667685,1602,0.05,3811,84.0,3.986168384552002,0.0001,80005
199,320208,87.36694036,1603,0.05,3812,84.0,4.225667476654053,0.0001,80026
199,320292,87.38658980000002,1603,0.05,3813,84.0,8.039159774780273,0.0001,80047
199,320376,87.38871796000001,1604,0.05,3814,84.0,0.32805120944976807,0.0001,80068
199,320460,87.37254186,1604,0.05,3815,84.0,0.3145700693130493,0.0001,80089
199,320544,87.38289737,1605,0.05,3816,84.0,0.3349064290523529,0.0001,80110
199,320628,87.38687689999999,1605,0.05,3817,84.0,0.3125019371509552,0.0001,80131
199,320712,87.42267373999998,1606,0.05,3818,84.0,0.5965292453765869,0.0001,80152
199,320796,87.41341407999998,1606,0.05,3819,84.0,0.32616132497787476,0.0001,80173
199,320880,87.42768747999999,1607,0.05,3820,84.0,0.13890263438224792,0.0001,80194
199,320964,87.43006188,1608,0.05,3821,84.0,0.2934114336967468,0.0001,80215
199,321048,87.43440899,1608,0.05,3822,84.0,4.311019420623779,0.0001,80236
199,321132,87.44066176999999,1609,0.05,3823,84.0,0.09238020330667496,0.0001,80257
199,321216,87.45461482,1609,0.05,3824,84.0,0.18584346771240234,0.0001,80278
199,321300,87.46215104,1610,0.05,3825,84.0,4.447507381439209,0.0001,80299
199,321384,87.46990531,1610,0.05,3826,84.0,0.5872536897659302,0.0001,80320
199,321468,87.46093424999998,1611,0.05,3827,84.0,0.2033095806837082,0.0001,80341
199,321552,87.45503163,1611,0.05,3828,84.0,0.37699007987976074,0.0001,80362
199,321636,87.44090888000001,1612,0.05,3829,84.0,0.12731781601905823,0.0001,80383
199,321720,87.43242831000002,1612,0.05,3830,84.0,4.394396781921387,0.0001,80404
199,321804,87.43539575000003,1613,0.05,3831,84.0,0.3563280403614044,0.0001,80425
199,321888,87.38825181,1613,0.05,3832,84.0,0.3581158220767975,0.0001,80446
199,321972,87.37819972000001,1613,0.05,3833,84.0,0.0785297304391861,0.0001,80467
199,322056,87.37405603999997,1614,0.05,3834,84.0,0.2725970149040222,0.0001,80488
199,322140,87.38179788999997,1614,0.05,3835,84.0,4.444738388061523,0.0001,80509
199,322224,87.38594112999998,1615,0.05,3836,84.0,0.23252658545970917,0.0001,80530
199,322308,87.38633037000001,1615,0.05,3837,84.0,3.8396263122558594,0.0001,80551
199,322392,87.39481379,1616,0.05,3838,84.0,0.3271885812282562,0.0001,80572
199,322476,87.40080276000002,1616,0.05,3839,84.0,0.0811404138803482,0.0001,80593
199,322560,87.40347920000002,1617,0.05,3840,84.0,0.09591193497180939,0.0001,80614
199,322644,87.38780419000001,1617,0.05,3841,84.0,0.142229825258255,0.0001,80635
199,322728,87.38841708,1618,0.05,3842,84.0,0.3372892737388611,0.0001,80656
199,322812,87.37705231000001,1618,0.05,3843,84.0,0.19325527548789978,0.0001,80677
199,322896,87.36592161,1619,0.05,3844,84.0,3.9040584564208984,0.0001,80698
199,322980,87.34424378000001,1619,0.05,3845,84.0,3.866462469100952,0.0001,80719
199,323064,87.32088005000001,1620,0.05,3846,84.0,0.35445570945739746,0.0001,80740
199,323148,87.31338210000001,1620,0.05,3847,84.0,0.5464013814926147,0.0001,80761
199,323232,87.31649426,1620,0.05,3848,84.0,0.3208671808242798,0.0001,80782
199,323316,87.33223544999998,1621,0.05,3849,84.0,0.11336467415094376,0.0001,80803
199,323400,87.32783315,1621,0.05,3850,84.0,7.794523239135742,0.0001,80824
199,323484,87.32529871999999,1622,0.05,3851,84.0,7.590491771697998,0.0001,80845
199,323568,87.32249774,1622,0.05,3852,84.0,0.3311866819858551,0.0001,80866
199,323652,87.32982224,1623,0.05,3853,84.0,3.871324300765991,0.0001,80887
199,323736,87.33081963000001,1623,0.05,3854,84.0,0.6591178178787231,0.0001,80908
199,323820,87.30842031,1624,0.05,3855,84.0,0.35661715269088745,0.0001,80929
199,323904,87.31206576000001,1624,0.05,3856,84.0,0.37669360637664795,0.0001,80950
199,323988,87.31684994999999,1625,0.05,3857,84.0,0.15223604440689087,0.0001,80971
199,324072,87.30995128999999,1625,0.05,3858,84.0,0.07709448039531708,0.0001,80992
199,324156,87.30769731000001,1626,0.05,3859,84.0,4.3359270095825195,0.0001,81013
199,324240,87.30206452,1627,0.05,3860,84.0,0.23581518232822418,0.0001,81034
199,324324,87.30776045,1627,0.05,3861,84.0,4.103737831115723,0.0001,81055
199,324408,87.29329095999998,1628,0.05,3862,84.0,0.30257758498191833,0.0001,81076
199,324492,87.28914723,1628,0.05,3863,84.0,7.860851764678955,0.0001,81097
199,324576,87.28677551999998,1629,0.05,3864,84.0,4.06251335144043,0.0001,81118
199,324660,87.28255175999999,1629,0.05,3865,84.0,3.96559476852417,0.0001,81139
199,324744,87.28871791,1630,0.05,3866,84.0,0.39218318462371826,0.0001,81160
199,324828,87.27176546000001,1630,0.05,3867,84.0,0.35383906960487366,0.0001,81181
199,324912,87.26407923999999,1631,0.05,3868,84.0,0.5504988431930542,0.0001,81202
199,324996,87.26015228,1631,0.05,3869,84.0,0.10781312733888626,0.0001,81223
199,325080,87.26063989999999,1632,0.05,3870,84.0,0.3025263547897339,0.0001,81244
199,325164,87.26003057,1632,0.05,3871,84.0,0.6073490977287292,0.0001,81265
199,325248,87.25380637999999,1633,0.05,3872,84.0,0.5296613574028015,0.0001,81286
199,325332,87.25534320999999,1633,0.05,3873,84.0,0.1048830971121788,0.0001,81307
199,325416,87.24196896,1633,0.05,3874,84.0,8.06627368927002,0.0001,81328
199,325500,87.24068019,1634,0.05,3875,84.0,4.073197364807129,0.0001,81349
199,325584,87.22755517999998,1634,0.05,3876,84.0,0.5005377531051636,0.0001,81370
199,325668,87.22281088,1635,0.05,3877,84.0,0.38309091329574585,0.0001,81391
199,325752,87.22151211999999,1635,0.05,3878,84.0,8.711250305175781,0.0001,81412
199,325836,87.22550447000002,1636,0.05,3879,84.0,0.4041863679885864,0.0001,81433
199,325920,87.2281573,1636,0.05,3880,84.0,0.3349366784095764,0.0001,81454
199,326004,87.22633517,1637,0.05,3881,84.0,0.08951996266841888,0.0001,81475
199,326088,87.21742015,1638,0.05,3882,84.0,0.2680014967918396,0.0001,81496
199,326172,87.22686516,1638,0.05,3883,84.0,3.928210735321045,0.0001,81517
199,326256,87.22463306999998,1638,0.05,3884,84.0,0.15809942781925201,0.0001,81538
199,326340,87.21399025000001,1639,0.05,3885,84.0,0.06764664500951767,0.0001,81559
199,326424,87.20918123999999,1639,0.05,3886,84.0,0.3330470323562622,0.0001,81580
199,326508,87.20590712,1640,0.05,3887,84.0,0.08990661799907684,0.0001,81601
199,326592,87.19629674,1640,0.05,3888,84.0,4.580991268157959,0.0001,81622
199,326676,87.18653422999999,1641,0.05,3889,84.0,4.0797343254089355,0.0001,81643
199,326760,87.18205685,1641,0.05,3890,84.0,0.17901229858398438,0.0001,81664
199,326844,87.14649518,1642,0.05,3891,84.0,0.18112289905548096,0.0001,81685
199,326928,87.14946244999999,1642,0.05,3892,84.0,0.49437788128852844,0.0001,81706
199,327012,87.14325113,1643,0.05,3893,84.0,7.642036437988281,0.0001,81727
199,327096,87.11486280999999,1643,0.05,3894,84.0,0.08527515828609467,0.0001,81748
199,327180,87.156111,1643,0.05,3895,84.0,4.430152416229248,0.0001,81769
199,327264,87.15688393999999,1644,0.05,3896,84.0,4.055730819702148,0.0001,81790
199,327348,87.15306142000001,1644,0.05,3897,84.0,4.432284832000732,0.0001,81811
198,327432,87.15656898000002,1645,0.05,3898,84.0,0.12205322831869125,0.0001,81832
198,327516,87.16183422,1645,0.05,3899,84.0,0.37710773944854736,0.0001,81853
198,327600,87.17520947000001,1646,0.05,3900,84.0,7.512369155883789,0.0001,81874
198,327684,87.16811179000003,1647,0.05,3901,84.0,0.320831835269928,0.0001,81895
198,327768,87.16127363000001,1647,0.05,3902,84.0,0.5400370955467224,0.0001,81916
198,327852,87.17335564999999,1648,0.05,3903,84.0,0.3246256709098816,0.0001,81937
198,327936,87.17346952,1648,0.05,3904,84.0,7.722740173339844,0.0001,81958
198,328020,87.15825516999999,1648,0.05,3905,84.0,0.6512160301208496,0.0001,81979
198,328104,87.16512302,1649,0.05,3906,84.0,0.08466638624668121,0.0001,82000
198,328188,87.17283291,1649,0.05,3907,84.0,3.7972424030303955,0.0001,82021
198,328272,87.18337672,1650,0.05,3908,84.0,0.10669877380132675,0.0001,82042
198,328356,87.17903593999999,1650,0.05,3909,84.0,0.16467496752738953,0.0001,82063
198,328440,87.18311172,1651,0.05,3910,84.0,8.0646390914917,0.0001,82084
198,328524,87.17907572999998,1651,0.05,3911,84.0,0.09174875915050507,0.0001,82105
198,328608,87.17353352999999,1652,0.05,3912,84.0,0.3797273635864258,0.0001,82126
198,328692,87.14739804999999,1652,0.05,3913,84.0,8.043445587158203,0.0001,82147
198,328776,87.15931959,1653,0.05,3914,84.0,0.14734935760498047,0.0001,82168
198,328860,87.17300082,1653,0.05,3915,84.0,0.3625476062297821,0.0001,82189
198,328944,87.16573884000002,1653,0.05,3916,84.0,7.626495838165283,0.0001,82210
198,329028,87.18061009000002,1654,0.05,3917,84.0,4.0541300773620605,0.0001,82231
198,329112,87.1076217,1654,0.05,3918,84.0,0.3681700527667999,0.0001,82252
198,329196,87.11045129999998,1655,0.05,3919,84.0,0.045189402997493744,0.0001,82273
198,329280,87.09537036999998,1655,0.05,3920,84.0,4.20167875289917,0.0001,82294
198,329364,87.08477971999999,1656,0.05,3921,84.0,0.2992202043533325,0.0001,82315
198,329448,87.08085780999998,1657,0.05,3922,84.0,4.033446788787842,0.0001,82336
198,329532,87.06622859999999,1657,0.05,3923,84.0,4.132768630981445,0.0001,82357
198,329616,87.06549102000001,1658,0.05,3924,84.0,7.977932929992676,0.0001,82378
198,329700,87.07093490999999,1658,0.05,3925,84.0,0.09799711406230927,0.0001,82399
198,329784,87.07330333,1659,0.05,3926,84.0,0.39008137583732605,0.0001,82420
198,329868,87.08255252000001,1659,0.05,3927,84.0,0.09335273504257202,0.0001,82441
198,329952,86.98953945,1660,0.05,3928,84.0,0.35647326707839966,0.0001,82462
198,330036,86.99755789999999,1660,0.05,3929,84.0,4.53009033203125,0.0001,82483
198,330120,86.92925630999999,1661,0.05,3930,84.0,0.5281473398208618,0.0001,82504
198,330204,86.93360031999998,1661,0.05,3931,84.0,0.1795813888311386,0.0001,82525
198,330288,86.973013,1662,0.05,3932,84.0,0.32610461115837097,0.0001,82546
198,330372,86.97098309999997,1662,0.05,3933,84.0,4.106427192687988,0.0001,82567
198,330456,86.97985143,1662,0.05,3934,84.0,3.850959300994873,0.0001,82588
198,330540,86.98430427,1663,0.05,3935,84.0,0.372717946767807,0.0001,82609
198,330624,86.98139751000001,1663,0.05,3936,84.0,11.795161247253418,0.0001,82630
198,330708,86.97847033,1664,0.05,3937,84.0,0.10193052887916565,0.0001,82651
198,330792,86.97609773,1664,0.05,3938,84.0,4.233912467956543,0.0001,82672
198,330876,86.97367251,1665,0.05,3939,84.0,1.0072767734527588,0.0001,82693
198,330960,86.9655026,1665,0.05,3940,84.0,0.3719747066497803,0.0001,82714
198,331044,86.96750662000001,1666,0.05,3941,84.0,0.5629596710205078,0.0001,82735
198,331128,86.96963373,1666,0.05,3942,84.0,0.6667963862419128,0.0001,82756
198,331212,86.98902817,1667,0.05,3943,84.0,0.342883825302124,0.0001,82777
198,331296,86.99450649999999,1667,0.05,3944,84.0,0.15494278073310852,0.0001,82798
198,331380,87.01727642000002,1668,0.05,3945,84.0,0.1863669902086258,0.0001,82819
198,331464,87.03277831000001,1668,0.05,3946,84.0,0.15355819463729858,0.0001,82840
198,331548,87.03331042000002,1669,0.05,3947,84.0,4.155902862548828,0.0001,82861
198,331632,87.03511686,1669,0.05,3948,84.0,4.406179428100586,0.0001,82882
198,331716,87.02758312,1670,0.05,3949,84.0,0.489263117313385,0.0001,82903
198,331800,87.02952785000001,1670,0.05,3950,84.0,0.5872014164924622,0.0001,82924
198,331884,87.03203610999999,1671,0.05,3951,84.0,4.163033962249756,0.0001,82945
198,331968,87.03927721000002,1671,0.05,3952,84.0,3.9366047382354736,0.0001,82966
198,332052,87.03696165,1672,0.05,3953,84.0,4.01493501663208,0.0001,82987
198,332136,87.03500609999999,1672,0.05,3954,84.0,4.72001838684082,0.0001,83008
198,332220,87.04329673000001,1673,0.05,3955,84.0,0.7280521988868713,0.0001,83029
198,332304,87.04233363999998,1673,0.05,3956,84.0,0.3873632252216339,0.0001,83050
198,332388,87.04984440999996,1673,0.05,3957,84.0,3.761551856994629,0.0001,83071
198,332472,87.04953001999996,1674,0.05,3958,84.0,0.13545313477516174,0.0001,83092
198,332556,87.05186921999997,1674,0.05,3959,84.0,0.09753294289112091,0.0001,83113
198,332640,87.04133094999999,1675,0.05,3960,84.0,0.4055901765823364,0.0001,83134
198,332724,87.03864878999998,1676,0.05,3961,84.0,3.9214606285095215,0.0001,83155
198,332808,87.00355647999997,1676,0.05,3962,84.0,0.1259913444519043,0.0001,83176
198,332892,87.00439741999999,1677,0.05,3963,84.0,3.7217459678649902,0.0001,83197
198,332976,86.99280716,1677,0.05,3964,84.0,0.19281791150569916,0.0001,83218
198,333060,86.97477097,1678,0.05,3965,84.0,0.5800578594207764,0.0001,83239
198,333144,86.95460658,1678,0.05,3966,84.0,0.6614324450492859,0.0001,83260
198,333228,86.96085088,1679,0.05,3967,84.0,0.5354573130607605,0.0001,83281
198,333312,86.96823613000001,1679,0.05,3968,84.0,0.24026252329349518,0.0001,83302
198,333396,86.96149079999999,1680,0.05,3969,84.0,0.1368197500705719,0.0001,83323
198,333480,86.95455242,1680,0.05,3970,84.0,0.4185309410095215,0.0001,83344
198,333564,86.9506329,1681,0.05,3971,84.0,0.2009488344192505,0.0001,83365
198,333648,86.95744483,1681,0.05,3972,84.0,4.189377784729004,0.0001,83386
198,333732,86.96832997000001,1682,0.05,3973,84.0,5.185728073120117,0.0001,83407
198,333816,86.96904375999999,1682,0.05,3974,84.0,0.5142413377761841,0.0001,83428
198,333900,86.96993811,1683,0.05,3975,84.0,0.1735542118549347,0.0001,83449
198,333984,86.96335741000001,1683,0.05,3976,84.0,0.30549612641334534,0.0001,83470
198,334068,86.86946664999999,1683,0.05,3977,84.0,0.5274211764335632,0.0001,83491
198,334152,86.84029088,1684,0.05,3978,84.0,12.696372985839844,0.0001,83512
198,334236,86.84534222999999,1684,0.05,3979,84.0,4.0393218994140625,0.0001,83533
198,334320,86.84284408999999,1685,0.05,3980,84.0,0.8717217445373535,0.0001,83554
198,334404,86.84445719000001,1685,0.05,3981,84.0,0.1964072734117508,0.0001,83575
198,334488,86.84924900999998,1686,0.05,3982,84.0,0.3863401412963867,0.0001,83596
198,334572,86.82680691,1686,0.05,3983,84.0,0.13462167978286743,0.0001,83617
198,334656,86.82808863,1687,0.05,3984,84.0,0.4218354821205139,0.0001,83638
198,334740,86.83540916999999,1687,0.05,3985,84.0,4.024442672729492,0.0001,83659
198,334824,86.82582342999999,1688,0.05,3986,84.0,0.343410462141037,0.0001,83680
198,334908,86.83069687999999,1688,0.05,3987,84.0,0.34693750739097595,0.0001,83701
198,334992,86.84798192999999,1689,0.05,3988,84.0,0.2667851150035858,0.0001,83722
198,335076,86.85957471,1689,0.05,3989,84.0,0.128821462392807,0.0001,83743
198,335160,86.86342887999999,1690,0.05,3990,84.0,4.529648780822754,0.0001,83764
198,335244,86.92757346,1690,0.05,3991,84.0,0.19341711699962616,0.0001,83785
198,335328,86.92095402,1691,0.05,3992,84.0,0.21615193784236908,0.0001,83806
198,335412,86.92482516,1691,0.05,3993,84.0,0.08285525441169739,0.0001,83827
198,335496,86.94712865,1692,0.05,3994,84.0,0.5374770164489746,0.0001,83848
198,335580,86.94409335,1692,0.05,3995,84.0,0.1385290026664734,0.0001,83869
198,335664,86.93644245000002,1693,0.05,3996,84.0,0.1111755445599556,0.0001,83890
198,335748,86.93819261,1693,0.05,3997,84.0,4.667047023773193,0.0001,83911
198,335832,86.92161920000002,1694,0.05,3998,84.0,4.743240833282471,0.0001,83932
198,335916,86.92146940000002,1694,0.05,3999,84.0,0.7163257002830505,0.0001,83953
198,336000,86.91031360000001,1694,0.05,4000,84.0,0.11938009411096573,0.0001,83974
198,336084,86.93594394,1695,0.05,4001,84.0,0.13404208421707153,0.0001,83995
198,336168,86.94516841999999,1695,0.05,4002,84.0,0.4502241015434265,0.0001,84016
198,336252,86.93955860999999,1696,0.05,4003,84.0,0.3419535756111145,0.0001,84037
198,336336,86.93545875,1697,0.05,4004,84.0,0.1920473873615265,0.0001,84058
198,336420,86.93420433000001,1697,0.05,4005,84.0,4.373748779296875,0.0001,84079
198,336504,86.93009046000002,1698,0.05,4006,84.0,0.33035510778427124,0.0001,84100
198,336588,86.94154596,1698,0.05,4007,84.0,0.49046075344085693,0.0001,84121
198,336672,86.93416162000001,1699,0.05,4008,84.0,0.9391293525695801,0.0001,84142
198,336756,86.90492588,1699,0.05,4009,84.0,0.13918232917785645,0.0001,84163
198,336840,86.89431221,1700,0.05,4010,84.0,0.11936573684215546,0.0001,84184
198,336924,86.86716010999999,1700,0.05,4011,84.0,0.5432033538818359,0.0001,84205
198,337008,86.86399141999999,1701,0.05,4012,84.0,0.20382283627986908,0.0001,84226
198,337092,86.85039101000001,1701,0.05,4013,84.0,0.11566771566867828,0.0001,84247
198,337176,86.82608189000001,1702,0.05,4014,84.0,0.3138401210308075,0.0001,84268
198,337260,86.82658411,1702,0.05,4015,84.0,0.4175184369087219,0.0001,84289
198,337344,86.83085967999999,1703,0.05,4016,84.0,0.1875232607126236,0.0001,84310
198,337428,86.81162373999997,1703,0.05,4017,84.0,0.12290868908166885,0.0001,84331
198,337512,86.8748057,1704,0.05,4018,84.0,4.357981204986572,0.0001,84352
198,337596,86.89204627999997,1704,0.05,4019,84.0,3.9065003395080566,0.0001,84373
198,337680,86.90335375,1705,0.05,4020,84.0,0.5162755250930786,0.0001,84394
197,337764,86.91048213,1705,0.05,4021,84.0,0.2740973234176636,0.0001,84415
197,337848,86.91526407,1706,0.05,4022,84.0,0.7916494607925415,0.0001,84436
197,337932,86.93426061000002,1706,0.05,4023,84.0,0.1250477433204651,0.0001,84457
197,338016,86.91949029999999,1707,0.05,4024,84.0,3.9091546535491943,0.0001,84478
197,338100,86.91136858000002,1707,0.05,4025,84.0,0.44047802686691284,0.0001,84499
197,338184,86.91995747000001,1708,0.05,4026,84.0,0.35166627168655396,0.0001,84520
197,338268,86.90896643,1708,0.05,4027,84.0,4.053847789764404,0.0001,84541
197,338352,86.95688541000001,1709,0.05,4028,84.0,0.34584376215934753,0.0001,84562
197,338436,86.91505801000001,1709,0.05,4029,84.0,0.297459214925766,0.0001,84583
197,338520,86.99550438000001,1710,0.05,4030,84.0,0.3418097496032715,0.0001,84604
197,338604,86.98325860000001,1711,0.05,4031,84.0,0.08558209240436554,0.0001,84625
197,338688,86.99108150000002,1711,0.05,4032,84.0,0.5759387016296387,0.0001,84646
197,338772,86.96298689999999,1711,0.05,4033,84.0,0.4118538200855255,0.0001,84667
197,338856,86.95606162,1712,0.05,4034,84.0,0.3431244194507599,0.0001,84688
197,338940,86.95269520999999,1713,0.05,4035,84.0,7.537245750427246,0.0001,84709
197,339024,86.94250413,1713,0.05,4036,84.0,0.1581203043460846,0.0001,84730
197,339108,86.95490459000001,1714,0.05,4037,84.0,0.10113075375556946,0.0001,84751
197,339192,86.93815504999999,1714,0.05,4038,84.0,4.226720809936523,0.0001,84772
197,339276,86.92169559,1715,0.05,4039,84.0,4.777207851409912,0.0001,84793
197,339360,86.93444878999999,1715,0.05,4040,84.0,3.9320292472839355,0.0001,84814
197,339444,86.93825674,1716,0.05,4041,84.0,4.131454944610596,0.0001,84835
197,339528,86.929925,1716,0.05,4042,84.0,0.3132834732532501,0.0001,84856
197,339612,86.92783955,1717,0.05,4043,84.0,0.06751281023025513,0.0001,84877
197,339696,86.93417640000001,1717,0.05,4044,84.0,4.03994607925415,0.0001,84898
197,339780,86.94899283000001,1718,0.05,4045,84.0,0.12748393416404724,0.0001,84919
197,339864,86.94211506000002,1718,0.05,4046,84.0,0.14319516718387604,0.0001,84940
197,339948,86.95514775,1719,0.05,4047,84.0,0.07622628659009933,0.0001,84961
197,340032,86.94537284,1719,0.05,4048,84.0,4.07905912399292,0.0001,84982
197,340116,86.94481985,1719,0.05,4049,84.0,0.14719237387180328,0.0001,85003
197,340200,86.94495530999998,1720,0.05,4050,84.0,3.654296636581421,0.0001,85024
197,340284,86.94738455999999,1721,0.05,4051,84.0,4.390620231628418,0.0001,85045
197,340368,86.93915995999998,1721,0.05,4052,84.0,4.438085079193115,0.0001,85066
197,340452,86.93886962999997,1722,0.05,4053,84.0,0.1448298543691635,0.0001,85087
197,340536,86.93826461999997,1722,0.05,4054,84.0,0.36917591094970703,0.0001,85108
197,340620,86.93182171999999,1723,0.05,4055,84.0,0.6960729360580444,0.0001,85129
197,340704,86.94431323999999,1723,0.05,4056,84.0,0.17322838306427002,0.0001,85150
197,340788,86.93623299999999,1724,0.05,4057,84.0,0.8282496929168701,0.0001,85171
197,340872,86.93735692,1724,0.05,4058,84.0,3.910519599914551,0.0001,85192
197,340956,86.95142750000001,1724,0.05,4059,84.0,0.1008409857749939,0.0001,85213
197,341040,86.97075679999998,1725,0.05,4060,84.0,4.514176845550537,0.0001,85234
197,341124,86.97105228000001,1725,0.05,4061,84.0,0.39565950632095337,0.0001,85255
197,341208,87.00650281,1726,0.05,4062,84.0,3.8711020946502686,0.0001,85276
197,341292,86.99809310999999,1726,0.05,4063,84.0,0.21486735343933105,0.0001,85297
197,341376,87.01045193999998,1727,0.05,4064,84.0,3.988924264907837,0.0001,85318
197,341460,87.02801305000001,1727,0.05,4065,84.0,0.11621326208114624,0.0001,85339
197,341544,87.03189298,1728,0.05,4066,84.0,4.329250335693359,0.0001,85360
197,341628,87.01914301,1728,0.05,4067,84.0,4.186972618103027,0.0001,85381
197,341712,87.01882657999998,1729,0.05,4068,84.0,0.49396616220474243,0.0001,85402
197,341796,87.01559009999997,1729,0.05,4069,84.0,4.124925136566162,0.0001,85423
197,341880,86.99510862,1730,0.05,4070,84.0,0.2427005171775818,0.0001,85444
197,341964,86.98754626,1730,0.05,4071,84.0,0.15893904864788055,0.0001,85465
197,342048,87.00722166,1731,0.05,4072,84.0,4.416154384613037,0.0001,85486
197,342132,86.98310689000002,1731,0.05,4073,84.0,0.3706698715686798,0.0001,85507
197,342216,86.98529114000002,1732,0.05,4074,84.0,0.2861347496509552,0.0001,85528
197,342300,86.98551124999999,1732,0.05,4075,84.0,0.17804783582687378,0.0001,85549
197,342384,86.99308151000002,1732,0.05,4076,84.0,0.08473946154117584,0.0001,85570
197,342468,87.07368457000001,1733,0.05,4077,84.0,0.4311373829841614,0.0001,85591
197,342552,87.10701689000003,1733,0.05,4078,84.0,0.5496912002563477,0.0001,85612
197,342636,87.10478311000001,1734,0.05,4079,84.0,0.24338746070861816,0.0001,85633
197,342720,87.10282112,1734,0.05,4080,84.0,7.792834758758545,0.0001,85654
197,342804,87.09194581,1735,0.05,4081,84.0,0.31473612785339355,0.0001,85675
197,342888,87.09494040999998,1735,0.05,4082,84.0,0.5953994393348694,0.0001,85696
197,342972,87.11112175999999,1736,0.05,4083,84.0,0.504375159740448,0.0001,85717
197,343056,87.10317568999999,1736,0.05,4084,84.0,0.32979655265808105,0.0001,85738
197,343140,87.1071557,1736,0.05,4085,84.0,3.9229345321655273,0.0001,85759
197,343224,87.11757279,1737,0.05,4086,84.0,0.3156270682811737,0.0001,85780
197,343308,87.11044405000001,1738,0.05,4087,84.0,0.2939939498901367,0.0001,85801
197,343392,87.09409715000001,1738,0.05,4088,84.0,0.3503906726837158,0.0001,85822
197,343476,87.09455948000003,1739,0.05,4089,84.0,0.42451223731040955,0.0001,85843
197,343560,87.09571126000003,1739,0.05,4090,84.0,4.039813995361328,0.0001,85864
197,343644,87.09294279000001,1740,0.05,4091,84.0,5.051626205444336,0.0001,85885
197,343728,87.09412383,1740,0.05,4092,84.0,4.9681396484375,0.0001,85906
197,343812,87.10327518,1740,0.05,4093,84.0,3.905691146850586,0.0001,85927
197,343896,87.11980252,1741,0.05,4094,84.0,0.5987980365753174,0.0001,85948
197,343980,87.11781343999999,1741,0.05,4095,84.0,0.10107127577066422,0.0001,85969
197,344064,87.10839915000001,1742,0.05,4096,84.0,0.27152132987976074,0.0001,85990
197,344148,87.10636785000001,1742,0.05,4097,84.0,0.3142285943031311,0.0001,86011
197,344232,87.10871416,1742,0.05,4098,84.0,0.17772677540779114,0.0001,86032
197,344316,87.10660522999999,1743,0.05,4099,84.0,3.991466999053955,0.0001,86053
197,344400,87.11237548000001,1743,0.05,4100,84.0,0.5655267834663391,0.0001,86074
197,344484,87.09146684999997,1744,0.05,4101,84.0,8.000205993652344,0.0001,86095
197,344568,87.08358969999998,1745,0.05,4102,84.0,0.5273191928863525,0.0001,86116
197,344652,87.08254648999998,1745,0.05,4103,84.0,0.07180678099393845,0.0001,86137
197,344736,87.09206973999999,1746,0.05,4104,84.0,0.5978065133094788,0.0001,86158
197,344820,87.09249847999997,1746,0.05,4105,84.0,0.1187555268406868,0.0001,86179
197,344904,87.09140291,1747,0.05,4106,84.0,0.32840844988822937,0.0001,86200
197,344988,87.07556284999998,1747,0.05,4107,84.0,0.08068857342004776,0.0001,86221
197,345072,87.07160771000001,1748,0.05,4108,84.0,3.9804112911224365,0.0001,86242
197,345156,87.10790023999998,1749,0.05,4109,84.0,1.0988097190856934,0.0001,86263
197,345240,87.11467501000001,1749,0.05,4110,84.0,0.11950869858264923,0.0001,86284
197,345324,87.14675815000003,1749,0.05,4111,84.0,7.905468940734863,0.0001,86305
197,345408,87.14930282000003,1750,0.05,4112,84.0,7.9681620597839355,0.0001,86326
197,345492,87.16463698000001,1750,0.05,4113,84.0,0.10973318666219711,0.0001,86347
197,345576,87.18054213,1751,0.05,4114,84.0,3.9318432807922363,0.0001,86368
197,345660,87.17685825000001,1752,0.05,4115,84.0,4.089860916137695,0.0001,86389
197,345744,87.15939499,1753,0.05,4116,84.0,4.526954650878906,0.0001,86410
197,345828,87.16138455000001,1753,0.05,4117,84.0,0.09364307671785355,0.0001,86431
197,345912,87.16405129999997,1753,0.05,4118,84.0,0.07185962051153183,0.0001,86452
197,345996,87.14748291999999,1754,0.05,4119,84.0,4.567572593688965,0.0001,86473
197,346080,87.14703295,1754,0.05,4120,84.0,3.904148817062378,0.0001,86494
197,346164,87.15805653999998,1755,0.05,4121,84.0,0.3458770513534546,0.0001,86515
197,346248,87.1533354,1755,0.05,4122,84.0,4.324186325073242,0.0001,86536
197,346332,87.15946253999999,1756,0.05,4123,84.0,0.3514477610588074,0.0001,86557
197,346416,87.16375814999999,1757,0.05,4124,84.0,0.1808771938085556,0.0001,86578
197,346500,87.15994172999999,1758,0.05,4125,84.0,0.5587211847305298,0.0001,86599
197,346584,87.15095973999998,1758,0.05,4126,84.0,0.571575403213501,0.0001,86620
197,346668,87.14745928999999,1758,0.05,4127,84.0,0.06581689417362213,0.0001,86641
197,346752,87.19871478,1759,0.05,4128,84.0,4.0633015632629395,0.0001,86662
197,346836,87.23808282,1759,0.05,4129,84.0,0.7684072256088257,0.0001,86683
197,346920,87.22494488000002,1760,0.05,4130,84.0,0.10365729033946991,0.0001,86704
197,347004,87.23700263000002,1760,0.05,4131,84.0,0.503040075302124,0.0001,86725
197,347088,87.22748000000001,1761,0.05,4132,84.0,4.132913112640381,0.0001,86746
197,347172,87.26400613,1761,0.05,4133,84.0,4.101564884185791,0.0001,86767
197,347256,87.25629694000001,1762,0.05,4134,84.0,0.12515577673912048,0.0001,86788
197,347340,87.25065679999997,1762,0.05,4135,84.0,0.12941287457942963,0.0001,86809
197,347424,87.26348158,1763,0.05,4136,84.0,4.3439106941223145,0.0001,86830
197,347508,87.26404052,1763,0.05,4137,84.0,3.6152360439300537,0.0001,86851
197,347592,87.27695016,1764,0.05,4138,84.0,0.3035438060760498,0.0001,86872
197,347676,87.29071975000001,1764,0.05,4139,84.0,0.245200514793396,0.0001,86893
196,347760,87.28128029000001,1765,0.05,4140,84.0,0.11216282099485397,0.0001,86914
196,347844,87.28062728,1765,0.05,4141,84.0,0.3108520209789276,0.0001,86935
196,347928,87.24675239,1766,0.05,4142,84.0,0.2532668113708496,0.0001,86956
196,348012,87.24139094,1766,0.05,4143,84.0,0.28316614031791687,0.0001,86977
196,348096,87.23283732999998,1767,0.05,4144,84.0,8.759333610534668,0.0001,86998
196,348180,87.22875751999999,1767,0.05,4145,84.0,7.619577407836914,0.0001,87019
196,348264,87.23374845999999,1768,0.05,4146,84.0,0.8968760967254639,0.0001,87040
196,348348,87.22484692,1768,0.05,4147,84.0,0.34157004952430725,0.0001,87061
196,348432,87.23074650999999,1769,0.05,4148,84.0,3.7574996948242188,0.0001,87082
196,348516,87.22239146,1769,0.05,4149,84.0,0.16212648153305054,0.0001,87103
196,348600,87.21866547000002,1770,0.05,4150,84.0,0.3320300281047821,0.0001,87124
196,348684,87.21836103000001,1770,0.05,4151,84.0,0.09007103741168976,0.0001,87145
196,348768,87.21700708,1771,0.05,4152,84.0,0.14354830980300903,0.0001,87166
196,348852,87.20891164000001,1771,0.05,4153,84.0,4.128530502319336,0.0001,87187
196,348936,87.21082883999999,1772,0.05,4154,84.0,0.5775977969169617,0.0001,87208
196,349020,87.21462595000001,1772,0.05,4155,84.0,0.2852568030357361,0.0001,87229
196,349104,87.20753578,1773,0.05,4156,84.0,0.32292139530181885,0.0001,87250
196,349188,87.20388119000003,1773,0.05,4157,84.0,4.2429938316345215,0.0001,87271
196,349272,87.20288886000002,1773,0.05,4158,84.0,0.7280263304710388,0.0001,87292
196,349356,87.17370323000002,1774,0.05,4159,84.0,0.4171353578567505,0.0001,87313
196,349440,87.16926360000001,1775,0.05,4160,84.0,3.8313701152801514,0.0001,87334
196,349524,87.16779663999999,1775,0.05,4161,84.0,0.7436640858650208,0.0001,87355
196,349608,87.17324313,1776,0.05,4162,84.0,1.0244489908218384,0.0001,87376
196,349692,87.19288794000003,1776,0.05,4163,84.0,0.3034503161907196,0.0001,87397
196,349776,87.18955076000002,1777,0.05,4164,84.0,0.32425975799560547,0.0001,87418
196,349860,87.19068178000003,1778,0.05,4165,84.0,0.22573822736740112,0.0001,87439
196,349944,87.19233158000003,1779,0.05,4166,84.0,0.27794259786605835,0.0001,87460
196,350028,87.19838941000002,1779,0.05,4167,84.0,3.9274420738220215,0.0001,87481
196,350112,87.20541169000002,1780,0.05,4168,84.0,0.22245323657989502,0.0001,87502
196,350196,87.21018159,1780,0.05,4169,84.0,0.3761991262435913,0.0001,87523
196,350280,87.22257144000001,1781,0.05,4170,84.0,0.5321159362792969,0.0001,87544
196,350364,87.22617261,1782,0.05,4171,84.0,0.33435553312301636,0.0001,87565
196,350448,87.21600716,1782,0.05,4172,84.0,0.4004540741443634,0.0001,87586
196,350532,87.23246037000001,1783,0.05,4173,84.0,0.3217535614967346,0.0001,87607
196,350616,87.23031767000002,1783,0.05,4174,84.0,4.146582126617432,0.0001,87628
196,350700,87.22901684,1784,0.05,4175,84.0,0.3388024568557739,0.0001,87649
196,350784,87.22494013000004,1784,0.05,4176,84.0,0.334148645401001,0.0001,87670
196,350868,87.22684311,1785,0.05,4177,84.0,0.056136131286621094,0.0001,87691
196,350952,87.22170565000002,1786,0.05,4178,84.0,0.10538502782583237,0.0001,87712
196,351036,87.22868894000001,1786,0.05,4179,84.0,0.1050771027803421,0.0001,87733
196,351120,87.22533229000003,1787,0.05,4180,84.0,0.1342688798904419,0.0001,87754
196,351204,87.23022264000001,1788,0.05,4181,84.0,0.09379656612873077,0.0001,87775
196,351288,87.23127619000003,1788,0.05,4182,84.0,0.6029690504074097,0.0001,87796
196,351372,87.22865736000001,1789,0.05,4183,84.0,4.233337879180908,0.0001,87817
196,351456,87.22286383000002,1789,0.05,4184,84.0,4.318592071533203,0.0001,87838
196,351540,87.22015819000002,1790,0.05,4185,84.0,0.350635290145874,0.0001,87859
196,351624,87.19922648000002,1790,0.05,4186,84.0,3.814730167388916,0.0001,87880
196,351708,87.19551883999999,1791,0.05,4187,84.0,3.904628038406372,0.0001,87901
196,351792,87.19718642999999,1792,0.05,4188,84.0,0.24330277740955353,0.0001,87922
196,351876,87.2000001,1792,0.05,4189,84.0,0.31719762086868286,0.0001,87943
196,351960,87.20342927000002,1793,0.05,4190,84.0,0.1049189567565918,0.0001,87964
196,352044,87.19207962,1793,0.05,4191,84.0,0.5624963641166687,0.0001,87985
196,352128,87.17357300000002,1794,0.05,4192,84.0,4.020893096923828,0.0001,88006
196,352212,87.17064331000002,1794,0.05,4193,84.0,0.12978261709213257,0.0001,88027
196,352296,87.16284795,1795,0.05,4194,84.0,7.6545305252075195,0.0001,88048
196,352380,87.15927002999999,1795,0.05,4195,84.0,0.24100294709205627,0.0001,88069
196,352464,87.16567359999999,1796,0.05,4196,84.0,0.4253200888633728,0.0001,88090
196,352548,87.16585749999999,1796,0.05,4197,84.0,3.652052879333496,0.0001,88111
196,352632,87.16975703,1797,0.05,4198,84.0,0.509223461151123,0.0001,88132
196,352716,87.16863727,1797,0.05,4199,84.0,0.37044304609298706,0.0001,88153
196,352800,87.16122249,1798,0.05,4200,84.0,0.09657075256109238,0.0001,88174
196,352884,87.15803923,1798,0.05,4201,84.0,0.6019710302352905,0.0001,88195
196,352968,87.15898029,1799,0.05,4202,84.0,0.18784266710281372,0.0001,88216
196,353052,87.162866,1799,0.05,4203,84.0,3.965762138366699,0.0001,88237
196,353136,87.14135831,1800,0.05,4204,84.0,0.07295452058315277,0.0001,88258
196,353220,87.14413187999999,1800,0.05,4205,84.0,4.168066024780273,0.0001,88279
196,353304,87.14297490999999,1801,0.05,4206,84.0,0.5589587092399597,0.0001,88300
196,353388,87.14186355999999,1801,0.05,4207,84.0,0.3268396854400635,0.0001,88321
196,353472,87.14660668,1802,0.05,4208,84.0,4.3759284019470215,0.0001,88342
196,353556,87.15195072999997,1802,0.05,4209,84.0,0.5636820197105408,0.0001,88363
196,353640,87.14355896999997,1803,0.05,4210,84.0,0.10692109167575836,0.0001,88384
196,353724,87.14213902,1804,0.05,4211,84.0,0.15015621483325958,0.0001,88405
196,353808,87.14870103,1804,0.05,4212,84.0,4.3321123123168945,0.0001,88426
196,353892,87.15223049000001,1805,0.05,4213,84.0,12.250737190246582,0.0001,88447
196,353976,87.15208839,1805,0.05,4214,84.0,0.5291590094566345,0.0001,88468
196,354060,87.15752047,1806,0.05,4215,84.0,3.8450186252593994,0.0001,88489
195,354144,87.16070720999998,1806,0.05,4216,84.0,0.09737125784158707,0.0001,88510
195,354228,87.16471244999998,1807,0.05,4217,84.0,0.43475475907325745,0.0001,88531
195,354312,87.17387944000001,1808,0.05,4218,84.0,0.43175870180130005,0.0001,88552
195,354396,87.17042525999999,1808,0.05,4219,84.0,0.6234185695648193,0.0001,88573
195,354480,87.16191896000001,1809,0.05,4220,84.0,0.14355231821537018,0.0001,88594
195,354564,87.14373610000001,1809,0.05,4221,84.0,0.10151061415672302,0.0001,88615
195,354648,87.15057915,1810,0.05,4222,84.0,0.22203689813613892,0.0001,88636
195,354732,87.13392781,1810,0.05,4223,84.0,4.05654239654541,0.0001,88657
195,354816,87.14216965,1811,0.05,4224,84.0,0.3721657991409302,0.0001,88678
195,354900,87.15268649,1812,0.05,4225,84.0,0.2024802565574646,0.0001,88699
195,354984,87.14888859999999,1812,0.05,4226,84.0,0.6739112138748169,0.0001,88720
195,355068,87.14010649000002,1813,0.05,4227,84.0,8.249336242675781,0.0001,88741
195,355152,87.14709818000001,1813,0.05,4228,84.0,4.293883323669434,0.0001,88762
195,355236,87.14375248,1814,0.05,4229,84.0,0.9592705368995667,0.0001,88783
195,355320,87.14965793000003,1815,0.05,4230,84.0,0.15947285294532776,0.0001,88804
195,355404,87.14697899999999,1815,0.05,4231,84.0,0.34905436635017395,0.0001,88825
195,355488,87.14458283000002,1816,0.05,4232,84.0,4.047887802124023,0.0001,88846
195,355572,87.14975996999999,1816,0.05,4233,84.0,0.0944783091545105,0.0001,88867
195,355656,87.15971714000001,1817,0.05,4234,84.0,7.794379711151123,0.0001,88888
195,355740,87.16477837999999,1818,0.05,4235,84.0,4.8072075843811035,0.0001,88909
195,355824,87.16121133,1818,0.05,4236,84.0,0.15408462285995483,0.0001,88930
195,355908,87.14528190000001,1819,0.05,4237,84.0,0.12454802542924881,0.0001,88951
195,355992,87.14696150000003,1819,0.05,4238,84.0,4.251360893249512,0.0001,88972
195,356076,87.14773305,1820,0.05,4239,84.0,0.4227040410041809,0.0001,88993
195,356160,87.14439705000001,1820,0.05,4240,84.0,0.11371167749166489,0.0001,89014
195,356244,87.1310259,1821,0.05,4241,84.0,3.9425530433654785,0.0001,89035
195,356328,87.17585557999999,1821,0.05,4242,84.0,0.570642352104187,0.0001,89056
195,356412,87.16629687000001,1822,0.05,4243,84.0,4.394674777984619,0.0001,89077
195,356496,87.16542406999999,1822,0.05,4244,84.0,0.20036287605762482,0.0001,89098
195,356580,87.15303135,1823,0.05,4245,84.0,0.0882265716791153,0.0001,89119
195,356664,87.15047073,1823,0.05,4246,84.0,0.26912039518356323,0.0001,89140
195,356748,87.1540776,1824,0.05,4247,84.0,0.12121309340000153,0.0001,89161
195,356832,87.15109351,1824,0.05,4248,84.0,0.5550969243049622,0.0001,89182
195,356916,87.15622046,1825,0.05,4249,84.0,0.09657660126686096,0.0001,89203
195,357000,87.16960459000002,1825,0.05,4250,84.0,0.5307495594024658,0.0001,89224
195,357084,87.15780639000002,1826,0.05,4251,84.0,0.5413612127304077,0.0001,89245
195,357168,87.16007455000003,1826,0.05,4252,84.0,0.14557382464408875,0.0001,89266
195,357252,87.15975288000001,1827,0.05,4253,84.0,0.08545604348182678,0.0001,89287
195,357336,87.15837258000002,1827,0.05,4254,84.0,4.2847747802734375,0.0001,89308
195,357420,87.16503461,1827,0.05,4255,84.0,4.323413848876953,0.0001,89329
195,357504,87.17433562999999,1828,0.05,4256,84.0,3.7693581581115723,0.0001,89350
195,357588,87.18498436,1828,0.05,4257,84.0,0.08816320449113846,0.0001,89371
195,357672,87.18147439,1829,0.05,4258,84.0,3.9859774112701416,0.0001,89392
195,357756,87.19552820000001,1830,0.05,4259,84.0,12.449626922607422,0.0001,89413
195,357840,87.18991148,1830,0.05,4260,84.0,0.3321189284324646,0.0001,89434
195,357924,87.19740221000002,1831,0.05,4261,84.0,0.32908159494400024,0.0001,89455
195,358008,87.19938118000002,1831,0.05,4262,84.0,0.5119090676307678,0.0001,89476
195,358092,87.18128284000002,1832,0.05,4263,84.0,7.894399642944336,0.0001,89497
195,358176,87.18309001000003,1832,0.05,4264,84.0,0.13069380819797516,0.0001,89518
195,358260,87.18380680000001,1833,0.05,4265,84.0,3.8962411880493164,0.0001,89539
195,358344,87.19204713,1834,0.05,4266,84.0,0.2710227370262146,0.0001,89560
195,358428,87.20777617999998,1834,0.05,4267,84.0,0.577606201171875,0.0001,89581
195,358512,87.20295505999998,1835,0.05,4268,84.0,0.532038688659668,0.0001,89602
195,358596,87.20504913999997,1835,0.05,4269,84.0,0.39428842067718506,0.0001,89623
195,358680,87.20884440999997,1836,0.05,4270,84.0,0.6763397455215454,0.0001,89644
195,358764,87.20996367999999,1836,0.05,4271,84.0,0.5481283664703369,0.0001,89665
195,358848,87.20121909999997,1837,0.05,4272,84.0,0.3122861385345459,0.0001,89686
195,358932,87.19707376999999,1837,0.05,4273,84.0,4.452960968017578,0.0001,89707
195,359016,87.19191692999999,1838,0.05,4274,84.0,8.133697509765625,0.0001,89728
195,359100,87.20113935999998,1839,0.05,4275,84.0,8.194589614868164,0.0001,89749
195,359184,87.20573403999998,1839,0.05,4276,84.0,0.4449891448020935,0.0001,89770
195,359268,87.20874886999998,1840,0.05,4277,84.0,0.5697298049926758,0.0001,89791
195,359352,87.20492216000001,1840,0.05,4278,84.0,3.852029323577881,0.0001,89812
195,359436,87.19146844999999,1841,0.05,4279,84.0,0.10278546065092087,0.0001,89833
195,359520,87.19236479,1841,0.05,4280,84.0,0.12575894594192505,0.0001,89854
195,359604,87.19219978999999,1842,0.05,4281,84.0,0.5394610166549683,0.0001,89875
195,359688,87.18164285,1842,0.05,4282,84.0,0.39043915271759033,0.0001,89896
195,359772,87.18714003000001,1843,0.05,4283,84.0,0.27566057443618774,0.0001,89917
195,359856,87.18494162000003,1843,0.05,4284,84.0,0.28414785861968994,0.0001,89938
195,359940,87.18168753000003,1844,0.05,4285,84.0,0.07938819378614426,0.0001,89959
195,360024,87.19780032000003,1844,0.05,4286,84.0,0.40633317828178406,0.0001,89980
195,360108,87.21294053000001,1845,0.05,4287,84.0,0.38173964619636536,0.0001,90001
195,360192,87.21668592000002,1846,0.05,4288,84.0,4.101602554321289,0.0001,90022
195,360276,87.21004862000001,1846,0.05,4289,84.0,8.431408882141113,0.0001,90043
195,360360,87.20402390000002,1847,0.05,4290,84.0,0.6039770841598511,0.0001,90064
195,360444,87.22230805000001,1847,0.05,4291,84.0,0.4721457362174988,0.0001,90085
195,360528,87.20322870999999,1848,0.05,4292,84.0,0.3573032021522522,0.0001,90106
195,360612,87.18587722000001,1848,0.05,4293,84.0,0.10675232112407684,0.0001,90127
195,360696,87.18234279999999,1849,0.05,4294,84.0,0.5180885791778564,0.0001,90148
195,360780,87.18610292,1849,0.05,4295,84.0,0.18572118878364563,0.0001,90169
195,360864,87.18395975999998,1850,0.05,4296,84.0,0.565178394317627,0.0001,90190
195,360948,87.16720747999997,1850,0.05,4297,84.0,3.9239790439605713,0.0001,90211
195,361032,87.16433983999997,1851,0.05,4298,84.0,0.13122014701366425,0.0001,90232
195,361116,87.15218725000001,1851,0.05,4299,84.0,5.297893047332764,0.0001,90253
194,361200,87.15557532999999,1852,0.05,4300,84.0,0.12408604472875595,0.0001,90274
194,361284,87.15701873000002,1852,0.05,4301,84.0,0.47747117280960083,0.0001,90295
194,361368,87.13120235999999,1853,0.05,4302,84.0,0.3459118604660034,0.0001,90316
194,361452,87.12658502000002,1853,0.05,4303,84.0,0.09659380465745926,0.0001,90337
194,361536,87.14139664,1854,0.05,4304,84.0,0.18119411170482635,0.0001,90358
194,361620,87.13481921,1854,0.05,4305,84.0,4.340373516082764,0.0001,90379
194,361704,87.1326318,1855,0.05,4306,84.0,4.0056891441345215,0.0001,90400
194,361788,87.14403911,1855,0.05,4307,84.0,0.7799492478370667,0.0001,90421
194,361872,87.14143768999999,1856,0.05,4308,84.0,4.076611042022705,0.0001,90442
194,361956,87.14125804999998,1857,0.05,4309,84.0,0.33564767241477966,0.0001,90463
194,362040,87.14989317999999,1857,0.05,4310,84.0,0.32170334458351135,0.0001,90484
194,362124,87.15108504,1857,0.05,4311,84.0,4.478191375732422,0.0001,90505
194,362208,87.13859259,1858,0.05,4312,84.0,0.8357506990432739,0.0001,90526
194,362292,87.13693948999999,1858,0.05,4313,84.0,0.256048321723938,0.0001,90547
194,362376,87.13169930999999,1859,0.05,4314,84.0,0.3441641926765442,0.0001,90568
194,362460,87.13233665999998,1859,0.05,4315,84.0,0.07676369696855545,0.0001,90589
194,362544,87.13575813,1860,0.05,4316,84.0,0.3011493980884552,0.0001,90610
194,362628,87.13721116999999,1860,0.05,4317,84.0,4.359381675720215,0.0001,90631
194,362712,87.13332607000001,1861,0.05,4318,84.0,4.171008586883545,0.0001,90652
194,362796,87.13593845000001,1861,0.05,4319,84.0,0.13937684893608093,0.0001,90673
194,362880,87.1401554,1862,0.05,4320,84.0,0.17846786975860596,0.0001,90694
194,362964,87.14206038,1862,0.05,4321,84.0,4.164450645446777,0.0001,90715
194,363048,87.13637576,1863,0.05,4322,84.0,4.7314910888671875,0.0001,90736
194,363132,87.14080535,1863,0.05,4323,84.0,0.10260568559169769,0.0001,90757
194,363216,87.07895536,1864,0.05,4324,84.0,0.36309105157852173,0.0001,90778
194,363300,87.07410383999999,1864,0.05,4325,84.0,0.13798768818378448,0.0001,90799
194,363384,87.07482107,1865,0.05,4326,84.0,0.1336761713027954,0.0001,90820
194,363468,87.08823717,1865,0.05,4327,84.0,0.6000317931175232,0.0001,90841
194,363552,87.08184039,1866,0.05,4328,84.0,0.3663330078125,0.0001,90862
194,363636,87.08771577000002,1866,0.05,4329,84.0,0.29141879081726074,0.0001,90883
194,363720,87.08205206000001,1867,0.05,4330,84.0,0.24756093323230743,0.0001,90904
194,363804,87.08425875,1867,0.05,4331,84.0,0.22203366458415985,0.0001,90925
194,363888,87.06607924,1868,0.05,4332,84.0,0.2832888960838318,0.0001,90946
194,363972,87.05568272,1868,0.05,4333,84.0,0.5522980093955994,0.0001,90967
194,364056,87.03657546000001,1869,0.05,4334,84.0,0.36921992897987366,0.0001,90988
194,364140,87.03429495,1869,0.05,4335,84.0,0.5906434059143066,0.0001,91009
194,364224,87.04690102999999,1870,0.05,4336,84.0,0.11172077059745789,0.0001,91030
194,364308,87.05453896999998,1870,0.05,4337,84.0,3.909813642501831,0.0001,91051
194,364392,87.04767837,1871,0.05,4338,84.0,4.687424659729004,0.0001,91072
194,364476,87.03165804999999,1871,0.05,4339,84.0,0.06629258394241333,0.0001,91093
194,364560,87.03208449,1872,0.05,4340,84.0,3.9484453201293945,0.0001,91114
194,364644,87.04306107000001,1872,0.05,4341,84.0,4.778462886810303,0.0001,91135
194,364728,87.03670981,1873,0.05,4342,84.0,0.11047792434692383,0.0001,91156
194,364812,87.04573149999999,1873,0.05,4343,84.0,0.13002625107765198,0.0001,91177
194,364896,87.05973434999999,1874,0.05,4344,84.0,0.16466358304023743,0.0001,91198
194,364980,87.06114498,1874,0.05,4345,84.0,4.445723056793213,0.0001,91219
194,365064,87.06040361999997,1875,0.05,4346,84.0,1.0724114179611206,0.0001,91240
194,365148,87.0550234,1875,0.05,4347,84.0,0.3314521014690399,0.0001,91261
194,365232,87.06187904999999,1876,0.05,4348,84.0,0.34238165616989136,0.0001,91282
194,365316,87.07200055999999,1876,0.05,4349,84.0,0.11234724521636963,0.0001,91303
194,365400,87.06153684999998,1877,0.05,4350,84.0,0.09598574042320251,0.0001,91324
194,365484,87.07115941999999,1878,0.05,4351,84.0,0.0524635836482048,0.0001,91345
194,365568,87.06680119999999,1878,0.05,4352,84.0,8.424819946289062,0.0001,91366
194,365652,87.04534518,1879,0.05,4353,84.0,0.4354751706123352,0.0001,91387
194,365736,87.05171442,1879,0.05,4354,84.0,0.07430925965309143,0.0001,91408
194,365820,87.04627419999998,1880,0.05,4355,84.0,0.43165111541748047,0.0001,91429
194,365904,87.03596332,1880,0.05,4356,84.0,7.796157360076904,0.0001,91450
194,365988,87.04040076999999,1881,0.05,4357,84.0,0.13809937238693237,0.0001,91471
194,366072,87.04292753,1881,0.05,4358,84.0,4.299439907073975,0.0001,91492
194,366156,87.04861794000003,1882,0.05,4359,84.0,0.34075742959976196,0.0001,91513
194,366240,87.06182049000003,1882,0.05,4360,84.0,0.09407329559326172,0.0001,91534
194,366324,87.05760285000002,1883,0.05,4361,84.0,3.8376998901367188,0.0001,91555
194,366408,87.04513273999999,1883,0.05,4362,84.0,3.983668088912964,0.0001,91576
194,366492,87.06276676999998,1884,0.05,4363,84.0,0.3796025216579437,0.0001,91597
194,366576,87.06279895,1884,0.05,4364,84.0,0.08635492622852325,0.0001,91618
194,366660,87.05536606,1885,0.05,4365,84.0,3.9923415184020996,0.0001,91639
194,366744,87.05362493000003,1886,0.05,4366,84.0,0.3567436933517456,0.0001,91660
194,366828,87.04723279000001,1886,0.05,4367,84.0,7.786117076873779,0.0001,91681
194,366912,87.05161216,1887,0.05,4368,84.0,0.13945038616657257,0.0001,91702
194,366996,87.05043061999999,1887,0.05,4369,84.0,0.14261257648468018,0.0001,91723
194,367080,87.04566426,1888,0.05,4370,84.0,4.2738261222839355,0.0001,91744
194,367164,87.04761153999999,1888,0.05,4371,84.0,4.002678394317627,0.0001,91765
194,367248,87.04732546000001,1889,0.05,4372,84.0,0.2870925962924957,0.0001,91786
194,367332,87.04039393000002,1889,0.05,4373,84.0,0.3354575037956238,0.0001,91807
194,367416,87.04331468000001,1890,0.05,4374,84.0,4.794397830963135,0.0001,91828
194,367500,87.03316753000001,1891,0.05,4375,84.0,0.6297541260719299,0.0001,91849
194,367584,87.02865228,1891,0.05,4376,84.0,8.176881790161133,0.0001,91870
194,367668,87.03035110000002,1892,0.05,4377,84.0,0.14770439267158508,0.0001,91891
194,367752,87.03471924,1892,0.05,4378,84.0,0.429398775100708,0.0001,91912
194,367836,87.03936696,1893,0.05,4379,84.0,4.38261604309082,0.0001,91933
194,367920,87.04724409,1894,0.05,4380,84.0,0.07222612202167511,0.0001,91954
194,368004,87.04364030000002,1894,0.05,4381,84.0,4.0831379890441895,0.0001,91975
194,368088,87.04822743000003,1895,0.05,4382,84.0,0.2689720392227173,0.0001,91996
194,368172,87.04542490000001,1895,0.05,4383,84.0,0.817807674407959,0.0001,92017
194,368256,87.05444060000002,1896,0.05,4384,84.0,7.866096019744873,0.0001,92038
194,368340,87.07399939000001,1896,0.05,4385,84.0,4.092101573944092,0.0001,92059
194,368424,87.04608668000003,1897,0.05,4386,84.0,11.757475852966309,0.0001,92080
194,368508,87.03356264000001,1897,0.05,4387,84.0,0.05158460885286331,0.0001,92101
194,368592,87.0366393,1898,0.05,4388,84.0,0.11649046838283539,0.0001,92122
194,368676,87.04212740000001,1898,0.05,4389,84.0,3.9207305908203125,0.0001,92143
194,368760,87.04941983,1899,0.05,4390,84.0,0.3611263036727905,0.0001,92164
194,368844,87.04451722000002,1899,0.05,4391,84.0,4.098222732543945,0.0001,92185
194,368928,87.08403929000002,1900,0.05,4392,84.0,7.741204261779785,0.0001,92206
194,369012,87.10100927000002,1901,0.05,4393,84.0,0.053614720702171326,0.0001,92227
194,369096,87.11029918000003,1901,0.05,4394,84.0,4.683147430419922,0.0001,92248
194,369180,87.12502733,1902,0.05,4395,84.0,0.33943504095077515,0.0001,92269
194,369264,87.13562621000001,1903,0.05,4396,84.0,0.8292887806892395,0.0001,92290
194,369348,87.15378120000001,1903,0.05,4397,84.0,3.986518383026123,0.0001,92311
193,369432,87.16303781,1904,0.05,4398,84.0,0.15153945982456207,0.0001,92332
193,369516,87.17903409,1904,0.05,4399,84.0,0.13324542343616486,0.0001,92353
193,369600,87.17490689,1905,0.05,4400,84.0,0.10756967961788177,0.0001,92374
193,369684,87.17027023,1906,0.05,4401,84.0,0.35341528058052063,0.0001,92395
193,369768,87.19689247000001,1906,0.05,4402,84.0,0.36147844791412354,0.0001,92416
193,369852,87.19505379,1907,0.05,4403,84.0,0.3476743698120117,0.0001,92437
193,369936,87.19628075,1907,0.05,4404,84.0,12.273956298828125,0.0001,92458
193,370020,87.18885463000001,1908,0.05,4405,84.0,0.7792976498603821,0.0001,92479
193,370104,87.20077321000001,1908,0.05,4406,84.0,0.20223316550254822,0.0001,92500
193,370188,87.19369228999999,1909,0.05,4407,84.0,0.12018966674804688,0.0001,92521
193,370272,87.18663886999998,1909,0.05,4408,84.0,3.589900255203247,0.0001,92542
193,370356,87.17695200999998,1910,0.05,4409,84.0,0.1055786982178688,0.0001,92563
193,370440,87.17929923000001,1910,0.05,4410,84.0,0.10346260666847229,0.0001,92584
193,370524,87.16423485,1911,0.05,4411,84.0,0.3389105200767517,0.0001,92605
193,370608,87.16205044000002,1911,0.05,4412,84.0,0.2755187153816223,0.0001,92626
193,370692,87.16260028000002,1912,0.05,4413,84.0,0.12204550206661224,0.0001,92647
193,370776,87.15887166,1912,0.05,4414,84.0,0.0961279422044754,0.0001,92668
193,370860,87.15313766,1913,0.05,4415,84.0,0.13007690012454987,0.0001,92689
193,370944,87.15163741,1913,0.05,4416,84.0,0.4485650956630707,0.0001,92710
193,371028,87.13812358999999,1914,0.05,4417,84.0,0.09046036005020142,0.0001,92731
193,371112,87.14246428000003,1914,0.05,4418,84.0,0.0834193229675293,0.0001,92752
193,371196,87.14654041000001,1915,0.05,4419,84.0,0.13490483164787292,0.0001,92773
193,371280,87.13596866000002,1915,0.05,4420,84.0,0.04771285504102707,0.0001,92794
193,371364,87.15115957999998,1916,0.05,4421,84.0,0.08106297254562378,0.0001,92815
193,371448,87.15017753000001,1917,0.05,4422,84.0,0.24035689234733582,0.0001,92836
193,371532,87.14820480999997,1917,0.05,4423,84.0,4.060878276824951,0.0001,92857
193,371616,87.17510852999997,1918,0.05,4424,84.0,0.18722057342529297,0.0001,92878
193,371700,87.18733960000002,1918,0.05,4425,84.0,11.96131706237793,0.0001,92899
193,371784,87.19315797000002,1919,0.05,4426,84.0,0.3895101547241211,0.0001,92920
193,371868,87.19964047000002,1919,0.05,4427,84.0,0.0790572464466095,0.0001,92941
193,371952,87.20343653,1920,0.05,4428,84.0,0.18086546659469604,0.0001,92962
193,372036,87.20562789,1920,0.05,4429,84.0,4.542471408843994,0.0001,92983
193,372120,87.20426456999999,1921,0.05,4430,84.0,12.081457138061523,0.0001,93004
193,372204,87.20159178999997,1921,0.05,4431,84.0,0.12460196763277054,0.0001,93025
193,372288,87.22148214,1922,0.05,4432,84.0,0.23489773273468018,0.0001,93046
193,372372,87.21879023999998,1922,0.05,4433,84.0,0.3169517517089844,0.0001,93067
193,372456,87.22502593999998,1923,0.05,4434,84.0,4.030402660369873,0.0001,93088
193,372540,87.22106461000001,1923,0.05,4435,84.0,0.3264908790588379,0.0001,93109
193,372624,87.21605326999999,1924,0.05,4436,84.0,0.27025121450424194,0.0001,93130
193,372708,87.21403394000001,1924,0.05,4437,84.0,0.4053003787994385,0.0001,93151
193,372792,87.21634642000002,1925,0.05,4438,84.0,0.1231125220656395,0.0001,93172
193,372876,87.24129476000002,1925,0.05,4439,84.0,0.5179545879364014,0.0001,93193
193,372960,87.24564251000001,1926,0.05,4440,84.0,0.8403575420379639,0.0001,93214
193,373044,87.25069702000002,1926,0.05,4441,84.0,8.089604377746582,0.0001,93235
193,373128,87.26268026,1927,0.05,4442,84.0,0.395916223526001,0.0001,93256
193,373212,87.25690888999999,1927,0.05,4443,84.0,4.126891136169434,0.0001,93277
193,373296,87.24702303999999,1928,0.05,4444,84.0,0.15162649750709534,0.0001,93298
193,373380,87.25937881999998,1928,0.05,4445,84.0,0.08179789036512375,0.0001,93319
193,373464,87.2621771,1929,0.05,4446,84.0,8.591039657592773,0.0001,93340
193,373548,87.27202997,1929,0.05,4447,84.0,4.209280014038086,0.0001,93361
193,373632,87.23828726000002,1930,0.05,4448,84.0,0.17215463519096375,0.0001,93382
193,373716,87.2218409,1930,0.05,4449,84.0,0.3632477819919586,0.0001,93403
193,373800,87.22880228000002,1931,0.05,4450,84.0,8.648520469665527,0.0001,93424
193,373884,87.22606564,1931,0.05,4451,84.0,0.16355842351913452,0.0001,93445
193,373968,87.22367563999998,1932,0.05,4452,84.0,8.199666976928711,0.0001,93466
193,374052,87.25605538999999,1933,0.05,4453,84.0,0.3345744013786316,0.0001,93487
193,374136,87.25085048999999,1933,0.05,4454,84.0,0.5869922637939453,0.0001,93508
193,374220,87.23805657999999,1934,0.05,4455,84.0,0.1623484194278717,0.0001,93529
193,374304,87.23402743999999,1934,0.05,4456,84.0,0.11609598994255066,0.0001,93550
193,374388,87.20128101,1935,0.05,4457,84.0,4.3150248527526855,0.0001,93571
193,374472,87.20832632,1935,0.05,4458,84.0,4.155606269836426,0.0001,93592
193,374556,87.20519549000002,1936,0.05,4459,84.0,0.15582619607448578,0.0001,93613
193,374640,87.20027497,1936,0.05,4460,84.0,7.865017890930176,0.0001,93634
193,374724,87.20050192,1937,0.05,4461,84.0,0.10514998435974121,0.0001,93655
193,374808,87.20551265,1937,0.05,4462,84.0,3.8927509784698486,0.0001,93676
193,374892,87.19974367,1938,0.05,4463,84.0,3.8903441429138184,0.0001,93697
193,374976,87.20550053,1939,0.05,4464,84.0,0.3364095091819763,0.0001,93718
193,375060,87.21259595000001,1939,0.05,4465,84.0,0.34979918599128723,0.0001,93739
193,375144,87.21612670999998,1940,0.05,4466,84.0,3.859172821044922,0.0001,93760
193,375228,87.21992347999999,1940,0.05,4467,84.0,0.34777647256851196,0.0001,93781
193,375312,87.21495376999998,1941,0.05,4468,84.0,0.32162854075431824,0.0001,93802
193,375396,87.21280497,1941,0.05,4469,84.0,4.566624641418457,0.0001,93823
193,375480,87.21402768,1942,0.05,4470,84.0,0.12604743242263794,0.0001,93844
193,375564,87.20846872000001,1942,0.05,4471,84.0,4.397873401641846,0.0001,93865
193,375648,87.20823988000002,1943,0.05,4472,84.0,0.31584715843200684,0.0001,93886
193,375732,87.21057446000003,1944,0.05,4473,84.0,7.798117637634277,0.0001,93907
193,375816,87.20676769000002,1944,0.05,4474,84.0,0.34783628582954407,0.0001,93928
193,375900,87.20570469,1945,0.05,4475,84.0,0.11201890558004379,0.0001,93949
193,375984,87.19716479,1945,0.05,4476,84.0,4.40025520324707,0.0001,93970
193,376068,87.18745815,1946,0.05,4477,84.0,0.3009576201438904,0.0001,93991
193,376152,87.19027133999998,1946,0.05,4478,84.0,0.18748582899570465,0.0001,94012
193,376236,87.19156349,1947,0.05,4479,84.0,0.10753731429576874,0.0001,94033
193,376320,87.19415686999997,1947,0.05,4480,84.0,0.3956802785396576,0.0001,94054
193,376404,87.15797724999999,1948,0.05,4481,84.0,0.7572230100631714,0.0001,94075
193,376488,87.16912298999999,1949,0.05,4482,84.0,8.080760955810547,0.0001,94096
193,376572,87.17528903,1949,0.05,4483,84.0,0.26455771923065186,0.0001,94117
193,376656,87.17150442000002,1950,0.05,4484,84.0,0.5130583047866821,0.0001,94138
193,376740,87.15594418,1950,0.05,4485,84.0,0.2024203985929489,0.0001,94159
193,376824,87.18862442000001,1951,0.05,4486,84.0,0.2128743678331375,0.0001,94180
193,376908,87.19784737000002,1952,0.05,4487,84.0,0.637913703918457,0.0001,94201
193,376992,87.18709190000001,1952,0.05,4488,84.0,0.27361446619033813,0.0001,94222
193,377076,87.18452878999999,1953,0.05,4489,84.0,0.3255596160888672,0.0001,94243
193,377160,87.18661559,1954,0.05,4490,84.0,4.428852558135986,0.0001,94264
192,377244,87.17849994000002,1954,0.05,4491,84.0,0.2373194843530655,0.0001,94285
192,377328,87.17295789999999,1955,0.05,4492,84.0,0.0676802396774292,0.0001,94306
192,377412,87.16445442,1955,0.05,4493,84.0,0.15944470465183258,0.0001,94327
192,377496,87.14805276999999,1956,0.05,4494,84.0,4.104645729064941,0.0001,94348
192,377580,87.13394298999998,1957,0.05,4495,84.0,7.977531909942627,0.0001,94369
192,377664,87.12358358999998,1957,0.05,4496,84.0,0.20848451554775238,0.0001,94390
192,377748,87.12261855999999,1958,0.05,4497,84.0,0.3536139130592346,0.0001,94411
192,377832,87.10940438999998,1958,0.05,4498,84.0,1.0406804084777832,0.0001,94432
192,377916,87.1027031,1959,0.05,4499,84.0,0.4350486099720001,0.0001,94453
192,378000,87.11087743,1960,0.05,4500,84.0,0.17394433915615082,0.0001,94474
192,378084,87.11293217999999,1960,0.05,4501,84.0,0.32176846265792847,0.0001,94495
192,378168,87.10905109000001,1961,0.05,4502,84.0,0.31275033950805664,0.0001,94516
192,378252,87.10676563999999,1961,0.05,4503,84.0,0.4512737989425659,0.0001,94537
192,378336,87.11681145,1962,0.05,4504,84.0,0.3244894742965698,0.0001,94558
192,378420,87.12477932,1963,0.05,4505,84.0,0.12341883778572083,0.0001,94579
192,378504,87.11000868,1963,0.05,4506,84.0,0.5980833768844604,0.0001,94600
192,378588,87.11199554999999,1964,0.05,4507,84.0,4.363613605499268,0.0001,94621
192,378672,87.10399181000001,1964,0.05,4508,84.0,0.06975945830345154,0.0001,94642
192,378756,87.10973363000001,1965,0.05,4509,84.0,0.8371118903160095,0.0001,94663
192,378840,87.10012606999999,1965,0.05,4510,84.0,0.39300861954689026,0.0001,94684
192,378924,87.12017231999998,1966,0.05,4511,84.0,0.2833162248134613,0.0001,94705
192,379008,87.13456021000002,1966,0.05,4512,84.0,0.5662016868591309,0.0001,94726
192,379092,87.14758741,1967,0.05,4513,84.0,0.11461895704269409,0.0001,94747
192,379176,87.15214091999998,1967,0.05,4514,84.0,0.1080140769481659,0.0001,94768
192,379260,87.15698653999999,1968,0.05,4515,84.0,8.350985527038574,0.0001,94789
192,379344,87.16927396,1969,0.05,4516,84.0,0.33804863691329956,0.0001,94810
192,379428,87.16608991000001,1969,0.05,4517,84.0,0.16753385961055756,0.0001,94831
192,379512,87.15708801000001,1970,0.05,4518,84.0,0.556608259677887,0.0001,94852
192,379596,87.15480125,1970,0.05,4519,84.0,4.034492492675781,0.0001,94873
192,379680,87.17161517000001,1971,0.05,4520,84.0,0.32160696387290955,0.0001,94894
192,379764,87.16271888,1971,0.05,4521,84.0,4.187337398529053,0.0001,94915
192,379848,87.16432881999998,1972,0.05,4522,84.0,15.85300350189209,0.0001,94936
192,379932,87.15943187999997,1972,0.05,4523,84.0,0.053482379764318466,0.0001,94957
192,380016,87.11211572999999,1973,0.05,4524,84.0,4.295866966247559,0.0001,94978
192,380100,87.09529596999997,1974,0.05,4525,84.0,0.20046135783195496,0.0001,94999
192,380184,87.09724722999998,1974,0.05,4526,84.0,4.176573276519775,0.0001,95020
192,380268,87.08664802999999,1975,0.05,4527,84.0,4.018320560455322,0.0001,95041
192,380352,87.07155411,1975,0.05,4528,84.0,0.3446917235851288,0.0001,95062
192,380436,87.06951304,1976,0.05,4529,84.0,0.38766613602638245,0.0001,95083
192,380520,87.07369769,1976,0.05,4530,84.0,0.10167184472084045,0.0001,95104
192,380604,87.07539058,1977,0.05,4531,84.0,0.5529443025588989,0.0001,95125
192,380688,87.08017349000002,1977,0.05,4532,84.0,4.145114898681641,0.0001,95146
192,380772,87.08074750999998,1978,0.05,4533,84.0,0.1887701153755188,0.0001,95167
192,380856,87.09880938999999,1979,0.05,4534,84.0,0.267214298248291,0.0001,95188
192,380940,87.08450957999997,1979,0.05,4535,84.0,4.434390544891357,0.0001,95209
192,381024,87.07846414999999,1980,0.05,4536,84.0,0.5049301385879517,0.0001,95230
192,381108,87.06595615999997,1980,0.05,4537,84.0,0.28440287709236145,0.0001,95251
192,381192,87.06695133999997,1981,0.05,4538,84.0,0.13618753850460052,0.0001,95272
192,381276,87.06891928999998,1981,0.05,4539,84.0,0.13546136021614075,0.0001,95293
192,381360,87.06822542999998,1982,0.05,4540,84.0,0.09950453042984009,0.0001,95314
192,381444,87.06437466999998,1983,0.05,4541,84.0,3.8877029418945312,0.0001,95335
192,381528,87.05156037999997,1983,0.05,4542,84.0,0.3101900815963745,0.0001,95356
192,381612,87.04719667999998,1984,0.05,4543,84.0,0.1435362547636032,0.0001,95377
192,381696,87.03906553999997,1984,0.05,4544,84.0,0.11062808334827423,0.0001,95398
192,381780,87.03600471,1985,0.05,4545,84.0,0.15345589816570282,0.0001,95419
192,381864,87.03684385000001,1985,0.05,4546,84.0,0.5249131917953491,0.0001,95440
192,381948,87.02560674999997,1986,0.05,4547,84.0,0.13327032327651978,0.0001,95461
192,382032,87.05354612999997,1986,0.05,4548,84.0,0.3067975342273712,0.0001,95482
192,382116,87.05510956999998,1987,0.05,4549,84.0,0.07640116661787033,0.0001,95503
192,382200,87.05758556999999,1987,0.05,4550,84.0,4.056632995605469,0.0001,95524
192,382284,87.057371,1988,0.05,4551,84.0,4.626239776611328,0.0001,95545
192,382368,87.07394354,1988,0.05,4552,84.0,4.504252910614014,0.0001,95566
192,382452,87.06348272000001,1989,0.05,4553,84.0,4.1828765869140625,0.0001,95587
192,382536,87.06318061000002,1989,0.05,4554,84.0,0.32576775550842285,0.0001,95608
192,382620,87.08305923000002,1990,0.05,4555,84.0,0.6346979141235352,0.0001,95629
192,382704,87.08133308000002,1990,0.05,4556,84.0,0.32571491599082947,0.0001,95650
192,382788,87.10910396000001,1991,0.05,4557,84.0,4.331865310668945,0.0001,95671
192,382872,87.10586970000003,1991,0.05,4558,84.0,0.24487601220607758,0.0001,95692
192,382956,87.10896164999998,1992,0.05,4559,84.0,0.8186410665512085,0.0001,95713
192,383040,87.11375111999998,1992,0.05,4560,84.0,0.13254618644714355,0.0001,95734
192,383124,87.10826430999998,1993,0.05,4561,84.0,8.277936935424805,0.0001,95755
192,383208,87.11257146999996,1993,0.05,4562,84.0,4.342580795288086,0.0001,95776
192,383292,87.10130116999997,1994,0.05,4563,84.0,4.919459342956543,0.0001,95797
192,383376,87.08894349999998,1994,0.05,4564,84.0,4.287989139556885,0.0001,95818
192,383460,87.09104609999997,1995,0.05,4565,84.0,8.407306671142578,0.0001,95839
192,383544,87.08246471999999,1996,0.05,4566,84.0,0.21289783716201782,0.0001,95860
192,383628,87.07137789999997,1996,0.05,4567,84.0,4.018239974975586,0.0001,95881
192,383712,87.07978381999997,1997,0.05,4568,84.0,4.494093418121338,0.0001,95902
192,383796,87.09548928,1997,0.05,4569,84.0,0.5578669905662537,0.0001,95923
192,383880,87.10177142000002,1998,0.05,4570,84.0,0.6344850659370422,0.0001,95944
192,383964,87.10360253,1998,0.05,4571,84.0,0.2721640467643738,0.0001,95965
192,384048,87.10997030000003,1999,0.05,4572,84.0,0.6007040739059448,0.0001,95986
192,384132,87.11002398000001,1999,0.05,4573,84.0,0.33690178394317627,0.0001,96007
192,384216,87.11578989,2000,0.05,4574,84.0,4.357359886169434,0.0001,96028
192,384300,87.11936039,2000,0.05,4575,84.0,0.28278979659080505,0.0001,96049
192,384384,87.13172329000001,2001,0.05,4576,84.0,0.15279655158519745,0.0001,96070
192,384468,87.13176244999998,2002,0.05,4577,84.0,0.13887090981006622,0.0001,96091
192,384552,87.12258467000001,2002,0.05,4578,84.0,4.223447799682617,0.0001,96112
192,384636,87.12270352,2003,0.05,4579,84.0,4.00071907043457,0.0001,96133
192,384720,87.11314585,2003,0.05,4580,84.0,4.643551826477051,0.0001,96154
191,384804,87.15526458999999,2004,0.05,4581,84.0,4.10368013381958,0.0001,96175
191,384888,87.14111336,2004,0.05,4582,84.0,4.572070598602295,0.0001,96196
191,384972,87.13884481000001,2005,0.05,4583,84.0,0.37128615379333496,0.0001,96217
191,385056,87.14728318000002,2006,0.05,4584,84.0,0.07434847950935364,0.0001,96238
191,385140,87.15610594000002,2006,0.05,4585,84.0,4.154339790344238,0.0001,96259
191,385224,87.14844390000002,2007,0.05,4586,84.0,3.9175331592559814,0.0001,96280
191,385308,87.14029933,2007,0.05,4587,84.0,0.3291822373867035,0.0001,96301
191,385392,87.15296397,2008,0.05,4588,84.0,0.5683436393737793,0.0001,96322
191,385476,87.14759767,2008,0.05,4589,84.0,0.26312294602394104,0.0001,96343
191,385560,87.14208516,2009,0.05,4590,84.0,0.08063481748104095,0.0001,96364
191,385644,87.15015406,2010,0.05,4591,84.0,4.00297212600708,0.0001,96385
191,385728,87.15946412000002,2010,0.05,4592,84.0,0.34534338116645813,0.0001,96406
191,385812,87.15827905000002,2011,0.05,4593,84.0,0.05857844278216362,0.0001,96427
191,385896,87.16421797000001,2011,0.05,4594,84.0,5.193907260894775,0.0001,96448
191,385980,87.16419446000002,2012,0.05,4595,84.0,0.16229920089244843,0.0001,96469
191,386064,87.16904691000002,2012,0.05,4596,84.0,4.167413711547852,0.0001,96490
191,386148,87.17047416000001,2013,0.05,4597,84.0,0.2972866892814636,0.0001,96511
191,386232,87.16314424000001,2013,0.05,4598,84.0,4.03574275970459,0.0001,96532
191,386316,87.13697293,2014,0.05,4599,84.0,4.0144877433776855,0.0001,96553
191,386400,87.13221285000002,2014,0.05,4600,84.0,0.30295678973197937,0.0001,96574
191,386484,87.11607715,2015,0.05,4601,84.0,4.0002522468566895,0.0001,96595
191,386568,87.12359951999998,2015,0.05,4602,84.0,0.1932174563407898,0.0001,96616
191,386652,87.11516217999998,2016,0.05,4603,84.0,3.8006398677825928,0.0001,96637
191,386736,87.11317099,2016,0.05,4604,84.0,4.485943794250488,0.0001,96658
191,386820,87.12563044000001,2017,0.05,4605,84.0,0.07174655795097351,0.0001,96679
191,386904,87.12058653,2017,0.05,4606,84.0,0.9174099564552307,0.0001,96700
191,386988,87.11758799,2018,0.05,4607,84.0,0.07433782517910004,0.0001,96721
191,387072,87.130864,2018,0.05,4608,84.0,0.1227724477648735,0.0001,96742
191,387156,87.12619971000002,2019,0.05,4609,84.0,0.3533884584903717,0.0001,96763
191,387240,87.12014590000003,2019,0.05,4610,84.0,8.696949005126953,0.0001,96784
191,387324,87.11540576000002,2020,0.05,4611,84.0,4.253390312194824,0.0001,96805
191,387408,87.10530835000002,2021,0.05,4612,84.0,0.08445318043231964,0.0001,96826
191,387492,87.10092347000001,2021,0.05,4613,84.0,4.176348686218262,0.0001,96847
191,387576,87.10610950000002,2022,0.05,4614,84.0,0.11740879714488983,0.0001,96868
191,387660,87.11960630000002,2023,0.05,4615,84.0,0.29064857959747314,0.0001,96889
191,387744,87.10430855,2023,0.05,4616,84.0,4.240589618682861,0.0001,96910
191,387828,87.13227871999999,2024,0.05,4617,84.0,0.7127934694290161,0.0001,96931
191,387912,87.13566481,2025,0.05,4618,84.0,0.1049167662858963,0.0001,96952
191,387996,87.13313093000001,2025,0.05,4619,84.0,8.11880111694336,0.0001,96973
191,388080,87.12345566,2026,0.05,4620,84.0,4.606810092926025,0.0001,96994
191,388164,87.11369288,2026,0.05,4621,84.0,0.34570956230163574,0.0001,97015
191,388248,87.11358305999998,2027,0.05,4622,84.0,0.3262377977371216,0.0001,97036
191,388332,87.12565734999998,2027,0.05,4623,84.0,0.4203087091445923,0.0001,97057
191,388416,87.20900145999998,2028,0.05,4624,84.0,0.07046028971672058,0.0001,97078
191,388500,87.18964366999998,2028,0.05,4625,84.0,0.6771435737609863,0.0001,97099
191,388584,87.18016182999997,2029,0.05,4626,84.0,4.225979328155518,0.0001,97120
191,388668,87.18396255999998,2029,0.05,4627,84.0,4.474515438079834,0.0001,97141
191,388752,87.19689385999999,2030,0.05,4628,84.0,0.32948923110961914,0.0001,97162
191,388836,87.19096749,2030,0.05,4629,84.0,0.5500704050064087,0.0001,97183
191,388920,87.18659785999998,2031,0.05,4630,84.0,0.3552882671356201,0.0001,97204
191,389004,87.18066120000002,2031,0.05,4631,84.0,0.3447115421295166,0.0001,97225
191,389088,87.17461140000002,2032,0.05,4632,84.0,0.15337979793548584,0.0001,97246
191,389172,87.19120532,2032,0.05,4633,84.0,11.392391204833984,0.0001,97267
191,389256,87.1791519,2033,0.05,4634,84.0,3.872438907623291,0.0001,97288
191,389340,87.19613011000001,2033,0.05,4635,84.0,0.34311437606811523,0.0001,97309
191,389424,87.19214496000001,2034,0.05,4636,84.0,0.5750777125358582,0.0001,97330
191,389508,87.16028195000003,2035,0.05,4637,84.0,0.11595502495765686,0.0001,97351
191,389592,87.16205598000002,2035,0.05,4638,84.0,0.8120914697647095,0.0001,97372
191,389676,87.13938653000001,2036,0.05,4639,84.0,0.7581385970115662,0.0001,97393
191,389760,87.14769813000001,2036,0.05,4640,84.0,0.212946817278862,0.0001,97414
191,389844,87.13996393000001,2037,0.05,4641,84.0,0.07899978011846542,0.0001,97435
191,389928,87.13869870000002,2037,0.05,4642,84.0,0.19198495149612427,0.0001,97456
191,390012,87.14120317000001,2038,0.05,4643,84.0,0.20154277980327606,0.0001,97477
191,390096,87.14592170000002,2038,0.05,4644,84.0,0.7265146970748901,0.0001,97498
191,390180,87.14797876000003,2039,0.05,4645,84.0,0.3809569180011749,0.0001,97519
191,390264,87.14856024000002,2039,0.05,4646,84.0,4.194183349609375,0.0001,97540
191,390348,87.15036547000001,2040,0.05,4647,84.0,4.078355312347412,0.0001,97561
191,390432,87.15566834,2040,0.05,4648,84.0,0.08312270045280457,0.0001,97582
191,390516,87.15220762000001,2041,0.05,4649,84.0,0.16231349110603333,0.0001,97603
191,390600,87.14387616000002,2041,0.05,4650,84.0,4.211729049682617,0.0001,97624
191,390684,87.15607582000001,2042,0.05,4651,84.0,4.391530990600586,0.0001,97645
191,390768,87.15147090999999,2042,0.05,4652,84.0,4.1319661140441895,0.0001,97666
191,390852,87.01242171999998,2043,0.05,4653,84.0,4.108398914337158,0.0001,97687
191,390936,87.02797553999999,2043,0.05,4654,84.0,0.18794837594032288,0.0001,97708
191,391020,87.02393261999998,2044,0.05,4655,84.0,0.40474528074264526,0.0001,97729
191,391104,87.02653938999998,2044,0.05,4656,84.0,0.33306610584259033,0.0001,97750
191,391188,87.01331968999997,2045,0.05,4657,84.0,0.3354245126247406,0.0001,97771
191,391272,87.00895412999998,2045,0.05,4658,84.0,4.575627326965332,0.0001,97792
191,391356,87.01067136000002,2046,0.05,4659,84.0,4.168973922729492,0.0001,97813
191,391440,86.98794776000001,2046,0.05,4660,84.0,0.2843826711177826,0.0001,97834
191,391524,86.98746539000001,2047,0.05,4661,84.0,0.26999300718307495,0.0001,97855
191,391608,86.97918446000001,2047,0.05,4662,84.0,4.56093692779541,0.0001,97876
191,391692,86.98293236,2048,0.05,4663,84.0,4.289730072021484,0.0001,97897
191,391776,86.98922623000003,2048,0.05,4664,84.0,0.5389259457588196,0.0001,97918
191,391860,86.95487574,2049,0.05,4665,84.0,0.49363791942596436,0.0001,97939
191,391944,86.95511183000002,2049,0.05,4666,84.0,4.27821683883667,0.0001,97960
191,392028,86.95200389,2050,0.05,4667,84.0,3.9364707469940186,0.0001,97981
191,392112,86.95674338999999,2050,0.05,4668,84.0,0.3745725154876709,0.0001,98002
191,392196,86.94047533000001,2051,0.05,4669,84.0,0.3134009540081024,0.0001,98023
191,392280,86.94431311000002,2051,0.05,4670,84.0,4.40811014175415,0.0001,98044
191,392364,86.94924664,2052,0.05,4671,84.0,0.5892305970191956,0.0001,98065
191,392448,86.94197879,2052,0.05,4672,84.0,0.08588108420372009,0.0001,98086
191,392532,86.94248246,2053,0.05,4673,84.0,0.10496380925178528,0.0001,98107
191,392616,86.93920998,2054,0.05,4674,84.0,0.5413535833358765,0.0001,98128
191,392700,86.94240780999999,2054,0.05,4675,84.0,0.08126430958509445,0.0001,98149
191,392784,86.94037524000001,2055,0.05,4676,84.0,4.191293716430664,0.0001,98170
191,392868,86.94410158000001,2055,0.05,4677,84.0,4.733814239501953,0.0001,98191
191,392952,86.93135177,2056,0.05,4678,84.0,0.34556815028190613,0.0001,98212
191,393036,86.93578196,2056,0.05,4679,84.0,3.722576141357422,0.0001,98233
191,393120,86.94244401999998,2057,0.05,4680,84.0,4.284457206726074,0.0001,98254
191,393204,86.93994228,2057,0.05,4681,84.0,0.7214819192886353,0.0001,98275
191,393288,86.93346188000001,2058,0.05,4682,84.0,0.5478533506393433,0.0001,98296
191,393372,86.93185208000001,2058,0.05,4683,84.0,4.090211868286133,0.0001,98317
191,393456,86.93489014000001,2059,0.05,4684,84.0,4.274357795715332,0.0001,98338
191,393540,86.92893276000001,2059,0.05,4685,84.0,0.1277666687965393,0.0001,98359
191,393624,86.92489677999998,2060,0.05,4686,84.0,0.28805944323539734,0.0001,98380
191,393708,86.92343289,2060,0.05,4687,84.0,4.509687900543213,0.0001,98401
191,393792,86.92376956999999,2061,0.05,4688,84.0,0.22539985179901123,0.0001,98422
191,393876,86.93780838999997,2061,0.05,4689,84.0,0.3953523635864258,0.0001,98443
191,393960,86.93744661999999,2062,0.05,4690,84.0,0.237446591258049,0.0001,98464
191,394044,86.93734015,2062,0.05,4691,84.0,0.6323031783103943,0.0001,98485
191,394128,86.92494658,2063,0.05,4692,84.0,0.11561045050621033,0.0001,98506
191,394212,86.92433062999999,2063,0.05,4693,84.0,0.13934442400932312,0.0001,98527
190,394296,86.93503072999998,2064,0.05,4694,84.0,0.25001224875450134,0.0001,98548
190,394380,86.93619328999999,2064,0.05,4695,84.0,0.13887396454811096,0.0001,98569
190,394464,86.93565857,2065,0.05,4696,84.0,4.0279035568237305,0.0001,98590
190,394548,86.94125248999998,2066,0.05,4697,84.0,0.2971222996711731,0.0001,98611
190,394632,86.95069957,2066,0.05,4698,84.0,0.10475720465183258,0.0001,98632
190,394716,86.97532779000001,2067,0.05,4699,84.0,4.268856525421143,0.0001,98653
190,394800,86.97219781,2067,0.05,4700,84.0,0.16034680604934692,0.0001,98674
190,394884,86.99071189000001,2068,0.05,4701,84.0,0.31138721108436584,0.0001,98695
190,394968,86.99211608,2068,0.05,4702,84.0,0.5939106345176697,0.0001,98716
190,395052,87.00535870000002,2069,0.05,4703,84.0,0.33958300948143005,0.0001,98737
190,395136,86.99841066,2069,0.05,4704,84.0,0.0831102728843689,0.0001,98758
190,395220,86.98675061000003,2070,0.05,4705,84.0,0.1397232711315155,0.0001,98779
190,395304,87.00461960000001,2070,0.05,4706,84.0,4.405890941619873,0.0001,98800
190,395388,87.00347474,2071,0.05,4707,84.0,3.9958949089050293,0.0001,98821
190,395472,87.00285663000001,2071,0.05,4708,84.0,0.6855536699295044,0.0001,98842
190,395556,87.00731635,2072,0.05,4709,84.0,0.1184740737080574,0.0001,98863
190,395640,87.02001551000001,2072,0.05,4710,84.0,8.086152076721191,0.0001,98884
190,395724,87.02450242000003,2073,0.05,4711,84.0,0.4649554193019867,0.0001,98905
190,395808,86.98537062,2074,0.05,4712,84.0,0.15976420044898987,0.0001,98926
190,395892,86.98240369,2074,0.05,4713,84.0,4.297875881195068,0.0001,98947
190,395976,86.99017731999999,2075,0.05,4714,84.0,3.9713690280914307,0.0001,98968
190,396060,86.98854959999997,2075,0.05,4715,84.0,0.09872272610664368,0.0001,98989
190,396144,86.99877489999999,2076,0.05,4716,84.0,0.5758616328239441,0.0001,99010
190,396228,86.98068842999999,2077,0.05,4717,84.0,0.39793193340301514,0.0001,99031
190,396312,86.98632122999999,2077,0.05,4718,84.0,0.3180522322654724,0.0001,99052
190,396396,86.98371640999999,2078,0.05,4719,84.0,4.215199947357178,0.0001,99073
190,396480,86.99500333999998,2078,0.05,4720,84.0,4.217662811279297,0.0001,99094
190,396564,87.00126600999998,2079,0.05,4721,84.0,0.5518769025802612,0.0001,99115
190,396648,87.00644760000002,2079,0.05,4722,84.0,11.908304214477539,0.0001,99136
190,396732,86.99847062999999,2080,0.05,4723,84.0,4.215742111206055,0.0001,99157
190,396816,86.986921,2081,0.05,4724,84.0,0.16072066128253937,0.0001,99178
190,396900,87.01320457,2081,0.05,4725,84.0,0.41694390773773193,0.0001,99199
190,396984,87.02006872999999,2082,0.05,4726,84.0,0.39557474851608276,0.0001,99220
190,397068,87.02118424999999,2082,0.05,4727,84.0,0.13971605896949768,0.0001,99241
190,397152,87.00913749999998,2083,0.05,4728,84.0,0.7506173253059387,0.0001,99262
190,397236,87.01301233,2083,0.05,4729,84.0,0.17336520552635193,0.0001,99283
190,397320,87.02581035999998,2084,0.05,4730,84.0,0.16614291071891785,0.0001,99304
190,397404,87.03463321999998,2084,0.05,4731,84.0,4.195719242095947,0.0001,99325
190,397488,87.03960153999998,2085,0.05,4732,84.0,4.310238361358643,0.0001,99346
190,397572,87.02741927,2085,0.05,4733,84.0,4.427741527557373,0.0001,99367
190,397656,87.02272538000001,2086,0.05,4734,84.0,0.36863571405410767,0.0001,99388
190,397740,87.02254308000002,2087,0.05,4735,84.0,0.5266805291175842,0.0001,99409
190,397824,87.02142808999999,2087,0.05,4736,84.0,0.7108327150344849,0.0001,99430
190,397908,87.06313962,2088,0.05,4737,84.0,4.134819030761719,0.0001,99451
190,397992,87.06121082000001,2088,0.05,4738,84.0,8.404309272766113,0.0001,99472
190,398076,87.07238600000002,2089,0.05,4739,84.0,3.940579652786255,0.0001,99493
190,398160,87.05833042000002,2089,0.05,4740,84.0,0.1859615594148636,0.0001,99514
190,398244,87.06259181,2090,0.05,4741,84.0,0.28425824642181396,0.0001,99535
190,398328,87.06613507,2091,0.05,4742,84.0,4.6815080642700195,0.0001,99556
190,398412,87.06542553999999,2091,0.05,4743,84.0,0.280892014503479,0.0001,99577
190,398496,87.06231829999999,2092,0.05,4744,84.0,4.340973854064941,0.0001,99598
190,398580,87.06486301999999,2092,0.05,4745,84.0,0.5320773124694824,0.0001,99619
190,398664,87.06975118999999,2093,0.05,4746,84.0,0.09490789473056793,0.0001,99640
190,398748,87.07438341999998,2093,0.05,4747,84.0,0.07062838971614838,0.0001,99661
190,398832,87.07394194999999,2094,0.05,4748,84.0,3.9833123683929443,0.0001,99682
190,398916,87.07694699,2094,0.05,4749,84.0,4.129124641418457,0.0001,99703
190,399000,87.07844586000002,2095,0.05,4750,84.0,0.43117958307266235,0.0001,99724
190,399084,87.07516909,2096,0.05,4751,84.0,4.09027099609375,0.0001,99745
190,399168,87.06556255999998,2096,0.05,4752,84.0,0.14646577835083008,0.0001,99766
190,399252,87.19898278999999,2097,0.05,4753,84.0,4.29219913482666,0.0001,99787
190,399336,87.18951437999998,2097,0.05,4754,84.0,0.1335984468460083,0.0001,99808
190,399420,87.17880046999998,2098,0.05,4755,84.0,4.023526191711426,0.0001,99829
190,399504,87.16873322,2098,0.05,4756,84.0,4.624974727630615,0.0001,99850
190,399588,87.17682929000003,2099,0.05,4757,84.0,4.382806777954102,0.0001,99871
190,399672,87.17958968,2100,0.05,4758,84.0,0.530903697013855,0.0001,99892
190,399756,87.17741311000002,2100,0.05,4759,84.0,0.32025009393692017,0.0001,99913
190,399840,87.18936644,2101,0.05,4760,84.0,0.1066870391368866,0.0001,99934
190,399924,87.18711614,2101,0.05,4761,84.0,0.3101130723953247,0.0001,99955
190,400008,87.19300458,2102,0.05,4762,84.0,0.4983047842979431,0.0001,99976
190,400092,87.19895457000001,2102,0.05,4763,84.0,8.65101432800293,0.0001,99997
190,400176,87.2003298,2103,0.05,4764,84.0,4.373151779174805,0.0001,100018
190,400260,87.23195309,2103,0.05,4765,84.0,0.12217530608177185,0.0001,100039
190,400344,87.22713827000001,2104,0.05,4766,84.0,0.34369340538978577,0.0001,100060
190,400428,87.23303842000001,2105,0.05,4767,84.0,0.5930525064468384,0.0001,100081
190,400512,87.21310304000001,2105,0.05,4768,84.0,0.11218708753585815,0.0001,100102
190,400596,87.2117858,2106,0.05,4769,84.0,4.400624752044678,0.0001,100123
190,400680,87.20894949,2106,0.05,4770,84.0,8.222110748291016,0.0001,100144
190,400764,87.20448073,2107,0.05,4771,84.0,0.582158625125885,0.0001,100165
190,400848,87.20544326999998,2107,0.05,4772,84.0,0.3906759023666382,0.0001,100186
190,400932,87.21183600999998,2108,0.05,4773,84.0,0.805546760559082,0.0001,100207
190,401016,87.21467405,2108,0.05,4774,84.0,5.0473809242248535,0.0001,100228
190,401100,87.20142944999999,2109,0.05,4775,84.0,4.214593887329102,0.0001,100249
190,401184,87.20654144,2109,0.05,4776,84.0,0.36641520261764526,0.0001,100270
190,401268,87.20611590000003,2110,0.05,4777,84.0,0.3120623528957367,0.0001,100291
190,401352,87.22137937000001,2110,0.05,4778,84.0,0.6140031814575195,0.0001,100312
190,401436,87.22533928000001,2111,0.05,4779,84.0,0.1274537593126297,0.0001,100333
190,401520,87.21947917000001,2111,0.05,4780,84.0,0.3452441692352295,0.0001,100354
190,401604,87.21816585,2112,0.05,4781,84.0,4.66304349899292,0.0001,100375
190,401688,87.22098052,2112,0.05,4782,84.0,4.382506370544434,0.0001,100396
190,401772,87.21492977999998,2113,0.05,4783,84.0,4.090343475341797,0.0001,100417
190,401856,87.20473109000001,2113,0.05,4784,84.0,0.12291254103183746,0.0001,100438
190,401940,87.19238632000003,2114,0.05,4785,84.0,0.11921557784080505,0.0001,100459
190,402024,87.19653424000003,2114,0.05,4786,84.0,0.0795312225818634,0.0001,100480
190,402108,87.18376647000002,2115,0.05,4787,84.0,0.33964014053344727,0.0001,100501
190,402192,87.17725903000002,2115,0.05,4788,84.0,4.3689398765563965,0.0001,100522
190,402276,87.17119952000003,2115,0.05,4789,84.0,0.3873385787010193,0.0001,100543
190,402360,87.17353759000001,2116,0.05,4790,84.0,0.3081431984901428,0.0001,100564
190,402444,87.16844042000001,2116,0.05,4791,84.0,0.37924906611442566,0.0001,100585
190,402528,87.17081423999998,2117,0.05,4792,84.0,0.6274477243423462,0.0001,100606
190,402612,87.17496732999999,2117,0.05,4793,84.0,4.075605392456055,0.0001,100627
190,402696,87.16863091,2118,0.05,4794,84.0,0.05895417183637619,0.0001,100648
190,402780,87.15835691999999,2118,0.05,4795,84.0,3.995302200317383,0.0001,100669
190,402864,87.15925733,2119,0.05,4796,84.0,0.358332097530365,0.0001,100690
190,402948,87.16104259,2119,0.05,4797,84.0,0.1955726146697998,0.0001,100711
190,403032,87.11937061999998,2120,0.05,4798,84.0,4.194004535675049,0.0001,100732
190,403116,87.12191075000001,2120,0.05,4799,84.0,0.4431382417678833,0.0001,100753
190,403200,87.12744353,2121,0.05,4800,84.0,0.4928934872150421,0.0001,100774
190,403284,87.12541946000002,2121,0.05,4801,84.0,0.1316838264465332,0.0001,100795
190,403368,87.12474339,2122,0.05,4802,84.0,0.16494354605674744,0.0001,100816
190,403452,87.12061044000001,2122,0.05,4803,84.0,0.08101704716682434,0.0001,100837
190,403536,87.12003265999999,2123,0.05,4804,84.0,4.134030818939209,0.0001,100858
190,403620,87.11231174000001,2124,0.05,4805,84.0,8.152466773986816,0.0001,100879
190,403704,87.10374376,2124,0.05,4806,84.0,8.120421409606934,0.0001,100900
190,403788,87.10764717,2125,0.05,4807,84.0,0.2993978261947632,0.0001,100921
190,403872,87.10731133000002,2125,0.05,4808,84.0,0.08926045149564743,0.0001,100942
190,403956,87.10191071000001,2126,0.05,4809,84.0,0.30800583958625793,0.0001,100963
190,404040,87.09505456,2126,0.05,4810,84.0,0.12863723933696747,0.0001,100984
189,404124,87.09170625,2127,0.05,4811,84.0,0.57398921251297,0.0001,101005
189,404208,87.12498285999999,2127,0.05,4812,84.0,4.131923675537109,0.0001,101026
189,404292,87.11994368999999,2128,0.05,4813,84.0,8.493351936340332,0.0001,101047
189,404376,87.10561441999998,2128,0.05,4814,84.0,0.23219066858291626,0.0001,101068
189,404460,87.09340567999999,2129,0.05,4815,84.0,0.10331875085830688,0.0001,101089
189,404544,87.08738503000001,2129,0.05,4816,84.0,4.098322868347168,0.0001,101110
189,404628,87.09421796999999,2130,0.05,4817,84.0,0.25505074858665466,0.0001,101131
189,404712,87.08798778,2130,0.05,4818,84.0,0.16196709871292114,0.0001,101152
189,404796,87.08612244,2131,0.05,4819,84.0,0.3427555561065674,0.0001,101173
189,404880,87.07050233000001,2131,0.05,4820,84.0,0.10730420798063278,0.0001,101194
189,404964,87.07001385000001,2132,0.05,4821,84.0,0.15989479422569275,0.0001,101215
189,405048,87.06518439999999,2132,0.05,4822,84.0,0.6298004388809204,0.0001,101236
189,405132,87.06754342,2133,0.05,4823,84.0,8.36804485321045,0.0001,101257
189,405216,87.0639217,2133,0.05,4824,84.0,0.070265993475914,0.0001,101278
189,405300,87.06207201999997,2134,0.05,4825,84.0,0.10656373202800751,0.0001,101299
189,405384,87.06017659999998,2135,0.05,4826,84.0,3.922569513320923,0.0001,101320
189,405468,87.05583611999998,2135,0.05,4827,84.0,0.06682126224040985,0.0001,101341
189,405552,87.05534725,2136,0.05,4828,84.0,0.09643110632896423,0.0001,101362
189,405636,87.06765299,2136,0.05,4829,84.0,0.38374966382980347,0.0001,101383
189,405720,87.06258692,2137,0.05,4830,84.0,0.2626584768295288,0.0001,101404
189,405804,87.06319453,2137,0.05,4831,84.0,8.440174102783203,0.0001,101425
189,405888,87.06307094,2138,0.05,4832,84.0,0.4149606227874756,0.0001,101446
189,405972,87.05951649000001,2138,0.05,4833,84.0,0.31187015771865845,0.0001,101467
189,406056,87.06168519,2139,0.05,4834,84.0,3.9417266845703125,0.0001,101488
189,406140,87.06021352000002,2139,0.05,4835,84.0,4.3218159675598145,0.0001,101509
189,406224,87.06616224000001,2140,0.05,4836,84.0,0.12566901743412018,0.0001,101530
189,406308,87.07427221000002,2140,0.05,4837,84.0,0.0944172590970993,0.0001,101551
189,406392,87.07940949,2141,0.05,4838,84.0,4.222306728363037,0.0001,101572
189,406476,87.08343027000001,2141,0.05,4839,84.0,0.3446531593799591,0.0001,101593
189,406560,87.0928762,2142,0.05,4840,84.0,0.823348343372345,0.0001,101614
189,406644,87.08940181000004,2143,0.05,4841,84.0,0.21417377889156342,0.0001,101635
189,406728,87.07724331000001,2143,0.05,4842,84.0,4.077332973480225,0.0001,101656
189,406812,87.08164961000003,2144,0.05,4843,84.0,4.21153450012207,0.0001,101677
189,406896,87.08955501,2144,0.05,4844,84.0,0.3050055503845215,0.0001,101698
189,406980,87.07593979,2145,0.05,4845,84.0,4.104733467102051,0.0001,101719
189,407064,87.06786025,2145,0.05,4846,84.0,0.1664208322763443,0.0001,101740
189,407148,87.06495193999999,2146,0.05,4847,84.0,0.0749211460351944,0.0001,101761
189,407232,87.06038953000001,2146,0.05,4848,84.0,0.37216717004776,0.0001,101782
189,407316,87.05630127999999,2147,0.05,4849,84.0,0.3478112816810608,0.0001,101803
189,407400,87.06195430000001,2147,0.05,4850,84.0,3.9082908630371094,0.0001,101824
189,407484,87.06121742999999,2148,0.05,4851,84.0,0.17395444214344025,0.0001,101845
189,407568,87.06575869,2149,0.05,4852,84.0,0.35001689195632935,0.0001,101866
189,407652,87.06973928999997,2149,0.05,4853,84.0,4.64749813079834,0.0001,101887
189,407736,87.05816494999999,2150,0.05,4854,84.0,0.19681698083877563,0.0001,101908
189,407820,87.06063855999999,2150,0.05,4855,84.0,1.0785026550292969,0.0001,101929
189,407904,87.07996295999999,2151,0.05,4856,84.0,0.2631462514400482,0.0001,101950
189,407988,87.08509730999998,2151,0.05,4857,84.0,0.45941272377967834,0.0001,101971
189,408072,87.08531255999998,2152,0.05,4858,84.0,4.188238143920898,0.0001,101992
189,408156,87.08268596999999,2152,0.05,4859,84.0,4.327416896820068,0.0001,102013
189,408240,87.07981216999998,2153,0.05,4860,84.0,0.31429338455200195,0.0001,102034
189,408324,87.08563760999999,2153,0.05,4861,84.0,0.14997369050979614,0.0001,102055
189,408408,87.1019702,2154,0.05,4862,84.0,0.3589097261428833,0.0001,102076
189,408492,87.09595034,2154,0.05,4863,84.0,4.470007419586182,0.0001,102097
189,408576,87.08414349,2155,0.05,4864,84.0,0.6924225091934204,0.0001,102118
189,408660,87.0780278,2155,0.05,4865,84.0,7.9089674949646,0.0001,102139
189,408744,87.08687529000001,2156,0.05,4866,84.0,0.5202672481536865,0.0001,102160
189,408828,87.08504989,2156,0.05,4867,84.0,4.238418102264404,0.0001,102181
189,408912,87.10787185999999,2157,0.05,4868,84.0,0.11841508001089096,0.0001,102202
189,408996,87.11418373999999,2157,0.05,4869,84.0,4.223426818847656,0.0001,102223
189,409080,87.11218982999999,2158,0.05,4870,84.0,0.774344265460968,0.0001,102244
189,409164,87.11394308999998,2158,0.05,4871,84.0,0.15784652531147003,0.0001,102265
189,409248,87.11096633999999,2159,0.05,4872,84.0,0.7173599600791931,0.0001,102286
189,409332,87.10497739,2160,0.05,4873,84.0,0.35237085819244385,0.0001,102307
189,409416,87.10648996,2160,0.05,4874,84.0,4.23947286605835,0.0001,102328
189,409500,87.11336364,2161,0.05,4875,84.0,0.4180948734283447,0.0001,102349
189,409584,87.1040438,2161,0.05,4876,84.0,0.07700090110301971,0.0001,102370
189,409668,87.10721837999999,2162,0.05,4877,84.0,0.4705672562122345,0.0001,102391
189,409752,87.11964796000001,2162,0.05,4878,84.0,4.596031188964844,0.0001,102412
189,409836,87.11567051,2163,0.05,4879,84.0,0.4449889063835144,0.0001,102433
189,409920,87.10948069999999,2164,0.05,4880,84.0,0.14289604127407074,0.0001,102454
189,410004,87.12178599999999,2164,0.05,4881,84.0,4.450628280639648,0.0001,102475
189,410088,87.12398782,2165,0.05,4882,84.0,4.237085342407227,0.0001,102496
189,410172,87.11997869000001,2165,0.05,4883,84.0,0.1586179882287979,0.0001,102517
189,410256,87.13084812999999,2166,0.05,4884,84.0,0.8108505606651306,0.0001,102538
189,410340,87.13361467,2166,0.05,4885,84.0,0.2522295117378235,0.0001,102559
189,410424,87.13785447000002,2167,0.05,4886,84.0,0.12698498368263245,0.0001,102580
189,410508,87.1547536,2167,0.05,4887,84.0,0.12690892815589905,0.0001,102601
189,410592,87.13199648,2168,0.05,4888,84.0,0.10919637978076935,0.0001,102622
189,410676,87.12618232999999,2169,0.05,4889,84.0,4.508124351501465,0.0001,102643
189,410760,87.12369061000001,2169,0.05,4890,84.0,0.36269158124923706,0.0001,102664
189,410844,87.12299782,2170,0.05,4891,84.0,8.753414154052734,0.0001,102685
189,410928,87.12280963,2170,0.05,4892,84.0,4.038794040679932,0.0001,102706
189,411012,87.12205487,2171,0.05,4893,84.0,0.4326303005218506,0.0001,102727
189,411096,87.11642124,2171,0.05,4894,84.0,0.5966570377349854,0.0001,102748
189,411180,87.13137414,2172,0.05,4895,84.0,0.6066608428955078,0.0001,102769
189,411264,87.1270136,2173,0.05,4896,84.0,4.170238494873047,0.0001,102790
189,411348,87.11539551999998,2173,0.05,4897,84.0,4.4251604080200195,0.0001,102811
189,411432,87.16067375,2174,0.05,4898,84.0,0.2770113945007324,0.0001,102832
189,411516,87.16452644999998,2174,0.05,4899,84.0,0.39530667662620544,0.0001,102853
189,411600,87.15808127,2175,0.05,4900,84.0,0.3318166434764862,0.0001,102874
189,411684,87.10065771,2175,0.05,4901,84.0,0.6558952331542969,0.0001,102895
189,411768,87.08927605999999,2176,0.05,4902,84.0,0.3689408302307129,0.0001,102916
189,411852,87.09210411999999,2177,0.05,4903,84.0,0.07898704707622528,0.0001,102937
189,411936,87.09439757999999,2177,0.05,4904,84.0,4.0346479415893555,0.0001,102958
189,412020,87.11501162999998,2178,0.05,4905,84.0,0.6168051958084106,0.0001,102979
189,412104,87.11060954,2178,0.05,4906,84.0,4.171848773956299,0.0001,103000
189,412188,87.11176872,2179,0.05,4907,84.0,0.07277858257293701,0.0001,103021
189,412272,87.11640041999999,2179,0.05,4908,84.0,0.3328404724597931,0.0001,103042
189,412356,87.11745390999998,2180,0.05,4909,84.0,0.47184762358665466,0.0001,103063
189,412440,87.12455864999998,2181,0.05,4910,84.0,0.10831694304943085,0.0001,103084
189,412524,87.11529766999998,2181,0.05,4911,84.0,0.372435063123703,0.0001,103105
189,412608,87.11893045999997,2182,0.05,4912,84.0,4.476712703704834,0.0001,103126
189,412692,87.10297725999997,2182,0.05,4913,84.0,0.06329149007797241,0.0001,103147
189,412776,87.11543076,2183,0.05,4914,84.0,0.355857789516449,0.0001,103168
189,412860,87.09437495,2183,0.05,4915,84.0,4.260522365570068,0.0001,103189
189,412944,87.10884774,2184,0.05,4916,84.0,0.3519812822341919,0.0001,103210
189,413028,87.11377800999999,2184,0.05,4917,84.0,0.0499199703335762,0.0001,103231
189,413112,87.11293463,2185,0.05,4918,84.0,8.258642196655273,0.0001,103252
189,413196,87.12150491999999,2185,0.05,4919,84.0,4.5913615226745605,0.0001,103273
189,413280,87.12761445000002,2186,0.05,4920,84.0,0.07675259560346603,0.0001,103294
189,413364,87.12191889,2186,0.05,4921,84.0,4.061574459075928,0.0001,103315
189,413448,87.1201196,2187,0.05,4922,84.0,4.509114742279053,0.0001,103336
189,413532,87.12354226999997,2187,0.05,4923,84.0,0.06963285803794861,0.0001,103357
189,413616,87.12081647999999,2188,0.05,4924,84.0,0.7255221009254456,0.0001,103378
189,413700,87.12352422,2188,0.05,4925,84.0,3.7547800540924072,0.0001,103399
189,413784,87.12131755000001,2189,0.05,4926,84.0,0.09525077044963837,0.0001,103420
189,413868,87.11120679000001,2189,0.05,4927,84.0,0.1222444549202919,0.0001,103441
189,413952,87.12696838,2190,0.05,4928,84.0,4.0174880027771,0.0001,103462
188,414036,87.11934261999998,2190,0.05,4929,84.0,0.07883385568857193,0.0001,103483
188,414120,87.11573823999998,2191,0.05,4930,84.0,4.2295074462890625,0.0001,103504
188,414204,87.08861566,2191,0.05,4931,84.0,0.11152383685112,0.0001,103525
188,414288,87.08891063999998,2192,0.05,4932,84.0,0.29535961151123047,0.0001,103546
188,414372,87.08926014000001,2192,0.05,4933,84.0,4.0757036209106445,0.0001,103567
188,414456,87.09613351999998,2193,0.05,4934,84.0,4.432059288024902,0.0001,103588
188,414540,87.09800698000002,2194,0.05,4935,84.0,0.10082308202981949,0.0001,103609
188,414624,87.10765221000001,2194,0.05,4936,84.0,4.846732139587402,0.0001,103630
188,414708,87.10115662000003,2195,0.05,4937,84.0,4.024982452392578,0.0001,103651
188,414792,87.09742748000001,2195,0.05,4938,84.0,0.2741375267505646,0.0001,103672
188,414876,87.08099348,2196,0.05,4939,84.0,3.969719171524048,0.0001,103693
188,414960,87.07798165,2196,0.05,4940,84.0,0.11020515114068985,0.0001,103714
188,415044,87.0858621,2197,0.05,4941,84.0,0.20677480101585388,0.0001,103735
188,415128,87.08876388,2197,0.05,4942,84.0,0.11876759678125381,0.0001,103756
188,415212,87.08523446999999,2198,0.05,4943,84.0,8.92003345489502,0.0001,103777
188,415296,87.07762897,2198,0.05,4944,84.0,0.09675644338130951,0.0001,103798
188,415380,87.08281606,2199,0.05,4945,84.0,0.2720687985420227,0.0001,103819
188,415464,87.07697354000001,2199,0.05,4946,84.0,4.02975606918335,0.0001,103840
188,415548,87.07012330000002,2200,0.05,4947,84.0,0.1443949043750763,0.0001,103861
188,415632,87.0711721,2201,0.05,4948,84.0,0.16167722642421722,0.0001,103882
188,415716,87.08299110999998,2201,0.05,4949,84.0,0.08953677117824554,0.0001,103903
188,415800,87.07598648,2202,0.05,4950,84.0,0.3753698468208313,0.0001,103924
188,415884,87.06965152,2202,0.05,4951,84.0,4.279059410095215,0.0001,103945
188,415968,87.05708390000001,2203,0.05,4952,84.0,0.12292426824569702,0.0001,103966
188,416052,87.05566764000001,2203,0.05,4953,84.0,0.0671747624874115,0.0001,103987
188,416136,87.0583987,2204,0.05,4954,84.0,0.08780227601528168,0.0001,104008
188,416220,87.06063106000002,2204,0.05,4955,84.0,0.12387759983539581,0.0001,104029
188,416304,87.0522427,2205,0.05,4956,84.0,8.205482482910156,0.0001,104050
188,416388,87.03181581000001,2205,0.05,4957,84.0,0.6139788627624512,0.0001,104071
188,416472,87.02451492,2206,0.05,4958,84.0,0.27418991923332214,0.0001,104092
188,416556,87.02137105,2207,0.05,4959,84.0,8.430718421936035,0.0001,104113
188,416640,87.02257817,2207,0.05,4960,84.0,0.5280818939208984,0.0001,104134
188,416724,87.01799883000001,2208,0.05,4961,84.0,4.3357343673706055,0.0001,104155
188,416808,87.00203872,2208,0.05,4962,84.0,0.4173220098018646,0.0001,104176
188,416892,87.00506494,2209,0.05,4963,84.0,4.459197998046875,0.0001,104197
188,416976,87.02560299999999,2209,0.05,4964,84.0,4.761737823486328,0.0001,104218
188,417060,87.03047045000001,2210,0.05,4965,84.0,0.2955235540866852,0.0001,104239
188,417144,87.03202679,2210,0.05,4966,84.0,4.8589863777160645,0.0001,104260
188,417228,87.03420310000001,2211,0.05,4967,84.0,0.09961877763271332,0.0001,104281
188,417312,87.02254546999998,2211,0.05,4968,84.0,0.286318838596344,0.0001,104302
188,417396,87.02335992,2212,0.05,4969,84.0,4.394134998321533,0.0001,104323
188,417480,87.01531397,2213,0.05,4970,84.0,0.36589711904525757,0.0001,104344
188,417564,87.01585558999999,2213,0.05,4971,84.0,4.5014119148254395,0.0001,104365
188,417648,87.01982581,2214,0.05,4972,84.0,0.18170461058616638,0.0001,104386
188,417732,87.01615497,2214,0.05,4973,84.0,12.304788589477539,0.0001,104407
188,417816,87.01210409,2215,0.05,4974,84.0,4.536498069763184,0.0001,104428
188,417900,87.00709086,2215,0.05,4975,84.0,0.16488507390022278,0.0001,104449
188,417984,87.00708601000001,2216,0.05,4976,84.0,0.4377732276916504,0.0001,104470
188,418068,87.00265262,2217,0.05,4977,84.0,4.719502925872803,0.0001,104491
188,418152,86.98555784000001,2218,0.05,4978,84.0,0.10242334753274918,0.0001,104512
188,418236,86.97922936,2218,0.05,4979,84.0,4.155333042144775,0.0001,104533
188,418320,86.98112090000001,2219,0.05,4980,84.0,0.44870758056640625,0.0001,104554
188,418404,86.98103399999998,2219,0.05,4981,84.0,0.08650197088718414,0.0001,104575
188,418488,86.98875628999998,2220,0.05,4982,84.0,0.31514638662338257,0.0001,104596
188,418572,86.99573650999999,2221,0.05,4983,84.0,0.16795802116394043,0.0001,104617
188,418656,86.98316055,2221,0.05,4984,84.0,3.9381000995635986,0.0001,104638
188,418740,86.99714827,2222,0.05,4985,84.0,0.16676124930381775,0.0001,104659
188,418824,87.00083535,2222,0.05,4986,84.0,0.12783625721931458,0.0001,104680
188,418908,86.99829429000002,2223,0.05,4987,84.0,0.4330316483974457,0.0001,104701
188,418992,87.02573600000001,2223,0.05,4988,84.0,0.30171361565589905,0.0001,104722
188,419076,87.02360327000001,2224,0.05,4989,84.0,4.139694690704346,0.0001,104743
188,419160,87.0195297,2224,0.05,4990,84.0,0.3301314115524292,0.0001,104764
188,419244,87.02167442,2225,0.05,4991,84.0,0.12333004921674728,0.0001,104785
188,419328,87.03018094999999,2225,0.05,4992,84.0,4.139011859893799,0.0001,104806
188,419412,87.02725147999999,2226,0.05,4993,84.0,0.2131122499704361,0.0001,104827
188,419496,87.03174217,2226,0.05,4994,84.0,0.40249091386795044,0.0001,104848
188,419580,87.02561405,2227,0.05,4995,84.0,0.34020695090293884,0.0001,104869
188,419664,87.03127453,2227,0.05,4996,84.0,0.10656657814979553,0.0001,104890
188,419748,87.04674075000001,2228,0.05,4997,84.0,0.1323072910308838,0.0001,104911
188,419832,87.04417562000002,2229,0.05,4998,84.0,4.396578788757324,0.0001,104932
188,419916,87.05050092000002,2229,0.05,4999,84.0,0.3002515137195587,0.0001,104953
188,420000,87.05655657000001,2230,0.05,5000,84.0,4.747220516204834,0.0001,104974
188,420084,87.11626007999999,2230,0.05,5001,84.0,4.3406572341918945,0.0001,104995
188,420168,87.13944398,2230,0.05,5002,84.0,4.153695106506348,0.0001,105016
188,420252,87.14244986,2231,0.05,5003,84.0,4.087611198425293,0.0001,105037
188,420336,87.13734357999999,2231,0.05,5004,84.0,0.3251079022884369,0.0001,105058
188,420420,87.13637238999999,2232,0.05,5005,84.0,0.08933565765619278,0.0001,105079
188,420504,87.14178383000001,2232,0.05,5006,84.0,4.284331798553467,0.0001,105100
188,420588,87.13894751,2233,0.05,5007,84.0,0.1686365008354187,0.0001,105121
188,420672,87.13836088,2233,0.05,5008,84.0,0.11664865911006927,0.0001,105142
188,420756,87.12645468,2234,0.05,5009,84.0,0.09264780580997467,0.0001,105163
188,420840,87.12595803999997,2234,0.05,5010,84.0,0.3167285621166229,0.0001,105184
188,420924,87.12672609999998,2235,0.05,5011,84.0,4.045388698577881,0.0001,105205
188,421008,87.13326877999998,2235,0.05,5012,84.0,0.5610564947128296,0.0001,105226
188,421092,87.14816339999999,2236,0.05,5013,84.0,0.31849032640457153,0.0001,105247
188,421176,87.13409787,2236,0.05,5014,84.0,4.134509086608887,0.0001,105268
188,421260,87.14913496,2237,0.05,5015,84.0,0.1909758597612381,0.0001,105289
188,421344,87.12556144,2237,0.05,5016,84.0,0.6560978889465332,0.0001,105310
188,421428,87.11086121999999,2238,0.05,5017,84.0,4.701054573059082,0.0001,105331
188,421512,87.11195799,2238,0.05,5018,84.0,4.629146099090576,0.0001,105352
188,421596,87.10624216999999,2239,0.05,5019,84.0,4.753482818603516,0.0001,105373
188,421680,87.10053996999999,2239,0.05,5020,84.0,0.11099889874458313,0.0001,105394
188,421764,87.10765274,2240,0.05,5021,84.0,4.117759704589844,0.0001,105415
188,421848,87.11048817999999,2240,0.05,5022,84.0,4.056516170501709,0.0001,105436
188,421932,87.09315843,2241,0.05,5023,84.0,8.217557907104492,0.0001,105457
188,422016,87.09559583000001,2241,0.05,5024,84.0,0.2783430814743042,0.0001,105478
188,422100,87.08814426,2241,0.05,5025,84.0,0.13209043443202972,0.0001,105499
188,422184,87.08907430000001,2242,0.05,5026,84.0,11.86828899383545,0.0001,105520
188,422268,87.10994357000001,2242,0.05,5027,84.0,4.118354320526123,0.0001,105541
188,422352,87.10623313,2243,0.05,5028,84.0,4.156946659088135,0.0001,105562
188,422436,87.10792511000001,2243,0.05,5029,84.0,0.5799828171730042,0.0001,105583
188,422520,87.11022829,2244,0.05,5030,84.0,0.336490273475647,0.0001,105604
188,422604,87.12775286000002,2244,0.05,5031,84.0,0.3401776850223541,0.0001,105625
188,422688,87.11891519000001,2245,0.05,5032,84.0,0.11933162808418274,0.0001,105646
188,422772,87.11791184999998,2245,0.05,5033,84.0,0.3594089150428772,0.0001,105667
188,422856,87.11094666999999,2245,0.05,5034,84.0,0.3164995610713959,0.0001,105688
188,422940,87.12163886999998,2246,0.05,5035,84.0,4.239480495452881,0.0001,105709
188,423024,87.11047178999998,2246,0.05,5036,84.0,0.15992209315299988,0.0001,105730
188,423108,87.10998769999998,2247,0.05,5037,84.0,3.809121608734131,0.0001,105751
188,423192,87.09995164999998,2247,0.05,5038,84.0,0.265835702419281,0.0001,105772
188,423276,87.11543403999997,2248,0.05,5039,84.0,0.20158851146697998,0.0001,105793
188,423360,87.09920897,2248,0.05,5040,84.0,0.603056013584137,0.0001,105814
188,423444,87.09545455000001,2249,0.05,5041,84.0,0.5077367424964905,0.0001,105835
188,423528,87.09992021,2249,0.05,5042,84.0,0.15365257859230042,0.0001,105856
188,423612,87.08186745000003,2250,0.05,5043,84.0,0.30583977699279785,0.0001,105877
188,423696,87.08223518000003,2250,0.05,5044,84.0,0.0664367750287056,0.0001,105898
188,423780,87.07410505000001,2251,0.05,5045,84.0,0.3319263458251953,0.0001,105919
188,423864,87.07873594,2251,0.05,5046,84.0,0.47849249839782715,0.0001,105940
188,423948,87.08109302000001,2252,0.05,5047,84.0,4.598380088806152,0.0001,105961
188,424032,87.08178501999998,2252,0.05,5048,84.0,0.7351371645927429,0.0001,105982
188,424116,87.07373047000002,2253,0.05,5049,84.0,0.30923253297805786,0.0001,106003
188,424200,87.07106100000001,2253,0.05,5050,84.0,0.3070780634880066,0.0001,106024
188,424284,87.0735298,2254,0.05,5051,84.0,0.35979998111724854,0.0001,106045
188,424368,87.08287310000001,2254,0.05,5052,84.0,4.439033508300781,0.0001,106066
188,424452,87.08321739000002,2255,0.05,5053,84.0,0.713871955871582,0.0001,106087
188,424536,87.08547181000002,2255,0.05,5054,84.0,4.038064479827881,0.0001,106108
188,424620,87.09083158,2256,0.05,5055,84.0,0.08492033183574677,0.0001,106129
188,424704,87.10319442,2256,0.05,5056,84.0,4.564413547515869,0.0001,106150
188,424788,87.12139083,2257,0.05,5057,84.0,0.04990413039922714,0.0001,106171
188,424872,87.13077964,2257,0.05,5058,84.0,0.12636032700538635,0.0001,106192
188,424956,87.14016812,2258,0.05,5059,84.0,0.31219005584716797,0.0001,106213
188,425040,87.14482566999999,2258,0.05,5060,84.0,4.370279788970947,0.0001,106234
188,425124,87.14120707000001,2259,0.05,5061,84.0,0.6624736785888672,0.0001,106255
188,425208,87.14555346999998,2259,0.05,5062,84.0,0.10828261077404022,0.0001,106276
188,425292,87.15423577,2260,0.05,5063,84.0,0.3902653157711029,0.0001,106297
188,425376,87.13707355999999,2260,0.05,5064,84.0,0.45843568444252014,0.0001,106318
188,425460,87.14100665,2261,0.05,5065,84.0,8.189299583435059,0.0001,106339
188,425544,87.13343558999999,2261,0.05,5066,84.0,3.962022066116333,0.0001,106360
188,425628,87.13083253999999,2262,0.05,5067,84.0,4.569529056549072,0.0001,106381
188,425712,87.12827874,2262,0.05,5068,84.0,0.16253869235515594,0.0001,106402
188,425796,87.11081003,2263,0.05,5069,84.0,0.20017430186271667,0.0001,106423
188,425880,87.11738555,2263,0.05,5070,84.0,0.374172568321228,0.0001,106444
188,425964,87.11570822,2264,0.05,5071,84.0,4.355616569519043,0.0001,106465
188,426048,87.11474267999998,2264,0.05,5072,84.0,0.5229218602180481,0.0001,106486
188,426132,87.12083706,2265,0.05,5073,84.0,0.3277938961982727,0.0001,106507
188,426216,87.12133155,2265,0.05,5074,84.0,0.08099274337291718,0.0001,106528
188,426300,87.12951757,2266,0.05,5075,84.0,0.5656421184539795,0.0001,106549
188,426384,87.13323583000002,2266,0.05,5076,84.0,0.06307311356067657,0.0001,106570
188,426468,87.140342,2267,0.05,5077,84.0,0.351561576128006,0.0001,106591
188,426552,87.15294522999999,2267,0.05,5078,84.0,4.110448360443115,0.0001,106612
188,426636,87.15239646999999,2268,0.05,5079,84.0,4.504877090454102,0.0001,106633
188,426720,87.16080605999997,2268,0.05,5080,84.0,0.113395094871521,0.0001,106654
188,426804,87.12913402999999,2269,0.05,5081,84.0,4.457030773162842,0.0001,106675
188,426888,87.10899998000001,2269,0.05,5082,84.0,4.500080108642578,0.0001,106696
188,426972,87.11278125000001,2270,0.05,5083,84.0,0.5632269382476807,0.0001,106717
188,427056,87.1208683,2270,0.05,5084,84.0,4.892498016357422,0.0001,106738
188,427140,87.11748781,2271,0.05,5085,84.0,3.7528042793273926,0.0001,106759
188,427224,87.11897474,2271,0.05,5086,84.0,0.3604821562767029,0.0001,106780
188,427308,87.12217944999999,2272,0.05,5087,84.0,0.12161366641521454,0.0001,106801
188,427392,87.11318718000001,2272,0.05,5088,84.0,4.4569807052612305,0.0001,106822
188,427476,87.11278420999999,2273,0.05,5089,84.0,0.1244138777256012,0.0001,106843
188,427560,87.11452110999998,2274,0.05,5090,84.0,0.5640372633934021,0.0001,106864
188,427644,87.11560007999998,2274,0.05,5091,84.0,0.08055645227432251,0.0001,106885
188,427728,87.10930006000001,2275,0.05,5092,84.0,0.2853449881076813,0.0001,106906
188,427812,87.10361386999999,2275,0.05,5093,84.0,0.4476965069770813,0.0001,106927
187,427896,87.09895705,2276,0.05,5094,84.0,0.08631318807601929,0.0001,106948
187,427980,87.09792113999998,2276,0.05,5095,84.0,0.23854008316993713,0.0001,106969
187,428064,87.09756386999997,2277,0.05,5096,84.0,0.34081658720970154,0.0001,106990
187,428148,87.07811388999998,2277,0.05,5097,84.0,0.111899733543396,0.0001,107011
187,428232,87.07685514999999,2278,0.05,5098,84.0,0.32720738649368286,0.0001,107032
187,428316,87.07123723999999,2278,0.05,5099,84.0,4.206174850463867,0.0001,107053
187,428400,87.07190548,2279,0.05,5100,84.0,0.07819400727748871,0.0001,107074
187,428484,87.07506767000001,2280,0.05,5101,84.0,0.14914539456367493,0.0001,107095
187,428568,87.0561344,2280,0.05,5102,84.0,0.18072545528411865,0.0001,107116
187,428652,87.04444638000001,2281,0.05,5103,84.0,0.19565482437610626,0.0001,107137
187,428736,87.05226950999999,2282,0.05,5104,84.0,0.35040417313575745,0.0001,107158
187,428820,87.04323475,2282,0.05,5105,84.0,0.3321290612220764,0.0001,107179
187,428904,87.05108320999997,2283,0.05,5106,84.0,0.08114384114742279,0.0001,107200
187,428988,87.05390273,2283,0.05,5107,84.0,0.3883261978626251,0.0001,107221
187,429072,87.05247822000001,2284,0.05,5108,84.0,0.13332566618919373,0.0001,107242
187,429156,87.06304361000001,2284,0.05,5109,84.0,0.291412889957428,0.0001,107263
187,429240,87.05132954000001,2285,0.05,5110,84.0,4.300604820251465,0.0001,107284
187,429324,87.05656089,2286,0.05,5111,84.0,0.3189738392829895,0.0001,107305
187,429408,87.04949356000002,2286,0.05,5112,84.0,0.9221543073654175,0.0001,107326
187,429492,87.06732659000001,2287,0.05,5113,84.0,0.06714293360710144,0.0001,107347
187,429576,87.07616116000003,2287,0.05,5114,84.0,3.7583398818969727,0.0001,107368
187,429660,87.07584426000001,2288,0.05,5115,84.0,4.282879829406738,0.0001,107389
187,429744,87.08147173000002,2288,0.05,5116,84.0,0.7560075521469116,0.0001,107410
187,429828,87.0826506,2289,0.05,5117,84.0,0.26783689856529236,0.0001,107431
187,429912,87.07967079,2289,0.05,5118,84.0,0.35741040110588074,0.0001,107452
187,429996,87.08316844,2290,0.05,5119,84.0,4.163280010223389,0.0001,107473
187,430080,87.08250840999999,2291,0.05,5120,84.0,0.12227480113506317,0.0001,107494
187,430164,87.08828662999998,2291,0.05,5121,84.0,0.13709717988967896,0.0001,107515
187,430248,87.09848037,2292,0.05,5122,84.0,0.3493109941482544,0.0001,107536
187,430332,87.09891942,2292,0.05,5123,84.0,4.3309173583984375,0.0001,107557
187,430416,87.10592607999999,2293,0.05,5124,84.0,0.1532103419303894,0.0001,107578
187,430500,87.10312601999998,2294,0.05,5125,84.0,0.3555215299129486,0.0001,107599
187,430584,87.11119685,2294,0.05,5126,84.0,4.180635929107666,0.0001,107620
187,430668,87.10004171,2295,0.05,5127,84.0,0.5689374804496765,0.0001,107641
187,430752,87.08913796,2295,0.05,5128,84.0,4.832736492156982,0.0001,107662
187,430836,87.07970480000002,2296,0.05,5129,84.0,0.38748425245285034,0.0001,107683
187,430920,87.07790820000002,2297,0.05,5130,84.0,0.3437417149543762,0.0001,107704
187,431004,87.08464450000001,2297,0.05,5131,84.0,4.594973087310791,0.0001,107725
187,431088,87.07019692,2298,0.05,5132,84.0,0.19377724826335907,0.0001,107746
187,431172,87.0824683,2298,0.05,5133,84.0,0.08424663543701172,0.0001,107767
187,431256,87.08850222999999,2299,0.05,5134,84.0,0.2165011465549469,0.0001,107788
187,431340,87.06474709999996,2299,0.05,5135,84.0,0.2385334074497223,0.0001,107809
187,431424,87.06604308999998,2300,0.05,5136,84.0,0.12457378953695297,0.0001,107830
187,431508,87.06823762,2300,0.05,5137,84.0,7.805615425109863,0.0001,107851
187,431592,87.07505262000001,2301,0.05,5138,84.0,4.536397933959961,0.0001,107872
187,431676,87.06763835000001,2302,0.05,5139,84.0,0.274020791053772,0.0001,107893
187,431760,87.07739189,2302,0.05,5140,84.0,4.253524303436279,0.0001,107914
187,431844,87.08593442,2303,0.05,5141,84.0,0.2264365255832672,0.0001,107935
187,431928,87.08965462,2303,0.05,5142,84.0,0.20470935106277466,0.0001,107956
187,432012,87.11534319999998,2304,0.05,5143,84.0,5.230171203613281,0.0001,107977
187,432096,87.13074801,2304,0.05,5144,84.0,0.6081743240356445,0.0001,107998
187,432180,87.13704173,2305,0.05,5145,84.0,4.518289089202881,0.0001,108019
187,432264,87.14000828,2306,0.05,5146,84.0,0.1723569631576538,0.0001,108040
187,432348,87.1469765,2306,0.05,5147,84.0,4.8447265625,0.0001,108061
187,432432,87.14340076,2307,0.05,5148,84.0,0.3327702283859253,0.0001,108082
187,432516,87.14061013,2307,0.05,5149,84.0,4.698762893676758,0.0001,108103
187,432600,87.14275652,2308,0.05,5150,84.0,4.615381240844727,0.0001,108124
187,432684,87.11722097000002,2308,0.05,5151,84.0,0.09358911216259003,0.0001,108145
187,432768,87.10748088,2309,0.05,5152,84.0,0.057347483932971954,0.0001,108166
187,432852,87.10516917000001,2310,0.05,5153,84.0,4.594642639160156,0.0001,108187
187,432936,87.10648493999999,2310,0.05,5154,84.0,0.08281117677688599,0.0001,108208
187,433020,87.10883334,2311,0.05,5155,84.0,0.12771707773208618,0.0001,108229
187,433104,87.09533094,2311,0.05,5156,84.0,0.08617404103279114,0.0001,108250
187,433188,87.09149383,2312,0.05,5157,84.0,8.419111251831055,0.0001,108271
187,433272,87.09866813000001,2312,0.05,5158,84.0,0.14519718289375305,0.0001,108292
187,433356,87.09372497,2313,0.05,5159,84.0,4.813933849334717,0.0001,108313
187,433440,87.08130919000001,2314,0.05,5160,84.0,0.30810409784317017,0.0001,108334
187,433524,87.08576283000001,2314,0.05,5161,84.0,4.256402015686035,0.0001,108355
187,433608,87.07025424000003,2315,0.05,5162,84.0,0.4606778025627136,0.0001,108376
187,433692,87.06740278,2316,0.05,5163,84.0,0.07786296308040619,0.0001,108397
187,433776,87.07557065,2316,0.05,5164,84.0,0.3719368875026703,0.0001,108418
187,433860,87.04629781,2317,0.05,5165,84.0,4.199301719665527,0.0001,108439
187,433944,87.04403932,2317,0.05,5166,84.0,0.2219446450471878,0.0001,108460
187,434028,87.05306213999998,2318,0.05,5167,84.0,0.5159599781036377,0.0001,108481
187,434112,87.05059225,2318,0.05,5168,84.0,0.10662120580673218,0.0001,108502
187,434196,87.06712378999998,2319,0.05,5169,84.0,4.358455181121826,0.0001,108523
187,434280,87.06481498,2320,0.05,5170,84.0,0.09251900017261505,0.0001,108544
187,434364,87.06016680999997,2320,0.05,5171,84.0,0.10838837176561356,0.0001,108565
187,434448,87.06252121,2321,0.05,5172,84.0,4.447299957275391,0.0001,108586
187,434532,87.05976303,2321,0.05,5173,84.0,0.3018827438354492,0.0001,108607
187,434616,87.06197759000001,2322,0.05,5174,84.0,12.471025466918945,0.0001,108628
187,434700,87.06483236,2322,0.05,5175,84.0,0.5765559077262878,0.0001,108649
187,434784,87.06235074000001,2323,0.05,5176,84.0,0.29923081398010254,0.0001,108670
187,434868,87.05323485000001,2324,0.05,5177,84.0,0.1824859380722046,0.0001,108691
187,434952,87.03993695000001,2324,0.05,5178,84.0,0.1431925743818283,0.0001,108712
187,435036,87.02916378000002,2325,0.05,5179,84.0,0.34046268463134766,0.0001,108733
187,435120,87.02036106999999,2325,0.05,5180,84.0,0.3121035397052765,0.0001,108754
187,435204,87.04153918999998,2326,0.05,5181,84.0,0.17538675665855408,0.0001,108775
187,435288,87.04562016000001,2327,0.05,5182,84.0,0.21487337350845337,0.0001,108796
187,435372,87.04283534,2327,0.05,5183,84.0,0.3272208571434021,0.0001,108817
187,435456,87.03495625000001,2328,0.05,5184,84.0,8.632244110107422,0.0001,108838
187,435540,87.03104085000001,2328,0.05,5185,84.0,4.334451198577881,0.0001,108859
187,435624,87.01959471000002,2329,0.05,5186,84.0,4.0145158767700195,0.0001,108880
186,435708,87.01783986000001,2330,0.05,5187,84.0,0.5455464720726013,0.0001,108901
186,435792,87.03418697000001,2330,0.05,5188,84.0,4.318850040435791,0.0001,108922
186,435876,87.03549516000001,2331,0.05,5189,84.0,4.928287506103516,0.0001,108943
186,435960,87.03373020999999,2331,0.05,5190,84.0,0.10232829302549362,0.0001,108964
186,436044,86.97458768999999,2332,0.05,5191,84.0,0.056913793087005615,0.0001,108985
186,436128,86.96844360000001,2332,0.05,5192,84.0,0.3265301585197449,0.0001,109006
186,436212,86.96588053,2333,0.05,5193,84.0,0.5524296164512634,0.0001,109027
186,436296,86.94791974,2334,0.05,5194,84.0,0.4099874794483185,0.0001,109048
186,436380,86.95203096000002,2334,0.05,5195,84.0,7.884593486785889,0.0001,109069
186,436464,86.94778120999999,2335,0.05,5196,84.0,0.06457486003637314,0.0001,109090
186,436548,86.95337141,2335,0.05,5197,84.0,4.555869102478027,0.0001,109111
186,436632,86.95629496000001,2336,0.05,5198,84.0,0.20015187561511993,0.0001,109132
186,436716,86.95095629,2337,0.05,5199,84.0,0.2676345109939575,0.0001,109153
186,436800,86.94858271000001,2337,0.05,5200,84.0,0.14916634559631348,0.0001,109174
186,436884,86.94700624000001,2338,0.05,5201,84.0,0.10511447489261627,0.0001,109195
186,436968,86.94702358,2338,0.05,5202,84.0,0.24653582274913788,0.0001,109216
186,437052,86.95279291000001,2339,0.05,5203,84.0,0.5782530903816223,0.0001,109237
186,437136,86.94311687999999,2339,0.05,5204,84.0,0.07803204655647278,0.0001,109258
186,437220,86.94108522999998,2340,0.05,5205,84.0,0.10418066382408142,0.0001,109279
186,437304,86.92770146999999,2341,0.05,5206,84.0,0.7561156749725342,0.0001,109300
186,437388,86.92463710999999,2341,0.05,5207,84.0,0.16822952032089233,0.0001,109321
186,437472,86.92127625,2342,0.05,5208,84.0,0.2882510721683502,0.0001,109342
186,437556,86.89955061999999,2342,0.05,5209,84.0,0.08746687322854996,0.0001,109363
186,437640,86.90644336999999,2343,0.05,5210,84.0,4.139804363250732,0.0001,109384
186,437724,86.89101852999998,2343,0.05,5211,84.0,4.324812889099121,0.0001,109405
186,437808,86.89195737,2344,0.05,5212,84.0,0.5051713585853577,0.0001,109426
186,437892,86.87713945000002,2344,0.05,5213,84.0,0.10570073127746582,0.0001,109447
186,437976,86.87720990000004,2345,0.05,5214,84.0,0.08708812296390533,0.0001,109468
186,438060,86.88603793,2346,0.05,5215,84.0,4.140275478363037,0.0001,109489
186,438144,86.89182985,2346,0.05,5216,84.0,0.062071990221738815,0.0001,109510
186,438228,86.89577381,2347,0.05,5217,84.0,4.032313823699951,0.0001,109531
186,438312,86.90309709999998,2348,0.05,5218,84.0,0.8676375150680542,0.0001,109552
186,438396,86.90340821999999,2348,0.05,5219,84.0,0.13206297159194946,0.0001,109573
186,438480,86.86620148999997,2349,0.05,5220,84.0,0.11016590148210526,0.0001,109594
186,438564,86.83596023999999,2349,0.05,5221,84.0,0.08598320186138153,0.0001,109615
186,438648,86.81479288999999,2350,0.05,5222,84.0,0.2521239221096039,0.0001,109636
186,438732,86.79413344999999,2351,0.05,5223,84.0,0.6389285326004028,0.0001,109657
186,438816,86.79422920999997,2351,0.05,5224,84.0,12.913990020751953,0.0001,109678
186,438900,86.78861471999997,2352,0.05,5225,84.0,0.10563784837722778,0.0001,109699
186,438984,86.78044522999998,2353,0.05,5226,84.0,4.599423408508301,0.0001,109720
186,439068,86.79181227,2353,0.05,5227,84.0,0.5963581800460815,0.0001,109741
186,439152,86.79981593000001,2354,0.05,5228,84.0,0.18323424458503723,0.0001,109762
186,439236,86.79794154,2354,0.05,5229,84.0,0.34066933393478394,0.0001,109783
186,439320,86.79882143,2355,0.05,5230,84.0,0.05770062655210495,0.0001,109804
186,439404,86.7955623,2355,0.05,5231,84.0,0.3408699929714203,0.0001,109825
186,439488,86.81482349000002,2356,0.05,5232,84.0,4.6618194580078125,0.0001,109846
186,439572,86.80555970000002,2356,0.05,5233,84.0,0.7132351398468018,0.0001,109867
186,439656,86.79642648999999,2357,0.05,5234,84.0,0.3229590952396393,0.0001,109888
186,439740,86.81333392,2357,0.05,5235,84.0,0.5267025232315063,0.0001,109909
186,439824,86.80648385999999,2358,0.05,5236,84.0,0.27464282512664795,0.0001,109930
186,439908,86.80920508999998,2358,0.05,5237,84.0,8.422192573547363,0.0001,109951
186,439992,86.81209713999999,2359,0.05,5238,84.0,0.6691243648529053,0.0001,109972
186,440076,86.81403311,2359,0.05,5239,84.0,0.12129838019609451,0.0001,109993
186,440160,86.81720756,2360,0.05,5240,84.0,0.30637407302856445,0.0001,110014
186,440244,86.80870399000001,2360,0.05,5241,84.0,4.104047775268555,0.0001,110035
186,440328,86.80619022,2361,0.05,5242,84.0,0.09817035496234894,0.0001,110056
186,440412,86.78970126000002,2361,0.05,5243,84.0,0.3092634081840515,0.0001,110077
186,440496,86.77589760000002,2362,0.05,5244,84.0,4.503261089324951,0.0001,110098
186,440580,86.77815204000002,2362,0.05,5245,84.0,0.30941277742385864,0.0001,110119
186,440664,86.77526173000003,2363,0.05,5246,84.0,4.83482551574707,0.0001,110140
186,440748,86.76464295000001,2363,0.05,5247,84.0,0.14662355184555054,0.0001,110161
186,440832,86.76640307,2364,0.05,5248,84.0,0.5328853726387024,0.0001,110182
186,440916,86.77920994999998,2364,0.05,5249,84.0,3.975869655609131,0.0001,110203
186,441000,86.76943501,2365,0.05,5250,84.0,0.27447423338890076,0.0001,110224
186,441084,86.79562987,2365,0.05,5251,84.0,4.3630828857421875,0.0001,110245
186,441168,86.81336171999999,2366,0.05,5252,84.0,0.2619425356388092,0.0001,110266
186,441252,86.81758290999998,2366,0.05,5253,84.0,4.215333461761475,0.0001,110287
186,441336,86.81209540000002,2366,0.05,5254,84.0,4.705500602722168,0.0001,110308
186,441420,86.81494901000002,2367,0.05,5255,84.0,4.394761562347412,0.0001,110329
186,441504,86.81837778000003,2367,0.05,5256,84.0,4.589075565338135,0.0001,110350
186,441588,86.81560032000002,2368,0.05,5257,84.0,0.3103632628917694,0.0001,110371
186,441672,86.79288657000001,2369,0.05,5258,84.0,4.119984149932861,0.0001,110392
186,441756,86.80587197000001,2369,0.05,5259,84.0,4.367719650268555,0.0001,110413
186,441840,86.77432793,2369,0.05,5260,84.0,0.29411038756370544,0.0001,110434
186,441924,86.77160790000002,2370,0.05,5261,84.0,4.565261363983154,0.0001,110455
186,442008,86.78023180999999,2370,0.05,5262,84.0,0.0803333967924118,0.0001,110476
186,442092,86.77354489999998,2371,0.05,5263,84.0,0.5783855319023132,0.0001,110497
186,442176,86.76928828,2371,0.05,5264,84.0,4.3110456466674805,0.0001,110518
186,442260,86.79728295999999,2372,0.05,5265,84.0,0.3195909857749939,0.0001,110539
186,442344,86.80050986000002,2372,0.05,5266,84.0,7.819918632507324,0.0001,110560
186,442428,86.79555549999999,2373,0.05,5267,84.0,0.6590062975883484,0.0001,110581
186,442512,86.78694021000001,2373,0.05,5268,84.0,4.261364459991455,0.0001,110602
186,442596,86.79473689000001,2374,0.05,5269,84.0,4.664654731750488,0.0001,110623
186,442680,86.79621453999998,2374,0.05,5270,84.0,0.2506219744682312,0.0001,110644
186,442764,86.79653547999999,2375,0.05,5271,84.0,4.6190972328186035,0.0001,110665
186,442848,86.79166519,2375,0.05,5272,84.0,0.2788541316986084,0.0001,110686
186,442932,86.78465760999998,2376,0.05,5273,84.0,0.39350634813308716,0.0001,110707
186,443016,86.78431277999998,2376,0.05,5274,84.0,4.525988578796387,0.0001,110728
186,443100,86.77005933000001,2377,0.05,5275,84.0,0.11103276908397675,0.0001,110749
186,443184,86.77072429,2377,0.05,5276,84.0,0.294327050447464,0.0001,110770
186,443268,86.77456280000003,2378,0.05,5277,84.0,0.08157530426979065,0.0001,110791
186,443352,86.77539886000001,2378,0.05,5278,84.0,0.07931050658226013,0.0001,110812
186,443436,86.75109571000002,2379,0.05,5279,84.0,4.2681565284729,0.0001,110833
186,443520,86.74676205,2379,0.05,5280,84.0,0.42778438329696655,0.0001,110854
186,443604,86.74821091,2380,0.05,5281,84.0,0.3248851001262665,0.0001,110875
186,443688,86.75642451,2380,0.05,5282,84.0,0.08415956795215607,0.0001,110896
186,443772,86.739948,2381,0.05,5283,84.0,1.0026912689208984,0.0001,110917
186,443856,86.74071503,2381,0.05,5284,84.0,0.1989159733057022,0.0001,110938
186,443940,86.74192658,2382,0.05,5285,84.0,4.259260177612305,0.0001,110959
186,444024,86.74210304000002,2382,0.05,5286,84.0,0.06467407196760178,0.0001,110980
186,444108,86.73998416,2383,0.05,5287,84.0,0.12333782017230988,0.0001,111001
186,444192,86.71111824000003,2383,0.05,5288,84.0,0.5637372732162476,0.0001,111022
186,444276,86.6757548,2384,0.05,5289,84.0,0.11924691498279572,0.0001,111043
186,444360,86.67647058,2384,0.05,5290,84.0,4.306476593017578,0.0001,111064
186,444444,86.73215416000001,2384,0.05,5291,84.0,0.16020792722702026,0.0001,111085
186,444528,86.74139021000002,2385,0.05,5292,84.0,0.5744753479957581,0.0001,111106
186,444612,86.75879536000001,2385,0.05,5293,84.0,0.13736596703529358,0.0001,111127
186,444696,86.78167949,2386,0.05,5294,84.0,0.10803242027759552,0.0001,111148
186,444780,86.7759684,2386,0.05,5295,84.0,0.5406914949417114,0.0001,111169
186,444864,86.77621011000001,2387,0.05,5296,84.0,0.33263492584228516,0.0001,111190
186,444948,86.77188516999999,2387,0.05,5297,84.0,0.3281437158584595,0.0001,111211
186,445032,86.77784047000002,2388,0.05,5298,84.0,4.308073043823242,0.0001,111232
186,445116,86.75664644999999,2388,0.05,5299,84.0,0.17363202571868896,0.0001,111253
186,445200,86.75749618999998,2389,0.05,5300,84.0,0.09722737222909927,0.0001,111274
186,445284,86.75808581000001,2389,0.05,5301,84.0,0.12145942449569702,0.0001,111295
186,445368,86.76071046999998,2390,0.05,5302,84.0,0.33412981033325195,0.0001,111316
186,445452,86.74602709999999,2390,0.05,5303,84.0,0.5156930685043335,0.0001,111337
186,445536,86.75806186,2391,0.05,5304,84.0,0.05389338731765747,0.0001,111358
186,445620,86.75918608,2391,0.05,5305,84.0,0.08827872574329376,0.0001,111379
186,445704,86.76419346,2392,0.05,5306,84.0,4.7131147384643555,0.0001,111400
186,445788,86.76302373,2392,0.05,5307,84.0,4.12754487991333,0.0001,111421
186,445872,86.75182484999998,2393,0.05,5308,84.0,0.3105584681034088,0.0001,111442
186,445956,86.77374954000001,2393,0.05,5309,84.0,0.18686431646347046,0.0001,111463
186,446040,86.77824290999999,2394,0.05,5310,84.0,8.212287902832031,0.0001,111484
186,446124,86.79063913,2394,0.05,5311,84.0,4.87348747253418,0.0001,111505
186,446208,86.79262994999999,2395,0.05,5312,84.0,8.587005615234375,0.0001,111526
186,446292,86.80137770999998,2395,0.05,5313,84.0,0.4095943570137024,0.0001,111547
186,446376,86.81024353,2396,0.05,5314,84.0,4.372003555297852,0.0001,111568
186,446460,86.80634817999999,2396,0.05,5315,84.0,0.3812982439994812,0.0001,111589
186,446544,86.78862403,2397,0.05,5316,84.0,0.12035472691059113,0.0001,111610
186,446628,86.78489980999998,2397,0.05,5317,84.0,0.10736621916294098,0.0001,111631
186,446712,86.78067504,2398,0.05,5318,84.0,4.253369331359863,0.0001,111652
186,446796,86.77484437000001,2398,0.05,5319,84.0,0.21790346503257751,0.0001,111673
186,446880,86.81716807,2399,0.05,5320,84.0,3.8260650634765625,0.0001,111694
186,446964,86.83806524999999,2399,0.05,5321,84.0,4.3080267906188965,0.0001,111715
186,447048,86.84645301999998,2400,0.05,5322,84.0,4.977242946624756,0.0001,111736
186,447132,86.88846064999998,2400,0.05,5323,84.0,7.8965582847595215,0.0001,111757
186,447216,86.88216692,2401,0.05,5324,84.0,0.13353022933006287,0.0001,111778
186,447300,86.89391105,2401,0.05,5325,84.0,3.9850871562957764,0.0001,111799
186,447384,86.89168905000001,2402,0.05,5326,84.0,4.4010725021362305,0.0001,111820
186,447468,86.88110911000001,2402,0.05,5327,84.0,0.8517982959747314,0.0001,111841
186,447552,86.87279066,2403,0.05,5328,84.0,0.6554468870162964,0.0001,111862
186,447636,86.87521354000002,2403,0.05,5329,84.0,0.3893599510192871,0.0001,111883
186,447720,86.86915751000001,2404,0.05,5330,84.0,8.569811820983887,0.0001,111904
186,447804,86.87496116,2404,0.05,5331,84.0,0.1033899262547493,0.0001,111925
186,447888,86.87341176,2405,0.05,5332,84.0,0.29042479395866394,0.0001,111946
186,447972,86.87220504000001,2405,0.05,5333,84.0,0.05416334792971611,0.0001,111967
186,448056,86.88298487000002,2406,0.05,5334,84.0,4.158722400665283,0.0001,111988
186,448140,86.88026909000001,2406,0.05,5335,84.0,4.1908745765686035,0.0001,112009
186,448224,86.87721975000001,2407,0.05,5336,84.0,0.42719918489456177,0.0001,112030
186,448308,86.87311403000001,2407,0.05,5337,84.0,0.5194928050041199,0.0001,112051
186,448392,86.86744550000002,2408,0.05,5338,84.0,4.660584926605225,0.0001,112072
186,448476,86.86773053000003,2408,0.05,5339,84.0,4.067007541656494,0.0001,112093
186,448560,86.84189464000002,2409,0.05,5340,84.0,4.856700897216797,0.0001,112114
186,448644,86.84527649,2409,0.05,5341,84.0,0.1421183943748474,0.0001,112135
186,448728,86.84588425,2410,0.05,5342,84.0,0.3642823398113251,0.0001,112156
186,448812,86.85375314,2410,0.05,5343,84.0,0.48755186796188354,0.0001,112177
186,448896,86.85140788000002,2411,0.05,5344,84.0,0.3045041859149933,0.0001,112198
186,448980,86.82914961000002,2411,0.05,5345,84.0,0.5111750364303589,0.0001,112219
186,449064,86.84010987000002,2412,0.05,5346,84.0,4.149471282958984,0.0001,112240
186,449148,86.84966124000002,2412,0.05,5347,84.0,0.3509474992752075,0.0001,112261
186,449232,86.84885617000003,2413,0.05,5348,84.0,0.5620560646057129,0.0001,112282
186,449316,86.83971605000002,2413,0.05,5349,84.0,0.26034149527549744,0.0001,112303
186,449400,86.84831062,2414,0.05,5350,84.0,0.0832667350769043,0.0001,112324
186,449484,86.85105781,2414,0.05,5351,84.0,0.039270754903554916,0.0001,112345
186,449568,86.85156922,2415,0.05,5352,84.0,4.117184638977051,0.0001,112366
186,449652,86.84258050999999,2415,0.05,5353,84.0,0.0843815952539444,0.0001,112387
186,449736,86.81962032,2416,0.05,5354,84.0,4.127315521240234,0.0001,112408
186,449820,86.80758526999996,2416,0.05,5355,84.0,0.19516772031784058,0.0001,112429
186,449904,86.80506387999998,2417,0.05,5356,84.0,0.3491908609867096,0.0001,112450
186,449988,86.80798650999999,2417,0.05,5357,84.0,0.07934361696243286,0.0001,112471
186,450072,86.80099437000001,2418,0.05,5358,84.0,9.078393936157227,0.0001,112492
186,450156,86.779876,2418,0.05,5359,84.0,0.36625975370407104,0.0001,112513
186,450240,86.8201921,2419,0.05,5360,84.0,0.10693196952342987,0.0001,112534
186,450324,86.82442233,2420,0.05,5361,84.0,0.12488845735788345,0.0001,112555
186,450408,86.82876435999998,2420,0.05,5362,84.0,0.3476993143558502,0.0001,112576
186,450492,86.83148745999999,2421,0.05,5363,84.0,0.32678714394569397,0.0001,112597
186,450576,86.83696663999999,2421,0.05,5364,84.0,0.7732951641082764,0.0001,112618
186,450660,86.83449949,2422,0.05,5365,84.0,0.1498790681362152,0.0001,112639
186,450744,86.83276954000002,2422,0.05,5366,84.0,4.290232181549072,0.0001,112660
186,450828,86.82533919,2423,0.05,5367,84.0,4.479928970336914,0.0001,112681
186,450912,86.83666534999999,2423,0.05,5368,84.0,0.2874782681465149,0.0001,112702
186,450996,86.81899735,2424,0.05,5369,84.0,4.5213398933410645,0.0001,112723
186,451080,86.81705857000001,2424,0.05,5370,84.0,0.166981041431427,0.0001,112744
186,451164,86.83152168000001,2425,0.05,5371,84.0,0.7737677693367004,0.0001,112765
186,451248,86.83640559,2425,0.05,5372,84.0,4.2404069900512695,0.0001,112786
186,451332,86.85039076999998,2426,0.05,5373,84.0,0.36724352836608887,0.0001,112807
186,451416,86.84875431999998,2426,0.05,5374,84.0,0.256023108959198,0.0001,112828
186,451500,86.8572656,2427,0.05,5375,84.0,0.15013687312602997,0.0001,112849
186,451584,86.85540762,2427,0.05,5376,84.0,0.19117042422294617,0.0001,112870
186,451668,86.86284357000001,2428,0.05,5377,84.0,0.13118323683738708,0.0001,112891
186,451752,86.86394170000001,2428,0.05,5378,84.0,0.11128563433885574,0.0001,112912
186,451836,86.90789628,2429,0.05,5379,84.0,0.18332211673259735,0.0001,112933
186,451920,86.87204982000002,2429,0.05,5380,84.0,0.28252148628234863,0.0001,112954
186,452004,86.87032449,2430,0.05,5381,84.0,0.15522606670856476,0.0001,112975
186,452088,86.86989629,2430,0.05,5382,84.0,0.12437072396278381,0.0001,112996
186,452172,86.85741331999999,2431,0.05,5383,84.0,0.3452966809272766,0.0001,113017
185,452256,86.84266884,2431,0.05,5384,84.0,4.388960361480713,0.0001,113038
185,452340,86.84730461,2431,0.05,5385,84.0,0.7807480692863464,0.0001,113059
185,452424,86.84839267,2432,0.05,5386,84.0,0.6260578036308289,0.0001,113080
185,452508,86.85712507999997,2433,0.05,5387,84.0,0.21256332099437714,0.0001,113101
185,452592,86.86947897999998,2433,0.05,5388,84.0,0.10676144063472748,0.0001,113122
185,452676,86.90953801999999,2433,0.05,5389,84.0,0.8062313795089722,0.0001,113143
185,452760,86.91463807999999,2434,0.05,5390,84.0,0.18844172358512878,0.0001,113164
185,452844,86.91969083999999,2434,0.05,5391,84.0,0.4781400263309479,0.0001,113185
185,452928,86.92314352,2435,0.05,5392,84.0,0.6515766978263855,0.0001,113206
185,453012,86.93061432,2435,0.05,5393,84.0,0.12944349646568298,0.0001,113227
185,453096,86.93150806,2436,0.05,5394,84.0,0.10209052264690399,0.0001,113248
185,453180,86.93114188,2436,0.05,5395,84.0,4.097242832183838,0.0001,113269
185,453264,86.93135574000003,2437,0.05,5396,84.0,0.14846554398536682,0.0001,113290
185,453348,86.87324560000003,2437,0.05,5397,84.0,0.10792968422174454,0.0001,113311
185,453432,86.86507073000004,2438,0.05,5398,84.0,0.14702725410461426,0.0001,113332
185,453516,86.88478458000003,2438,0.05,5399,84.0,0.3328178822994232,0.0001,113353
185,453600,86.88232486000001,2439,0.05,5400,84.0,0.33543089032173157,0.0001,113374
185,453684,86.86855870000001,2439,0.05,5401,84.0,4.360297203063965,0.0001,113395
185,453768,86.86679731000002,2440,0.05,5402,84.0,0.29882490634918213,0.0001,113416
185,453852,86.86634746,2440,0.05,5403,84.0,0.33475571870803833,0.0001,113437
185,453936,86.8515491,2441,0.05,5404,84.0,4.629756450653076,0.0001,113458
185,454020,86.85331075000002,2441,0.05,5405,84.0,0.2972577214241028,0.0001,113479
185,454104,86.85208750000001,2442,0.05,5406,84.0,4.481167793273926,0.0001,113500
185,454188,86.86137314,2442,0.05,5407,84.0,4.523561954498291,0.0001,113521
185,454272,86.87045393,2443,0.05,5408,84.0,0.34989410638809204,0.0001,113542
185,454356,86.88052818,2443,0.05,5409,84.0,0.08301699906587601,0.0001,113563
185,454440,86.87649697999997,2444,0.05,5410,84.0,0.10842262953519821,0.0001,113584
185,454524,86.88321682,2444,0.05,5411,84.0,0.20853745937347412,0.0001,113605
185,454608,86.89129643,2445,0.05,5412,84.0,0.5120818018913269,0.0001,113626
185,454692,86.87929584,2445,0.05,5413,84.0,0.5419307947158813,0.0001,113647
185,454776,86.86377819999998,2446,0.05,5414,84.0,0.41029512882232666,0.0001,113668
185,454860,86.87866065000001,2446,0.05,5415,84.0,0.30802804231643677,0.0001,113689
185,454944,86.90167893,2447,0.05,5416,84.0,4.589850902557373,0.0001,113710
185,455028,86.90268871,2447,0.05,5417,84.0,0.09236520528793335,0.0001,113731
185,455112,86.90243043999997,2448,0.05,5418,84.0,4.47598934173584,0.0001,113752
185,455196,86.90539795999999,2448,0.05,5419,84.0,4.2461395263671875,0.0001,113773
185,455280,86.90482113999998,2449,0.05,5420,84.0,0.3113996386528015,0.0001,113794
185,455364,86.90192991999999,2449,0.05,5421,84.0,0.4779990315437317,0.0001,113815
185,455448,86.90417672,2450,0.05,5422,84.0,4.259457111358643,0.0001,113836
185,455532,86.83589119999999,2450,0.05,5423,84.0,13.001459121704102,0.0001,113857
185,455616,86.85045569999998,2451,0.05,5424,84.0,0.33005911111831665,0.0001,113878
185,455700,86.85665878999998,2451,0.05,5425,84.0,0.08849762380123138,0.0001,113899
185,455784,86.86329998999997,2451,0.05,5426,84.0,4.6413445472717285,0.0001,113920
185,455868,86.87380968,2452,0.05,5427,84.0,0.09958652406930923,0.0001,113941
185,455952,86.86892587,2452,0.05,5428,84.0,4.754901885986328,0.0001,113962
185,456036,86.86552423,2453,0.05,5429,84.0,4.286255836486816,0.0001,113983
185,456120,86.86940596999999,2453,0.05,5430,84.0,4.247554779052734,0.0001,114004
185,456204,86.85360760000002,2454,0.05,5431,84.0,0.5485959053039551,0.0001,114025
185,456288,86.85641893000002,2455,0.05,5432,84.0,0.4005581736564636,0.0001,114046
185,456372,86.84981214999999,2455,0.05,5433,84.0,0.2755405902862549,0.0001,114067
185,456456,86.84432057,2456,0.05,5434,84.0,4.161449432373047,0.0001,114088
185,456540,86.84807396000002,2456,0.05,5435,84.0,0.28076788783073425,0.0001,114109
185,456624,86.8607532,2457,0.05,5436,84.0,0.34812596440315247,0.0001,114130
185,456708,86.86398038000002,2457,0.05,5437,84.0,4.285786151885986,0.0001,114151
185,456792,86.88449052,2457,0.05,5438,84.0,0.2986980378627777,0.0001,114172
185,456876,86.75708562,2458,0.05,5439,84.0,4.587685585021973,0.0001,114193
185,456960,86.78295502999998,2458,0.05,5440,84.0,0.08350174129009247,0.0001,114214
185,457044,86.78666079999998,2459,0.05,5441,84.0,0.05435337498784065,0.0001,114235
185,457128,86.71826589,2459,0.05,5442,84.0,8.220928192138672,0.0001,114256
185,457212,86.72086820999999,2460,0.05,5443,84.0,0.11848696321249008,0.0001,114277
185,457296,86.71501085999998,2460,0.05,5444,84.0,0.2843915820121765,0.0001,114298
185,457380,86.73270207,2461,0.05,5445,84.0,0.10495886206626892,0.0001,114319
185,457464,86.72233477000002,2461,0.05,5446,84.0,0.33035486936569214,0.0001,114340
185,457548,86.72378388999999,2462,0.05,5447,84.0,8.140271186828613,0.0001,114361
185,457632,86.73008820000001,2462,0.05,5448,84.0,0.5046117901802063,0.0001,114382
185,457716,86.73254106,2463,0.05,5449,84.0,0.279742568731308,0.0001,114403
185,457800,86.73746129000001,2463,0.05,5450,84.0,8.038745880126953,0.0001,114424
185,457884,86.73369309999998,2464,0.05,5451,84.0,8.25007152557373,0.0001,114445
185,457968,86.72272962,2464,0.05,5452,84.0,0.20885592699050903,0.0001,114466
185,458052,86.73837572000001,2465,0.05,5453,84.0,4.194884300231934,0.0001,114487
185,458136,86.76338160000002,2465,0.05,5454,84.0,0.08430588990449905,0.0001,114508
185,458220,86.76607514,2466,0.05,5455,84.0,0.06668873131275177,0.0001,114529
185,458304,86.74097824999998,2466,0.05,5456,84.0,0.07057569175958633,0.0001,114550
185,458388,86.74545355999999,2467,0.05,5457,84.0,4.561772346496582,0.0001,114571
185,458472,86.77059822999999,2467,0.05,5458,84.0,0.348488450050354,0.0001,114592
185,458556,86.79236251000002,2468,0.05,5459,84.0,0.29620519280433655,0.0001,114613
185,458640,86.79636226000001,2468,0.05,5460,84.0,0.6943676471710205,0.0001,114634
185,458724,86.79048417,2469,0.05,5461,84.0,0.16993381083011627,0.0001,114655
185,458808,86.77776877000001,2469,0.05,5462,84.0,0.08892790228128433,0.0001,114676
185,458892,86.77406845000002,2470,0.05,5463,84.0,0.12962722778320312,0.0001,114697
185,458976,86.77504544000001,2470,0.05,5464,84.0,0.41152578592300415,0.0001,114718
185,459060,86.7460543,2471,0.05,5465,84.0,4.262805938720703,0.0001,114739
185,459144,86.74558918000001,2471,0.05,5466,84.0,0.22264054417610168,0.0001,114760
185,459228,86.74891211,2472,0.05,5467,84.0,0.07027889043092728,0.0001,114781
185,459312,86.75076806999999,2472,0.05,5468,84.0,0.13252511620521545,0.0001,114802
185,459396,86.76554189000001,2473,0.05,5469,84.0,0.5182697176933289,0.0001,114823
185,459480,86.76556074,2473,0.05,5470,84.0,3.9996042251586914,0.0001,114844
185,459564,86.76122653,2474,0.05,5471,84.0,4.573654651641846,0.0001,114865
185,459648,86.76479019,2474,0.05,5472,84.0,0.2833925187587738,0.0001,114886
185,459732,86.75544952000001,2475,0.05,5473,84.0,0.5481485724449158,0.0001,114907
185,459816,86.75299565000002,2475,0.05,5474,84.0,0.08817201852798462,0.0001,114928
185,459900,86.75671346000003,2476,0.05,5475,84.0,0.12517213821411133,0.0001,114949
185,459984,86.75964216000003,2476,0.05,5476,84.0,0.369841992855072,0.0001,114970
185,460068,86.75386503000001,2477,0.05,5477,84.0,0.6336185336112976,0.0001,114991
185,460152,86.75598244000001,2477,0.05,5478,84.0,0.44242385029792786,0.0001,115012
185,460236,86.74329797,2478,0.05,5479,84.0,0.3367971181869507,0.0001,115033
185,460320,86.78582178999999,2478,0.05,5480,84.0,0.1725001186132431,0.0001,115054
185,460404,86.7965226,2479,0.05,5481,84.0,0.11123175173997879,0.0001,115075
185,460488,86.79378539000001,2479,0.05,5482,84.0,0.9418184161186218,0.0001,115096
185,460572,86.83796897999999,2480,0.05,5483,84.0,0.9875330328941345,0.0001,115117
185,460656,86.86050888,2480,0.05,5484,84.0,0.07759065926074982,0.0001,115138
185,460740,86.85704858,2481,0.05,5485,84.0,5.017642021179199,0.0001,115159
185,460824,86.86619839,2481,0.05,5486,84.0,0.3149518072605133,0.0001,115180
185,460908,86.85468704999998,2481,0.05,5487,84.0,4.31218957901001,0.0001,115201
185,460992,86.85562347999999,2482,0.05,5488,84.0,0.2913529574871063,0.0001,115222
185,461076,86.85805061999997,2483,0.05,5489,84.0,0.1437288522720337,0.0001,115243
185,461160,86.85659486,2483,0.05,5490,84.0,0.1802966594696045,0.0001,115264
185,461244,86.84678289,2483,0.05,5491,84.0,4.767029762268066,0.0001,115285
185,461328,86.83088828999999,2484,0.05,5492,84.0,0.3332345485687256,0.0001,115306
185,461412,86.81575094999998,2484,0.05,5493,84.0,9.167606353759766,0.0001,115327
185,461496,86.82395756999999,2485,0.05,5494,84.0,5.474274158477783,0.0001,115348
185,461580,86.81763144,2485,0.05,5495,84.0,0.16859379410743713,0.0001,115369
185,461664,86.82962002000001,2486,0.05,5496,84.0,1.158638596534729,0.0001,115390
185,461748,86.89440469000002,2486,0.05,5497,84.0,4.085171699523926,0.0001,115411
185,461832,86.89177923000001,2487,0.05,5498,84.0,8.324685096740723,0.0001,115432
185,461916,86.8958935,2487,0.05,5499,84.0,0.6000379323959351,0.0001,115453
185,462000,86.89540052999999,2488,0.05,5500,84.0,4.683990478515625,0.0001,115474
185,462084,86.88900564,2488,0.05,5501,84.0,4.786923408508301,0.0001,115495
185,462168,86.88358657999999,2489,0.05,5502,84.0,0.32309490442276,0.0001,115516
185,462252,86.89922147999998,2489,0.05,5503,84.0,0.33852726221084595,0.0001,115537
185,462336,86.90097911999999,2490,0.05,5504,84.0,1.038820743560791,0.0001,115558
185,462420,86.89787568,2490,0.05,5505,84.0,0.10995445400476456,0.0001,115579
185,462504,86.89063759999999,2491,0.05,5506,84.0,0.22525042295455933,0.0001,115600
185,462588,86.87419605999999,2491,0.05,5507,84.0,0.37391215562820435,0.0001,115621
185,462672,86.88279294999998,2492,0.05,5508,84.0,0.3374785780906677,0.0001,115642
185,462756,86.87546962,2492,0.05,5509,84.0,0.36985766887664795,0.0001,115663
185,462840,86.87053096000001,2493,0.05,5510,84.0,0.6759076714515686,0.0001,115684
185,462924,86.86480531000001,2493,0.05,5511,84.0,4.6602911949157715,0.0001,115705
185,463008,86.86431991,2494,0.05,5512,84.0,0.12489831447601318,0.0001,115726
185,463092,86.86802958,2494,0.05,5513,84.0,0.572891354560852,0.0001,115747
185,463176,86.84887909,2495,0.05,5514,84.0,0.4050312638282776,0.0001,115768
185,463260,86.83694440000001,2495,0.05,5515,84.0,0.19415611028671265,0.0001,115789
185,463344,86.82449167,2496,0.05,5516,84.0,0.6951515078544617,0.0001,115810
185,463428,86.82814782999999,2496,0.05,5517,84.0,0.3710594177246094,0.0001,115831
185,463512,86.8093434,2497,0.05,5518,84.0,8.273588180541992,0.0001,115852
185,463596,86.79784993,2497,0.05,5519,84.0,0.10488838702440262,0.0001,115873
185,463680,86.79868409999999,2498,0.05,5520,84.0,0.07233633100986481,0.0001,115894
185,463764,86.81291867,2498,0.05,5521,84.0,0.4001869261264801,0.0001,115915
185,463848,86.81236769000002,2499,0.05,5522,84.0,7.919071674346924,0.0001,115936
185,463932,86.88380557000002,2499,0.05,5523,84.0,4.249005317687988,0.0001,115957
185,464016,86.88053688,2500,0.05,5524,84.0,0.09420529007911682,0.0001,115978
185,464100,86.87467381,2500,0.05,5525,84.0,4.2606730461120605,0.0001,115999
185,464184,86.88676533,2501,0.05,5526,84.0,4.647396087646484,0.0001,116020
185,464268,86.87138498999998,2501,0.05,5527,84.0,4.24064302444458,0.0001,116041
185,464352,86.87230792,2502,0.05,5528,84.0,0.09876574575901031,0.0001,116062
185,464436,86.88160115,2502,0.05,5529,84.0,0.061261650174856186,0.0001,116083
185,464520,86.88167119999999,2502,0.05,5530,84.0,3.9724252223968506,0.0001,116104
185,464604,86.8917147,2503,0.05,5531,84.0,0.10493721812963486,0.0001,116125
185,464688,86.89097315999999,2503,0.05,5532,84.0,0.13752709329128265,0.0001,116146
185,464772,86.90482483000001,2504,0.05,5533,84.0,0.3661439120769501,0.0001,116167
185,464856,86.90271197999999,2505,0.05,5534,84.0,0.32599911093711853,0.0001,116188
185,464940,86.8803465,2505,0.05,5535,84.0,4.029488563537598,0.0001,116209
185,465024,86.88098661999999,2505,0.05,5536,84.0,4.623147487640381,0.0001,116230
185,465108,86.88765684,2506,0.05,5537,84.0,4.4649271965026855,0.0001,116251
185,465192,86.8712206,2506,0.05,5538,84.0,0.20053908228874207,0.0001,116272
185,465276,86.99883873,2507,0.05,5539,84.0,0.7433754205703735,0.0001,116293
185,465360,86.99811616999999,2507,0.05,5540,84.0,0.1554579883813858,0.0001,116314
185,465444,86.99468001,2508,0.05,5541,84.0,0.10435917973518372,0.0001,116335
185,465528,87.06554146999999,2508,0.05,5542,84.0,4.0879621505737305,0.0001,116356
185,465612,87.05337647999998,2509,0.05,5543,84.0,4.5416340827941895,0.0001,116377
185,465696,87.05065884,2509,0.05,5544,84.0,0.37747666239738464,0.0001,116398
185,465780,87.02105251999997,2510,0.05,5545,84.0,0.41283491253852844,0.0001,116419
185,465864,87.02101384999997,2510,0.05,5546,84.0,4.014426231384277,0.0001,116440
185,465948,87.02065178999999,2511,0.05,5547,84.0,4.578133583068848,0.0001,116461
185,466032,87.02030226999999,2511,0.05,5548,84.0,0.9974309206008911,0.0001,116482
185,466116,87.02154097,2512,0.05,5549,84.0,0.13701100647449493,0.0001,116503
185,466200,87.01978692,2512,0.05,5550,84.0,4.414088249206543,0.0001,116524
185,466284,87.01619727,2513,0.05,5551,84.0,0.24354851245880127,0.0001,116545
185,466368,87.0199035,2513,0.05,5552,84.0,8.092799186706543,0.0001,116566
185,466452,87.00890981,2514,0.05,5553,84.0,0.21097488701343536,0.0001,116587
185,466536,87.01413609,2514,0.05,5554,84.0,4.482001781463623,0.0001,116608
185,466620,87.02005587,2515,0.05,5555,84.0,0.3315773010253906,0.0001,116629
185,466704,87.0469845,2515,0.05,5556,84.0,0.10113072395324707,0.0001,116650
185,466788,87.04193640000001,2516,0.05,5557,84.0,4.4182257652282715,0.0001,116671
185,466872,87.03113442,2516,0.05,5558,84.0,0.07187311351299286,0.0001,116692
185,466956,87.00887896,2517,0.05,5559,84.0,4.218861103057861,0.0001,116713
185,467040,87.00336577,2517,0.05,5560,84.0,0.4463268518447876,0.0001,116734
185,467124,87.00661958999999,2518,0.05,5561,84.0,0.2805982828140259,0.0001,116755
185,467208,87.02100632,2518,0.05,5562,84.0,0.12489721924066544,0.0001,116776
185,467292,87.02247600999999,2519,0.05,5563,84.0,0.7738562226295471,0.0001,116797
185,467376,87.01782402,2519,0.05,5564,84.0,0.10437270998954773,0.0001,116818
185,467460,87.04616527000002,2520,0.05,5565,84.0,0.41961872577667236,0.0001,116839
185,467544,87.04493656999999,2520,0.05,5566,84.0,0.1051902174949646,0.0001,116860
185,467628,87.0492135,2521,0.05,5567,84.0,0.1292601376771927,0.0001,116881
185,467712,87.04406142999999,2521,0.05,5568,84.0,0.13921749591827393,0.0001,116902
185,467796,87.03131848,2522,0.05,5569,84.0,0.10710836946964264,0.0001,116923
185,467880,87.03671905000002,2522,0.05,5570,84.0,0.541085422039032,0.0001,116944
185,467964,87.02873458000002,2523,0.05,5571,84.0,0.21489951014518738,0.0001,116965
185,468048,87.02763745000004,2523,0.05,5572,84.0,0.09654820710420609,0.0001,116986
185,468132,87.03230297000002,2524,0.05,5573,84.0,0.31794846057891846,0.0001,117007
185,468216,87.04087206,2524,0.05,5574,84.0,0.09827062487602234,0.0001,117028
185,468300,87.03776426999998,2525,0.05,5575,84.0,0.07546669989824295,0.0001,117049
185,468384,87.03392788,2525,0.05,5576,84.0,0.7173869609832764,0.0001,117070
185,468468,87.02519433999998,2526,0.05,5577,84.0,0.09789867699146271,0.0001,117091
185,468552,86.99867674999997,2526,0.05,5578,84.0,4.141058444976807,0.0001,117112
185,468636,87.00618950999997,2527,0.05,5579,84.0,0.10309984534978867,0.0001,117133
185,468720,86.98931499999999,2527,0.05,5580,84.0,0.29105737805366516,0.0001,117154
185,468804,86.97935245999999,2528,0.05,5581,84.0,0.29954659938812256,0.0001,117175
185,468888,86.98861319000001,2528,0.05,5582,84.0,8.386176109313965,0.0001,117196
185,468972,86.97736440999999,2529,0.05,5583,84.0,0.11210840940475464,0.0001,117217
185,469056,86.96602211999998,2529,0.05,5584,84.0,4.913527965545654,0.0001,117238
185,469140,86.97132511,2530,0.05,5585,84.0,4.540424346923828,0.0001,117259
185,469224,86.96755760999999,2530,0.05,5586,84.0,0.5136710405349731,0.0001,117280
185,469308,86.97923915,2531,0.05,5587,84.0,0.12535259127616882,0.0001,117301
185,469392,86.97851654999998,2531,0.05,5588,84.0,4.580429553985596,0.0001,117322
185,469476,86.97445914999999,2532,0.05,5589,84.0,4.048058032989502,0.0001,117343
185,469560,86.97245914999998,2532,0.05,5590,84.0,8.526026725769043,0.0001,117364
185,469644,86.97614316999996,2533,0.05,5591,84.0,0.2750997543334961,0.0001,117385
185,469728,86.98185351999997,2533,0.05,5592,84.0,0.3822123408317566,0.0001,117406
185,469812,86.99648685999999,2534,0.05,5593,84.0,0.6461608409881592,0.0001,117427
185,469896,86.98936494000002,2534,0.05,5594,84.0,0.18347960710525513,0.0001,117448
185,469980,87.01162679000001,2535,0.05,5595,84.0,4.58779764175415,0.0001,117469
185,470064,87.00643176,2535,0.05,5596,84.0,0.10610148310661316,0.0001,117490
185,470148,87.01030555999999,2536,0.05,5597,84.0,0.20814117789268494,0.0001,117511
185,470232,87.02083751999999,2536,0.05,5598,84.0,0.5165550112724304,0.0001,117532
185,470316,87.01753324999999,2537,0.05,5599,84.0,0.42981281876564026,0.0001,117553
185,470400,87.02071039,2537,0.05,5600,84.0,0.0843668282032013,0.0001,117574
185,470484,87.03852999,2538,0.05,5601,84.0,4.276883125305176,0.0001,117595
185,470568,87.04199440000001,2538,0.05,5602,84.0,4.137829780578613,0.0001,117616
185,470652,87.03980711999999,2539,0.05,5603,84.0,0.1776466965675354,0.0001,117637
185,470736,87.04267831999998,2539,0.05,5604,84.0,0.112203449010849,0.0001,117658
185,470820,87.04294503,2540,0.05,5605,84.0,0.8876820206642151,0.0001,117679
185,470904,87.04417853999999,2540,0.05,5606,84.0,4.376689434051514,0.0001,117700
185,470988,87.05108741,2541,0.05,5607,84.0,0.18273822963237762,0.0001,117721
185,471072,87.04670047000002,2541,0.05,5608,84.0,0.1786624640226364,0.0001,117742
185,471156,87.04945356,2542,0.05,5609,84.0,0.3086935579776764,0.0001,117763
185,471240,87.04780763999999,2542,0.05,5610,84.0,0.22659429907798767,0.0001,117784
185,471324,87.04031603999998,2543,0.05,5611,84.0,0.08457750082015991,0.0001,117805
185,471408,87.03203538,2543,0.05,5612,84.0,0.9771132469177246,0.0001,117826
185,471492,87.03143331999999,2544,0.05,5613,84.0,0.1306697577238083,0.0001,117847
185,471576,87.02775363,2544,0.05,5614,84.0,0.710731565952301,0.0001,117868
185,471660,86.97223504,2545,0.05,5615,84.0,7.9844207763671875,0.0001,117889
185,471744,86.9744467,2545,0.05,5616,84.0,4.170868873596191,0.0001,117910
185,471828,86.95350299999998,2546,0.05,5617,84.0,0.16634419560432434,0.0001,117931
185,471912,86.96202496,2546,0.05,5618,84.0,4.148459434509277,0.0001,117952
185,471996,86.97234791000001,2547,0.05,5619,84.0,4.6698174476623535,0.0001,117973
185,472080,86.95929179999999,2547,0.05,5620,84.0,0.648770809173584,0.0001,117994
185,472164,86.95250086000001,2547,0.05,5621,84.0,4.688230037689209,0.0001,118015
185,472248,86.95278256,2548,0.05,5622,84.0,4.407408237457275,0.0001,118036
185,472332,86.94517342,2548,0.05,5623,84.0,4.010292053222656,0.0001,118057
185,472416,86.93996307000002,2549,0.05,5624,84.0,0.9116889834403992,0.0001,118078
185,472500,86.93359076,2549,0.05,5625,84.0,0.20281070470809937,0.0001,118099
185,472584,86.91728150999998,2550,0.05,5626,84.0,0.12033457309007645,0.0001,118120
185,472668,86.92394113,2550,0.05,5627,84.0,4.064990043640137,0.0001,118141
185,472752,86.90383320999999,2551,0.05,5628,84.0,0.07516977190971375,0.0001,118162
185,472836,86.90581917000002,2551,0.05,5629,84.0,8.790831565856934,0.0001,118183
185,472920,86.90992384,2552,0.05,5630,84.0,0.12260358035564423,0.0001,118204
185,473004,86.91314099000002,2552,0.05,5631,84.0,0.20812299847602844,0.0001,118225
185,473088,86.8869202,2553,0.05,5632,84.0,4.5887322425842285,0.0001,118246
185,473172,86.88698283000002,2553,0.05,5633,84.0,0.4248041808605194,0.0001,118267
185,473256,86.87575106,2554,0.05,5634,84.0,0.04594546929001808,0.0001,118288
185,473340,86.89009404999999,2554,0.05,5635,84.0,4.299296855926514,0.0001,118309
185,473424,86.87965932000002,2555,0.05,5636,84.0,0.12943243980407715,0.0001,118330
185,473508,86.87621770000001,2555,0.05,5637,84.0,4.22221040725708,0.0001,118351
185,473592,86.86260686000001,2556,0.05,5638,84.0,0.20165900886058807,0.0001,118372
185,473676,86.86005093000001,2556,0.05,5639,84.0,0.5192329287528992,0.0001,118393
185,473760,86.85953931,2557,0.05,5640,84.0,4.533025741577148,0.0001,118414
185,473844,86.85719821,2557,0.05,5641,84.0,0.40499627590179443,0.0001,118435
185,473928,86.86373040999999,2558,0.05,5642,84.0,1.0393834114074707,0.0001,118456
185,474012,86.87081592999999,2558,0.05,5643,84.0,4.114870071411133,0.0001,118477
185,474096,86.87818743,2559,0.05,5644,84.0,0.08679105341434479,0.0001,118498
185,474180,86.91095388999999,2559,0.05,5645,84.0,0.41540297865867615,0.0001,118519
185,474264,86.92025331999999,2560,0.05,5646,84.0,0.5790315270423889,0.0001,118540
185,474348,86.91232099999999,2560,0.05,5647,84.0,0.500070333480835,0.0001,118561
185,474432,86.91100266000001,2561,0.05,5648,84.0,0.3013332486152649,0.0001,118582
185,474516,86.90592494,2561,0.05,5649,84.0,4.765865325927734,0.0001,118603
185,474600,86.91514017,2562,0.05,5650,84.0,0.12930524349212646,0.0001,118624
185,474684,86.92768504000001,2562,0.05,5651,84.0,0.11191044747829437,0.0001,118645
185,474768,86.91312176999998,2563,0.05,5652,84.0,0.4230941832065582,0.0001,118666
185,474852,86.9174157,2563,0.05,5653,84.0,4.532571792602539,0.0001,118687
185,474936,86.90985495999999,2563,0.05,5654,84.0,0.29326003789901733,0.0001,118708
185,475020,86.90093404,2564,0.05,5655,84.0,0.15765011310577393,0.0001,118729
185,475104,86.91079276,2564,0.05,5656,84.0,12.973814964294434,0.0001,118750
185,475188,86.91470360000001,2565,0.05,5657,84.0,0.554407000541687,0.0001,118771
185,475272,86.92250925999998,2565,0.05,5658,84.0,0.12681862711906433,0.0001,118792
185,475356,86.91055959,2566,0.05,5659,84.0,4.276708602905273,0.0001,118813
185,475440,86.91495631,2566,0.05,5660,84.0,4.34180212020874,0.0001,118834
185,475524,86.92448797000002,2567,0.05,5661,84.0,0.36740806698799133,0.0001,118855
185,475608,86.92148568,2567,0.05,5662,84.0,4.251077651977539,0.0001,118876
185,475692,86.93134297000002,2568,0.05,5663,84.0,0.0927283763885498,0.0001,118897
185,475776,86.93003298,2568,0.05,5664,84.0,4.589992523193359,0.0001,118918
185,475860,86.92828769999998,2569,0.05,5665,84.0,4.464573383331299,0.0001,118939
185,475944,86.92789953999998,2569,0.05,5666,84.0,0.5901194214820862,0.0001,118960
185,476028,86.92696236,2570,0.05,5667,84.0,0.3393530249595642,0.0001,118981
185,476112,86.93856448999999,2570,0.05,5668,84.0,0.3006007969379425,0.0001,119002
185,476196,86.94593591,2571,0.05,5669,84.0,4.275834560394287,0.0001,119023
185,476280,86.94770879,2571,0.05,5670,84.0,4.09578275680542,0.0001,119044
185,476364,86.91959886000001,2572,0.05,5671,84.0,4.344260215759277,0.0001,119065
185,476448,86.92723499,2572,0.05,5672,84.0,0.8150758743286133,0.0001,119086
185,476532,86.92504713999999,2573,0.05,5673,84.0,4.133992671966553,0.0001,119107
185,476616,86.92533695,2573,0.05,5674,84.0,0.1617569625377655,0.0001,119128
185,476700,86.92518668999999,2574,0.05,5675,84.0,0.12241750955581665,0.0001,119149
185,476784,86.92610317,2574,0.05,5676,84.0,4.245460510253906,0.0001,119170
185,476868,86.86280178999999,2575,0.05,5677,84.0,4.577676296234131,0.0001,119191
185,476952,86.88521055999998,2575,0.05,5678,84.0,0.6188878417015076,0.0001,119212
185,477036,86.88125439999997,2575,0.05,5679,84.0,0.054560039192438126,0.0001,119233
185,477120,86.89648017999998,2576,0.05,5680,84.0,0.06824618577957153,0.0001,119254
185,477204,86.89853971999999,2576,0.05,5681,84.0,0.9175658226013184,0.0001,119275
185,477288,86.88730592,2577,0.05,5682,84.0,0.09623374789953232,0.0001,119296
185,477372,86.87105479,2578,0.05,5683,84.0,0.11138981580734253,0.0001,119317
185,477456,86.86710502,2578,0.05,5684,84.0,0.07154519855976105,0.0001,119338
185,477540,86.84697684000001,2578,0.05,5685,84.0,8.144512176513672,0.0001,119359
185,477624,86.84408029000001,2579,0.05,5686,84.0,8.312278747558594,0.0001,119380
185,477708,86.83491749,2580,0.05,5687,84.0,0.18518060445785522,0.0001,119401
185,477792,86.82981792999999,2580,0.05,5688,84.0,0.1921040117740631,0.0001,119422
185,477876,86.82315415,2581,0.05,5689,84.0,0.11512576043605804,0.0001,119443
185,477960,86.81920905999999,2581,0.05,5690,84.0,0.1896636039018631,0.0001,119464
185,478044,86.82764002999998,2582,0.05,5691,84.0,0.366058349609375,0.0001,119485
185,478128,86.83046773999999,2582,0.05,5692,84.0,0.1691441684961319,0.0001,119506
185,478212,86.80910072999997,2583,0.05,5693,84.0,4.307104587554932,0.0001,119527
185,478296,86.81450933999999,2583,0.05,5694,84.0,4.35615873336792,0.0001,119548
185,478380,86.80572886999998,2584,0.05,5695,84.0,0.08580684661865234,0.0001,119569
185,478464,86.80767619999999,2584,0.05,5696,84.0,0.09779935330152512,0.0001,119590
185,478548,86.80980915,2585,0.05,5697,84.0,0.2879556119441986,0.0001,119611
185,478632,86.80541595999999,2585,0.05,5698,84.0,0.2865314483642578,0.0001,119632
185,478716,86.81705238,2585,0.05,5699,84.0,4.4516282081604,0.0001,119653
185,478800,86.82092084,2586,0.05,5700,84.0,8.601364135742188,0.0001,119674
185,478884,86.81393132999997,2586,0.05,5701,84.0,4.809058666229248,0.0001,119695
185,478968,86.78860696,2587,0.05,5702,84.0,0.4186825752258301,0.0001,119716
185,479052,86.79773631,2587,0.05,5703,84.0,0.32128602266311646,0.0001,119737
185,479136,86.80562868999998,2588,0.05,5704,84.0,0.10086236894130707,0.0001,119758
185,479220,86.80847868,2588,0.05,5705,84.0,0.324856162071228,0.0001,119779
185,479304,86.80779656,2589,0.05,5706,84.0,4.955230236053467,0.0001,119800
185,479388,86.80917941,2589,0.05,5707,84.0,4.381991386413574,0.0001,119821
185,479472,86.80423047000001,2590,0.05,5708,84.0,0.3928658962249756,0.0001,119842
185,479556,86.78367489,2590,0.05,5709,84.0,0.16642266511917114,0.0001,119863
185,479640,86.78223223,2591,0.05,5710,84.0,4.409383296966553,0.0001,119884
185,479724,86.80669986999999,2591,0.05,5711,84.0,4.136646270751953,0.0001,119905
185,479808,86.79604676,2592,0.05,5712,84.0,0.30837875604629517,0.0001,119926
185,479892,86.80742718000002,2592,0.05,5713,84.0,5.117614269256592,0.0001,119947
185,479976,86.8280627,2593,0.05,5714,84.0,4.664762020111084,0.0001,119968
185,480060,86.88024173,2593,0.05,5715,84.0,5.055325508117676,0.0001,119989
185,480144,86.89080288999997,2594,0.05,5716,84.0,0.5557270050048828,0.0001,120010
185,480228,86.90648592,2594,0.05,5717,84.0,0.39003098011016846,0.0001,120031
185,480312,86.92222693,2595,0.05,5718,84.0,0.11765554547309875,0.0001,120052
185,480396,86.92585785000001,2595,0.05,5719,84.0,4.115426063537598,0.0001,120073
185,480480,86.94351128999999,2596,0.05,5720,84.0,0.11647093296051025,0.0001,120094
185,480564,86.94712237,2596,0.05,5721,84.0,4.270040988922119,0.0001,120115
185,480648,86.95009925999999,2597,0.05,5722,84.0,0.32186463475227356,0.0001,120136
185,480732,86.92707442000001,2597,0.05,5723,84.0,0.8103794455528259,0.0001,120157
185,480816,86.91512875999999,2598,0.05,5724,84.0,4.445979595184326,0.0001,120178
185,480900,86.91119076,2598,0.05,5725,84.0,0.3276475965976715,0.0001,120199
185,480984,86.91245471999997,2599,0.05,5726,84.0,0.06802047789096832,0.0001,120220
185,481068,86.91268424999998,2599,0.05,5727,84.0,4.391197204589844,0.0001,120241
185,481152,86.94153001999999,2600,0.05,5728,84.0,4.024510860443115,0.0001,120262
185,481236,86.93049022999999,2600,0.05,5729,84.0,0.10000475496053696,0.0001,120283
185,481320,86.91510666,2601,0.05,5730,84.0,0.3171308636665344,0.0001,120304
185,481404,86.91087273999997,2601,0.05,5731,84.0,0.10353744775056839,0.0001,120325
185,481488,86.93873574,2602,0.05,5732,84.0,0.3638051450252533,0.0001,120346
185,481572,86.93497957999998,2602,0.05,5733,84.0,0.33429157733917236,0.0001,120367
185,481656,86.92334788999999,2603,0.05,5734,84.0,4.892416000366211,0.0001,120388
185,481740,86.91814631,2603,0.05,5735,84.0,0.1889837086200714,0.0001,120409
185,481824,86.92657598999999,2604,0.05,5736,84.0,0.36240968108177185,0.0001,120430
185,481908,86.92540886999997,2604,0.05,5737,84.0,0.5845034122467041,0.0001,120451
185,481992,86.94034993999996,2605,0.05,5738,84.0,4.34259033203125,0.0001,120472
185,482076,86.93534225999998,2605,0.05,5739,84.0,0.7569069862365723,0.0001,120493
185,482160,86.91909883999999,2606,0.05,5740,84.0,0.20033776760101318,0.0001,120514
185,482244,86.91675871,2606,0.05,5741,84.0,4.404609203338623,0.0001,120535
185,482328,86.89881993,2607,0.05,5742,84.0,0.09086894989013672,0.0001,120556
184,482412,86.90888271999998,2607,0.05,5743,84.0,0.49751555919647217,0.0001,120577
184,482496,86.91852749999998,2608,0.05,5744,84.0,0.4499491751194,0.0001,120598
184,482580,86.89431339,2608,0.05,5745,84.0,4.1112189292907715,0.0001,120619
184,482664,86.88509763,2609,0.05,5746,84.0,0.1360858678817749,0.0001,120640
184,482748,86.88835441,2609,0.05,5747,84.0,4.303805351257324,0.0001,120661
184,482832,86.88128048,2610,0.05,5748,84.0,0.4593822658061981,0.0001,120682
184,482916,86.88449249,2610,0.05,5749,84.0,0.12709517776966095,0.0001,120703
184,483000,86.87316241000002,2611,0.05,5750,84.0,0.37962624430656433,0.0001,120724
184,483084,86.86357646,2611,0.05,5751,84.0,0.24089185893535614,0.0001,120745
184,483168,86.87733158,2611,0.05,5752,84.0,0.32992491126060486,0.0001,120766
184,483252,86.88016650000002,2612,0.05,5753,84.0,0.4526381492614746,0.0001,120787
184,483336,86.88524643,2613,0.05,5754,84.0,0.057935699820518494,0.0001,120808
184,483420,86.86768994999998,2613,0.05,5755,84.0,0.36733007431030273,0.0001,120829
184,483504,86.86024821,2614,0.05,5756,84.0,4.112397193908691,0.0001,120850
184,483588,86.8278137,2614,0.05,5757,84.0,0.2803557217121124,0.0001,120871
184,483672,86.82546174,2615,0.05,5758,84.0,0.3673950135707855,0.0001,120892
184,483756,86.84639698000001,2615,0.05,5759,84.0,0.23796984553337097,0.0001,120913
184,483840,86.84454632,2616,0.05,5760,84.0,4.128225326538086,0.0001,120934
184,483924,86.84635983,2616,0.05,5761,84.0,0.07453133165836334,0.0001,120955
184,484008,86.84680071999999,2616,0.05,5762,84.0,4.090023517608643,0.0001,120976
184,484092,86.8389221,2617,0.05,5763,84.0,0.6354668736457825,0.0001,120997
184,484176,86.84086314999999,2617,0.05,5764,84.0,0.08275315165519714,0.0001,121018
184,484260,86.84490396999999,2618,0.05,5765,84.0,0.5246541500091553,0.0001,121039
184,484344,86.84310859000001,2618,0.05,5766,84.0,0.5407317876815796,0.0001,121060
184,484428,86.83977010000001,2619,0.05,5767,84.0,4.5631937980651855,0.0001,121081
184,484512,86.82585008000002,2619,0.05,5768,84.0,4.345726013183594,0.0001,121102
184,484596,86.81541588000002,2620,0.05,5769,84.0,0.3203350305557251,0.0001,121123
184,484680,86.80774680000002,2620,0.05,5770,84.0,0.10790298879146576,0.0001,121144
184,484764,86.83482203000001,2621,0.05,5771,84.0,4.376706600189209,0.0001,121165
184,484848,86.82206011000004,2621,0.05,5772,84.0,0.4378144145011902,0.0001,121186
184,484932,86.83481633000001,2622,0.05,5773,84.0,0.6593642234802246,0.0001,121207
184,485016,86.82806948000002,2622,0.05,5774,84.0,4.552449703216553,0.0001,121228
184,485100,86.82933249000001,2623,0.05,5775,84.0,0.556463897228241,0.0001,121249
184,485184,86.83316313000002,2623,0.05,5776,84.0,0.25496360659599304,0.0001,121270
184,485268,86.89705362000001,2624,0.05,5777,84.0,0.3242446184158325,0.0001,121291
184,485352,86.90577304,2624,0.05,5778,84.0,4.473364353179932,0.0001,121312
184,485436,86.90217826,2625,0.05,5779,84.0,0.33933907747268677,0.0001,121333
184,485520,86.91444349000001,2625,0.05,5780,84.0,0.10025081038475037,0.0001,121354
184,485604,86.91381758999998,2626,0.05,5781,84.0,0.07185210287570953,0.0001,121375
184,485688,86.91197872000001,2626,0.05,5782,84.0,0.3029252588748932,0.0001,121396
184,485772,86.93726424000002,2627,0.05,5783,84.0,4.708158016204834,0.0001,121417
184,485856,86.94375860000002,2627,0.05,5784,84.0,4.859579563140869,0.0001,121438
184,485940,86.95289768000002,2628,0.05,5785,84.0,0.5361828207969666,0.0001,121459
184,486024,86.94978116000001,2628,0.05,5786,84.0,0.34747910499572754,0.0001,121480
184,486108,86.94891975,2629,0.05,5787,84.0,0.5974806547164917,0.0001,121501
184,486192,86.95384686,2629,0.05,5788,84.0,0.05869961529970169,0.0001,121522
184,486276,86.95712505,2629,0.05,5789,84.0,4.6469831466674805,0.0001,121543
184,486360,86.96062058,2630,0.05,5790,84.0,0.5380853414535522,0.0001,121564
184,486444,86.95367397,2630,0.05,5791,84.0,0.143987238407135,0.0001,121585
184,486528,86.94823652000001,2631,0.05,5792,84.0,0.5843685865402222,0.0001,121606
184,486612,86.95283782999999,2631,0.05,5793,84.0,0.6841591000556946,0.0001,121627
184,486696,86.94179185000002,2632,0.05,5794,84.0,4.391305923461914,0.0001,121648
184,486780,86.94231682,2632,0.05,5795,84.0,4.4463324546813965,0.0001,121669
184,486864,86.93590438000001,2633,0.05,5796,84.0,0.167896568775177,0.0001,121690
184,486948,86.93186948000002,2633,0.05,5797,84.0,0.11427580565214157,0.0001,121711
184,487032,86.93535365000001,2634,0.05,5798,84.0,0.10089099407196045,0.0001,121732
184,487116,86.93181368000002,2634,0.05,5799,84.0,8.393450736999512,0.0001,121753
184,487200,86.92850231,2635,0.05,5800,84.0,0.2850598096847534,0.0001,121774
184,487284,86.93349187000001,2635,0.05,5801,84.0,0.16466209292411804,0.0001,121795
184,487368,86.95133434000002,2636,0.05,5802,84.0,4.506412029266357,0.0001,121816
184,487452,86.94557248000001,2637,0.05,5803,84.0,0.305279940366745,0.0001,121837
184,487536,86.93965116999999,2637,0.05,5804,84.0,5.341768741607666,0.0001,121858
184,487620,86.93980622000001,2637,0.05,5805,84.0,0.06538140773773193,0.0001,121879
184,487704,86.95653966000002,2638,0.05,5806,84.0,0.2993672788143158,0.0001,121900
184,487788,86.95350101,2638,0.05,5807,84.0,0.36893683671951294,0.0001,121921
184,487872,86.94520380000002,2639,0.05,5808,84.0,0.19848448038101196,0.0001,121942
184,487956,86.96389783000001,2639,0.05,5809,84.0,4.39174747467041,0.0001,121963
184,488040,86.97506014000001,2640,0.05,5810,84.0,0.4250743091106415,0.0001,121984
184,488124,86.95882178000002,2640,0.05,5811,84.0,0.15617968142032623,0.0001,122005
184,488208,86.97159643,2641,0.05,5812,84.0,0.281059592962265,0.0001,122026
184,488292,86.95979653999999,2641,0.05,5813,84.0,8.223434448242188,0.0001,122047
184,488376,86.96513632,2642,0.05,5814,84.0,0.34524083137512207,0.0001,122068
184,488460,86.96878408999997,2642,0.05,5815,84.0,0.4632614254951477,0.0001,122089
184,488544,86.96026489999998,2643,0.05,5816,84.0,4.454409122467041,0.0001,122110
184,488628,86.95047957999999,2643,0.05,5817,84.0,0.13839149475097656,0.0001,122131
184,488712,86.93693208,2644,0.05,5818,84.0,8.829504013061523,0.0001,122152
184,488796,86.93565978999999,2644,0.05,5819,84.0,4.003591060638428,0.0001,122173
184,488880,86.93236875000001,2645,0.05,5820,84.0,4.386916160583496,0.0001,122194
184,488964,86.92498758999999,2645,0.05,5821,84.0,4.1147565841674805,0.0001,122215
184,489048,86.92038603,2646,0.05,5822,84.0,0.07565432786941528,0.0001,122236
184,489132,86.92800508,2646,0.05,5823,84.0,4.2603254318237305,0.0001,122257
184,489216,86.94165602999999,2647,0.05,5824,84.0,4.301521301269531,0.0001,122278
184,489300,86.95075811999999,2647,0.05,5825,84.0,0.140944242477417,0.0001,122299
184,489384,86.94389387,2648,0.05,5826,84.0,0.10537351667881012,0.0001,122320
184,489468,86.94867564999998,2648,0.05,5827,84.0,0.4168579578399658,0.0001,122341
184,489552,86.93193403,2649,0.05,5828,84.0,0.053996652364730835,0.0001,122362
184,489636,86.94385036,2649,0.05,5829,84.0,0.08467961847782135,0.0001,122383
184,489720,86.95185982,2650,0.05,5830,84.0,0.5786457061767578,0.0001,122404
184,489804,86.95220399000002,2650,0.05,5831,84.0,0.3373308777809143,0.0001,122425
184,489888,86.95146059000001,2651,0.05,5832,84.0,0.08461004495620728,0.0001,122446
184,489972,86.95020691000003,2651,0.05,5833,84.0,0.5909835696220398,0.0001,122467
184,490056,86.97392443000001,2652,0.05,5834,84.0,4.064735412597656,0.0001,122488
184,490140,86.97927079000002,2652,0.05,5835,84.0,0.0656600371003151,0.0001,122509
184,490224,86.99218442,2652,0.05,5836,84.0,0.4375301003456116,0.0001,122530
184,490308,86.98210899,2653,0.05,5837,84.0,0.37445831298828125,0.0001,122551
184,490392,86.97907433,2653,0.05,5838,84.0,0.6216169595718384,0.0001,122572
184,490476,86.98616996999999,2654,0.05,5839,84.0,0.5309129953384399,0.0001,122593
184,490560,86.9922842,2654,0.05,5840,84.0,4.355950355529785,0.0001,122614
184,490644,86.99383112,2655,0.05,5841,84.0,0.3405183255672455,0.0001,122635
184,490728,87.00286107999999,2655,0.05,5842,84.0,0.7229464054107666,0.0001,122656
184,490812,86.96783792000001,2656,0.05,5843,84.0,0.1723230481147766,0.0001,122677
184,490896,86.95722544,2656,0.05,5844,84.0,0.3339346647262573,0.0001,122698
184,490980,86.98022627,2657,0.05,5845,84.0,4.016136169433594,0.0001,122719
184,491064,86.98043613999998,2657,0.05,5846,84.0,0.0988181084394455,0.0001,122740
184,491148,86.97814284,2658,0.05,5847,84.0,0.12086313962936401,0.0001,122761
184,491232,86.99277741,2658,0.05,5848,84.0,0.17998911440372467,0.0001,122782
184,491316,87.00407764000002,2659,0.05,5849,84.0,0.30919620394706726,0.0001,122803
184,491400,87.01144735,2659,0.05,5850,84.0,8.4134521484375,0.0001,122824
184,491484,87.01367907000002,2660,0.05,5851,84.0,8.638916015625,0.0001,122845
184,491568,87.0109591,2660,0.05,5852,84.0,4.6399455070495605,0.0001,122866
184,491652,87.00704903000002,2661,0.05,5853,84.0,8.859199523925781,0.0001,122887
184,491736,86.98691588,2661,0.05,5854,84.0,0.29402297735214233,0.0001,122908
184,491820,87.00323275,2662,0.05,5855,84.0,4.712023735046387,0.0001,122929
184,491904,87.00301067999999,2662,0.05,5856,84.0,0.16064953804016113,0.0001,122950
184,491988,87.02972234999997,2663,0.05,5857,84.0,0.8293973803520203,0.0001,122971
184,492072,87.03172896000002,2663,0.05,5858,84.0,0.12357732653617859,0.0001,122992
184,492156,87.00561896999997,2664,0.05,5859,84.0,4.405610084533691,0.0001,123013
184,492240,86.98444751999999,2664,0.05,5860,84.0,0.09146017581224442,0.0001,123034
184,492324,86.97153877,2665,0.05,5861,84.0,0.07084748148918152,0.0001,123055
184,492408,86.96918987,2665,0.05,5862,84.0,4.963554382324219,0.0001,123076
184,492492,86.96804614999999,2666,0.05,5863,84.0,0.668143630027771,0.0001,123097
184,492576,86.97442210999999,2666,0.05,5864,84.0,0.377383828163147,0.0001,123118
184,492660,86.96858928000002,2667,0.05,5865,84.0,0.7395282983779907,0.0001,123139
184,492744,86.97040977,2667,0.05,5866,84.0,0.15252196788787842,0.0001,123160
184,492828,86.97201465000002,2668,0.05,5867,84.0,0.10337883979082108,0.0001,123181
184,492912,86.97230537,2668,0.05,5868,84.0,0.08313126862049103,0.0001,123202
184,492996,86.98827925000002,2669,0.05,5869,84.0,0.07904788851737976,0.0001,123223
184,493080,86.98751088,2669,0.05,5870,84.0,0.6788960099220276,0.0001,123244
184,493164,87.00390693,2670,0.05,5871,84.0,0.141985684633255,0.0001,123265
184,493248,87.00267138999999,2670,0.05,5872,84.0,0.05342530086636543,0.0001,123286
184,493332,86.98751691999998,2671,0.05,5873,84.0,0.418927401304245,0.0001,123307
184,493416,86.99245472999999,2671,0.05,5874,84.0,0.19129662215709686,0.0001,123328
184,493500,86.99482489,2672,0.05,5875,84.0,0.855835497379303,0.0001,123349
184,493584,86.99196247999998,2672,0.05,5876,84.0,0.47178882360458374,0.0001,123370
184,493668,86.98743368,2673,0.05,5877,84.0,8.510509490966797,0.0001,123391
184,493752,86.97849568999999,2673,0.05,5878,84.0,0.14820542931556702,0.0001,123412
184,493836,86.98572881999999,2674,0.05,5879,84.0,0.30252838134765625,0.0001,123433
184,493920,86.97642844999999,2674,0.05,5880,84.0,0.06028138846158981,0.0001,123454
184,494004,86.97365295999998,2674,0.05,5881,84.0,0.7722958326339722,0.0001,123475
184,494088,86.97944781,2675,0.05,5882,84.0,8.20088005065918,0.0001,123496
184,494172,86.97078658999999,2675,0.05,5883,84.0,0.8161760568618774,0.0001,123517
184,494256,86.97140384999999,2676,0.05,5884,84.0,0.3725854158401489,0.0001,123538
184,494340,86.98269871999999,2676,0.05,5885,84.0,3.81520676612854,0.0001,123559
184,494424,86.97835526,2677,0.05,5886,84.0,0.34485793113708496,0.0001,123580
184,494508,86.98919182000002,2677,0.05,5887,84.0,0.6358175873756409,0.0001,123601
184,494592,86.98196492999999,2678,0.05,5888,84.0,0.20261502265930176,0.0001,123622
184,494676,86.98479510000001,2678,0.05,5889,84.0,4.432440757751465,0.0001,123643
184,494760,86.98994649999999,2679,0.05,5890,84.0,0.4667763113975525,0.0001,123664
184,494844,86.98882628,2679,0.05,5891,84.0,0.05689705163240433,0.0001,123685
184,494928,86.98957842999997,2680,0.05,5892,84.0,4.361229419708252,0.0001,123706
184,495012,86.99212381,2680,0.05,5893,84.0,0.14171500504016876,0.0001,123727
184,495096,87.00525834999999,2681,0.05,5894,84.0,0.3285721242427826,0.0001,123748
184,495180,87.00163575999998,2681,0.05,5895,84.0,5.188227653503418,0.0001,123769
184,495264,86.99375597,2682,0.05,5896,84.0,0.09769757091999054,0.0001,123790
184,495348,86.98392107999999,2682,0.05,5897,84.0,0.3377264738082886,0.0001,123811
184,495432,86.97441178999998,2683,0.05,5898,84.0,4.546383380889893,0.0001,123832
184,495516,86.96729077,2683,0.05,5899,84.0,0.12600179016590118,0.0001,123853
184,495600,86.97079177000002,2684,0.05,5900,84.0,0.11895550787448883,0.0001,123874
184,495684,86.98162108999999,2684,0.05,5901,84.0,0.1877926141023636,0.0001,123895
184,495768,86.98724434,2685,0.05,5902,84.0,0.3327922523021698,0.0001,123916
184,495852,86.9855904,2685,0.05,5903,84.0,0.10333745181560516,0.0001,123937
184,495936,86.98221920000002,2686,0.05,5904,84.0,0.07052101194858551,0.0001,123958
184,496020,86.97829664000002,2686,0.05,5905,84.0,0.45611441135406494,0.0001,123979
184,496104,86.96623566,2687,0.05,5906,84.0,8.718729972839355,0.0001,124000
184,496188,86.96194678,2687,0.05,5907,84.0,0.28875288367271423,0.0001,124021
184,496272,86.98576620999998,2688,0.05,5908,84.0,0.2952035665512085,0.0001,124042
184,496356,86.98286017999999,2688,0.05,5909,84.0,0.29187116026878357,0.0001,124063
184,496440,86.97792998000001,2689,0.05,5910,84.0,4.507246494293213,0.0001,124084
184,496524,86.97371183999999,2689,0.05,5911,84.0,0.33576729893684387,0.0001,124105
184,496608,86.97872928000001,2690,0.05,5912,84.0,0.307992547750473,0.0001,124126
184,496692,86.97611979000001,2690,0.05,5913,84.0,0.19998697936534882,0.0001,124147
184,496776,86.97531823000003,2691,0.05,5914,84.0,0.10098021477460861,0.0001,124168
184,496860,86.96804156000002,2691,0.05,5915,84.0,0.12147149443626404,0.0001,124189
184,496944,86.97071118,2692,0.05,5916,84.0,0.3120591640472412,0.0001,124210
184,497028,86.98762057000002,2692,0.05,5917,84.0,0.31345391273498535,0.0001,124231
184,497112,86.96756400999999,2693,0.05,5918,84.0,0.3970724940299988,0.0001,124252
184,497196,86.96645879000002,2693,0.05,5919,84.0,0.3210981488227844,0.0001,124273
184,497280,86.96055886000002,2694,0.05,5920,84.0,4.083588600158691,0.0001,124294
184,497364,86.96775916,2694,0.05,5921,84.0,0.14441516995429993,0.0001,124315
184,497448,86.96882744,2695,0.05,5922,84.0,4.674125671386719,0.0001,124336
184,497532,86.97583026000001,2695,0.05,5923,84.0,4.103366374969482,0.0001,124357
184,497616,86.96984805,2695,0.05,5924,84.0,0.18994754552841187,0.0001,124378
184,497700,86.96074383999999,2696,0.05,5925,84.0,4.40648078918457,0.0001,124399
184,497784,86.96520912,2696,0.05,5926,84.0,0.37059903144836426,0.0001,124420
184,497868,86.94261632,2697,0.05,5927,84.0,0.07436627149581909,0.0001,124441
184,497952,86.95979213999999,2697,0.05,5928,84.0,12.414438247680664,0.0001,124462
184,498036,86.95410929999998,2698,0.05,5929,84.0,0.3403848707675934,0.0001,124483
184,498120,86.94875055999997,2698,0.05,5930,84.0,0.1204741895198822,0.0001,124504
184,498204,86.94864256,2699,0.05,5931,84.0,4.584591865539551,0.0001,124525
184,498288,86.93489154000001,2699,0.05,5932,84.0,0.5507144927978516,0.0001,124546
184,498372,86.92505985,2700,0.05,5933,84.0,0.14879418909549713,0.0001,124567
184,498456,86.92917509,2700,0.05,5934,84.0,0.060907334089279175,0.0001,124588
184,498540,86.92833782000001,2701,0.05,5935,84.0,0.20440076291561127,0.0001,124609
184,498624,86.92035529,2701,0.05,5936,84.0,0.30184853076934814,0.0001,124630
184,498708,86.92133294000001,2702,0.05,5937,84.0,8.439638137817383,0.0001,124651
184,498792,86.92555571000001,2702,0.05,5938,84.0,4.727328777313232,0.0001,124672
184,498876,86.92423573000002,2703,0.05,5939,84.0,0.246526837348938,0.0001,124693
184,498960,86.94212524999999,2703,0.05,5940,84.0,4.504504680633545,0.0001,124714
184,499044,86.94218247000002,2704,0.05,5941,84.0,0.48741811513900757,0.0001,124735
184,499128,86.94745742,2704,0.05,5942,84.0,0.517370343208313,0.0001,124756
184,499212,86.97489252000001,2705,0.05,5943,84.0,0.045385975390672684,0.0001,124777
184,499296,86.97295936,2705,0.05,5944,84.0,0.054730311036109924,0.0001,124798
184,499380,86.96562586,2706,0.05,5945,84.0,0.13413169980049133,0.0001,124819
184,499464,86.96561497,2706,0.05,5946,84.0,0.7631773948669434,0.0001,124840
184,499548,86.96458381000002,2707,0.05,5947,84.0,0.29279419779777527,0.0001,124861
184,499632,86.95078079000001,2707,0.05,5948,84.0,4.548240661621094,0.0001,124882
184,499716,86.94623223,2707,0.05,5949,84.0,4.532620906829834,0.0001,124903
184,499800,86.93399020999999,2708,0.05,5950,84.0,8.928593635559082,0.0001,124924
184,499884,86.93607167,2708,0.05,5951,84.0,8.52001953125,0.0001,124945
184,499968,86.93938075,2709,0.05,5952,84.0,0.07744287699460983,0.0001,124966
184,500052,86.93698615999998,2710,0.05,5953,84.0,0.4813965857028961,0.0001,124987
184,500136,86.96714853999998,2710,0.05,5954,84.0,4.515935897827148,0.0001,125008
184,500220,86.96608877999999,2711,0.05,5955,84.0,4.760218620300293,0.0001,125029
184,500304,86.96560027999998,2711,0.05,5956,84.0,0.15486638247966766,0.0001,125050
184,500388,86.95904743,2712,0.05,5957,84.0,0.13802765309810638,0.0001,125071
184,500472,86.95196178,2712,0.05,5958,84.0,0.1654137372970581,0.0001,125092
184,500556,86.98873643,2713,0.05,5959,84.0,0.08860046416521072,0.0001,125113
184,500640,87.0064126,2713,0.05,5960,84.0,0.3230513334274292,0.0001,125134
184,500724,87.01403395,2714,0.05,5961,84.0,4.565690994262695,0.0001,125155
184,500808,87.01290957,2714,0.05,5962,84.0,0.5112344026565552,0.0001,125176
184,500892,87.01054952999999,2715,0.05,5963,84.0,0.28217974305152893,0.0001,125197
184,500976,87.00608919,2715,0.05,5964,84.0,0.08108997344970703,0.0001,125218
184,501060,87.00959553999999,2715,0.05,5965,84.0,0.33478620648384094,0.0001,125239
184,501144,87.00691902999999,2716,0.05,5966,84.0,4.643730640411377,0.0001,125260
184,501228,87.00703123999998,2716,0.05,5967,84.0,4.758000373840332,0.0001,125281
184,501312,87.00934602999997,2717,0.05,5968,84.0,0.398751437664032,0.0001,125302
184,501396,87.00100266999999,2717,0.05,5969,84.0,4.6982316970825195,0.0001,125323
184,501480,87.00394429999999,2718,0.05,5970,84.0,0.09964753687381744,0.0001,125344
184,501564,86.99134308,2718,0.05,5971,84.0,0.09313587099313736,0.0001,125365
184,501648,86.99613044,2719,0.05,5972,84.0,0.11784885078668594,0.0001,125386
184,501732,86.99762073999999,2719,0.05,5973,84.0,0.33714812994003296,0.0001,125407
184,501816,86.99132195,2720,0.05,5974,84.0,0.540026843547821,0.0001,125428
184,501900,86.98391629999998,2720,0.05,5975,84.0,4.829888820648193,0.0001,125449
184,501984,86.97739387,2721,0.05,5976,84.0,0.1541581004858017,0.0001,125470
184,502068,86.98657388999999,2721,0.05,5977,84.0,0.13681459426879883,0.0001,125491
184,502152,86.98378904999998,2722,0.05,5978,84.0,8.702702522277832,0.0001,125512
184,502236,86.97970675999998,2722,0.05,5979,84.0,0.18326951563358307,0.0001,125533
184,502320,86.97868471,2723,0.05,5980,84.0,0.7473992705345154,0.0001,125554
184,502404,86.97858343999998,2723,0.05,5981,84.0,4.329494953155518,0.0001,125575
184,502488,86.97597543,2724,0.05,5982,84.0,4.823500633239746,0.0001,125596
184,502572,86.96938659000003,2724,0.05,5983,84.0,0.11068485677242279,0.0001,125617
184,502656,86.97489196000001,2725,0.05,5984,84.0,0.5378492474555969,0.0001,125638
184,502740,86.9649653,2725,0.05,5985,84.0,4.399830341339111,0.0001,125659
184,502824,86.96863601000001,2726,0.05,5986,84.0,0.26233673095703125,0.0001,125680
184,502908,86.96283200999999,2726,0.05,5987,84.0,0.08538103103637695,0.0001,125701
184,502992,86.97338658999998,2727,0.05,5988,84.0,0.597197949886322,0.0001,125722
184,503076,86.96930965999998,2727,0.05,5989,84.0,0.0845738872885704,0.0001,125743
184,503160,86.96953522999998,2728,0.05,5990,84.0,4.777743816375732,0.0001,125764
184,503244,86.97154680999998,2728,0.05,5991,84.0,0.6067615151405334,0.0001,125785
184,503328,86.97307368999998,2729,0.05,5992,84.0,0.26777249574661255,0.0001,125806
184,503412,86.97148042999997,2729,0.05,5993,84.0,0.5511502027511597,0.0001,125827
184,503496,86.96148206999999,2730,0.05,5994,84.0,0.07698570191860199,0.0001,125848
184,503580,86.95940138999998,2730,0.05,5995,84.0,4.745193958282471,0.0001,125869
184,503664,86.96645999,2731,0.05,5996,84.0,4.316312313079834,0.0001,125890
184,503748,86.97809188000001,2731,0.05,5997,84.0,4.763119697570801,0.0001,125911
184,503832,86.98151076,2732,0.05,5998,84.0,0.4258200526237488,0.0001,125932
184,503916,86.98230347999998,2732,0.05,5999,84.0,0.2916145920753479,0.0001,125953
184,504000,86.98503749000001,2733,0.05,6000,84.0,0.3031710088253021,0.0001,125974
184,504084,86.97908462,2733,0.05,6001,84.0,0.31171226501464844,0.0001,125995
184,504168,86.98015903000001,2734,0.05,6002,84.0,8.359859466552734,0.0001,126016
184,504252,86.98475649999999,2734,0.05,6003,84.0,0.3585183918476105,0.0001,126037
184,504336,86.98666336000001,2735,0.05,6004,84.0,8.319061279296875,0.0001,126058
184,504420,86.99496862,2735,0.05,6005,84.0,4.246365547180176,0.0001,126079
184,504504,86.99437349,2736,0.05,6006,84.0,4.054773330688477,0.0001,126100
184,504588,86.99326567,2736,0.05,6007,84.0,4.813290596008301,0.0001,126121
184,504672,86.97777278,2737,0.05,6008,84.0,0.39487114548683167,0.0001,126142
184,504756,86.98023783,2737,0.05,6009,84.0,4.820659160614014,0.0001,126163
184,504840,86.97873796,2738,0.05,6010,84.0,0.13295263051986694,0.0001,126184
184,504924,86.98110345999997,2738,0.05,6011,84.0,0.0931025892496109,0.0001,126205
184,505008,86.97111107999999,2739,0.05,6012,84.0,0.26540321111679077,0.0001,126226
184,505092,86.98736423999998,2739,0.05,6013,84.0,0.26884663105010986,0.0001,126247
184,505176,86.99478732,2740,0.05,6014,84.0,0.1425786018371582,0.0001,126268
184,505260,86.98955410999997,2740,0.05,6015,84.0,0.11828890442848206,0.0001,126289
184,505344,86.98811239999998,2741,0.05,6016,84.0,8.794703483581543,0.0001,126310
184,505428,86.98087036999999,2741,0.05,6017,84.0,0.1880759447813034,0.0001,126331
184,505512,87.00956267,2742,0.05,6018,84.0,4.667219638824463,0.0001,126352
184,505596,87.01735078,2742,0.05,6019,84.0,0.097752645611763,0.0001,126373
184,505680,87.02334474000001,2742,0.05,6020,84.0,0.12771740555763245,0.0001,126394
184,505764,87.02093565,2743,0.05,6021,84.0,4.688534259796143,0.0001,126415
184,505848,87.01072463999999,2744,0.05,6022,84.0,4.2135419845581055,0.0001,126436
184,505932,87.01173988,2744,0.05,6023,84.0,0.3375873267650604,0.0001,126457
184,506016,87.01714607,2745,0.05,6024,84.0,4.702976226806641,0.0001,126478
184,506100,87.02800464999999,2745,0.05,6025,84.0,0.31986233592033386,0.0001,126499
184,506184,87.02747539999999,2746,0.05,6026,84.0,4.315267086029053,0.0001,126520
184,506268,87.01773132999999,2746,0.05,6027,84.0,0.18333730101585388,0.0001,126541
184,506352,87.01592786999998,2747,0.05,6028,84.0,8.356492042541504,0.0001,126562
184,506436,87.00747895999999,2747,0.05,6029,84.0,4.340939044952393,0.0001,126583
184,506520,87.01573719,2747,0.05,6030,84.0,0.42554017901420593,0.0001,126604
184,506604,87.01058569000003,2748,0.05,6031,84.0,0.8102726340293884,0.0001,126625
184,506688,87.02205142000003,2748,0.05,6032,84.0,4.696743488311768,0.0001,126646
184,506772,87.03076873000002,2749,0.05,6033,84.0,0.22383131086826324,0.0001,126667
184,506856,87.01883946,2749,0.05,6034,84.0,4.574512481689453,0.0001,126688
184,506940,86.99295386,2750,0.05,6035,84.0,0.32229992747306824,0.0001,126709
184,507024,86.98447998,2750,0.05,6036,84.0,0.14851497113704681,0.0001,126730
184,507108,86.97300012000001,2751,0.05,6037,84.0,0.7416836023330688,0.0001,126751
184,507192,86.97269397000002,2751,0.05,6038,84.0,4.325185298919678,0.0001,126772
184,507276,86.95786965,2752,0.05,6039,84.0,0.38035905361175537,0.0001,126793
184,507360,86.95156835,2752,0.05,6040,84.0,8.980657577514648,0.0001,126814
184,507444,86.95467970000001,2753,0.05,6041,84.0,4.470059871673584,0.0001,126835
184,507528,86.94697058000001,2753,0.05,6042,84.0,0.29913610219955444,0.0001,126856
184,507612,86.94938690000002,2754,0.05,6043,84.0,0.19524940848350525,0.0001,126877
184,507696,86.95798675,2754,0.05,6044,84.0,0.08361867070198059,0.0001,126898
184,507780,86.96487834,2755,0.05,6045,84.0,4.329939842224121,0.0001,126919
184,507864,86.95917064,2755,0.05,6046,84.0,0.05991363152861595,0.0001,126940
184,507948,86.93219796,2756,0.05,6047,84.0,0.047553762793540955,0.0001,126961
184,508032,86.94272117999999,2756,0.05,6048,84.0,0.3442186713218689,0.0001,126982
184,508116,86.93755943000001,2757,0.05,6049,84.0,0.3595593273639679,0.0001,127003
184,508200,86.91811306,2757,0.05,6050,84.0,4.633493900299072,0.0001,127024
184,508284,86.91567313999998,2758,0.05,6051,84.0,0.15625540912151337,0.0001,127045
184,508368,86.90534716,2758,0.05,6052,84.0,4.188218593597412,0.0001,127066
184,508452,86.91686804999999,2759,0.05,6053,84.0,0.08088294416666031,0.0001,127087
184,508536,86.90594388000001,2759,0.05,6054,84.0,0.35546091198921204,0.0001,127108
184,508620,86.91076923,2760,0.05,6055,84.0,0.18716371059417725,0.0001,127129
184,508704,86.90466012000003,2760,0.05,6056,84.0,4.4796142578125,0.0001,127150
184,508788,86.91172159,2761,0.05,6057,84.0,0.13376444578170776,0.0001,127171
184,508872,86.91801027,2761,0.05,6058,84.0,0.0776132270693779,0.0001,127192
184,508956,86.90929074,2762,0.05,6059,84.0,0.1900627315044403,0.0001,127213
184,509040,86.91500639,2762,0.05,6060,84.0,0.12513338029384613,0.0001,127234
184,509124,86.91156717999998,2763,0.05,6061,84.0,0.2983645796775818,0.0001,127255
184,509208,86.91412007,2763,0.05,6062,84.0,0.3870387077331543,0.0001,127276
184,509292,86.91867087,2764,0.05,6063,84.0,0.24262475967407227,0.0001,127297
184,509376,86.92787191000001,2764,0.05,6064,84.0,0.2078983187675476,0.0001,127318
184,509460,86.92827881,2765,0.05,6065,84.0,0.3427062928676605,0.0001,127339
184,509544,86.93323986,2765,0.05,6066,84.0,4.559353351593018,0.0001,127360
184,509628,86.93208471,2766,0.05,6067,84.0,4.592800140380859,0.0001,127381
184,509712,86.92891288999999,2766,0.05,6068,84.0,0.2725119888782501,0.0001,127402
184,509796,86.93545653999999,2767,0.05,6069,84.0,0.48583847284317017,0.0001,127423
184,509880,86.93681016000001,2767,0.05,6070,84.0,4.172470569610596,0.0001,127444
184,509964,86.93607721000001,2768,0.05,6071,84.0,0.1270906925201416,0.0001,127465
184,510048,86.90410031999998,2768,0.05,6072,84.0,4.854682445526123,0.0001,127486
184,510132,86.90427080999996,2769,0.05,6073,84.0,0.861457347869873,0.0001,127507
184,510216,86.90705003,2769,0.05,6074,84.0,0.13657081127166748,0.0001,127528
184,510300,86.912098,2770,0.05,6075,84.0,4.475111961364746,0.0001,127549
184,510384,86.92131307,2770,0.05,6076,84.0,0.21275903284549713,0.0001,127570
184,510468,86.92002598,2771,0.05,6077,84.0,0.3951597213745117,0.0001,127591
184,510552,86.91981373,2771,0.05,6078,84.0,1.095834732055664,0.0001,127612
184,510636,86.91882163999999,2772,0.05,6079,84.0,0.5094343423843384,0.0001,127633
184,510720,86.9155357,2772,0.05,6080,84.0,4.190012454986572,0.0001,127654
184,510804,86.90711287,2773,0.05,6081,84.0,0.09589777141809464,0.0001,127675
184,510888,86.91099324999999,2773,0.05,6082,84.0,0.4188165068626404,0.0001,127696
184,510972,86.91182945,2774,0.05,6083,84.0,0.3206145763397217,0.0001,127717
184,511056,86.90580571000001,2774,0.05,6084,84.0,0.07918073236942291,0.0001,127738
184,511140,86.9145447,2774,0.05,6085,84.0,0.4331167936325073,0.0001,127759
184,511224,86.91654606999998,2775,0.05,6086,84.0,0.3580460846424103,0.0001,127780
184,511308,86.90992915999999,2775,0.05,6087,84.0,4.441609859466553,0.0001,127801
184,511392,86.91214228999999,2776,0.05,6088,84.0,4.211052417755127,0.0001,127822
184,511476,86.90865746999998,2777,0.05,6089,84.0,0.16488505899906158,0.0001,127843
184,511560,86.90525893,2777,0.05,6090,84.0,4.1801676750183105,0.0001,127864
184,511644,86.90233933999998,2778,0.05,6091,84.0,0.37932461500167847,0.0001,127885
184,511728,86.88916748,2778,0.05,6092,84.0,4.419225215911865,0.0001,127906
184,511812,86.90266598,2779,0.05,6093,84.0,0.8358458280563354,0.0001,127927
184,511896,86.90477290999999,2779,0.05,6094,84.0,0.3205903470516205,0.0001,127948
184,511980,86.90802273,2779,0.05,6095,84.0,4.812200546264648,0.0001,127969
184,512064,86.91665969,2780,0.05,6096,84.0,0.17143556475639343,0.0001,127990
184,512148,86.91776732999999,2780,0.05,6097,84.0,0.6343309879302979,0.0001,128011
184,512232,86.90524297,2781,0.05,6098,84.0,4.473695755004883,0.0001,128032
184,512316,86.91138931999998,2781,0.05,6099,84.0,0.5622683763504028,0.0001,128053
184,512400,86.90297972999998,2782,0.05,6100,84.0,4.893861293792725,0.0001,128074
184,512484,86.89644397999999,2782,0.05,6101,84.0,8.599557876586914,0.0001,128095
184,512568,86.91109354999999,2783,0.05,6102,84.0,0.1194654032588005,0.0001,128116
184,512652,86.90734642,2783,0.05,6103,84.0,0.40520790219306946,0.0001,128137
184,512736,86.90370648999999,2784,0.05,6104,84.0,13.655314445495605,0.0001,128158
184,512820,86.90179199,2784,0.05,6105,84.0,4.523777484893799,0.0001,128179
184,512904,86.90842617,2785,0.05,6106,84.0,0.18130990862846375,0.0001,128200
184,512988,86.91767218999999,2785,0.05,6107,84.0,0.21502351760864258,0.0001,128221
184,513072,86.92448168000001,2786,0.05,6108,84.0,4.856361389160156,0.0001,128242
184,513156,86.92938614,2786,0.05,6109,84.0,0.555703341960907,0.0001,128263
184,513240,86.94791482999999,2787,0.05,6110,84.0,4.180111408233643,0.0001,128284
184,513324,86.95937019000002,2787,0.05,6111,84.0,0.08546309918165207,0.0001,128305
184,513408,86.96841564999998,2788,0.05,6112,84.0,0.5958177447319031,0.0001,128326
184,513492,86.95616636000001,2788,0.05,6113,84.0,0.3486643433570862,0.0001,128347
184,513576,86.9487255,2789,0.05,6114,84.0,4.183830261230469,0.0001,128368
184,513660,86.96247774999998,2789,0.05,6115,84.0,0.15626096725463867,0.0001,128389
184,513744,86.96517443,2790,0.05,6116,84.0,4.724653244018555,0.0001,128410
184,513828,86.96907364999997,2790,0.05,6117,84.0,0.1920507550239563,0.0001,128431
184,513912,86.96688258999998,2791,0.05,6118,84.0,0.11598125100135803,0.0001,128452
184,513996,86.96453333999997,2791,0.05,6119,84.0,9.140414237976074,0.0001,128473
184,514080,86.96505714999998,2792,0.05,6120,84.0,0.09477156400680542,0.0001,128494
184,514164,86.95722603999997,2792,0.05,6121,84.0,0.15475872159004211,0.0001,128515
184,514248,86.97162981,2793,0.05,6122,84.0,0.09585720300674438,0.0001,128536
184,514332,86.98507399999998,2793,0.05,6123,84.0,0.31124329566955566,0.0001,128557
184,514416,86.97443546999999,2794,0.05,6124,84.0,0.18751443922519684,0.0001,128578
184,514500,86.96805167000002,2794,0.05,6125,84.0,0.09187214076519012,0.0001,128599
184,514584,86.97851942000001,2795,0.05,6126,84.0,0.3909038305282593,0.0001,128620
184,514668,87.00647356000002,2795,0.05,6127,84.0,0.08861880004405975,0.0001,128641
184,514752,86.97834581000001,2796,0.05,6128,84.0,0.39678531885147095,0.0001,128662
184,514836,86.96995867,2796,0.05,6129,84.0,0.20807774364948273,0.0001,128683
184,514920,86.97271852,2797,0.05,6130,84.0,0.6427484750747681,0.0001,128704
184,515004,86.98429694999999,2797,0.05,6131,84.0,4.4938201904296875,0.0001,128725
184,515088,86.98464890999999,2798,0.05,6132,84.0,0.1543792337179184,0.0001,128746
184,515172,86.97123496,2798,0.05,6133,84.0,0.06588023155927658,0.0001,128767
184,515256,86.98100456,2799,0.05,6134,84.0,4.728257656097412,0.0001,128788
184,515340,87.02141249,2799,0.05,6135,84.0,0.5550755262374878,0.0001,128809
184,515424,87.02164288,2800,0.05,6136,84.0,4.517280101776123,0.0001,128830
184,515508,87.04180772,2800,0.05,6137,84.0,0.39423102140426636,0.0001,128851
184,515592,87.04289584000001,2801,0.05,6138,84.0,5.0815749168396,0.0001,128872
184,515676,87.06350226,2801,0.05,6139,84.0,4.923599720001221,0.0001,128893
184,515760,87.06448894,2802,0.05,6140,84.0,5.386166572570801,0.0001,128914
184,515844,87.05233186,2802,0.05,6141,84.0,3.926363706588745,0.0001,128935
184,515928,87.05173646000001,2802,0.05,6142,84.0,0.6601226329803467,0.0001,128956
184,516012,87.03967678,2803,0.05,6143,84.0,4.362709999084473,0.0001,128977
184,516096,87.03393442000002,2804,0.05,6144,84.0,0.1991887092590332,0.0001,128998
184,516180,87.03161727999999,2804,0.05,6145,84.0,0.3547273874282837,0.0001,129019
184,516264,87.03039953000001,2804,0.05,6146,84.0,4.014271259307861,0.0001,129040
184,516348,87.05901802999999,2805,0.05,6147,84.0,0.29893821477890015,0.0001,129061
184,516432,87.06347759,2805,0.05,6148,84.0,0.36539220809936523,0.0001,129082
184,516516,87.05356728000001,2806,0.05,6149,84.0,0.34591734409332275,0.0001,129103
184,516600,87.03288101,2807,0.05,6150,84.0,0.09488365054130554,0.0001,129124
184,516684,87.04726550000001,2807,0.05,6151,84.0,4.384085655212402,0.0001,129145
184,516768,87.02622735000001,2808,0.05,6152,84.0,0.36749204993247986,0.0001,129166
184,516852,87.01727659000002,2808,0.05,6153,84.0,0.15222793817520142,0.0001,129187
184,516936,87.01686049000001,2809,0.05,6154,84.0,0.3196958601474762,0.0001,129208
184,517020,87.01240911,2809,0.05,6155,84.0,0.551404595375061,0.0001,129229
184,517104,87.01428081,2810,0.05,6156,84.0,0.6246667504310608,0.0001,129250
184,517188,87.01097327999997,2810,0.05,6157,84.0,0.12410742789506912,0.0001,129271
184,517272,87.01325926999998,2811,0.05,6158,84.0,0.9532123804092407,0.0001,129292
184,517356,87.00891052999998,2811,0.05,6159,84.0,0.4259145259857178,0.0001,129313
184,517440,87.00394649,2812,0.05,6160,84.0,0.14932866394519806,0.0001,129334
183,517524,87.00437226999999,2812,0.05,6161,84.0,0.5990152955055237,0.0001,129355
183,517608,87.00393531,2813,0.05,6162,84.0,5.57642126083374,0.0001,129376
183,517692,86.99833575999999,2813,0.05,6163,84.0,0.11406082659959793,0.0001,129397
183,517776,86.99215581,2814,0.05,6164,84.0,0.3303491175174713,0.0001,129418
183,517860,86.99265679000001,2814,0.05,6165,84.0,0.1647075116634369,0.0001,129439
183,517944,86.99408183000003,2815,0.05,6166,84.0,0.4624325633049011,0.0001,129460
183,518028,86.99167199000001,2815,0.05,6167,84.0,0.21497121453285217,0.0001,129481
183,518112,87.00175029000002,2816,0.05,6168,84.0,0.10429100692272186,0.0001,129502
183,518196,86.99371459999999,2816,0.05,6169,84.0,0.34509578347206116,0.0001,129523
183,518280,86.97819329,2817,0.05,6170,84.0,4.203295707702637,0.0001,129544
183,518364,86.98036904,2817,0.05,6171,84.0,4.416802406311035,0.0001,129565
183,518448,87.01826111,2817,0.05,6172,84.0,0.31900662183761597,0.0001,129586
183,518532,87.01962274999998,2818,0.05,6173,84.0,0.5299453735351562,0.0001,129607
183,518616,87.02078389999998,2819,0.05,6174,84.0,4.45681095123291,0.0001,129628
183,518700,87.0085385,2819,0.05,6175,84.0,4.5913567543029785,0.0001,129649
183,518784,87.00795855999999,2820,0.05,6176,84.0,4.981706142425537,0.0001,129670
183,518868,87.01890507,2820,0.05,6177,84.0,0.5553949475288391,0.0001,129691
183,518952,87.01640640000001,2820,0.05,6178,84.0,4.677621841430664,0.0001,129712
183,519036,87.02502063000001,2821,0.05,6179,84.0,0.24523136019706726,0.0001,129733
183,519120,87.02928911000001,2822,0.05,6180,84.0,0.07441098988056183,0.0001,129754
183,519204,87.04313800999998,2822,0.05,6181,84.0,0.26107221841812134,0.0001,129775
183,519288,87.05259106999998,2823,0.05,6182,84.0,0.3403804302215576,0.0001,129796
183,519372,87.03066620999998,2823,0.05,6183,84.0,4.620257377624512,0.0001,129817
183,519456,87.03170295999999,2823,0.05,6184,84.0,0.3501172363758087,0.0001,129838
183,519540,87.02267782999998,2824,0.05,6185,84.0,0.3226964771747589,0.0001,129859
183,519624,87.02562453,2824,0.05,6186,84.0,4.469850063323975,0.0001,129880
183,519708,87.02667077999996,2825,0.05,6187,84.0,0.22233331203460693,0.0001,129901
183,519792,87.02189874,2825,0.05,6188,84.0,0.46365299820899963,0.0001,129922
183,519876,87.02670448,2826,0.05,6189,84.0,0.1302604079246521,0.0001,129943
183,519960,87.0278903,2826,0.05,6190,84.0,4.125783443450928,0.0001,129964
183,520044,87.03064547,2827,0.05,6191,84.0,0.3892732262611389,0.0001,129985
183,520128,87.04949374,2827,0.05,6192,84.0,0.151168555021286,0.0001,130006
183,520212,87.03640903,2828,0.05,6193,84.0,0.11842545866966248,0.0001,130027
183,520296,87.04234152000001,2828,0.05,6194,84.0,17.77619171142578,0.0001,130048
183,520380,87.05552421000002,2829,0.05,6195,84.0,4.266288757324219,0.0001,130069
183,520464,87.04510488,2829,0.05,6196,84.0,0.1049782857298851,0.0001,130090
183,520548,87.02924052000002,2830,0.05,6197,84.0,4.564000606536865,0.0001,130111
183,520632,87.04136677000002,2830,0.05,6198,84.0,0.6250158548355103,0.0001,130132
183,520716,87.03506827,2831,0.05,6199,84.0,0.3897249400615692,0.0001,130153
183,520800,86.95321777999999,2831,0.05,6200,84.0,0.30986595153808594,0.0001,130174
183,520884,86.95780393000001,2832,0.05,6201,84.0,4.613627910614014,0.0001,130195
183,520968,86.94782532,2832,0.05,6202,84.0,5.136261463165283,0.0001,130216
183,521052,86.9585217,2833,0.05,6203,84.0,0.14662688970565796,0.0001,130237
183,521136,86.95998914000002,2833,0.05,6204,84.0,4.127153396606445,0.0001,130258
183,521220,86.96015,2834,0.05,6205,84.0,4.668469429016113,0.0001,130279
183,521304,86.95351949,2834,0.05,6206,84.0,0.1127406656742096,0.0001,130300
183,521388,86.95708742999999,2834,0.05,6207,84.0,4.396892547607422,0.0001,130321
183,521472,86.95351129,2835,0.05,6208,84.0,0.25117966532707214,0.0001,130342
183,521556,86.94446593999997,2836,0.05,6209,84.0,0.3257659077644348,0.0001,130363
183,521640,86.9303461,2836,0.05,6210,84.0,8.556775093078613,0.0001,130384
183,521724,86.92007414999998,2837,0.05,6211,84.0,0.3423595428466797,0.0001,130405
183,521808,86.91457088999998,2837,0.05,6212,84.0,0.2201824188232422,0.0001,130426
183,521892,86.91128205999998,2838,0.05,6213,84.0,0.2982127368450165,0.0001,130447
183,521976,86.91442937999999,2838,0.05,6214,84.0,9.573501586914062,0.0001,130468
183,522060,86.91015497999999,2838,0.05,6215,84.0,0.23814667761325836,0.0001,130489
183,522144,86.89860259999999,2839,0.05,6216,84.0,0.06541508436203003,0.0001,130510
183,522228,86.89585784,2839,0.05,6217,84.0,0.07052606344223022,0.0001,130531
183,522312,86.89717110000001,2840,0.05,6218,84.0,0.0521339550614357,0.0001,130552
183,522396,86.88511193000002,2841,0.05,6219,84.0,4.213046550750732,0.0001,130573
183,522480,86.89010796000001,2841,0.05,6220,84.0,0.25643599033355713,0.0001,130594
183,522564,86.90773822999999,2841,0.05,6221,84.0,4.459217548370361,0.0001,130615
183,522648,86.90343152000001,2842,0.05,6222,84.0,0.5482772588729858,0.0001,130636
183,522732,86.90215801000002,2842,0.05,6223,84.0,0.11154858767986298,0.0001,130657
183,522816,86.90127500000003,2843,0.05,6224,84.0,8.248143196105957,0.0001,130678
183,522900,86.90623008000003,2843,0.05,6225,84.0,0.6546529531478882,0.0001,130699
183,522984,86.89769993000002,2844,0.05,6226,84.0,4.359925746917725,0.0001,130720
183,523068,86.89669779,2844,0.05,6227,84.0,0.3615242540836334,0.0001,130741
183,523152,86.92923904,2845,0.05,6228,84.0,0.12399562448263168,0.0001,130762
183,523236,86.94308956999997,2845,0.05,6229,84.0,0.14950716495513916,0.0001,130783
183,523320,86.94176739999999,2846,0.05,6230,84.0,0.28967371582984924,0.0001,130804
183,523404,86.94289989999999,2846,0.05,6231,84.0,5.170403003692627,0.0001,130825
183,523488,86.94043726,2847,0.05,6232,84.0,4.2209367752075195,0.0001,130846
183,523572,86.96304547,2847,0.05,6233,84.0,0.1097533330321312,0.0001,130867
183,523656,86.96087643999998,2848,0.05,6234,84.0,0.6228548288345337,0.0001,130888
183,523740,86.94387504999999,2848,0.05,6235,84.0,0.2044195830821991,0.0001,130909
183,523824,86.95264274999998,2849,0.05,6236,84.0,4.571664333343506,0.0001,130930
183,523908,86.95514732,2849,0.05,6237,84.0,0.203831285238266,0.0001,130951
183,523992,86.95155885,2850,0.05,6238,84.0,0.8093168139457703,0.0001,130972
183,524076,86.94955277999999,2850,0.05,6239,84.0,0.22462226450443268,0.0001,130993
183,524160,86.9350632,2851,0.05,6240,84.0,4.723428249359131,0.0001,131014
183,524244,86.94547174000002,2851,0.05,6241,84.0,0.5939239263534546,0.0001,131035
183,524328,86.95567524999998,2852,0.05,6242,84.0,0.07306449115276337,0.0001,131056
183,524412,86.96500408,2852,0.05,6243,84.0,4.375155925750732,0.0001,131077
183,524496,86.96872346999999,2853,0.05,6244,84.0,0.30494216084480286,0.0001,131098
183,524580,86.96955413999999,2853,0.05,6245,84.0,0.3145824372768402,0.0001,131119
183,524664,86.98233452000001,2854,0.05,6246,84.0,0.07182899117469788,0.0001,131140
183,524748,86.98264569000001,2854,0.05,6247,84.0,0.560952365398407,0.0001,131161
183,524832,86.97395747000002,2855,0.05,6248,84.0,0.24814307689666748,0.0001,131182
183,524916,86.98300364000002,2855,0.05,6249,84.0,0.15428268909454346,0.0001,131203
183,525000,87.01826798000002,2856,0.05,6250,84.0,0.277812659740448,0.0001,131224
183,525084,87.00536207,2856,0.05,6251,84.0,4.243074417114258,0.0001,131245
183,525168,87.03808117999999,2856,0.05,6252,84.0,0.24885742366313934,0.0001,131266
183,525252,87.04192051999999,2857,0.05,6253,84.0,0.1293889880180359,0.0001,131287
183,525336,87.03701432999998,2857,0.05,6254,84.0,0.46414893865585327,0.0001,131308
183,525420,87.03949031,2858,0.05,6255,84.0,4.621624946594238,0.0001,131329
183,525504,87.04473450999998,2858,0.05,6256,84.0,0.08265401422977448,0.0001,131350
183,525588,87.04575507,2859,0.05,6257,84.0,0.13549217581748962,0.0001,131371
183,525672,87.04248953000003,2859,0.05,6258,84.0,4.516684055328369,0.0001,131392
183,525756,87.04118192000001,2860,0.05,6259,84.0,0.12384532392024994,0.0001,131413
183,525840,87.04358518000001,2860,0.05,6260,84.0,5.051596164703369,0.0001,131434
183,525924,87.04070729999998,2861,0.05,6261,84.0,0.1366274356842041,0.0001,131455
183,526008,87.04068482999998,2861,0.05,6262,84.0,0.07456035912036896,0.0001,131476
183,526092,87.04356151999997,2862,0.05,6263,84.0,5.095835208892822,0.0001,131497
183,526176,87.03904361999999,2862,0.05,6264,84.0,8.28971004486084,0.0001,131518
183,526260,87.03679449,2863,0.05,6265,84.0,0.34508153796195984,0.0001,131539
183,526344,87.03617489,2863,0.05,6266,84.0,4.612144947052002,0.0001,131560
183,526428,87.04049503,2864,0.05,6267,84.0,0.07028369605541229,0.0001,131581
183,526512,87.02999934000002,2864,0.05,6268,84.0,4.26719856262207,0.0001,131602
183,526596,87.03287903999998,2865,0.05,6269,84.0,8.790314674377441,0.0001,131623
183,526680,87.04491454999999,2865,0.05,6270,84.0,4.43083381652832,0.0001,131644
183,526764,87.02504564999998,2866,0.05,6271,84.0,0.12819243967533112,0.0001,131665
183,526848,87.01261951999999,2866,0.05,6272,84.0,4.33588981628418,0.0001,131686
183,526932,87.0254415,2867,0.05,6273,84.0,0.14630216360092163,0.0001,131707
183,527016,87.01507772000001,2867,0.05,6274,84.0,5.135308742523193,0.0001,131728
183,527100,87.02573904000002,2868,0.05,6275,84.0,4.6214728355407715,0.0001,131749
183,527184,87.02311304000001,2868,0.05,6276,84.0,4.165867805480957,0.0001,131770
183,527268,87.01442943,2869,0.05,6277,84.0,0.3154177665710449,0.0001,131791
183,527352,87.02185153,2869,0.05,6278,84.0,0.3339814841747284,0.0001,131812
183,527436,87.02302471000003,2870,0.05,6279,84.0,0.11919483542442322,0.0001,131833
183,527520,87.02309921,2870,0.05,6280,84.0,4.560784816741943,0.0001,131854
183,527604,87.02600382,2871,0.05,6281,84.0,0.4884779155254364,0.0001,131875
183,527688,87.00351151000001,2871,0.05,6282,84.0,0.4154789447784424,0.0001,131896
183,527772,87.02621649000001,2872,0.05,6283,84.0,0.06196128949522972,0.0001,131917
183,527856,87.02824726999998,2872,0.05,6284,84.0,0.3207840621471405,0.0001,131938
183,527940,87.02929904000001,2873,0.05,6285,84.0,0.10450361669063568,0.0001,131959
183,528024,87.03037291000001,2873,0.05,6286,84.0,0.07722897827625275,0.0001,131980
183,528108,87.02705823000001,2874,0.05,6287,84.0,0.11128348112106323,0.0001,132001
183,528192,87.0236036,2874,0.05,6288,84.0,0.11754593998193741,0.0001,132022
183,528276,87.02529644,2875,0.05,6289,84.0,4.535288333892822,0.0001,132043
183,528360,87.01584510999999,2875,0.05,6290,84.0,0.43957263231277466,0.0001,132064
183,528444,87.01405989999999,2875,0.05,6291,84.0,4.443636894226074,0.0001,132085
183,528528,87.00884905999999,2876,0.05,6292,84.0,4.380078315734863,0.0001,132106
183,528612,86.98503788999999,2876,0.05,6293,84.0,4.307328224182129,0.0001,132127
183,528696,86.98742898999998,2877,0.05,6294,84.0,0.16531124711036682,0.0001,132148
183,528780,86.95268135,2877,0.05,6295,84.0,0.5001241564750671,0.0001,132169
183,528864,86.95171613000001,2878,0.05,6296,84.0,0.05059462785720825,0.0001,132190
183,528948,86.93924344999999,2878,0.05,6297,84.0,0.3062095046043396,0.0001,132211
183,529032,86.90204566,2879,0.05,6298,84.0,0.6326239109039307,0.0001,132232
183,529116,86.90967986999998,2879,0.05,6299,84.0,0.5684899091720581,0.0001,132253
183,529200,86.99051197999998,2880,0.05,6300,84.0,0.11529533565044403,0.0001,132274
183,529284,86.98559411000001,2880,0.05,6301,84.0,4.605381488800049,0.0001,132295
183,529368,86.98711684999998,2881,0.05,6302,84.0,4.522604465484619,0.0001,132316
183,529452,86.97889959,2882,0.05,6303,84.0,0.4186161756515503,0.0001,132337
183,529536,86.97333270000001,2882,0.05,6304,84.0,0.1881793737411499,0.0001,132358
183,529620,86.96924978000001,2882,0.05,6305,84.0,4.575057029724121,0.0001,132379
183,529704,86.96597861999999,2883,0.05,6306,84.0,4.455350399017334,0.0001,132400
183,529788,86.96747088000001,2883,0.05,6307,84.0,0.3693527579307556,0.0001,132421
183,529872,86.97095422999999,2884,0.05,6308,84.0,8.958293914794922,0.0001,132442
183,529956,86.97642854999998,2884,0.05,6309,84.0,0.29463329911231995,0.0001,132463
183,530040,86.97142632,2885,0.05,6310,84.0,0.13075219094753265,0.0001,132484
183,530124,86.97545933,2886,0.05,6311,84.0,0.14118355512619019,0.0001,132505
183,530208,86.97267719999999,2886,0.05,6312,84.0,0.07550415396690369,0.0001,132526
183,530292,86.96912336999999,2887,0.05,6313,84.0,0.1474962830543518,0.0001,132547
183,530376,86.96523393999998,2887,0.05,6314,84.0,0.11439615488052368,0.0001,132568
183,530460,86.97220678999999,2887,0.05,6315,84.0,0.10575538128614426,0.0001,132589
183,530544,86.98173195,2888,0.05,6316,84.0,0.19383856654167175,0.0001,132610
183,530628,86.98262960999999,2888,0.05,6317,84.0,0.4001745879650116,0.0001,132631
183,530712,86.96804274,2889,0.05,6318,84.0,0.18138840794563293,0.0001,132652
183,530796,86.97486631999999,2889,0.05,6319,84.0,0.09454270452260971,0.0001,132673
183,530880,86.96798494000001,2890,0.05,6320,84.0,4.656840801239014,0.0001,132694
183,530964,86.94959872999999,2890,0.05,6321,84.0,4.212385654449463,0.0001,132715
183,531048,86.94323415000001,2891,0.05,6322,84.0,4.25155782699585,0.0001,132736
183,531132,86.93123077999999,2891,0.05,6323,84.0,0.3132265508174896,0.0001,132757
183,531216,86.93824981,2892,0.05,6324,84.0,4.700051784515381,0.0001,132778
183,531300,86.93596269,2892,0.05,6325,84.0,0.15499360859394073,0.0001,132799
183,531384,86.93258450000002,2893,0.05,6326,84.0,0.17343670129776,0.0001,132820
183,531468,86.93420591,2893,0.05,6327,84.0,0.2433040887117386,0.0001,132841
183,531552,86.94041367,2894,0.05,6328,84.0,0.35359400510787964,0.0001,132862
183,531636,86.93984819999997,2894,0.05,6329,84.0,0.4709916114807129,0.0001,132883
183,531720,86.93632321,2895,0.05,6330,84.0,0.6847754716873169,0.0001,132904
183,531804,86.93538218999998,2895,0.05,6331,84.0,0.1165316179394722,0.0001,132925
183,531888,86.94607093999998,2896,0.05,6332,84.0,0.5796311497688293,0.0001,132946
183,531972,86.94306938999998,2896,0.05,6333,84.0,0.3418845534324646,0.0001,132967
183,532056,86.94464664000002,2897,0.05,6334,84.0,0.07258488237857819,0.0001,132988
183,532140,86.94880168000002,2897,0.05,6335,84.0,0.09267465770244598,0.0001,133009
183,532224,86.94178080000002,2898,0.05,6336,84.0,0.31818872690200806,0.0001,133030
183,532308,86.93460166000001,2898,0.05,6337,84.0,9.010883331298828,0.0001,133051
183,532392,86.93283433999999,2899,0.05,6338,84.0,4.582064628601074,0.0001,133072
183,532476,86.92881978000001,2899,0.05,6339,84.0,4.478488922119141,0.0001,133093
183,532560,86.94050294999997,2900,0.05,6340,84.0,0.31546828150749207,0.0001,133114
183,532644,86.93051437,2900,0.05,6341,84.0,0.41816890239715576,0.0001,133135
183,532728,86.92069930000001,2901,0.05,6342,84.0,0.3173616826534271,0.0001,133156
183,532812,86.922447,2901,0.05,6343,84.0,0.6869986057281494,0.0001,133177
183,532896,86.92135182,2902,0.05,6344,84.0,0.3958874046802521,0.0001,133198
183,532980,86.92060074000001,2902,0.05,6345,84.0,0.17890584468841553,0.0001,133219
183,533064,86.91597629,2903,0.05,6346,84.0,4.570755958557129,0.0001,133240
183,533148,86.91820335,2903,0.05,6347,84.0,0.5869297385215759,0.0001,133261
183,533232,86.91456215,2904,0.05,6348,84.0,0.40967506170272827,0.0001,133282
183,533316,86.91260187,2904,0.05,6349,84.0,0.4568535387516022,0.0001,133303
183,533400,86.90908371999998,2905,0.05,6350,84.0,4.7245306968688965,0.0001,133324
183,533484,86.90905943,2905,0.05,6351,84.0,8.602174758911133,0.0001,133345
183,533568,86.90670395999997,2906,0.05,6352,84.0,5.27180290222168,0.0001,133366
183,533652,86.90281982999997,2906,0.05,6353,84.0,4.549587249755859,0.0001,133387
183,533736,86.92340660999999,2907,0.05,6354,84.0,0.1275957077741623,0.0001,133408
183,533820,86.92443476999999,2907,0.05,6355,84.0,0.23356424272060394,0.0001,133429
183,533904,86.92292711,2908,0.05,6356,84.0,0.22640861570835114,0.0001,133450
183,533988,86.92337396,2908,0.05,6357,84.0,0.07242056727409363,0.0001,133471
183,534072,86.915344,2909,0.05,6358,84.0,0.161408931016922,0.0001,133492
183,534156,86.91601857000002,2909,0.05,6359,84.0,0.40676411986351013,0.0001,133513
183,534240,86.91685745999999,2910,0.05,6360,84.0,0.42298203706741333,0.0001,133534
183,534324,86.92139659,2910,0.05,6361,84.0,4.616367340087891,0.0001,133555
183,534408,86.91144367000001,2911,0.05,6362,84.0,8.944913864135742,0.0001,133576
183,534492,86.91125514000001,2911,0.05,6363,84.0,4.351024627685547,0.0001,133597
183,534576,86.90786546999999,2911,0.05,6364,84.0,0.13019704818725586,0.0001,133618
183,534660,86.91010095999998,2912,0.05,6365,84.0,0.10077785700559616,0.0001,133639
183,534744,86.86082645,2913,0.05,6366,84.0,0.11195477843284607,0.0001,133660
183,534828,86.86294253999999,2913,0.05,6367,84.0,0.08719510585069656,0.0001,133681
183,534912,86.86313786999999,2914,0.05,6368,84.0,0.05785152688622475,0.0001,133702
183,534996,86.86664472000001,2914,0.05,6369,84.0,0.3163209855556488,0.0001,133723
183,535080,86.87073054999999,2914,0.05,6370,84.0,0.16437870264053345,0.0001,133744
183,535164,86.88938472999999,2915,0.05,6371,84.0,0.751044511795044,0.0001,133765
183,535248,86.86120493,2915,0.05,6372,84.0,8.52898120880127,0.0001,133786
183,535332,86.85568015000001,2916,0.05,6373,84.0,0.3349469304084778,0.0001,133807
183,535416,86.86267425,2917,0.05,6374,84.0,0.47294652462005615,0.0001,133828
183,535500,86.86244610000001,2917,0.05,6375,84.0,4.437363624572754,0.0001,133849
183,535584,86.86307624999999,2918,0.05,6376,84.0,0.12821108102798462,0.0001,133870
183,535668,86.85756715,2918,0.05,6377,84.0,0.1232263445854187,0.0001,133891
183,535752,86.86214369999999,2919,0.05,6378,84.0,0.14707335829734802,0.0001,133912
183,535836,86.85309398000001,2919,0.05,6379,84.0,0.3960201144218445,0.0001,133933
183,535920,86.85092285,2919,0.05,6380,84.0,0.5732877254486084,0.0001,133954
183,536004,86.84582214,2920,0.05,6381,84.0,0.7784093618392944,0.0001,133975
183,536088,86.86117984999998,2920,0.05,6382,84.0,0.36716920137405396,0.0001,133996
183,536172,86.85893947000001,2921,0.05,6383,84.0,0.9835752844810486,0.0001,134017
183,536256,86.85988778,2921,0.05,6384,84.0,9.48509407043457,0.0001,134038
183,536340,86.85958188000002,2922,0.05,6385,84.0,0.37071937322616577,0.0001,134059
183,536424,86.85160411999999,2922,0.05,6386,84.0,0.339444100856781,0.0001,134080
183,536508,86.85234894,2923,0.05,6387,84.0,0.835928201675415,0.0001,134101
183,536592,86.8538777,2923,0.05,6388,84.0,0.28332391381263733,0.0001,134122
183,536676,86.84131909,2924,0.05,6389,84.0,4.347835063934326,0.0001,134143
183,536760,86.84264749,2924,0.05,6390,84.0,5.0342912673950195,0.0001,134164
183,536844,86.84396126000001,2925,0.05,6391,84.0,0.11943559348583221,0.0001,134185
183,536928,86.84882647,2925,0.05,6392,84.0,8.585641860961914,0.0001,134206
183,537012,86.86930754,2926,0.05,6393,84.0,9.17188549041748,0.0001,134227
183,537096,86.85869014,2926,0.05,6394,84.0,4.409142017364502,0.0001,134248
183,537180,86.88048762999998,2927,0.05,6395,84.0,5.325700759887695,0.0001,134269
183,537264,86.88018553999999,2927,0.05,6396,84.0,5.033673286437988,0.0001,134290
183,537348,86.90369451999999,2928,0.05,6397,84.0,4.858120441436768,0.0001,134311
183,537432,86.94232225999998,2928,0.05,6398,84.0,0.13612490892410278,0.0001,134332
183,537516,86.93490911,2929,0.05,6399,84.0,4.863046169281006,0.0001,134353
183,537600,86.93245267,2929,0.05,6400,84.0,0.352336585521698,0.0001,134374
183,537684,86.93337546000001,2930,0.05,6401,84.0,4.287801742553711,0.0001,134395
183,537768,86.93126161000002,2930,0.05,6402,84.0,0.3981199860572815,0.0001,134416
183,537852,86.93096297000002,2931,0.05,6403,84.0,0.31376469135284424,0.0001,134437
183,537936,86.93336397000002,2931,0.05,6404,84.0,4.4120378494262695,0.0001,134458
183,538020,86.93359955,2932,0.05,6405,84.0,0.6569273471832275,0.0001,134479
183,538104,86.9371794,2932,0.05,6406,84.0,0.3236847221851349,0.0001,134500
183,538188,86.92761737999999,2933,0.05,6407,84.0,8.699337005615234,0.0001,134521
183,538272,86.92765572999998,2933,0.05,6408,84.0,0.3145442008972168,0.0001,134542
183,538356,86.92209223,2934,0.05,6409,84.0,0.27007538080215454,0.0001,134563
183,538440,86.92326646000001,2934,0.05,6410,84.0,0.5978665351867676,0.0001,134584
183,538524,86.92112899,2935,0.05,6411,84.0,0.3354872465133667,0.0001,134605
183,538608,86.92459989999999,2935,0.05,6412,84.0,0.1730000227689743,0.0001,134626
183,538692,86.92625461,2936,0.05,6413,84.0,4.85313606262207,0.0001,134647
183,538776,86.92677139,2936,0.05,6414,84.0,0.49548032879829407,0.0001,134668
183,538860,86.92024296,2937,0.05,6415,84.0,0.09654314815998077,0.0001,134689
183,538944,86.91554622,2937,0.05,6416,84.0,8.969549179077148,0.0001,134710
183,539028,86.90713017,2938,0.05,6417,84.0,5.0444722175598145,0.0001,134731
183,539112,86.91866898,2938,0.05,6418,84.0,0.3022930920124054,0.0001,134752
183,539196,86.92310257000001,2939,0.05,6419,84.0,0.31561994552612305,0.0001,134773
183,539280,86.91364416,2939,0.05,6420,84.0,0.08361072838306427,0.0001,134794
183,539364,86.83653310000004,2940,0.05,6421,84.0,0.13134875893592834,0.0001,134815
183,539448,86.84227977,2940,0.05,6422,84.0,0.6999239325523376,0.0001,134836
183,539532,86.84284422,2941,0.05,6423,84.0,0.11303351819515228,0.0001,134857
183,539616,86.84662296,2941,0.05,6424,84.0,4.43306303024292,0.0001,134878
183,539700,86.85200032,2942,0.05,6425,84.0,0.41550955176353455,0.0001,134899
183,539784,86.85564102999999,2942,0.05,6426,84.0,5.015540599822998,0.0001,134920
183,539868,86.83921389,2943,0.05,6427,84.0,0.6384905576705933,0.0001,134941
183,539952,86.82672104,2943,0.05,6428,84.0,0.08747881650924683,0.0001,134962
183,540036,86.82684443,2944,0.05,6429,84.0,0.19803336262702942,0.0001,134983
183,540120,86.82575133,2944,0.05,6430,84.0,4.839798927307129,0.0001,135004
183,540204,86.78660179,2945,0.05,6431,84.0,0.1170998141169548,0.0001,135025
183,540288,86.77779996999999,2945,0.05,6432,84.0,4.340673446655273,0.0001,135046
183,540372,86.76146046,2946,0.05,6433,84.0,5.430657386779785,0.0001,135067
183,540456,86.76043583999999,2946,0.05,6434,84.0,0.39283454418182373,0.0001,135088
183,540540,86.75994818000001,2947,0.05,6435,84.0,0.31311190128326416,0.0001,135109
183,540624,86.75755979000002,2947,0.05,6436,84.0,0.3598458170890808,0.0001,135130
183,540708,86.76360159,2948,0.05,6437,84.0,0.7683180570602417,0.0001,135151
183,540792,86.76469243,2948,0.05,6438,84.0,0.619979977607727,0.0001,135172
183,540876,86.76683488999998,2949,0.05,6439,84.0,0.5332553386688232,0.0001,135193
183,540960,86.75303350999998,2949,0.05,6440,84.0,0.049244076013565063,0.0001,135214
183,541044,86.75576429,2950,0.05,6441,84.0,4.264105796813965,0.0001,135235
183,541128,86.74553498000002,2950,0.05,6442,84.0,0.08879418671131134,0.0001,135256
183,541212,86.75292846999999,2951,0.05,6443,84.0,0.25942671298980713,0.0001,135277
183,541296,86.74868849,2951,0.05,6444,84.0,0.08766849339008331,0.0001,135298
183,541380,86.74646858,2951,0.05,6445,84.0,0.14462806284427643,0.0001,135319
183,541464,86.74388258,2952,0.05,6446,84.0,8.968549728393555,0.0001,135340
183,541548,86.73230694,2952,0.05,6447,84.0,0.4684017598628998,0.0001,135361
183,541632,86.72909829999999,2953,0.05,6448,84.0,0.1496059000492096,0.0001,135382
183,541716,86.72965235,2953,0.05,6449,84.0,0.4097434878349304,0.0001,135403
183,541800,86.74245408,2954,0.05,6450,84.0,0.37075963616371155,0.0001,135424
183,541884,86.74042384,2955,0.05,6451,84.0,0.3027418851852417,0.0001,135445
183,541968,86.73767880000001,2955,0.05,6452,84.0,0.66474449634552,0.0001,135466
183,542052,86.73996049000002,2956,0.05,6453,84.0,0.13822904229164124,0.0001,135487
183,542136,86.72554644000002,2956,0.05,6454,84.0,0.4006025791168213,0.0001,135508
183,542220,86.72130344000001,2957,0.05,6455,84.0,0.40489932894706726,0.0001,135529
183,542304,86.71507740000003,2958,0.05,6456,84.0,0.5174528360366821,0.0001,135550
183,542388,86.71980328,2958,0.05,6457,84.0,0.3203912377357483,0.0001,135571
183,542472,86.71102603,2959,0.05,6458,84.0,0.20117755234241486,0.0001,135592
183,542556,86.71103809,2959,0.05,6459,84.0,0.5789936780929565,0.0001,135613
183,542640,86.71029338999999,2960,0.05,6460,84.0,0.3211100697517395,0.0001,135634
183,542724,86.69039743999998,2960,0.05,6461,84.0,0.6107448935508728,0.0001,135655
183,542808,86.70434581999999,2961,0.05,6462,84.0,0.44938892126083374,0.0001,135676
183,542892,86.7047317,2961,0.05,6463,84.0,4.296278953552246,0.0001,135697
183,542976,86.70629176999999,2962,0.05,6464,84.0,0.7377467155456543,0.0001,135718
183,543060,86.69661668000002,2963,0.05,6465,84.0,0.3580653965473175,0.0001,135739
183,543144,86.74066818,2963,0.05,6466,84.0,0.1427030861377716,0.0001,135760
183,543228,86.73752976,2964,0.05,6467,84.0,4.804769039154053,0.0001,135781
183,543312,86.71671383000003,2964,0.05,6468,84.0,0.3619557023048401,0.0001,135802
183,543396,86.71103447000002,2965,0.05,6469,84.0,0.4511679410934448,0.0001,135823
183,543480,86.71035117999998,2965,0.05,6470,84.0,4.59091854095459,0.0001,135844
183,543564,86.70468831,2966,0.05,6471,84.0,0.15931501984596252,0.0001,135865
183,543648,86.73526239999997,2967,0.05,6472,84.0,0.5001587867736816,0.0001,135886
183,543732,86.72417293000001,2967,0.05,6473,84.0,4.564746856689453,0.0001,135907
183,543816,86.72478530999999,2968,0.05,6474,84.0,0.2810147702693939,0.0001,135928
183,543900,86.72546308999999,2968,0.05,6475,84.0,0.7813820838928223,0.0001,135949
183,543984,86.72215866999998,2969,0.05,6476,84.0,4.267389297485352,0.0001,135970
183,544068,86.72043470999999,2969,0.05,6477,84.0,0.32302454113960266,0.0001,135991
183,544152,86.71515367999999,2970,0.05,6478,84.0,0.2063409984111786,0.0001,136012
183,544236,86.71452794000001,2970,0.05,6479,84.0,4.9449639320373535,0.0001,136033
183,544320,86.71549335000002,2971,0.05,6480,84.0,0.08802616596221924,0.0001,136054
183,544404,86.69563482,2971,0.05,6481,84.0,9.22653865814209,0.0001,136075
183,544488,86.69121876,2972,0.05,6482,84.0,0.4524352550506592,0.0001,136096
183,544572,86.69402633,2972,0.05,6483,84.0,17.095626831054688,0.0001,136117
183,544656,86.70118218999998,2973,0.05,6484,84.0,4.9475789070129395,0.0001,136138
183,544740,86.69777679999999,2973,0.05,6485,84.0,0.5620355606079102,0.0001,136159
183,544824,86.71370605,2974,0.05,6486,84.0,0.4714149832725525,0.0001,136180
183,544908,86.71427531,2974,0.05,6487,84.0,4.286797046661377,0.0001,136201
183,544992,86.71504694000001,2975,0.05,6488,84.0,0.1200142577290535,0.0001,136222
183,545076,86.72863453000002,2975,0.05,6489,84.0,0.39911776781082153,0.0001,136243
183,545160,86.7188577,2976,0.05,6490,84.0,4.61152982711792,0.0001,136264
183,545244,86.71259158000001,2977,0.05,6491,84.0,9.064949989318848,0.0001,136285
183,545328,86.70595825000001,2977,0.05,6492,84.0,4.8608903884887695,0.0001,136306
183,545412,86.70602319000004,2978,0.05,6493,84.0,0.10676886886358261,0.0001,136327
183,545496,86.70522923,2978,0.05,6494,84.0,0.26567357778549194,0.0001,136348
183,545580,86.69914808,2979,0.05,6495,84.0,0.13323739171028137,0.0001,136369
183,545664,86.70115657000001,2979,0.05,6496,84.0,4.66933012008667,0.0001,136390
183,545748,86.69858216,2980,0.05,6497,84.0,0.15615475177764893,0.0001,136411
183,545832,86.68144949000002,2980,0.05,6498,84.0,9.097850799560547,0.0001,136432
183,545916,86.6822211,2981,0.05,6499,84.0,0.46672362089157104,0.0001,136453
183,546000,86.68571646000002,2981,0.05,6500,84.0,5.215409755706787,0.0001,136474
183,546084,86.67454947,2982,0.05,6501,84.0,0.10388148576021194,0.0001,136495
183,546168,86.67151663000003,2982,0.05,6502,84.0,0.6422224044799805,0.0001,136516
183,546252,86.66422708,2983,0.05,6503,84.0,0.12251471728086472,0.0001,136537
183,546336,86.66718900000002,2983,0.05,6504,84.0,13.000920295715332,0.0001,136558
183,546420,86.62067073000001,2983,0.05,6505,84.0,0.14156846702098846,0.0001,136579
183,546504,86.62425905,2984,0.05,6506,84.0,0.06469226628541946,0.0001,136600
183,546588,86.6236471,2984,0.05,6507,84.0,0.7623013257980347,0.0001,136621
183,546672,86.63035228000003,2985,0.05,6508,84.0,4.809782981872559,0.0001,136642
183,546756,86.63190774000003,2986,0.05,6509,84.0,0.1285175234079361,0.0001,136663
183,546840,86.63416566,2986,0.05,6510,84.0,4.221482276916504,0.0001,136684
183,546924,86.6228039,2987,0.05,6511,84.0,0.31832095980644226,0.0001,136705
183,547008,86.61919612999998,2987,0.05,6512,84.0,4.6215739250183105,0.0001,136726
183,547092,86.61899411999998,2987,0.05,6513,84.0,0.0948392003774643,0.0001,136747
183,547176,86.60739669,2988,0.05,6514,84.0,0.4710569977760315,0.0001,136768
183,547260,86.60756033,2988,0.05,6515,84.0,4.944869518280029,0.0001,136789
183,547344,86.61020656999999,2989,0.05,6516,84.0,0.08228899538516998,0.0001,136810
183,547428,86.62155820999996,2990,0.05,6517,84.0,0.7273284792900085,0.0001,136831
183,547512,86.6240053,2990,0.05,6518,84.0,0.32973772287368774,0.0001,136852
183,547596,86.62102117,2990,0.05,6519,84.0,0.20959170162677765,0.0001,136873
183,547680,86.60358354,2991,0.05,6520,84.0,0.1105528399348259,0.0001,136894
183,547764,86.67828531,2992,0.05,6521,84.0,0.9388855695724487,0.0001,136915
183,547848,86.68078003999999,2992,0.05,6522,84.0,0.2777218818664551,0.0001,136936
183,547932,86.68129272,2993,0.05,6523,84.0,0.11189788579940796,0.0001,136957
183,548016,86.68241786,2993,0.05,6524,84.0,0.1820296049118042,0.0001,136978
183,548100,86.68213245000001,2993,0.05,6525,84.0,0.23055341839790344,0.0001,136999
183,548184,86.68068920000002,2994,0.05,6526,84.0,0.18331074714660645,0.0001,137020
183,548268,86.67231461,2994,0.05,6527,84.0,0.6034771203994751,0.0001,137041
183,548352,86.67253666,2995,0.05,6528,84.0,0.5236133933067322,0.0001,137062
183,548436,86.67440203000002,2995,0.05,6529,84.0,4.390666961669922,0.0001,137083
183,548520,86.67655235000002,2996,0.05,6530,84.0,4.338587760925293,0.0001,137104
183,548604,86.71296435999999,2996,0.05,6531,84.0,0.08740086853504181,0.0001,137125
183,548688,86.71138439,2997,0.05,6532,84.0,0.2672015428543091,0.0001,137146
183,548772,86.71621035,2997,0.05,6533,84.0,0.3088204562664032,0.0001,137167
183,548856,86.71759239000001,2998,0.05,6534,84.0,0.06975731253623962,0.0001,137188
183,548940,86.71528719000001,2998,0.05,6535,84.0,0.3678503632545471,0.0001,137209
183,549024,86.71629842000002,2999,0.05,6536,84.0,0.09047695249319077,0.0001,137230
183,549108,86.71122514000001,2999,0.05,6537,84.0,4.746339321136475,0.0001,137251
183,549192,86.71327315999999,3000,0.05,6538,84.0,0.3684632182121277,0.0001,137272
183,549276,86.71112685,3000,0.05,6539,84.0,4.60206413269043,0.0001,137293
183,549360,86.72453497000001,3001,0.05,6540,84.0,0.3279152810573578,0.0001,137314
183,549444,86.73189914000002,3001,0.05,6541,84.0,0.4076541066169739,0.0001,137335
183,549528,86.74350229000001,3002,0.05,6542,84.0,4.795125961303711,0.0001,137356
183,549612,86.67203194,3002,0.05,6543,84.0,4.668262481689453,0.0001,137377
183,549696,86.67532338999999,3003,0.05,6544,84.0,0.3267190456390381,0.0001,137398
183,549780,86.67998288999999,3003,0.05,6545,84.0,0.1013360396027565,0.0001,137419
183,549864,86.67762902999999,3004,0.05,6546,84.0,4.752080917358398,0.0001,137440
183,549948,86.68848785999998,3004,0.05,6547,84.0,4.155233383178711,0.0001,137461
183,550032,86.69133434999999,3005,0.05,6548,84.0,4.721815586090088,0.0001,137482
183,550116,86.68682405,3005,0.05,6549,84.0,0.2832174599170685,0.0001,137503
183,550200,86.68112456,3006,0.05,6550,84.0,0.16395039856433868,0.0001,137524
183,550284,86.68487329000001,3006,0.05,6551,84.0,0.5449331402778625,0.0001,137545
183,550368,86.67518450000001,3007,0.05,6552,84.0,0.20803698897361755,0.0001,137566
183,550452,86.67309434,3007,0.05,6553,84.0,4.418853759765625,0.0001,137587
183,550536,86.67851372999999,3008,0.05,6554,84.0,0.08215858042240143,0.0001,137608
183,550620,86.67867485999999,3008,0.05,6555,84.0,0.1424417942762375,0.0001,137629
183,550704,86.68692451999999,3009,0.05,6556,84.0,0.5554763078689575,0.0001,137650
182,550788,86.66750286999999,3009,0.05,6557,84.0,0.8131657838821411,0.0001,137671
182,550872,86.68045462,3010,0.05,6558,84.0,0.36974576115608215,0.0001,137692
182,550956,86.68204577,3010,0.05,6559,84.0,4.3746418952941895,0.0001,137713
182,551040,86.65970830999998,3011,0.05,6560,84.0,0.17363640666007996,0.0001,137734
183,551124,86.68026524000001,3011,0.05,6561,84.0,4.6479082107543945,0.0001,137755
183,551208,86.67581134,3012,0.05,6562,84.0,0.33367568254470825,0.0001,137776
182,551292,86.67538678000001,3012,0.05,6563,84.0,9.047593116760254,0.0001,137797
182,551376,86.67507905000002,3013,0.05,6564,84.0,4.640878677368164,0.0001,137818
182,551460,86.68570917000002,3013,0.05,6565,84.0,0.11677674204111099,0.0001,137839
182,551544,86.68231877,3014,0.05,6566,84.0,4.849825859069824,0.0001,137860
182,551628,86.68723669,3014,0.05,6567,84.0,0.09427101910114288,0.0001,137881
182,551712,86.70791545,3014,0.05,6568,84.0,0.28003525733947754,0.0001,137902
182,551796,86.69431812,3015,0.05,6569,84.0,0.34793224930763245,0.0001,137923
182,551880,86.68617408,3015,0.05,6570,84.0,9.332183837890625,0.0001,137944
182,551964,86.69182153999998,3016,0.05,6571,84.0,4.3217973709106445,0.0001,137965
182,552048,86.69131058999997,3016,0.05,6572,84.0,4.5667924880981445,0.0001,137986
182,552132,86.69224021999999,3017,0.05,6573,84.0,0.4350423216819763,0.0001,138007
182,552216,86.68458494000001,3017,0.05,6574,84.0,0.2938481569290161,0.0001,138028
182,552300,86.68477912,3018,0.05,6575,84.0,0.1327226608991623,0.0001,138049
182,552384,86.68648207,3018,0.05,6576,84.0,0.273327499628067,0.0001,138070
182,552468,86.69279828,3019,0.05,6577,84.0,0.10732483863830566,0.0001,138091
182,552552,86.69396428,3019,0.05,6578,84.0,4.632876873016357,0.0001,138112
182,552636,86.69113422000001,3020,0.05,6579,84.0,0.13346710801124573,0.0001,138133
182,552720,86.68641087,3020,0.05,6580,84.0,0.2847502827644348,0.0001,138154
182,552804,86.70536724,3021,0.05,6581,84.0,0.10499294102191925,0.0001,138175
182,552888,86.71003381,3021,0.05,6582,84.0,0.23667584359645844,0.0001,138196
182,552972,86.71275623000001,3022,0.05,6583,84.0,0.16211450099945068,0.0001,138217
182,553056,86.70155454000002,3022,0.05,6584,84.0,9.079894065856934,0.0001,138238
182,553140,86.68301797000002,3023,0.05,6585,84.0,0.2924175262451172,0.0001,138259
182,553224,86.68366564,3023,0.05,6586,84.0,0.08734622597694397,0.0001,138280
182,553308,86.68702942000002,3024,0.05,6587,84.0,4.678009033203125,0.0001,138301
182,553392,86.69124310000001,3024,0.05,6588,84.0,0.299275666475296,0.0001,138322
182,553476,86.69130842,3025,0.05,6589,84.0,0.3211487829685211,0.0001,138343
182,553560,86.70995779,3025,0.05,6590,84.0,0.09691250324249268,0.0001,138364
182,553644,86.70685403999998,3026,0.05,6591,84.0,0.08904965221881866,0.0001,138385
182,553728,86.71506622000001,3026,0.05,6592,84.0,4.477162837982178,0.0001,138406
182,553812,86.69820202,3027,0.05,6593,84.0,8.710433959960938,0.0001,138427
182,553896,86.69905073000001,3027,0.05,6594,84.0,0.22094331681728363,0.0001,138448
182,553980,86.70358033000001,3028,0.05,6595,84.0,0.3023870885372162,0.0001,138469
182,554064,86.70326531000002,3028,0.05,6596,84.0,0.41154879331588745,0.0001,138490
182,554148,86.70464014000001,3029,0.05,6597,84.0,0.1640516221523285,0.0001,138511
182,554232,86.72135514000003,3029,0.05,6598,84.0,0.3446907699108124,0.0001,138532
182,554316,86.72448856000003,3029,0.05,6599,84.0,0.090323805809021,0.0001,138553
182,554400,86.72571089000003,3030,0.05,6600,84.0,0.20232509076595306,0.0001,138574
182,554484,86.74177111,3031,0.05,6601,84.0,0.06938613206148148,0.0001,138595
182,554568,86.74643245000001,3031,0.05,6602,84.0,4.449336051940918,0.0001,138616
182,554652,86.75001271000001,3031,0.05,6603,84.0,9.226630210876465,0.0001,138637
182,554736,86.74916449000003,3032,0.05,6604,84.0,0.11131294816732407,0.0001,138658
182,554820,86.79239423000001,3032,0.05,6605,84.0,0.8948318958282471,0.0001,138679
182,554904,86.79110952,3033,0.05,6606,84.0,0.17724168300628662,0.0001,138700
182,554988,86.79452289,3033,0.05,6607,84.0,9.081056594848633,0.0001,138721
182,555072,86.78187295,3034,0.05,6608,84.0,4.883511066436768,0.0001,138742
182,555156,86.78136087999998,3034,0.05,6609,84.0,0.060111843049526215,0.0001,138763
182,555240,86.78019917999998,3035,0.05,6610,84.0,0.39934590458869934,0.0001,138784
182,555324,86.78930839,3035,0.05,6611,84.0,0.12581183016300201,0.0001,138805
182,555408,86.79333440999999,3036,0.05,6612,84.0,0.1850556582212448,0.0001,138826
182,555492,86.79729253,3036,0.05,6613,84.0,4.104004859924316,0.0001,138847
182,555576,86.80684212,3037,0.05,6614,84.0,0.0723322331905365,0.0001,138868
182,555660,86.80737267,3037,0.05,6615,84.0,0.16060248017311096,0.0001,138889
182,555744,86.80544862,3038,0.05,6616,84.0,4.099837779998779,0.0001,138910
182,555828,86.80717134999999,3038,0.05,6617,84.0,0.3353798985481262,0.0001,138931
182,555912,86.80688734999998,3039,0.05,6618,84.0,0.3780270516872406,0.0001,138952
182,555996,86.80557431999999,3039,0.05,6619,84.0,0.06739060580730438,0.0001,138973
182,556080,86.83080533999998,3040,0.05,6620,84.0,0.3515353798866272,0.0001,138994
182,556164,86.84138860000002,3040,0.05,6621,84.0,13.42680549621582,0.0001,139015
182,556248,86.84254910000001,3041,0.05,6622,84.0,0.32580339908599854,0.0001,139036
182,556332,86.84373544000002,3041,0.05,6623,84.0,0.11464092135429382,0.0001,139057
182,556416,86.83511681,3042,0.05,6624,84.0,4.548309326171875,0.0001,139078
182,556500,86.81563863000001,3042,0.05,6625,84.0,0.12035447359085083,0.0001,139099
182,556584,86.82861024000002,3043,0.05,6626,84.0,0.09778760373592377,0.0001,139120
182,556668,86.85316195000001,3043,0.05,6627,84.0,0.6746381521224976,0.0001,139141
182,556752,86.85219656000001,3044,0.05,6628,84.0,4.330202102661133,0.0001,139162
182,556836,86.85053769000002,3044,0.05,6629,84.0,0.5746647119522095,0.0001,139183
182,556920,86.84810637000002,3045,0.05,6630,84.0,0.15552622079849243,0.0001,139204
182,557004,86.81346088000002,3045,0.05,6631,84.0,4.79685115814209,0.0001,139225
182,557088,86.83011605,3046,0.05,6632,84.0,4.135009288787842,0.0001,139246
182,557172,86.83304992000001,3046,0.05,6633,84.0,0.43841326236724854,0.0001,139267
182,557256,86.83382841000001,3047,0.05,6634,84.0,0.9231551885604858,0.0001,139288
182,557340,86.82880932000002,3047,0.05,6635,84.0,0.39135611057281494,0.0001,139309
182,557424,86.83507186000001,3048,0.05,6636,84.0,0.3019407093524933,0.0001,139330
182,557508,86.83365313000002,3048,0.05,6637,84.0,0.14056502282619476,0.0001,139351
182,557592,86.83070533,3049,0.05,6638,84.0,4.934782028198242,0.0001,139372
182,557676,86.83238325,3049,0.05,6639,84.0,0.09051232039928436,0.0001,139393
182,557760,86.82936266,3050,0.05,6640,84.0,4.937040328979492,0.0001,139414
182,557844,86.82883203000002,3050,0.05,6641,84.0,0.21475711464881897,0.0001,139435
182,557928,86.82989443999999,3051,0.05,6642,84.0,0.12764015793800354,0.0001,139456
182,558012,86.88954427,3051,0.05,6643,84.0,4.768573760986328,0.0001,139477
182,558096,86.88790731,3051,0.05,6644,84.0,4.304477214813232,0.0001,139498
182,558180,86.88327311,3052,0.05,6645,84.0,0.33385616540908813,0.0001,139519
182,558264,86.88222861000003,3052,0.05,6646,84.0,4.387389183044434,0.0001,139540
182,558348,86.8807048,3053,0.05,6647,84.0,4.372241020202637,0.0001,139561
182,558432,86.88241156,3054,0.05,6648,84.0,0.14681768417358398,0.0001,139582
182,558516,86.87782148000001,3054,0.05,6649,84.0,0.5402485728263855,0.0001,139603
182,558600,86.8836452,3054,0.05,6650,84.0,0.3029614984989166,0.0001,139624
182,558684,86.86470833000001,3055,0.05,6651,84.0,5.171847820281982,0.0001,139645
182,558768,86.86514176,3055,0.05,6652,84.0,0.368023157119751,0.0001,139666
182,558852,86.86142554999998,3056,0.05,6653,84.0,0.1289883553981781,0.0001,139687
182,558936,86.83386807000001,3056,0.05,6654,84.0,9.057019233703613,0.0001,139708
182,559020,86.84092553,3057,0.05,6655,84.0,0.27505049109458923,0.0001,139729
182,559104,86.84213993000002,3057,0.05,6656,84.0,0.12514571845531464,0.0001,139750
182,559188,86.85914644999998,3058,0.05,6657,84.0,5.127429962158203,0.0001,139771
182,559272,86.86288957000001,3058,0.05,6658,84.0,0.28047823905944824,0.0001,139792
182,559356,86.86455815000001,3059,0.05,6659,84.0,4.525287628173828,0.0001,139813
182,559440,86.88520475000001,3059,0.05,6660,84.0,0.1035316213965416,0.0001,139834
182,559524,86.87515889000001,3060,0.05,6661,84.0,0.2125529646873474,0.0001,139855
182,559608,86.87314218999998,3060,0.05,6662,84.0,4.8479766845703125,0.0001,139876
182,559692,86.87012539,3061,0.05,6663,84.0,0.7046248912811279,0.0001,139897
182,559776,86.87171316000001,3061,0.05,6664,84.0,0.21911945939064026,0.0001,139918
182,559860,86.86626141,3062,0.05,6665,84.0,4.8852338790893555,0.0001,139939
182,559944,86.87194049000001,3062,0.05,6666,84.0,0.24358516931533813,0.0001,139960
182,560028,86.86846359,3063,0.05,6667,84.0,0.1249820739030838,0.0001,139981
182,560112,86.87268779999998,3063,0.05,6668,84.0,0.30273133516311646,0.0001,140002
182,560196,86.89334490999998,3064,0.05,6669,84.0,0.10743824392557144,0.0001,140023
182,560280,86.89797789,3064,0.05,6670,84.0,0.08472713828086853,0.0001,140044
182,560364,86.89661011999999,3065,0.05,6671,84.0,0.1718553900718689,0.0001,140065
182,560448,86.90396174999998,3065,0.05,6672,84.0,4.524095058441162,0.0001,140086
182,560532,86.90078521,3066,0.05,6673,84.0,0.10101509839296341,0.0001,140107
182,560616,86.90706456000002,3066,0.05,6674,84.0,4.844412803649902,0.0001,140128
182,560700,86.90275,3067,0.05,6675,84.0,0.05963236838579178,0.0001,140149
182,560784,86.91729293,3067,0.05,6676,84.0,0.521604597568512,0.0001,140170
182,560868,86.92260328000002,3068,0.05,6677,84.0,4.668656349182129,0.0001,140191
182,560952,86.92402031000002,3068,0.05,6678,84.0,0.27260178327560425,0.0001,140212
182,561036,86.91154259000002,3069,0.05,6679,84.0,0.6596600413322449,0.0001,140233
182,561120,86.91286957000003,3069,0.05,6680,84.0,0.11342068016529083,0.0001,140254
182,561204,86.90875245000001,3070,0.05,6681,84.0,0.15382596850395203,0.0001,140275
182,561288,86.90065083000002,3070,0.05,6682,84.0,0.38682329654693604,0.0001,140296
182,561372,86.89462952,3071,0.05,6683,84.0,4.121136665344238,0.0001,140317
182,561456,86.89919795000002,3071,0.05,6684,84.0,0.2546437978744507,0.0001,140338
182,561540,86.89628789000002,3072,0.05,6685,84.0,0.09746956080198288,0.0001,140359
182,561624,86.89263533000003,3072,0.05,6686,84.0,0.10848397016525269,0.0001,140380
182,561708,86.89177757000002,3073,0.05,6687,84.0,0.17592574656009674,0.0001,140401
182,561792,86.88616376000002,3073,0.05,6688,84.0,0.331760048866272,0.0001,140422
182,561876,86.88813806000002,3073,0.05,6689,84.0,0.16707871854305267,0.0001,140443
182,561960,86.86620729000002,3074,0.05,6690,84.0,0.10381728410720825,0.0001,140464
182,562044,86.86967514,3074,0.05,6691,84.0,0.1528523862361908,0.0001,140485
182,562128,86.86972322,3075,0.05,6692,84.0,0.09999305009841919,0.0001,140506
182,562212,86.88644096,3075,0.05,6693,84.0,0.3399244546890259,0.0001,140527
182,562296,86.89828051,3076,0.05,6694,84.0,0.062014300376176834,0.0001,140548
182,562380,86.89720253000002,3076,0.05,6695,84.0,0.7139090299606323,0.0001,140569
182,562464,86.89933882000003,3077,0.05,6696,84.0,0.08803585171699524,0.0001,140590
182,562548,86.90172456000002,3077,0.05,6697,84.0,4.6902642250061035,0.0001,140611
182,562632,86.90164134000001,3078,0.05,6698,84.0,0.10220351070165634,0.0001,140632
182,562716,86.89480232,3078,0.05,6699,84.0,0.13860255479812622,0.0001,140653
182,562800,86.89063349,3079,0.05,6700,84.0,0.1492428183555603,0.0001,140674
182,562884,86.87666026999999,3079,0.05,6701,84.0,0.6306265592575073,0.0001,140695
182,562968,86.87502110999999,3080,0.05,6702,84.0,4.937614440917969,0.0001,140716
182,563052,86.86941671000001,3080,0.05,6703,84.0,4.304433345794678,0.0001,140737
182,563136,86.86827648,3081,0.05,6704,84.0,5.0965495109558105,0.0001,140758
182,563220,86.85346437000003,3081,0.05,6705,84.0,0.4567696750164032,0.0001,140779
182,563304,86.85095345000002,3082,0.05,6706,84.0,0.3233785629272461,0.0001,140800
182,563388,86.85071583000001,3082,0.05,6707,84.0,4.414946556091309,0.0001,140821
182,563472,86.85276172,3083,0.05,6708,84.0,3.9853076934814453,0.0001,140842
182,563556,86.85138934999999,3083,0.05,6709,84.0,0.13224709033966064,0.0001,140863
182,563640,86.8586173,3084,0.05,6710,84.0,0.4860806167125702,0.0001,140884
182,563724,86.85704103000002,3084,0.05,6711,84.0,0.14743341505527496,0.0001,140905
182,563808,86.86310669000001,3085,0.05,6712,84.0,8.436245918273926,0.0001,140926
182,563892,86.86550838000001,3085,0.05,6713,84.0,0.35635384917259216,0.0001,140947
182,563976,86.86728375000001,3086,0.05,6714,84.0,4.1470513343811035,0.0001,140968
182,564060,86.86643448,3086,0.05,6715,84.0,5.128469467163086,0.0001,140989
182,564144,86.86679127,3087,0.05,6716,84.0,4.192711353302002,0.0001,141010
182,564228,86.86428985,3087,0.05,6717,84.0,0.33935782313346863,0.0001,141031
182,564312,86.86635257999998,3088,0.05,6718,84.0,0.10290178656578064,0.0001,141052
182,564396,86.87025012,3088,0.05,6719,84.0,0.216313898563385,0.0001,141073
182,564480,86.87190228,3089,0.05,6720,84.0,9.094613075256348,0.0001,141094
182,564564,86.8683583,3089,0.05,6721,84.0,0.33669206500053406,0.0001,141115
182,564648,86.86513466999999,3090,0.05,6722,84.0,0.10240280628204346,0.0001,141136
182,564732,86.86118981999999,3090,0.05,6723,84.0,0.5673214793205261,0.0001,141157
182,564816,86.87291843999999,3091,0.05,6724,84.0,4.498241424560547,0.0001,141178
182,564900,86.88647948999999,3091,0.05,6725,84.0,4.4480156898498535,0.0001,141199
182,564984,86.87568526999999,3091,0.05,6726,84.0,0.5193329453468323,0.0001,141220
182,565068,86.87284988000002,3092,0.05,6727,84.0,0.5943043231964111,0.0001,141241
182,565152,86.86863810000001,3092,0.05,6728,84.0,0.834236204624176,0.0001,141262
182,565236,86.86595754999999,3093,0.05,6729,84.0,4.769557952880859,0.0001,141283
182,565320,86.87627504,3093,0.05,6730,84.0,0.1264360398054123,0.0001,141304
182,565404,86.91125879,3094,0.05,6731,84.0,0.5388198494911194,0.0001,141325
182,565488,86.89522404000002,3094,0.05,6732,84.0,0.07279172539710999,0.0001,141346
182,565572,86.89030118,3095,0.05,6733,84.0,0.29567378759384155,0.0001,141367
182,565656,86.89353053999999,3095,0.05,6734,84.0,0.11042949557304382,0.0001,141388
182,565740,86.88346096000001,3096,0.05,6735,84.0,4.706883907318115,0.0001,141409
182,565824,86.87573314000001,3096,0.05,6736,84.0,4.51350212097168,0.0001,141430
182,565908,86.81973683000002,3097,0.05,6737,84.0,0.08184978365898132,0.0001,141451
182,565992,86.81954485000001,3097,0.05,6738,84.0,0.2673891484737396,0.0001,141472
182,566076,86.82357038000004,3098,0.05,6739,84.0,0.3145453929901123,0.0001,141493
182,566160,86.83182854,3098,0.05,6740,84.0,0.12091675400733948,0.0001,141514
182,566244,86.83161908000002,3099,0.05,6741,84.0,4.304722309112549,0.0001,141535
182,566328,86.83104897000001,3100,0.05,6742,84.0,0.14152902364730835,0.0001,141556
182,566412,86.83139012,3100,0.05,6743,84.0,0.28275904059410095,0.0001,141577
182,566496,86.83861905999998,3101,0.05,6744,84.0,4.353774070739746,0.0001,141598
182,566580,86.82817544999997,3101,0.05,6745,84.0,0.28873032331466675,0.0001,141619
182,566664,86.83282565999998,3102,0.05,6746,84.0,4.745116710662842,0.0001,141640
182,566748,86.837142,3102,0.05,6747,84.0,0.2815672755241394,0.0001,141661
182,566832,86.83652314999999,3103,0.05,6748,84.0,9.20302963256836,0.0001,141682
182,566916,86.84316856,3103,0.05,6749,84.0,0.5595563650131226,0.0001,141703
182,567000,86.83958176,3104,0.05,6750,84.0,0.06911204755306244,0.0001,141724
182,567084,86.85549858,3104,0.05,6751,84.0,0.4591234028339386,0.0001,141745
182,567168,86.86138656000001,3105,0.05,6752,84.0,0.34038710594177246,0.0001,141766
182,567252,86.86645735000002,3105,0.05,6753,84.0,0.5453513860702515,0.0001,141787
182,567336,86.85874273000002,3105,0.05,6754,84.0,0.09832862764596939,0.0001,141808
182,567420,86.85386150000001,3106,0.05,6755,84.0,0.09087115526199341,0.0001,141829
182,567504,86.84959899999998,3106,0.05,6756,84.0,0.574302613735199,0.0001,141850
182,567588,86.84855016,3107,0.05,6757,84.0,0.40518587827682495,0.0001,141871
182,567672,86.84227896,3107,0.05,6758,84.0,4.704813003540039,0.0001,141892
182,567756,86.83824598,3108,0.05,6759,84.0,4.9397711753845215,0.0001,141913
182,567840,86.83647766000001,3108,0.05,6760,84.0,4.1218414306640625,0.0001,141934
182,567924,86.83827894,3109,0.05,6761,84.0,0.2546650469303131,0.0001,141955
182,568008,86.84268075,3109,0.05,6762,84.0,4.566128730773926,0.0001,141976
182,568092,86.84381918,3110,0.05,6763,84.0,0.26615846157073975,0.0001,141997
182,568176,86.84964892999999,3110,0.05,6764,84.0,0.1800699383020401,0.0001,142018
182,568260,86.85508357,3111,0.05,6765,84.0,0.07809947431087494,0.0001,142039
182,568344,86.86184497999999,3111,0.05,6766,84.0,0.28794151544570923,0.0001,142060
182,568428,86.85726102000001,3112,0.05,6767,84.0,0.7464292049407959,0.0001,142081
182,568512,86.85287324999999,3112,0.05,6768,84.0,4.502186298370361,0.0001,142102
182,568596,86.84750366999998,3113,0.05,6769,84.0,8.608360290527344,0.0001,142123
182,568680,86.85430158999999,3113,0.05,6770,84.0,0.14591729640960693,0.0001,142144
182,568764,86.85200108999999,3114,0.05,6771,84.0,13.089803695678711,0.0001,142165
182,568848,86.84001746000001,3114,0.05,6772,84.0,0.10022707283496857,0.0001,142186
182,568932,86.84192393000001,3115,0.05,6773,84.0,4.66970682144165,0.0001,142207
182,569016,86.84333312000001,3115,0.05,6774,84.0,0.4420352578163147,0.0001,142228
182,569100,86.83045634000001,3116,0.05,6775,84.0,0.08956882357597351,0.0001,142249
182,569184,86.81341266000001,3116,0.05,6776,84.0,0.1565353274345398,0.0001,142270
182,569268,86.80182225,3117,0.05,6777,84.0,0.40217524766921997,0.0001,142291
182,569352,86.79996306,3117,0.05,6778,84.0,0.36685508489608765,0.0001,142312
182,569436,86.81124645999998,3118,0.05,6779,84.0,0.3445267677307129,0.0001,142333
182,569520,86.81860095,3118,0.05,6780,84.0,4.703752040863037,0.0001,142354
182,569604,86.82281049999997,3119,0.05,6781,84.0,0.3646472990512848,0.0001,142375
182,569688,86.82382651999998,3119,0.05,6782,84.0,0.2645813822746277,0.0001,142396
182,569772,86.82862301999998,3120,0.05,6783,84.0,0.09060334414243698,0.0001,142417
182,569856,86.82178704999998,3120,0.05,6784,84.0,0.16223639249801636,0.0001,142438
182,569940,86.84677093,3121,0.05,6785,84.0,0.3778020739555359,0.0001,142459
182,570024,86.83029832000003,3121,0.05,6786,84.0,9.399161338806152,0.0001,142480
182,570108,86.8304947,3122,0.05,6787,84.0,0.3599255681037903,0.0001,142501
182,570192,86.81803131000001,3122,0.05,6788,84.0,0.08712980151176453,0.0001,142522
182,570276,86.81598593999999,3123,0.05,6789,84.0,4.991179943084717,0.0001,142543
182,570360,86.83566058999999,3123,0.05,6790,84.0,0.09187473356723785,0.0001,142564
182,570444,86.83341880999998,3124,0.05,6791,84.0,0.6695367097854614,0.0001,142585
182,570528,86.83187120999999,3124,0.05,6792,84.0,4.719627857208252,0.0001,142606
182,570612,86.83783849,3125,0.05,6793,84.0,0.25804561376571655,0.0001,142627
182,570696,86.81929004999998,3125,0.05,6794,84.0,4.506600379943848,0.0001,142648
182,570780,86.81639379,3126,0.05,6795,84.0,4.13638973236084,0.0001,142669
182,570864,86.81656355999998,3126,0.05,6796,84.0,0.09734074771404266,0.0001,142690
182,570948,86.81349311,3127,0.05,6797,84.0,0.07825407385826111,0.0001,142711
182,571032,86.81551402999999,3127,0.05,6798,84.0,0.33713066577911377,0.0001,142732
182,571116,86.81580778000001,3127,0.05,6799,84.0,0.11148254573345184,0.0001,142753
182,571200,86.81883705,3128,0.05,6800,84.0,0.5452005863189697,0.0001,142774
182,571284,86.83311841000001,3128,0.05,6801,84.0,0.46102088689804077,0.0001,142795
182,571368,86.82935737999998,3129,0.05,6802,84.0,0.550155758857727,0.0001,142816
182,571452,86.83227959,3129,0.05,6803,84.0,0.11057449132204056,0.0001,142837
182,571536,86.83586419000001,3130,0.05,6804,84.0,0.9936327934265137,0.0001,142858
182,571620,86.83169839,3130,0.05,6805,84.0,0.19523844122886658,0.0001,142879
182,571704,86.82933690999998,3131,0.05,6806,84.0,4.553221702575684,0.0001,142900
182,571788,86.83043227999998,3131,0.05,6807,84.0,0.18401369452476501,0.0001,142921
182,571872,86.8010723,3132,0.05,6808,84.0,10.001408576965332,0.0001,142942
182,571956,86.80231255999999,3132,0.05,6809,84.0,0.18537326157093048,0.0001,142963
182,572040,86.79687130999999,3133,0.05,6810,84.0,0.34549352526664734,0.0001,142984
182,572124,86.80376184999999,3133,0.05,6811,84.0,0.33100536465644836,0.0001,143005
182,572208,86.79802778999999,3134,0.05,6812,84.0,4.656222820281982,0.0001,143026
182,572292,86.79444109000002,3134,0.05,6813,84.0,0.4105686843395233,0.0001,143047
182,572376,86.79498124,3135,0.05,6814,84.0,5.260724067687988,0.0001,143068
182,572460,86.79547892999999,3135,0.05,6815,84.0,0.6425391435623169,0.0001,143089
182,572544,86.79555415,3136,0.05,6816,84.0,0.3885263502597809,0.0001,143110
182,572628,86.79514408000003,3136,0.05,6817,84.0,0.4728447496891022,0.0001,143131
182,572712,86.79340309000001,3137,0.05,6818,84.0,0.34551480412483215,0.0001,143152
182,572796,86.78169150000002,3137,0.05,6819,84.0,0.2985283434391022,0.0001,143173
182,572880,86.78179841,3138,0.05,6820,84.0,0.3767390847206116,0.0001,143194
182,572964,86.78519640999998,3138,0.05,6821,84.0,0.10666239261627197,0.0001,143215
182,573048,86.77356822,3139,0.05,6822,84.0,9.434436798095703,0.0001,143236
182,573132,86.77627171,3139,0.05,6823,84.0,0.5037586688995361,0.0001,143257
182,573216,86.77076063,3140,0.05,6824,84.0,0.387603759765625,0.0001,143278
182,573300,86.77051634,3140,0.05,6825,84.0,0.1747373640537262,0.0001,143299
182,573384,86.77679416999999,3141,0.05,6826,84.0,9.124207496643066,0.0001,143320
182,573468,86.78038643,3141,0.05,6827,84.0,0.6213281154632568,0.0001,143341
182,573552,86.76567548999999,3142,0.05,6828,84.0,0.36986494064331055,0.0001,143362
182,573636,86.76890633,3142,0.05,6829,84.0,0.2991662919521332,0.0001,143383
182,573720,86.75925326999999,3143,0.05,6830,84.0,0.7372410297393799,0.0001,143404
182,573804,86.75513871000001,3144,0.05,6831,84.0,4.385071277618408,0.0001,143425
182,573888,86.74722263000001,3144,0.05,6832,84.0,0.25580689311027527,0.0001,143446
182,573972,86.74685936000002,3144,0.05,6833,84.0,9.151517868041992,0.0001,143467
182,574056,86.74549692000001,3145,0.05,6834,84.0,0.10443437099456787,0.0001,143488
182,574140,86.76514698,3145,0.05,6835,84.0,4.298508644104004,0.0001,143509
182,574224,86.77494415999998,3146,0.05,6836,84.0,0.5839905738830566,0.0001,143530
182,574308,86.84237502999997,3146,0.05,6837,84.0,0.1053357645869255,0.0001,143551
182,574392,86.84039169999998,3147,0.05,6838,84.0,0.2760583162307739,0.0001,143572
182,574476,86.83418040999999,3147,0.05,6839,84.0,0.23391148447990417,0.0001,143593
182,574560,86.82855286,3148,0.05,6840,84.0,0.41440364718437195,0.0001,143614
182,574644,86.82615326999999,3148,0.05,6841,84.0,4.513129711151123,0.0001,143635
182,574728,86.82702401,3149,0.05,6842,84.0,4.489831924438477,0.0001,143656
182,574812,86.83369030000001,3149,0.05,6843,84.0,0.14095479249954224,0.0001,143677
182,574896,86.82832944,3150,0.05,6844,84.0,0.16406548023223877,0.0001,143698
182,574980,86.83909393,3150,0.05,6845,84.0,0.3074675500392914,0.0001,143719
182,575064,86.84071670999998,3151,0.05,6846,84.0,0.7313212752342224,0.0001,143740
182,575148,86.84010658999999,3151,0.05,6847,84.0,0.2921236455440521,0.0001,143761
182,575232,86.83458809999998,3152,0.05,6848,84.0,0.34331968426704407,0.0001,143782
182,575316,86.83377797999998,3152,0.05,6849,84.0,0.36319342255592346,0.0001,143803
182,575400,86.83763192,3153,0.05,6850,84.0,4.648312568664551,0.0001,143824
182,575484,86.83750809999998,3153,0.05,6851,84.0,0.5955104827880859,0.0001,143845
182,575568,86.84456006999999,3154,0.05,6852,84.0,0.08707527071237564,0.0001,143866
182,575652,86.84640141999998,3154,0.05,6853,84.0,0.5651566386222839,0.0001,143887
182,575736,86.86042051999999,3155,0.05,6854,84.0,0.09747348725795746,0.0001,143908
182,575820,86.86150123999998,3155,0.05,6855,84.0,4.342113494873047,0.0001,143929
182,575904,86.8656429,3156,0.05,6856,84.0,4.839631080627441,0.0001,143950
182,575988,86.86363851999998,3156,0.05,6857,84.0,0.17788201570510864,0.0001,143971
182,576072,86.86180853,3157,0.05,6858,84.0,0.18322695791721344,0.0001,143992
182,576156,86.85201268999998,3157,0.05,6859,84.0,4.365029811859131,0.0001,144013
182,576240,86.86652378999999,3158,0.05,6860,84.0,0.5990413427352905,0.0001,144034
182,576324,86.8691301,3158,0.05,6861,84.0,0.11412502825260162,0.0001,144055
182,576408,86.86431355000002,3159,0.05,6862,84.0,0.6153382658958435,0.0001,144076
182,576492,86.86353161000001,3159,0.05,6863,84.0,4.308739185333252,0.0001,144097
182,576576,86.85687724000002,3160,0.05,6864,84.0,0.3537062108516693,0.0001,144118
182,576660,86.86194243,3160,0.05,6865,84.0,0.5816504955291748,0.0001,144139
182,576744,86.86230109,3160,0.05,6866,84.0,0.11063429713249207,0.0001,144160
182,576828,86.85970377999998,3161,0.05,6867,84.0,0.32806503772735596,0.0001,144181
182,576912,86.86319588999997,3161,0.05,6868,84.0,0.4827533960342407,0.0001,144202
182,576996,86.86064624999999,3162,0.05,6869,84.0,0.35760077834129333,0.0001,144223
182,577080,86.85636182,3162,0.05,6870,84.0,1.2361242771148682,0.0001,144244
182,577164,86.85986164,3163,0.05,6871,84.0,4.618523597717285,0.0001,144265
182,577248,86.86406654999999,3163,0.05,6872,84.0,0.2357928454875946,0.0001,144286
182,577332,86.86650519999999,3164,0.05,6873,84.0,0.06921084225177765,0.0001,144307
182,577416,86.86583555999998,3164,0.05,6874,84.0,4.418173789978027,0.0001,144328
182,577500,86.88755262999999,3165,0.05,6875,84.0,0.08935956656932831,0.0001,144349
182,577584,86.89532121000002,3165,0.05,6876,84.0,0.35885006189346313,0.0001,144370
182,577668,86.90796974000001,3166,0.05,6877,84.0,4.487250328063965,0.0001,144391
182,577752,86.90634903,3166,0.05,6878,84.0,0.17532801628112793,0.0001,144412
182,577836,86.90917955,3167,0.05,6879,84.0,0.09422922879457474,0.0001,144433
182,577920,86.90585125,3167,0.05,6880,84.0,0.43518608808517456,0.0001,144454
182,578004,86.90671395000001,3168,0.05,6881,84.0,0.20490987598896027,0.0001,144475
182,578088,86.90757260000001,3168,0.05,6882,84.0,4.74353551864624,0.0001,144496
182,578172,86.90518434000002,3169,0.05,6883,84.0,0.8036103844642639,0.0001,144517
182,578256,86.91009374000001,3169,0.05,6884,84.0,5.2342634201049805,0.0001,144538
182,578340,86.91298463999999,3170,0.05,6885,84.0,0.3879117965698242,0.0001,144559
182,578424,86.91972940999999,3170,0.05,6886,84.0,0.5898333191871643,0.0001,144580
182,578508,86.91841219,3171,0.05,6887,84.0,0.1063086986541748,0.0001,144601
182,578592,86.93826062,3171,0.05,6888,84.0,4.821261405944824,0.0001,144622
182,578676,86.94301533999999,3171,0.05,6889,84.0,17.95954132080078,0.0001,144643
182,578760,86.94070789999999,3172,0.05,6890,84.0,5.001336574554443,0.0001,144664
182,578844,86.95630892999999,3172,0.05,6891,84.0,0.07368632405996323,0.0001,144685
182,578928,86.95659973999999,3173,0.05,6892,84.0,0.18031322956085205,0.0001,144706
182,579012,86.96071754,3173,0.05,6893,84.0,8.832147598266602,0.0001,144727
182,579096,86.96284682,3174,0.05,6894,84.0,0.3301922082901001,0.0001,144748
182,579180,86.95686104,3174,0.05,6895,84.0,0.3597886264324188,0.0001,144769
182,579264,86.94472397,3175,0.05,6896,84.0,0.3744748830795288,0.0001,144790
182,579348,86.94552825999999,3176,0.05,6897,84.0,0.35442718863487244,0.0001,144811
182,579432,86.94373268999998,3176,0.05,6898,84.0,13.686097145080566,0.0001,144832
182,579516,86.94490755999998,3177,0.05,6899,84.0,0.33290448784828186,0.0001,144853
182,579600,86.9444474,3177,0.05,6900,84.0,0.9449889659881592,0.0001,144874
182,579684,86.94690921,3177,0.05,6901,84.0,0.3021721839904785,0.0001,144895
182,579768,86.95185484,3178,0.05,6902,84.0,0.3283522427082062,0.0001,144916
182,579852,86.94210247999999,3178,0.05,6903,84.0,4.399695873260498,0.0001,144937
182,579936,86.94626878,3179,0.05,6904,84.0,0.17218345403671265,0.0001,144958
182,580020,86.94602799999997,3179,0.05,6905,84.0,0.42146918177604675,0.0001,144979
182,580104,86.94654504999997,3180,0.05,6906,84.0,0.6002650856971741,0.0001,145000
182,580188,86.94299385999999,3180,0.05,6907,84.0,0.489760160446167,0.0001,145021
182,580272,86.96977974999999,3181,0.05,6908,84.0,8.593289375305176,0.0001,145042
182,580356,86.96951802,3181,0.05,6909,84.0,4.513075351715088,0.0001,145063
182,580440,86.9722847,3182,0.05,6910,84.0,0.11315542459487915,0.0001,145084
182,580524,86.97995178000001,3182,0.05,6911,84.0,0.06347212940454483,0.0001,145105
182,580608,86.98530012999998,3183,0.05,6912,84.0,0.47540804743766785,0.0001,145126
182,580692,86.98384154,3183,0.05,6913,84.0,4.467977523803711,0.0001,145147
182,580776,86.97434507999998,3184,0.05,6914,84.0,0.328189879655838,0.0001,145168
182,580860,86.97511515000001,3184,0.05,6915,84.0,9.3969087600708,0.0001,145189
182,580944,86.97789433,3185,0.05,6916,84.0,4.394283294677734,0.0001,145210
182,581028,86.98220022,3185,0.05,6917,84.0,0.6243022680282593,0.0001,145231
182,581112,86.99277752,3186,0.05,6918,84.0,0.11665699630975723,0.0001,145252
182,581196,87.00283653999999,3186,0.05,6919,84.0,4.450747013092041,0.0001,145273
182,581280,86.99967031999999,3187,0.05,6920,84.0,4.650506496429443,0.0001,145294
182,581364,86.99426265999999,3187,0.05,6921,84.0,0.19002121686935425,0.0001,145315
182,581448,87.00546276999998,3188,0.05,6922,84.0,4.6524505615234375,0.0001,145336
182,581532,87.00630419999999,3188,0.05,6923,84.0,0.5832536816596985,0.0001,145357
182,581616,87.00735509,3189,0.05,6924,84.0,0.14173537492752075,0.0001,145378
182,581700,87.00458215999997,3189,0.05,6925,84.0,5.012669086456299,0.0001,145399
182,581784,86.99417355,3190,0.05,6926,84.0,4.381446361541748,0.0001,145420
182,581868,86.99297784999999,3190,0.05,6927,84.0,4.288969993591309,0.0001,145441
182,581952,86.996549,3191,0.05,6928,84.0,4.5527191162109375,0.0001,145462
182,582036,87.00904016,3191,0.05,6929,84.0,0.36385178565979004,0.0001,145483
182,582120,87.01145088999999,3192,0.05,6930,84.0,0.33401310443878174,0.0001,145504
182,582204,87.00983045999999,3192,0.05,6931,84.0,0.32732176780700684,0.0001,145525
182,582288,87.00846990999999,3193,0.05,6932,84.0,12.814504623413086,0.0001,145546
182,582372,87.01294379999997,3193,0.05,6933,84.0,0.12416694313287735,0.0001,145567
182,582456,87.00804181,3194,0.05,6934,84.0,0.373788446187973,0.0001,145588
182,582540,86.99923553999999,3194,0.05,6935,84.0,4.565118789672852,0.0001,145609
182,582624,86.99267808999998,3195,0.05,6936,84.0,0.588729739189148,0.0001,145630
182,582708,86.98291558999998,3195,0.05,6937,84.0,0.3185019791126251,0.0001,145651
182,582792,86.99300049999998,3196,0.05,6938,84.0,5.205737113952637,0.0001,145672
182,582876,86.99838906999996,3196,0.05,6939,84.0,4.630532264709473,0.0001,145693
182,582960,86.99875591999997,3197,0.05,6940,84.0,0.34854578971862793,0.0001,145714
182,583044,86.99153375999998,3197,0.05,6941,84.0,4.491293430328369,0.0001,145735
182,583128,86.99541894999999,3198,0.05,6942,84.0,0.8017917275428772,0.0001,145756
182,583212,86.98079639999997,3198,0.05,6943,84.0,4.98345947265625,0.0001,145777
182,583296,86.97999986999999,3199,0.05,6944,84.0,0.29586654901504517,0.0001,145798
182,583380,86.9779309,3199,0.05,6945,84.0,0.08728136122226715,0.0001,145819
182,583464,86.97319039,3200,0.05,6946,84.0,4.6132659912109375,0.0001,145840
182,583548,86.96694369999997,3200,0.05,6947,84.0,4.9624738693237305,0.0001,145861
182,583632,86.96469098,3201,0.05,6948,84.0,0.2627446949481964,0.0001,145882
182,583716,86.96412793999998,3201,0.05,6949,84.0,4.333082675933838,0.0001,145903
182,583800,86.95966514,3202,0.05,6950,84.0,0.3405079245567322,0.0001,145924
182,583884,86.96069849,3202,0.05,6951,84.0,0.32587969303131104,0.0001,145945
182,583968,86.96135921999999,3203,0.05,6952,84.0,4.45737361907959,0.0001,145966
182,584052,86.95647819999998,3203,0.05,6953,84.0,4.737708568572998,0.0001,145987
182,584136,86.97082972999996,3203,0.05,6954,84.0,0.6179858446121216,0.0001,146008
182,584220,86.97202478999999,3204,0.05,6955,84.0,1.2793042659759521,0.0001,146029
182,584304,86.96880997999999,3204,0.05,6956,84.0,4.649590969085693,0.0001,146050
182,584388,86.96863353999998,3205,0.05,6957,84.0,1.1423612833023071,0.0001,146071
182,584472,86.97450692000001,3205,0.05,6958,84.0,0.08361335098743439,0.0001,146092
182,584556,86.98968099000001,3206,0.05,6959,84.0,4.59051513671875,0.0001,146113
182,584640,86.97464647999999,3206,0.05,6960,84.0,0.629558265209198,0.0001,146134
182,584724,86.96979579,3207,0.05,6961,84.0,0.0736539214849472,0.0001,146155
182,584808,86.96348776,3207,0.05,6962,84.0,0.24552959203720093,0.0001,146176
182,584892,86.96946251000001,3208,0.05,6963,84.0,0.4023861885070801,0.0001,146197
182,584976,86.97312778999999,3208,0.05,6964,84.0,0.16628052294254303,0.0001,146218
182,585060,86.97217579,3209,0.05,6965,84.0,0.3301105201244354,0.0001,146239
182,585144,86.96513631999998,3209,0.05,6966,84.0,0.29911109805107117,0.0001,146260
182,585228,86.96649209999995,3210,0.05,6967,84.0,0.3400314748287201,0.0001,146281
182,585312,86.95725841999997,3210,0.05,6968,84.0,0.3731432557106018,0.0001,146302
182,585396,86.92726691,3211,0.05,6969,84.0,4.72161865234375,0.0001,146323
182,585480,86.91472813,3211,0.05,6970,84.0,0.3836727738380432,0.0001,146344
182,585564,86.91418255000002,3212,0.05,6971,84.0,0.5506841540336609,0.0001,146365
182,585648,86.90474123,3212,0.05,6972,84.0,0.5564571619033813,0.0001,146386
182,585732,86.90063538999999,3213,0.05,6973,84.0,0.07740914821624756,0.0001,146407
182,585816,86.89986080999999,3213,0.05,6974,84.0,0.38193196058273315,0.0001,146428
182,585900,86.89284091000002,3214,0.05,6975,84.0,4.66763162612915,0.0001,146449
182,585984,86.88837824000001,3214,0.05,6976,84.0,0.09655468165874481,0.0001,146470
182,586068,86.88467111000004,3215,0.05,6977,84.0,4.871828556060791,0.0001,146491
182,586152,86.88850168,3215,0.05,6978,84.0,0.10220866650342941,0.0001,146512
182,586236,86.89087096000002,3216,0.05,6979,84.0,0.3641185462474823,0.0001,146533
182,586320,86.89243691000001,3216,0.05,6980,84.0,0.12625709176063538,0.0001,146554
182,586404,86.89095958,3217,0.05,6981,84.0,9.412222862243652,0.0001,146575
182,586488,86.888805,3217,0.05,6982,84.0,0.3156006634235382,0.0001,146596
182,586572,86.88893172,3218,0.05,6983,84.0,0.3299098312854767,0.0001,146617
182,586656,86.88284584999998,3218,0.05,6984,84.0,0.35624581575393677,0.0001,146638
182,586740,86.88055638,3219,0.05,6985,84.0,0.1841028779745102,0.0001,146659
182,586824,86.87009782,3219,0.05,6986,84.0,4.248046398162842,0.0001,146680
182,586908,86.8657646,3220,0.05,6987,84.0,8.942119598388672,0.0001,146701
182,586992,86.85877579999999,3220,0.05,6988,84.0,0.1363416463136673,0.0001,146722
182,587076,86.85231269,3221,0.05,6989,84.0,0.16126158833503723,0.0001,146743
182,587160,86.85215737,3221,0.05,6990,84.0,0.36789482831954956,0.0001,146764
182,587244,86.83689767000001,3222,0.05,6991,84.0,0.11432947218418121,0.0001,146785
182,587328,86.83427979000002,3222,0.05,6992,84.0,4.627006530761719,0.0001,146806
182,587412,86.82491089999999,3223,0.05,6993,84.0,0.6990412473678589,0.0001,146827
182,587496,86.81566380999999,3223,0.05,6994,84.0,9.458491325378418,0.0001,146848
182,587580,86.82876345999998,3224,0.05,6995,84.0,0.33857518434524536,0.0001,146869
182,587664,86.83838613999998,3224,0.05,6996,84.0,0.06187572330236435,0.0001,146890
182,587748,86.83374548999998,3225,0.05,6997,84.0,8.5621919631958,0.0001,146911
182,587832,86.83384607999999,3225,0.05,6998,84.0,4.823293209075928,0.0001,146932
182,587916,86.83207577000002,3226,0.05,6999,84.0,4.5195393562316895,0.0001,146953
182,588000,86.83132079,3226,0.05,7000,84.0,0.097437784075737,0.0001,146974
182,588084,86.82718805,3227,0.05,7001,84.0,0.22929012775421143,0.0001,146995
182,588168,86.82589300000001,3227,0.05,7002,84.0,0.3916754126548767,0.0001,147016
182,588252,86.84038245000002,3228,0.05,7003,84.0,4.042750835418701,0.0001,147037
182,588336,86.83852381000001,3228,0.05,7004,84.0,0.17747683823108673,0.0001,147058
182,588420,86.86361688000001,3229,0.05,7005,84.0,0.5708513259887695,0.0001,147079
182,588504,86.86039962,3229,0.05,7006,84.0,0.29915156960487366,0.0001,147100
182,588588,86.86477509000001,3230,0.05,7007,84.0,0.35440558195114136,0.0001,147121
182,588672,86.86499516999999,3230,0.05,7008,84.0,0.2892625331878662,0.0001,147142
182,588756,86.86897834,3231,0.05,7009,84.0,4.831581115722656,0.0001,147163
182,588840,86.8666941,3231,0.05,7010,84.0,0.23115679621696472,0.0001,147184
182,588924,86.85158064000002,3232,0.05,7011,84.0,0.10384200513362885,0.0001,147205
182,589008,86.84529692,3232,0.05,7012,84.0,4.684189796447754,0.0001,147226
182,589092,86.83837640000002,3233,0.05,7013,84.0,5.072225093841553,0.0001,147247
182,589176,86.84184132,3233,0.05,7014,84.0,0.13637645542621613,0.0001,147268
182,589260,86.83970282000001,3233,0.05,7015,84.0,4.246179580688477,0.0001,147289
182,589344,86.8097554,3234,0.05,7016,84.0,4.921361446380615,0.0001,147310
182,589428,86.78459214,3234,0.05,7017,84.0,0.5448180437088013,0.0001,147331
182,589512,86.78462406999999,3235,0.05,7018,84.0,0.10411202907562256,0.0001,147352
182,589596,86.78056547,3235,0.05,7019,84.0,0.5047483444213867,0.0001,147373
182,589680,86.78310567,3236,0.05,7020,84.0,4.4877190589904785,0.0001,147394
182,589764,86.77094633,3236,0.05,7021,84.0,0.13343548774719238,0.0001,147415
182,589848,86.77316311999999,3237,0.05,7022,84.0,0.14682912826538086,0.0001,147436
182,589932,86.77048609999999,3237,0.05,7023,84.0,0.09027265012264252,0.0001,147457
182,590016,86.77247206000001,3238,0.05,7024,84.0,0.19036728143692017,0.0001,147478
182,590100,86.77786121,3238,0.05,7025,84.0,4.742424964904785,0.0001,147499
182,590184,86.78197600000001,3239,0.05,7026,84.0,4.636064529418945,0.0001,147520
182,590268,86.78427613000002,3239,0.05,7027,84.0,0.30128440260887146,0.0001,147541
182,590352,86.79926559000002,3240,0.05,7028,84.0,0.3356369733810425,0.0001,147562
182,590436,86.7902404,3240,0.05,7029,84.0,4.617560863494873,0.0001,147583
182,590520,86.79064131999999,3241,0.05,7030,84.0,0.16554605960845947,0.0001,147604
182,590604,86.78918907,3241,0.05,7031,84.0,0.8812257647514343,0.0001,147625
182,590688,86.79189172000001,3242,0.05,7032,84.0,0.36703258752822876,0.0001,147646
182,590772,86.79115212,3242,0.05,7033,84.0,0.5615425109863281,0.0001,147667
182,590856,86.79904336999999,3243,0.05,7034,84.0,0.3574206829071045,0.0001,147688
182,590940,86.79756941,3243,0.05,7035,84.0,9.077585220336914,0.0001,147709
182,591024,86.79639932,3244,0.05,7036,84.0,4.731480121612549,0.0001,147730
182,591108,86.79011136000001,3244,0.05,7037,84.0,0.16520726680755615,0.0001,147751
182,591192,86.7792476,3245,0.05,7038,84.0,4.389752388000488,0.0001,147772
182,591276,86.77572309000001,3245,0.05,7039,84.0,0.19477583467960358,0.0001,147793
182,591360,86.77688739,3246,0.05,7040,84.0,0.317553848028183,0.0001,147814
182,591444,86.78828947,3246,0.05,7041,84.0,4.62084436416626,0.0001,147835
182,591528,86.78557298,3247,0.05,7042,84.0,0.07900066673755646,0.0001,147856
182,591612,86.79491398,3247,0.05,7043,84.0,0.36048993468284607,0.0001,147877
182,591696,86.79842865000002,3248,0.05,7044,84.0,0.48639699816703796,0.0001,147898
182,591780,86.77708637000002,3248,0.05,7045,84.0,4.57746696472168,0.0001,147919
182,591864,86.77740149000002,3249,0.05,7046,84.0,0.3774215877056122,0.0001,147940
182,591948,86.77697368,3249,0.05,7047,84.0,0.1441502720117569,0.0001,147961
182,592032,86.78051845999998,3250,0.05,7048,84.0,0.20378494262695312,0.0001,147982
182,592116,86.78295389999998,3250,0.05,7049,84.0,0.10764704644680023,0.0001,148003
182,592200,86.78787751999998,3251,0.05,7050,84.0,0.08760608732700348,0.0001,148024
182,592284,86.77531521999998,3251,0.05,7051,84.0,4.746029853820801,0.0001,148045
182,592368,86.77060306999999,3252,0.05,7052,84.0,0.8708183169364929,0.0001,148066
182,592452,86.77552967,3252,0.05,7053,84.0,9.062524795532227,0.0001,148087
182,592536,86.78463473000004,3253,0.05,7054,84.0,4.2560715675354,0.0001,148108
182,592620,86.78323786999998,3253,0.05,7055,84.0,0.31712496280670166,0.0001,148129
182,592704,86.77876586000001,3254,0.05,7056,84.0,0.1642729789018631,0.0001,148150
182,592788,86.77585769000001,3254,0.05,7057,84.0,4.517612457275391,0.0001,148171
182,592872,86.77353186,3255,0.05,7058,84.0,0.34457993507385254,0.0001,148192
182,592956,86.77083061000002,3255,0.05,7059,84.0,0.15415355563163757,0.0001,148213
182,593040,86.77125289000001,3256,0.05,7060,84.0,0.07752326130867004,0.0001,148234
182,593124,86.78062678,3256,0.05,7061,84.0,0.2957824170589447,0.0001,148255
182,593208,86.78819919000001,3257,0.05,7062,84.0,0.1487308144569397,0.0001,148276
182,593292,86.78537797000001,3257,0.05,7063,84.0,0.5777382254600525,0.0001,148297
182,593376,86.77575767,3258,0.05,7064,84.0,4.644445419311523,0.0001,148318
182,593460,86.77014434,3259,0.05,7065,84.0,13.186517715454102,0.0001,148339
182,593544,86.76979182999999,3259,0.05,7066,84.0,0.7899911999702454,0.0001,148360
182,593628,86.77767844,3260,0.05,7067,84.0,0.12132029235363007,0.0001,148381
182,593712,86.78988256999999,3260,0.05,7068,84.0,0.1617990881204605,0.0001,148402
182,593796,86.82215408999998,3261,0.05,7069,84.0,0.13001272082328796,0.0001,148423
182,593880,86.83825409999997,3262,0.05,7070,84.0,0.3093577027320862,0.0001,148444
182,593964,86.84241297999998,3262,0.05,7071,84.0,4.449470043182373,0.0001,148465
182,594048,86.85323769,3263,0.05,7072,84.0,4.709969520568848,0.0001,148486
182,594132,86.85678451,3263,0.05,7073,84.0,0.13208648562431335,0.0001,148507
182,594216,86.83542083,3264,0.05,7074,84.0,8.894721031188965,0.0001,148528
182,594300,86.83213265000002,3264,0.05,7075,84.0,0.1286056935787201,0.0001,148549
182,594384,86.81179148000001,3265,0.05,7076,84.0,0.47293490171432495,0.0001,148570
182,594468,86.81225260000001,3265,0.05,7077,84.0,0.5048800110816956,0.0001,148591
182,594552,86.81160852000001,3266,0.05,7078,84.0,4.813218593597412,0.0001,148612
182,594636,86.81036029,3266,0.05,7079,84.0,8.741680145263672,0.0001,148633
182,594720,86.8086527,3267,0.05,7080,84.0,4.52216100692749,0.0001,148654
182,594804,86.81311416,3267,0.05,7081,84.0,0.0991503968834877,0.0001,148675
182,594888,86.82363471,3268,0.05,7082,84.0,4.457155227661133,0.0001,148696
182,594972,86.82167867,3268,0.05,7083,84.0,0.09385402500629425,0.0001,148717
182,595056,86.82517422999999,3269,0.05,7084,84.0,0.13484647870063782,0.0001,148738
182,595140,86.82386689,3269,0.05,7085,84.0,0.18865373730659485,0.0001,148759
182,595224,86.81688117,3270,0.05,7086,84.0,0.5323554873466492,0.0001,148780
182,595308,86.8221328,3270,0.05,7087,84.0,0.5274982452392578,0.0001,148801
182,595392,86.82491110000001,3271,0.05,7088,84.0,0.3635353147983551,0.0001,148822
182,595476,86.80227355,3271,0.05,7089,84.0,0.1404772847890854,0.0001,148843
182,595560,86.80216956,3272,0.05,7090,84.0,0.38198357820510864,0.0001,148864
182,595644,86.80397123,3272,0.05,7091,84.0,4.467287540435791,0.0001,148885
182,595728,86.79834780000002,3273,0.05,7092,84.0,0.40967583656311035,0.0001,148906
182,595812,86.80082944,3273,0.05,7093,84.0,0.15152528882026672,0.0001,148927
181,595896,86.79248006,3274,0.05,7094,84.0,4.945239067077637,0.0001,148948
181,595980,86.78760012999999,3274,0.05,7095,84.0,4.646177768707275,0.0001,148969
181,596064,86.78778475000001,3275,0.05,7096,84.0,0.12619531154632568,0.0001,148990
181,596148,86.79696294000001,3275,0.05,7097,84.0,0.15838921070098877,0.0001,149011
181,596232,86.80131741000001,3276,0.05,7098,84.0,0.5301090478897095,0.0001,149032
181,596316,86.80334976999998,3276,0.05,7099,84.0,0.07179644703865051,0.0001,149053
181,596400,86.80586584999999,3277,0.05,7100,84.0,0.22003161907196045,0.0001,149074
181,596484,86.80810979,3277,0.05,7101,84.0,4.677773952484131,0.0001,149095
181,596568,86.80880846,3278,0.05,7102,84.0,0.15204307436943054,0.0001,149116
181,596652,86.79738105,3278,0.05,7103,84.0,0.10024361312389374,0.0001,149137
181,596736,86.79574653000002,3279,0.05,7104,84.0,0.3910919725894928,0.0001,149158
181,596820,86.78610192000001,3279,0.05,7105,84.0,4.731992244720459,0.0001,149179
181,596904,86.79760663,3280,0.05,7106,84.0,4.282835006713867,0.0001,149200
181,596988,86.79164827999999,3280,0.05,7107,84.0,0.18255358934402466,0.0001,149221
181,597072,86.79167465,3281,0.05,7108,84.0,0.08504009246826172,0.0001,149242
181,597156,86.78995323,3281,0.05,7109,84.0,4.447629928588867,0.0001,149263
181,597240,86.78520495000001,3281,0.05,7110,84.0,8.310544967651367,0.0001,149284
181,597324,86.79004856,3282,0.05,7111,84.0,0.3057640790939331,0.0001,149305
181,597408,86.79256501,3282,0.05,7112,84.0,0.15001681447029114,0.0001,149326
181,597492,86.8004728,3283,0.05,7113,84.0,0.7938761711120605,0.0001,149347
181,597576,86.79399324,3283,0.05,7114,84.0,4.811904430389404,0.0001,149368
181,597660,86.79499974999999,3284,0.05,7115,84.0,0.2916896641254425,0.0001,149389
181,597744,86.81476649,3285,0.05,7116,84.0,0.07867081463336945,0.0001,149410
181,597828,86.83370575,3285,0.05,7117,84.0,5.020873546600342,0.0001,149431
181,597912,86.82254238,3286,0.05,7118,84.0,4.639803886413574,0.0001,149452
181,597996,86.81408888999998,3286,0.05,7119,84.0,0.1339915692806244,0.0001,149473
181,598080,86.81313648999999,3287,0.05,7120,84.0,0.1744856834411621,0.0001,149494
181,598164,86.82561270999997,3287,0.05,7121,84.0,0.31383615732192993,0.0001,149515
181,598248,86.82363611999999,3288,0.05,7122,84.0,4.609607219696045,0.0001,149536
181,598332,86.81909717,3288,0.05,7123,84.0,0.5406635999679565,0.0001,149557
181,598416,86.8124282,3289,0.05,7124,84.0,0.3011007308959961,0.0001,149578
181,598500,86.80892981000001,3289,0.05,7125,84.0,0.11369672417640686,0.0001,149599
181,598584,86.77893626999997,3290,0.05,7126,84.0,0.1080145537853241,0.0001,149620
181,598668,86.75525360999998,3291,0.05,7127,84.0,0.7238441109657288,0.0001,149641
181,598752,86.75564931999999,3291,0.05,7128,84.0,0.11603257060050964,0.0001,149662
181,598836,86.74963525999999,3292,0.05,7129,84.0,0.09097492694854736,0.0001,149683
181,598920,86.74160531,3292,0.05,7130,84.0,0.5373096466064453,0.0001,149704
181,599004,86.71372836999998,3293,0.05,7131,84.0,0.06372801959514618,0.0001,149725
181,599088,86.73163282,3294,0.05,7132,84.0,9.570291519165039,0.0001,149746
181,599172,86.74488377000002,3294,0.05,7133,84.0,5.197765350341797,0.0001,149767
181,599256,86.71452604999999,3295,0.05,7134,84.0,4.50729513168335,0.0001,149788
181,599340,86.71534305999998,3295,0.05,7135,84.0,9.539463996887207,0.0001,149809
181,599424,86.71229804999999,3296,0.05,7136,84.0,0.17348237335681915,0.0001,149830
181,599508,86.71600915,3296,0.05,7137,84.0,4.749946594238281,0.0001,149851
181,599592,86.72213877000002,3297,0.05,7138,84.0,4.8183979988098145,0.0001,149872
181,599676,86.72298727000002,3297,0.05,7139,84.0,0.3462465703487396,0.0001,149893
181,599760,86.72093406000002,3298,0.05,7140,84.0,0.43455377221107483,0.0001,149914
181,599844,86.71904785999999,3298,0.05,7141,84.0,4.523366451263428,0.0001,149935
181,599928,86.71282083999999,3298,0.05,7142,84.0,4.787829399108887,0.0001,149956
181,600012,86.72247537,3299,0.05,7143,84.0,0.19338971376419067,0.0001,149977
181,600096,86.72274171,3299,0.05,7144,84.0,4.460353851318359,0.0001,149998
181,600180,86.73733358999999,3300,0.05,7145,84.0,4.984670639038086,0.0001,150019
181,600264,86.73877962,3300,0.05,7146,84.0,4.8264360427856445,0.0001,150040
181,600348,86.74049797000002,3301,0.05,7147,84.0,0.34304869174957275,0.0001,150061
181,600432,86.73082021999998,3301,0.05,7148,84.0,0.08377665281295776,0.0001,150082
181,600516,86.73315115000001,3302,0.05,7149,84.0,4.794291973114014,0.0001,150103
181,600600,86.73041746000001,3302,0.05,7150,84.0,4.336837291717529,0.0001,150124
181,600684,86.72984287000003,3303,0.05,7151,84.0,4.763479232788086,0.0001,150145
181,600768,86.73437336,3303,0.05,7152,84.0,4.361112117767334,0.0001,150166
181,600852,86.73428218000001,3304,0.05,7153,84.0,4.412485599517822,0.0001,150187
181,600936,86.72449771999999,3304,0.05,7154,84.0,5.566691875457764,0.0001,150208
181,601020,86.72245320999998,3304,0.05,7155,84.0,0.7000675201416016,0.0001,150229
181,601104,86.66282900999998,3305,0.05,7156,84.0,4.793600559234619,0.0001,150250
181,601188,86.66398586999999,3305,0.05,7157,84.0,0.08836093544960022,0.0001,150271
181,601272,86.66678240000002,3306,0.05,7158,84.0,0.07788591086864471,0.0001,150292
181,601356,86.66649165000003,3306,0.05,7159,84.0,0.13272160291671753,0.0001,150313
181,601440,86.67089436,3307,0.05,7160,84.0,4.465022563934326,0.0001,150334
181,601524,86.66678876000002,3307,0.05,7161,84.0,0.20156364142894745,0.0001,150355
181,601608,86.67185459000001,3308,0.05,7162,84.0,8.749926567077637,0.0001,150376
181,601692,86.62215523,3308,0.05,7163,84.0,0.1267535239458084,0.0001,150397
181,601776,86.63177117000001,3309,0.05,7164,84.0,0.08965729176998138,0.0001,150418
181,601860,86.62801769000002,3309,0.05,7165,84.0,4.678897857666016,0.0001,150439
181,601944,86.62853589000002,3309,0.05,7166,84.0,0.14185106754302979,0.0001,150460
181,602028,86.62470532000003,3310,0.05,7167,84.0,0.13871608674526215,0.0001,150481
181,602112,86.61844515000003,3310,0.05,7168,84.0,0.2766604423522949,0.0001,150502
181,602196,86.61585180000002,3311,0.05,7169,84.0,4.381629943847656,0.0001,150523
181,602280,86.6054127,3311,0.05,7170,84.0,4.135988712310791,0.0001,150544
181,602364,86.60007197,3312,0.05,7171,84.0,0.3631693124771118,0.0001,150565
181,602448,86.60189113,3312,0.05,7172,84.0,4.56086540222168,0.0001,150586
181,602532,86.59927316,3312,0.05,7173,84.0,0.3611091077327728,0.0001,150607
181,602616,86.63028763,3313,0.05,7174,84.0,0.09051862359046936,0.0001,150628
181,602700,86.63635067999999,3313,0.05,7175,84.0,0.3458888530731201,0.0001,150649
181,602784,86.59804902000002,3314,0.05,7176,84.0,0.2946186363697052,0.0001,150670
181,602868,86.59417658999999,3314,0.05,7177,84.0,4.50850772857666,0.0001,150691
181,602952,86.58956102,3315,0.05,7178,84.0,4.11868953704834,0.0001,150712
181,603036,86.58859161000001,3315,0.05,7179,84.0,0.3568715453147888,0.0001,150733
181,603120,86.58549495999999,3316,0.05,7180,84.0,4.515977382659912,0.0001,150754
181,603204,86.52757676000002,3316,0.05,7181,84.0,0.40653395652770996,0.0001,150775
181,603288,86.51573705000003,3317,0.05,7182,84.0,8.89002799987793,0.0001,150796
181,603372,86.51520655999998,3317,0.05,7183,84.0,4.91074275970459,0.0001,150817
181,603456,86.49106928000003,3317,0.05,7184,84.0,5.029022693634033,0.0001,150838
181,603540,86.49453287,3318,0.05,7185,84.0,0.1183934360742569,0.0001,150859
181,603624,86.51467451,3318,0.05,7186,84.0,0.06874433159828186,0.0001,150880
181,603708,86.51039867,3319,0.05,7187,84.0,0.13432160019874573,0.0001,150901
181,603792,86.50910223999999,3319,0.05,7188,84.0,0.33947718143463135,0.0001,150922
181,603876,86.53277408,3320,0.05,7189,84.0,4.99551248550415,0.0001,150943
181,603960,86.52051255,3320,0.05,7190,84.0,4.970005989074707,0.0001,150964
181,604044,86.52369257000001,3320,0.05,7191,84.0,0.08874502778053284,0.0001,150985
181,604128,86.52983721000001,3321,0.05,7192,84.0,4.135246753692627,0.0001,151006
181,604212,86.50111773,3321,0.05,7193,84.0,5.026392459869385,0.0001,151027
181,604296,86.51548892,3322,0.05,7194,84.0,0.1380380243062973,0.0001,151048
181,604380,86.51629726000002,3322,0.05,7195,84.0,0.09058097004890442,0.0001,151069
181,604464,86.51139893999998,3323,0.05,7196,84.0,4.657822608947754,0.0001,151090
181,604548,86.50423815,3323,0.05,7197,84.0,0.08036017417907715,0.0001,151111
181,604632,86.50016133999999,3324,0.05,7198,84.0,0.3201291561126709,0.0001,151132
181,604716,86.49737784999999,3324,0.05,7199,84.0,4.577800273895264,0.0001,151153
181,604800,86.48474011,3325,0.05,7200,84.0,4.909804344177246,0.0001,151174
181,604884,86.48367473999998,3325,0.05,7201,84.0,5.1551995277404785,0.0001,151195
181,604968,86.47659591999998,3326,0.05,7202,84.0,0.12024421989917755,0.0001,151216
181,605052,86.48791297,3326,0.05,7203,84.0,0.34059470891952515,0.0001,151237
181,605136,86.49043107999998,3327,0.05,7204,84.0,0.37413910031318665,0.0001,151258
181,605220,86.47642268,3327,0.05,7205,84.0,4.422736644744873,0.0001,151279
181,605304,86.46792297999998,3328,0.05,7206,84.0,8.562007904052734,0.0001,151300
181,605388,86.46914449,3328,0.05,7207,84.0,4.390705108642578,0.0001,151321
181,605472,86.46883426000001,3328,0.05,7208,84.0,4.60879373550415,0.0001,151342
181,605556,86.44382876,3329,0.05,7209,84.0,0.12271203100681305,0.0001,151363
181,605640,86.44742021000002,3329,0.05,7210,84.0,0.2696027159690857,0.0001,151384
181,605724,86.44463797,3330,0.05,7211,84.0,0.3187944293022156,0.0001,151405
181,605808,86.44048111000001,3330,0.05,7212,84.0,0.24706730246543884,0.0001,151426
181,605892,86.44140023,3331,0.05,7213,84.0,4.648962020874023,0.0001,151447
181,605976,86.45349719,3331,0.05,7214,84.0,4.5128021240234375,0.0001,151468
181,606060,86.4343045,3332,0.05,7215,84.0,0.3452940583229065,0.0001,151489
181,606144,86.43489603999998,3332,0.05,7216,84.0,0.11700744926929474,0.0001,151510
181,606228,86.43513809,3332,0.05,7217,84.0,0.12990450859069824,0.0001,151531
181,606312,86.43645306999998,3333,0.05,7218,84.0,0.5489310026168823,0.0001,151552
181,606396,86.45064499999997,3333,0.05,7219,84.0,0.08927763998508453,0.0001,151573
181,606480,86.42627398999997,3334,0.05,7220,84.0,0.36756956577301025,0.0001,151594
181,606564,86.41257033999999,3334,0.05,7221,84.0,0.19629141688346863,0.0001,151615
181,606648,86.41206378999999,3334,0.05,7222,84.0,0.16113504767417908,0.0001,151636
181,606732,86.41519756999998,3335,0.05,7223,84.0,4.367168426513672,0.0001,151657
181,606816,86.41957515999998,3335,0.05,7224,84.0,5.053158283233643,0.0001,151678
181,606900,86.41780690999998,3336,0.05,7225,84.0,0.07597317546606064,0.0001,151699
181,606984,86.44028528999999,3336,0.05,7226,84.0,0.37018540501594543,0.0001,151720
181,607068,86.46258801,3337,0.05,7227,84.0,0.4535170793533325,0.0001,151741
181,607152,86.46153378000001,3337,0.05,7228,84.0,4.792081356048584,0.0001,151762
181,607236,86.42441360000001,3338,0.05,7229,84.0,5.0928955078125,0.0001,151783
181,607320,86.43880423,3338,0.05,7230,84.0,5.038500785827637,0.0001,151804
181,607404,86.47681358,3338,0.05,7231,84.0,0.32089918851852417,0.0001,151825
181,607488,86.47069457000002,3339,0.05,7232,84.0,0.3155497908592224,0.0001,151846
181,607572,86.46138760000002,3339,0.05,7233,84.0,4.667477607727051,0.0001,151867
181,607656,86.48151037000001,3340,0.05,7234,84.0,0.15251308679580688,0.0001,151888
181,607740,86.48715591999999,3340,0.05,7235,84.0,0.7197830677032471,0.0001,151909
181,607824,86.48014497,3341,0.05,7236,84.0,0.05579238384962082,0.0001,151930
181,607908,86.47788811999999,3341,0.05,7237,84.0,4.474542140960693,0.0001,151951
181,607992,86.46856852,3342,0.05,7238,84.0,0.08845511078834534,0.0001,151972
181,608076,86.46873249999997,3342,0.05,7239,84.0,0.3816169202327728,0.0001,151993
181,608160,86.46715358,3342,0.05,7240,84.0,0.1413068175315857,0.0001,152014
181,608244,86.46989174000001,3343,0.05,7241,84.0,4.505363464355469,0.0001,152035
181,608328,86.47709680000001,3343,0.05,7242,84.0,0.17954301834106445,0.0001,152056
181,608412,86.46766255,3344,0.05,7243,84.0,0.08589702844619751,0.0001,152077
181,608496,86.44664169000002,3344,0.05,7244,84.0,0.44556382298469543,0.0001,152098
181,608580,86.45790965,3345,0.05,7245,84.0,0.31165891885757446,0.0001,152119
181,608664,86.4599848,3345,0.05,7246,84.0,0.523790717124939,0.0001,152140
181,608748,86.45397249,3345,0.05,7247,84.0,0.7773886322975159,0.0001,152161
181,608832,86.45215338,3346,0.05,7248,84.0,0.05086145177483559,0.0001,152182
181,608916,86.43681234,3346,0.05,7249,84.0,0.5728598833084106,0.0001,152203
181,609000,86.43993993999999,3347,0.05,7250,84.0,0.31224507093429565,0.0001,152224
181,609084,86.44632712999999,3347,0.05,7251,84.0,0.15594257414340973,0.0001,152245
181,609168,86.4459009,3348,0.05,7252,84.0,5.0319647789001465,0.0001,152266
181,609252,86.44182468999999,3348,0.05,7253,84.0,0.12556320428848267,0.0001,152287
181,609336,86.43869683999999,3348,0.05,7254,84.0,4.914183139801025,0.0001,152308
181,609420,86.4299986,3349,0.05,7255,84.0,9.152377128601074,0.0001,152329
181,609504,86.50288538000001,3349,0.05,7256,84.0,0.25729402899742126,0.0001,152350
181,609588,86.51494836000002,3350,0.05,7257,84.0,0.305997371673584,0.0001,152371
181,609672,86.51476923,3350,0.05,7258,84.0,4.622524738311768,0.0001,152392
181,609756,86.51387679999999,3351,0.05,7259,84.0,0.14058703184127808,0.0001,152413
181,609840,86.51492086999998,3351,0.05,7260,84.0,4.646047592163086,0.0001,152434
181,609924,86.5182418,3351,0.05,7261,84.0,0.6323399543762207,0.0001,152455
181,610008,86.51243533999997,3352,0.05,7262,84.0,0.5529738068580627,0.0001,152476
181,610092,86.56865279,3352,0.05,7263,84.0,5.028225421905518,0.0001,152497
181,610176,86.56771357,3353,0.05,7264,84.0,0.07572658360004425,0.0001,152518
181,610260,86.56817878000001,3353,0.05,7265,84.0,0.37464895844459534,0.0001,152539
181,610344,86.55946549000001,3354,0.05,7266,84.0,0.3557754456996918,0.0001,152560
181,610428,86.54817992,3354,0.05,7267,84.0,5.256721019744873,0.0001,152581
181,610512,86.55008484,3355,0.05,7268,84.0,0.29154694080352783,0.0001,152602
181,610596,86.55032385999999,3355,0.05,7269,84.0,0.20006297528743744,0.0001,152623
181,610680,86.55238431,3355,0.05,7270,84.0,4.760194301605225,0.0001,152644
181,610764,86.55348785,3356,0.05,7271,84.0,4.783543586730957,0.0001,152665
181,610848,86.52291027000001,3356,0.05,7272,84.0,4.491578578948975,0.0001,152686
181,610932,86.52541738,3357,0.05,7273,84.0,4.761724948883057,0.0001,152707
181,611016,86.51531610999999,3357,0.05,7274,84.0,9.54146957397461,0.0001,152728
181,611100,86.51201762,3358,0.05,7275,84.0,0.5238783359527588,0.0001,152749
181,611184,86.5679431,3358,0.05,7276,84.0,13.100017547607422,0.0001,152770
181,611268,86.56929738,3359,0.05,7277,84.0,4.935522079467773,0.0001,152791
181,611352,86.57349833,3359,0.05,7278,84.0,9.785236358642578,0.0001,152812
181,611436,86.58222771999999,3359,0.05,7279,84.0,0.2994503974914551,0.0001,152833
181,611520,86.58655273000002,3360,0.05,7280,84.0,9.016889572143555,0.0001,152854
181,611604,86.63972541000001,3360,0.05,7281,84.0,0.28639283776283264,0.0001,152875
181,611688,86.64185582999998,3361,0.05,7282,84.0,0.46587878465652466,0.0001,152896
181,611772,86.64372602999998,3361,0.05,7283,84.0,4.507286071777344,0.0001,152917
181,611856,86.66743815,3362,0.05,7284,84.0,0.7847983837127686,0.0001,152938
181,611940,86.65596803,3362,0.05,7285,84.0,0.13086465001106262,0.0001,152959
181,612024,86.65195194000002,3363,0.05,7286,84.0,4.847622394561768,0.0001,152980
181,612108,86.64902855,3363,0.05,7287,84.0,5.023909568786621,0.0001,153001
181,612192,86.64827295,3363,0.05,7288,84.0,5.3369340896606445,0.0001,153022
181,612276,86.64555565,3364,0.05,7289,84.0,0.36550360918045044,0.0001,153043
181,612360,86.65914107,3364,0.05,7290,84.0,0.4329394996166229,0.0001,153064
181,612444,86.67083750000002,3365,0.05,7291,84.0,4.6822509765625,0.0001,153085
181,612528,86.66589190000002,3365,0.05,7292,84.0,0.10185106098651886,0.0001,153106
181,612612,86.69264839000003,3366,0.05,7293,84.0,0.37001633644104004,0.0001,153127
181,612696,86.68600476000002,3366,0.05,7294,84.0,0.3089523911476135,0.0001,153148
182,612780,86.68328141,3366,0.05,7295,84.0,8.830342292785645,0.0001,153169
182,612864,86.66693986,3367,0.05,7296,84.0,0.3581773638725281,0.0001,153190
182,612948,86.66951802,3367,0.05,7297,84.0,0.609138548374176,0.0001,153211
182,613032,86.66678707,3368,0.05,7298,84.0,4.326053142547607,0.0001,153232
182,613116,86.67188904999999,3368,0.05,7299,84.0,4.808891773223877,0.0001,153253
182,613200,86.68187303,3369,0.05,7300,84.0,0.17536711692810059,0.0001,153274
182,613284,86.68421674,3369,0.05,7301,84.0,4.508222579956055,0.0001,153295
182,613368,86.69090651999998,3369,0.05,7302,84.0,0.16054941713809967,0.0001,153316
182,613452,86.68755802999998,3370,0.05,7303,84.0,0.4820968806743622,0.0001,153337
182,613536,86.68530313,3370,0.05,7304,84.0,0.3460334539413452,0.0001,153358
182,613620,86.6969774,3371,0.05,7305,84.0,8.751481056213379,0.0001,153379
182,613704,86.70005439,3371,0.05,7306,84.0,0.3866482973098755,0.0001,153400
182,613788,86.70263400000002,3371,0.05,7307,84.0,0.16885660588741302,0.0001,153421
182,613872,86.70334847,3372,0.05,7308,84.0,0.5889158248901367,0.0001,153442
182,613956,86.74552237000002,3372,0.05,7309,84.0,0.5307281017303467,0.0001,153463
182,614040,86.74466249000001,3373,0.05,7310,84.0,0.12493155896663666,0.0001,153484
182,614124,86.71654925000001,3373,0.05,7311,84.0,4.734217166900635,0.0001,153505
182,614208,86.71384101000001,3374,0.05,7312,84.0,0.11448980122804642,0.0001,153526
182,614292,86.71321655,3374,0.05,7313,84.0,0.2780618965625763,0.0001,153547
182,614376,86.71496141,3375,0.05,7314,84.0,9.279353141784668,0.0001,153568
182,614460,86.7354467,3375,0.05,7315,84.0,4.983687877655029,0.0001,153589
182,614544,86.73808489000001,3375,0.05,7316,84.0,0.5425631999969482,0.0001,153610
182,614628,86.74086453,3376,0.05,7317,84.0,0.6422185897827148,0.0001,153631
182,614712,86.74079547,3376,0.05,7318,84.0,0.17293381690979004,0.0001,153652
182,614796,86.73809031,3377,0.05,7319,84.0,4.886194229125977,0.0001,153673
182,614880,86.75600802,3377,0.05,7320,84.0,4.873968601226807,0.0001,153694
182,614964,86.76630738999998,3378,0.05,7321,84.0,0.6840068101882935,0.0001,153715
182,615048,86.77296431999999,3378,0.05,7322,84.0,4.691315650939941,0.0001,153736
182,615132,86.77707448999999,3378,0.05,7323,84.0,0.07430797070264816,0.0001,153757
182,615216,86.78398295999997,3379,0.05,7324,84.0,0.09295950084924698,0.0001,153778
182,615300,86.78930681999998,3379,0.05,7325,84.0,0.5941054821014404,0.0001,153799
182,615384,86.79283342000001,3380,0.05,7326,84.0,0.15053261816501617,0.0001,153820
182,615468,86.79212909,3380,0.05,7327,84.0,0.3387349247932434,0.0001,153841
182,615552,86.7934221,3381,0.05,7328,84.0,0.13632018864154816,0.0001,153862
182,615636,86.81275772000001,3381,0.05,7329,84.0,0.1880958378314972,0.0001,153883
182,615720,86.80890887999998,3382,0.05,7330,84.0,0.18797925114631653,0.0001,153904
182,615804,86.80313115999998,3382,0.05,7331,84.0,4.520138263702393,0.0001,153925
182,615888,86.79786385999998,3382,0.05,7332,84.0,13.205093383789062,0.0001,153946
182,615972,86.79524237999998,3383,0.05,7333,84.0,4.436595916748047,0.0001,153967
182,616056,86.80159209,3383,0.05,7334,84.0,0.2862521708011627,0.0001,153988
182,616140,86.80327727,3384,0.05,7335,84.0,0.3178017735481262,0.0001,154009
182,616224,86.81149870000002,3384,0.05,7336,84.0,0.489396333694458,0.0001,154030
182,616308,86.81515574000002,3385,0.05,7337,84.0,4.2686357498168945,0.0001,154051
182,616392,86.82293806,3385,0.05,7338,84.0,0.05908825248479843,0.0001,154072
182,616476,86.82342253,3385,0.05,7339,84.0,0.13371141254901886,0.0001,154093
182,616560,86.83160345000002,3386,0.05,7340,84.0,4.530961990356445,0.0001,154114
182,616644,86.82677092999998,3386,0.05,7341,84.0,0.06644761562347412,0.0001,154135
182,616728,86.82654081999999,3387,0.05,7342,84.0,0.2860525846481323,0.0001,154156
182,616812,86.82417516,3387,0.05,7343,84.0,0.35258862376213074,0.0001,154177
182,616896,86.84791932,3388,0.05,7344,84.0,0.14015227556228638,0.0001,154198
182,616980,86.84818642000002,3388,0.05,7345,84.0,13.57807731628418,0.0001,154219
182,617064,86.84650604000001,3388,0.05,7346,84.0,0.21667081117630005,0.0001,154240
182,617148,86.85832876,3389,0.05,7347,84.0,4.467971324920654,0.0001,154261
182,617232,86.87793128999999,3389,0.05,7348,84.0,0.08901963382959366,0.0001,154282
182,617316,86.88965027,3390,0.05,7349,84.0,5.11490535736084,0.0001,154303
182,617400,86.87935523,3390,0.05,7350,84.0,1.233384609222412,0.0001,154324
182,617484,86.85375300000001,3391,0.05,7351,84.0,0.33868810534477234,0.0001,154345
182,617568,86.81725265000001,3391,0.05,7352,84.0,0.8287956118583679,0.0001,154366
182,617652,86.82083186,3391,0.05,7353,84.0,0.3598327934741974,0.0001,154387
182,617736,86.8120863,3392,0.05,7354,84.0,0.3241332769393921,0.0001,154408
182,617820,86.81945890000001,3392,0.05,7355,84.0,4.701615810394287,0.0001,154429
182,617904,86.81062392,3393,0.05,7356,84.0,0.5563446283340454,0.0001,154450
182,617988,86.80238183000002,3393,0.05,7357,84.0,0.09041984379291534,0.0001,154471
182,618072,86.80141126000001,3394,0.05,7358,84.0,4.409688472747803,0.0001,154492
182,618156,86.80106742,3394,0.05,7359,84.0,0.3735480010509491,0.0001,154513
182,618240,86.78887904,3395,0.05,7360,84.0,4.938855171203613,0.0001,154534
182,618324,86.78430780999999,3395,0.05,7361,84.0,4.684030532836914,0.0001,154555
182,618408,86.78440791999998,3395,0.05,7362,84.0,0.16457128524780273,0.0001,154576
182,618492,86.77990296999998,3396,0.05,7363,84.0,4.628515720367432,0.0001,154597
182,618576,86.77688086,3396,0.05,7364,84.0,4.810493469238281,0.0001,154618
182,618660,86.78055786,3397,0.05,7365,84.0,4.646992206573486,0.0001,154639
182,618744,86.78163,3397,0.05,7366,84.0,0.07670378684997559,0.0001,154660
182,618828,86.79976893000001,3397,0.05,7367,84.0,0.1313164234161377,0.0001,154681
182,618912,86.79684033999997,3398,0.05,7368,84.0,4.794609546661377,0.0001,154702
182,618996,86.80367946,3398,0.05,7369,84.0,9.743086814880371,0.0001,154723
182,619080,86.81164017,3399,0.05,7370,84.0,4.784115314483643,0.0001,154744
182,619164,86.81323900000002,3399,0.05,7371,84.0,0.15691131353378296,0.0001,154765
182,619248,86.85619991000002,3400,0.05,7372,84.0,4.876958847045898,0.0001,154786
182,619332,86.85624393000002,3400,0.05,7373,84.0,0.12868225574493408,0.0001,154807
182,619416,86.85755487,3400,0.05,7374,84.0,0.6579733490943909,0.0001,154828
182,619500,86.86656248999999,3401,0.05,7375,84.0,4.380179405212402,0.0001,154849
182,619584,86.86960304999998,3401,0.05,7376,84.0,0.2617392838001251,0.0001,154870
182,619668,86.86863844999998,3402,0.05,7377,84.0,0.09508062154054642,0.0001,154891
182,619752,86.86521361,3402,0.05,7378,84.0,4.636424541473389,0.0001,154912
182,619836,86.85705184,3403,0.05,7379,84.0,0.11252705007791519,0.0001,154933
182,619920,86.85085373,3403,0.05,7380,84.0,0.0893513560295105,0.0001,154954
182,620004,86.84834265,3404,0.05,7381,84.0,0.393244206905365,0.0001,154975
182,620088,86.85216473,3404,0.05,7382,84.0,0.46544089913368225,0.0001,154996
182,620172,86.84748571,3404,0.05,7383,84.0,0.11000615358352661,0.0001,155017
182,620256,86.8487379,3405,0.05,7384,84.0,5.113393306732178,0.0001,155038
182,620340,86.85998969,3405,0.05,7385,84.0,0.41995692253112793,0.0001,155059
182,620424,86.87249586,3406,0.05,7386,84.0,0.2545377314090729,0.0001,155080
182,620508,86.86989562000001,3406,0.05,7387,84.0,8.871822357177734,0.0001,155101
182,620592,86.87743473,3407,0.05,7388,84.0,0.3130098581314087,0.0001,155122
182,620676,86.87993075000003,3407,0.05,7389,84.0,4.516810894012451,0.0001,155143
182,620760,86.87976745000002,3408,0.05,7390,84.0,4.731472015380859,0.0001,155164
182,620844,86.86468243000002,3408,0.05,7391,84.0,5.2799201011657715,0.0001,155185
182,620928,86.86216417,3408,0.05,7392,84.0,9.445291519165039,0.0001,155206
182,621012,86.86385049999997,3409,0.05,7393,84.0,4.843314170837402,0.0001,155227
182,621096,86.88466070999998,3409,0.05,7394,84.0,0.09263725578784943,0.0001,155248
182,621180,86.89458513,3410,0.05,7395,84.0,0.10449996590614319,0.0001,155269
182,621264,86.91477939999999,3410,0.05,7396,84.0,4.629195213317871,0.0001,155290
182,621348,86.90844588999998,3411,0.05,7397,84.0,0.6309764981269836,0.0001,155311
182,621432,86.8956163,3411,0.05,7398,84.0,0.6379027962684631,0.0001,155332
182,621516,86.85353955,3411,0.05,7399,84.0,4.805849552154541,0.0001,155353
182,621600,86.84656328999999,3412,0.05,7400,84.0,0.5083205699920654,0.0001,155374
182,621684,86.84263048000001,3412,0.05,7401,84.0,0.3891710042953491,0.0001,155395
182,621768,86.83800793,3413,0.05,7402,84.0,4.585049152374268,0.0001,155416
182,621852,86.84128491000001,3413,0.05,7403,84.0,0.3477817177772522,0.0001,155437
182,621936,86.83693169000001,3414,0.05,7404,84.0,0.44954991340637207,0.0001,155458
182,622020,86.84424133,3414,0.05,7405,84.0,0.7656798362731934,0.0001,155479
182,622104,86.84461540000001,3415,0.05,7406,84.0,0.14780782163143158,0.0001,155500
182,622188,86.84407594,3415,0.05,7407,84.0,0.20246706902980804,0.0001,155521
182,622272,86.84367623999998,3415,0.05,7408,84.0,0.35372254252433777,0.0001,155542
182,622356,86.82614925999998,3416,0.05,7409,84.0,0.37115973234176636,0.0001,155563
182,622440,86.82425284000001,3416,0.05,7410,84.0,0.16607829928398132,0.0001,155584
182,622524,86.85291270000002,3417,0.05,7411,84.0,0.07703642547130585,0.0001,155605
182,622608,86.86311335,3417,0.05,7412,84.0,0.32519155740737915,0.0001,155626
182,622692,86.85235743000001,3418,0.05,7413,84.0,4.797065734863281,0.0001,155647
182,622776,86.85596892,3418,0.05,7414,84.0,0.3457786738872528,0.0001,155668
182,622860,86.85926999999998,3418,0.05,7415,84.0,4.628419399261475,0.0001,155689
182,622944,86.86815700999999,3419,0.05,7416,84.0,0.5236495137214661,0.0001,155710
182,623028,86.86238675,3419,0.05,7417,84.0,0.16241279244422913,0.0001,155731
182,623112,86.85852519999999,3420,0.05,7418,84.0,4.5752339363098145,0.0001,155752
182,623196,86.85286192,3420,0.05,7419,84.0,4.315036773681641,0.0001,155773
182,623280,86.85849035999998,3421,0.05,7420,84.0,4.688099384307861,0.0001,155794
182,623364,86.86323834,3421,0.05,7421,84.0,0.1483638882637024,0.0001,155815
182,623448,86.85679521999998,3422,0.05,7422,84.0,0.37958618998527527,0.0001,155836
182,623532,86.85652735999999,3422,0.05,7423,84.0,0.49797874689102173,0.0001,155857
182,623616,86.84826,3423,0.05,7424,84.0,0.36438751220703125,0.0001,155878
182,623700,86.85414711999998,3423,0.05,7425,84.0,4.448225021362305,0.0001,155899
182,623784,86.85339959,3423,0.05,7426,84.0,4.9367170333862305,0.0001,155920
182,623868,86.85466649,3424,0.05,7427,84.0,0.12907278537750244,0.0001,155941
182,623952,86.85172122999998,3424,0.05,7428,84.0,0.3283165693283081,0.0001,155962
182,624036,86.87121652999998,3425,0.05,7429,84.0,4.8655619621276855,0.0001,155983
182,624120,86.86456918,3425,0.05,7430,84.0,0.2935579717159271,0.0001,156004
182,624204,86.86302155,3426,0.05,7431,84.0,4.648326396942139,0.0001,156025
182,624288,86.86505876999998,3426,0.05,7432,84.0,0.4515443742275238,0.0001,156046
182,624372,86.87033732,3426,0.05,7433,84.0,0.1419662982225418,0.0001,156067
182,624456,86.86394528999999,3427,0.05,7434,84.0,0.24356061220169067,0.0001,156088
182,624540,86.85865799000001,3427,0.05,7435,84.0,0.6460195183753967,0.0001,156109
182,624624,86.83220865000001,3428,0.05,7436,84.0,0.36712703108787537,0.0001,156130
182,624708,86.83328058000001,3428,0.05,7437,84.0,0.4625796675682068,0.0001,156151
182,624792,86.82470382000001,3429,0.05,7438,84.0,4.743021488189697,0.0001,156172
182,624876,86.82122946999999,3429,0.05,7439,84.0,5.255103588104248,0.0001,156193
182,624960,86.82746041,3430,0.05,7440,84.0,4.941339015960693,0.0001,156214
182,625044,86.83512576,3430,0.05,7441,84.0,5.4201436042785645,0.0001,156235
182,625128,86.82103140999999,3430,0.05,7442,84.0,4.897345066070557,0.0001,156256
182,625212,86.82176709000001,3431,0.05,7443,84.0,0.10560237616300583,0.0001,156277
182,625296,86.81015635000001,3431,0.05,7444,84.0,0.35487136244773865,0.0001,156298
182,625380,86.80789791000001,3432,0.05,7445,84.0,0.19692762196063995,0.0001,156319
182,625464,86.80513712,3432,0.05,7446,84.0,0.057957153767347336,0.0001,156340
182,625548,86.79330851,3433,0.05,7447,84.0,4.480431079864502,0.0001,156361
182,625632,86.79175938999998,3433,0.05,7448,84.0,0.09207181632518768,0.0001,156382
182,625716,86.79308636,3434,0.05,7449,84.0,0.7312398552894592,0.0001,156403
182,625800,86.79518392,3434,0.05,7450,84.0,0.1981339156627655,0.0001,156424
182,625884,86.82329648999999,3434,0.05,7451,84.0,0.22505444288253784,0.0001,156445
182,625968,86.85755415,3435,0.05,7452,84.0,0.08689749240875244,0.0001,156466
182,626052,86.85659455000001,3435,0.05,7453,84.0,0.06012345105409622,0.0001,156487
182,626136,86.85685248000001,3436,0.05,7454,84.0,0.09009406715631485,0.0001,156508
182,626220,86.85910571000002,3436,0.05,7455,84.0,0.32258862257003784,0.0001,156529
182,626304,86.85339274,3437,0.05,7456,84.0,4.864320755004883,0.0001,156550
182,626388,86.85007715,3437,0.05,7457,84.0,0.1755320280790329,0.0001,156571
182,626472,86.85006489000001,3438,0.05,7458,84.0,0.5859706401824951,0.0001,156592
182,626556,86.84884190999998,3438,0.05,7459,84.0,0.059804730117321014,0.0001,156613
182,626640,86.86688208999998,3439,0.05,7460,84.0,0.4131655693054199,0.0001,156634
182,626724,86.85642037,3439,0.05,7461,84.0,0.11533861607313156,0.0001,156655
182,626808,86.85657671000001,3439,0.05,7462,84.0,4.7672014236450195,0.0001,156676
182,626892,86.86075208,3440,0.05,7463,84.0,4.801633834838867,0.0001,156697
182,626976,86.85148724999999,3440,0.05,7464,84.0,0.4034477770328522,0.0001,156718
182,627060,86.85460154999998,3441,0.05,7465,84.0,4.841042995452881,0.0001,156739
182,627144,86.83544166,3441,0.05,7466,84.0,0.13462741672992706,0.0001,156760
182,627228,86.82886609999997,3442,0.05,7467,84.0,0.22119735181331635,0.0001,156781
182,627312,86.83414414999997,3442,0.05,7468,84.0,4.836325168609619,0.0001,156802
182,627396,86.83537174000001,3443,0.05,7469,84.0,8.847713470458984,0.0001,156823
182,627480,86.80669212000001,3443,0.05,7470,84.0,9.620062828063965,0.0001,156844
182,627564,86.80567803000004,3444,0.05,7471,84.0,0.6337777376174927,0.0001,156865
182,627648,86.79557692,3444,0.05,7472,84.0,4.136048793792725,0.0001,156886
182,627732,86.79435943,3445,0.05,7473,84.0,0.2500958740711212,0.0001,156907
182,627816,86.76450059999999,3445,0.05,7474,84.0,4.844192981719971,0.0001,156928
182,627900,86.77228503999999,3446,0.05,7475,84.0,0.3194164037704468,0.0001,156949
182,627984,86.77000006999998,3447,0.05,7476,84.0,4.789927959442139,0.0001,156970
182,628068,86.78243438,3448,0.05,7477,84.0,9.101583480834961,0.0001,156991
182,628152,86.77521962,3448,0.05,7478,84.0,0.3298519253730774,0.0001,157012
182,628236,86.77933913000003,3448,0.05,7479,84.0,9.68448257446289,0.0001,157033
182,628320,86.78490007000002,3449,0.05,7480,84.0,0.4452972710132599,0.0001,157054
182,628404,86.79229797000004,3449,0.05,7481,84.0,0.15078993141651154,0.0001,157075
182,628488,86.79357654000002,3450,0.05,7482,84.0,0.5442155599594116,0.0001,157096
182,628572,86.80532898999999,3450,0.05,7483,84.0,4.890495300292969,0.0001,157117
182,628656,86.80846871,3451,0.05,7484,84.0,0.08266764134168625,0.0001,157138
182,628740,86.80842437999999,3451,0.05,7485,84.0,0.35842767357826233,0.0001,157159
182,628824,86.79816272999999,3452,0.05,7486,84.0,0.15532851219177246,0.0001,157180
182,628908,86.80240864999998,3452,0.05,7487,84.0,5.522737503051758,0.0001,157201
182,628992,86.80883234999999,3453,0.05,7488,84.0,4.743537425994873,0.0001,157222
182,629076,86.80915441999997,3453,0.05,7489,84.0,0.08508115261793137,0.0001,157243
182,629160,86.80977396,3453,0.05,7490,84.0,0.48865246772766113,0.0001,157264
182,629244,86.81168472000002,3454,0.05,7491,84.0,0.14063969254493713,0.0001,157285
182,629328,86.81438464000001,3454,0.05,7492,84.0,0.6393789052963257,0.0001,157306
182,629412,86.81064568000004,3455,0.05,7493,84.0,0.3305225074291229,0.0001,157327
182,629496,86.80238263000003,3455,0.05,7494,84.0,0.08992166817188263,0.0001,157348
182,629580,86.79475945000002,3456,0.05,7495,84.0,0.19011448323726654,0.0001,157369
182,629664,86.79450648000002,3456,0.05,7496,84.0,0.33788007497787476,0.0001,157390
182,629748,86.80089491000001,3457,0.05,7497,84.0,0.2302837073802948,0.0001,157411
182,629832,86.81350008000001,3457,0.05,7498,84.0,0.11086446791887283,0.0001,157432
182,629916,86.86796426999999,3458,0.05,7499,84.0,4.56977653503418,0.0001,157453
182,630000,86.87732829000001,3458,0.05,7500,84.0,4.814786911010742,0.0001,157474
182,630084,86.87935245999999,3459,0.05,7501,84.0,0.44975706934928894,0.0001,157495
182,630168,86.88022299000001,3459,0.05,7502,84.0,8.750432968139648,0.0001,157516
182,630252,86.86490309999999,3460,0.05,7503,84.0,4.415619373321533,0.0001,157537
182,630336,86.87081696,3460,0.05,7504,84.0,5.2876386642456055,0.0001,157558
182,630420,86.86849404,3461,0.05,7505,84.0,4.5115275382995605,0.0001,157579
182,630504,86.86863221000002,3461,0.05,7506,84.0,4.312860488891602,0.0001,157600
182,630588,86.87116407000002,3462,0.05,7507,84.0,4.530957221984863,0.0001,157621
182,630672,86.86960399000002,3462,0.05,7508,84.0,0.10166597366333008,0.0001,157642
182,630756,86.86570605000001,3463,0.05,7509,84.0,0.794535219669342,0.0001,157663
182,630840,86.8703387,3463,0.05,7510,84.0,0.583914577960968,0.0001,157684
182,630924,86.87241535000001,3464,0.05,7511,84.0,0.33799242973327637,0.0001,157705
182,631008,86.8682181,3464,0.05,7512,84.0,4.418729305267334,0.0001,157726
182,631092,86.87867675000001,3465,0.05,7513,84.0,0.15233725309371948,0.0001,157747
182,631176,86.8577023,3465,0.05,7514,84.0,5.1133832931518555,0.0001,157768
182,631260,86.85345291999998,3466,0.05,7515,84.0,0.7744133472442627,0.0001,157789
182,631344,86.85041151,3466,0.05,7516,84.0,4.645271301269531,0.0001,157810
182,631428,86.85046016,3467,0.05,7517,84.0,0.07722176611423492,0.0001,157831
182,631512,86.86698646999999,3467,0.05,7518,84.0,4.711877822875977,0.0001,157852
182,631596,86.87203349,3467,0.05,7519,84.0,0.1474965512752533,0.0001,157873
182,631680,86.88534872000002,3468,0.05,7520,84.0,0.15867283940315247,0.0001,157894
182,631764,86.87446860999998,3468,0.05,7521,84.0,0.15615659952163696,0.0001,157915
182,631848,86.8747663,3469,0.05,7522,84.0,0.16320709884166718,0.0001,157936
182,631932,86.87478214000001,3469,0.05,7523,84.0,0.4993159770965576,0.0001,157957
182,632016,86.87706629000002,3470,0.05,7524,84.0,5.465223789215088,0.0001,157978
182,632100,86.86967263000003,3470,0.05,7525,84.0,9.646810531616211,0.0001,157999
182,632184,86.86707262,3470,0.05,7526,84.0,0.3525512218475342,0.0001,158020
182,632268,86.85202680999998,3471,0.05,7527,84.0,0.541255533695221,0.0001,158041
182,632352,86.85173581999999,3471,0.05,7528,84.0,0.10859403014183044,0.0001,158062
182,632436,86.85187169000001,3472,0.05,7529,84.0,0.10606414824724197,0.0001,158083
182,632520,86.85439613000003,3472,0.05,7530,84.0,9.081058502197266,0.0001,158104
182,632604,86.85198270000001,3473,0.05,7531,84.0,9.508445739746094,0.0001,158125
182,632688,86.85361040000002,3473,0.05,7532,84.0,4.419834613800049,0.0001,158146
182,632772,86.84896009000002,3474,0.05,7533,84.0,0.08810359984636307,0.0001,158167
182,632856,86.84839040000003,3474,0.05,7534,84.0,0.3953326642513275,0.0001,158188
182,632940,86.85199351000001,3474,0.05,7535,84.0,0.325717568397522,0.0001,158209
182,633024,86.87798037,3475,0.05,7536,84.0,0.5339994430541992,0.0001,158230
182,633108,86.87577918,3475,0.05,7537,84.0,0.1777743250131607,0.0001,158251
182,633192,86.88404046999999,3476,0.05,7538,84.0,0.7274545431137085,0.0001,158272
182,633276,86.88489258,3476,0.05,7539,84.0,0.5384202003479004,0.0001,158293
182,633360,86.87211155000001,3477,0.05,7540,84.0,0.3871942460536957,0.0001,158314
182,633444,86.86931752000001,3477,0.05,7541,84.0,9.124615669250488,0.0001,158335
182,633528,86.89064281,3478,0.05,7542,84.0,0.18555228412151337,0.0001,158356
182,633612,86.8924438,3478,0.05,7543,84.0,0.09166878461837769,0.0001,158377
182,633696,86.89410932999999,3479,0.05,7544,84.0,0.16353318095207214,0.0001,158398
182,633780,86.89866041,3479,0.05,7545,84.0,0.26016688346862793,0.0001,158419
182,633864,86.90346031999998,3479,0.05,7546,84.0,0.6074427366256714,0.0001,158440
182,633948,86.91054375999998,3480,0.05,7547,84.0,0.3926367163658142,0.0001,158461
182,634032,86.90151352,3480,0.05,7548,84.0,0.30376940965652466,0.0001,158482
182,634116,86.91380514999999,3481,0.05,7549,84.0,4.508968353271484,0.0001,158503
182,634200,86.90616886999999,3481,0.05,7550,84.0,0.1123470589518547,0.0001,158524
182,634284,86.90208627,3482,0.05,7551,84.0,4.405538082122803,0.0001,158545
182,634368,86.89873728999997,3482,0.05,7552,84.0,0.36871469020843506,0.0001,158566
182,634452,86.89836507999999,3483,0.05,7553,84.0,0.29751330614089966,0.0001,158587
182,634536,86.91665253,3483,0.05,7554,84.0,0.14103473722934723,0.0001,158608
182,634620,86.91131867,3483,0.05,7555,84.0,0.4162564277648926,0.0001,158629
182,634704,86.91791274,3484,0.05,7556,84.0,0.29024022817611694,0.0001,158650
182,634788,86.91857250999999,3484,0.05,7557,84.0,5.310976028442383,0.0001,158671
182,634872,86.92133127,3485,0.05,7558,84.0,4.368750095367432,0.0001,158692
182,634956,86.92884437000002,3485,0.05,7559,84.0,5.155389308929443,0.0001,158713
182,635040,86.91340952000002,3486,0.05,7560,84.0,0.07516486942768097,0.0001,158734
182,635124,86.92560427000001,3486,0.05,7561,84.0,0.09720814973115921,0.0001,158755
182,635208,86.92591859,3487,0.05,7562,84.0,0.14104653894901276,0.0001,158776
182,635292,86.91597900999999,3487,0.05,7563,84.0,13.865346908569336,0.0001,158797
182,635376,86.92829866,3488,0.05,7564,84.0,0.11687099188566208,0.0001,158818
182,635460,86.91941509999997,3488,0.05,7565,84.0,4.8412089347839355,0.0001,158839
182,635544,86.94754470999999,3488,0.05,7566,84.0,0.0569504015147686,0.0001,158860
182,635628,86.94736262999997,3489,0.05,7567,84.0,0.2995850145816803,0.0001,158881
182,635712,86.94324881999997,3489,0.05,7568,84.0,0.3404258191585541,0.0001,158902
182,635796,86.95076655999999,3490,0.05,7569,84.0,0.48332178592681885,0.0001,158923
182,635880,86.97146161,3490,0.05,7570,84.0,0.3688708245754242,0.0001,158944
182,635964,86.97073508999998,3491,0.05,7571,84.0,4.504308223724365,0.0001,158965
182,636048,86.96335489,3491,0.05,7572,84.0,0.5544101595878601,0.0001,158986
182,636132,86.96675901999998,3492,0.05,7573,84.0,5.0747504234313965,0.0001,159007
182,636216,86.99440733,3492,0.05,7574,84.0,0.10530205070972443,0.0001,159028
182,636300,86.9793178,3493,0.05,7575,84.0,0.34086036682128906,0.0001,159049
182,636384,86.97880156000001,3493,0.05,7576,84.0,0.10235133022069931,0.0001,159070
182,636468,86.95346146000001,3493,0.05,7577,84.0,0.2996836304664612,0.0001,159091
182,636552,86.96605389,3494,0.05,7578,84.0,0.11122750490903854,0.0001,159112
182,636636,86.96557853999998,3494,0.05,7579,84.0,0.16978883743286133,0.0001,159133
182,636720,86.96406459999999,3495,0.05,7580,84.0,5.303948402404785,0.0001,159154
182,636804,86.96016048,3495,0.05,7581,84.0,0.6153393387794495,0.0001,159175
182,636888,86.95520194999999,3496,0.05,7582,84.0,4.424879550933838,0.0001,159196
182,636972,86.95098930999998,3496,0.05,7583,84.0,0.32633331418037415,0.0001,159217
182,637056,86.94497404999998,3496,0.05,7584,84.0,0.5659584999084473,0.0001,159238
182,637140,86.94317068999997,3497,0.05,7585,84.0,4.3499321937561035,0.0001,159259
182,637224,86.94070105999998,3497,0.05,7586,84.0,0.549120306968689,0.0001,159280
182,637308,86.94542706,3498,0.05,7587,84.0,5.613735198974609,0.0001,159301
182,637392,86.93231954999999,3498,0.05,7588,84.0,9.103050231933594,0.0001,159322
182,637476,86.93640706000001,3499,0.05,7589,84.0,0.32292693853378296,0.0001,159343
182,637560,86.933947,3499,0.05,7590,84.0,0.31637877225875854,0.0001,159364
182,637644,86.93677262999998,3499,0.05,7591,84.0,0.5811378955841064,0.0001,159385
182,637728,86.94087462999998,3500,0.05,7592,84.0,0.2031507045030594,0.0001,159406
182,637812,86.94144151999998,3500,0.05,7593,84.0,0.5085035562515259,0.0001,159427
182,637896,86.94333478999997,3501,0.05,7594,84.0,0.621968686580658,0.0001,159448
182,637980,86.95430116999998,3501,0.05,7595,84.0,0.19149617850780487,0.0001,159469
182,638064,86.95585483999999,3502,0.05,7596,84.0,0.13503897190093994,0.0001,159490
182,638148,86.95388980999998,3502,0.05,7597,84.0,0.3382672071456909,0.0001,159511
182,638232,86.95299150999999,3502,0.05,7598,84.0,8.774580001831055,0.0001,159532
182,638316,86.94020905,3503,0.05,7599,84.0,0.817123532295227,0.0001,159553
182,638400,86.92629637,3503,0.05,7600,84.0,0.2723304033279419,0.0001,159574
182,638484,86.90296111999999,3504,0.05,7601,84.0,4.637470245361328,0.0001,159595
182,638568,86.90392936,3504,0.05,7602,84.0,0.41053956747055054,0.0001,159616
182,638652,86.89993004,3505,0.05,7603,84.0,8.952402114868164,0.0001,159637
182,638736,86.89796115999998,3505,0.05,7604,84.0,0.08585914969444275,0.0001,159658
182,638820,86.89775892,3506,0.05,7605,84.0,4.401475429534912,0.0001,159679
182,638904,86.89747366999998,3506,0.05,7606,84.0,9.378052711486816,0.0001,159700
182,638988,86.89588417999998,3507,0.05,7607,84.0,5.19653844833374,0.0001,159721
182,639072,86.89561433999998,3507,0.05,7608,84.0,0.42044761776924133,0.0001,159742
182,639156,86.89442158999998,3508,0.05,7609,84.0,0.09008732438087463,0.0001,159763
182,639240,86.89176384999999,3508,0.05,7610,84.0,0.5586767196655273,0.0001,159784
182,639324,86.88714547,3508,0.05,7611,84.0,0.23260655999183655,0.0001,159805
182,639408,86.88319459,3509,0.05,7612,84.0,0.4178469181060791,0.0001,159826
182,639492,86.88231854,3509,0.05,7613,84.0,4.425755977630615,0.0001,159847
182,639576,86.89643989,3510,0.05,7614,84.0,0.33338069915771484,0.0001,159868
182,639660,86.88957451,3510,0.05,7615,84.0,0.29844167828559875,0.0001,159889
182,639744,86.88613670000001,3511,0.05,7616,84.0,0.60682213306427,0.0001,159910
182,639828,86.88898848999999,3511,0.05,7617,84.0,0.16677871346473694,0.0001,159931
182,639912,86.87755504,3512,0.05,7618,84.0,0.28608325123786926,0.0001,159952
182,639996,86.87828346,3512,0.05,7619,84.0,0.3053128123283386,0.0001,159973
182,640080,86.83577652999999,3513,0.05,7620,84.0,0.4424172043800354,0.0001,159994
182,640164,86.84553205999998,3513,0.05,7621,84.0,0.07981759309768677,0.0001,160015
182,640248,86.84906784,3514,0.05,7622,84.0,0.5107038021087646,0.0001,160036
182,640332,86.85822872000003,3514,0.05,7623,84.0,0.3890969157218933,0.0001,160057
182,640416,86.85366218000003,3514,0.05,7624,84.0,4.510471820831299,0.0001,160078
182,640500,86.84645883000002,3515,0.05,7625,84.0,0.07244634628295898,0.0001,160099
182,640584,86.85248798999999,3515,0.05,7626,84.0,0.13751399517059326,0.0001,160120
182,640668,86.86091692,3516,0.05,7627,84.0,5.03150749206543,0.0001,160141
182,640752,86.8640722,3516,0.05,7628,84.0,4.476468086242676,0.0001,160162
182,640836,86.81122488999999,3517,0.05,7629,84.0,8.629670143127441,0.0001,160183
182,640920,86.81431278,3517,0.05,7630,84.0,9.584548950195312,0.0001,160204
182,641004,86.82272414,3518,0.05,7631,84.0,0.26630422472953796,0.0001,160225
182,641088,86.81689579999998,3518,0.05,7632,84.0,0.3051474690437317,0.0001,160246
182,641172,86.81426734,3519,0.05,7633,84.0,0.3786489963531494,0.0001,160267
182,641256,86.82112917,3519,0.05,7634,84.0,0.960498571395874,0.0001,160288
182,641340,86.82237111000002,3519,0.05,7635,84.0,4.672943115234375,0.0001,160309
182,641424,86.82366712000001,3520,0.05,7636,84.0,0.11955983936786652,0.0001,160330
182,641508,86.82494758000001,3520,0.05,7637,84.0,0.3870882987976074,0.0001,160351
182,641592,86.77452927999998,3521,0.05,7638,84.0,5.4543986320495605,0.0001,160372
182,641676,86.76904835,3521,0.05,7639,84.0,0.3432666063308716,0.0001,160393
182,641760,86.77934668,3522,0.05,7640,84.0,0.30276215076446533,0.0001,160414
182,641844,86.77776762999999,3522,0.05,7641,84.0,0.6914812326431274,0.0001,160435
182,641928,86.77101766,3523,0.05,7642,84.0,0.29853159189224243,0.0001,160456
182,642012,86.772591,3523,0.05,7643,84.0,4.422211170196533,0.0001,160477
182,642096,86.78719540000002,3523,0.05,7644,84.0,0.3809518814086914,0.0001,160498
182,642180,86.78594877000002,3524,0.05,7645,84.0,0.12123409658670425,0.0001,160519
182,642264,86.78406007,3524,0.05,7646,84.0,0.35701876878738403,0.0001,160540
182,642348,86.79265025999999,3525,0.05,7647,84.0,4.5593743324279785,0.0001,160561
182,642432,86.80245375999999,3525,0.05,7648,84.0,0.09610283374786377,0.0001,160582
182,642516,86.79589211000003,3526,0.05,7649,84.0,0.6102537512779236,0.0001,160603
182,642600,86.80364652000002,3526,0.05,7650,84.0,0.1473240852355957,0.0001,160624
182,642684,86.80846741,3527,0.05,7651,84.0,0.3239682912826538,0.0001,160645
182,642768,86.81782363,3527,0.05,7652,84.0,0.08283799886703491,0.0001,160666
182,642852,86.80969495,3527,0.05,7653,84.0,0.7277704477310181,0.0001,160687
182,642936,86.80399142999998,3528,0.05,7654,84.0,0.28468766808509827,0.0001,160708
182,643020,86.81086264,3529,0.05,7655,84.0,4.476962566375732,0.0001,160729
182,643104,86.80985639,3529,0.05,7656,84.0,4.9908294677734375,0.0001,160750
182,643188,86.81759415999998,3530,0.05,7657,84.0,0.31196826696395874,0.0001,160771
182,643272,86.81134231000001,3530,0.05,7658,84.0,0.3254610002040863,0.0001,160792
182,643356,86.80377412000001,3531,0.05,7659,84.0,5.2162275314331055,0.0001,160813
182,643440,86.81162146000001,3531,0.05,7660,84.0,0.4728776514530182,0.0001,160834
182,643524,86.81351254,3532,0.05,7661,84.0,4.493457317352295,0.0001,160855
182,643608,86.82474079000002,3532,0.05,7662,84.0,4.798022747039795,0.0001,160876
182,643692,86.8178942,3533,0.05,7663,84.0,0.14733928442001343,0.0001,160897
182,643776,86.81859399,3533,0.05,7664,84.0,8.988594055175781,0.0001,160918
182,643860,86.82705979999999,3534,0.05,7665,84.0,4.475815296173096,0.0001,160939
182,643944,86.8294098,3534,0.05,7666,84.0,0.4149961471557617,0.0001,160960
182,644028,86.83217221,3535,0.05,7667,84.0,4.6299333572387695,0.0001,160981
182,644112,86.83454425999999,3535,0.05,7668,84.0,0.1497662365436554,0.0001,161002
182,644196,86.81979981999999,3536,0.05,7669,84.0,0.34591007232666016,0.0001,161023
182,644280,86.81936074,3536,0.05,7670,84.0,9.103456497192383,0.0001,161044
182,644364,86.82227827000001,3537,0.05,7671,84.0,0.6305382251739502,0.0001,161065
182,644448,86.82487074000001,3537,0.05,7672,84.0,9.392230987548828,0.0001,161086
182,644532,86.8246025,3537,0.05,7673,84.0,0.3490964472293854,0.0001,161107
182,644616,86.83180805,3538,0.05,7674,84.0,4.399770259857178,0.0001,161128
182,644700,86.8376707,3538,0.05,7675,84.0,0.04107718914747238,0.0001,161149
182,644784,86.8430828,3539,0.05,7676,84.0,4.847211837768555,0.0001,161170
182,644868,86.85646407,3539,0.05,7677,84.0,0.6173018217086792,0.0001,161191
182,644952,86.85248587,3540,0.05,7678,84.0,0.13232775032520294,0.0001,161212
182,645036,86.85256764999998,3540,0.05,7679,84.0,4.642470359802246,0.0001,161233
182,645120,86.84704673999998,3540,0.05,7680,84.0,0.20681001245975494,0.0001,161254
182,645204,86.84788166999996,3541,0.05,7681,84.0,0.1336563229560852,0.0001,161275
182,645288,86.84917515,3541,0.05,7682,84.0,0.04247668385505676,0.0001,161296
182,645372,86.84998564999998,3542,0.05,7683,84.0,0.1331719160079956,0.0001,161317
182,645456,86.84260235999999,3542,0.05,7684,84.0,0.5443943738937378,0.0001,161338
182,645540,86.82614945999998,3543,0.05,7685,84.0,4.467939376831055,0.0001,161359
182,645624,86.79679380999998,3543,0.05,7686,84.0,0.29025161266326904,0.0001,161380
182,645708,86.79817090999997,3544,0.05,7687,84.0,0.34087151288986206,0.0001,161401
182,645792,86.79654508,3544,0.05,7688,84.0,5.135011196136475,0.0001,161422
182,645876,86.79050358,3545,0.05,7689,84.0,5.2104573249816895,0.0001,161443
182,645960,86.79642931999999,3545,0.05,7690,84.0,4.76383113861084,0.0001,161464
182,646044,86.79538089000002,3545,0.05,7691,84.0,0.3722393214702606,0.0001,161485
182,646128,86.80022821,3546,0.05,7692,84.0,0.5119455456733704,0.0001,161506
182,646212,86.80010337000002,3546,0.05,7693,84.0,0.15924182534217834,0.0001,161527
182,646296,86.79801893,3547,0.05,7694,84.0,0.34949415922164917,0.0001,161548
182,646380,86.79055971,3547,0.05,7695,84.0,0.14466369152069092,0.0001,161569
182,646464,86.79824331,3548,0.05,7696,84.0,0.1957397311925888,0.0001,161590
182,646548,86.79945585999998,3548,0.05,7697,84.0,4.583682060241699,0.0001,161611
182,646632,86.80370357,3548,0.05,7698,84.0,4.9261250495910645,0.0001,161632
182,646716,86.80152495,3549,0.05,7699,84.0,5.030300140380859,0.0001,161653
182,646800,86.81405834000002,3549,0.05,7700,84.0,4.756529808044434,0.0001,161674
182,646884,86.83317113,3550,0.05,7701,84.0,0.2655445337295532,0.0001,161695
182,646968,86.83422890999998,3550,0.05,7702,84.0,4.472255706787109,0.0001,161716
182,647052,86.85089225999997,3551,0.05,7703,84.0,0.49273866415023804,0.0001,161737
182,647136,86.85341315,3551,0.05,7704,84.0,0.5775343179702759,0.0001,161758
182,647220,86.86203582,3552,0.05,7705,84.0,0.13543221354484558,0.0001,161779
182,647304,86.85852269000002,3552,0.05,7706,84.0,5.213523864746094,0.0001,161800
182,647388,86.81744081000001,3553,0.05,7707,84.0,5.286558628082275,0.0001,161821
182,647472,86.82052345000002,3553,0.05,7708,84.0,0.3350353240966797,0.0001,161842
182,647556,86.82424362,3554,0.05,7709,84.0,0.3978552222251892,0.0001,161863
182,647640,86.82046382,3554,0.05,7710,84.0,0.6171768307685852,0.0001,161884
182,647724,86.83048579000003,3554,0.05,7711,84.0,0.7009127140045166,0.0001,161905
182,647808,86.84199074000001,3555,0.05,7712,84.0,5.058462619781494,0.0001,161926
182,647892,86.84238876,3555,0.05,7713,84.0,0.2823367416858673,0.0001,161947
182,647976,86.84373083,3556,0.05,7714,84.0,4.978337287902832,0.0001,161968
182,648060,86.8348501,3556,0.05,7715,84.0,0.1814391016960144,0.0001,161989
182,648144,86.83756696999998,3557,0.05,7716,84.0,0.5567554235458374,0.0001,162010
182,648228,86.83692709999997,3557,0.05,7717,84.0,9.602485656738281,0.0001,162031
182,648312,86.81064508999998,3558,0.05,7718,84.0,0.5982592105865479,0.0001,162052
182,648396,86.80943523999998,3558,0.05,7719,84.0,0.2251046746969223,0.0001,162073
182,648480,86.83800824,3559,0.05,7720,84.0,4.690490245819092,0.0001,162094
182,648564,86.84194330999999,3559,0.05,7721,84.0,0.29979246854782104,0.0001,162115
182,648648,86.83486258,3560,0.05,7722,84.0,0.4174076020717621,0.0001,162136
182,648732,86.82324455,3560,0.05,7723,84.0,0.0917905867099762,0.0001,162157
182,648816,86.82080371000002,3560,0.05,7724,84.0,0.06763742119073868,0.0001,162178
182,648900,86.81979616000001,3561,0.05,7725,84.0,0.3335205316543579,0.0001,162199
182,648984,86.8253623,3561,0.05,7726,84.0,4.762731075286865,0.0001,162220
182,649068,86.83053460000001,3562,0.05,7727,84.0,4.866142749786377,0.0001,162241
182,649152,86.83361676000003,3562,0.05,7728,84.0,0.7173943519592285,0.0001,162262
182,649236,86.88473707000001,3563,0.05,7729,84.0,0.3018585443496704,0.0001,162283
182,649320,86.89030048000001,3563,0.05,7730,84.0,0.28923022747039795,0.0001,162304
182,649404,86.90157535,3564,0.05,7731,84.0,5.185057163238525,0.0001,162325
182,649488,86.90507173,3564,0.05,7732,84.0,0.45005035400390625,0.0001,162346
182,649572,86.88801910000001,3565,0.05,7733,84.0,0.7827574610710144,0.0001,162367
182,649656,86.88628763000001,3565,0.05,7734,84.0,0.11500635743141174,0.0001,162388
182,649740,86.88338645999998,3566,0.05,7735,84.0,4.938699245452881,0.0001,162409
182,649824,86.88305076,3566,0.05,7736,84.0,0.1439511775970459,0.0001,162430
182,649908,86.87661576,3566,0.05,7737,84.0,5.078026294708252,0.0001,162451
182,649992,86.93000246000001,3567,0.05,7738,84.0,13.451142311096191,0.0001,162472
182,650076,86.93160931,3567,0.05,7739,84.0,0.4914344549179077,0.0001,162493
182,650160,86.917713,3568,0.05,7740,84.0,0.5747362375259399,0.0001,162514
182,650244,86.91674699,3568,0.05,7741,84.0,4.843139171600342,0.0001,162535
182,650328,86.91042405,3569,0.05,7742,84.0,0.35452815890312195,0.0001,162556
182,650412,86.8813416,3569,0.05,7743,84.0,4.395557403564453,0.0001,162577
182,650496,86.88013545,3570,0.05,7744,84.0,0.32082536816596985,0.0001,162598
182,650580,86.87575914000001,3570,0.05,7745,84.0,0.07678863406181335,0.0001,162619
182,650664,86.86844149000001,3571,0.05,7746,84.0,8.945662498474121,0.0001,162640
182,650748,86.8629242,3571,0.05,7747,84.0,0.3779546916484833,0.0001,162661
182,650832,86.8549682,3571,0.05,7748,84.0,0.09767836332321167,0.0001,162682
182,650916,86.84865655999998,3572,0.05,7749,84.0,4.850316047668457,0.0001,162703
182,651000,86.86078563000001,3572,0.05,7750,84.0,0.19156941771507263,0.0001,162724
182,651084,86.86013858000003,3573,0.05,7751,84.0,0.11239346861839294,0.0001,162745
182,651168,86.84780984000001,3573,0.05,7752,84.0,0.3031979501247406,0.0001,162766
182,651252,86.83448004,3574,0.05,7753,84.0,9.026103019714355,0.0001,162787
182,651336,86.83756681000003,3574,0.05,7754,84.0,4.606758117675781,0.0001,162808
182,651420,86.84055637000002,3575,0.05,7755,84.0,5.042089939117432,0.0001,162829
182,651504,86.83974298000001,3575,0.05,7756,84.0,0.3637726902961731,0.0001,162850
182,651588,86.83261631,3576,0.05,7757,84.0,0.10859883576631546,0.0001,162871
182,651672,86.83475417,3576,0.05,7758,84.0,0.30731675028800964,0.0001,162892
182,651756,86.83562457000002,3577,0.05,7759,84.0,0.06275808811187744,0.0001,162913
182,651840,86.83865889,3577,0.05,7760,84.0,0.327516108751297,0.0001,162934
182,651924,86.80529204999999,3578,0.05,7761,84.0,8.962759017944336,0.0001,162955
182,652008,86.79662057,3578,0.05,7762,84.0,0.3270014226436615,0.0001,162976
182,652092,86.80856947999999,3578,0.05,7763,84.0,0.32000207901000977,0.0001,162997
182,652176,86.80274193999999,3579,0.05,7764,84.0,4.564479827880859,0.0001,163018
182,652260,86.7982067,3579,0.05,7765,84.0,0.3087090849876404,0.0001,163039
182,652344,86.79414605999999,3580,0.05,7766,84.0,0.7579224109649658,0.0001,163060
182,652428,86.80028031999998,3580,0.05,7767,84.0,0.1828671544790268,0.0001,163081
182,652512,86.80396938,3581,0.05,7768,84.0,0.3490065932273865,0.0001,163102
182,652596,86.80563569999997,3581,0.05,7769,84.0,0.624114453792572,0.0001,163123
182,652680,86.81055518000001,3582,0.05,7770,84.0,0.26926904916763306,0.0001,163144
182,652764,86.80681927999998,3582,0.05,7771,84.0,0.30240437388420105,0.0001,163165
182,652848,86.80409755999999,3583,0.05,7772,84.0,0.3956458866596222,0.0001,163186
182,652932,86.79338995,3583,0.05,7773,84.0,4.497542858123779,0.0001,163207
182,653016,86.79511381,3584,0.05,7774,84.0,0.42385798692703247,0.0001,163228
182,653100,86.78916024000002,3584,0.05,7775,84.0,0.7196571826934814,0.0001,163249
182,653184,86.79083976000001,3584,0.05,7776,84.0,0.35726311802864075,0.0001,163270
182,653268,86.79783178,3585,0.05,7777,84.0,0.11042162775993347,0.0001,163291
182,653352,86.80138328000001,3585,0.05,7778,84.0,4.606846809387207,0.0001,163312
182,653436,86.79934845,3586,0.05,7779,84.0,9.390934944152832,0.0001,163333
182,653520,86.80875345000003,3586,0.05,7780,84.0,4.9273786544799805,0.0001,163354
182,653604,86.80557591,3587,0.05,7781,84.0,0.1332608461380005,0.0001,163375
182,653688,86.80549421000002,3587,0.05,7782,84.0,0.1489192545413971,0.0001,163396
182,653772,86.74836158000002,3588,0.05,7783,84.0,0.2726760804653168,0.0001,163417
182,653856,86.75660591000002,3588,0.05,7784,84.0,0.5033175945281982,0.0001,163438
182,653940,86.77526094000001,3589,0.05,7785,84.0,4.989500999450684,0.0001,163459
182,654024,86.79693865000002,3589,0.05,7786,84.0,4.904560089111328,0.0001,163480
182,654108,86.79427113,3590,0.05,7787,84.0,0.5111691355705261,0.0001,163501
182,654192,86.79781313000001,3590,0.05,7788,84.0,9.768805503845215,0.0001,163522
182,654276,86.79321766000001,3590,0.05,7789,84.0,0.18003694713115692,0.0001,163543
182,654360,86.78680080000002,3591,0.05,7790,84.0,0.5245023369789124,0.0001,163564
182,654444,86.78343550000001,3591,0.05,7791,84.0,0.2152824103832245,0.0001,163585
182,654528,86.78018901000002,3592,0.05,7792,84.0,4.88026762008667,0.0001,163606
182,654612,86.78708857,3592,0.05,7793,84.0,0.539758563041687,0.0001,163627
182,654696,86.79634046,3593,0.05,7794,84.0,0.1200973242521286,0.0001,163648
182,654780,86.79349312000001,3593,0.05,7795,84.0,0.3468199074268341,0.0001,163669
182,654864,86.78679614000002,3594,0.05,7796,84.0,4.712149620056152,0.0001,163690
182,654948,86.78362266000002,3594,0.05,7797,84.0,9.00030517578125,0.0001,163711
182,655032,86.79009472,3594,0.05,7798,84.0,9.244402885437012,0.0001,163732
182,655116,86.78276001,3595,0.05,7799,84.0,4.460080623626709,0.0001,163753
182,655200,86.78631250000001,3595,0.05,7800,84.0,5.702462196350098,0.0001,163774
182,655284,86.78744178999999,3596,0.05,7801,84.0,9.850054740905762,0.0001,163795
182,655368,86.78840592,3596,0.05,7802,84.0,0.1949985772371292,0.0001,163816
182,655452,86.78857125,3597,0.05,7803,84.0,0.1451868712902069,0.0001,163837
182,655536,86.78445391,3597,0.05,7804,84.0,0.27750110626220703,0.0001,163858
182,655620,86.77655389,3598,0.05,7805,84.0,0.3396705985069275,0.0001,163879
182,655704,86.77658831,3598,0.05,7806,84.0,0.06008632108569145,0.0001,163900
182,655788,86.81093845,3599,0.05,7807,84.0,0.06668895483016968,0.0001,163921
182,655872,86.80799316999999,3599,0.05,7808,84.0,4.814507484436035,0.0001,163942
182,655956,86.80974833999998,3600,0.05,7809,84.0,0.3854510188102722,0.0001,163963
182,656040,86.81391733000001,3600,0.05,7810,84.0,0.2686387002468109,0.0001,163984
182,656124,86.80857683000002,3600,0.05,7811,84.0,0.5471538305282593,0.0001,164005
182,656208,86.79180360000002,3601,0.05,7812,84.0,4.988487720489502,0.0001,164026
182,656292,86.79943921,3601,0.05,7813,84.0,0.11862832307815552,0.0001,164047
182,656376,86.78393393000002,3602,0.05,7814,84.0,0.2819521427154541,0.0001,164068
182,656460,86.79950366000001,3602,0.05,7815,84.0,5.061287879943848,0.0001,164089
182,656544,86.79480641,3603,0.05,7816,84.0,0.29148176312446594,0.0001,164110
182,656628,86.79431129000001,3603,0.05,7817,84.0,0.2310313582420349,0.0001,164131
182,656712,86.81771339,3604,0.05,7818,84.0,0.28073424100875854,0.0001,164152
182,656796,86.81920025000001,3604,0.05,7819,84.0,5.8929972648620605,0.0001,164173
182,656880,86.82303005000001,3605,0.05,7820,84.0,0.38106656074523926,0.0001,164194
182,656964,86.82001033000002,3605,0.05,7821,84.0,0.15581035614013672,0.0001,164215
182,657048,86.82174393000001,3605,0.05,7822,84.0,0.17374441027641296,0.0001,164236
182,657132,86.82033364,3606,0.05,7823,84.0,0.4108348488807678,0.0001,164257
182,657216,86.82648612000001,3606,0.05,7824,84.0,0.29790639877319336,0.0001,164278
182,657300,86.83460686999999,3607,0.05,7825,84.0,0.2286583036184311,0.0001,164299
182,657384,86.82746587,3607,0.05,7826,84.0,0.3297707438468933,0.0001,164320
182,657468,86.82497153999999,3608,0.05,7827,84.0,0.30937275290489197,0.0001,164341
182,657552,86.82835044999997,3608,0.05,7828,84.0,0.10274958610534668,0.0001,164362
182,657636,86.83037717999997,3608,0.05,7829,84.0,5.006850242614746,0.0001,164383
182,657720,86.81441887,3609,0.05,7830,84.0,0.40808016061782837,0.0001,164404
182,657804,86.77859337,3609,0.05,7831,84.0,4.650667190551758,0.0001,164425
182,657888,86.78003808,3610,0.05,7832,84.0,0.11123199760913849,0.0001,164446
182,657972,86.8057821,3610,0.05,7833,84.0,4.973213195800781,0.0001,164467
182,658056,86.81346035,3611,0.05,7834,84.0,0.47713685035705566,0.0001,164488
182,658140,86.80649234999998,3611,0.05,7835,84.0,5.210512161254883,0.0001,164509
182,658224,86.80561785999998,3612,0.05,7836,84.0,0.12130197882652283,0.0001,164530
182,658308,86.80407389,3612,0.05,7837,84.0,0.2554485499858856,0.0001,164551
182,658392,86.80054592999998,3612,0.05,7838,84.0,0.2535673975944519,0.0001,164572
182,658476,86.80382776999998,3613,0.05,7839,84.0,4.504199028015137,0.0001,164593
182,658560,86.80956577,3613,0.05,7840,84.0,4.511371612548828,0.0001,164614
182,658644,86.80747225,3614,0.05,7841,84.0,0.1335296332836151,0.0001,164635
182,658728,86.77946406000001,3614,0.05,7842,84.0,0.10785543918609619,0.0001,164656
182,658812,86.81137468000001,3615,0.05,7843,84.0,0.3636229634284973,0.0001,164677
182,658896,86.81831653,3615,0.05,7844,84.0,4.664491653442383,0.0001,164698
182,658980,86.82197548999999,3615,0.05,7845,84.0,0.6625427007675171,0.0001,164719
182,659064,86.83142081000001,3616,0.05,7846,84.0,4.5349249839782715,0.0001,164740
182,659148,86.82685998000001,3616,0.05,7847,84.0,0.044460613280534744,0.0001,164761
182,659232,86.83075500000002,3617,0.05,7848,84.0,4.345518589019775,0.0001,164782
182,659316,86.82790894000001,3617,0.05,7849,84.0,0.9330697059631348,0.0001,164803
182,659400,86.82118241,3618,0.05,7850,84.0,0.1590287685394287,0.0001,164824
182,659484,86.81938806000002,3618,0.05,7851,84.0,0.6444035768508911,0.0001,164845
182,659568,86.81978796,3619,0.05,7852,84.0,0.1947648823261261,0.0001,164866
182,659652,86.84216773,3619,0.05,7853,84.0,4.459955215454102,0.0001,164887
182,659736,86.83975369,3620,0.05,7854,84.0,5.101202964782715,0.0001,164908
182,659820,86.80875564,3620,0.05,7855,84.0,9.283885955810547,0.0001,164929
182,659904,86.79864522000001,3620,0.05,7856,84.0,0.508536696434021,0.0001,164950
182,659988,86.80032431,3621,0.05,7857,84.0,0.13464240729808807,0.0001,164971
182,660072,86.79968930000001,3621,0.05,7858,84.0,0.5135191679000854,0.0001,164992
182,660156,86.80446225000001,3622,0.05,7859,84.0,0.23255111277103424,0.0001,165013
182,660240,86.8001865,3622,0.05,7860,84.0,0.31295210123062134,0.0001,165034
182,660324,86.81876688,3623,0.05,7861,84.0,0.3352019488811493,0.0001,165055
182,660408,86.81873746,3623,0.05,7862,84.0,0.12602779269218445,0.0001,165076
182,660492,86.81760708999998,3623,0.05,7863,84.0,0.31510454416275024,0.0001,165097
182,660576,86.82026978,3624,0.05,7864,84.0,0.18480676412582397,0.0001,165118
182,660660,86.8207801,3624,0.05,7865,84.0,0.5814627408981323,0.0001,165139
182,660744,86.83916262000001,3625,0.05,7866,84.0,0.26771217584609985,0.0001,165160
182,660828,86.83119014000003,3625,0.05,7867,84.0,0.5319620966911316,0.0001,165181
182,660912,86.82549428000002,3626,0.05,7868,84.0,0.2717924118041992,0.0001,165202
182,660996,86.82137660000002,3626,0.05,7869,84.0,0.194289892911911,0.0001,165223
182,661080,86.81802478000002,3627,0.05,7870,84.0,0.4470598101615906,0.0001,165244
182,661164,86.82077320000002,3627,0.05,7871,84.0,0.1029113382101059,0.0001,165265
182,661248,86.81907058,3628,0.05,7872,84.0,0.11681798100471497,0.0001,165286
182,661332,86.83093599,3628,0.05,7873,84.0,0.145293727517128,0.0001,165307
182,661416,86.82788865,3628,0.05,7874,84.0,0.6113508939743042,0.0001,165328
182,661500,86.82640165000001,3629,0.05,7875,84.0,0.3617265522480011,0.0001,165349
182,661584,86.82056155999999,3629,0.05,7876,84.0,0.27751898765563965,0.0001,165370
182,661668,86.81417062999999,3630,0.05,7877,84.0,0.38625383377075195,0.0001,165391
182,661752,86.81310088000001,3630,0.05,7878,84.0,0.09533075243234634,0.0001,165412
182,661836,86.80565144,3631,0.05,7879,84.0,0.5974760055541992,0.0001,165433
182,661920,86.79397209999999,3631,0.05,7880,84.0,0.3864314556121826,0.0001,165454
182,662004,86.76725303,3631,0.05,7881,84.0,0.12692049145698547,0.0001,165475
182,662088,86.77435833999998,3632,0.05,7882,84.0,4.76438570022583,0.0001,165496
182,662172,86.78593640999999,3632,0.05,7883,84.0,4.961215496063232,0.0001,165517
182,662256,86.80076289,3633,0.05,7884,84.0,0.12833528220653534,0.0001,165538
182,662340,86.80082334000002,3633,0.05,7885,84.0,9.341268539428711,0.0001,165559
182,662424,86.81486838000001,3634,0.05,7886,84.0,0.14326626062393188,0.0001,165580
182,662508,86.82237380000002,3634,0.05,7887,84.0,0.3173409104347229,0.0001,165601
182,662592,86.81953306999999,3634,0.05,7888,84.0,4.64384651184082,0.0001,165622
182,662676,86.82649726,3635,0.05,7889,84.0,0.7501928806304932,0.0001,165643
182,662760,86.82909195999999,3635,0.05,7890,84.0,0.06010955199599266,0.0001,165664
182,662844,86.83190557,3636,0.05,7891,84.0,4.888260364532471,0.0001,165685
182,662928,86.83097266,3636,0.05,7892,84.0,0.45577162504196167,0.0001,165706
182,663012,86.82459361000001,3637,0.05,7893,84.0,0.30847764015197754,0.0001,165727
182,663096,86.8085586,3637,0.05,7894,84.0,0.5541895627975464,0.0001,165748
182,663180,86.80809398999997,3637,0.05,7895,84.0,0.310634046792984,0.0001,165769
182,663264,86.82490624999998,3638,0.05,7896,84.0,0.1488482654094696,0.0001,165790
182,663348,86.82527870999998,3638,0.05,7897,84.0,5.197672367095947,0.0001,165811
182,663432,86.8042735,3639,0.05,7898,84.0,0.10113080590963364,0.0001,165832
182,663516,86.80797471000001,3639,0.05,7899,84.0,4.888618469238281,0.0001,165853
182,663600,86.8071285,3640,0.05,7900,84.0,4.924015998840332,0.0001,165874
182,663684,86.81058026999999,3640,0.05,7901,84.0,4.747053146362305,0.0001,165895
182,663768,86.81316777999999,3641,0.05,7902,84.0,0.0557313896715641,0.0001,165916
182,663852,86.81220356,3641,0.05,7903,84.0,0.3439370393753052,0.0001,165937
182,663936,86.78397814,3641,0.05,7904,84.0,0.07986865192651749,0.0001,165958
182,664020,86.78955138,3642,0.05,7905,84.0,4.525632381439209,0.0001,165979
182,664104,86.77416271,3642,0.05,7906,84.0,4.559373378753662,0.0001,166000
182,664188,86.77255006000001,3643,0.05,7907,84.0,0.3090350031852722,0.0001,166021
182,664272,86.75642998000001,3643,0.05,7908,84.0,0.34719663858413696,0.0001,166042
182,664356,86.75789098000001,3644,0.05,7909,84.0,0.47086673974990845,0.0001,166063
182,664440,86.75929853000001,3644,0.05,7910,84.0,0.05292171239852905,0.0001,166084
182,664524,86.75489680000001,3644,0.05,7911,84.0,9.060328483581543,0.0001,166105
182,664608,86.76752864,3645,0.05,7912,84.0,5.049878120422363,0.0001,166126
182,664692,86.7740919,3645,0.05,7913,84.0,0.29864147305488586,0.0001,166147
182,664776,86.78963839,3646,0.05,7914,84.0,8.713229179382324,0.0001,166168
182,664860,86.78685342,3646,0.05,7915,84.0,4.857635021209717,0.0001,166189
182,664944,86.80004622,3647,0.05,7916,84.0,4.5333709716796875,0.0001,166210
182,665028,86.79395999,3647,0.05,7917,84.0,0.5515354871749878,0.0001,166231
182,665112,86.7934402,3647,0.05,7918,84.0,0.20182359218597412,0.0001,166252
182,665196,86.78876620000001,3648,0.05,7919,84.0,0.6061055660247803,0.0001,166273
182,665280,86.78505367000001,3648,0.05,7920,84.0,0.2261052429676056,0.0001,166294
182,665364,86.78838776000002,3649,0.05,7921,84.0,0.36547380685806274,0.0001,166315
182,665448,86.79050451,3649,0.05,7922,84.0,0.49453791975975037,0.0001,166336
182,665532,86.78653616000001,3650,0.05,7923,84.0,0.08394421637058258,0.0001,166357
182,665616,86.77801095,3650,0.05,7924,84.0,4.531264305114746,0.0001,166378
182,665700,86.77580059,3651,0.05,7925,84.0,4.785952091217041,0.0001,166399
182,665784,86.77631912000001,3651,0.05,7926,84.0,0.1371862292289734,0.0001,166420
182,665868,86.7757535,3651,0.05,7927,84.0,5.4589619636535645,0.0001,166441
182,665952,86.7653259,3652,0.05,7928,84.0,0.35131004452705383,0.0001,166462
182,666036,86.75281718000001,3652,0.05,7929,84.0,4.364199638366699,0.0001,166483
182,666120,86.76247971999999,3653,0.05,7930,84.0,0.3860885202884674,0.0001,166504
182,666204,86.76297389999999,3653,0.05,7931,84.0,0.17767712473869324,0.0001,166525
182,666288,86.76235979,3653,0.05,7932,84.0,0.09675715863704681,0.0001,166546
182,666372,86.74933893,3654,0.05,7933,84.0,0.530627965927124,0.0001,166567
182,666456,86.74182786,3654,0.05,7934,84.0,0.1416051685810089,0.0001,166588
182,666540,86.74525501,3655,0.05,7935,84.0,9.65195369720459,0.0001,166609
182,666624,86.74918552999999,3655,0.05,7936,84.0,5.5615553855896,0.0001,166630
182,666708,86.76023320999998,3656,0.05,7937,84.0,0.33389145135879517,0.0001,166651
182,666792,86.75846290999999,3656,0.05,7938,84.0,0.09718360006809235,0.0001,166672
182,666876,86.75847357,3656,0.05,7939,84.0,4.440840721130371,0.0001,166693
182,666960,86.76607262000002,3657,0.05,7940,84.0,0.33007943630218506,0.0001,166714
182,667044,86.76599561,3657,0.05,7941,84.0,0.36237573623657227,0.0001,166735
182,667128,86.79579693,3658,0.05,7942,84.0,5.120944499969482,0.0001,166756
182,667212,86.79193098000002,3658,0.05,7943,84.0,4.856713771820068,0.0001,166777
182,667296,86.75619284,3659,0.05,7944,84.0,0.11069230735301971,0.0001,166798
182,667380,86.75723499000001,3659,0.05,7945,84.0,0.12062041461467743,0.0001,166819
182,667464,86.75384542000002,3659,0.05,7946,84.0,0.5445807576179504,0.0001,166840
182,667548,86.75564326000003,3660,0.05,7947,84.0,0.34098464250564575,0.0001,166861
182,667632,86.75185589,3660,0.05,7948,84.0,0.07772987335920334,0.0001,166882
182,667716,86.75618664000001,3661,0.05,7949,84.0,0.14667312800884247,0.0001,166903
182,667800,86.75465545000002,3661,0.05,7950,84.0,0.24750398099422455,0.0001,166924
182,667884,86.75996732999998,3662,0.05,7951,84.0,0.09913213551044464,0.0001,166945
182,667968,86.76779690999997,3662,0.05,7952,84.0,0.39602750539779663,0.0001,166966
182,668052,86.76233154999998,3663,0.05,7953,84.0,0.6588518619537354,0.0001,166987
182,668136,86.74737278,3663,0.05,7954,84.0,4.749113082885742,0.0001,167008
182,668220,86.7785802,3663,0.05,7955,84.0,4.815260410308838,0.0001,167029
182,668304,86.77959778,3664,0.05,7956,84.0,0.30255424976348877,0.0001,167050
182,668388,86.77892990000002,3664,0.05,7957,84.0,0.0638551414012909,0.0001,167071
182,668472,86.78751920000002,3665,0.05,7958,84.0,4.746434211730957,0.0001,167092
182,668556,86.78806764000001,3665,0.05,7959,84.0,0.3814839720726013,0.0001,167113
182,668640,86.78898689000003,3666,0.05,7960,84.0,0.33903828263282776,0.0001,167134
182,668724,86.80098949,3666,0.05,7961,84.0,0.13523191213607788,0.0001,167155
182,668808,86.79974748000001,3666,0.05,7962,84.0,0.1682131290435791,0.0001,167176
182,668892,86.80416926,3667,0.05,7963,84.0,0.5757454633712769,0.0001,167197
182,668976,86.78268422000001,3667,0.05,7964,84.0,9.365996360778809,0.0001,167218
182,669060,86.78781311,3668,0.05,7965,84.0,0.6406145095825195,0.0001,167239
182,669144,86.77334831,3668,0.05,7966,84.0,5.430051326751709,0.0001,167260
182,669228,86.76870066,3669,0.05,7967,84.0,0.31910738348960876,0.0001,167281
182,669312,86.74870881999999,3669,0.05,7968,84.0,0.3188249468803406,0.0001,167302
182,669396,86.75684469000002,3669,0.05,7969,84.0,4.728426456451416,0.0001,167323
182,669480,86.76049019000001,3670,0.05,7970,84.0,0.29866164922714233,0.0001,167344
182,669564,86.75912696000002,3670,0.05,7971,84.0,0.216948464512825,0.0001,167365
182,669648,86.76521676,3671,0.05,7972,84.0,0.33779585361480713,0.0001,167386
182,669732,86.76671809000003,3671,0.05,7973,84.0,4.499841690063477,0.0001,167407
182,669816,86.76355465,3672,0.05,7974,84.0,8.850533485412598,0.0001,167428
182,669900,86.76926029,3672,0.05,7975,84.0,4.528576374053955,0.0001,167449
182,669984,86.77372709000001,3672,0.05,7976,84.0,0.7294051647186279,0.0001,167470
182,670068,86.77162283000001,3673,0.05,7977,84.0,0.4039973020553589,0.0001,167491
182,670152,86.72451640999999,3673,0.05,7978,84.0,4.362483978271484,0.0001,167512
182,670236,86.69468068,3674,0.05,7979,84.0,0.3603293299674988,0.0001,167533
182,670320,86.70325714,3674,0.05,7980,84.0,0.26795247197151184,0.0001,167554
182,670404,86.73313135000001,3675,0.05,7981,84.0,4.546093940734863,0.0001,167575
182,670488,86.70999045999999,3675,0.05,7982,84.0,4.737159252166748,0.0001,167596
182,670572,86.73645423999999,3675,0.05,7983,84.0,4.914458751678467,0.0001,167617
182,670656,86.72077155999999,3676,0.05,7984,84.0,0.7539383172988892,0.0001,167638
182,670740,86.72054143999999,3676,0.05,7985,84.0,0.34851035475730896,0.0001,167659
182,670824,86.71776408000001,3677,0.05,7986,84.0,0.5949586629867554,0.0001,167680
182,670908,86.70594496000001,3677,0.05,7987,84.0,0.38678061962127686,0.0001,167701
182,670992,86.71442772,3678,0.05,7988,84.0,0.19597315788269043,0.0001,167722
182,671076,86.72109466,3678,0.05,7989,84.0,0.5827252864837646,0.0001,167743
182,671160,86.7245042,3678,0.05,7990,84.0,5.214676380157471,0.0001,167764
182,671244,86.72851657000001,3679,0.05,7991,84.0,5.427958011627197,0.0001,167785
182,671328,86.72494686,3679,0.05,7992,84.0,0.16952410340309143,0.0001,167806
182,671412,86.71815892,3680,0.05,7993,84.0,4.621683597564697,0.0001,167827
182,671496,86.72288841000001,3680,0.05,7994,84.0,4.880213260650635,0.0001,167848
182,671580,86.71874767999999,3681,0.05,7995,84.0,0.09262176603078842,0.0001,167869
182,671664,86.6723006,3681,0.05,7996,84.0,0.6081821322441101,0.0001,167890
182,671748,86.67160778999998,3682,0.05,7997,84.0,0.535409152507782,0.0001,167911
182,671832,86.68273305999999,3682,0.05,7998,84.0,4.543178081512451,0.0001,167932
182,671916,86.68171205,3683,0.05,7999,84.0,0.5290300250053406,0.0001,167953
182,672000,86.65255655000001,3683,0.05,8000,84.0,0.3784571588039398,0.0001,167974
182,672084,86.64554694,3683,0.05,8001,84.0,4.637123107910156,0.0001,167995
182,672168,86.64366363000003,3684,0.05,8002,84.0,4.8186354637146,0.0001,168016
182,672252,86.65102708000002,3684,0.05,8003,84.0,0.05081827938556671,0.0001,168037
182,672336,86.67923477000002,3685,0.05,8004,84.0,0.14500431716442108,0.0001,168058
182,672420,86.67155785000001,3685,0.05,8005,84.0,0.31211188435554504,0.0001,168079
182,672504,86.69249364,3686,0.05,8006,84.0,0.06884506344795227,0.0001,168100
182,672588,86.69971396000001,3686,0.05,8007,84.0,4.667069911956787,0.0001,168121
182,672672,86.70888703,3687,0.05,8008,84.0,0.08514411002397537,0.0001,168142
182,672756,86.70451718,3687,0.05,8009,84.0,0.26860883831977844,0.0001,168163
182,672840,86.70550497,3687,0.05,8010,84.0,4.962564468383789,0.0001,168184
182,672924,86.70770808000002,3688,0.05,8011,84.0,0.35025209188461304,0.0001,168205
182,673008,86.69155919,3688,0.05,8012,84.0,0.42345455288887024,0.0001,168226
182,673092,86.67687880000001,3689,0.05,8013,84.0,0.1387384980916977,0.0001,168247
182,673176,86.65477423,3689,0.05,8014,84.0,0.16816753149032593,0.0001,168268
182,673260,86.65478557,3690,0.05,8015,84.0,0.41280239820480347,0.0001,168289
182,673344,86.64731826999997,3690,0.05,8016,84.0,0.43199610710144043,0.0001,168310
182,673428,86.65136421999999,3691,0.05,8017,84.0,0.5401303768157959,0.0001,168331
182,673512,86.65517048000001,3691,0.05,8018,84.0,0.13095811009407043,0.0001,168352
182,673596,86.65811972,3692,0.05,8019,84.0,0.0656365156173706,0.0001,168373
182,673680,86.66634526000001,3692,0.05,8020,84.0,4.900218486785889,0.0001,168394
182,673764,86.66683483999999,3692,0.05,8021,84.0,4.706425189971924,0.0001,168415
182,673848,86.66888325999999,3693,0.05,8022,84.0,4.397158622741699,0.0001,168436
182,673932,86.67437586999996,3693,0.05,8023,84.0,5.099621295928955,0.0001,168457
182,674016,86.68020032999999,3694,0.05,8024,84.0,0.14218556880950928,0.0001,168478
182,674100,86.67996497,3694,0.05,8025,84.0,0.5519794225692749,0.0001,168499
182,674184,86.68006495,3695,0.05,8026,84.0,0.5168178677558899,0.0001,168520
182,674268,86.68013724000001,3695,0.05,8027,84.0,0.575465977191925,0.0001,168541
182,674352,86.68474128000001,3696,0.05,8028,84.0,8.598238945007324,0.0001,168562
182,674436,86.69768801000001,3696,0.05,8029,84.0,4.601869583129883,0.0001,168583
182,674520,86.70303660000002,3697,0.05,8030,84.0,4.711298942565918,0.0001,168604
182,674604,86.72161789000002,3697,0.05,8031,84.0,4.957886219024658,0.0001,168625
182,674688,86.70700402,3697,0.05,8032,84.0,4.942704200744629,0.0001,168646
182,674772,86.71289548,3698,0.05,8033,84.0,4.918802738189697,0.0001,168667
182,674856,86.70743723000001,3698,0.05,8034,84.0,0.5323891639709473,0.0001,168688
182,674940,86.71302867000003,3699,0.05,8035,84.0,0.36040645837783813,0.0001,168709
182,675024,86.71008102000002,3699,0.05,8036,84.0,0.3287903666496277,0.0001,168730
182,675108,86.70904325000001,3700,0.05,8037,84.0,9.642024040222168,0.0001,168751
182,675192,86.66714602000002,3700,0.05,8038,84.0,0.08029595762491226,0.0001,168772
182,675276,86.66541494,3701,0.05,8039,84.0,4.612066745758057,0.0001,168793
182,675360,86.65786453000001,3701,0.05,8040,84.0,9.621066093444824,0.0001,168814
182,675444,86.64740425,3701,0.05,8041,84.0,0.12039215862751007,0.0001,168835
182,675528,86.6463686,3702,0.05,8042,84.0,0.5154146552085876,0.0001,168856
182,675612,86.64424652,3702,0.05,8043,84.0,0.30051279067993164,0.0001,168877
182,675696,86.66324091999999,3703,0.05,8044,84.0,1.2287983894348145,0.0001,168898
182,675780,86.66022524999998,3703,0.05,8045,84.0,5.394055366516113,0.0001,168919
182,675864,86.66306112999999,3704,0.05,8046,84.0,0.4813699424266815,0.0001,168940
182,675948,86.65978283,3704,0.05,8047,84.0,4.6629958152771,0.0001,168961
182,676032,86.65972992000003,3704,0.05,8048,84.0,4.945189952850342,0.0001,168982
182,676116,86.6525316,3705,0.05,8049,84.0,0.7298370003700256,0.0001,169003
182,676200,86.65435474,3705,0.05,8050,84.0,0.6429600119590759,0.0001,169024
182,676284,86.65607144999998,3706,0.05,8051,84.0,0.5281285047531128,0.0001,169045
182,676368,86.64368444999998,3706,0.05,8052,84.0,4.860572814941406,0.0001,169066
182,676452,86.64681767999998,3707,0.05,8053,84.0,0.3946307897567749,0.0001,169087
182,676536,86.661198,3707,0.05,8054,84.0,0.12703266739845276,0.0001,169108
182,676620,86.65556809,3708,0.05,8055,84.0,4.930657863616943,0.0001,169129
182,676704,86.66166223,3708,0.05,8056,84.0,0.30210912227630615,0.0001,169150
182,676788,86.66202844000001,3709,0.05,8057,84.0,5.235018253326416,0.0001,169171
182,676872,86.65211218,3709,0.05,8058,84.0,4.479705333709717,0.0001,169192
182,676956,86.64521265000002,3709,0.05,8059,84.0,0.16822949051856995,0.0001,169213
182,677040,86.64049235,3710,0.05,8060,84.0,4.855263710021973,0.0001,169234
182,677124,86.63241662,3710,0.05,8061,84.0,0.32483404874801636,0.0001,169255
182,677208,86.63103632000002,3711,0.05,8062,84.0,0.3784906566143036,0.0001,169276
182,677292,86.63050962999999,3711,0.05,8063,84.0,0.11500807106494904,0.0001,169297
182,677376,86.64889718,3712,0.05,8064,84.0,0.10495531558990479,0.0001,169318
182,677460,86.64398038000003,3712,0.05,8065,84.0,0.16899678111076355,0.0001,169339
182,677544,86.64217683000003,3712,0.05,8066,84.0,5.337117671966553,0.0001,169360
182,677628,86.64562753000004,3713,0.05,8067,84.0,4.67693567276001,0.0001,169381
182,677712,86.66620169000002,3713,0.05,8068,84.0,0.1455172598361969,0.0001,169402
182,677796,86.65466468000001,3714,0.05,8069,84.0,5.144713401794434,0.0001,169423
182,677880,86.65292256000002,3714,0.05,8070,84.0,0.11190981417894363,0.0001,169444
182,677964,86.65197464,3715,0.05,8071,84.0,0.36014509201049805,0.0001,169465
182,678048,86.66110732000001,3715,0.05,8072,84.0,0.07632622122764587,0.0001,169486
182,678132,86.65856846000003,3716,0.05,8073,84.0,0.5097392797470093,0.0001,169507
182,678216,86.64506318,3716,0.05,8074,84.0,4.064828872680664,0.0001,169528
182,678300,86.64561628000001,3716,0.05,8075,84.0,0.5011217594146729,0.0001,169549
182,678384,86.64169546,3717,0.05,8076,84.0,0.5418106913566589,0.0001,169570
182,678468,86.62962842,3717,0.05,8077,84.0,0.18604859709739685,0.0001,169591
182,678552,86.67037241000001,3718,0.05,8078,84.0,0.13953590393066406,0.0001,169612
182,678636,86.72477979000001,3718,0.05,8079,84.0,0.5266817808151245,0.0001,169633
182,678720,86.72297303,3718,0.05,8080,84.0,0.13191497325897217,0.0001,169654
182,678804,86.66893380000002,3719,0.05,8081,84.0,0.0658995732665062,0.0001,169675
182,678888,86.68527496,3719,0.05,8082,84.0,0.838337779045105,0.0001,169696
182,678972,86.67890794,3720,0.05,8083,84.0,4.673365592956543,0.0001,169717
182,679056,86.67968507000002,3720,0.05,8084,84.0,9.397008895874023,0.0001,169738
182,679140,86.63360691,3721,0.05,8085,84.0,0.6317735910415649,0.0001,169759
182,679224,86.63781160999999,3721,0.05,8086,84.0,5.151644706726074,0.0001,169780
182,679308,86.64229852999999,3722,0.05,8087,84.0,4.704043388366699,0.0001,169801
182,679392,86.63484561,3722,0.05,8088,84.0,4.827820777893066,0.0001,169822
182,679476,86.62774975999999,3722,0.05,8089,84.0,0.29889076948165894,0.0001,169843
182,679560,86.62912173,3723,0.05,8090,84.0,0.3324897885322571,0.0001,169864
182,679644,86.63710937999998,3723,0.05,8091,84.0,1.0754820108413696,0.0001,169885
182,679728,86.63749813,3724,0.05,8092,84.0,0.17041678726673126,0.0001,169906
182,679812,86.65097175,3724,0.05,8093,84.0,9.318613052368164,0.0001,169927
182,679896,86.65711735000002,3725,0.05,8094,84.0,0.3771803379058838,0.0001,169948
182,679980,86.66135072000002,3725,0.05,8095,84.0,9.373936653137207,0.0001,169969
182,680064,86.68924325,3725,0.05,8096,84.0,0.6293033361434937,0.0001,169990
182,680148,86.68190002,3726,0.05,8097,84.0,0.2697597146034241,0.0001,170011
182,680232,86.68358916,3726,0.05,8098,84.0,4.850376605987549,0.0001,170032
182,680316,86.68795579999998,3727,0.05,8099,84.0,4.936811923980713,0.0001,170053
182,680400,86.70955267999997,3727,0.05,8100,84.0,0.3705233931541443,0.0001,170074
182,680484,86.70213236,3728,0.05,8101,84.0,0.4389820992946625,0.0001,170095
182,680568,86.70067623000001,3728,0.05,8102,84.0,4.982300758361816,0.0001,170116
182,680652,86.69708146,3729,0.05,8103,84.0,0.07558853924274445,0.0001,170137
182,680736,86.69857203,3729,0.05,8104,84.0,9.4168701171875,0.0001,170158
182,680820,86.70118721,3730,0.05,8105,84.0,0.14603641629219055,0.0001,170179
182,680904,86.70440925999999,3730,0.05,8106,84.0,0.16909262537956238,0.0001,170200
182,680988,86.70358402,3731,0.05,8107,84.0,0.21812039613723755,0.0001,170221
182,681072,86.71475668,3731,0.05,8108,84.0,9.642393112182617,0.0001,170242
182,681156,86.71748931000002,3731,0.05,8109,84.0,4.5070977210998535,0.0001,170263
182,681240,86.71341575999999,3732,0.05,8110,84.0,0.1802988201379776,0.0001,170284
182,681324,86.72249366000001,3732,0.05,8111,84.0,4.851091384887695,0.0001,170305
182,681408,86.74448734999999,3733,0.05,8112,84.0,0.15067116916179657,0.0001,170326
182,681492,86.73857001,3733,0.05,8113,84.0,9.69267463684082,0.0001,170347
182,681576,86.75813849000001,3734,0.05,8114,84.0,4.623425006866455,0.0001,170368
182,681660,86.75500123,3734,0.05,8115,84.0,5.418058395385742,0.0001,170389
182,681744,86.74809703000003,3735,0.05,8116,84.0,0.11336075514554977,0.0001,170410
182,681828,86.75418537000003,3735,0.05,8117,84.0,0.35106536746025085,0.0001,170431
182,681912,86.7556588,3736,0.05,8118,84.0,4.977954864501953,0.0001,170452
182,681996,86.75528747999999,3736,0.05,8119,84.0,0.29529690742492676,0.0001,170473
182,682080,86.74703531999998,3736,0.05,8120,84.0,4.564437389373779,0.0001,170494
182,682164,86.74276703999998,3737,0.05,8121,84.0,0.057590581476688385,0.0001,170515
182,682248,86.74020474999999,3737,0.05,8122,84.0,4.598789691925049,0.0001,170536
182,682332,86.74464258999998,3738,0.05,8123,84.0,8.863070487976074,0.0001,170557
182,682416,86.74797177999999,3738,0.05,8124,84.0,0.30469733476638794,0.0001,170578
182,682500,86.75424997,3739,0.05,8125,84.0,0.1566728800535202,0.0001,170599
182,682584,86.75464580999999,3739,0.05,8126,84.0,0.3016500473022461,0.0001,170620
182,682668,86.74144365000001,3739,0.05,8127,84.0,0.48435860872268677,0.0001,170641
182,682752,86.74377977,3740,0.05,8128,84.0,0.6863176226615906,0.0001,170662
182,682836,86.74440339,3740,0.05,8129,84.0,4.726025104522705,0.0001,170683
182,682920,86.73915253999999,3741,0.05,8130,84.0,0.4926787316799164,0.0001,170704
182,683004,86.73952266,3741,0.05,8131,84.0,0.04655762389302254,0.0001,170725
182,683088,86.75181914999997,3742,0.05,8132,84.0,0.046554625034332275,0.0001,170746
182,683172,86.75620692999999,3742,0.05,8133,84.0,0.5390129089355469,0.0001,170767
182,683256,86.75980288,3743,0.05,8134,84.0,0.29088926315307617,0.0001,170788
182,683340,86.75757066,3743,0.05,8135,84.0,0.10311844944953918,0.0001,170809
182,683424,86.76018400999999,3744,0.05,8136,84.0,0.13159598410129547,0.0001,170830
182,683508,86.74237321999999,3744,0.05,8137,84.0,0.18177181482315063,0.0001,170851
182,683592,86.78523908999999,3744,0.05,8138,84.0,0.3775779604911804,0.0001,170872
182,683676,86.78537948999998,3745,0.05,8139,84.0,4.851119041442871,0.0001,170893
182,683760,86.78754581999998,3745,0.05,8140,84.0,0.3841301202774048,0.0001,170914
182,683844,86.80406783999997,3746,0.05,8141,84.0,18.680652618408203,0.0001,170935
182,683928,86.80575348,3746,0.05,8142,84.0,0.07667360454797745,0.0001,170956
182,684012,86.80710856999998,3747,0.05,8143,84.0,0.16209445893764496,0.0001,170977
182,684096,86.81223185,3747,0.05,8144,84.0,4.6453447341918945,0.0001,170998
182,684180,86.80426622,3748,0.05,8145,84.0,4.811346530914307,0.0001,171019
182,684264,86.80012359999999,3748,0.05,8146,84.0,4.4324631690979,0.0001,171040
182,684348,86.79966197000002,3748,0.05,8147,84.0,4.9337077140808105,0.0001,171061
182,684432,86.80037340000001,3749,0.05,8148,84.0,0.3011639416217804,0.0001,171082
182,684516,86.81327685999999,3749,0.05,8149,84.0,4.720139503479004,0.0001,171103
182,684600,86.80663971999996,3750,0.05,8150,84.0,5.263263702392578,0.0001,171124
182,684684,86.80572753999996,3750,0.05,8151,84.0,0.1030222624540329,0.0001,171145
182,684768,86.78212224999997,3751,0.05,8152,84.0,0.09265623241662979,0.0001,171166
182,684852,86.78690471,3751,0.05,8153,84.0,0.39665237069129944,0.0001,171187
182,684936,86.78710301000001,3752,0.05,8154,84.0,0.1318851113319397,0.0001,171208
182,685020,86.7854699,3752,0.05,8155,84.0,4.224311351776123,0.0001,171229
182,685104,86.78716723,3753,0.05,8156,84.0,4.996652126312256,0.0001,171250
182,685188,86.78746527000001,3753,0.05,8157,84.0,4.987702369689941,0.0001,171271
182,685272,86.76846995,3753,0.05,8158,84.0,0.06158224493265152,0.0001,171292
182,685356,86.77023157000002,3754,0.05,8159,84.0,0.17901752889156342,0.0001,171313
182,685440,86.78261085,3754,0.05,8160,84.0,0.2984628677368164,0.0001,171334
182,685524,86.79274045,3755,0.05,8161,84.0,0.19316238164901733,0.0001,171355
182,685608,86.79378317999999,3755,0.05,8162,84.0,0.07744790613651276,0.0001,171376
182,685692,86.78556450999999,3756,0.05,8163,84.0,0.3568955957889557,0.0001,171397
182,685776,86.78653914999997,3757,0.05,8164,84.0,0.05660939961671829,0.0001,171418
182,685860,86.78985571999998,3757,0.05,8165,84.0,4.472972393035889,0.0001,171439
182,685944,86.79930076,3758,0.05,8166,84.0,0.08175310492515564,0.0001,171460
182,686028,86.79816613999999,3758,0.05,8167,84.0,0.2429230809211731,0.0001,171481
182,686112,86.76204173,3759,0.05,8168,84.0,0.3795410394668579,0.0001,171502
182,686196,86.76395269000002,3759,0.05,8169,84.0,0.14514173567295074,0.0001,171523
182,686280,86.76357863,3760,0.05,8170,84.0,4.801043510437012,0.0001,171544
182,686364,86.76350845,3760,0.05,8171,84.0,0.06348581612110138,0.0001,171565
182,686448,86.75551263999999,3761,0.05,8172,84.0,5.182660102844238,0.0001,171586
182,686532,86.75994595999998,3762,0.05,8173,84.0,4.278421401977539,0.0001,171607
182,686616,86.77661934000001,3762,0.05,8174,84.0,0.08572360873222351,0.0001,171628
182,686700,86.74569794000003,3763,0.05,8175,84.0,0.3282299339771271,0.0001,171649
182,686784,86.74891772999999,3763,0.05,8176,84.0,1.382627248764038,0.0001,171670
182,686868,86.75814597,3764,0.05,8177,84.0,0.09174580872058868,0.0001,171691
182,686952,86.76484816,3764,0.05,8178,84.0,0.3193846046924591,0.0001,171712
182,687036,86.74722387,3765,0.05,8179,84.0,9.020950317382812,0.0001,171733
182,687120,86.73973357000001,3765,0.05,8180,84.0,0.09345705807209015,0.0001,171754
182,687204,86.79729992000003,3766,0.05,8181,84.0,0.40189945697784424,0.0001,171775
182,687288,86.80548347000001,3766,0.05,8182,84.0,0.5235179662704468,0.0001,171796
182,687372,86.82590328,3767,0.05,8183,84.0,0.0761389285326004,0.0001,171817
182,687456,86.80849773,3767,0.05,8184,84.0,0.12165608257055283,0.0001,171838
182,687540,86.85496989,3768,0.05,8185,84.0,0.21653233468532562,0.0001,171859
182,687624,86.84597889000001,3769,0.05,8186,84.0,4.842021465301514,0.0001,171880
182,687708,86.84134176000002,3769,0.05,8187,84.0,0.12463045120239258,0.0001,171901
182,687792,86.83768611,3770,0.05,8188,84.0,0.5509741306304932,0.0001,171922
182,687876,86.83635921000001,3770,0.05,8189,84.0,8.810184478759766,0.0001,171943
182,687960,86.82947666,3771,0.05,8190,84.0,5.179159164428711,0.0001,171964
182,688044,86.81674250000002,3771,0.05,8191,84.0,0.3027183711528778,0.0001,171985
182,688128,86.81565134000002,3772,0.05,8192,84.0,0.6517767906188965,0.0001,172006
182,688212,86.81143851,3772,0.05,8193,84.0,0.3445433974266052,0.0001,172027
182,688296,86.80742526000002,3773,0.05,8194,84.0,0.30052947998046875,0.0001,172048
182,688380,86.80800261,3773,0.05,8195,84.0,4.608662128448486,0.0001,172069
182,688464,86.81460547000002,3774,0.05,8196,84.0,0.08320102840662003,0.0001,172090
182,688548,86.81949445000001,3774,0.05,8197,84.0,5.164583206176758,0.0001,172111
182,688632,86.81964728000001,3775,0.05,8198,84.0,4.879188060760498,0.0001,172132
182,688716,86.82305772000001,3776,0.05,8199,84.0,0.5869928002357483,0.0001,172153
182,688800,86.82724232000002,3776,0.05,8200,84.0,0.20820459723472595,0.0001,172174
182,688884,86.83654457000003,3777,0.05,8201,84.0,0.088575579226017,0.0001,172195
182,688968,86.83834190000002,3777,0.05,8202,84.0,0.12575460970401764,0.0001,172216
182,689052,86.80292037999999,3777,0.05,8203,84.0,5.207785606384277,0.0001,172237
182,689136,86.80156588,3778,0.05,8204,84.0,0.23070181906223297,0.0001,172258
182,689220,86.79358038999999,3778,0.05,8205,84.0,0.339423269033432,0.0001,172279
182,689304,86.78682999,3779,0.05,8206,84.0,0.259861558675766,0.0001,172300
182,689388,86.79241395,3780,0.05,8207,84.0,0.5370360612869263,0.0001,172321
182,689472,86.78621969,3780,0.05,8208,84.0,0.14797303080558777,0.0001,172342
182,689556,86.78217483,3781,0.05,8209,84.0,0.3405601978302002,0.0001,172363
182,689640,86.76430389,3781,0.05,8210,84.0,4.5012640953063965,0.0001,172384
182,689724,86.75496148999999,3782,0.05,8211,84.0,0.3907351493835449,0.0001,172405
182,689808,86.7454303,3782,0.05,8212,84.0,0.23492376506328583,0.0001,172426
182,689892,86.7534731,3783,0.05,8213,84.0,0.24697250127792358,0.0001,172447
182,689976,86.74353767999999,3784,0.05,8214,84.0,0.07843973487615585,0.0001,172468
182,690060,86.72553545999999,3784,0.05,8215,84.0,0.499373197555542,0.0001,172489
182,690144,86.72814183999999,3785,0.05,8216,84.0,4.747219562530518,0.0001,172510
182,690228,86.72891828000002,3785,0.05,8217,84.0,0.33238810300827026,0.0001,172531
182,690312,86.71773303,3786,0.05,8218,84.0,0.14530807733535767,0.0001,172552
182,690396,86.72184274,3786,0.05,8219,84.0,4.623423099517822,0.0001,172573
182,690480,86.71513455999998,3787,0.05,8220,84.0,0.15327787399291992,0.0001,172594
182,690564,86.71489009999999,3788,0.05,8221,84.0,0.1928737759590149,0.0001,172615
182,690648,86.71834857,3788,0.05,8222,84.0,0.12108379602432251,0.0001,172636
182,690732,86.71609789999998,3789,0.05,8223,84.0,0.26951101422309875,0.0001,172657
182,690816,86.7175678,3789,0.05,8224,84.0,0.12017352879047394,0.0001,172678
182,690900,86.71169053999998,3790,0.05,8225,84.0,0.3038662075996399,0.0001,172699
182,690984,86.71348384000001,3790,0.05,8226,84.0,4.559860706329346,0.0001,172720
182,691068,86.72987958999998,3791,0.05,8227,84.0,0.33117252588272095,0.0001,172741
182,691152,86.72695393999999,3792,0.05,8228,84.0,4.839878082275391,0.0001,172762
182,691236,86.72555805,3792,0.05,8229,84.0,4.595843315124512,0.0001,172783
182,691320,86.72013351999998,3793,0.05,8230,84.0,0.07206416130065918,0.0001,172804
182,691404,86.72400059999997,3793,0.05,8231,84.0,0.6664891242980957,0.0001,172825
182,691488,86.72243150999999,3794,0.05,8232,84.0,0.381866991519928,0.0001,172846
182,691572,86.71792310999999,3794,0.05,8233,84.0,0.37655383348464966,0.0001,172867
182,691656,86.72103933999999,3795,0.05,8234,84.0,0.1883935183286667,0.0001,172888
182,691740,86.72814328,3795,0.05,8235,84.0,0.09051071852445602,0.0001,172909
182,691824,86.72848889,3796,0.05,8236,84.0,0.6476625204086304,0.0001,172930
182,691908,86.74749256999999,3796,0.05,8237,84.0,4.6251654624938965,0.0001,172951
182,691992,86.75486108999998,3797,0.05,8238,84.0,9.804437637329102,0.0001,172972
182,692076,86.75855124,3797,0.05,8239,84.0,4.68530797958374,0.0001,172993
182,692160,86.75968423999998,3798,0.05,8240,84.0,0.11499648541212082,0.0001,173014
182,692244,86.76229557999999,3799,0.05,8241,84.0,0.36771446466445923,0.0001,173035
182,692328,86.76112901,3799,0.05,8242,84.0,0.3634427785873413,0.0001,173056
182,692412,86.76073300000002,3800,0.05,8243,84.0,9.343321800231934,0.0001,173077
182,692496,86.75752825,3800,0.05,8244,84.0,4.731342792510986,0.0001,173098
182,692580,86.76740896,3801,0.05,8245,84.0,0.09973848611116409,0.0001,173119
182,692664,86.77084974000002,3802,0.05,8246,84.0,0.28588223457336426,0.0001,173140
182,692748,86.77424949,3802,0.05,8247,84.0,4.818793296813965,0.0001,173161
182,692832,86.77480362,3803,0.05,8248,84.0,0.1376570165157318,0.0001,173182
182,692916,86.76462247,3803,0.05,8249,84.0,0.14676262438297272,0.0001,173203
182,693000,86.75792630999999,3804,0.05,8250,84.0,0.13573278486728668,0.0001,173224
182,693084,86.75489937999998,3804,0.05,8251,84.0,0.25447890162467957,0.0001,173245
182,693168,86.79346227,3805,0.05,8252,84.0,0.30662524700164795,0.0001,173266
182,693252,86.75966899,3806,0.05,8253,84.0,4.668199062347412,0.0001,173287
182,693336,86.75954006999997,3806,0.05,8254,84.0,9.705236434936523,0.0001,173308
182,693420,86.76070355999997,3806,0.05,8255,84.0,0.06193816289305687,0.0001,173329
182,693504,86.75850648999999,3807,0.05,8256,84.0,0.7343082427978516,0.0001,173350
182,693588,86.76818447,3807,0.05,8257,84.0,0.1400139331817627,0.0001,173371
182,693672,86.72700132,3808,0.05,8258,84.0,0.6564192771911621,0.0001,173392
182,693756,86.67415821000003,3808,0.05,8259,84.0,0.13908496499061584,0.0001,173413
182,693840,86.66557754000003,3809,0.05,8260,84.0,4.962364196777344,0.0001,173434
182,693924,86.66363891000003,3809,0.05,8261,84.0,4.376622200012207,0.0001,173455
182,694008,86.66740259000002,3810,0.05,8262,84.0,0.38192838430404663,0.0001,173476
182,694092,86.66952238000003,3810,0.05,8263,84.0,0.39688265323638916,0.0001,173497
182,694176,86.67605556000002,3811,0.05,8264,84.0,4.7709455490112305,0.0001,173518
182,694260,86.66885119,3811,0.05,8265,84.0,0.06457126140594482,0.0001,173539
182,694344,86.65973516,3812,0.05,8266,84.0,4.759337902069092,0.0001,173560
182,694428,86.66292807999999,3812,0.05,8267,84.0,4.820189476013184,0.0001,173581
182,694512,86.70151274,3813,0.05,8268,84.0,4.737856864929199,0.0001,173602
182,694596,86.71842828000001,3813,0.05,8269,84.0,0.33504384756088257,0.0001,173623
182,694680,86.73091996,3814,0.05,8270,84.0,0.10006534308195114,0.0001,173644
182,694764,86.72974073000002,3814,0.05,8271,84.0,13.989472389221191,0.0001,173665
182,694848,86.73266139999998,3815,0.05,8272,84.0,0.6554402112960815,0.0001,173686
182,694932,86.72523721999998,3816,0.05,8273,84.0,0.16658169031143188,0.0001,173707
182,695016,86.72522145999997,3816,0.05,8274,84.0,4.854372978210449,0.0001,173728
182,695100,86.75491120999999,3817,0.05,8275,84.0,0.07536239922046661,0.0001,173749
182,695184,86.75326034999998,3817,0.05,8276,84.0,4.736484527587891,0.0001,173770
182,695268,86.76728360999998,3818,0.05,8277,84.0,0.06202912703156471,0.0001,173791
182,695352,86.76685094999998,3819,0.05,8278,84.0,0.08585089445114136,0.0001,173812
182,695436,86.76573954,3819,0.05,8279,84.0,0.30296915769577026,0.0001,173833
182,695520,86.77251602,3820,0.05,8280,84.0,4.951712131500244,0.0001,173854
182,695604,86.76990298000001,3820,0.05,8281,84.0,0.13538804650306702,0.0001,173875
182,695688,86.72257769000002,3821,0.05,8282,84.0,0.3956207036972046,0.0001,173896
182,695772,86.72249031999999,3821,0.05,8283,84.0,0.06918950378894806,0.0001,173917
182,695856,86.74154846000002,3822,0.05,8284,84.0,0.29778769612312317,0.0001,173938
182,695940,86.74351824,3822,0.05,8285,84.0,9.658981323242188,0.0001,173959
182,696024,86.75938057000002,3823,0.05,8286,84.0,0.11249783635139465,0.0001,173980
182,696108,86.71625344,3823,0.05,8287,84.0,4.815529823303223,0.0001,174001
182,696192,86.72083884000001,3824,0.05,8288,84.0,5.112207889556885,0.0001,174022
182,696276,86.72258342,3824,0.05,8289,84.0,0.136463925242424,0.0001,174043
182,696360,86.71124251,3825,0.05,8290,84.0,0.17492224276065826,0.0001,174064
182,696444,86.71553967000001,3825,0.05,8291,84.0,0.42015910148620605,0.0001,174085
182,696528,86.71866546000001,3826,0.05,8292,84.0,0.312103807926178,0.0001,174106
182,696612,86.71852792000001,3826,0.05,8293,84.0,0.6252393126487732,0.0001,174127
182,696696,86.71853701,3827,0.05,8294,84.0,0.33365026116371155,0.0001,174148
182,696780,86.72464007999999,3827,0.05,8295,84.0,4.535829544067383,0.0001,174169
182,696864,86.72123214000001,3828,0.05,8296,84.0,0.35495713353157043,0.0001,174190
182,696948,86.71735540000002,3828,0.05,8297,84.0,4.716606140136719,0.0001,174211
182,697032,86.72350725,3829,0.05,8298,84.0,0.5158163905143738,0.0001,174232
182,697116,86.7208477,3829,0.05,8299,84.0,0.14498484134674072,0.0001,174253
182,697200,86.72212456999999,3830,0.05,8300,84.0,4.8865556716918945,0.0001,174274
182,697284,86.72044557999999,3830,0.05,8301,84.0,0.3155064582824707,0.0001,174295
182,697368,86.71711891000001,3831,0.05,8302,84.0,0.8990027904510498,0.0001,174316
182,697452,86.72540492000003,3831,0.05,8303,84.0,0.8251440525054932,0.0001,174337
182,697536,86.72584348000002,3832,0.05,8304,84.0,0.11840644478797913,0.0001,174358
182,697620,86.72302529000001,3832,0.05,8305,84.0,0.08821932971477509,0.0001,174379
182,697704,86.72926701,3833,0.05,8306,84.0,0.971338152885437,0.0001,174400
182,697788,86.72615286,3833,0.05,8307,84.0,4.5264692306518555,0.0001,174421
182,697872,86.73610892999999,3834,0.05,8308,84.0,0.16448834538459778,0.0001,174442
182,697956,86.74280246000002,3834,0.05,8309,84.0,0.3832765221595764,0.0001,174463
182,698040,86.76087011999999,3835,0.05,8310,84.0,0.2507316470146179,0.0001,174484
182,698124,86.76070395,3835,0.05,8311,84.0,0.18190959095954895,0.0001,174505
182,698208,86.76074287000002,3836,0.05,8312,84.0,0.7438435554504395,0.0001,174526
182,698292,86.76189916,3836,0.05,8313,84.0,5.188990592956543,0.0001,174547
182,698376,86.77146041,3836,0.05,8314,84.0,0.3369249403476715,0.0001,174568
182,698460,86.79973292999999,3837,0.05,8315,84.0,4.825503826141357,0.0001,174589
182,698544,86.81264498999997,3837,0.05,8316,84.0,4.670903205871582,0.0001,174610
182,698628,86.81471356999998,3838,0.05,8317,84.0,0.32684439420700073,0.0001,174631
182,698712,86.82392358999999,3838,0.05,8318,84.0,0.2884089946746826,0.0001,174652
182,698796,86.81545286999999,3839,0.05,8319,84.0,0.11024746298789978,0.0001,174673
182,698880,86.82572855999999,3839,0.05,8320,84.0,0.2931485176086426,0.0001,174694
182,698964,86.82653452000001,3840,0.05,8321,84.0,4.638493537902832,0.0001,174715
182,699048,86.81442317999999,3840,0.05,8322,84.0,0.07785378396511078,0.0001,174736
182,699132,86.81412978,3840,0.05,8323,84.0,4.635510444641113,0.0001,174757
182,699216,86.80862165,3841,0.05,8324,84.0,5.41062068939209,0.0001,174778
182,699300,86.80690508000002,3841,0.05,8325,84.0,0.37789493799209595,0.0001,174799
182,699384,86.80602009000002,3842,0.05,8326,84.0,4.617558479309082,0.0001,174820
182,699468,86.80356241,3842,0.05,8327,84.0,0.3208049237728119,0.0001,174841
182,699552,86.80869026,3843,0.05,8328,84.0,0.2748366594314575,0.0001,174862
182,699636,86.80664426999999,3843,0.05,8329,84.0,0.528583824634552,0.0001,174883
182,699720,86.80982501,3843,0.05,8330,84.0,0.35542362928390503,0.0001,174904
182,699804,86.81044762000002,3844,0.05,8331,84.0,5.0406341552734375,0.0001,174925
182,699888,86.81278252000004,3844,0.05,8332,84.0,9.395155906677246,0.0001,174946
182,699972,86.81785365000002,3845,0.05,8333,84.0,0.36870384216308594,0.0001,174967
182,700056,86.81159946000001,3845,0.05,8334,84.0,4.66525936126709,0.0001,174988
182,700140,86.80510319000003,3846,0.05,8335,84.0,0.04760107398033142,0.0001,175009
182,700224,86.80239836000003,3846,0.05,8336,84.0,0.7517702579498291,0.0001,175030
182,700308,86.80125321000001,3847,0.05,8337,84.0,4.204370498657227,0.0001,175051
182,700392,86.79253445,3847,0.05,8338,84.0,5.137667655944824,0.0001,175072
182,700476,86.79912392,3848,0.05,8339,84.0,0.5349487066268921,0.0001,175093
182,700560,86.80215066999999,3848,0.05,8340,84.0,0.55281001329422,0.0001,175114
182,700644,86.79322983999998,3848,0.05,8341,84.0,9.11751937866211,0.0001,175135
182,700728,86.79418423000001,3849,0.05,8342,84.0,4.8160295486450195,0.0001,175156
182,700812,86.80099307,3849,0.05,8343,84.0,9.184186935424805,0.0001,175177
182,700896,86.80072966999998,3850,0.05,8344,84.0,0.23591747879981995,0.0001,175198
182,700980,86.79999344,3850,0.05,8345,84.0,4.463055610656738,0.0001,175219
182,701064,86.80448553999999,3851,0.05,8346,84.0,0.11474979668855667,0.0001,175240
182,701148,86.80512800999999,3851,0.05,8347,84.0,4.710999965667725,0.0001,175261
182,701232,86.80821902,3851,0.05,8348,84.0,0.11823133379220963,0.0001,175282
182,701316,86.81061507000003,3852,0.05,8349,84.0,0.1927032470703125,0.0001,175303
182,701400,86.83172930000002,3852,0.05,8350,84.0,0.2771579623222351,0.0001,175324
182,701484,86.83728028000003,3853,0.05,8351,84.0,0.07787877321243286,0.0001,175345
182,701568,86.82277460000002,3853,0.05,8352,84.0,4.33367395401001,0.0001,175366
182,701652,86.85850647,3854,0.05,8353,84.0,0.20262226462364197,0.0001,175387
182,701736,86.85985692,3854,0.05,8354,84.0,4.951202392578125,0.0001,175408
182,701820,86.85998033999998,3855,0.05,8355,84.0,0.15417993068695068,0.0001,175429
182,701904,86.82111304,3855,0.05,8356,84.0,0.0669792965054512,0.0001,175450
182,701988,86.81989145999998,3855,0.05,8357,84.0,0.2931841313838959,0.0001,175471
182,702072,86.88413388,3856,0.05,8358,84.0,9.26398754119873,0.0001,175492
182,702156,86.93496987,3856,0.05,8359,84.0,0.12438046932220459,0.0001,175513
182,702240,86.93883727000001,3857,0.05,8360,84.0,0.05817972123622894,0.0001,175534
182,702324,86.92746745000002,3857,0.05,8361,84.0,5.054538726806641,0.0001,175555
182,702408,86.92098620000003,3858,0.05,8362,84.0,0.3124901056289673,0.0001,175576
182,702492,86.91850427000001,3858,0.05,8363,84.0,0.10184330493211746,0.0001,175597
182,702576,86.91495874,3859,0.05,8364,84.0,0.5176267623901367,0.0001,175618
182,702660,86.92073695,3859,0.05,8365,84.0,5.097367763519287,0.0001,175639
182,702744,86.91652101000001,3859,0.05,8366,84.0,0.5403021574020386,0.0001,175660
182,702828,86.91467123000002,3860,0.05,8367,84.0,0.34362781047821045,0.0001,175681
182,702912,86.91270624000002,3860,0.05,8368,84.0,5.306437969207764,0.0001,175702
182,702996,86.90446047000002,3861,0.05,8369,84.0,0.33540916442871094,0.0001,175723
182,703080,86.82514683,3861,0.05,8370,84.0,13.68976879119873,0.0001,175744
182,703164,86.82798278,3862,0.05,8371,84.0,0.14488720893859863,0.0001,175765
182,703248,86.82273206999999,3862,0.05,8372,84.0,9.445428848266602,0.0001,175786
182,703332,86.82067949999998,3863,0.05,8373,84.0,5.066574573516846,0.0001,175807
182,703416,86.82581998999999,3863,0.05,8374,84.0,0.32010963559150696,0.0001,175828
182,703500,86.82562113999998,3863,0.05,8375,84.0,0.06158179044723511,0.0001,175849
182,703584,86.82336743999998,3864,0.05,8376,84.0,0.15998922288417816,0.0001,175870
182,703668,86.82464722999997,3864,0.05,8377,84.0,4.712647914886475,0.0001,175891
182,703752,86.82855927999998,3865,0.05,8378,84.0,0.14743557572364807,0.0001,175912
182,703836,86.82928737999997,3865,0.05,8379,84.0,4.6871867179870605,0.0001,175933
182,703920,86.83834473999997,3866,0.05,8380,84.0,4.594949722290039,0.0001,175954
182,704004,86.83856727999999,3866,0.05,8381,84.0,4.748153209686279,0.0001,175975
182,704088,86.89237191999999,3867,0.05,8382,84.0,0.6321825981140137,0.0001,175996
182,704172,86.88285276999999,3867,0.05,8383,84.0,0.040806643664836884,0.0001,176017
182,704256,86.88875814,3867,0.05,8384,84.0,4.701963424682617,0.0001,176038
182,704340,86.89438057,3868,0.05,8385,84.0,0.35065728425979614,0.0001,176059
182,704424,86.81790722,3868,0.05,8386,84.0,0.5900431871414185,0.0001,176080
182,704508,86.86636564999999,3869,0.05,8387,84.0,0.12116701155900955,0.0001,176101
182,704592,86.86700024,3869,0.05,8388,84.0,0.5249356031417847,0.0001,176122
182,704676,86.86593529000001,3870,0.05,8389,84.0,4.8510541915893555,0.0001,176143
182,704760,86.87566959,3870,0.05,8390,84.0,0.1390865594148636,0.0001,176164
182,704844,86.87164783,3870,0.05,8391,84.0,0.29757484793663025,0.0001,176185
182,704928,86.86368923999999,3871,0.05,8392,84.0,4.8472089767456055,0.0001,176206
182,705012,86.86316202,3871,0.05,8393,84.0,4.965071678161621,0.0001,176227
182,705096,86.85862480999998,3872,0.05,8394,84.0,0.43252816796302795,0.0001,176248
182,705180,86.84974711,3872,0.05,8395,84.0,0.08356868475675583,0.0001,176269
182,705264,86.85679639999998,3872,0.05,8396,84.0,0.37129902839660645,0.0001,176290
182,705348,86.86630100999999,3873,0.05,8397,84.0,0.13926446437835693,0.0001,176311
182,705432,86.85836409,3873,0.05,8398,84.0,0.3819843530654907,0.0001,176332
182,705516,86.85713836,3874,0.05,8399,84.0,0.5448111891746521,0.0001,176353
182,705600,86.86380345000002,3874,0.05,8400,84.0,0.392547070980072,0.0001,176374
182,705684,86.87678163000001,3875,0.05,8401,84.0,0.3403831124305725,0.0001,176395
182,705768,86.88047152000001,3875,0.05,8402,84.0,0.155360609292984,0.0001,176416
182,705852,86.90448371000001,3876,0.05,8403,84.0,4.812697887420654,0.0001,176437
182,705936,86.89935262,3876,0.05,8404,84.0,0.09130527824163437,0.0001,176458
182,706020,86.89929808000001,3876,0.05,8405,84.0,5.057497024536133,0.0001,176479
182,706104,86.87470065999997,3877,0.05,8406,84.0,4.4866414070129395,0.0001,176500
182,706188,86.86901814,3877,0.05,8407,84.0,4.7047014236450195,0.0001,176521
182,706272,86.86216584999998,3878,0.05,8408,84.0,0.1849365532398224,0.0001,176542
182,706356,86.86482197,3878,0.05,8409,84.0,0.11962216347455978,0.0001,176563
182,706440,86.86233764,3879,0.05,8410,84.0,0.15242722630500793,0.0001,176584
182,706524,86.8473236,3879,0.05,8411,84.0,9.344513893127441,0.0001,176605
182,706608,86.8411261,3880,0.05,8412,84.0,0.5433812141418457,0.0001,176626
182,706692,86.84257292000001,3880,0.05,8413,84.0,0.17720745503902435,0.0001,176647
182,706776,86.84647575999999,3880,0.05,8414,84.0,5.1486921310424805,0.0001,176668
182,706860,86.84425513000001,3881,0.05,8415,84.0,0.23460516333580017,0.0001,176689
182,706944,86.81960604999999,3881,0.05,8416,84.0,4.659947395324707,0.0001,176710
182,707028,86.81083591000001,3882,0.05,8417,84.0,4.652740955352783,0.0001,176731
182,707112,86.81040466,3882,0.05,8418,84.0,0.37810179591178894,0.0001,176752
182,707196,86.81332551000001,3883,0.05,8419,84.0,0.7878139615058899,0.0001,176773
182,707280,86.81399590999999,3883,0.05,8420,84.0,0.5637122392654419,0.0001,176794
182,707364,86.81497040000002,3883,0.05,8421,84.0,0.2801646292209625,0.0001,176815
182,707448,86.81301300000003,3884,0.05,8422,84.0,0.35010644793510437,0.0001,176836
182,707532,86.81568800000002,3884,0.05,8423,84.0,4.511197090148926,0.0001,176857
182,707616,86.82011213000004,3885,0.05,8424,84.0,0.3283367156982422,0.0001,176878
182,707700,86.81964778000003,3885,0.05,8425,84.0,5.030004501342773,0.0001,176899
182,707784,86.82090279000002,3886,0.05,8426,84.0,0.11771427094936371,0.0001,176920
182,707868,86.81667582,3886,0.05,8427,84.0,0.15134769678115845,0.0001,176941
182,707952,86.81163869,3886,0.05,8428,84.0,0.09346367418766022,0.0001,176962
182,708036,86.81069522,3887,0.05,8429,84.0,0.3467319905757904,0.0001,176983
182,708120,86.80834544,3887,0.05,8430,84.0,0.5296449065208435,0.0001,177004
182,708204,86.80385530000001,3888,0.05,8431,84.0,0.11112406104803085,0.0001,177025
182,708288,86.79754062,3888,0.05,8432,84.0,0.0493910014629364,0.0001,177046
182,708372,86.79253936,3889,0.05,8433,84.0,0.052284255623817444,0.0001,177067
182,708456,86.79181582000001,3889,0.05,8434,84.0,4.832837104797363,0.0001,177088
182,708540,86.79624936,3890,0.05,8435,84.0,0.41230395436286926,0.0001,177109
182,708624,86.79528167000002,3890,0.05,8436,84.0,4.4487833976745605,0.0001,177130
182,708708,86.78138981000002,3891,0.05,8437,84.0,14.331676483154297,0.0001,177151
182,708792,86.79172258999999,3891,0.05,8438,84.0,5.217990398406982,0.0001,177172
182,708876,86.78743203,3891,0.05,8439,84.0,0.39260363578796387,0.0001,177193
182,708960,86.77238742,3892,0.05,8440,84.0,0.10844065248966217,0.0001,177214
182,709044,86.77525223999999,3892,0.05,8441,84.0,4.729650974273682,0.0001,177235
182,709128,86.77555873999998,3893,0.05,8442,84.0,0.13356852531433105,0.0001,177256
182,709212,86.76729377,3893,0.05,8443,84.0,0.10007566958665848,0.0001,177277
182,709296,86.77087934,3894,0.05,8444,84.0,0.12363548576831818,0.0001,177298
182,709380,86.77109875999999,3894,0.05,8445,84.0,0.15708601474761963,0.0001,177319
182,709464,86.75981105,3895,0.05,8446,84.0,0.17510834336280823,0.0001,177340
182,709548,86.77079071,3895,0.05,8447,84.0,0.059769440442323685,0.0001,177361
182,709632,86.76289374,3895,0.05,8448,84.0,0.60502690076828,0.0001,177382
182,709716,86.76272024999999,3896,0.05,8449,84.0,0.0694618970155716,0.0001,177403
182,709800,86.74705354,3896,0.05,8450,84.0,0.2947947680950165,0.0001,177424
182,709884,86.74490409999999,3897,0.05,8451,84.0,0.35725879669189453,0.0001,177445
182,709968,86.75719658999998,3897,0.05,8452,84.0,5.127321243286133,0.0001,177466
182,710052,86.74879175,3898,0.05,8453,84.0,0.08492904901504517,0.0001,177487
182,710136,86.75014335,3898,0.05,8454,84.0,0.5255383849143982,0.0001,177508
182,710220,86.74858825,3899,0.05,8455,84.0,0.09526360780000687,0.0001,177529
182,710304,86.78696993000001,3899,0.05,8456,84.0,0.39836013317108154,0.0001,177550
182,710388,86.77949654000003,3900,0.05,8457,84.0,0.15130215883255005,0.0001,177571
182,710472,86.77686449000001,3900,0.05,8458,84.0,4.649510860443115,0.0001,177592
182,710556,86.78673758999999,3901,0.05,8459,84.0,0.11158108711242676,0.0001,177613
182,710640,86.78597472,3901,0.05,8460,84.0,0.5772629380226135,0.0001,177634
182,710724,86.79396388,3901,0.05,8461,84.0,0.4062530994415283,0.0001,177655
182,710808,86.79523374,3902,0.05,8462,84.0,0.29612672328948975,0.0001,177676
182,710892,86.80000367000002,3902,0.05,8463,84.0,0.34276509284973145,0.0001,177697
182,710976,86.80056452000001,3903,0.05,8464,84.0,0.1301243156194687,0.0001,177718
182,711060,86.80911062999999,3903,0.05,8465,84.0,0.6553447246551514,0.0001,177739
182,711144,86.81146729999996,3904,0.05,8466,84.0,0.09417996555566788,0.0001,177760
182,711228,86.81855269999998,3904,0.05,8467,84.0,4.90010404586792,0.0001,177781
182,711312,86.81912227,3904,0.05,8468,84.0,5.212553977966309,0.0001,177802
182,711396,86.81257638999999,3905,0.05,8469,84.0,0.08880777657032013,0.0001,177823
182,711480,86.88500619999999,3905,0.05,8470,84.0,5.043548583984375,0.0001,177844
182,711564,86.88490132999998,3906,0.05,8471,84.0,0.07761847972869873,0.0001,177865
182,711648,86.88422497999998,3906,0.05,8472,84.0,0.35686880350112915,0.0001,177886
182,711732,86.88791692999996,3906,0.05,8473,84.0,0.8832240700721741,0.0001,177907
182,711816,86.87905205999998,3907,0.05,8474,84.0,4.550925254821777,0.0001,177928
182,711900,86.87096159999997,3907,0.05,8475,84.0,0.6424158811569214,0.0001,177949
182,711984,86.87250805999999,3908,0.05,8476,84.0,4.811511993408203,0.0001,177970
182,712068,86.86385768999999,3908,0.05,8477,84.0,4.525118350982666,0.0001,177991
182,712152,86.85606003,3909,0.05,8478,84.0,5.19573974609375,0.0001,178012
182,712236,86.86219793000001,3909,0.05,8479,84.0,0.5887402296066284,0.0001,178033
182,712320,86.85388822,3909,0.05,8480,84.0,0.04200756177306175,0.0001,178054
182,712404,86.85053903,3910,0.05,8481,84.0,0.136384055018425,0.0001,178075
182,712488,86.83749045999998,3910,0.05,8482,84.0,0.10291590541601181,0.0001,178096
182,712572,86.83869679000001,3911,0.05,8483,84.0,0.25201699137687683,0.0001,178117
182,712656,86.84150523,3911,0.05,8484,84.0,0.3735945224761963,0.0001,178138
182,712740,86.8075606,3912,0.05,8485,84.0,0.748262882232666,0.0001,178159
182,712824,86.86818502,3912,0.05,8486,84.0,0.13915103673934937,0.0001,178180
182,712908,86.86753031,3912,0.05,8487,84.0,0.3440636992454529,0.0001,178201
182,712992,86.86286865,3913,0.05,8488,84.0,4.517702579498291,0.0001,178222
182,713076,86.85727838999999,3913,0.05,8489,84.0,4.6826653480529785,0.0001,178243
182,713160,86.86338556999999,3914,0.05,8490,84.0,0.09864754974842072,0.0001,178264
182,713244,86.87187566,3914,0.05,8491,84.0,0.16691578924655914,0.0001,178285
182,713328,86.87016156999998,3914,0.05,8492,84.0,0.16349194943904877,0.0001,178306
182,713412,86.87347286999999,3915,0.05,8493,84.0,0.15577495098114014,0.0001,178327
182,713496,86.87996314999998,3915,0.05,8494,84.0,0.3290487229824066,0.0001,178348
182,713580,86.88082753999997,3916,0.05,8495,84.0,0.6149015426635742,0.0001,178369
182,713664,86.87220555,3916,0.05,8496,84.0,0.28211793303489685,0.0001,178390
182,713748,86.87680962,3917,0.05,8497,84.0,0.08208996802568436,0.0001,178411
182,713832,86.88689821000001,3917,0.05,8498,84.0,0.31308281421661377,0.0001,178432
182,713916,86.88936595999999,3917,0.05,8499,84.0,0.5809812545776367,0.0001,178453
182,714000,86.88270274,3918,0.05,8500,84.0,0.18264281749725342,0.0001,178474
182,714084,86.87786441,3918,0.05,8501,84.0,0.32252538204193115,0.0001,178495
182,714168,86.87809882000002,3919,0.05,8502,84.0,0.3227386474609375,0.0001,178516
182,714252,86.87446633000002,3919,0.05,8503,84.0,0.10923437029123306,0.0001,178537
182,714336,86.88412913,3920,0.05,8504,84.0,0.24949389696121216,0.0001,178558
182,714420,86.89349782000001,3920,0.05,8505,84.0,0.30960506200790405,0.0001,178579
182,714504,86.89755020000001,3920,0.05,8506,84.0,0.3086576461791992,0.0001,178600
182,714588,86.89879827000003,3921,0.05,8507,84.0,4.632874965667725,0.0001,178621
182,714672,86.88762736000001,3921,0.05,8508,84.0,0.10306822508573532,0.0001,178642
182,714756,86.87809106,3922,0.05,8509,84.0,0.4841255843639374,0.0001,178663
182,714840,86.88719745,3922,0.05,8510,84.0,0.546498715877533,0.0001,178684
182,714924,86.90045296,3923,0.05,8511,84.0,0.11978831142187119,0.0001,178705
182,715008,86.90413822000001,3923,0.05,8512,84.0,4.574070453643799,0.0001,178726
182,715092,86.90312383999999,3923,0.05,8513,84.0,0.6569719314575195,0.0001,178747
182,715176,86.90004708000001,3924,0.05,8514,84.0,0.42428046464920044,0.0001,178768
182,715260,86.8979136,3924,0.05,8515,84.0,4.6725969314575195,0.0001,178789
182,715344,86.91204383,3925,0.05,8516,84.0,0.4238649606704712,0.0001,178810
182,715428,86.92092153999998,3925,0.05,8517,84.0,0.33379432559013367,0.0001,178831
182,715512,86.91964807000001,3926,0.05,8518,84.0,0.13325932621955872,0.0001,178852
182,715596,86.92158039,3926,0.05,8519,84.0,5.1293816566467285,0.0001,178873
182,715680,86.91862163999998,3926,0.05,8520,84.0,4.6680216789245605,0.0001,178894
182,715764,86.91889846999999,3927,0.05,8521,84.0,0.36252307891845703,0.0001,178915
182,715848,86.92894048999999,3927,0.05,8522,84.0,0.14163005352020264,0.0001,178936
182,715932,86.92537917999996,3928,0.05,8523,84.0,0.34962528944015503,0.0001,178957
182,716016,86.91948142999998,3928,0.05,8524,84.0,0.1149258092045784,0.0001,178978
182,716100,86.92457640999999,3928,0.05,8525,84.0,0.1003536731004715,0.0001,178999
182,716184,86.92569426999998,3929,0.05,8526,84.0,4.815210819244385,0.0001,179020
182,716268,86.93522611999998,3929,0.05,8527,84.0,4.955012321472168,0.0001,179041
182,716352,86.92762651,3930,0.05,8528,84.0,4.949453353881836,0.0001,179062
182,716436,86.92512564,3930,0.05,8529,84.0,0.9026365876197815,0.0001,179083
182,716520,86.92758456000001,3931,0.05,8530,84.0,0.3929084241390228,0.0001,179104
182,716604,86.92696636000001,3931,0.05,8531,84.0,0.10790105909109116,0.0001,179125
182,716688,86.93203745,3932,0.05,8532,84.0,4.683102130889893,0.0001,179146
182,716772,86.93111308999998,3932,0.05,8533,84.0,5.1373724937438965,0.0001,179167
182,716856,86.93720737,3932,0.05,8534,84.0,4.791722774505615,0.0001,179188
182,716940,86.93077224999999,3933,0.05,8535,84.0,4.99814510345459,0.0001,179209
182,717024,86.93229183,3933,0.05,8536,84.0,4.92574405670166,0.0001,179230
182,717108,86.94301475,3934,0.05,8537,84.0,0.12539348006248474,0.0001,179251
182,717192,86.93475705,3934,0.05,8538,84.0,5.391160488128662,0.0001,179272
182,717276,86.92227357000002,3935,0.05,8539,84.0,0.10061970353126526,0.0001,179293
182,717360,86.92488413000001,3935,0.05,8540,84.0,0.30702733993530273,0.0001,179314
182,717444,86.87723646999999,3935,0.05,8541,84.0,4.452676296234131,0.0001,179335
182,717528,86.87852930999999,3936,0.05,8542,84.0,0.2975807785987854,0.0001,179356
182,717612,86.88659396000001,3936,0.05,8543,84.0,0.41647809743881226,0.0001,179377
182,717696,86.87290843,3937,0.05,8544,84.0,0.2474188506603241,0.0001,179398
182,717780,86.87185581,3937,0.05,8545,84.0,0.31945300102233887,0.0001,179419
182,717864,86.87678616,3938,0.05,8546,84.0,0.3102237582206726,0.0001,179440
182,717948,86.87395475000001,3938,0.05,8547,84.0,0.3940334618091583,0.0001,179461
182,718032,86.87643769999998,3938,0.05,8548,84.0,0.08932057023048401,0.0001,179482
182,718116,86.87751906,3939,0.05,8549,84.0,5.0304670333862305,0.0001,179503
182,718200,86.88576062,3939,0.05,8550,84.0,0.4474022090435028,0.0001,179524
182,718284,86.88102393999999,3940,0.05,8551,84.0,5.034103870391846,0.0001,179545
182,718368,86.87160932,3940,0.05,8552,84.0,4.861945629119873,0.0001,179566
182,718452,86.87964853,3941,0.05,8553,84.0,0.44417381286621094,0.0001,179587
182,718536,86.87463392,3941,0.05,8554,84.0,0.1488513946533203,0.0001,179608
182,718620,86.877613,3941,0.05,8555,84.0,0.06465789675712585,0.0001,179629
182,718704,86.87863547999997,3942,0.05,8556,84.0,0.2908993065357208,0.0001,179650
182,718788,86.87642300999998,3942,0.05,8557,84.0,0.09187664091587067,0.0001,179671
182,718872,86.88698521999999,3943,0.05,8558,84.0,4.860566139221191,0.0001,179692
182,718956,86.87796374,3943,0.05,8559,84.0,0.6199617385864258,0.0001,179713
182,719040,86.87560328999999,3944,0.05,8560,84.0,0.07049702107906342,0.0001,179734
182,719124,86.87870036,3944,0.05,8561,84.0,4.931445121765137,0.0001,179755
182,719208,86.85560951,3945,0.05,8562,84.0,0.07110357284545898,0.0001,179776
182,719292,86.83697569000002,3945,0.05,8563,84.0,0.04987166076898575,0.0001,179797
182,719376,86.84481768000002,3946,0.05,8564,84.0,5.307928562164307,0.0001,179818
182,719460,86.83568126,3946,0.05,8565,84.0,0.24603882431983948,0.0001,179839
182,719544,86.83875469000003,3947,0.05,8566,84.0,0.30569130182266235,0.0001,179860
182,719628,86.83179586,3947,0.05,8567,84.0,0.3728312849998474,0.0001,179881
182,719712,86.82660498000001,3947,0.05,8568,84.0,0.11802007257938385,0.0001,179902
182,719796,86.82921227000001,3948,0.05,8569,84.0,0.5014275908470154,0.0001,179923
182,719880,86.82784504000001,3948,0.05,8570,84.0,4.405166149139404,0.0001,179944
182,719964,86.81910142000001,3949,0.05,8571,84.0,0.17580059170722961,0.0001,179965
182,720048,86.82003736,3949,0.05,8572,84.0,0.06451024860143661,0.0001,179986
182,720132,86.80019144000002,3950,0.05,8573,84.0,0.4028204083442688,0.0001,180007
182,720216,86.80212297,3950,0.05,8574,84.0,4.5726447105407715,0.0001,180028
182,720300,86.81082954,3951,0.05,8575,84.0,0.1740979552268982,0.0001,180049
182,720384,86.81285825000003,3951,0.05,8576,84.0,0.1998930722475052,0.0001,180070
182,720468,86.81122153,3952,0.05,8577,84.0,0.3964526951313019,0.0001,180091
182,720552,86.80920289,3952,0.05,8578,84.0,0.5885578393936157,0.0001,180112
182,720636,86.80270921000002,3952,0.05,8579,84.0,0.5814040899276733,0.0001,180133
182,720720,86.80329161,3953,0.05,8580,84.0,0.20665232837200165,0.0001,180154
182,720804,86.7782093,3953,0.05,8581,84.0,0.10902872681617737,0.0001,180175
182,720888,86.73700316,3954,0.05,8582,84.0,0.5231646299362183,0.0001,180196
182,720972,86.74211043,3954,0.05,8583,84.0,0.3356435000896454,0.0001,180217
182,721056,86.73160995999999,3955,0.05,8584,84.0,0.3102494478225708,0.0001,180238
182,721140,86.75564268,3955,0.05,8585,84.0,4.75703763961792,0.0001,180259
182,721224,86.7576105,3956,0.05,8586,84.0,0.1352415382862091,0.0001,180280
182,721308,86.75047697,3956,0.05,8587,84.0,0.10951884090900421,0.0001,180301
182,721392,86.75185565,3957,0.05,8588,84.0,0.5194710493087769,0.0001,180322
182,721476,86.75260781000003,3957,0.05,8589,84.0,5.094750881195068,0.0001,180343
182,721560,86.75079534999999,3958,0.05,8590,84.0,0.35752013325691223,0.0001,180364
182,721644,86.74366070000002,3958,0.05,8591,84.0,0.5819047093391418,0.0001,180385
182,721728,86.70769666,3959,0.05,8592,84.0,0.8948507308959961,0.0001,180406
182,721812,86.70421574999999,3959,0.05,8593,84.0,5.094801902770996,0.0001,180427
182,721896,86.70678800999998,3960,0.05,8594,84.0,0.28819793462753296,0.0001,180448
182,721980,86.70982942999998,3960,0.05,8595,84.0,9.456871032714844,0.0001,180469
182,722064,86.71418366,3961,0.05,8596,84.0,0.30299001932144165,0.0001,180490
182,722148,86.71048041,3961,0.05,8597,84.0,0.0424063540995121,0.0001,180511
182,722232,86.70216490000001,3961,0.05,8598,84.0,4.8466362953186035,0.0001,180532
182,722316,86.69845069000002,3962,0.05,8599,84.0,4.998916149139404,0.0001,180553
182,722400,86.70043468,3962,0.05,8600,84.0,0.16281260550022125,0.0001,180574
182,722484,86.68823633,3963,0.05,8601,84.0,0.1519123911857605,0.0001,180595
182,722568,86.68268457,3963,0.05,8602,84.0,0.13473007082939148,0.0001,180616
182,722652,86.68624828,3964,0.05,8603,84.0,0.4252474904060364,0.0001,180637
182,722736,86.67325312999999,3964,0.05,8604,84.0,0.4007247984409332,0.0001,180658
182,722820,86.67086468,3965,0.05,8605,84.0,0.36011016368865967,0.0001,180679
182,722904,86.68841777,3965,0.05,8606,84.0,0.12913377583026886,0.0001,180700
182,722988,86.68754796000002,3966,0.05,8607,84.0,0.07542549073696136,0.0001,180721
182,723072,86.71006139,3966,0.05,8608,84.0,0.2956719398498535,0.0001,180742
182,723156,86.71911492000001,3967,0.05,8609,84.0,0.5512204170227051,0.0001,180763
182,723240,86.71385596999998,3967,0.05,8610,84.0,0.5718172788619995,0.0001,180784
182,723324,86.69344713999999,3968,0.05,8611,84.0,4.886020660400391,0.0001,180805
182,723408,86.69341693999999,3968,0.05,8612,84.0,4.948531150817871,0.0001,180826
182,723492,86.69139125,3969,0.05,8613,84.0,4.416723251342773,0.0001,180847
182,723576,86.70177402000002,3969,0.05,8614,84.0,0.05913526564836502,0.0001,180868
182,723660,86.70496831,3970,0.05,8615,84.0,0.3875465989112854,0.0001,180889
182,723744,86.70480523999998,3970,0.05,8616,84.0,0.8192368745803833,0.0001,180910
182,723828,86.70566731999999,3971,0.05,8617,84.0,4.609698295593262,0.0001,180931
182,723912,86.70537414,3971,0.05,8618,84.0,0.510333776473999,0.0001,180952
182,723996,86.70703785999999,3972,0.05,8619,84.0,0.317669153213501,0.0001,180973
182,724080,86.61678391999997,3972,0.05,8620,84.0,5.184746742248535,0.0001,180994
182,724164,86.61751835000001,3973,0.05,8621,84.0,0.4107862114906311,0.0001,181015
182,724248,86.62132712,3973,0.05,8622,84.0,4.389745712280273,0.0001,181036
182,724332,86.62031339,3974,0.05,8623,84.0,0.5465788841247559,0.0001,181057
182,724416,86.62219261,3974,0.05,8624,84.0,0.11612443625926971,0.0001,181078
182,724500,86.61654125000003,3975,0.05,8625,84.0,4.718546390533447,0.0001,181099
182,724584,86.61083761000002,3975,0.05,8626,84.0,0.15285654366016388,0.0001,181120
182,724668,86.61157211,3976,0.05,8627,84.0,0.11411977559328079,0.0001,181141
182,724752,86.62035192000002,3976,0.05,8628,84.0,0.07564936578273773,0.0001,181162
182,724836,86.62187696,3977,0.05,8629,84.0,0.31531888246536255,0.0001,181183
182,724920,86.62317168,3977,0.05,8630,84.0,4.953574180603027,0.0001,181204
182,725004,86.62515006999998,3978,0.05,8631,84.0,0.2822014093399048,0.0001,181225
182,725088,86.6198096,3978,0.05,8632,84.0,0.11642661690711975,0.0001,181246
182,725172,86.62419025,3979,0.05,8633,84.0,0.15802903473377228,0.0001,181267
182,725256,86.62295376,3979,0.05,8634,84.0,5.367964744567871,0.0001,181288
182,725340,86.63473794000001,3980,0.05,8635,84.0,0.5308711528778076,0.0001,181309
182,725424,86.63258274000002,3980,0.05,8636,84.0,0.07416517287492752,0.0001,181330
182,725508,86.63537593000001,3981,0.05,8637,84.0,0.5627846717834473,0.0001,181351
182,725592,86.63713183000002,3981,0.05,8638,84.0,4.3678412437438965,0.0001,181372
182,725676,86.64697288,3981,0.05,8639,84.0,0.30891698598861694,0.0001,181393
182,725760,86.65189631,3982,0.05,8640,84.0,13.633527755737305,0.0001,181414
182,725844,86.7098678,3982,0.05,8641,84.0,0.37464433908462524,0.0001,181435
182,725928,86.70898917999997,3983,0.05,8642,84.0,0.04091302305459976,0.0001,181456
182,726012,86.70776142999998,3983,0.05,8643,84.0,4.674208164215088,0.0001,181477
182,726096,86.71895702999998,3984,0.05,8644,84.0,0.35543376207351685,0.0001,181498
182,726180,86.71561806999998,3984,0.05,8645,84.0,0.3889789581298828,0.0001,181519
182,726264,86.71513862999998,3985,0.05,8646,84.0,4.760832786560059,0.0001,181540
182,726348,86.70814364999998,3985,0.05,8647,84.0,0.18940575420856476,0.0001,181561
182,726432,86.70247220000002,3986,0.05,8648,84.0,0.31039583683013916,0.0001,181582
182,726516,86.70764355000001,3986,0.05,8649,84.0,0.06898192316293716,0.0001,181603
182,726600,86.71473908,3987,0.05,8650,84.0,0.42997634410858154,0.0001,181624
182,726684,86.71577721,3987,0.05,8651,84.0,4.794124126434326,0.0001,181645
182,726768,86.72449060999999,3988,0.05,8652,84.0,0.20328272879123688,0.0001,181666
182,726852,86.72286501,3988,0.05,8653,84.0,5.066535949707031,0.0001,181687
182,726936,86.72897505000003,3989,0.05,8654,84.0,5.247186183929443,0.0001,181708
182,727020,86.73702311000001,3989,0.05,8655,84.0,4.950636863708496,0.0001,181729
182,727104,86.74117199999999,3990,0.05,8656,84.0,0.08482711017131805,0.0001,181750
182,727188,86.73681098000002,3990,0.05,8657,84.0,0.09130287170410156,0.0001,181771
182,727272,86.72755922999997,3991,0.05,8658,84.0,0.3666881322860718,0.0001,181792
182,727356,86.73474912,3991,0.05,8659,84.0,0.8003077507019043,0.0001,181813
182,727440,86.74203714000001,3991,0.05,8660,84.0,0.5328536033630371,0.0001,181834
182,727524,86.74585477000001,3992,0.05,8661,84.0,5.0061140060424805,0.0001,181855
182,727608,86.76031381000003,3992,0.05,8662,84.0,0.3520447313785553,0.0001,181876
182,727692,86.75357648,3993,0.05,8663,84.0,0.06297381967306137,0.0001,181897
182,727776,86.75622878,3994,0.05,8664,84.0,9.276123046875,0.0001,181918
182,727860,86.75612464999999,3994,0.05,8665,84.0,0.1403031349182129,0.0001,181939
182,727944,86.75676028,3995,0.05,8666,84.0,0.2929196357727051,0.0001,181960
182,728028,86.75784094000001,3995,0.05,8667,84.0,5.149003505706787,0.0001,181981
182,728112,86.77064071,3995,0.05,8668,84.0,0.3152141571044922,0.0001,182002
182,728196,86.77398082000002,3996,0.05,8669,84.0,0.32628825306892395,0.0001,182023
182,728280,86.76975363000001,3996,0.05,8670,84.0,0.065187007188797,0.0001,182044
182,728364,86.77990704000001,3997,0.05,8671,84.0,5.0659027099609375,0.0001,182065
182,728448,86.78465548000003,3997,0.05,8672,84.0,0.5841489434242249,0.0001,182086
182,728532,86.79197454999999,3998,0.05,8673,84.0,0.06681010127067566,0.0001,182107
182,728616,86.79362662,3998,0.05,8674,84.0,0.06291654706001282,0.0001,182128
182,728700,86.80224059999999,3999,0.05,8675,84.0,5.163150787353516,0.0001,182149
182,728784,86.7981959,3999,0.05,8676,84.0,0.5546703934669495,0.0001,182170
182,728868,86.79744016999999,4000,0.05,8677,84.0,0.13507533073425293,0.0001,182191
182,728952,86.79916089,4000,0.05,8678,84.0,4.990169048309326,0.0001,182212
182,729036,86.80148508999999,4000,0.05,8679,84.0,4.916512966156006,0.0001,182233
182,729120,86.80581464,4001,0.05,8680,84.0,0.21079546213150024,0.0001,182254
182,729204,86.84133922,4001,0.05,8681,84.0,0.33795005083084106,0.0001,182275
182,729288,86.81493546999998,4002,0.05,8682,84.0,0.3448588252067566,0.0001,182296
182,729372,86.81882580999998,4002,0.05,8683,84.0,0.31172728538513184,0.0001,182317
182,729456,86.82100036999998,4003,0.05,8684,84.0,0.13835272192955017,0.0001,182338
182,729540,86.82350985000001,4003,0.05,8685,84.0,0.47204145789146423,0.0001,182359
182,729624,86.81910168,4004,0.05,8686,84.0,0.49868419766426086,0.0001,182380
182,729708,86.82736575000001,4004,0.05,8687,84.0,0.0420166477560997,0.0001,182401
182,729792,86.82686333000001,4005,0.05,8688,84.0,0.10941483080387115,0.0001,182422
182,729876,86.83620140000001,4005,0.05,8689,84.0,0.7455950379371643,0.0001,182443
182,729960,86.83636278000002,4005,0.05,8690,84.0,0.28436732292175293,0.0001,182464
182,730044,86.83664414,4006,0.05,8691,84.0,0.5122988820075989,0.0001,182485
182,730128,86.88321545000001,4006,0.05,8692,84.0,0.13862277567386627,0.0001,182506
182,730212,86.88111396999997,4007,0.05,8693,84.0,0.6380842924118042,0.0001,182527
182,730296,86.88900316999998,4007,0.05,8694,84.0,0.15296325087547302,0.0001,182548
182,730380,86.89698141,4008,0.05,8695,84.0,0.5351929664611816,0.0001,182569
182,730464,86.88822835,4008,0.05,8696,84.0,0.30326178669929504,0.0001,182590
182,730548,86.8820144,4009,0.05,8697,84.0,0.3339012563228607,0.0001,182611
182,730632,86.87609958000002,4009,0.05,8698,84.0,0.13895535469055176,0.0001,182632
182,730716,86.88105853,4010,0.05,8699,84.0,4.988086223602295,0.0001,182653
182,730800,86.87460947000001,4010,0.05,8700,84.0,5.129820346832275,0.0001,182674
182,730884,86.88577673,4011,0.05,8701,84.0,0.07241412997245789,0.0001,182695
182,730968,86.88802048,4011,0.05,8702,84.0,0.16020618379116058,0.0001,182716
182,731052,86.88582010999998,4011,0.05,8703,84.0,4.793384552001953,0.0001,182737
182,731136,86.89826665999999,4012,0.05,8704,84.0,0.30854129791259766,0.0001,182758
182,731220,86.91151676,4012,0.05,8705,84.0,4.797240734100342,0.0001,182779
182,731304,86.90462622999999,4013,0.05,8706,84.0,0.07238606363534927,0.0001,182800
182,731388,86.90876163000001,4013,0.05,8707,84.0,4.469717979431152,0.0001,182821
182,731472,86.89743298000002,4014,0.05,8708,84.0,0.39173510670661926,0.0001,182842
182,731556,86.89345543000002,4014,0.05,8709,84.0,0.4058885872364044,0.0001,182863
182,731640,86.89216361999999,4015,0.05,8710,84.0,9.566951751708984,0.0001,182884
182,731724,86.92692771999998,4015,0.05,8711,84.0,0.49368447065353394,0.0001,182905
182,731808,86.93837948000001,4016,0.05,8712,84.0,0.07095363736152649,0.0001,182926
182,731892,86.93747552999997,4016,0.05,8713,84.0,0.32420194149017334,0.0001,182947
182,731976,86.90494139,4017,0.05,8714,84.0,0.3023364841938019,0.0001,182968
182,732060,86.89989152,4017,0.05,8715,84.0,0.6205452084541321,0.0001,182989
182,732144,86.89641048000001,4018,0.05,8716,84.0,4.739853858947754,0.0001,183010
182,732228,86.88376957000003,4018,0.05,8717,84.0,0.3215135633945465,0.0001,183031
182,732312,86.88454929000001,4019,0.05,8718,84.0,5.109621524810791,0.0001,183052
182,732396,86.88131831000001,4019,0.05,8719,84.0,0.31811344623565674,0.0001,183073
182,732480,86.97082680000001,4020,0.05,8720,84.0,4.654670238494873,0.0001,183094
182,732564,86.92732915999999,4020,0.05,8721,84.0,0.1502394676208496,0.0001,183115
182,732648,86.92362689999999,4021,0.05,8722,84.0,5.090141773223877,0.0001,183136
182,732732,86.92652376,4022,0.05,8723,84.0,4.9116997718811035,0.0001,183157
182,732816,86.92712264,4022,0.05,8724,84.0,0.363047331571579,0.0001,183178
182,732900,86.93231012,4023,0.05,8725,84.0,0.10653895139694214,0.0001,183199
182,732984,86.93509003000001,4023,0.05,8726,84.0,0.5769922733306885,0.0001,183220
182,733068,86.93091131999999,4024,0.05,8727,84.0,4.856383800506592,0.0001,183241
182,733152,86.92964047,4024,0.05,8728,84.0,0.31536099314689636,0.0001,183262
182,733236,86.93321499000001,4025,0.05,8729,84.0,0.3636986017227173,0.0001,183283
182,733320,86.93113350999998,4025,0.05,8730,84.0,4.8934831619262695,0.0001,183304
182,733404,86.92734826999998,4026,0.05,8731,84.0,0.5598564743995667,0.0001,183325
182,733488,86.93429486999999,4026,0.05,8732,84.0,4.852471351623535,0.0001,183346
182,733572,86.93108918999998,4027,0.05,8733,84.0,5.038094997406006,0.0001,183367
182,733656,86.92592525999997,4027,0.05,8734,84.0,0.3392559885978699,0.0001,183388
182,733740,86.92023369999997,4028,0.05,8735,84.0,5.72998046875,0.0001,183409
182,733824,86.91382772999995,4029,0.05,8736,84.0,0.12926779687404633,0.0001,183430
182,733908,86.91721227999997,4029,0.05,8737,84.0,4.57649564743042,0.0001,183451
182,733992,86.92620907999999,4030,0.05,8738,84.0,4.253981113433838,0.0001,183472
182,734076,86.92294546,4030,0.05,8739,84.0,0.6597099900245667,0.0001,183493
182,734160,86.92049615,4031,0.05,8740,84.0,4.636010646820068,0.0001,183514
182,734244,86.91158961000001,4031,0.05,8741,84.0,9.848601341247559,0.0001,183535
182,734328,86.91240980999999,4032,0.05,8742,84.0,0.0457482784986496,0.0001,183556
182,734412,86.91557831,4032,0.05,8743,84.0,4.863226413726807,0.0001,183577
182,734496,86.91503154999998,4033,0.05,8744,84.0,5.138404846191406,0.0001,183598
182,734580,86.91970733999999,4033,0.05,8745,84.0,0.134604349732399,0.0001,183619
182,734664,86.92487250999997,4034,0.05,8746,84.0,0.11531832814216614,0.0001,183640
182,734748,86.9250366,4034,0.05,8747,84.0,0.12625965476036072,0.0001,183661
182,734832,86.90359465999998,4035,0.05,8748,84.0,0.2934534251689911,0.0001,183682
182,734916,86.89987202,4035,0.05,8749,84.0,0.5927796959877014,0.0001,183703
182,735000,86.90423339,4036,0.05,8750,84.0,0.07465918362140656,0.0001,183724
182,735084,86.89525843999999,4036,0.05,8751,84.0,0.7651842832565308,0.0001,183745
182,735168,86.90156636,4037,0.05,8752,84.0,9.3729829788208,0.0001,183766
182,735252,86.89407349999999,4038,0.05,8753,84.0,0.29211869835853577,0.0001,183787
182,735336,86.89695496,4038,0.05,8754,84.0,4.645847797393799,0.0001,183808
182,735420,86.8860184,4039,0.05,8755,84.0,0.33017563819885254,0.0001,183829
182,735504,86.88152264,4039,0.05,8756,84.0,0.32293790578842163,0.0001,183850
182,735588,86.90107495000001,4040,0.05,8757,84.0,0.09098325669765472,0.0001,183871
182,735672,86.8995124,4040,0.05,8758,84.0,0.06832005083560944,0.0001,183892
182,735756,86.89589378999999,4041,0.05,8759,84.0,0.3315643072128296,0.0001,183913
182,735840,86.88754692999998,4041,0.05,8760,84.0,9.544151306152344,0.0001,183934
182,735924,86.88017837999998,4042,0.05,8761,84.0,0.13150644302368164,0.0001,183955
182,736008,86.89128887000001,4043,0.05,8762,84.0,4.854974269866943,0.0001,183976
182,736092,86.91311108,4043,0.05,8763,84.0,0.300055593252182,0.0001,183997
182,736176,86.90715792,4044,0.05,8764,84.0,0.3908578157424927,0.0001,184018
182,736260,86.92234934000003,4044,0.05,8765,84.0,0.7804844379425049,0.0001,184039
182,736344,86.92320862000003,4045,0.05,8766,84.0,0.3908548653125763,0.0001,184060
182,736428,86.92883142000002,4046,0.05,8767,84.0,0.2474079728126526,0.0001,184081
182,736512,86.92151462000001,4046,0.05,8768,84.0,0.3168412446975708,0.0001,184102
182,736596,86.91155890000002,4047,0.05,8769,84.0,9.898369789123535,0.0001,184123
181,736680,86.90957039000001,4047,0.05,8770,84.0,0.0952625572681427,0.0001,184144
181,736764,86.90527379000001,4048,0.05,8771,84.0,0.3355662524700165,0.0001,184165
181,736848,86.90989239999999,4048,0.05,8772,84.0,0.1339576244354248,0.0001,184186
181,736932,86.91996633999999,4049,0.05,8773,84.0,9.318775177001953,0.0001,184207
181,737016,86.90666029999998,4050,0.05,8774,84.0,5.165451526641846,0.0001,184228
181,737100,86.90173604,4050,0.05,8775,84.0,0.09971851855516434,0.0001,184249
181,737184,86.91006975999998,4051,0.05,8776,84.0,0.3256515860557556,0.0001,184270
181,737268,86.90953587999998,4051,0.05,8777,84.0,4.577239036560059,0.0001,184291
181,737352,86.91813651000001,4052,0.05,8778,84.0,0.6224618554115295,0.0001,184312
181,737436,86.9177369,4052,0.05,8779,84.0,0.42432451248168945,0.0001,184333
181,737520,86.91228295,4053,0.05,8780,84.0,4.777252674102783,0.0001,184354
181,737604,86.9049582,4053,0.05,8781,84.0,0.286467969417572,0.0001,184375
181,737688,86.95398007,4054,0.05,8782,84.0,0.11059390008449554,0.0001,184396
181,737772,86.95387355000001,4054,0.05,8783,84.0,0.08399152755737305,0.0001,184417
181,737856,86.95053741000001,4055,0.05,8784,84.0,0.1299700289964676,0.0001,184438
181,737940,86.96009102,4055,0.05,8785,84.0,0.3374268114566803,0.0001,184459
181,738024,86.96475702000002,4056,0.05,8786,84.0,0.2512800991535187,0.0001,184480
181,738108,86.95585843000002,4056,0.05,8787,84.0,4.958401679992676,0.0001,184501
181,738192,86.96005224000001,4057,0.05,8788,84.0,4.5566911697387695,0.0001,184522
181,738276,86.95572679000001,4057,0.05,8789,84.0,0.32408031821250916,0.0001,184543
181,738360,86.95634107,4058,0.05,8790,84.0,5.513932228088379,0.0001,184564
181,738444,86.91958337,4058,0.05,8791,84.0,5.2218241691589355,0.0001,184585
181,738528,86.92232627,4059,0.05,8792,84.0,4.70330810546875,0.0001,184606
181,738612,86.93139099,4059,0.05,8793,84.0,0.08322295546531677,0.0001,184627
181,738696,86.91962942999999,4060,0.05,8794,84.0,0.07903546839952469,0.0001,184648
181,738780,86.91039431000002,4060,0.05,8795,84.0,0.04686935991048813,0.0001,184669
181,738864,86.92163428000002,4061,0.05,8796,84.0,0.08896705508232117,0.0001,184690
181,738948,86.92880285000001,4061,0.05,8797,84.0,0.08938942849636078,0.0001,184711
181,739032,86.93600297,4062,0.05,8798,84.0,9.503362655639648,0.0001,184732
181,739116,86.93472613,4062,0.05,8799,84.0,0.10506782680749893,0.0001,184753
181,739200,86.93579666999999,4063,0.05,8800,84.0,0.2794746160507202,0.0001,184774
181,739284,86.92804247,4063,0.05,8801,84.0,5.261313438415527,0.0001,184795
181,739368,86.92938925,4064,0.05,8802,84.0,0.05498966947197914,0.0001,184816
181,739452,86.93339436000002,4064,0.05,8803,84.0,4.522907257080078,0.0001,184837
181,739536,86.92365022,4065,0.05,8804,84.0,0.10441309213638306,0.0001,184858
181,739620,86.91379265000002,4065,0.05,8805,84.0,5.06906795501709,0.0001,184879
181,739704,86.90275297,4066,0.05,8806,84.0,0.28006482124328613,0.0001,184900
181,739788,86.91095625999998,4067,0.05,8807,84.0,0.49974873661994934,0.0001,184921
181,739872,86.91323668,4067,0.05,8808,84.0,0.16356590390205383,0.0001,184942
181,739956,86.91152966,4068,0.05,8809,84.0,0.30732378363609314,0.0001,184963
181,740040,86.90109675000002,4068,0.05,8810,84.0,0.11977757513523102,0.0001,184984
181,740124,86.88757434000001,4069,0.05,8811,84.0,5.284904479980469,0.0001,185005
181,740208,86.87942373999998,4069,0.05,8812,84.0,5.1339569091796875,0.0001,185026
181,740292,86.89065446999999,4070,0.05,8813,84.0,4.796539306640625,0.0001,185047
181,740376,86.91947708,4070,0.05,8814,84.0,4.868561267852783,0.0001,185068
181,740460,86.91851097,4071,0.05,8815,84.0,0.775108814239502,0.0001,185089
181,740544,86.91879133,4072,0.05,8816,84.0,5.119623184204102,0.0001,185110
181,740628,86.89075218000002,4072,0.05,8817,84.0,0.35858482122421265,0.0001,185131
181,740712,86.88216582000001,4073,0.05,8818,84.0,5.388606071472168,0.0001,185152
181,740796,86.88803887000002,4073,0.05,8819,84.0,9.370474815368652,0.0001,185173
181,740880,86.88593155000002,4074,0.05,8820,84.0,0.814021110534668,0.0001,185194
181,740964,86.92513331,4074,0.05,8821,84.0,4.843825817108154,0.0001,185215
181,741048,86.92492704,4075,0.05,8822,84.0,0.6168011426925659,0.0001,185236
181,741132,86.89381485,4075,0.05,8823,84.0,4.773819923400879,0.0001,185257
181,741216,86.89949799,4076,0.05,8824,84.0,4.760545253753662,0.0001,185278
181,741300,86.883379,4076,0.05,8825,84.0,0.2651911675930023,0.0001,185299
181,741384,86.87961182999999,4077,0.05,8826,84.0,5.6566643714904785,0.0001,185320
181,741468,86.86649467,4077,0.05,8827,84.0,0.32882973551750183,0.0001,185341
181,741552,86.87105383,4078,0.05,8828,84.0,9.768269538879395,0.0001,185362
181,741636,86.88958819999999,4078,0.05,8829,84.0,0.4642806649208069,0.0001,185383
181,741720,86.89232340000001,4079,0.05,8830,84.0,0.3300473988056183,0.0001,185404
181,741804,86.89392151,4079,0.05,8831,84.0,5.00305700302124,0.0001,185425
181,741888,86.90072423999999,4080,0.05,8832,84.0,0.19520427286624908,0.0001,185446
181,741972,86.90283861,4080,0.05,8833,84.0,0.09542123228311539,0.0001,185467
181,742056,86.91200424,4081,0.05,8834,84.0,5.27976655960083,0.0001,185488
181,742140,86.90850637000001,4081,0.05,8835,84.0,0.44884076714515686,0.0001,185509
181,742224,86.91919855,4082,0.05,8836,84.0,0.5978713631629944,0.0001,185530
181,742308,86.91926130999998,4082,0.05,8837,84.0,0.061394885182380676,0.0001,185551
181,742392,86.89314081999999,4083,0.05,8838,84.0,0.3251113295555115,0.0001,185572
181,742476,86.90352664999999,4083,0.05,8839,84.0,0.1235932856798172,0.0001,185593
181,742560,86.89294432999998,4084,0.05,8840,84.0,4.9284138679504395,0.0001,185614
181,742644,86.88776562999999,4084,0.05,8841,84.0,5.10328483581543,0.0001,185635
181,742728,86.88755176,4085,0.05,8842,84.0,5.245090961456299,0.0001,185656
181,742812,86.88674359999999,4085,0.05,8843,84.0,14.465774536132812,0.0001,185677
181,742896,86.84918578000001,4086,0.05,8844,84.0,0.05568515881896019,0.0001,185698
181,742980,86.84528581999999,4086,0.05,8845,84.0,4.781619548797607,0.0001,185719
181,743064,86.84399394999998,4086,0.05,8846,84.0,0.7196533679962158,0.0001,185740
181,743148,86.84080979000001,4087,0.05,8847,84.0,0.33707743883132935,0.0001,185761
181,743232,86.87656640000002,4087,0.05,8848,84.0,0.09562438726425171,0.0001,185782
181,743316,86.88020589999998,4088,0.05,8849,84.0,0.4070531129837036,0.0001,185803
181,743400,86.86482440999998,4088,0.05,8850,84.0,0.128618985414505,0.0001,185824
181,743484,86.87784482999997,4089,0.05,8851,84.0,5.204417705535889,0.0001,185845
181,743568,86.86928341999999,4089,0.05,8852,84.0,4.854394435882568,0.0001,185866
181,743652,86.86892142999999,4089,0.05,8853,84.0,0.5300456285476685,0.0001,185887
181,743736,86.86791005,4090,0.05,8854,84.0,0.334614098072052,0.0001,185908
181,743820,86.87160547999999,4090,0.05,8855,84.0,0.2951337993144989,0.0001,185929
181,743904,86.87099077999997,4091,0.05,8856,84.0,4.866925239562988,0.0001,185950
181,743988,86.86925059999997,4091,0.05,8857,84.0,0.30336764454841614,0.0001,185971
181,744072,86.87338081999998,4092,0.05,8858,84.0,4.936437129974365,0.0001,185992
181,744156,86.85568379,4092,0.05,8859,84.0,0.11978940665721893,0.0001,186013
181,744240,86.85693988999999,4093,0.05,8860,84.0,9.230527877807617,0.0001,186034
181,744324,86.85754005999999,4093,0.05,8861,84.0,0.11071096360683441,0.0001,186055
181,744408,86.86031637999999,4093,0.05,8862,84.0,0.23432302474975586,0.0001,186076
181,744492,86.86613100000001,4094,0.05,8863,84.0,9.310614585876465,0.0001,186097
181,744576,86.85702523000002,4094,0.05,8864,84.0,0.6319246292114258,0.0001,186118
181,744660,86.84580881,4095,0.05,8865,84.0,0.37674620747566223,0.0001,186139
181,744744,86.83775835000002,4095,0.05,8866,84.0,4.611093997955322,0.0001,186160
181,744828,86.82956951000001,4096,0.05,8867,84.0,0.5809313058853149,0.0001,186181
181,744912,86.82901474,4096,0.05,8868,84.0,0.5484537482261658,0.0001,186202
181,744996,86.81754020999999,4096,0.05,8869,84.0,0.3026273250579834,0.0001,186223
181,745080,86.81613733999998,4097,0.05,8870,84.0,0.13009072840213776,0.0001,186244
181,745164,86.78772428,4097,0.05,8871,84.0,0.2681977152824402,0.0001,186265
181,745248,86.77747439000001,4098,0.05,8872,84.0,0.30385297536849976,0.0001,186286
181,745332,86.77529675000001,4098,0.05,8873,84.0,0.3756469190120697,0.0001,186307
181,745416,86.78722343999999,4099,0.05,8874,84.0,0.6747055053710938,0.0001,186328
181,745500,86.78110052000002,4099,0.05,8875,84.0,0.28231221437454224,0.0001,186349
181,745584,86.76957665,4100,0.05,8876,84.0,0.3621029853820801,0.0001,186370
181,745668,86.78000678000001,4100,0.05,8877,84.0,0.2840713560581207,0.0001,186391
181,745752,86.77529063,4101,0.05,8878,84.0,0.0731792002916336,0.0001,186412
181,745836,86.7731541,4101,0.05,8879,84.0,0.18935942649841309,0.0001,186433
181,745920,86.77673367,4101,0.05,8880,84.0,0.33387091755867004,0.0001,186454
181,746004,86.77096074,4102,0.05,8881,84.0,0.15991108119487762,0.0001,186475
181,746088,86.79702035,4102,0.05,8882,84.0,0.10431331396102905,0.0001,186496
181,746172,86.79981891000001,4103,0.05,8883,84.0,9.360715866088867,0.0001,186517
181,746256,86.78701271,4104,0.05,8884,84.0,0.08819118142127991,0.0001,186538
181,746340,86.64181611999999,4104,0.05,8885,84.0,0.1276172697544098,0.0001,186559
181,746424,86.64237852999997,4105,0.05,8886,84.0,4.653459548950195,0.0001,186580
181,746508,86.64932700999998,4105,0.05,8887,84.0,4.787097930908203,0.0001,186601
181,746592,86.64883841999999,4105,0.05,8888,84.0,0.7249960899353027,0.0001,186622
181,746676,86.65440889,4106,0.05,8889,84.0,5.016668319702148,0.0001,186643
181,746760,86.6601951,4106,0.05,8890,84.0,0.062396083027124405,0.0001,186664
181,746844,86.68972985,4107,0.05,8891,84.0,0.3190144896507263,0.0001,186685
181,746928,86.67478736999999,4107,0.05,8892,84.0,4.889984607696533,0.0001,186706
181,747012,86.67035822999998,4108,0.05,8893,84.0,0.2949264347553253,0.0001,186727
181,747096,86.67507152999998,4108,0.05,8894,84.0,5.181097030639648,0.0001,186748
181,747180,86.67597910999996,4109,0.05,8895,84.0,0.31683048605918884,0.0001,186769
181,747264,86.65173142999998,4109,0.05,8896,84.0,0.34035173058509827,0.0001,186790
181,747348,86.65286630999998,4110,0.05,8897,84.0,4.6093292236328125,0.0001,186811
181,747432,86.65098430999998,4110,0.05,8898,84.0,0.10363288968801498,0.0001,186832
181,747516,86.65262333999999,4111,0.05,8899,84.0,8.893731117248535,0.0001,186853
181,747600,86.65775511000001,4111,0.05,8900,84.0,0.29835405945777893,0.0001,186874
181,747684,86.66536306,4111,0.05,8901,84.0,0.28178203105926514,0.0001,186895
181,747768,86.66301269000002,4112,0.05,8902,84.0,4.780752658843994,0.0001,186916
181,747852,86.65855094000003,4112,0.05,8903,84.0,4.957999229431152,0.0001,186937
181,747936,86.65025924000001,4113,0.05,8904,84.0,0.685363233089447,0.0001,186958
181,748020,86.64940646,4113,0.05,8905,84.0,4.921665668487549,0.0001,186979
181,748104,86.65477057000003,4114,0.05,8906,84.0,0.41963279247283936,0.0001,187000
181,748188,86.64626719,4114,0.05,8907,84.0,0.2807227373123169,0.0001,187021
181,748272,86.64243006999999,4115,0.05,8908,84.0,0.39205676317214966,0.0001,187042
181,748356,86.64325291000002,4115,0.05,8909,84.0,0.33913564682006836,0.0001,187063
181,748440,86.65615688,4116,0.05,8910,84.0,4.927906513214111,0.0001,187084
181,748524,86.66457315000001,4116,0.05,8911,84.0,0.1395406723022461,0.0001,187105
181,748608,86.65982318000002,4117,0.05,8912,84.0,4.799280166625977,0.0001,187126
181,748692,86.63929405,4117,0.05,8913,84.0,0.07710569351911545,0.0001,187147
181,748776,86.62686326,4118,0.05,8914,84.0,5.4337263107299805,0.0001,187168
181,748860,86.62760046,4118,0.05,8915,84.0,4.803638458251953,0.0001,187189
181,748944,86.62948949,4119,0.05,8916,84.0,0.2468056082725525,0.0001,187210
181,749028,86.6682913,4119,0.05,8917,84.0,0.06689007580280304,0.0001,187231
181,749112,86.68007213000001,4119,0.05,8918,84.0,0.08831682801246643,0.0001,187252
181,749196,86.67434313000001,4120,0.05,8919,84.0,5.158419609069824,0.0001,187273
181,749280,86.68483134000002,4121,0.05,8920,84.0,4.9429450035095215,0.0001,187294
181,749364,86.69775555,4121,0.05,8921,84.0,0.30349302291870117,0.0001,187315
181,749448,86.6953375,4122,0.05,8922,84.0,4.831686973571777,0.0001,187336
181,749532,86.72398251,4122,0.05,8923,84.0,0.3064793646335602,0.0001,187357
181,749616,86.72259279,4123,0.05,8924,84.0,0.5039184093475342,0.0001,187378
181,749700,86.73579624000001,4123,0.05,8925,84.0,0.1740717589855194,0.0001,187399
181,749784,86.72072064,4124,0.05,8926,84.0,0.22205981612205505,0.0001,187420
181,749868,86.72468118,4124,0.05,8927,84.0,0.6295138597488403,0.0001,187441
181,749952,86.70977823999999,4125,0.05,8928,84.0,0.3866923153400421,0.0001,187462
181,750036,86.69118998,4125,0.05,8929,84.0,5.444125175476074,0.0001,187483
181,750120,86.69132526,4126,0.05,8930,84.0,0.0950254499912262,0.0001,187504
181,750204,86.69090214999999,4126,0.05,8931,84.0,5.568807601928711,0.0001,187525
181,750288,86.68549545,4127,0.05,8932,84.0,0.37482863664627075,0.0001,187546
181,750372,86.68300249999999,4127,0.05,8933,84.0,0.3186361789703369,0.0001,187567
181,750456,86.68004492,4128,0.05,8934,84.0,0.3424312174320221,0.0001,187588
181,750540,86.68619567999998,4128,0.05,8935,84.0,4.8136210441589355,0.0001,187609
181,750624,86.67897623,4129,0.05,8936,84.0,0.16137990355491638,0.0001,187630
181,750708,86.65762337,4129,0.05,8937,84.0,0.28400537371635437,0.0001,187651
181,750792,86.67131338000003,4130,0.05,8938,84.0,0.4107855260372162,0.0001,187672
181,750876,86.64520214000002,4130,0.05,8939,84.0,0.30174803733825684,0.0001,187693
181,750960,86.66020461,4130,0.05,8940,84.0,0.08925004303455353,0.0001,187714
181,751044,86.66070679999999,4131,0.05,8941,84.0,0.5769526958465576,0.0001,187735
181,751128,86.66694933,4131,0.05,8942,84.0,0.09498701989650726,0.0001,187756
181,751212,86.65853985,4132,0.05,8943,84.0,0.4126152992248535,0.0001,187777
181,751296,86.69732556000001,4132,0.05,8944,84.0,0.07260817289352417,0.0001,187798
181,751380,86.71317318000003,4133,0.05,8945,84.0,8.930757522583008,0.0001,187819
181,751464,86.71496144000002,4133,0.05,8946,84.0,4.746033191680908,0.0001,187840
181,751548,86.71763465000002,4134,0.05,8947,84.0,5.0207929611206055,0.0001,187861
181,751632,86.71412110000001,4135,0.05,8948,84.0,0.39593470096588135,0.0001,187882
181,751716,86.70886927,4135,0.05,8949,84.0,0.34755054116249084,0.0001,187903
181,751800,86.71790730999999,4136,0.05,8950,84.0,0.20494037866592407,0.0001,187924
181,751884,86.71505922,4137,0.05,8951,84.0,0.1505340337753296,0.0001,187945
181,751968,86.70976705000001,4138,0.05,8952,84.0,0.7088974714279175,0.0001,187966
181,752052,86.71305029000001,4138,0.05,8953,84.0,9.785717010498047,0.0001,187987
181,752136,86.69523989000001,4139,0.05,8954,84.0,0.28380846977233887,0.0001,188008
181,752220,86.69728210000001,4140,0.05,8955,84.0,5.020809173583984,0.0001,188029
181,752304,86.69703316,4140,0.05,8956,84.0,4.835890769958496,0.0001,188050
181,752388,86.68907156000002,4141,0.05,8957,84.0,0.12851810455322266,0.0001,188071
181,752472,86.68770117000004,4141,0.05,8958,84.0,0.3003939092159271,0.0001,188092
181,752556,86.69772026000003,4142,0.05,8959,84.0,0.08860516548156738,0.0001,188113
181,752640,86.69954852000002,4142,0.05,8960,84.0,0.5708022117614746,0.0001,188134
181,752724,86.70146100000002,4143,0.05,8961,84.0,4.85767126083374,0.0001,188155
181,752808,86.69581136000001,4143,0.05,8962,84.0,4.650265693664551,0.0001,188176
181,752892,86.69223629999999,4144,0.05,8963,84.0,0.33083581924438477,0.0001,188197
181,752976,86.69648743999998,4144,0.05,8964,84.0,0.07009178400039673,0.0001,188218
181,753060,86.69352641999998,4145,0.05,8965,84.0,0.3010016083717346,0.0001,188239
181,753144,86.70608194,4145,0.05,8966,84.0,0.21246056258678436,0.0001,188260
181,753228,86.70153844999999,4145,0.05,8967,84.0,0.11158120632171631,0.0001,188281
181,753312,86.70254854999999,4146,0.05,8968,84.0,0.3817242980003357,0.0001,188302
181,753396,86.7239573,4146,0.05,8969,84.0,0.1198340654373169,0.0001,188323
181,753480,86.73021143000001,4147,0.05,8970,84.0,5.00661563873291,0.0001,188344
181,753564,86.75745167,4147,0.05,8971,84.0,0.6349233984947205,0.0001,188365
181,753648,86.76963709999998,4148,0.05,8972,84.0,4.972692489624023,0.0001,188386
181,753732,86.75858203999998,4148,0.05,8973,84.0,0.1017824113368988,0.0001,188407
181,753816,86.76061979999999,4149,0.05,8974,84.0,0.0812644362449646,0.0001,188428
181,753900,86.77282985999999,4149,0.05,8975,84.0,4.5565290451049805,0.0001,188449
181,753984,86.78836298999998,4150,0.05,8976,84.0,0.12746360898017883,0.0001,188470
181,754068,86.78034736000001,4150,0.05,8977,84.0,0.1311764270067215,0.0001,188491
181,754152,86.78649303,4151,0.05,8978,84.0,0.7098639011383057,0.0001,188512
181,754236,86.76370516000001,4151,0.05,8979,84.0,0.2905125617980957,0.0001,188533
181,754320,86.76090721999999,4152,0.05,8980,84.0,0.41768333315849304,0.0001,188554
181,754404,86.771677,4152,0.05,8981,84.0,0.3520044684410095,0.0001,188575
181,754488,86.76363895,4153,0.05,8982,84.0,9.477216720581055,0.0001,188596
181,754572,86.75643991999999,4153,0.05,8983,84.0,0.19803638756275177,0.0001,188617
181,754656,86.76411790999998,4154,0.05,8984,84.0,0.5704384446144104,0.0001,188638
181,754740,86.90171851000001,4154,0.05,8985,84.0,0.08975791186094284,0.0001,188659
181,754824,86.89567134,4155,0.05,8986,84.0,0.19899815320968628,0.0001,188680
181,754908,86.90476371999999,4155,0.05,8987,84.0,0.19128544628620148,0.0001,188701
181,754992,86.90081652999999,4156,0.05,8988,84.0,0.11145459860563278,0.0001,188722
181,755076,86.89606065,4156,0.05,8989,84.0,0.21148376166820526,0.0001,188743
181,755160,86.88810930000001,4157,0.05,8990,84.0,0.45938241481781006,0.0001,188764
181,755244,86.88531714000001,4157,0.05,8991,84.0,0.3364000916481018,0.0001,188785
181,755328,86.89478273,4158,0.05,8992,84.0,5.253712177276611,0.0001,188806
181,755412,86.89140393000001,4158,0.05,8993,84.0,0.3616323173046112,0.0001,188827
181,755496,86.8863335,4159,0.05,8994,84.0,0.18076245486736298,0.0001,188848
181,755580,86.88871342,4159,0.05,8995,84.0,4.940926551818848,0.0001,188869
181,755664,86.91147939999999,4160,0.05,8996,84.0,0.2936156392097473,0.0001,188890
181,755748,86.86406984000001,4160,0.05,8997,84.0,0.37172752618789673,0.0001,188911
181,755832,86.86577147000001,4160,0.05,8998,84.0,5.190756797790527,0.0001,188932
181,755916,86.87298334000003,4161,0.05,8999,84.0,0.15609338879585266,0.0001,188953
181,756000,86.86549143000002,4161,0.05,9000,84.0,0.17005383968353271,0.0001,188974
181,756084,86.86649244,4162,0.05,9001,84.0,0.3484501242637634,0.0001,188995
181,756168,86.87684048,4162,0.05,9002,84.0,0.7253041863441467,0.0001,189016
181,756252,86.88357895999998,4163,0.05,9003,84.0,0.05605174973607063,0.0001,189037
181,756336,86.89574740999998,4163,0.05,9004,84.0,4.873837947845459,0.0001,189058
181,756420,86.89873459999998,4164,0.05,9005,84.0,4.8179144859313965,0.0001,189079
181,756504,86.90935040000001,4164,0.05,9006,84.0,0.10343827307224274,0.0001,189100
181,756588,86.91543562000001,4165,0.05,9007,84.0,0.48173636198043823,0.0001,189121
181,756672,86.91933392000001,4165,0.05,9008,84.0,4.94488000869751,0.0001,189142
181,756756,86.92001621,4166,0.05,9009,84.0,0.07375551760196686,0.0001,189163
181,756840,86.92041095999998,4166,0.05,9010,84.0,0.2650563716888428,0.0001,189184
181,756924,86.90777375999998,4166,0.05,9011,84.0,5.184873104095459,0.0001,189205
181,757008,86.87397528999998,4167,0.05,9012,84.0,0.1146051213145256,0.0001,189226
181,757092,86.89556871999999,4168,0.05,9013,84.0,0.35941246151924133,0.0001,189247
181,757176,86.91030809,4168,0.05,9014,84.0,0.09478284418582916,0.0001,189268
181,757260,86.90451787,4169,0.05,9015,84.0,0.0829152837395668,0.0001,189289
181,757344,86.90727416999998,4169,0.05,9016,84.0,0.07241284847259521,0.0001,189310
181,757428,86.90268240000002,4170,0.05,9017,84.0,0.2779182195663452,0.0001,189331
181,757512,86.91157043999999,4170,0.05,9018,84.0,5.390806674957275,0.0001,189352
181,757596,86.91105038000002,4171,0.05,9019,84.0,4.35213565826416,0.0001,189373
181,757680,86.90463074000002,4171,0.05,9020,84.0,0.12579011917114258,0.0001,189394
181,757764,86.87678901,4172,0.05,9021,84.0,0.10328172892332077,0.0001,189415
181,757848,86.87582564999998,4172,0.05,9022,84.0,0.09227115660905838,0.0001,189436
181,757932,86.87790755999998,4173,0.05,9023,84.0,0.35812392830848694,0.0001,189457
181,758016,86.87117980999997,4173,0.05,9024,84.0,0.05835490673780441,0.0001,189478
181,758100,86.86825591999997,4174,0.05,9025,84.0,0.33148860931396484,0.0001,189499
181,758184,86.88994862,4174,0.05,9026,84.0,0.3918920159339905,0.0001,189520
181,758268,86.89725112999999,4175,0.05,9027,84.0,0.3115061819553375,0.0001,189541
181,758352,86.90183121999999,4175,0.05,9028,84.0,4.683887481689453,0.0001,189562
181,758436,86.89760077,4175,0.05,9029,84.0,0.17964008450508118,0.0001,189583
181,758520,86.89751215,4176,0.05,9030,84.0,0.16617876291275024,0.0001,189604
181,758604,86.89760779,4177,0.05,9031,84.0,0.34312641620635986,0.0001,189625
181,758688,86.89444102000003,4177,0.05,9032,84.0,0.2728254795074463,0.0001,189646
181,758772,86.89756536000003,4177,0.05,9033,84.0,0.09944262355566025,0.0001,189667
181,758856,86.88804060000001,4178,0.05,9034,84.0,0.6690009832382202,0.0001,189688
181,758940,86.88284962,4178,0.05,9035,84.0,4.263885974884033,0.0001,189709
181,759024,86.88789073999999,4179,0.05,9036,84.0,0.3647337853908539,0.0001,189730
181,759108,86.90503856999997,4179,0.05,9037,84.0,4.812727451324463,0.0001,189751
181,759192,86.90768639,4180,0.05,9038,84.0,0.14993691444396973,0.0001,189772
181,759276,86.93017738999998,4180,0.05,9039,84.0,0.4651678800582886,0.0001,189793
181,759360,86.9261538,4181,0.05,9040,84.0,0.4377507269382477,0.0001,189814
181,759444,86.9276394,4181,0.05,9041,84.0,0.34983590245246887,0.0001,189835
181,759528,86.92548849999999,4182,0.05,9042,84.0,0.3554138243198395,0.0001,189856
181,759612,86.94299904000002,4182,0.05,9043,84.0,5.02574348449707,0.0001,189877
181,759696,86.94292570000003,4183,0.05,9044,84.0,0.2158258557319641,0.0001,189898
181,759780,86.94204138000003,4183,0.05,9045,84.0,0.3302019238471985,0.0001,189919
181,759864,86.93287328000001,4184,0.05,9046,84.0,0.2826332449913025,0.0001,189940
181,759948,86.92733026000002,4184,0.05,9047,84.0,5.148897647857666,0.0001,189961
181,760032,86.9240114,4185,0.05,9048,84.0,5.116317272186279,0.0001,189982
181,760116,86.92454251000002,4185,0.05,9049,84.0,4.7822465896606445,0.0001,190003
181,760200,86.92646101000003,4185,0.05,9050,84.0,0.3528479039669037,0.0001,190024
181,760284,86.92752307000002,4186,0.05,9051,84.0,4.526803016662598,0.0001,190045
181,760368,86.93422081000004,4186,0.05,9052,84.0,0.3183290958404541,0.0001,190066
181,760452,86.94801599000002,4187,0.05,9053,84.0,0.3349801003932953,0.0001,190087
181,760536,86.96275609,4187,0.05,9054,84.0,5.036568641662598,0.0001,190108
181,760620,86.95954494,4188,0.05,9055,84.0,0.19940423965454102,0.0001,190129
181,760704,86.96080313,4188,0.05,9056,84.0,0.4675290882587433,0.0001,190150
181,760788,86.95919514,4189,0.05,9057,84.0,0.571460485458374,0.0001,190171
181,760872,86.95467679000001,4189,0.05,9058,84.0,5.7968525886535645,0.0001,190192
181,760956,86.94144479,4190,0.05,9059,84.0,4.664023399353027,0.0001,190213
181,761040,86.94121890999999,4190,0.05,9060,84.0,4.713491439819336,0.0001,190234
181,761124,86.93639469000001,4191,0.05,9061,84.0,5.0512375831604,0.0001,190255
181,761208,86.92521722000001,4191,0.05,9062,84.0,0.09194143116474152,0.0001,190276
181,761292,86.92460784000005,4191,0.05,9063,84.0,4.763116359710693,0.0001,190297
181,761376,86.92157824000003,4192,0.05,9064,84.0,0.09228940308094025,0.0001,190318
181,761460,86.92231718000002,4192,0.05,9065,84.0,0.11961103230714798,0.0001,190339
181,761544,86.90747155000001,4193,0.05,9066,84.0,0.4398556351661682,0.0001,190360
181,761628,86.91479024,4193,0.05,9067,84.0,0.1070103719830513,0.0001,190381
181,761712,86.9231302,4194,0.05,9068,84.0,0.3676730692386627,0.0001,190402
181,761796,86.91959082,4194,0.05,9069,84.0,4.6884379386901855,0.0001,190423
181,761880,86.92120456999999,4195,0.05,9070,84.0,0.10120414197444916,0.0001,190444
181,761964,86.92111685999998,4195,0.05,9071,84.0,0.34025782346725464,0.0001,190465
181,762048,86.91203519999999,4196,0.05,9072,84.0,0.09563494473695755,0.0001,190486
181,762132,86.92877620999998,4196,0.05,9073,84.0,0.13528187572956085,0.0001,190507
181,762216,86.93612634999998,4197,0.05,9074,84.0,0.20959821343421936,0.0001,190528
181,762300,86.92855570999998,4197,0.05,9075,84.0,0.35228294134140015,0.0001,190549
181,762384,86.91598607999998,4198,0.05,9076,84.0,5.4436750411987305,0.0001,190570
181,762468,86.92172040999998,4198,0.05,9077,84.0,0.09854895621538162,0.0001,190591
181,762552,86.91498816999997,4199,0.05,9078,84.0,4.864414691925049,0.0001,190612
181,762636,86.94876674,4199,0.05,9079,84.0,0.23412755131721497,0.0001,190633
181,762720,86.94689649999998,4200,0.05,9080,84.0,0.10476016998291016,0.0001,190654
181,762804,86.93849825999997,4200,0.05,9081,84.0,0.5861162543296814,0.0001,190675
181,762888,86.93685751999999,4201,0.05,9082,84.0,0.5758569240570068,0.0001,190696
181,762972,86.94281923999999,4201,0.05,9083,84.0,4.775885105133057,0.0001,190717
181,763056,86.94339615000001,4202,0.05,9084,84.0,5.047058582305908,0.0001,190738
181,763140,86.92401064000002,4202,0.05,9085,84.0,4.882283687591553,0.0001,190759
181,763224,86.93090097000002,4203,0.05,9086,84.0,0.05951124429702759,0.0001,190780
181,763308,86.92854129000001,4203,0.05,9087,84.0,4.9058966636657715,0.0001,190801
181,763392,86.92972134000001,4203,0.05,9088,84.0,0.12308220565319061,0.0001,190822
181,763476,86.93632323,4204,0.05,9089,84.0,4.477433681488037,0.0001,190843
181,763560,86.93952771000001,4204,0.05,9090,84.0,4.938442707061768,0.0001,190864
181,763644,86.94968337999998,4205,0.05,9091,84.0,4.7719902992248535,0.0001,190885
181,763728,86.94709891999999,4205,0.05,9092,84.0,0.1647653579711914,0.0001,190906
181,763812,86.94524245000001,4206,0.05,9093,84.0,4.920752048492432,0.0001,190927
181,763896,86.95272941999998,4206,0.05,9094,84.0,0.21185638010501862,0.0001,190948
181,763980,86.94558369000002,4207,0.05,9095,84.0,0.1502940058708191,0.0001,190969
181,764064,86.93787531,4207,0.05,9096,84.0,0.5941803455352783,0.0001,190990
181,764148,86.98526087,4207,0.05,9097,84.0,0.26591092348098755,0.0001,191011
181,764232,86.98182588,4208,0.05,9098,84.0,0.04428228363394737,0.0001,191032
181,764316,86.97480864,4208,0.05,9099,84.0,4.705790996551514,0.0001,191053
181,764400,86.99372890000001,4209,0.05,9100,84.0,0.3649695813655853,0.0001,191074
181,764484,86.99021169,4209,0.05,9101,84.0,0.3345854878425598,0.0001,191095
181,764568,86.98132729,4210,0.05,9102,84.0,0.2987636923789978,0.0001,191116
181,764652,86.96962808,4210,0.05,9103,84.0,0.39520391821861267,0.0001,191137
181,764736,86.97242971000001,4211,0.05,9104,84.0,0.3314190208911896,0.0001,191158
181,764820,86.96744215000001,4211,0.05,9105,84.0,0.1733388900756836,0.0001,191179
181,764904,86.96050421,4212,0.05,9106,84.0,0.6205987930297852,0.0001,191200
181,764988,86.9548422,4212,0.05,9107,84.0,0.37445300817489624,0.0001,191221
181,765072,86.96618553,4213,0.05,9108,84.0,0.5361260175704956,0.0001,191242
181,765156,86.95543074000001,4213,0.05,9109,84.0,4.752536773681641,0.0001,191263
181,765240,86.95238798999999,4214,0.05,9110,84.0,0.3080793023109436,0.0001,191284
181,765324,86.96108075000001,4214,0.05,9111,84.0,4.905909538269043,0.0001,191305
181,765408,87.01337514000001,4215,0.05,9112,84.0,5.244986534118652,0.0001,191326
181,765492,87.00534535000001,4215,0.05,9113,84.0,0.5756906867027283,0.0001,191347
181,765576,86.99941094,4216,0.05,9114,84.0,0.4619710147380829,0.0001,191368
181,765660,87.00156403000001,4216,0.05,9115,84.0,5.333835601806641,0.0001,191389
181,765744,86.99839764999999,4217,0.05,9116,84.0,4.7706618309021,0.0001,191410
181,765828,86.99595755,4217,0.05,9117,84.0,0.08646649122238159,0.0001,191431
181,765912,86.97680742,4218,0.05,9118,84.0,0.4141843318939209,0.0001,191452
181,765996,86.98156442999999,4219,0.05,9119,84.0,4.884039402008057,0.0001,191473
181,766080,86.98269416,4219,0.05,9120,84.0,0.08743057399988174,0.0001,191494
181,766164,87.00001248999999,4220,0.05,9121,84.0,0.13367527723312378,0.0001,191515
181,766248,87.00660509,4220,0.05,9122,84.0,14.962528228759766,0.0001,191536
181,766332,87.01093642,4221,0.05,9123,84.0,0.14060837030410767,0.0001,191557
181,766416,87.01374945999999,4222,0.05,9124,84.0,5.312262535095215,0.0001,191578
181,766500,87.0006185,4222,0.05,9125,84.0,0.12685099244117737,0.0001,191599
181,766584,87.00289765,4223,0.05,9126,84.0,0.2739134728908539,0.0001,191620
181,766668,87.00667312,4224,0.05,9127,84.0,0.5320806503295898,0.0001,191641
181,766752,87.00164761,4224,0.05,9128,84.0,0.17920084297657013,0.0001,191662
181,766836,87.00870144999998,4225,0.05,9129,84.0,0.34678319096565247,0.0001,191683
181,766920,87.01408220999998,4225,0.05,9130,84.0,0.33288273215293884,0.0001,191704
181,767004,87.01144423,4226,0.05,9131,84.0,0.10958003997802734,0.0001,191725
181,767088,87.00666985,4227,0.05,9132,84.0,0.6588978171348572,0.0001,191746
181,767172,86.98540502999998,4227,0.05,9133,84.0,0.1333002746105194,0.0001,191767
181,767256,86.99424296,4228,0.05,9134,84.0,4.9573774337768555,0.0001,191788
181,767340,86.99798166999999,4229,0.05,9135,84.0,5.138749122619629,0.0001,191809
181,767424,87.00023227,4229,0.05,9136,84.0,0.34810778498649597,0.0001,191830
181,767508,87.00720524,4230,0.05,9137,84.0,0.1926155686378479,0.0001,191851
181,767592,87.01728529,4230,0.05,9138,84.0,9.687959671020508,0.0001,191872
181,767676,87.01112248000001,4231,0.05,9139,84.0,4.799810409545898,0.0001,191893
181,767760,87.00401398000002,4232,0.05,9140,84.0,0.43871355056762695,0.0001,191914
181,767844,86.98098204000001,4232,0.05,9141,84.0,0.28162074089050293,0.0001,191935
181,767928,86.97801190000001,4233,0.05,9142,84.0,5.368382930755615,0.0001,191956
181,768012,86.96275239,4234,0.05,9143,84.0,0.21917662024497986,0.0001,191977
181,768096,86.96157201,4234,0.05,9144,84.0,0.42875242233276367,0.0001,191998
181,768180,86.94951716000001,4235,0.05,9145,84.0,0.4204719662666321,0.0001,192019
181,768264,86.95126578999998,4235,0.05,9146,84.0,4.712019920349121,0.0001,192040
181,768348,86.95523816000001,4236,0.05,9147,84.0,4.896655559539795,0.0001,192061
181,768432,86.95597292999999,4237,0.05,9148,84.0,0.5109440684318542,0.0001,192082
181,768516,86.95844161,4237,0.05,9149,84.0,0.11782512068748474,0.0001,192103
181,768600,86.94467368999999,4238,0.05,9150,84.0,0.34186550974845886,0.0001,192124
181,768684,86.94298042,4239,0.05,9151,84.0,0.11299201101064682,0.0001,192145
181,768768,86.94902618,4239,0.05,9152,84.0,0.3953459560871124,0.0001,192166
181,768852,86.93222715000002,4240,0.05,9153,84.0,0.50211501121521,0.0001,192187
181,768936,86.93668823,4241,0.05,9154,84.0,4.563394546508789,0.0001,192208
181,769020,86.93877537000002,4241,0.05,9155,84.0,4.440913677215576,0.0001,192229
181,769104,86.94799551,4242,0.05,9156,84.0,4.763477802276611,0.0001,192250
181,769188,86.94276012,4242,0.05,9157,84.0,5.026625156402588,0.0001,192271
181,769272,86.94591593,4243,0.05,9158,84.0,0.6530741453170776,0.0001,192292
181,769356,86.971645,4244,0.05,9159,84.0,5.114058494567871,0.0001,192313
181,769440,86.97199429999999,4244,0.05,9160,84.0,0.36789393424987793,0.0001,192334
181,769524,86.96594493999999,4245,0.05,9161,84.0,4.9086761474609375,0.0001,192355
181,769608,86.93279459999998,4246,0.05,9162,84.0,0.1538127213716507,0.0001,192376
181,769692,86.93226507,4246,0.05,9163,84.0,4.604490280151367,0.0001,192397
181,769776,86.93672534999997,4247,0.05,9164,84.0,0.2737172544002533,0.0001,192418
181,769860,86.93798017,4248,0.05,9165,84.0,0.36495116353034973,0.0001,192439
181,769944,86.95380861,4248,0.05,9166,84.0,0.34624871611595154,0.0001,192460
181,770028,86.9559965,4249,0.05,9167,84.0,0.13348388671875,0.0001,192481
181,770112,86.93538314000001,4249,0.05,9168,84.0,0.5635113716125488,0.0001,192502
181,770196,86.94538905000002,4250,0.05,9169,84.0,4.989606857299805,0.0001,192523
181,770280,86.94090933000001,4251,0.05,9170,84.0,5.137306213378906,0.0001,192544
181,770364,86.94580065999999,4251,0.05,9171,84.0,0.17060571908950806,0.0001,192565
181,770448,86.93276352,4252,0.05,9172,84.0,0.30679842829704285,0.0001,192586
181,770532,86.92201744999998,4252,0.05,9173,84.0,0.3813946843147278,0.0001,192607
181,770616,86.8949059,4253,0.05,9174,84.0,0.3205878436565399,0.0001,192628
181,770700,86.83438643999997,4253,0.05,9175,84.0,0.4904882311820984,0.0001,192649
181,770784,86.83644964,4254,0.05,9176,84.0,0.33827632665634155,0.0001,192670
181,770868,86.82693572,4254,0.05,9177,84.0,0.5224239826202393,0.0001,192691
181,770952,86.82628799,4255,0.05,9178,84.0,4.750958442687988,0.0001,192712
181,771036,86.82868081000002,4255,0.05,9179,84.0,4.845361709594727,0.0001,192733
181,771120,86.82325756,4256,0.05,9180,84.0,5.413864612579346,0.0001,192754
181,771204,86.82482832000001,4256,0.05,9181,84.0,4.895235061645508,0.0001,192775
181,771288,86.82694710999998,4257,0.05,9182,84.0,0.08175040781497955,0.0001,192796
181,771372,86.82189557999999,4257,0.05,9183,84.0,0.10016494244337082,0.0001,192817
181,771456,86.82929468999998,4257,0.05,9184,84.0,5.089334011077881,0.0001,192838
181,771540,86.86274153999999,4258,0.05,9185,84.0,0.2675427496433258,0.0001,192859
181,771624,86.85338154999998,4258,0.05,9186,84.0,0.5251920223236084,0.0001,192880
181,771708,86.84476873999998,4259,0.05,9187,84.0,4.835482597351074,0.0001,192901
181,771792,86.84608442999999,4259,0.05,9188,84.0,0.13298040628433228,0.0001,192922
181,771876,86.83688658999998,4260,0.05,9189,84.0,0.39271223545074463,0.0001,192943
181,771960,86.83489157999999,4260,0.05,9190,84.0,5.00388765335083,0.0001,192964
181,772044,86.83215171,4261,0.05,9191,84.0,0.15792348980903625,0.0001,192985
181,772128,86.82979444,4261,0.05,9192,84.0,4.888612270355225,0.0001,193006
181,772212,86.83330446,4262,0.05,9193,84.0,0.2363296002149582,0.0001,193027
181,772296,86.82724628999999,4262,0.05,9194,84.0,0.7027539014816284,0.0001,193048
181,772380,86.83110845999998,4263,0.05,9195,84.0,0.1351456195116043,0.0001,193069
181,772464,86.84130402,4263,0.05,9196,84.0,0.10212470591068268,0.0001,193090
181,772548,86.83976471999999,4264,0.05,9197,84.0,0.1351495087146759,0.0001,193111
181,772632,86.83580324000002,4265,0.05,9198,84.0,0.37648531794548035,0.0001,193132
181,772716,86.83677773000001,4265,0.05,9199,84.0,0.46026611328125,0.0001,193153
181,772800,86.82928379,4266,0.05,9200,84.0,0.05788382887840271,0.0001,193174
181,772884,86.83365504,4266,0.05,9201,84.0,0.18017758429050446,0.0001,193195
181,772968,86.83753055,4267,0.05,9202,84.0,0.09534449875354767,0.0001,193216
181,773052,86.84614634000002,4267,0.05,9203,84.0,0.11556915938854218,0.0001,193237
181,773136,86.85090272,4268,0.05,9204,84.0,5.3086934089660645,0.0001,193258
181,773220,86.85700034999999,4268,0.05,9205,84.0,4.54869270324707,0.0001,193279
181,773304,86.86591459000002,4269,0.05,9206,84.0,4.790553569793701,0.0001,193300
181,773388,86.86258746000001,4269,0.05,9207,84.0,0.2955368161201477,0.0001,193321
181,773472,86.84940277000001,4270,0.05,9208,84.0,5.409533977508545,0.0001,193342
181,773556,86.85823154000002,4271,0.05,9209,84.0,0.48896700143814087,0.0001,193363
181,773640,86.84777310000001,4271,0.05,9210,84.0,0.2705436944961548,0.0001,193384
181,773724,86.84227450999998,4272,0.05,9211,84.0,5.167719841003418,0.0001,193405
181,773808,86.82690333000001,4272,0.05,9212,84.0,0.3818531930446625,0.0001,193426
181,773892,86.82160396,4273,0.05,9213,84.0,4.773609638214111,0.0001,193447
181,773976,86.83155194000001,4273,0.05,9214,84.0,4.513100624084473,0.0001,193468
181,774060,86.83912532000001,4274,0.05,9215,84.0,0.12525582313537598,0.0001,193489
181,774144,86.84100697,4274,0.05,9216,84.0,0.1203099936246872,0.0001,193510
181,774228,86.83755783999999,4275,0.05,9217,84.0,0.5990603566169739,0.0001,193531
181,774312,86.84426062,4275,0.05,9218,84.0,0.5399445295333862,0.0001,193552
181,774396,86.84356554,4276,0.05,9219,84.0,4.665561199188232,0.0001,193573
181,774480,86.76160514000003,4276,0.05,9220,84.0,0.6002197265625,0.0001,193594
181,774564,86.75876109000002,4277,0.05,9221,84.0,0.18894892930984497,0.0001,193615
181,774648,86.75421170999999,4277,0.05,9222,84.0,4.795412540435791,0.0001,193636
181,774732,86.74012463999999,4278,0.05,9223,84.0,4.662709712982178,0.0001,193657
181,774816,86.73907037999997,4278,0.05,9224,84.0,0.041134171187877655,0.0001,193678
181,774900,86.7509451,4279,0.05,9225,84.0,0.5769346952438354,0.0001,193699
181,774984,86.7497589,4279,0.05,9226,84.0,0.6299449801445007,0.0001,193720
181,775068,86.74251026999998,4280,0.05,9227,84.0,0.464661180973053,0.0001,193741
181,775152,86.76580242999998,4281,0.05,9228,84.0,5.141181945800781,0.0001,193762
181,775236,86.76785714000002,4281,0.05,9229,84.0,0.3063340485095978,0.0001,193783
181,775320,86.75725888999999,4282,0.05,9230,84.0,0.5221030712127686,0.0001,193804
181,775404,86.74751119000001,4282,0.05,9231,84.0,0.5136338472366333,0.0001,193825
181,775488,86.74571319,4283,0.05,9232,84.0,0.19291624426841736,0.0001,193846
181,775572,86.76344201,4283,0.05,9233,84.0,9.271120071411133,0.0001,193867
181,775656,86.76422878,4284,0.05,9234,84.0,0.07610883563756943,0.0001,193888
181,775740,86.75590555999999,4284,0.05,9235,84.0,0.11890162527561188,0.0001,193909
181,775824,86.74013536999999,4285,0.05,9236,84.0,5.4151506423950195,0.0001,193930
181,775908,86.72426735999997,4285,0.05,9237,84.0,0.5341654419898987,0.0001,193951
181,775992,86.71507668999998,4286,0.05,9238,84.0,9.787460327148438,0.0001,193972
181,776076,86.71635551999996,4286,0.05,9239,84.0,0.10138832032680511,0.0001,193993
181,776160,86.72769366999997,4287,0.05,9240,84.0,0.30108025670051575,0.0001,194014
181,776244,86.74973427999997,4287,0.05,9241,84.0,0.28782984614372253,0.0001,194035
181,776328,86.75168201999999,4288,0.05,9242,84.0,0.3092043101787567,0.0001,194056
181,776412,86.70166348999997,4288,0.05,9243,84.0,0.302501380443573,0.0001,194077
181,776496,86.69975471,4289,0.05,9244,84.0,0.23951388895511627,0.0001,194098
181,776580,86.7053333,4289,0.05,9245,84.0,0.08061663061380386,0.0001,194119
181,776664,86.70239126,4290,0.05,9246,84.0,0.1459387242794037,0.0001,194140
181,776748,86.69671502000001,4290,0.05,9247,84.0,4.710341930389404,0.0001,194161
181,776832,86.70244302,4291,0.05,9248,84.0,4.812057018280029,0.0001,194182
181,776916,86.70167175,4291,0.05,9249,84.0,4.928492546081543,0.0001,194203
181,777000,86.70771151000002,4292,0.05,9250,84.0,5.735145092010498,0.0001,194224
181,777084,86.71722949000002,4292,0.05,9251,84.0,4.746092319488525,0.0001,194245
181,777168,86.71666817000003,4293,0.05,9252,84.0,0.15395575761795044,0.0001,194266
181,777252,86.71798088000003,4293,0.05,9253,84.0,0.5940511226654053,0.0001,194287
181,777336,86.72363775000004,4294,0.05,9254,84.0,0.13980843126773834,0.0001,194308
181,777420,86.7210331,4295,0.05,9255,84.0,0.08476205170154572,0.0001,194329
180,777504,86.72141681000001,4295,0.05,9256,84.0,0.07292643189430237,0.0001,194350
180,777588,86.7253915,4296,0.05,9257,84.0,4.9621901512146,0.0001,194371
180,777672,86.72463339,4296,0.05,9258,84.0,0.061914026737213135,0.0001,194392
180,777756,86.72475144,4297,0.05,9259,84.0,5.234968662261963,0.0001,194413
180,777840,86.72082911999998,4297,0.05,9260,84.0,4.638524055480957,0.0001,194434
180,777924,86.73127029,4298,0.05,9261,84.0,0.07264356315135956,0.0001,194455
180,778008,86.77761070000003,4299,0.05,9262,84.0,0.39183342456817627,0.0001,194476
180,778092,86.78475445000002,4299,0.05,9263,84.0,0.35330989956855774,0.0001,194497
180,778176,86.78313535000001,4300,0.05,9264,84.0,0.3385390043258667,0.0001,194518
180,778260,86.73314531000001,4300,0.05,9265,84.0,0.16307121515274048,0.0001,194539
180,778344,86.72762586,4301,0.05,9266,84.0,4.69878625869751,0.0001,194560
180,778428,86.72346482,4301,0.05,9267,84.0,0.11771368235349655,0.0001,194581
180,778512,86.73653760000003,4302,0.05,9268,84.0,4.697343826293945,0.0001,194602
180,778596,86.73126295000002,4302,0.05,9269,84.0,0.09073959290981293,0.0001,194623
180,778680,86.73185650000003,4303,0.05,9270,84.0,4.63694429397583,0.0001,194644
180,778764,86.71876926,4303,0.05,9271,84.0,0.2893640697002411,0.0001,194665
180,778848,86.72876627,4304,0.05,9272,84.0,0.15526030957698822,0.0001,194686
180,778932,86.73724248,4304,0.05,9273,84.0,0.09368668496608734,0.0001,194707
180,779016,86.75525479,4305,0.05,9274,84.0,0.09651021659374237,0.0001,194728
180,779100,86.80898467000002,4305,0.05,9275,84.0,0.05269382894039154,0.0001,194749
180,779184,86.80869711000001,4306,0.05,9276,84.0,0.09751199185848236,0.0001,194770
180,779268,86.80783289000001,4306,0.05,9277,84.0,0.3025782108306885,0.0001,194791
180,779352,86.81454034000001,4307,0.05,9278,84.0,0.31979918479919434,0.0001,194812
180,779436,86.80280361,4307,0.05,9279,84.0,0.556791365146637,0.0001,194833
180,779520,86.79263805000001,4308,0.05,9280,84.0,9.133379936218262,0.0001,194854
180,779604,86.80144683,4308,0.05,9281,84.0,4.845384120941162,0.0001,194875
180,779688,86.80338356,4309,0.05,9282,84.0,0.3272325396537781,0.0001,194896
180,779772,86.79789009,4309,0.05,9283,84.0,0.4252637028694153,0.0001,194917
180,779856,86.79536397000001,4310,0.05,9284,84.0,9.454297065734863,0.0001,194938
180,779940,86.77779619,4310,0.05,9285,84.0,4.828704357147217,0.0001,194959
180,780024,86.79879809000002,4311,0.05,9286,84.0,0.808841347694397,0.0001,194980
180,780108,86.8088592,4311,0.05,9287,84.0,0.3355634808540344,0.0001,195001
180,780192,86.80203581000002,4312,0.05,9288,84.0,4.938504219055176,0.0001,195022
180,780276,86.80548474000001,4312,0.05,9289,84.0,4.743907928466797,0.0001,195043
180,780360,86.81469184000001,4313,0.05,9290,84.0,9.620038032531738,0.0001,195064
180,780444,86.81783258000002,4314,0.05,9291,84.0,0.38962921500205994,0.0001,195085
180,780528,86.82264334999999,4314,0.05,9292,84.0,0.050885699689388275,0.0001,195106
180,780612,86.83201777000001,4315,0.05,9293,84.0,5.089111804962158,0.0001,195127
180,780696,86.83009853000001,4315,0.05,9294,84.0,0.2627076804637909,0.0001,195148
180,780780,86.83261447999999,4316,0.05,9295,84.0,4.82573938369751,0.0001,195169
180,780864,86.82685514,4316,0.05,9296,84.0,0.4922436773777008,0.0001,195190
180,780948,86.82441597,4317,0.05,9297,84.0,0.14809170365333557,0.0001,195211
180,781032,86.83340246,4317,0.05,9298,84.0,0.20675897598266602,0.0001,195232
180,781116,86.83166301000001,4318,0.05,9299,84.0,0.38241520524024963,0.0001,195253
180,781200,86.82850691000002,4318,0.05,9300,84.0,0.7368435859680176,0.0001,195274
180,781284,86.82328428999998,4318,0.05,9301,84.0,0.18321511149406433,0.0001,195295
180,781368,86.81978541000001,4319,0.05,9302,84.0,0.04973266273736954,0.0001,195316
180,781452,86.82117030999999,4319,0.05,9303,84.0,0.33039629459381104,0.0001,195337
180,781536,86.81195679999999,4320,0.05,9304,84.0,0.40037471055984497,0.0001,195358
180,781620,86.82011519999996,4320,0.05,9305,84.0,0.13026341795921326,0.0001,195379
180,781704,86.81542750999999,4321,0.05,9306,84.0,5.4069342613220215,0.0001,195400
180,781788,86.81030004999998,4321,0.05,9307,84.0,0.10371527075767517,0.0001,195421
180,781872,86.81336590000001,4322,0.05,9308,84.0,5.116562843322754,0.0001,195442
180,781956,86.81641125,4322,0.05,9309,84.0,4.694358825683594,0.0001,195463
180,782040,86.82734827,4322,0.05,9310,84.0,4.821713447570801,0.0001,195484
180,782124,86.82835683999998,4323,0.05,9311,84.0,0.39084047079086304,0.0001,195505
180,782208,86.82643852,4323,0.05,9312,84.0,0.1485854685306549,0.0001,195526
180,782292,86.82492461999999,4324,0.05,9313,84.0,4.728246212005615,0.0001,195547
180,782376,86.81573884,4324,0.05,9314,84.0,4.89500617980957,0.0001,195568
180,782460,86.80820990000002,4325,0.05,9315,84.0,0.09751897305250168,0.0001,195589
180,782544,86.80768600000002,4325,0.05,9316,84.0,0.3430067300796509,0.0001,195610
180,782628,86.81141046000002,4326,0.05,9317,84.0,9.385622024536133,0.0001,195631
180,782712,86.81207174000001,4326,0.05,9318,84.0,0.28121909499168396,0.0001,195652
180,782796,86.81784046000001,4326,0.05,9319,84.0,0.1175084263086319,0.0001,195673
180,782880,86.90069299999999,4327,0.05,9320,84.0,4.956630706787109,0.0001,195694
180,782964,86.90698013,4327,0.05,9321,84.0,0.06786876171827316,0.0001,195715
180,783048,86.90919899000001,4328,0.05,9322,84.0,0.18591946363449097,0.0001,195736
180,783132,86.91185724,4328,0.05,9323,84.0,4.892374038696289,0.0001,195757
180,783216,86.90909206000002,4329,0.05,9324,84.0,4.939915657043457,0.0001,195778
180,783300,86.92013946000002,4329,0.05,9325,84.0,0.764282763004303,0.0001,195799
180,783384,86.92756032000001,4330,0.05,9326,84.0,0.13610582053661346,0.0001,195820
180,783468,86.93120303000002,4330,0.05,9327,84.0,0.32636600732803345,0.0001,195841
180,783552,86.93091215,4330,0.05,9328,84.0,4.692009449005127,0.0001,195862
180,783636,86.92636126000001,4331,0.05,9329,84.0,0.3073573708534241,0.0001,195883
180,783720,86.93050038999999,4331,0.05,9330,84.0,0.09555736184120178,0.0001,195904
180,783804,86.94472024000001,4332,0.05,9331,84.0,4.401122570037842,0.0001,195925
180,783888,86.95520350000001,4332,0.05,9332,84.0,5.242920875549316,0.0001,195946
180,783972,86.96240912000002,4333,0.05,9333,84.0,4.530514717102051,0.0001,195967
180,784056,86.96049025000002,4333,0.05,9334,84.0,0.08740852028131485,0.0001,195988
180,784140,86.96548742,4334,0.05,9335,84.0,0.8261065483093262,0.0001,196009
180,784224,86.98219052,4334,0.05,9336,84.0,0.553941011428833,0.0001,196030
180,784308,86.98976588,4335,0.05,9337,84.0,5.104122161865234,0.0001,196051
180,784392,86.98828228999999,4335,0.05,9338,84.0,5.028509140014648,0.0001,196072
180,784476,86.99532341,4336,0.05,9339,84.0,0.398122102022171,0.0001,196093
180,784560,86.99048069,4336,0.05,9340,84.0,0.07996959239244461,0.0001,196114
180,784644,87.00809357999998,4336,0.05,9341,84.0,0.1423676311969757,0.0001,196135
180,784728,86.98139262000001,4337,0.05,9342,84.0,0.25975388288497925,0.0001,196156
180,784812,87.03300787,4337,0.05,9343,84.0,0.10279886424541473,0.0001,196177
180,784896,87.0362274,4338,0.05,9344,84.0,0.08794795721769333,0.0001,196198
180,784980,87.04133938000001,4338,0.05,9345,84.0,4.703406810760498,0.0001,196219
180,785064,87.0511196,4339,0.05,9346,84.0,0.35802340507507324,0.0001,196240
180,785148,87.04961988999997,4339,0.05,9347,84.0,5.146071910858154,0.0001,196261
180,785232,87.04966261,4340,0.05,9348,84.0,0.0690351277589798,0.0001,196282
180,785316,87.05083925,4340,0.05,9349,84.0,0.10744417458772659,0.0001,196303
180,785400,87.05106828999999,4341,0.05,9350,84.0,0.3153594136238098,0.0001,196324
180,785484,87.05050994,4341,0.05,9351,84.0,0.09586380422115326,0.0001,196345
180,785568,87.03922521999999,4342,0.05,9352,84.0,0.08168970793485641,0.0001,196366
180,785652,87.02404926999999,4342,0.05,9353,84.0,0.11409603804349899,0.0001,196387
180,785736,87.01261156000002,4343,0.05,9354,84.0,0.13553667068481445,0.0001,196408
180,785820,87.02319421000004,4343,0.05,9355,84.0,0.29434460401535034,0.0001,196429
180,785904,87.01958101000004,4344,0.05,9356,84.0,0.5269477367401123,0.0001,196450
180,785988,87.01378614000004,4345,0.05,9357,84.0,0.1265680193901062,0.0001,196471
180,786072,87.02727829000001,4345,0.05,9358,84.0,5.5297417640686035,0.0001,196492
180,786156,87.02807127000001,4346,0.05,9359,84.0,0.0639113336801529,0.0001,196513
180,786240,87.03113103,4346,0.05,9360,84.0,0.10200374573469162,0.0001,196534
180,786324,87.03106251999999,4347,0.05,9361,84.0,0.06724299490451813,0.0001,196555
180,786408,87.03360338,4347,0.05,9362,84.0,0.1328212320804596,0.0001,196576
180,786492,87.02381516999999,4348,0.05,9363,84.0,0.3366355299949646,0.0001,196597
180,786576,87.02046152999999,4348,0.05,9364,84.0,0.05740828067064285,0.0001,196618
180,786660,87.05736515999999,4349,0.05,9365,84.0,0.5475108623504639,0.0001,196639
180,786744,87.03707386999999,4349,0.05,9366,84.0,0.29777631163597107,0.0001,196660
180,786828,87.03310739,4350,0.05,9367,84.0,9.686636924743652,0.0001,196681
180,786912,87.03393033999998,4350,0.05,9368,84.0,0.5320053100585938,0.0001,196702
180,786996,87.02623827,4351,0.05,9369,84.0,0.26983267068862915,0.0001,196723
180,787080,87.02621982999999,4351,0.05,9370,84.0,0.10431786626577377,0.0001,196744
180,787164,87.03673984999999,4352,0.05,9371,84.0,0.4269731640815735,0.0001,196765
180,787248,87.04132286,4352,0.05,9372,84.0,0.1430392563343048,0.0001,196786
180,787332,87.04558064000001,4353,0.05,9373,84.0,0.4964050352573395,0.0001,196807
180,787416,87.04391965999999,4353,0.05,9374,84.0,0.08973239362239838,0.0001,196828
180,787500,87.04820437000001,4354,0.05,9375,84.0,0.4999847114086151,0.0001,196849
180,787584,87.03129488,4355,0.05,9376,84.0,0.5719354748725891,0.0001,196870
180,787668,87.0307382,4355,0.05,9377,84.0,0.659792959690094,0.0001,196891
180,787752,87.01070796000002,4356,0.05,9378,84.0,0.40055060386657715,0.0001,196912
180,787836,87.00360810000001,4356,0.05,9379,84.0,4.928382873535156,0.0001,196933
180,787920,87.01365121999999,4357,0.05,9380,84.0,0.039078790694475174,0.0001,196954
180,788004,87.00749349999998,4357,0.05,9381,84.0,0.14951714873313904,0.0001,196975
180,788088,86.99843752999999,4358,0.05,9382,84.0,0.07918459177017212,0.0001,196996
180,788172,87.01182429999999,4358,0.05,9383,84.0,0.08851011097431183,0.0001,197017
180,788256,87.01272358,4358,0.05,9384,84.0,5.084793567657471,0.0001,197038
180,788340,87.02256593,4359,0.05,9385,84.0,4.742181777954102,0.0001,197059
180,788424,87.01216987999999,4360,0.05,9386,84.0,0.3072817027568817,0.0001,197080
180,788508,86.99822615,4360,0.05,9387,84.0,0.5719923973083496,0.0001,197101
180,788592,86.99688710999999,4361,0.05,9388,84.0,5.195940017700195,0.0001,197122
180,788676,86.99113306999999,4361,0.05,9389,84.0,0.37396594882011414,0.0001,197143
180,788760,86.98410818,4362,0.05,9390,84.0,4.941959857940674,0.0001,197164
180,788844,86.98376675,4362,0.05,9391,84.0,0.3540523052215576,0.0001,197185
180,788928,86.99325643999998,4363,0.05,9392,84.0,0.08572693914175034,0.0001,197206
180,789012,86.98520848,4363,0.05,9393,84.0,0.4189702868461609,0.0001,197227
180,789096,86.98741943999998,4364,0.05,9394,84.0,4.853806495666504,0.0001,197248
180,789180,86.98727987000001,4364,0.05,9395,84.0,0.06774686276912689,0.0001,197269
180,789264,86.98245529,4365,0.05,9396,84.0,5.580818176269531,0.0001,197290
180,789348,86.95719415000002,4365,0.05,9397,84.0,4.829826831817627,0.0001,197311
180,789432,86.89725051,4366,0.05,9398,84.0,0.30612078309059143,0.0001,197332
180,789516,86.89580400000001,4366,0.05,9399,84.0,0.28785064816474915,0.0001,197353
180,789600,86.89839000000003,4367,0.05,9400,84.0,0.04927179217338562,0.0001,197374
180,789684,86.89930573000004,4367,0.05,9401,84.0,0.5350358486175537,0.0001,197395
180,789768,86.90025089000001,4368,0.05,9402,84.0,0.19062593579292297,0.0001,197416
180,789852,86.90804401,4369,0.05,9403,84.0,0.37770628929138184,0.0001,197437
180,789936,86.91819729000001,4369,0.05,9404,84.0,0.16437724232673645,0.0001,197458
180,790020,86.89734306,4370,0.05,9405,84.0,0.24040472507476807,0.0001,197479
180,790104,86.88737033,4370,0.05,9406,84.0,4.9231343269348145,0.0001,197500
180,790188,86.90791943,4371,0.05,9407,84.0,4.7728047370910645,0.0001,197521
180,790272,86.90316012,4371,0.05,9408,84.0,0.1983129382133484,0.0001,197542
180,790356,86.90312222,4372,0.05,9409,84.0,4.8454132080078125,0.0001,197563
180,790440,86.90912951,4372,0.05,9410,84.0,4.722341060638428,0.0001,197584
180,790524,86.91296448000001,4373,0.05,9411,84.0,0.3399692177772522,0.0001,197605
180,790608,86.91344035000002,4373,0.05,9412,84.0,0.12160714715719223,0.0001,197626
180,790692,86.91869772,4374,0.05,9413,84.0,0.14770838618278503,0.0001,197647
180,790776,86.91723205,4374,0.05,9414,84.0,0.361661821603775,0.0001,197668
180,790860,86.92796409999997,4375,0.05,9415,84.0,0.10609173774719238,0.0001,197689
180,790944,86.93758941,4375,0.05,9416,84.0,4.78170108795166,0.0001,197710
180,791028,86.93824777,4376,0.05,9417,84.0,0.5723119974136353,0.0001,197731
180,791112,86.93242935,4376,0.05,9418,84.0,5.443140983581543,0.0001,197752
180,791196,86.92485321999999,4377,0.05,9419,84.0,5.226978778839111,0.0001,197773
180,791280,86.92756545,4378,0.05,9420,84.0,0.4925059676170349,0.0001,197794
180,791364,86.92652081000001,4378,0.05,9421,84.0,0.3080594539642334,0.0001,197815
180,791448,86.92648227000001,4379,0.05,9422,84.0,4.795475482940674,0.0001,197836
180,791532,86.9389816,4379,0.05,9423,84.0,0.14393603801727295,0.0001,197857
180,791616,86.95191919000001,4380,0.05,9424,84.0,0.2357393205165863,0.0001,197878
180,791700,86.92783809000001,4380,0.05,9425,84.0,5.054413318634033,0.0001,197899
180,791784,86.91292254,4381,0.05,9426,84.0,0.5699735283851624,0.0001,197920
180,791868,86.91425133000001,4382,0.05,9427,84.0,0.3287360668182373,0.0001,197941
180,791952,86.90154110999998,4382,0.05,9428,84.0,4.606499195098877,0.0001,197962
180,792036,86.91021058999999,4383,0.05,9429,84.0,0.28975623846054077,0.0001,197983
180,792120,86.91530056999999,4383,0.05,9430,84.0,0.15742188692092896,0.0001,198004
180,792204,86.91188061999998,4384,0.05,9431,84.0,5.1955718994140625,0.0001,198025
180,792288,86.91106493,4385,0.05,9432,84.0,4.523329257965088,0.0001,198046
180,792372,86.89332144999999,4385,0.05,9433,84.0,0.08148498833179474,0.0001,198067
180,792456,86.89919817,4386,0.05,9434,84.0,0.07598216831684113,0.0001,198088
180,792540,86.89970288999999,4387,0.05,9435,84.0,5.669785499572754,0.0001,198109
180,792624,86.90461057000002,4387,0.05,9436,84.0,0.41510695219039917,0.0001,198130
180,792708,86.90507173,4388,0.05,9437,84.0,5.152865886688232,0.0001,198151
180,792792,86.90390933,4388,0.05,9438,84.0,0.15226608514785767,0.0001,198172
180,792876,86.89732201999999,4389,0.05,9439,84.0,0.06952624022960663,0.0001,198193
180,792960,86.90000791999996,4390,0.05,9440,84.0,0.21237199008464813,0.0001,198214
180,793044,86.89859916999998,4390,0.05,9441,84.0,0.3710157871246338,0.0001,198235
180,793128,86.92168667,4391,0.05,9442,84.0,4.7266387939453125,0.0001,198256
180,793212,86.92161779,4391,0.05,9443,84.0,0.40087026357650757,0.0001,198277
180,793296,86.93333379000002,4392,0.05,9444,84.0,0.2957332730293274,0.0001,198298
180,793380,86.92155786000001,4393,0.05,9445,84.0,4.775437831878662,0.0001,198319
180,793464,86.91819106000001,4393,0.05,9446,84.0,0.3145301342010498,0.0001,198340
180,793548,86.93157064,4394,0.05,9447,84.0,5.204506874084473,0.0001,198361
180,793632,86.9255796,4395,0.05,9448,84.0,0.2386450171470642,0.0001,198382
180,793716,86.92399555,4395,0.05,9449,84.0,9.859375,0.0001,198403
180,793800,86.92045294999998,4396,0.05,9450,84.0,0.06041066348552704,0.0001,198424
180,793884,86.90285508999997,4396,0.05,9451,84.0,0.09991681575775146,0.0001,198445
180,793968,86.90692365,4397,0.05,9452,84.0,4.875250339508057,0.0001,198466
180,794052,86.92315508,4398,0.05,9453,84.0,0.5606510043144226,0.0001,198487
180,794136,86.92819822999998,4398,0.05,9454,84.0,0.13716614246368408,0.0001,198508
180,794220,86.92385608,4399,0.05,9455,84.0,0.28459322452545166,0.0001,198529
180,794304,86.93157847999997,4399,0.05,9456,84.0,0.13603003323078156,0.0001,198550
180,794388,86.93343614999998,4400,0.05,9457,84.0,4.84442663192749,0.0001,198571
180,794472,86.91933099999999,4401,0.05,9458,84.0,0.5256087183952332,0.0001,198592
180,794556,86.90628695999997,4401,0.05,9459,84.0,4.733957290649414,0.0001,198613
180,794640,86.89653012999999,4402,0.05,9460,84.0,0.3463015556335449,0.0001,198634
180,794724,86.90026176,4402,0.05,9461,84.0,0.3860059380531311,0.0001,198655
180,794808,86.90266409000002,4403,0.05,9462,84.0,0.37542009353637695,0.0001,198676
180,794892,86.90474138000002,4404,0.05,9463,84.0,0.44296807050704956,0.0001,198697
180,794976,86.90288385,4404,0.05,9464,84.0,0.05513228476047516,0.0001,198718
180,795060,86.91016565999999,4405,0.05,9465,84.0,0.8498457074165344,0.0001,198739
180,795144,86.92646231999998,4406,0.05,9466,84.0,0.27238181233406067,0.0001,198760
180,795228,86.93245858,4406,0.05,9467,84.0,0.2986181676387787,0.0001,198781
180,795312,86.92841581999997,4407,0.05,9468,84.0,0.3154284656047821,0.0001,198802
180,795396,86.93231916999999,4408,0.05,9469,84.0,10.174583435058594,0.0001,198823
180,795480,86.93806785000001,4408,0.05,9470,84.0,0.4844553470611572,0.0001,198844
180,795564,86.9384402,4409,0.05,9471,84.0,5.265395164489746,0.0001,198865
180,795648,86.87877638999998,4410,0.05,9472,84.0,0.054519861936569214,0.0001,198886
180,795732,86.87405375,4410,0.05,9473,84.0,5.243499279022217,0.0001,198907
180,795816,86.84909346,4411,0.05,9474,84.0,5.067234992980957,0.0001,198928
180,795900,86.85390099000001,4411,0.05,9475,84.0,0.20237165689468384,0.0001,198949
180,795984,86.87203675,4412,0.05,9476,84.0,0.5563380718231201,0.0001,198970
180,796068,86.87709843,4413,0.05,9477,84.0,0.4238438308238983,0.0001,198991
180,796152,86.88586632,4413,0.05,9478,84.0,0.2726110816001892,0.0001,199012
180,796236,86.88557248000001,4414,0.05,9479,84.0,0.36857742071151733,0.0001,199033
180,796320,86.89672266000001,4415,0.05,9480,84.0,0.35405880212783813,0.0001,199054
180,796404,86.88823982000002,4415,0.05,9481,84.0,0.08309367299079895,0.0001,199075
180,796488,86.89312079,4416,0.05,9482,84.0,4.914543628692627,0.0001,199096
180,796572,86.89215693,4417,0.05,9483,84.0,4.697585105895996,0.0001,199117
180,796656,86.89186396999999,4417,0.05,9484,84.0,0.08727195113897324,0.0001,199138
180,796740,86.88133898,4418,0.05,9485,84.0,0.36666959524154663,0.0001,199159
180,796824,86.88130462,4419,0.05,9486,84.0,0.09003384411334991,0.0001,199180
180,796908,86.89515505,4419,0.05,9487,84.0,0.19466160237789154,0.0001,199201
180,796992,86.90624050999999,4420,0.05,9488,84.0,4.695335388183594,0.0001,199222
180,797076,86.9041925,4420,0.05,9489,84.0,0.5338624715805054,0.0001,199243
180,797160,86.90045661,4421,0.05,9490,84.0,0.685876727104187,0.0001,199264
180,797244,86.90008767999998,4422,0.05,9491,84.0,4.528719902038574,0.0001,199285
180,797328,86.89410208999999,4422,0.05,9492,84.0,0.0701061338186264,0.0001,199306
180,797412,86.89556722999998,4423,0.05,9493,84.0,0.369853138923645,0.0001,199327
180,797496,86.89605017999999,4424,0.05,9494,84.0,5.025486946105957,0.0001,199348
180,797580,86.88549821999999,4424,0.05,9495,84.0,0.1793150007724762,0.0001,199369
180,797664,86.87640559000002,4425,0.05,9496,84.0,0.1184147298336029,0.0001,199390
180,797748,86.90296422000002,4425,0.05,9497,84.0,4.975212097167969,0.0001,199411
180,797832,86.96194706000001,4426,0.05,9498,84.0,0.08194363117218018,0.0001,199432
180,797916,86.96926624000001,4427,0.05,9499,84.0,0.173971027135849,0.0001,199453
180,798000,86.96134580000002,4428,0.05,9500,84.0,5.242554187774658,0.0001,199474
180,798084,86.97206048999999,4428,0.05,9501,84.0,0.14503265917301178,0.0001,199495
180,798168,86.97306833,4429,0.05,9502,84.0,4.725438594818115,0.0001,199516
180,798252,86.9741091,4430,0.05,9503,84.0,0.7026547193527222,0.0001,199537
180,798336,86.96502815,4430,0.05,9504,84.0,0.17806464433670044,0.0001,199558
180,798420,86.97321492,4431,0.05,9505,84.0,0.13939251005649567,0.0001,199579
180,798504,86.98349015,4431,0.05,9506,84.0,4.99335241317749,0.0001,199600
180,798588,86.97447315,4432,0.05,9507,84.0,0.08781369775533676,0.0001,199621
180,798672,86.97590776999999,4432,0.05,9508,84.0,0.0629013329744339,0.0001,199642
180,798756,86.97314175,4433,0.05,9509,84.0,0.5161669254302979,0.0001,199663
180,798840,86.96872086000003,4434,0.05,9510,84.0,0.07572459429502487,0.0001,199684
180,798924,86.97097777,4434,0.05,9511,84.0,0.30521342158317566,0.0001,199705
180,799008,86.96838430000001,4435,0.05,9512,84.0,4.558251857757568,0.0001,199726
180,799092,86.96586044,4436,0.05,9513,84.0,0.09734544157981873,0.0001,199747
180,799176,86.96454558,4436,0.05,9514,84.0,0.30144840478897095,0.0001,199768
180,799260,86.96244723,4437,0.05,9515,84.0,0.08955352008342743,0.0001,199789
180,799344,86.9560512,4437,0.05,9516,84.0,4.8464579582214355,0.0001,199810
180,799428,86.95523077,4438,0.05,9517,84.0,0.07369566708803177,0.0001,199831
180,799512,86.95870500000001,4439,0.05,9518,84.0,0.544094443321228,0.0001,199852
180,799596,86.8788823,4439,0.05,9519,84.0,0.061124835163354874,0.0001,199873
180,799680,86.87674062,4440,0.05,9520,84.0,0.06112920120358467,0.0001,199894
180,799764,86.88044627000001,4441,0.05,9521,84.0,0.5569654703140259,0.0001,199915
180,799848,86.86930776,4441,0.05,9522,84.0,4.766851425170898,0.0001,199936
180,799932,86.84954199000002,4442,0.05,9523,84.0,5.2388482093811035,0.0001,199957
180,800016,86.84075347,4442,0.05,9524,84.0,5.077916145324707,0.0001,199978
180,800100,86.8593265,4443,0.05,9525,84.0,0.10606789588928223,0.0001,199999
180,800184,86.85154656,4443,0.05,9526,84.0,5.022692680358887,0.0001,200020
180,800268,86.85277192,4444,0.05,9527,84.0,0.3619561195373535,0.0001,200041
180,800352,86.85619948000002,4445,0.05,9528,84.0,9.541036605834961,0.0001,200062
180,800436,86.84298234000002,4445,0.05,9529,84.0,0.7337502241134644,0.0001,200083
180,800520,86.83511216000001,4446,0.05,9530,84.0,0.10388414561748505,0.0001,200104
180,800604,86.84052495,4446,0.05,9531,84.0,5.361449241638184,0.0001,200125
180,800688,86.85052467,4447,0.05,9532,84.0,0.5403459072113037,0.0001,200146
180,800772,86.87974634999999,4448,0.05,9533,84.0,0.4045560359954834,0.0001,200167
180,800856,86.87893585999998,4448,0.05,9534,84.0,0.2255612015724182,0.0001,200188
180,800940,86.88350876,4449,0.05,9535,84.0,0.1739410161972046,0.0001,200209
180,801024,86.87465429000002,4449,0.05,9536,84.0,5.339759826660156,0.0001,200230
180,801108,86.86728723,4450,0.05,9537,84.0,0.45412594079971313,0.0001,200251
180,801192,86.86623190000002,4451,0.05,9538,84.0,0.17365866899490356,0.0001,200272
179,801276,86.85211677000001,4451,0.05,9539,84.0,0.11175855994224548,0.0001,200293
179,801360,86.85594995,4452,0.05,9540,84.0,0.25548774003982544,0.0001,200314
179,801444,86.84356822,4452,0.05,9541,84.0,0.2984609007835388,0.0001,200335
179,801528,86.84175091000002,4453,0.05,9542,84.0,5.3535990715026855,0.0001,200356
179,801612,86.84134042,4454,0.05,9543,84.0,4.516676902770996,0.0001,200377
179,801696,86.83287142,4454,0.05,9544,84.0,0.3851449191570282,0.0001,200398
179,801780,86.83435103000002,4455,0.05,9545,84.0,0.33615735173225403,0.0001,200419
179,801864,86.82937971000001,4455,0.05,9546,84.0,5.049076557159424,0.0001,200440
179,801948,86.82190800000002,4456,0.05,9547,84.0,4.599428653717041,0.0001,200461
179,802032,86.82886754000003,4456,0.05,9548,84.0,0.3126409649848938,0.0001,200482
179,802116,86.82599759,4457,0.05,9549,84.0,0.11585838347673416,0.0001,200503
179,802200,86.82840985000001,4458,0.05,9550,84.0,0.1160053163766861,0.0001,200524
179,802284,86.84626534999998,4458,0.05,9551,84.0,4.727562427520752,0.0001,200545
179,802368,86.85314263000001,4459,0.05,9552,84.0,0.19109444320201874,0.0001,200566
179,802452,86.83577503999999,4459,0.05,9553,84.0,5.325165271759033,0.0001,200587
179,802536,86.83090004000002,4460,0.05,9554,84.0,4.6059112548828125,0.0001,200608
179,802620,86.82647134999999,4461,0.05,9555,84.0,0.06216764450073242,0.0001,200629
179,802704,86.82030827,4461,0.05,9556,84.0,9.147723197937012,0.0001,200650
179,802788,86.81928985,4462,0.05,9557,84.0,0.09848099946975708,0.0001,200671
179,802872,86.81941835000002,4462,0.05,9558,84.0,0.27348753809928894,0.0001,200692
179,802956,86.82347004000003,4463,0.05,9559,84.0,5.023715019226074,0.0001,200713
179,803040,86.82881949000003,4464,0.05,9560,84.0,5.008856296539307,0.0001,200734
179,803124,86.82218057000004,4464,0.05,9561,84.0,4.779031753540039,0.0001,200755
179,803208,86.82769653000003,4465,0.05,9562,84.0,0.26976069808006287,0.0001,200776
179,803292,86.84295320000001,4466,0.05,9563,84.0,0.2900671064853668,0.0001,200797
179,803376,86.84765924000001,4466,0.05,9564,84.0,0.2821720540523529,0.0001,200818
179,803460,86.85477436000001,4467,0.05,9565,84.0,0.12717892229557037,0.0001,200839
179,803544,86.85744459000001,4467,0.05,9566,84.0,4.727068901062012,0.0001,200860
179,803628,86.85402232,4468,0.05,9567,84.0,4.8391432762146,0.0001,200881
179,803712,86.84913519,4469,0.05,9568,84.0,0.3154508173465729,0.0001,200902
179,803796,86.84952206,4469,0.05,9569,84.0,4.971873760223389,0.0001,200923
179,803880,86.84258425,4470,0.05,9570,84.0,0.2998991310596466,0.0001,200944
179,803964,86.84236896,4471,0.05,9571,84.0,4.804990291595459,0.0001,200965
179,804048,86.90086378999999,4471,0.05,9572,84.0,0.1256052702665329,0.0001,200986
179,804132,86.91667205,4472,0.05,9573,84.0,0.3244030177593231,0.0001,201007
179,804216,86.9407545,4473,0.05,9574,84.0,9.704723358154297,0.0001,201028
179,804300,86.92901182,4473,0.05,9575,84.0,0.29469868540763855,0.0001,201049
179,804384,86.93066703999999,4474,0.05,9576,84.0,0.5581468343734741,0.0001,201070
179,804468,86.92929811999998,4475,0.05,9577,84.0,5.620627403259277,0.0001,201091
179,804552,86.93821872999997,4475,0.05,9578,84.0,4.595046043395996,0.0001,201112
179,804636,86.94550111999997,4476,0.05,9579,84.0,4.7286834716796875,0.0001,201133
179,804720,86.94855496999999,4477,0.05,9580,84.0,0.15501579642295837,0.0001,201154
179,804804,86.95280271,4477,0.05,9581,84.0,5.8033766746521,0.0001,201175
179,804888,86.95012538,4478,0.05,9582,84.0,0.44122225046157837,0.0001,201196
179,804972,86.92398302000001,4479,0.05,9583,84.0,9.691727638244629,0.0001,201217
179,805056,86.91918063000001,4479,0.05,9584,84.0,5.236137390136719,0.0001,201238
179,805140,86.88545757,4480,0.05,9585,84.0,4.778690338134766,0.0001,201259
179,805224,86.88915954999999,4481,0.05,9586,84.0,4.996725559234619,0.0001,201280
179,805308,86.89016018999997,4481,0.05,9587,84.0,4.919023036956787,0.0001,201301
179,805392,86.88499786999999,4482,0.05,9588,84.0,0.4517308175563812,0.0001,201322
179,805476,86.89102792999998,4482,0.05,9589,84.0,4.911224365234375,0.0001,201343
179,805560,86.89721311999998,4483,0.05,9590,84.0,0.15058395266532898,0.0001,201364
179,805644,86.90041282,4484,0.05,9591,84.0,4.81350564956665,0.0001,201385
179,805728,86.89876747999999,4484,0.05,9592,84.0,4.676124095916748,0.0001,201406
179,805812,86.89375898999998,4485,0.05,9593,84.0,4.8314385414123535,0.0001,201427
179,805896,86.90354275999998,4486,0.05,9594,84.0,4.759023189544678,0.0001,201448
179,805980,86.9194911,4486,0.05,9595,84.0,0.7798357605934143,0.0001,201469
179,806064,86.92996690999999,4487,0.05,9596,84.0,0.3968731164932251,0.0001,201490
179,806148,86.93836401999997,4488,0.05,9597,84.0,0.605539858341217,0.0001,201511
179,806232,86.94614062999999,4488,0.05,9598,84.0,0.15508411824703217,0.0001,201532
179,806316,86.93806524999998,4489,0.05,9599,84.0,0.0929955542087555,0.0001,201553
179,806400,86.87070608999998,4490,0.05,9600,84.0,0.3464207649230957,0.0001,201574
179,806484,86.86489886999999,4490,0.05,9601,84.0,0.08917801827192307,0.0001,201595
179,806568,86.86444423,4491,0.05,9602,84.0,0.36701202392578125,0.0001,201616
179,806652,86.85215982000001,4492,0.05,9603,84.0,4.659011363983154,0.0001,201637
179,806736,86.85255683999999,4492,0.05,9604,84.0,0.32892540097236633,0.0001,201658
179,806820,86.85239395,4493,0.05,9605,84.0,0.486576110124588,0.0001,201679
179,806904,86.85161290000002,4494,0.05,9606,84.0,5.2554826736450195,0.0001,201700
179,806988,86.85733726000001,4494,0.05,9607,84.0,0.33411481976509094,0.0001,201721
179,807072,86.85785412999999,4495,0.05,9608,84.0,4.8311076164245605,0.0001,201742
179,807156,86.85540592000001,4495,0.05,9609,84.0,4.674771785736084,0.0001,201763
179,807240,86.85646879,4496,0.05,9610,84.0,0.3999587297439575,0.0001,201784
179,807324,86.85059315000001,4497,0.05,9611,84.0,0.6819486021995544,0.0001,201805
179,807408,86.85304353,4497,0.05,9612,84.0,0.25561171770095825,0.0001,201826
179,807492,86.86553556999998,4498,0.05,9613,84.0,4.949211120605469,0.0001,201847
179,807576,86.86285716999998,4499,0.05,9614,84.0,0.14577680826187134,0.0001,201868
179,807660,86.86101335,4499,0.05,9615,84.0,0.15298160910606384,0.0001,201889
179,807744,86.86052273000001,4500,0.05,9616,84.0,0.0831732451915741,0.0001,201910
179,807828,86.85869554000001,4501,0.05,9617,84.0,4.826714038848877,0.0001,201931
179,807912,86.86586614,4501,0.05,9618,84.0,0.331687867641449,0.0001,201952
179,807996,86.96436135,4502,0.05,9619,84.0,0.42990991473197937,0.0001,201973
179,808080,86.95938375,4503,0.05,9620,84.0,0.23502475023269653,0.0001,201994
179,808164,86.95534321999999,4503,0.05,9621,84.0,5.284379959106445,0.0001,202015
179,808248,86.96559321,4504,0.05,9622,84.0,0.4883500337600708,0.0001,202036
179,808332,86.98294556,4504,0.05,9623,84.0,0.5216934680938721,0.0001,202057
179,808416,86.99494630000001,4505,0.05,9624,84.0,4.666257858276367,0.0001,202078
179,808500,86.99385077000001,4506,0.05,9625,84.0,4.966765880584717,0.0001,202099
179,808584,87.01409296999998,4506,0.05,9626,84.0,0.18542589247226715,0.0001,202120
179,808668,87.02345301999998,4507,0.05,9627,84.0,4.853017330169678,0.0001,202141
179,808752,87.01006425,4508,0.05,9628,84.0,13.895965576171875,0.0001,202162
179,808836,87.01487101999999,4508,0.05,9629,84.0,0.6044459342956543,0.0001,202183
179,808920,87.01598659,4509,0.05,9630,84.0,0.5811570286750793,0.0001,202204
179,809004,87.01497334,4510,0.05,9631,84.0,0.0711003914475441,0.0001,202225
179,809088,87.00233586999998,4510,0.05,9632,84.0,5.4437689781188965,0.0001,202246
179,809172,86.98179918999999,4511,0.05,9633,84.0,0.39363521337509155,0.0001,202267
179,809256,86.94865455999998,4511,0.05,9634,84.0,5.050172805786133,0.0001,202288
179,809340,86.94393398999999,4512,0.05,9635,84.0,5.146048069000244,0.0001,202309
179,809424,86.93710980999998,4513,0.05,9636,84.0,0.3044131398200989,0.0001,202330
179,809508,86.93653605999998,4513,0.05,9637,84.0,0.3406080901622772,0.0001,202351
179,809592,86.88791440999998,4514,0.05,9638,84.0,0.6709201335906982,0.0001,202372
179,809676,86.90751886999996,4514,0.05,9639,84.0,0.7655969858169556,0.0001,202393
179,809760,86.90500920999999,4515,0.05,9640,84.0,4.7854509353637695,0.0001,202414
179,809844,86.90448937,4516,0.05,9641,84.0,4.943427562713623,0.0001,202435
179,809928,86.90860028000002,4516,0.05,9642,84.0,0.3021741509437561,0.0001,202456
179,810012,86.90855929000001,4517,0.05,9643,84.0,5.156816482543945,0.0001,202477
179,810096,86.90474606,4517,0.05,9644,84.0,0.036755919456481934,0.0001,202498
179,810180,86.89993838999999,4518,0.05,9645,84.0,0.34491512179374695,0.0001,202519
179,810264,86.91069441999998,4519,0.05,9646,84.0,0.04708180949091911,0.0001,202540
179,810348,86.88777246,4519,0.05,9647,84.0,0.3768821358680725,0.0001,202561
179,810432,86.87929469999999,4520,0.05,9648,84.0,5.228878974914551,0.0001,202582
179,810516,86.88184772999999,4520,0.05,9649,84.0,0.3017881214618683,0.0001,202603
179,810600,86.88269223999998,4521,0.05,9650,84.0,0.1213095486164093,0.0001,202624
179,810684,86.87978287,4522,0.05,9651,84.0,5.227842330932617,0.0001,202645
179,810768,86.87648945999999,4522,0.05,9652,84.0,0.3754570782184601,0.0001,202666
179,810852,86.89560377,4523,0.05,9653,84.0,0.47015222907066345,0.0001,202687
179,810936,86.89389639,4524,0.05,9654,84.0,0.2528022527694702,0.0001,202708
179,811020,86.88953208,4524,0.05,9655,84.0,4.939772605895996,0.0001,202729
179,811104,86.87466610999998,4525,0.05,9656,84.0,0.07826492935419083,0.0001,202750
179,811188,86.87810228999999,4525,0.05,9657,84.0,0.05547802895307541,0.0001,202771
179,811272,86.87797714999999,4526,0.05,9658,84.0,4.954255104064941,0.0001,202792
179,811356,86.88124383999998,4527,0.05,9659,84.0,0.15806853771209717,0.0001,202813
179,811440,86.88165407000001,4527,0.05,9660,84.0,0.28356513381004333,0.0001,202834
179,811524,86.88282116999999,4528,0.05,9661,84.0,0.34276145696640015,0.0001,202855
179,811608,86.87450723,4528,0.05,9662,84.0,5.132401466369629,0.0001,202876
179,811692,86.85844518000002,4529,0.05,9663,84.0,0.6310675144195557,0.0001,202897
179,811776,86.84749636000002,4530,0.05,9664,84.0,0.11528065800666809,0.0001,202918
179,811860,86.84378107000002,4530,0.05,9665,84.0,0.2501239478588104,0.0001,202939
179,811944,86.83675806000001,4531,0.05,9666,84.0,0.4421135485172272,0.0001,202960
179,812028,86.84863536,4531,0.05,9667,84.0,0.44533810019493103,0.0001,202981
179,812112,86.85634689999999,4532,0.05,9668,84.0,0.18132925033569336,0.0001,203002
179,812196,86.85106538,4533,0.05,9669,84.0,0.3569449782371521,0.0001,203023
179,812280,86.85349016999999,4533,0.05,9670,84.0,0.39847809076309204,0.0001,203044
179,812364,86.79959350999998,4534,0.05,9671,84.0,5.243301868438721,0.0001,203065
179,812448,86.79712691,4535,0.05,9672,84.0,4.800795078277588,0.0001,203086
179,812532,86.78125189000001,4535,0.05,9673,84.0,0.1828574687242508,0.0001,203107
179,812616,86.77308593,4536,0.05,9674,84.0,0.5116007924079895,0.0001,203128
179,812700,86.78062878,4537,0.05,9675,84.0,0.06917364150285721,0.0001,203149
179,812784,86.76990802,4537,0.05,9676,84.0,10.240962982177734,0.0001,203170
179,812868,86.76592539000004,4538,0.05,9677,84.0,0.15083521604537964,0.0001,203191
179,812952,86.76881194000002,4539,0.05,9678,84.0,9.500720024108887,0.0001,203212
179,813036,86.77678825999999,4539,0.05,9679,84.0,0.5775505304336548,0.0001,203233
179,813120,86.76748337999999,4540,0.05,9680,84.0,9.70295524597168,0.0001,203254
179,813204,86.76512870999998,4540,0.05,9681,84.0,0.48013705015182495,0.0001,203275
179,813288,86.76778509,4541,0.05,9682,84.0,0.27243104577064514,0.0001,203296
179,813372,86.79204151,4542,0.05,9683,84.0,0.8344333171844482,0.0001,203317
179,813456,86.80142469,4542,0.05,9684,84.0,0.4591360092163086,0.0001,203338
179,813540,86.84369629999999,4543,0.05,9685,84.0,4.934627056121826,0.0001,203359
179,813624,86.84366771,4544,0.05,9686,84.0,0.10124799609184265,0.0001,203380
179,813708,86.83876513,4544,0.05,9687,84.0,0.5352654457092285,0.0001,203401
179,813792,86.83931271,4545,0.05,9688,84.0,5.031217575073242,0.0001,203422
179,813876,86.82963479,4546,0.05,9689,84.0,0.3338237404823303,0.0001,203443
179,813960,86.83479846,4546,0.05,9690,84.0,0.18548928201198578,0.0001,203464
179,814044,86.84940565000001,4547,0.05,9691,84.0,4.992937088012695,0.0001,203485
179,814128,86.81119234999998,4547,0.05,9692,84.0,5.12532377243042,0.0001,203506
179,814212,86.81540142999998,4548,0.05,9693,84.0,0.0787629708647728,0.0001,203527
178,814296,86.80748543999998,4549,0.05,9694,84.0,0.3660117983818054,0.0001,203548
178,814380,86.80354068999998,4549,0.05,9695,84.0,0.0974222719669342,0.0001,203569
178,814464,86.80879979999997,4550,0.05,9696,84.0,4.799907684326172,0.0001,203590
178,814548,86.80631661,4551,0.05,9697,84.0,0.6174336671829224,0.0001,203611
178,814632,86.79650335000002,4551,0.05,9698,84.0,4.574044704437256,0.0001,203632
178,814716,86.78895577000002,4552,0.05,9699,84.0,0.3740752935409546,0.0001,203653
178,814800,86.83637818000001,4552,0.05,9700,84.0,0.3369921147823334,0.0001,203674
178,814884,86.8337883,4553,0.05,9701,84.0,0.28779467940330505,0.0001,203695
178,814968,86.76117660000001,4554,0.05,9702,84.0,4.686122417449951,0.0001,203716
178,815052,86.7677492,4554,0.05,9703,84.0,0.06734977662563324,0.0001,203737
178,815136,86.76960746,4555,0.05,9704,84.0,0.19294467568397522,0.0001,203758
178,815220,86.72942461000001,4555,0.05,9705,84.0,0.12536266446113586,0.0001,203779
178,815304,86.68439085,4556,0.05,9706,84.0,0.08549204468727112,0.0001,203800
178,815388,86.67327739000001,4557,0.05,9707,84.0,0.5766685009002686,0.0001,203821
178,815472,86.67666303000001,4557,0.05,9708,84.0,4.76291561126709,0.0001,203842
178,815556,86.67796844000003,4558,0.05,9709,84.0,0.07375478744506836,0.0001,203863
178,815640,86.67608010000002,4558,0.05,9710,84.0,0.3443323075771332,0.0001,203884
178,815724,86.68797811000005,4559,0.05,9711,84.0,0.345718115568161,0.0001,203905
178,815808,86.69286266000003,4560,0.05,9712,84.0,0.21229419112205505,0.0001,203926
178,815892,86.68943615000002,4560,0.05,9713,84.0,0.5602697730064392,0.0001,203947
178,815976,86.65168329,4561,0.05,9714,84.0,0.08166979253292084,0.0001,203968
178,816060,86.65023971000001,4561,0.05,9715,84.0,5.20068359375,0.0001,203989
178,816144,86.64780264000001,4562,0.05,9716,84.0,0.09123335033655167,0.0001,204010
178,816228,86.62809753000002,4563,0.05,9717,84.0,4.825693607330322,0.0001,204031
178,816312,86.62566550000001,4563,0.05,9718,84.0,0.09156469255685806,0.0001,204052
178,816396,86.60493161000001,4564,0.05,9719,84.0,9.583477973937988,0.0001,204073
178,816480,86.60453493000001,4564,0.05,9720,84.0,0.28843945264816284,0.0001,204094
178,816564,86.59322191999999,4565,0.05,9721,84.0,0.1359475702047348,0.0001,204115
178,816648,86.59798995000003,4566,0.05,9722,84.0,4.825023174285889,0.0001,204136
178,816732,86.60420141,4566,0.05,9723,84.0,5.526519298553467,0.0001,204157
178,816816,86.58893834,4567,0.05,9724,84.0,0.39493149518966675,0.0001,204178
178,816900,86.5915703,4567,0.05,9725,84.0,0.35807403922080994,0.0001,204199
178,816984,86.58360944999998,4568,0.05,9726,84.0,0.37978804111480713,0.0001,204220
178,817068,86.57615730999999,4569,0.05,9727,84.0,0.347124308347702,0.0001,204241
178,817152,86.57588262999998,4569,0.05,9728,84.0,0.07955025136470795,0.0001,204262
178,817236,86.58056986,4570,0.05,9729,84.0,0.09428206086158752,0.0001,204283
178,817320,86.58646071999999,4571,0.05,9730,84.0,0.13002382218837738,0.0001,204304
178,817404,86.59661524,4571,0.05,9731,84.0,0.12901946902275085,0.0001,204325
178,817488,86.59635095,4572,0.05,9732,84.0,0.20713023841381073,0.0001,204346
178,817572,86.60214309999999,4573,0.05,9733,84.0,0.2466089278459549,0.0001,204367
178,817656,86.62304902,4573,0.05,9734,84.0,0.3045247197151184,0.0001,204388
178,817740,86.61872866000002,4573,0.05,9735,84.0,0.15361401438713074,0.0001,204409
178,817824,86.62418135,4574,0.05,9736,84.0,0.4095516502857208,0.0001,204430
178,817908,86.63359942999999,4574,0.05,9737,84.0,0.23306334018707275,0.0001,204451
178,817992,86.68429591,4575,0.05,9738,84.0,0.42257028818130493,0.0001,204472
178,818076,86.6797044,4575,0.05,9739,84.0,0.17244023084640503,0.0001,204493
178,818160,86.6757675,4576,0.05,9740,84.0,0.8871134519577026,0.0001,204514
178,818244,86.67135094000002,4576,0.05,9741,84.0,0.13782726228237152,0.0001,204535
178,818328,86.67267122000001,4577,0.05,9742,84.0,0.5190537571907043,0.0001,204556
178,818412,86.67420440000002,4577,0.05,9743,84.0,0.0656576007604599,0.0001,204577
178,818496,86.6852777,4578,0.05,9744,84.0,0.4908481240272522,0.0001,204598
178,818580,86.69200556000001,4578,0.05,9745,84.0,9.790386199951172,0.0001,204619
178,818664,86.68331322,4579,0.05,9746,84.0,4.538932800292969,0.0001,204640
178,818748,86.70980822000001,4580,0.05,9747,84.0,0.6098318099975586,0.0001,204661
178,818832,86.71011952,4580,0.05,9748,84.0,0.4959845244884491,0.0001,204682
178,818916,86.61247269999998,4581,0.05,9749,84.0,9.814722061157227,0.0001,204703
178,819000,86.61205436,4581,0.05,9750,84.0,0.6871430277824402,0.0001,204724
178,819084,86.6073068,4582,0.05,9751,84.0,4.740744590759277,0.0001,204745
178,819168,86.61235623,4582,0.05,9752,84.0,0.05999322235584259,0.0001,204766
178,819252,86.61066686,4583,0.05,9753,84.0,0.5539079308509827,0.0001,204787
178,819336,86.61275970000001,4584,0.05,9754,84.0,0.1098044142127037,0.0001,204808
178,819420,86.61829846999998,4584,0.05,9755,84.0,4.649555206298828,0.0001,204829
178,819504,86.63736106,4585,0.05,9756,84.0,4.379396438598633,0.0001,204850
178,819588,86.63055453999999,4585,0.05,9757,84.0,0.3464317321777344,0.0001,204871
178,819672,86.63336985999999,4586,0.05,9758,84.0,0.8184822201728821,0.0001,204892
178,819756,86.63365411999999,4586,0.05,9759,84.0,5.658804416656494,0.0001,204913
178,819840,86.62789839999998,4587,0.05,9760,84.0,4.910164833068848,0.0001,204934
178,819924,86.63241221,4588,0.05,9761,84.0,0.055049262940883636,0.0001,204955
178,820008,86.63448754999999,4588,0.05,9762,84.0,0.6916748285293579,0.0001,204976
178,820092,86.63430720000001,4589,0.05,9763,84.0,4.7991485595703125,0.0001,204997
178,820176,86.64146578999998,4589,0.05,9764,84.0,0.20201483368873596,0.0001,205018
178,820260,86.63784895,4590,0.05,9765,84.0,0.30550524592399597,0.0001,205039
178,820344,86.642391,4590,0.05,9766,84.0,0.5367380380630493,0.0001,205060
178,820428,86.63164597000002,4591,0.05,9767,84.0,0.41194963455200195,0.0001,205081
178,820512,86.64269997,4591,0.05,9768,84.0,5.162201881408691,0.0001,205102
178,820596,86.64484909000001,4592,0.05,9769,84.0,0.5275068879127502,0.0001,205123
178,820680,86.64249993000001,4592,0.05,9770,84.0,0.5352574586868286,0.0001,205144
178,820764,86.69228414,4593,0.05,9771,84.0,4.790295124053955,0.0001,205165
178,820848,86.69287317999999,4593,0.05,9772,84.0,9.163575172424316,0.0001,205186
178,820932,86.70051665,4594,0.05,9773,84.0,0.633246898651123,0.0001,205207
178,821016,86.71237632999998,4594,0.05,9774,84.0,0.3294702470302582,0.0001,205228
178,821100,86.70780659,4595,0.05,9775,84.0,5.376466274261475,0.0001,205249
178,821184,86.71971608,4595,0.05,9776,84.0,0.3250517249107361,0.0001,205270
178,821268,86.73055956999998,4596,0.05,9777,84.0,4.85615873336792,0.0001,205291
178,821352,86.72587974999999,4596,0.05,9778,84.0,0.3942241072654724,0.0001,205312
178,821436,86.71717939999999,4597,0.05,9779,84.0,0.1114342212677002,0.0001,205333
178,821520,86.71962093999998,4597,0.05,9780,84.0,0.39318376779556274,0.0001,205354
178,821604,86.72152802,4598,0.05,9781,84.0,5.0283918380737305,0.0001,205375
178,821688,86.72935617000002,4598,0.05,9782,84.0,0.31196022033691406,0.0001,205396
178,821772,86.72691979,4599,0.05,9783,84.0,4.846892833709717,0.0001,205417
178,821856,86.72715027999999,4599,0.05,9784,84.0,0.34674105048179626,0.0001,205438
178,821940,86.71914337999999,4600,0.05,9785,84.0,0.09413406252861023,0.0001,205459
178,822024,86.70946408000002,4600,0.05,9786,84.0,0.40597814321517944,0.0001,205480
178,822108,86.70680214000004,4601,0.05,9787,84.0,0.35416167974472046,0.0001,205501
178,822192,86.71300339000001,4601,0.05,9788,84.0,0.5557299256324768,0.0001,205522
178,822276,86.72676297000002,4602,0.05,9789,84.0,9.619636535644531,0.0001,205543
178,822360,86.72130173000001,4602,0.05,9790,84.0,0.11447808891534805,0.0001,205564
178,822444,86.70546666000001,4603,0.05,9791,84.0,0.08395553380250931,0.0001,205585
178,822528,86.74456401000003,4603,0.05,9792,84.0,0.3441852033138275,0.0001,205606
178,822612,86.74295013000001,4604,0.05,9793,84.0,0.3939304053783417,0.0001,205627
178,822696,86.73976705000003,4604,0.05,9794,84.0,4.894000053405762,0.0001,205648
178,822780,86.73423218000002,4605,0.05,9795,84.0,0.18166762590408325,0.0001,205669
178,822864,86.73188308,4605,0.05,9796,84.0,0.28353357315063477,0.0001,205690
178,822948,86.73281055,4606,0.05,9797,84.0,4.990684986114502,0.0001,205711
178,823032,86.73058127,4607,0.05,9798,84.0,0.310567706823349,0.0001,205732
178,823116,86.73482247,4607,0.05,9799,84.0,0.09240812808275223,0.0001,205753
178,823200,86.75839203,4608,0.05,9800,84.0,0.4141734838485718,0.0001,205774
178,823284,86.74993238,4608,0.05,9801,84.0,4.721713542938232,0.0001,205795
178,823368,86.82318518999999,4609,0.05,9802,84.0,0.04857180640101433,0.0001,205816
178,823452,86.81912209000002,4609,0.05,9803,84.0,0.415629506111145,0.0001,205837
178,823536,86.81981975000001,4610,0.05,9804,84.0,4.940297603607178,0.0001,205858
178,823620,86.87234141,4610,0.05,9805,84.0,0.5302916169166565,0.0001,205879
178,823704,86.90739035,4611,0.05,9806,84.0,0.10366705060005188,0.0001,205900
178,823788,86.91265316,4611,0.05,9807,84.0,0.6886688470840454,0.0001,205921
178,823872,86.91605981999999,4612,0.05,9808,84.0,0.13188588619232178,0.0001,205942
178,823956,86.9174567,4612,0.05,9809,84.0,0.11898258328437805,0.0001,205963
178,824040,86.91682525,4612,0.05,9810,84.0,0.1717754304409027,0.0001,205984
178,824124,86.90798959000001,4613,0.05,9811,84.0,0.7820767164230347,0.0001,206005
178,824208,86.90744716,4614,0.05,9812,84.0,5.253932952880859,0.0001,206026
178,824292,86.89783316,4614,0.05,9813,84.0,4.908443450927734,0.0001,206047
178,824376,86.92243610000001,4615,0.05,9814,84.0,5.236798286437988,0.0001,206068
178,824460,86.92902308,4615,0.05,9815,84.0,0.5622271299362183,0.0001,206089
178,824544,86.92240439999999,4616,0.05,9816,84.0,0.5956766605377197,0.0001,206110
178,824628,86.94295512999999,4616,0.05,9817,84.0,0.08568942546844482,0.0001,206131
178,824712,86.94665535,4617,0.05,9818,84.0,0.18055830895900726,0.0001,206152
178,824796,86.94123918,4617,0.05,9819,84.0,4.799838066101074,0.0001,206173
178,824880,86.94951801,4618,0.05,9820,84.0,0.1278446614742279,0.0001,206194
178,824964,86.96268183000001,4618,0.05,9821,84.0,0.10205254703760147,0.0001,206215
178,825048,86.96029727,4619,0.05,9822,84.0,5.148960113525391,0.0001,206236
178,825132,86.96705673000002,4619,0.05,9823,84.0,9.59508228302002,0.0001,206257
178,825216,86.96729268000001,4620,0.05,9824,84.0,0.3202556371688843,0.0001,206278
178,825300,86.96639857,4620,0.05,9825,84.0,0.212452232837677,0.0001,206299
178,825384,86.97462728999999,4621,0.05,9826,84.0,0.10450324416160583,0.0001,206320
178,825468,86.9708647,4621,0.05,9827,84.0,9.434070587158203,0.0001,206341
178,825552,86.97766613999998,4622,0.05,9828,84.0,0.2707200050354004,0.0001,206362
178,825636,86.97778217,4622,0.05,9829,84.0,0.136674702167511,0.0001,206383
178,825720,86.94572772,4623,0.05,9830,84.0,4.640896320343018,0.0001,206404
178,825804,86.93700008,4623,0.05,9831,84.0,0.6444023847579956,0.0001,206425
178,825888,86.93789607999997,4624,0.05,9832,84.0,0.76349937915802,0.0001,206446
178,825972,86.93999189999998,4625,0.05,9833,84.0,0.4855350852012634,0.0001,206467
178,826056,86.93241337999999,4625,0.05,9834,84.0,5.545373916625977,0.0001,206488
178,826140,86.94776562999998,4626,0.05,9835,84.0,0.6260270476341248,0.0001,206509
178,826224,86.93386007999999,4626,0.05,9836,84.0,4.762303352355957,0.0001,206530
178,826308,86.93777088999997,4627,0.05,9837,84.0,0.045685600489377975,0.0001,206551
178,826392,86.91102237999999,4627,0.05,9838,84.0,0.09472249448299408,0.0001,206572
178,826476,86.90845123,4628,0.05,9839,84.0,0.46324479579925537,0.0001,206593
178,826560,86.90398523999998,4628,0.05,9840,84.0,0.3453079164028168,0.0001,206614
178,826644,86.91814484000001,4629,0.05,9841,84.0,0.11112206429243088,0.0001,206635
178,826728,86.91549345,4629,0.05,9842,84.0,0.37720340490341187,0.0001,206656
178,826812,86.91389024999998,4630,0.05,9843,84.0,0.37008559703826904,0.0001,206677
178,826896,86.90035578999999,4630,0.05,9844,84.0,4.892748832702637,0.0001,206698
178,826980,86.90391952999998,4631,0.05,9845,84.0,0.06049702689051628,0.0001,206719
178,827064,86.89306744,4631,0.05,9846,84.0,0.5458145141601562,0.0001,206740
178,827148,86.88924184,4632,0.05,9847,84.0,0.22500641644001007,0.0001,206761
178,827232,86.89429433999997,4632,0.05,9848,84.0,5.4038872718811035,0.0001,206782
178,827316,87.00457919999997,4633,0.05,9849,84.0,0.33836162090301514,0.0001,206803
178,827400,87.00576960000001,4633,0.05,9850,84.0,0.32404524087905884,0.0001,206824
178,827484,87.00505714999997,4634,0.05,9851,84.0,9.522026062011719,0.0001,206845
178,827568,86.99361756999998,4634,0.05,9852,84.0,4.977380752563477,0.0001,206866
178,827652,87.00696835,4635,0.05,9853,84.0,10.165874481201172,0.0001,206887
178,827736,87.01346749,4635,0.05,9854,84.0,9.67390251159668,0.0001,206908
178,827820,87.01235773,4636,0.05,9855,84.0,0.08763763308525085,0.0001,206929
178,827904,86.98564164999999,4636,0.05,9856,84.0,5.2016167640686035,0.0001,206950
178,827988,86.99758527,4637,0.05,9857,84.0,0.29240119457244873,0.0001,206971
178,828072,86.99574327,4637,0.05,9858,84.0,0.5642261505126953,0.0001,206992
178,828156,86.99425361,4638,0.05,9859,84.0,4.988844394683838,0.0001,207013
178,828240,86.99969475999998,4638,0.05,9860,84.0,0.10770399868488312,0.0001,207034
178,828324,86.99805099000001,4639,0.05,9861,84.0,0.16238221526145935,0.0001,207055
178,828408,87.00237136,4639,0.05,9862,84.0,0.092079758644104,0.0001,207076
178,828492,87.00382293000003,4640,0.05,9863,84.0,0.1336916834115982,0.0001,207097
178,828576,87.00694200000002,4640,0.05,9864,84.0,5.065662860870361,0.0001,207118
178,828660,87.01182556000002,4641,0.05,9865,84.0,0.5051289796829224,0.0001,207139
178,828744,87.01608111,4641,0.05,9866,84.0,5.08135986328125,0.0001,207160
178,828828,87.01793262000001,4642,0.05,9867,84.0,5.903014659881592,0.0001,207181
178,828912,87.00462284,4643,0.05,9868,84.0,0.11812824010848999,0.0001,207202
178,828996,87.00790533999998,4643,0.05,9869,84.0,0.4925557076931,0.0001,207223
178,829080,87.00645793999998,4644,0.05,9870,84.0,0.30829641222953796,0.0001,207244
178,829164,87.01341398999998,4645,0.05,9871,84.0,9.884488105773926,0.0001,207265
178,829248,87.01435221999996,4645,0.05,9872,84.0,0.0962788313627243,0.0001,207286
178,829332,86.93486115999998,4646,0.05,9873,84.0,0.33646559715270996,0.0001,207307
178,829416,86.93102195999998,4646,0.05,9874,84.0,5.367420196533203,0.0001,207328
178,829500,86.92088887,4647,0.05,9875,84.0,5.237764358520508,0.0001,207349
178,829584,86.90703122999999,4648,0.05,9876,84.0,0.13288721442222595,0.0001,207370
178,829668,86.86872362999999,4648,0.05,9877,84.0,0.0892457664012909,0.0001,207391
178,829752,86.86498066,4649,0.05,9878,84.0,0.18196269869804382,0.0001,207412
178,829836,86.86101542,4650,0.05,9879,84.0,0.3257027566432953,0.0001,207433
178,829920,86.85424074000001,4651,0.05,9880,84.0,4.934022426605225,0.0001,207454
178,830004,86.85893171,4651,0.05,9881,84.0,0.1589781939983368,0.0001,207475
178,830088,86.84887767999999,4652,0.05,9882,84.0,4.882812976837158,0.0001,207496
178,830172,86.84817645999998,4652,0.05,9883,84.0,4.710816383361816,0.0001,207517
178,830256,86.84405662999998,4653,0.05,9884,84.0,0.16385304927825928,0.0001,207538
178,830340,86.82452965999997,4653,0.05,9885,84.0,0.07477576285600662,0.0001,207559
178,830424,86.77451841999999,4654,0.05,9886,84.0,0.09122752398252487,0.0001,207580
178,830508,86.77537227,4655,0.05,9887,84.0,0.06263232231140137,0.0001,207601
178,830592,86.78313524,4655,0.05,9888,84.0,0.3991435170173645,0.0001,207622
178,830676,86.77788118000001,4656,0.05,9889,84.0,5.336211204528809,0.0001,207643
178,830760,86.76233930999999,4656,0.05,9890,84.0,0.11211860924959183,0.0001,207664
178,830844,86.75794674999999,4657,0.05,9891,84.0,0.2689460217952728,0.0001,207685
178,830928,86.75363102999998,4657,0.05,9892,84.0,0.33074653148651123,0.0001,207706
178,831012,86.74488941999999,4658,0.05,9893,84.0,0.08075582981109619,0.0001,207727
178,831096,86.62492292,4659,0.05,9894,84.0,4.732649326324463,0.0001,207748
178,831180,86.62603053999999,4659,0.05,9895,84.0,0.3739747703075409,0.0001,207769
178,831264,86.62431898000003,4660,0.05,9896,84.0,0.3637447655200958,0.0001,207790
178,831348,86.61639100000001,4660,0.05,9897,84.0,0.18129262328147888,0.0001,207811
178,831432,86.60863155000001,4661,0.05,9898,84.0,5.436106204986572,0.0001,207832
178,831516,86.61485791999999,4661,0.05,9899,84.0,0.09925694763660431,0.0001,207853
178,831600,86.60981193999999,4662,0.05,9900,84.0,0.4985589385032654,0.0001,207874
178,831684,86.61132214,4662,0.05,9901,84.0,0.10111160576343536,0.0001,207895
178,831768,86.59452593,4663,0.05,9902,84.0,0.13532263040542603,0.0001,207916
178,831852,86.59562946,4663,0.05,9903,84.0,0.07845165580511093,0.0001,207937
178,831936,86.59857241000002,4664,0.05,9904,84.0,0.40960633754730225,0.0001,207958
178,832020,86.59283108000001,4664,0.05,9905,84.0,0.35630297660827637,0.0001,207979
178,832104,86.60287897000002,4665,0.05,9906,84.0,0.09401964396238327,0.0001,208000
178,832188,86.59068417,4665,0.05,9907,84.0,4.739595413208008,0.0001,208021
178,832272,86.57329382,4666,0.05,9908,84.0,0.5640289187431335,0.0001,208042
178,832356,86.57944778,4666,0.05,9909,84.0,0.21349850296974182,0.0001,208063
178,832440,86.58930342999999,4667,0.05,9910,84.0,0.3358076810836792,0.0001,208084
178,832524,86.57722281000001,4668,0.05,9911,84.0,0.3487820625305176,0.0001,208105
178,832608,86.57050286999998,4668,0.05,9912,84.0,0.09796532243490219,0.0001,208126
178,832692,86.57994032,4669,0.05,9913,84.0,0.11230123043060303,0.0001,208147
178,832776,86.58522021000003,4669,0.05,9914,84.0,4.542612552642822,0.0001,208168
178,832860,86.58141050000002,4670,0.05,9915,84.0,0.3239695429801941,0.0001,208189
178,832944,86.60188616,4670,0.05,9916,84.0,0.10528677701950073,0.0001,208210
178,833028,86.60849334000001,4671,0.05,9917,84.0,0.5978454947471619,0.0001,208231
178,833112,86.60365519999999,4671,0.05,9918,84.0,5.06406307220459,0.0001,208252
178,833196,86.61032406,4672,0.05,9919,84.0,4.881560325622559,0.0001,208273
178,833280,86.59844209,4672,0.05,9920,84.0,4.959900379180908,0.0001,208294
178,833364,86.59405701,4673,0.05,9921,84.0,0.15459412336349487,0.0001,208315
178,833448,86.59349188999998,4673,0.05,9922,84.0,0.17210258543491364,0.0001,208336
178,833532,86.58356905999999,4674,0.05,9923,84.0,5.3022847175598145,0.0001,208357
178,833616,86.58288104000002,4674,0.05,9924,84.0,4.4705281257629395,0.0001,208378
178,833700,86.58181161,4675,0.05,9925,84.0,4.984424114227295,0.0001,208399
178,833784,86.57045545000001,4676,0.05,9926,84.0,0.2608458399772644,0.0001,208420
178,833868,86.57330730000001,4676,0.05,9927,84.0,5.155738830566406,0.0001,208441
178,833952,86.57928061000001,4677,0.05,9928,84.0,0.28979283571243286,0.0001,208462
178,834036,86.57661567999999,4677,0.05,9929,84.0,4.8961710929870605,0.0001,208483
178,834120,86.61303988,4678,0.05,9930,84.0,5.201857566833496,0.0001,208504
178,834204,86.61673884,4678,0.05,9931,84.0,4.601879596710205,0.0001,208525
178,834288,86.61939541,4679,0.05,9932,84.0,0.31547811627388,0.0001,208546
178,834372,86.60672331000002,4679,0.05,9933,84.0,0.7492124438285828,0.0001,208567
178,834456,86.61636753,4680,0.05,9934,84.0,4.809533596038818,0.0001,208588
178,834540,86.60918182000002,4680,0.05,9935,84.0,0.13440120220184326,0.0001,208609
178,834624,86.62666852000001,4681,0.05,9936,84.0,0.3412863612174988,0.0001,208630
178,834708,86.61924781000002,4681,0.05,9937,84.0,0.14808396995067596,0.0001,208651
178,834792,86.64711726000002,4682,0.05,9938,84.0,0.28569141030311584,0.0001,208672
178,834876,86.63833720000001,4682,0.05,9939,84.0,0.11407481133937836,0.0001,208693
178,834960,86.63490982000002,4683,0.05,9940,84.0,0.3231876790523529,0.0001,208714
178,835044,86.61799873,4683,0.05,9941,84.0,0.2742043733596802,0.0001,208735
178,835128,86.62517085000002,4684,0.05,9942,84.0,0.09272032976150513,0.0001,208756
178,835212,86.63261607000003,4684,0.05,9943,84.0,0.2131383866071701,0.0001,208777
178,835296,86.63100185000002,4685,0.05,9944,84.0,0.46935877203941345,0.0001,208798
178,835380,86.59101981000002,4685,0.05,9945,84.0,5.112133502960205,0.0001,208819
178,835464,86.6095103,4686,0.05,9946,84.0,4.432133674621582,0.0001,208840
178,835548,86.59574960999998,4687,0.05,9947,84.0,5.264071941375732,0.0001,208861
178,835632,86.59809001000002,4687,0.05,9948,84.0,0.4550820589065552,0.0001,208882
178,835716,86.59113818999998,4688,0.05,9949,84.0,0.5914952158927917,0.0001,208903
178,835800,86.59080863999999,4688,0.05,9950,84.0,0.11105327308177948,0.0001,208924
178,835884,86.59266702,4689,0.05,9951,84.0,0.11707787215709686,0.0001,208945
178,835968,86.59678994,4689,0.05,9952,84.0,0.27554887533187866,0.0001,208966
178,836052,86.57075705,4690,0.05,9953,84.0,0.33122512698173523,0.0001,208987
178,836136,86.56562638999999,4690,0.05,9954,84.0,0.6041637659072876,0.0001,209008
178,836220,86.57321106999999,4691,0.05,9955,84.0,0.36036819219589233,0.0001,209029
178,836304,86.51741195999998,4692,0.05,9956,84.0,5.082243919372559,0.0001,209050
178,836388,86.50972986999997,4692,0.05,9957,84.0,0.5758041143417358,0.0001,209071
178,836472,86.51500887999997,4693,0.05,9958,84.0,5.300739288330078,0.0001,209092
178,836556,86.51687567999997,4693,0.05,9959,84.0,5.156285762786865,0.0001,209113
178,836640,86.51960666,4694,0.05,9960,84.0,0.07430259883403778,0.0001,209134
178,836724,86.51878835,4694,0.05,9961,84.0,0.11810095608234406,0.0001,209155
178,836808,86.51202965,4695,0.05,9962,84.0,0.056598447263240814,0.0001,209176
178,836892,86.51466439,4695,0.05,9963,84.0,0.1325453817844391,0.0001,209197
178,836976,86.51658062,4696,0.05,9964,84.0,5.201768398284912,0.0001,209218
178,837060,86.51475527999999,4696,0.05,9965,84.0,0.10519180446863174,0.0001,209239
178,837144,86.50449378000002,4697,0.05,9966,84.0,4.631613731384277,0.0001,209260
178,837228,86.50562943000001,4697,0.05,9967,84.0,4.864128589630127,0.0001,209281
178,837312,86.50728364999999,4698,0.05,9968,84.0,0.08437290787696838,0.0001,209302
178,837396,86.50548987,4698,0.05,9969,84.0,4.921917915344238,0.0001,209323
178,837480,86.50957983999999,4699,0.05,9970,84.0,0.07261468470096588,0.0001,209344
178,837564,86.51152003000001,4699,0.05,9971,84.0,5.187851905822754,0.0001,209365
178,837648,86.51357575000002,4700,0.05,9972,84.0,0.27276378870010376,0.0001,209386
178,837732,86.59843857000001,4700,0.05,9973,84.0,0.23207560181617737,0.0001,209407
178,837816,86.59810221,4701,0.05,9974,84.0,0.15002495050430298,0.0001,209428
178,837900,86.61261344,4701,0.05,9975,84.0,0.07780800759792328,0.0001,209449
178,837984,86.61946539,4702,0.05,9976,84.0,0.3028078079223633,0.0001,209470
178,838068,86.64817522999999,4702,0.05,9977,84.0,0.06556288152933121,0.0001,209491
178,838152,86.64783535000001,4703,0.05,9978,84.0,5.078551292419434,0.0001,209512
178,838236,86.65765494000001,4703,0.05,9979,84.0,0.32223302125930786,0.0001,209533
178,838320,86.67654301,4704,0.05,9980,84.0,0.333746075630188,0.0001,209554
178,838404,86.67167422,4704,0.05,9981,84.0,4.928277492523193,0.0001,209575
178,838488,86.67454818,4705,0.05,9982,84.0,0.598717212677002,0.0001,209596
178,838572,86.67400597,4705,0.05,9983,84.0,4.8171305656433105,0.0001,209617
178,838656,86.67384823,4706,0.05,9984,84.0,0.3955751657485962,0.0001,209638
178,838740,86.69177334000001,4706,0.05,9985,84.0,0.5391438603401184,0.0001,209659
178,838824,86.75099441000002,4707,0.05,9986,84.0,0.3442932367324829,0.0001,209680
178,838908,86.75611107000003,4708,0.05,9987,84.0,0.3937649726867676,0.0001,209701
178,838992,86.74065765000003,4708,0.05,9988,84.0,5.3150129318237305,0.0001,209722
178,839076,86.73426717000002,4709,0.05,9989,84.0,0.2819538116455078,0.0001,209743
178,839160,86.74483752000002,4709,0.05,9990,84.0,5.101919174194336,0.0001,209764
178,839244,86.73867021999999,4710,0.05,9991,84.0,4.73385763168335,0.0001,209785
178,839328,86.72918304,4710,0.05,9992,84.0,0.15652254223823547,0.0001,209806
178,839412,86.75256870999999,4711,0.05,9993,84.0,0.28528836369514465,0.0001,209827
178,839496,86.87799597000001,4711,0.05,9994,84.0,0.17360250651836395,0.0001,209848
178,839580,86.87769283000002,4712,0.05,9995,84.0,0.17241066694259644,0.0001,209869
178,839664,86.87499388,4712,0.05,9996,84.0,0.5120594501495361,0.0001,209890
178,839748,86.87581242,4713,0.05,9997,84.0,0.5822997689247131,0.0001,209911
178,839832,86.88451518,4713,0.05,9998,84.0,0.5293686389923096,0.0001,209932
178,839916,86.87905801,4714,0.05,9999,84.0,0.402951717376709,0.0001,209953
178,840000,86.88326036999999,4714,0.05,10000,84.0,5.28439998626709,0.0001,209974
178,840084,86.89722132000003,4715,0.05,10001,84.0,0.19086545705795288,0.0001,209995
178,840168,86.91316825000001,4716,0.05,10002,84.0,4.778800964355469,0.0001,210016
178,840252,86.90889911999997,4716,0.05,10003,84.0,5.409204483032227,0.0001,210037
178,840336,86.90599611999998,4717,0.05,10004,84.0,4.945083141326904,0.0001,210058
178,840420,86.91035173999998,4717,0.05,10005,84.0,4.899381637573242,0.0001,210079
178,840504,86.91552826000002,4718,0.05,10006,84.0,0.3186790943145752,0.0001,210100
178,840588,86.9263593,4718,0.05,10007,84.0,0.1352810561656952,0.0001,210121
178,840672,86.94071103,4719,0.05,10008,84.0,0.44702452421188354,0.0001,210142
178,840756,86.93572223999999,4719,0.05,10009,84.0,5.2176008224487305,0.0001,210163
178,840840,86.90114672,4720,0.05,10010,84.0,5.111834526062012,0.0001,210184
178,840924,86.8995296,4720,0.05,10011,84.0,0.07043498754501343,0.0001,210205
178,841008,86.90414684,4721,0.05,10012,84.0,0.15033027529716492,0.0001,210226
178,841092,86.88950236,4721,0.05,10013,84.0,4.9507598876953125,0.0001,210247
178,841176,86.89843310999998,4722,0.05,10014,84.0,0.16275647282600403,0.0001,210268
178,841260,86.8916653,4722,0.05,10015,84.0,0.09131915122270584,0.0001,210289
178,841344,86.85349808,4723,0.05,10016,84.0,4.548511028289795,0.0001,210310
178,841428,86.85823110999998,4723,0.05,10017,84.0,10.083261489868164,0.0001,210331
178,841512,86.85533498,4724,0.05,10018,84.0,0.6128393411636353,0.0001,210352
178,841596,86.85836634999998,4724,0.05,10019,84.0,0.43881964683532715,0.0001,210373
178,841680,86.86549062,4725,0.05,10020,84.0,0.2837178707122803,0.0001,210394
178,841764,86.86233731,4725,0.05,10021,84.0,0.2911946475505829,0.0001,210415
178,841848,86.85932972999998,4726,0.05,10022,84.0,0.11592864990234375,0.0001,210436
178,841932,86.85701583,4726,0.05,10023,84.0,0.14624345302581787,0.0001,210457
178,842016,86.84117267000002,4727,0.05,10024,84.0,0.5201445817947388,0.0001,210478
178,842100,86.84642384,4728,0.05,10025,84.0,0.21755807101726532,0.0001,210499
178,842184,86.84946529000001,4728,0.05,10026,84.0,0.2903856635093689,0.0001,210520
178,842268,86.84649228,4729,0.05,10027,84.0,0.09838622808456421,0.0001,210541
178,842352,86.85357460000002,4729,0.05,10028,84.0,9.79074478149414,0.0001,210562
178,842436,86.85368655,4730,0.05,10029,84.0,4.342068195343018,0.0001,210583
178,842520,86.84643834999999,4730,0.05,10030,84.0,0.524402379989624,0.0001,210604
178,842604,86.83954000999998,4731,0.05,10031,84.0,0.7704849243164062,0.0001,210625
178,842688,86.83042924,4732,0.05,10032,84.0,4.712894916534424,0.0001,210646
178,842772,86.85494972000001,4732,0.05,10033,84.0,9.933503150939941,0.0001,210667
178,842856,86.85290737000003,4733,0.05,10034,84.0,0.4280073940753937,0.0001,210688
178,842940,86.84875113000003,4733,0.05,10035,84.0,4.871475696563721,0.0001,210709
178,843024,86.85082967,4734,0.05,10036,84.0,0.1519847810268402,0.0001,210730
178,843108,86.86003188999999,4734,0.05,10037,84.0,0.07357451319694519,0.0001,210751
178,843192,86.87144386999996,4735,0.05,10038,84.0,0.8254172801971436,0.0001,210772
178,843276,86.89195848999998,4735,0.05,10039,84.0,5.043312072753906,0.0001,210793
178,843360,86.91253382,4736,0.05,10040,84.0,0.10154867172241211,0.0001,210814
178,843444,86.92368433999998,4736,0.05,10041,84.0,0.2709418833255768,0.0001,210835
178,843528,86.92667435999999,4737,0.05,10042,84.0,9.486248016357422,0.0001,210856
178,843612,86.92627767999998,4738,0.05,10043,84.0,0.31742894649505615,0.0001,210877
178,843696,86.90645857999998,4738,0.05,10044,84.0,4.752350330352783,0.0001,210898
178,843780,86.86868047,4739,0.05,10045,84.0,9.38269329071045,0.0001,210919
178,843864,86.86861776999999,4739,0.05,10046,84.0,0.23814798891544342,0.0001,210940
178,843948,86.88212970999999,4740,0.05,10047,84.0,0.09657516330480576,0.0001,210961
178,844032,86.8746593,4740,0.05,10048,84.0,0.7811598777770996,0.0001,210982
178,844116,86.86701581999999,4741,0.05,10049,84.0,0.1169833242893219,0.0001,211003
178,844200,86.86301467999999,4742,0.05,10050,84.0,0.6001580357551575,0.0001,211024
178,844284,86.86099982999997,4742,0.05,10051,84.0,0.06087270751595497,0.0001,211045
178,844368,86.86816041999998,4743,0.05,10052,84.0,0.07191559672355652,0.0001,211066
178,844452,86.88835281999998,4743,0.05,10053,84.0,0.2963510751724243,0.0001,211087
178,844536,86.89698661999999,4744,0.05,10054,84.0,0.19368596374988556,0.0001,211108
178,844620,86.90645099,4745,0.05,10055,84.0,5.326303958892822,0.0001,211129
177,844704,86.98052947000001,4745,0.05,10056,84.0,0.10790354013442993,0.0001,211150
177,844788,86.98488875000001,4746,0.05,10057,84.0,14.431684494018555,0.0001,211171
177,844872,86.98855483999999,4746,0.05,10058,84.0,5.154539108276367,0.0001,211192
177,844956,86.98633939999999,4747,0.05,10059,84.0,0.3714648485183716,0.0001,211213
177,845040,86.99051235,4747,0.05,10060,84.0,0.1544550657272339,0.0001,211234
177,845124,86.96039486,4748,0.05,10061,84.0,0.3171146512031555,0.0001,211255
177,845208,86.96032655999997,4748,0.05,10062,84.0,0.40437212586402893,0.0001,211276
177,845292,86.95787523999998,4749,0.05,10063,84.0,0.3124036192893982,0.0001,211297
177,845376,86.95101486999998,4750,0.05,10064,84.0,9.541109085083008,0.0001,211318
177,845460,86.95011922999998,4750,0.05,10065,84.0,0.30542099475860596,0.0001,211339
177,845544,86.95685508000001,4751,0.05,10066,84.0,0.1571386158466339,0.0001,211360
177,845628,86.94644196000002,4751,0.05,10067,84.0,0.36402615904808044,0.0001,211381
177,845712,86.94431203000002,4752,0.05,10068,84.0,5.503068923950195,0.0001,211402
177,845796,86.94960019000001,4752,0.05,10069,84.0,0.2629489302635193,0.0001,211423
177,845880,86.94653378000002,4753,0.05,10070,84.0,0.3818749785423279,0.0001,211444
177,845964,86.93301133000003,4753,0.05,10071,84.0,0.07229632139205933,0.0001,211465
177,846048,86.92877170000001,4754,0.05,10072,84.0,0.25404319167137146,0.0001,211486
177,846132,86.87516927000003,4755,0.05,10073,84.0,0.1919836699962616,0.0001,211507
177,846216,86.88206534000003,4755,0.05,10074,84.0,0.11744008958339691,0.0001,211528
177,846300,86.87901313000002,4756,0.05,10075,84.0,0.08533024787902832,0.0001,211549
177,846384,86.88543622000002,4756,0.05,10076,84.0,0.3003499209880829,0.0001,211570
177,846468,86.89067340000001,4757,0.05,10077,84.0,0.394183874130249,0.0001,211591
177,846552,86.90207556000001,4757,0.05,10078,84.0,4.946010589599609,0.0001,211612
177,846636,86.89886942999999,4758,0.05,10079,84.0,5.333375930786133,0.0001,211633
177,846720,86.88988164999999,4758,0.05,10080,84.0,5.1135358810424805,0.0001,211654
177,846804,86.90336491,4759,0.05,10081,84.0,0.07086889445781708,0.0001,211675
177,846888,86.8733173,4759,0.05,10082,84.0,0.12132913619279861,0.0001,211696
177,846972,86.87454996000002,4760,0.05,10083,84.0,9.815322875976562,0.0001,211717
177,847056,86.88117598000001,4760,0.05,10084,84.0,0.10036392509937286,0.0001,211738
177,847140,86.89598522,4761,0.05,10085,84.0,0.29420968890190125,0.0001,211759
177,847224,86.88080471,4761,0.05,10086,84.0,0.5336365699768066,0.0001,211780
177,847308,86.87374754000001,4762,0.05,10087,84.0,0.08799786865711212,0.0001,211801
177,847392,86.88590098,4763,0.05,10088,84.0,5.047146797180176,0.0001,211822
177,847476,86.87723528000002,4763,0.05,10089,84.0,0.17145490646362305,0.0001,211843
177,847560,86.87459747000001,4764,0.05,10090,84.0,0.2987510561943054,0.0001,211864
177,847644,86.88574099000002,4764,0.05,10091,84.0,4.82266902923584,0.0001,211885
177,847728,86.90887381,4765,0.05,10092,84.0,0.3036300539970398,0.0001,211906
177,847812,86.8933381,4765,0.05,10093,84.0,0.28952154517173767,0.0001,211927
177,847896,86.89142964000001,4766,0.05,10094,84.0,5.224857330322266,0.0001,211948
177,847980,86.89333773000003,4767,0.05,10095,84.0,0.32693761587142944,0.0001,211969
177,848064,86.89072999,4767,0.05,10096,84.0,5.205464839935303,0.0001,211990
177,848148,86.89332620000003,4768,0.05,10097,84.0,0.28711962699890137,0.0001,212011
177,848232,86.89126124000002,4768,0.05,10098,84.0,0.17017723619937897,0.0001,212032
177,848316,86.90046878000001,4769,0.05,10099,84.0,0.06467029452323914,0.0001,212053
177,848400,86.90231600999998,4769,0.05,10100,84.0,9.954224586486816,0.0001,212074
177,848484,86.89055491999997,4770,0.05,10101,84.0,0.15846310555934906,0.0001,212095
177,848568,86.83582086,4770,0.05,10102,84.0,4.740780830383301,0.0001,212116
177,848652,86.83773001000002,4771,0.05,10103,84.0,0.3011820912361145,0.0001,212137
177,848736,86.83532236,4771,0.05,10104,84.0,0.5472126007080078,0.0001,212158
177,848820,86.82524892,4772,0.05,10105,84.0,0.3312334418296814,0.0001,212179
177,848904,86.82678868,4773,0.05,10106,84.0,0.07290342450141907,0.0001,212200
177,848988,86.83721843000001,4773,0.05,10107,84.0,4.89721155166626,0.0001,212221
177,849072,86.8136912,4774,0.05,10108,84.0,4.895655155181885,0.0001,212242
177,849156,86.81198236999998,4774,0.05,10109,84.0,0.410841703414917,0.0001,212263
177,849240,86.84082731999999,4775,0.05,10110,84.0,0.1316605508327484,0.0001,212284
177,849324,86.85977315999999,4775,0.05,10111,84.0,0.1222810298204422,0.0001,212305
177,849408,86.85718144999998,4776,0.05,10112,84.0,5.211648941040039,0.0001,212326
177,849492,86.85674504999999,4776,0.05,10113,84.0,5.319772720336914,0.0001,212347
177,849576,86.86157610999999,4777,0.05,10114,84.0,5.026622772216797,0.0001,212368
177,849660,86.82232887999999,4777,0.05,10115,84.0,5.04075813293457,0.0001,212389
177,849744,86.82775646,4778,0.05,10116,84.0,0.09959699213504791,0.0001,212410
177,849828,86.83060613000002,4778,0.05,10117,84.0,5.027304172515869,0.0001,212431
177,849912,86.83868115000001,4779,0.05,10118,84.0,9.75365161895752,0.0001,212452
177,849996,86.83501404999998,4779,0.05,10119,84.0,0.15295912325382233,0.0001,212473
177,850080,86.82958421000001,4780,0.05,10120,84.0,0.13146516680717468,0.0001,212494
177,850164,86.8098807,4781,0.05,10121,84.0,9.791994094848633,0.0001,212515
177,850248,86.81277064,4781,0.05,10122,84.0,0.352457195520401,0.0001,212536
177,850332,86.81059047,4782,0.05,10123,84.0,0.9051423072814941,0.0001,212557
177,850416,86.83202836999999,4782,0.05,10124,84.0,0.05167955905199051,0.0001,212578
177,850500,86.81667333,4783,0.05,10125,84.0,0.2910309433937073,0.0001,212599
177,850584,86.80647694999999,4783,0.05,10126,84.0,5.193240642547607,0.0001,212620
177,850668,86.79209294999998,4784,0.05,10127,84.0,4.732499122619629,0.0001,212641
177,850752,86.78197508,4784,0.05,10128,84.0,0.5320988893508911,0.0001,212662
177,850836,86.7757878,4785,0.05,10129,84.0,4.845754146575928,0.0001,212683
177,850920,86.78352646999998,4785,0.05,10130,84.0,4.845980644226074,0.0001,212704
177,851004,86.78767016999997,4786,0.05,10131,84.0,0.2757335305213928,0.0001,212725
177,851088,86.79942467999996,4786,0.05,10132,84.0,0.08762289583683014,0.0001,212746
177,851172,86.78124140999996,4787,0.05,10133,84.0,0.26525574922561646,0.0001,212767
177,851256,86.78839914,4787,0.05,10134,84.0,4.998504638671875,0.0001,212788
177,851340,86.79010872999997,4788,0.05,10135,84.0,0.042997874319553375,0.0001,212809
177,851424,86.78147467000001,4788,0.05,10136,84.0,0.09792681783437729,0.0001,212830
177,851508,86.771644,4789,0.05,10137,84.0,9.462759017944336,0.0001,212851
177,851592,86.76532556999999,4789,0.05,10138,84.0,5.05958890914917,0.0001,212872
177,851676,86.76120107000001,4790,0.05,10139,84.0,5.205779552459717,0.0001,212893
177,851760,86.74582050000001,4791,0.05,10140,84.0,0.5804806351661682,0.0001,212914
177,851844,86.74148840000002,4791,0.05,10141,84.0,5.252671241760254,0.0001,212935
177,851928,86.71852654000003,4792,0.05,10142,84.0,0.5158785581588745,0.0001,212956
177,852012,86.71096762,4792,0.05,10143,84.0,0.27684327960014343,0.0001,212977
177,852096,86.72049169000002,4793,0.05,10144,84.0,0.5758553147315979,0.0001,212998
177,852180,86.79978137,4794,0.05,10145,84.0,0.20948925614356995,0.0001,213019
177,852264,86.80380031,4794,0.05,10146,84.0,0.3022848069667816,0.0001,213040
177,852348,86.80417619000002,4795,0.05,10147,84.0,4.828545570373535,0.0001,213061
177,852432,86.80901323,4795,0.05,10148,84.0,14.335715293884277,0.0001,213082
177,852516,86.82495054,4796,0.05,10149,84.0,0.09504328668117523,0.0001,213103
177,852600,86.8314766,4797,0.05,10150,84.0,0.4147360920906067,0.0001,213124
177,852684,86.84115734,4797,0.05,10151,84.0,5.271169662475586,0.0001,213145
177,852768,86.80873202000001,4798,0.05,10152,84.0,0.1658712923526764,0.0001,213166
177,852852,86.80013976000001,4799,0.05,10153,84.0,0.07827816158533096,0.0001,213187
177,852936,86.78524575,4799,0.05,10154,84.0,4.879317760467529,0.0001,213208
177,853020,86.77112021,4800,0.05,10155,84.0,0.12728147208690643,0.0001,213229
177,853104,86.70210060000001,4801,0.05,10156,84.0,0.628436803817749,0.0001,213250
177,853188,86.71115951,4801,0.05,10157,84.0,0.5590692162513733,0.0001,213271
177,853272,86.64068407999999,4802,0.05,10158,84.0,0.07073603570461273,0.0001,213292
177,853356,86.6245035,4803,0.05,10159,84.0,0.23046395182609558,0.0001,213313
177,853440,86.62827242000002,4803,0.05,10160,84.0,10.295284271240234,0.0001,213334
177,853524,86.66416051,4804,0.05,10161,84.0,0.07940223813056946,0.0001,213355
177,853608,86.65947501000001,4804,0.05,10162,84.0,4.575111389160156,0.0001,213376
177,853692,86.66526731,4805,0.05,10163,84.0,0.2936444580554962,0.0001,213397
177,853776,86.67985361000001,4806,0.05,10164,84.0,0.5496228933334351,0.0001,213418
177,853860,86.68444007999999,4806,0.05,10165,84.0,0.4975264072418213,0.0001,213439
177,853944,86.69579587,4807,0.05,10166,84.0,0.5248939990997314,0.0001,213460
177,854028,86.70738975000002,4807,0.05,10167,84.0,0.29490911960601807,0.0001,213481
177,854112,86.70640943000002,4808,0.05,10168,84.0,0.5173971652984619,0.0001,213502
177,854196,86.70349897,4809,0.05,10169,84.0,0.3887879252433777,0.0001,213523
177,854280,86.70162693,4809,0.05,10170,84.0,0.13962379097938538,0.0001,213544
177,854364,86.72136463000001,4810,0.05,10171,84.0,5.200802803039551,0.0001,213565
177,854448,86.71987107999999,4810,0.05,10172,84.0,9.762016296386719,0.0001,213586
177,854532,86.76024395999998,4811,0.05,10173,84.0,0.20278504490852356,0.0001,213607
177,854616,86.75892430000002,4812,0.05,10174,84.0,0.3060285747051239,0.0001,213628
177,854700,86.76221240000001,4813,0.05,10175,84.0,0.07797977328300476,0.0001,213649
177,854784,86.75771397000003,4813,0.05,10176,84.0,0.09466613829135895,0.0001,213670
177,854868,86.73466600000002,4814,0.05,10177,84.0,0.3232462704181671,0.0001,213691
177,854952,86.71690799,4814,0.05,10178,84.0,0.24583812057971954,0.0001,213712
177,855036,86.71215005999998,4815,0.05,10179,84.0,0.22628812491893768,0.0001,213733
177,855120,86.70745648,4816,0.05,10180,84.0,4.620364189147949,0.0001,213754
177,855204,86.69836369,4817,0.05,10181,84.0,0.06171745806932449,0.0001,213775
177,855288,86.73150336,4817,0.05,10182,84.0,0.3139508366584778,0.0001,213796
177,855372,86.73337758999998,4818,0.05,10183,84.0,4.693026542663574,0.0001,213817
177,855456,86.72791245,4818,0.05,10184,84.0,0.16679733991622925,0.0001,213838
177,855540,86.72267299,4819,0.05,10185,84.0,5.046247482299805,0.0001,213859
177,855624,86.73267135000002,4820,0.05,10186,84.0,0.7587929368019104,0.0001,213880
177,855708,86.73033412000002,4820,0.05,10187,84.0,0.7183480262756348,0.0001,213901
177,855792,86.72015482000002,4821,0.05,10188,84.0,5.529047012329102,0.0001,213922
177,855876,86.73956868000003,4822,0.05,10189,84.0,4.931296348571777,0.0001,213943
177,855960,86.74137717000002,4822,0.05,10190,84.0,0.301639199256897,0.0001,213964
177,856044,86.74107448000001,4823,0.05,10191,84.0,0.3343234658241272,0.0001,213985
177,856128,86.72783860999998,4824,0.05,10192,84.0,4.8468756675720215,0.0001,214006
177,856212,86.71259287000001,4824,0.05,10193,84.0,4.946011066436768,0.0001,214027
177,856296,86.69365726,4825,0.05,10194,84.0,0.30347275733947754,0.0001,214048
177,856380,86.67311631000001,4826,0.05,10195,84.0,9.421287536621094,0.0001,214069
177,856464,86.67864229000001,4826,0.05,10196,84.0,5.1630449295043945,0.0001,214090
177,856548,86.67429213000003,4827,0.05,10197,84.0,0.39733782410621643,0.0001,214111
177,856632,86.67737657000002,4828,0.05,10198,84.0,0.4982367157936096,0.0001,214132
177,856716,86.66328155000001,4828,0.05,10199,84.0,0.5225926637649536,0.0001,214153
177,856800,86.66302715,4829,0.05,10200,84.0,0.3744776248931885,0.0001,214174
177,856884,86.66319503999998,4830,0.05,10201,84.0,0.4399411678314209,0.0001,214195
177,856968,86.71955219999998,4830,0.05,10202,84.0,0.5483834147453308,0.0001,214216
177,857052,86.72787645999998,4831,0.05,10203,84.0,0.6997004747390747,0.0001,214237
177,857136,86.72965081999997,4832,0.05,10204,84.0,0.31486356258392334,0.0001,214258
177,857220,86.73455240999999,4832,0.05,10205,84.0,0.5508667826652527,0.0001,214279
177,857304,86.72432890999998,4833,0.05,10206,84.0,0.31764355301856995,0.0001,214300
177,857388,86.71032997,4834,0.05,10207,84.0,0.4936028718948364,0.0001,214321
177,857472,86.72956248,4834,0.05,10208,84.0,4.848611831665039,0.0001,214342
177,857556,86.73117657,4835,0.05,10209,84.0,0.11554046720266342,0.0001,214363
177,857640,86.72751681,4836,0.05,10210,84.0,5.3750386238098145,0.0001,214384
177,857724,86.7184617,4836,0.05,10211,84.0,0.3561684489250183,0.0001,214405
177,857808,86.72083717000001,4837,0.05,10212,84.0,9.463420867919922,0.0001,214426
177,857892,86.73423461,4838,0.05,10213,84.0,4.965172290802002,0.0001,214447
177,857976,86.72241005000002,4838,0.05,10214,84.0,0.5141410827636719,0.0001,214468
177,858060,86.76242445,4839,0.05,10215,84.0,0.10196490585803986,0.0001,214489
177,858144,86.77887669999998,4839,0.05,10216,84.0,0.7753337621688843,0.0001,214510
177,858228,86.76513911999999,4840,0.05,10217,84.0,0.13613232970237732,0.0001,214531
177,858312,86.76003628999999,4841,0.05,10218,84.0,5.1311798095703125,0.0001,214552
177,858396,86.76103493999999,4841,0.05,10219,84.0,5.130457401275635,0.0001,214573
177,858480,86.76381657000002,4842,0.05,10220,84.0,9.495559692382812,0.0001,214594
177,858564,86.77019179999999,4843,0.05,10221,84.0,0.2559907138347626,0.0001,214615
177,858648,86.77352307,4844,0.05,10222,84.0,5.187042713165283,0.0001,214636
177,858732,86.77792119999998,4844,0.05,10223,84.0,0.8716689944267273,0.0001,214657
177,858816,86.77928194,4845,0.05,10224,84.0,0.08701479434967041,0.0001,214678
177,858900,86.78808266,4846,0.05,10225,84.0,0.10949540138244629,0.0001,214699
177,858984,86.79649,4846,0.05,10226,84.0,0.5374495983123779,0.0001,214720
177,859068,86.79959543999999,4847,0.05,10227,84.0,5.16033935546875,0.0001,214741
177,859152,86.79980425,4847,0.05,10228,84.0,0.15760061144828796,0.0001,214762
177,859236,86.80679615,4848,0.05,10229,84.0,0.07667673379182816,0.0001,214783
177,859320,86.79798385999999,4849,0.05,10230,84.0,0.5844054222106934,0.0001,214804
177,859404,86.79644489999998,4849,0.05,10231,84.0,4.8683061599731445,0.0001,214825
177,859488,86.79412382999998,4850,0.05,10232,84.0,0.32396748661994934,0.0001,214846
177,859572,86.7971618,4851,0.05,10233,84.0,4.701846122741699,0.0001,214867
177,859656,86.79498942999999,4851,0.05,10234,84.0,4.8861846923828125,0.0001,214888
177,859740,86.80623994000001,4852,0.05,10235,84.0,4.820948123931885,0.0001,214909
177,859824,86.81370047,4853,0.05,10236,84.0,0.3061832785606384,0.0001,214930
177,859908,86.81387426,4853,0.05,10237,84.0,0.5267676711082458,0.0001,214951
177,859992,86.73917663000002,4854,0.05,10238,84.0,0.07542017102241516,0.0001,214972
177,860076,86.73441837,4854,0.05,10239,84.0,0.0745982751250267,0.0001,214993
177,860160,86.74050005999999,4855,0.05,10240,84.0,0.06474442780017853,0.0001,215014
177,860244,86.73996036999999,4856,0.05,10241,84.0,0.3414660692214966,0.0001,215035
177,860328,86.7530865,4856,0.05,10242,84.0,9.815414428710938,0.0001,215056
177,860412,86.75836381,4857,0.05,10243,84.0,0.08627283573150635,0.0001,215077
177,860496,86.77224770000001,4858,0.05,10244,84.0,0.3407570719718933,0.0001,215098
177,860580,86.75671386000002,4858,0.05,10245,84.0,0.09042593836784363,0.0001,215119
177,860664,86.74636124,4859,0.05,10246,84.0,4.982480525970459,0.0001,215140
177,860748,86.74909675,4859,0.05,10247,84.0,5.367161750793457,0.0001,215161
177,860832,86.74045043000002,4860,0.05,10248,84.0,0.18303462862968445,0.0001,215182
177,860916,86.72502302000001,4861,0.05,10249,84.0,5.6980109214782715,0.0001,215203
177,861000,86.70031656999998,4861,0.05,10250,84.0,0.29024776816368103,0.0001,215224
177,861084,86.68948984000001,4862,0.05,10251,84.0,5.092081546783447,0.0001,215245
177,861168,86.71479344999997,4862,0.05,10252,84.0,0.2449410855770111,0.0001,215266
177,861252,86.71533576000002,4863,0.05,10253,84.0,0.7245811820030212,0.0001,215287
177,861336,86.71998119,4864,0.05,10254,84.0,4.766617298126221,0.0001,215308
177,861420,86.71156363,4864,0.05,10255,84.0,0.11560983955860138,0.0001,215329
177,861504,86.79204826000002,4865,0.05,10256,84.0,0.10536341369152069,0.0001,215350
177,861588,86.78434062000001,4865,0.05,10257,84.0,0.6307869553565979,0.0001,215371
177,861672,86.81722350999999,4866,0.05,10258,84.0,9.308658599853516,0.0001,215392
177,861756,86.83595428999999,4867,0.05,10259,84.0,5.140684604644775,0.0001,215413
177,861840,86.8282796,4867,0.05,10260,84.0,0.35633349418640137,0.0001,215434
177,861924,86.82723320999999,4868,0.05,10261,84.0,0.44396501779556274,0.0001,215455
177,862008,86.82675520999999,4869,0.05,10262,84.0,0.32906609773635864,0.0001,215476
177,862092,86.82228154,4869,0.05,10263,84.0,0.3027724027633667,0.0001,215497
177,862176,86.81168705,4870,0.05,10264,84.0,0.11075294017791748,0.0001,215518
177,862260,86.80889327000001,4871,0.05,10265,84.0,0.31246671080589294,0.0001,215539
177,862344,86.80023166000002,4871,0.05,10266,84.0,0.07775449752807617,0.0001,215560
177,862428,86.81159004000003,4872,0.05,10267,84.0,0.31396791338920593,0.0001,215581
177,862512,86.81982432000002,4872,0.05,10268,84.0,10.26515007019043,0.0001,215602
176,862596,86.83048179000004,4873,0.05,10269,84.0,9.537614822387695,0.0001,215623
176,862680,86.82382604000003,4874,0.05,10270,84.0,0.7224472761154175,0.0001,215644
176,862764,86.81293602000004,4874,0.05,10271,84.0,0.15878719091415405,0.0001,215665
176,862848,86.81421385000002,4875,0.05,10272,84.0,4.817115306854248,0.0001,215686
176,862932,86.82297308,4876,0.05,10273,84.0,5.0774455070495605,0.0001,215707
176,863016,86.82231639999998,4876,0.05,10274,84.0,0.5882273316383362,0.0001,215728
176,863100,86.81808895,4877,0.05,10275,84.0,0.04461163282394409,0.0001,215749
176,863184,86.79161858000002,4878,0.05,10276,84.0,0.12306907773017883,0.0001,215770
176,863268,86.80956521,4878,0.05,10277,84.0,0.19226019084453583,0.0001,215791
176,863352,86.81693826,4879,0.05,10278,84.0,0.3137216866016388,0.0001,215812
176,863436,86.81998958,4880,0.05,10279,84.0,0.2788100838661194,0.0001,215833
176,863520,86.81788611000002,4880,0.05,10280,84.0,0.598564624786377,0.0001,215854
176,863604,86.79564325000003,4881,0.05,10281,84.0,0.8034141659736633,0.0001,215875
176,863688,86.79510585000001,4882,0.05,10282,84.0,0.0730118602514267,0.0001,215896
176,863772,86.79718276,4882,0.05,10283,84.0,0.5002210140228271,0.0001,215917
176,863856,86.79527481,4883,0.05,10284,84.0,4.9614081382751465,0.0001,215938
176,863940,86.77951030999999,4884,0.05,10285,84.0,14.247038841247559,0.0001,215959
176,864024,86.77554296,4884,0.05,10286,84.0,0.3276650011539459,0.0001,215980
176,864108,86.78207566,4885,0.05,10287,84.0,10.312328338623047,0.0001,216001
176,864192,86.78361573000001,4886,0.05,10288,84.0,0.6876245737075806,0.0001,216022
176,864276,86.76684418999999,4886,0.05,10289,84.0,0.41393738985061646,0.0001,216043
176,864360,86.76215672000001,4887,0.05,10290,84.0,0.3689959645271301,0.0001,216064
176,864444,86.75485972999999,4888,0.05,10291,84.0,0.08188468962907791,0.0001,216085
176,864528,86.75672006999999,4889,0.05,10292,84.0,0.09457821398973465,0.0001,216106
176,864612,86.76530333,4889,0.05,10293,84.0,5.458254337310791,0.0001,216127
176,864696,86.7690584,4890,0.05,10294,84.0,0.26594555377960205,0.0001,216148
176,864780,86.79183087999999,4891,0.05,10295,84.0,0.5666218400001526,0.0001,216169
176,864864,86.78745633999999,4891,0.05,10296,84.0,0.6539562940597534,0.0001,216190
176,864948,86.75634158000001,4892,0.05,10297,84.0,0.10193810611963272,0.0001,216211
176,865032,86.75621804000002,4893,0.05,10298,84.0,0.41768428683280945,0.0001,216232
176,865116,86.75274815000003,4893,0.05,10299,84.0,0.29098737239837646,0.0001,216253
176,865200,86.76205104000002,4894,0.05,10300,84.0,0.07704178988933563,0.0001,216274
176,865284,86.76686237,4895,0.05,10301,84.0,10.398619651794434,0.0001,216295
176,865368,86.76238708,4895,0.05,10302,84.0,0.3603060841560364,0.0001,216316
176,865452,86.75605281,4896,0.05,10303,84.0,4.7191267013549805,0.0001,216337
176,865536,86.75942288000002,4897,0.05,10304,84.0,4.706863880157471,0.0001,216358
176,865620,86.75519528999999,4897,0.05,10305,84.0,0.5624819993972778,0.0001,216379
176,865704,86.71967231,4898,0.05,10306,84.0,0.5342565774917603,0.0001,216400
176,865788,86.72415005,4899,0.05,10307,84.0,0.3745959401130676,0.0001,216421
176,865872,86.72454227,4899,0.05,10308,84.0,5.379833698272705,0.0001,216442
176,865956,86.71062321,4900,0.05,10309,84.0,0.5378544926643372,0.0001,216463
176,866040,86.70716413999999,4901,0.05,10310,84.0,4.658192157745361,0.0001,216484
176,866124,86.70397049999998,4901,0.05,10311,84.0,5.252808570861816,0.0001,216505
176,866208,86.70394382999999,4902,0.05,10312,84.0,0.3003268837928772,0.0001,216526
176,866292,86.67937927000001,4903,0.05,10313,84.0,5.1457037925720215,0.0001,216547
176,866376,86.70428421999999,4903,0.05,10314,84.0,0.30366724729537964,0.0001,216568
176,866460,86.70925434,4904,0.05,10315,84.0,0.25031954050064087,0.0001,216589
176,866544,86.70508748,4904,0.05,10316,84.0,0.050047505646944046,0.0001,216610
176,866628,86.70164806000001,4905,0.05,10317,84.0,4.6379923820495605,0.0001,216631
176,866712,86.70073601,4906,0.05,10318,84.0,4.9251708984375,0.0001,216652
176,866796,86.70205411,4906,0.05,10319,84.0,0.5538750886917114,0.0001,216673
176,866880,86.71093806,4907,0.05,10320,84.0,0.14489179849624634,0.0001,216694
176,866964,86.73005726000001,4908,0.05,10321,84.0,5.634642601013184,0.0001,216715
176,867048,86.72212509000002,4908,0.05,10322,84.0,5.025983810424805,0.0001,216736
176,867132,86.71749072000003,4909,0.05,10323,84.0,0.28201743960380554,0.0001,216757
176,867216,86.71299633000001,4910,0.05,10324,84.0,0.10016267001628876,0.0001,216778
176,867300,86.70176897000002,4910,0.05,10325,84.0,0.07503414899110794,0.0001,216799
176,867384,86.70148662000001,4911,0.05,10326,84.0,4.348846912384033,0.0001,216820
176,867468,86.70957745000001,4912,0.05,10327,84.0,0.527225136756897,0.0001,216841
176,867552,86.70887236,4912,0.05,10328,84.0,0.3010556399822235,0.0001,216862
176,867636,86.70495908999999,4913,0.05,10329,84.0,5.054435729980469,0.0001,216883
176,867720,86.71896250999998,4914,0.05,10330,84.0,0.15235686302185059,0.0001,216904
176,867804,86.71247598999999,4914,0.05,10331,84.0,0.3172330856323242,0.0001,216925
176,867888,86.69902559999998,4915,0.05,10332,84.0,0.13106684386730194,0.0001,216946
176,867972,86.63240308999998,4916,0.05,10333,84.0,0.12256333976984024,0.0001,216967
176,868056,86.63367586,4916,0.05,10334,84.0,5.342128753662109,0.0001,216988
176,868140,86.61765367000002,4917,0.05,10335,84.0,0.14237597584724426,0.0001,217009
176,868224,86.61183652,4918,0.05,10336,84.0,0.31538280844688416,0.0001,217030
176,868308,86.60392861999999,4918,0.05,10337,84.0,0.10065169632434845,0.0001,217051
176,868392,86.67377803,4919,0.05,10338,84.0,0.06593579053878784,0.0001,217072
176,868476,86.67324393000001,4920,0.05,10339,84.0,4.953517436981201,0.0001,217093
176,868560,86.67645890000001,4920,0.05,10340,84.0,0.09811125695705414,0.0001,217114
176,868644,86.6874892,4921,0.05,10341,84.0,0.09094085544347763,0.0001,217135
176,868728,86.67428466000001,4922,0.05,10342,84.0,0.3734279274940491,0.0001,217156
176,868812,86.64925321999999,4922,0.05,10343,84.0,0.08381694555282593,0.0001,217177
176,868896,86.65385992,4923,0.05,10344,84.0,4.565296173095703,0.0001,217198
176,868980,86.66346312999998,4924,0.05,10345,84.0,4.680827617645264,0.0001,217219
176,869064,86.66186036,4924,0.05,10346,84.0,5.9904093742370605,0.0001,217240
176,869148,86.66172365999999,4925,0.05,10347,84.0,0.10118240863084793,0.0001,217261
176,869232,86.68369101,4926,0.05,10348,84.0,0.10291947424411774,0.0001,217282
176,869316,86.67831269999999,4926,0.05,10349,84.0,0.5551052689552307,0.0001,217303
176,869400,86.71259477,4927,0.05,10350,84.0,0.2688724994659424,0.0001,217324
176,869484,86.71325803000002,4928,0.05,10351,84.0,0.5665532946586609,0.0001,217345
176,869568,86.68545325000002,4928,0.05,10352,84.0,0.31215202808380127,0.0001,217366
176,869652,86.68330556000002,4929,0.05,10353,84.0,4.935422897338867,0.0001,217387
176,869736,86.68515711000003,4930,0.05,10354,84.0,0.4528424143791199,0.0001,217408
176,869820,86.69580893000003,4930,0.05,10355,84.0,0.45189255475997925,0.0001,217429
176,869904,86.68436656000002,4931,0.05,10356,84.0,9.127863883972168,0.0001,217450
176,869988,86.66967531,4932,0.05,10357,84.0,5.323163986206055,0.0001,217471
176,870072,86.70347384,4932,0.05,10358,84.0,0.7103099822998047,0.0001,217492
176,870156,86.69561413,4933,0.05,10359,84.0,0.08672288060188293,0.0001,217513
176,870240,86.69042487,4934,0.05,10360,84.0,0.41596049070358276,0.0001,217534
176,870324,86.6926946,4934,0.05,10361,84.0,0.35296928882598877,0.0001,217555
176,870408,86.70095318,4935,0.05,10362,84.0,4.9182939529418945,0.0001,217576
176,870492,86.69717406000001,4936,0.05,10363,84.0,0.2832258939743042,0.0001,217597
176,870576,86.69905179999999,4936,0.05,10364,84.0,9.915327072143555,0.0001,217618
176,870660,86.69980328,4937,0.05,10365,84.0,0.4621809720993042,0.0001,217639
176,870744,86.70104444,4938,0.05,10366,84.0,0.07248912751674652,0.0001,217660
176,870828,86.68803874999999,4938,0.05,10367,84.0,9.773414611816406,0.0001,217681
176,870912,86.68431702,4939,0.05,10368,84.0,0.1030711755156517,0.0001,217702
176,870996,86.66973699999998,4939,0.05,10369,84.0,0.28969407081604004,0.0001,217723
176,871080,86.66825641,4940,0.05,10370,84.0,9.532329559326172,0.0001,217744
176,871164,86.65568032000002,4941,0.05,10371,84.0,0.1359904706478119,0.0001,217765
176,871248,86.66213612999998,4941,0.05,10372,84.0,0.2915460765361786,0.0001,217786
176,871332,86.65706888000001,4942,0.05,10373,84.0,0.314056932926178,0.0001,217807
176,871416,86.65569720000002,4942,0.05,10374,84.0,0.37270623445510864,0.0001,217828
176,871500,86.65859657000003,4943,0.05,10375,84.0,0.3202582001686096,0.0001,217849
176,871584,86.68023337000001,4944,0.05,10376,84.0,9.58908748626709,0.0001,217870
176,871668,86.66907726000001,4944,0.05,10377,84.0,0.2514544725418091,0.0001,217891
176,871752,86.67300669000001,4945,0.05,10378,84.0,0.36458635330200195,0.0001,217912
176,871836,86.69025059000002,4945,0.05,10379,84.0,10.831850051879883,0.0001,217933
176,871920,86.68371135000001,4946,0.05,10380,84.0,0.3012637197971344,0.0001,217954
176,872004,86.70312111999999,4946,0.05,10381,84.0,0.09749023616313934,0.0001,217975
176,872088,86.70721769000002,4947,0.05,10382,84.0,0.1579858660697937,0.0001,217996
176,872172,86.69446486000001,4948,0.05,10383,84.0,0.38232532143592834,0.0001,218017
176,872256,86.68594176000002,4948,0.05,10384,84.0,0.7617299556732178,0.0001,218038
176,872340,86.69039709999998,4949,0.05,10385,84.0,9.781352996826172,0.0001,218059
176,872424,86.65348915000003,4950,0.05,10386,84.0,0.07275170087814331,0.0001,218080
176,872508,86.63376005,4950,0.05,10387,84.0,0.30481934547424316,0.0001,218101
176,872592,86.63127614000001,4951,0.05,10388,84.0,5.170539379119873,0.0001,218122
176,872676,86.64288825000001,4952,0.05,10389,84.0,0.3181396424770355,0.0001,218143
176,872760,86.63180893000002,4952,0.05,10390,84.0,4.743408203125,0.0001,218164
176,872844,86.60927114000002,4953,0.05,10391,84.0,5.1230621337890625,0.0001,218185
176,872928,86.60561909000002,4954,0.05,10392,84.0,4.94741678237915,0.0001,218206
176,873012,86.61534617999997,4954,0.05,10393,84.0,0.5358899235725403,0.0001,218227
176,873096,86.62745502,4955,0.05,10394,84.0,5.033030033111572,0.0001,218248
176,873180,86.61685346,4956,0.05,10395,84.0,4.714544773101807,0.0001,218269
176,873264,86.62146875,4956,0.05,10396,84.0,5.166924953460693,0.0001,218290
176,873348,86.64391485000002,4957,0.05,10397,84.0,0.09354233741760254,0.0001,218311
176,873432,86.61696002000001,4958,0.05,10398,84.0,0.18793201446533203,0.0001,218332
176,873516,86.62912598000001,4958,0.05,10399,84.0,5.276092529296875,0.0001,218353
176,873600,86.60891077999999,4959,0.05,10400,84.0,0.3413763642311096,0.0001,218374
176,873684,86.59531548,4959,0.05,10401,84.0,0.32808998227119446,0.0001,218395
176,873768,86.60300373999999,4960,0.05,10402,84.0,5.050662040710449,0.0001,218416
176,873852,86.60646738999999,4961,0.05,10403,84.0,5.078600883483887,0.0001,218437
176,873936,86.6078051,4961,0.05,10404,84.0,1.002881646156311,0.0001,218458
176,874020,86.60936641999999,4962,0.05,10405,84.0,5.275645732879639,0.0001,218479
176,874104,86.65210402000001,4962,0.05,10406,84.0,0.06468376517295837,0.0001,218500
176,874188,86.64901924999998,4963,0.05,10407,84.0,4.910830497741699,0.0001,218521
176,874272,86.6533685,4964,0.05,10408,84.0,0.32842862606048584,0.0001,218542
176,874356,86.67281215999999,4964,0.05,10409,84.0,0.612206757068634,0.0001,218563
176,874440,86.6794425,4965,0.05,10410,84.0,0.814746081829071,0.0001,218584
176,874524,86.68498183000001,4966,0.05,10411,84.0,0.3385939598083496,0.0001,218605
176,874608,86.68371287999999,4966,0.05,10412,84.0,0.07071937620639801,0.0001,218626
176,874692,86.70427990000002,4967,0.05,10413,84.0,0.5293735861778259,0.0001,218647
176,874776,86.66022207,4967,0.05,10414,84.0,0.5254160165786743,0.0001,218668
176,874860,86.63107931,4968,0.05,10415,84.0,0.09404253214597702,0.0001,218689
176,874944,86.63877462,4969,0.05,10416,84.0,0.7759847640991211,0.0001,218710
176,875028,86.63331179,4969,0.05,10417,84.0,5.610064506530762,0.0001,218731
176,875112,86.62105632999999,4970,0.05,10418,84.0,0.07650095224380493,0.0001,218752
176,875196,86.62227551,4970,0.05,10419,84.0,4.921098709106445,0.0001,218773
176,875280,86.61635356,4971,0.05,10420,84.0,0.09666392207145691,0.0001,218794
176,875364,86.61663220999999,4972,0.05,10421,84.0,5.199621200561523,0.0001,218815
176,875448,86.62130772999997,4972,0.05,10422,84.0,5.1978349685668945,0.0001,218836
176,875532,86.61903925,4973,0.05,10423,84.0,0.35045066475868225,0.0001,218857
176,875616,86.62588561999999,4974,0.05,10424,84.0,5.242176055908203,0.0001,218878
176,875700,86.64099891,4974,0.05,10425,84.0,0.3176608681678772,0.0001,218899
176,875784,86.64264692,4975,0.05,10426,84.0,0.04066130518913269,0.0001,218920
176,875868,86.65829259999998,4976,0.05,10427,84.0,0.044919371604919434,0.0001,218941
175,875952,86.65884173999999,4977,0.05,10428,84.0,0.09676496684551239,0.0001,218962
175,876036,86.66487759,4977,0.05,10429,84.0,10.584077835083008,0.0001,218983
175,876120,86.64994268000001,4978,0.05,10430,84.0,0.5600614547729492,0.0001,219004
175,876204,86.63695871,4978,0.05,10431,84.0,0.2729291021823883,0.0001,219025
175,876288,86.6477508,4979,0.05,10432,84.0,0.1125858873128891,0.0001,219046
175,876372,86.71292609999999,4980,0.05,10433,84.0,0.1438283920288086,0.0001,219067
175,876456,86.72239035999999,4980,0.05,10434,84.0,0.21218667924404144,0.0001,219088
175,876540,86.71481774999998,4981,0.05,10435,84.0,0.2448636293411255,0.0001,219109
175,876624,86.69728119999999,4982,0.05,10436,84.0,0.6251480579376221,0.0001,219130
175,876708,86.70328368,4982,0.05,10437,84.0,5.101656436920166,0.0001,219151
175,876792,86.69522968999999,4983,0.05,10438,84.0,5.026859760284424,0.0001,219172
175,876876,86.70317124000002,4984,0.05,10439,84.0,0.49591439962387085,0.0001,219193
175,876960,86.69980836,4984,0.05,10440,84.0,9.508098602294922,0.0001,219214
175,877044,86.68911471,4985,0.05,10441,84.0,0.09449247270822525,0.0001,219235
175,877128,86.68740082999999,4986,0.05,10442,84.0,4.913619518280029,0.0001,219256
175,877212,86.70399565,4986,0.05,10443,84.0,0.3339567184448242,0.0001,219277
175,877296,86.71211417999997,4987,0.05,10444,84.0,0.5382311344146729,0.0001,219298
175,877380,86.71438068000002,4988,0.05,10445,84.0,5.172745227813721,0.0001,219319
175,877464,86.71972377,4988,0.05,10446,84.0,0.2896631956100464,0.0001,219340
175,877548,86.71940903999999,4989,0.05,10447,84.0,0.5352586507797241,0.0001,219361
175,877632,86.70477919999998,4990,0.05,10448,84.0,0.059132881462574005,0.0001,219382
175,877716,86.69541156000001,4990,0.05,10449,84.0,0.2558433413505554,0.0001,219403
175,877800,86.69146150999997,4991,0.05,10450,84.0,0.5647038221359253,0.0001,219424
175,877884,86.69738548999997,4992,0.05,10451,84.0,0.3122502863407135,0.0001,219445
175,877968,86.72100074999999,4992,0.05,10452,84.0,5.2326812744140625,0.0001,219466
175,878052,86.72426592999999,4993,0.05,10453,84.0,0.5645260214805603,0.0001,219487
175,878136,86.72259542,4994,0.05,10454,84.0,0.5653257369995117,0.0001,219508
175,878220,86.71412126999999,4994,0.05,10455,84.0,0.31209972500801086,0.0001,219529
175,878304,86.71180335999999,4995,0.05,10456,84.0,0.11907588690519333,0.0001,219550
175,878388,86.7282111,4995,0.05,10457,84.0,5.243330478668213,0.0001,219571
175,878472,86.72751832999998,4996,0.05,10458,84.0,0.0894474908709526,0.0001,219592
175,878556,86.72747189,4997,0.05,10459,84.0,0.06976926326751709,0.0001,219613
175,878640,86.73093722999998,4997,0.05,10460,84.0,0.24668604135513306,0.0001,219634
175,878724,86.73146079,4998,0.05,10461,84.0,0.08362722396850586,0.0001,219655
175,878808,86.72798975000002,4999,0.05,10462,84.0,4.925904273986816,0.0001,219676
175,878892,86.73177973999998,4999,0.05,10463,84.0,0.7498924732208252,0.0001,219697
175,878976,86.73131923000001,5000,0.05,10464,84.0,0.28979888558387756,0.0001,219718
175,879060,86.72723126000002,5001,0.05,10465,84.0,5.389502048492432,0.0001,219739
175,879144,86.72290434,5001,0.05,10466,84.0,0.12660562992095947,0.0001,219760
175,879228,86.7151403,5002,0.05,10467,84.0,5.213999271392822,0.0001,219781
175,879312,86.71202938999997,5003,0.05,10468,84.0,0.37734735012054443,0.0001,219802
175,879396,86.71447029999997,5003,0.05,10469,84.0,5.296841144561768,0.0001,219823
175,879480,86.72636045999998,5004,0.05,10470,84.0,0.14194419980049133,0.0001,219844
175,879564,86.74471974,5005,0.05,10471,84.0,5.012279987335205,0.0001,219865
175,879648,86.73864413,5006,0.05,10472,84.0,0.08750386536121368,0.0001,219886
175,879732,86.73643165,5006,0.05,10473,84.0,5.2403645515441895,0.0001,219907
175,879816,86.73742896000002,5007,0.05,10474,84.0,4.831084728240967,0.0001,219928
175,879900,86.73693375,5008,0.05,10475,84.0,0.5327981114387512,0.0001,219949
175,879984,86.74370661,5008,0.05,10476,84.0,0.4312690198421478,0.0001,219970
175,880068,86.75771818999999,5009,0.05,10477,84.0,0.13223372399806976,0.0001,219991
175,880152,86.75344578999999,5010,0.05,10478,84.0,4.8488922119140625,0.0001,220012
175,880236,86.73196615,5010,0.05,10479,84.0,0.5381011962890625,0.0001,220033
175,880320,86.74505525000001,5011,0.05,10480,84.0,5.469033718109131,0.0001,220054
175,880404,86.73310223,5011,0.05,10481,84.0,0.31971558928489685,0.0001,220075
175,880488,86.72626323000003,5012,0.05,10482,84.0,0.4060770869255066,0.0001,220096
175,880572,86.74176913000001,5013,0.05,10483,84.0,4.7945170402526855,0.0001,220117
175,880656,86.75031660000002,5013,0.05,10484,84.0,0.08225579559803009,0.0001,220138
175,880740,86.75026344,5014,0.05,10485,84.0,0.09329025447368622,0.0001,220159
175,880824,86.79921438000001,5015,0.05,10486,84.0,0.32597431540489197,0.0001,220180
175,880908,86.78788141999999,5015,0.05,10487,84.0,5.251191139221191,0.0001,220201
175,880992,86.79244867999998,5016,0.05,10488,84.0,5.620926856994629,0.0001,220222
175,881076,86.79954421999997,5017,0.05,10489,84.0,0.49396660923957825,0.0001,220243
175,881160,86.81881942,5017,0.05,10490,84.0,0.2433253526687622,0.0001,220264
175,881244,86.83963632,5018,0.05,10491,84.0,0.9871411323547363,0.0001,220285
175,881328,86.83205195,5019,0.05,10492,84.0,0.08013647049665451,0.0001,220306
175,881412,86.83336571,5019,0.05,10493,84.0,0.1760496199131012,0.0001,220327
175,881496,86.84300668000002,5020,0.05,10494,84.0,5.310867786407471,0.0001,220348
175,881580,86.84039296000003,5021,0.05,10495,84.0,9.333845138549805,0.0001,220369
175,881664,86.83691214000002,5021,0.05,10496,84.0,4.712522983551025,0.0001,220390
175,881748,86.84738028000001,5022,0.05,10497,84.0,0.4019969403743744,0.0001,220411
175,881832,86.8450747,5023,0.05,10498,84.0,4.955946445465088,0.0001,220432
175,881916,86.84479712000001,5023,0.05,10499,84.0,4.909501075744629,0.0001,220453
175,882000,86.86110716000002,5024,0.05,10500,84.0,0.3569841980934143,0.0001,220474
175,882084,86.86827646,5025,0.05,10501,84.0,9.782649040222168,0.0001,220495
175,882168,86.86771031,5025,0.05,10502,84.0,0.18470175564289093,0.0001,220516
175,882252,86.86358146,5026,0.05,10503,84.0,0.12323929369449615,0.0001,220537
175,882336,86.85697921,5027,0.05,10504,84.0,4.706119537353516,0.0001,220558
175,882420,86.85442380999999,5027,0.05,10505,84.0,0.18179982900619507,0.0001,220579
175,882504,86.86163619999999,5028,0.05,10506,84.0,0.5142432451248169,0.0001,220600
175,882588,86.85897751,5029,0.05,10507,84.0,0.11504104733467102,0.0001,220621
175,882672,86.85664093999999,5029,0.05,10508,84.0,0.18498051166534424,0.0001,220642
175,882756,86.84902569,5030,0.05,10509,84.0,4.638772964477539,0.0001,220663
175,882840,86.84315945999998,5031,0.05,10510,84.0,5.221752166748047,0.0001,220684
175,882924,86.83591292000001,5031,0.05,10511,84.0,0.321048766374588,0.0001,220705
175,883008,86.83483633,5032,0.05,10512,84.0,0.11401928216218948,0.0001,220726
175,883092,86.83387028000003,5033,0.05,10513,84.0,0.1116103082895279,0.0001,220747
175,883176,86.86500291,5033,0.05,10514,84.0,0.21167831122875214,0.0001,220768
175,883260,86.82353498,5034,0.05,10515,84.0,0.43872547149658203,0.0001,220789
175,883344,86.82020284000001,5034,0.05,10516,84.0,0.3222751319408417,0.0001,220810
175,883428,86.83241296000001,5035,0.05,10517,84.0,0.5020735859870911,0.0001,220831
175,883512,86.85935439000001,5036,0.05,10518,84.0,5.189761161804199,0.0001,220852
175,883596,86.85429188000002,5036,0.05,10519,84.0,0.06333285570144653,0.0001,220873
175,883680,86.84870586,5037,0.05,10520,84.0,0.3226321041584015,0.0001,220894
175,883764,86.84770255000001,5037,0.05,10521,84.0,5.483457088470459,0.0001,220915
175,883848,86.85343736,5038,0.05,10522,84.0,0.5140928626060486,0.0001,220936
175,883932,86.85216299000004,5039,0.05,10523,84.0,0.44887468218803406,0.0001,220957
175,884016,86.83945073000001,5039,0.05,10524,84.0,0.20193195343017578,0.0001,220978
175,884100,86.83675789,5040,0.05,10525,84.0,0.4251253008842468,0.0001,220999
175,884184,86.84014874,5041,0.05,10526,84.0,0.1894889771938324,0.0001,221020
175,884268,86.82662391000002,5041,0.05,10527,84.0,0.08410763740539551,0.0001,221041
175,884352,86.82860758000002,5042,0.05,10528,84.0,14.239486694335938,0.0001,221062
175,884436,86.80787673000003,5043,0.05,10529,84.0,9.766304016113281,0.0001,221083
175,884520,86.81156260000002,5043,0.05,10530,84.0,9.69395923614502,0.0001,221104
175,884604,86.82938519999998,5044,0.05,10531,84.0,0.10954491794109344,0.0001,221125
175,884688,86.83297242999998,5045,0.05,10532,84.0,5.1518354415893555,0.0001,221146
175,884772,86.8365792,5045,0.05,10533,84.0,4.891804218292236,0.0001,221167
175,884856,86.82461513,5046,0.05,10534,84.0,0.3503649830818176,0.0001,221188
175,884940,86.83445323000002,5047,0.05,10535,84.0,0.34808608889579773,0.0001,221209
175,885024,86.85084307999999,5047,0.05,10536,84.0,0.14618107676506042,0.0001,221230
175,885108,86.86955513000001,5048,0.05,10537,84.0,0.19777798652648926,0.0001,221251
175,885192,86.87049201999999,5048,0.05,10538,84.0,5.249319076538086,0.0001,221272
175,885276,86.81536401,5049,0.05,10539,84.0,0.3456380367279053,0.0001,221293
175,885360,86.81157675,5050,0.05,10540,84.0,0.6621009707450867,0.0001,221314
175,885444,86.81251359000002,5050,0.05,10541,84.0,0.16310611367225647,0.0001,221335
175,885528,86.84104397000003,5051,0.05,10542,84.0,0.3180249035358429,0.0001,221356
175,885612,86.85137851000002,5051,0.05,10543,84.0,0.16388550400733948,0.0001,221377
175,885696,86.83846003000002,5052,0.05,10544,84.0,4.627198696136475,0.0001,221398
175,885780,86.84867284000002,5053,0.05,10545,84.0,0.3681058883666992,0.0001,221419
175,885864,86.84674637999998,5053,0.05,10546,84.0,0.5192402005195618,0.0001,221440
175,885948,86.84628816000003,5054,0.05,10547,84.0,0.3280615210533142,0.0001,221461
175,886032,86.84301400999999,5055,0.05,10548,84.0,0.3294619023799896,0.0001,221482
175,886116,86.85947648000001,5055,0.05,10549,84.0,0.11833959817886353,0.0001,221503
175,886200,86.85254285,5056,0.05,10550,84.0,0.15055763721466064,0.0001,221524
175,886284,86.84052028999999,5057,0.05,10551,84.0,0.12153876572847366,0.0001,221545
175,886368,86.84471402999999,5057,0.05,10552,84.0,0.3908267915248871,0.0001,221566
175,886452,86.84285925,5058,0.05,10553,84.0,0.16847068071365356,0.0001,221587
175,886536,86.84599065999998,5058,0.05,10554,84.0,0.11155208945274353,0.0001,221608
175,886620,86.82006494000001,5059,0.05,10555,84.0,0.05639433115720749,0.0001,221629
175,886704,86.81873458,5060,0.05,10556,84.0,0.08239758014678955,0.0001,221650
175,886788,86.81099217,5061,0.05,10557,84.0,0.36927330493927,0.0001,221671
175,886872,86.80839075000002,5061,0.05,10558,84.0,0.2663569450378418,0.0001,221692
175,886956,86.81559477,5062,0.05,10559,84.0,5.048410892486572,0.0001,221713
175,887040,86.81604347000003,5062,0.05,10560,84.0,5.081592082977295,0.0001,221734
175,887124,86.80798224,5063,0.05,10561,84.0,5.167838096618652,0.0001,221755
175,887208,86.80299408,5064,0.05,10562,84.0,0.05083930119872093,0.0001,221776
175,887292,86.81237157,5064,0.05,10563,84.0,0.4952331781387329,0.0001,221797
175,887376,86.81537375999999,5065,0.05,10564,84.0,0.486248642206192,0.0001,221818
175,887460,86.80305326,5065,0.05,10565,84.0,0.36175745725631714,0.0001,221839
175,887544,86.80972537,5066,0.05,10566,84.0,0.10756702721118927,0.0001,221860
175,887628,86.81665414999998,5067,0.05,10567,84.0,0.37625426054000854,0.0001,221881
175,887712,86.81708523999998,5067,0.05,10568,84.0,0.29442867636680603,0.0001,221902
175,887796,86.81715193999999,5068,0.05,10569,84.0,0.1674802005290985,0.0001,221923
175,887880,86.81156513,5068,0.05,10570,84.0,4.772892475128174,0.0001,221944
175,887964,86.79955765000001,5069,0.05,10571,84.0,0.3539559841156006,0.0001,221965
175,888048,86.79937936000002,5070,0.05,10572,84.0,0.06660623848438263,0.0001,221986
175,888132,86.80032468000002,5070,0.05,10573,84.0,4.614611625671387,0.0001,222007
175,888216,86.81495485,5071,0.05,10574,84.0,0.07210101187229156,0.0001,222028
175,888300,86.81094420000001,5072,0.05,10575,84.0,0.2701345682144165,0.0001,222049
175,888384,86.80763402000001,5072,0.05,10576,84.0,0.6981931328773499,0.0001,222070
175,888468,86.80378534000002,5073,0.05,10577,84.0,0.06284131854772568,0.0001,222091
175,888552,86.80400296000002,5073,0.05,10578,84.0,0.40180304646492004,0.0001,222112
175,888636,86.80902380000002,5074,0.05,10579,84.0,0.051625654101371765,0.0001,222133
175,888720,86.80874964000003,5074,0.05,10580,84.0,5.011038303375244,0.0001,222154
175,888804,86.82638286000001,5075,0.05,10581,84.0,0.4009351134300232,0.0001,222175
175,888888,86.82655519000002,5076,0.05,10582,84.0,0.29575827717781067,0.0001,222196
175,888972,86.81849452,5076,0.05,10583,84.0,0.21613472700119019,0.0001,222217
175,889056,86.81891324999998,5077,0.05,10584,84.0,4.940596103668213,0.0001,222238
175,889140,86.82285959999999,5077,0.05,10585,84.0,0.20995520055294037,0.0001,222259
175,889224,86.82243408999997,5078,0.05,10586,84.0,0.12764520943164825,0.0001,222280
175,889308,86.84800107999997,5079,0.05,10587,84.0,0.5796798467636108,0.0001,222301
175,889392,86.84712583999999,5079,0.05,10588,84.0,0.45857661962509155,0.0001,222322
175,889476,86.84408121,5080,0.05,10589,84.0,0.148706316947937,0.0001,222343
175,889560,86.84542850000001,5080,0.05,10590,84.0,0.5625901222229004,0.0001,222364
175,889644,86.85276684,5081,0.05,10591,84.0,0.13323283195495605,0.0001,222385
175,889728,86.85934052,5082,0.05,10592,84.0,0.06572455167770386,0.0001,222406
175,889812,86.86146781000001,5082,0.05,10593,84.0,0.296745240688324,0.0001,222427
175,889896,86.8453572,5083,0.05,10594,84.0,0.32564041018486023,0.0001,222448
175,889980,86.85173077999998,5084,0.05,10595,84.0,0.7760747671127319,0.0001,222469
175,890064,86.85315253999997,5084,0.05,10596,84.0,0.0777699202299118,0.0001,222490
175,890148,86.85865543999998,5085,0.05,10597,84.0,0.33475425839424133,0.0001,222511
175,890232,86.88728990999998,5085,0.05,10598,84.0,9.68558120727539,0.0001,222532
175,890316,86.88881785999996,5086,0.05,10599,84.0,0.27038630843162537,0.0001,222553
175,890400,86.88409438999997,5087,0.05,10600,84.0,0.3176320493221283,0.0001,222574
175,890484,86.88876363999998,5087,0.05,10601,84.0,0.08446304500102997,0.0001,222595
175,890568,86.88948656000001,5088,0.05,10602,84.0,0.29988348484039307,0.0001,222616
175,890652,86.89100587000001,5089,0.05,10603,84.0,0.1010914221405983,0.0001,222637
175,890736,86.89184175,5089,0.05,10604,84.0,9.867026329040527,0.0001,222658
174,890820,86.89407466,5090,0.05,10605,84.0,0.3188400864601135,0.0001,222679
174,890904,86.88817800000001,5091,0.05,10606,84.0,0.816717267036438,0.0001,222700
174,890988,86.88143735,5091,0.05,10607,84.0,0.1029505655169487,0.0001,222721
174,891072,86.87712507,5092,0.05,10608,84.0,0.3851030468940735,0.0001,222742
174,891156,86.86472806,5093,0.05,10609,84.0,0.14306068420410156,0.0001,222763
174,891240,86.86262683000001,5093,0.05,10610,84.0,0.0863322839140892,0.0001,222784
174,891324,86.87126466000001,5094,0.05,10611,84.0,0.07048005610704422,0.0001,222805
174,891408,86.88103019,5094,0.05,10612,84.0,0.13369399309158325,0.0001,222826
174,891492,86.88497266,5095,0.05,10613,84.0,0.4482506811618805,0.0001,222847
174,891576,86.87908442,5096,0.05,10614,84.0,9.979573249816895,0.0001,222868
174,891660,86.94505833,5096,0.05,10615,84.0,0.9952459931373596,0.0001,222889
174,891744,86.95517494999999,5097,0.05,10616,84.0,0.09332592040300369,0.0001,222910
174,891828,86.95896723999998,5098,0.05,10617,84.0,5.1930341720581055,0.0001,222931
174,891912,86.94157388999999,5098,0.05,10618,84.0,0.5840481519699097,0.0001,222952
174,891996,86.92590065,5099,0.05,10619,84.0,0.29666006565093994,0.0001,222973
174,892080,86.91519092000003,5100,0.05,10620,84.0,4.966942310333252,0.0001,222994
174,892164,86.90953260000002,5100,0.05,10621,84.0,5.084031105041504,0.0001,223015
174,892248,86.91139921000001,5101,0.05,10622,84.0,9.154195785522461,0.0001,223036
174,892332,86.90436795000001,5102,0.05,10623,84.0,4.960498332977295,0.0001,223057
174,892416,86.90394898000001,5102,0.05,10624,84.0,0.20320549607276917,0.0001,223078
174,892500,86.87874461999999,5103,0.05,10625,84.0,5.521911144256592,0.0001,223099
174,892584,86.88341418,5104,0.05,10626,84.0,0.09424656629562378,0.0001,223120
174,892668,86.88439829,5104,0.05,10627,84.0,0.4998132586479187,0.0001,223141
174,892752,86.88382306999998,5105,0.05,10628,84.0,0.36490869522094727,0.0001,223162
174,892836,86.89041761999997,5106,0.05,10629,84.0,0.22030934691429138,0.0001,223183
174,892920,86.88344270999998,5106,0.05,10630,84.0,0.3699077069759369,0.0001,223204
174,893004,86.87736401999999,5107,0.05,10631,84.0,5.2436089515686035,0.0001,223225
174,893088,86.87568071,5107,0.05,10632,84.0,9.51444149017334,0.0001,223246
174,893172,86.85433714999999,5108,0.05,10633,84.0,0.06600712239742279,0.0001,223267
174,893256,86.85763663,5109,0.05,10634,84.0,0.62808758020401,0.0001,223288
174,893340,86.85763413,5109,0.05,10635,84.0,4.852658271789551,0.0001,223309
174,893424,86.85562053,5110,0.05,10636,84.0,0.4344174265861511,0.0001,223330
174,893508,86.84070438999998,5111,0.05,10637,84.0,0.3206522464752197,0.0001,223351
174,893592,86.85649866000001,5111,0.05,10638,84.0,4.770051956176758,0.0001,223372
174,893676,86.91705842000002,5112,0.05,10639,84.0,4.640151500701904,0.0001,223393
174,893760,86.87266191,5113,0.05,10640,84.0,0.06316901743412018,0.0001,223414
174,893844,86.87822093000003,5113,0.05,10641,84.0,0.05647093430161476,0.0001,223435
174,893928,86.86932381000003,5114,0.05,10642,84.0,0.9369048476219177,0.0001,223456
174,894012,86.85075715,5114,0.05,10643,84.0,0.1056213527917862,0.0001,223477
174,894096,86.84746075000002,5115,0.05,10644,84.0,0.07166071236133575,0.0001,223498
174,894180,86.82487855000001,5116,0.05,10645,84.0,0.534421443939209,0.0001,223519
174,894264,86.80859717000001,5116,0.05,10646,84.0,5.315271377563477,0.0001,223540
174,894348,86.7995661,5117,0.05,10647,84.0,5.498936176300049,0.0001,223561
174,894432,86.80003437,5117,0.05,10648,84.0,5.435583114624023,0.0001,223582
174,894516,86.79823379,5118,0.05,10649,84.0,5.164098739624023,0.0001,223603
174,894600,86.76858770000001,5119,0.05,10650,84.0,5.438636779785156,0.0001,223624
174,894684,86.77404396,5119,0.05,10651,84.0,4.821563720703125,0.0001,223645
174,894768,86.75209078,5120,0.05,10652,84.0,10.106029510498047,0.0001,223666
174,894852,86.7565927,5121,0.05,10653,84.0,0.10264497250318527,0.0001,223687
174,894936,86.73711262,5121,0.05,10654,84.0,0.3364166021347046,0.0001,223708
174,895020,86.73699602,5122,0.05,10655,84.0,0.3035491704940796,0.0001,223729
174,895104,86.73079822,5123,0.05,10656,84.0,0.34856659173965454,0.0001,223750
174,895188,86.75220508000001,5123,0.05,10657,84.0,0.12434246391057968,0.0001,223771
174,895272,86.75102325,5124,0.05,10658,84.0,0.06442555040121078,0.0001,223792
174,895356,86.75389935000001,5124,0.05,10659,84.0,4.7555108070373535,0.0001,223813
174,895440,86.75097391999999,5125,0.05,10660,84.0,5.120631217956543,0.0001,223834
174,895524,86.75025608,5126,0.05,10661,84.0,0.03527653217315674,0.0001,223855
174,895608,86.75434912000003,5127,0.05,10662,84.0,0.29658961296081543,0.0001,223876
174,895692,86.74878428999999,5127,0.05,10663,84.0,0.1378498673439026,0.0001,223897
174,895776,86.75091318000001,5128,0.05,10664,84.0,0.3265147805213928,0.0001,223918
174,895860,86.77026413000002,5128,0.05,10665,84.0,0.07400767505168915,0.0001,223939
174,895944,86.76461246000001,5129,0.05,10666,84.0,0.4003230333328247,0.0001,223960
174,896028,86.76930978,5130,0.05,10667,84.0,0.3351720869541168,0.0001,223981
174,896112,86.75833855000002,5130,0.05,10668,84.0,5.092597007751465,0.0001,224002
174,896196,86.76209068,5131,0.05,10669,84.0,0.4779982268810272,0.0001,224023
174,896280,86.74117576999998,5131,0.05,10670,84.0,0.2970000207424164,0.0001,224044
174,896364,86.75564571999998,5132,0.05,10671,84.0,0.12048929929733276,0.0001,224065
174,896448,86.76861071999998,5133,0.05,10672,84.0,0.13531926274299622,0.0001,224086
174,896532,86.76881879000001,5133,0.05,10673,84.0,0.07421919703483582,0.0001,224107
174,896616,86.75141561999997,5134,0.05,10674,84.0,5.194669723510742,0.0001,224128
174,896700,86.74495260999998,5135,0.05,10675,84.0,0.40656042098999023,0.0001,224149
174,896784,86.71136338999999,5135,0.05,10676,84.0,0.43571752309799194,0.0001,224170
174,896868,86.70690682,5136,0.05,10677,84.0,5.120290756225586,0.0001,224191
174,896952,86.70715165,5137,0.05,10678,84.0,0.16031521558761597,0.0001,224212
174,897036,86.70947321,5137,0.05,10679,84.0,4.966774940490723,0.0001,224233
174,897120,86.70634646,5138,0.05,10680,84.0,0.058991916477680206,0.0001,224254
174,897204,86.70176592,5139,0.05,10681,84.0,0.38147976994514465,0.0001,224275
174,897288,86.70152449,5139,0.05,10682,84.0,5.126893043518066,0.0001,224296
174,897372,86.70430637000001,5140,0.05,10683,84.0,0.29290488362312317,0.0001,224317
174,897456,86.69419626000001,5140,0.05,10684,84.0,5.0764007568359375,0.0001,224338
174,897540,86.69476379,5141,0.05,10685,84.0,5.6285529136657715,0.0001,224359
174,897624,86.68680014000002,5142,0.05,10686,84.0,0.7702104449272156,0.0001,224380
174,897708,86.68837283,5142,0.05,10687,84.0,5.236380100250244,0.0001,224401
174,897792,86.68320405,5143,0.05,10688,84.0,0.04732026904821396,0.0001,224422
174,897876,86.67252647000001,5143,0.05,10689,84.0,0.07136090099811554,0.0001,224443
174,897960,86.68758296,5144,0.05,10690,84.0,0.2839488685131073,0.0001,224464
174,898044,86.68663874999999,5145,0.05,10691,84.0,5.0666399002075195,0.0001,224485
174,898128,86.68993937999998,5145,0.05,10692,84.0,9.894623756408691,0.0001,224506
174,898212,86.68820511999998,5146,0.05,10693,84.0,0.12549537420272827,0.0001,224527
174,898296,86.68939992,5146,0.05,10694,84.0,0.20217365026474,0.0001,224548
174,898380,86.69466227000001,5147,0.05,10695,84.0,0.1104794442653656,0.0001,224569
174,898464,86.69970525000002,5148,0.05,10696,84.0,5.016660213470459,0.0001,224590
174,898548,86.69697999000002,5148,0.05,10697,84.0,0.5304246544837952,0.0001,224611
174,898632,86.69324523000002,5149,0.05,10698,84.0,0.2983785569667816,0.0001,224632
174,898716,86.68982091000002,5150,0.05,10699,84.0,0.3436833620071411,0.0001,224653
174,898800,86.68402635000001,5150,0.05,10700,84.0,0.4486669600009918,0.0001,224674
174,898884,86.68132526999997,5151,0.05,10701,84.0,0.9572588205337524,0.0001,224695
174,898968,86.67572863,5152,0.05,10702,84.0,0.0581929013133049,0.0001,224716
174,899052,86.67232229,5152,0.05,10703,84.0,4.991032600402832,0.0001,224737
174,899136,86.66022599,5153,0.05,10704,84.0,0.27692854404449463,0.0001,224758
174,899220,86.63870743000001,5154,0.05,10705,84.0,4.783638000488281,0.0001,224779
174,899304,86.62229233999999,5154,0.05,10706,84.0,5.1044087409973145,0.0001,224800
174,899388,86.63768897,5155,0.05,10707,84.0,0.11181756108999252,0.0001,224821
174,899472,86.6354316,5155,0.05,10708,84.0,0.2747609317302704,0.0001,224842
174,899556,86.64912480000002,5156,0.05,10709,84.0,0.2736707925796509,0.0001,224863
174,899640,86.66101450000001,5157,0.05,10710,84.0,0.30365535616874695,0.0001,224884
174,899724,86.65779817,5157,0.05,10711,84.0,0.14162112772464752,0.0001,224905
174,899808,86.65263386000001,5158,0.05,10712,84.0,5.426380634307861,0.0001,224926
174,899892,86.6567943,5159,0.05,10713,84.0,0.09534862637519836,0.0001,224947
174,899976,86.66089713,5159,0.05,10714,84.0,0.24472802877426147,0.0001,224968
