time/episodes,time/time_elapsed,rollout/exploration_rate,rollout/ep_rew_mean,time/fps,time/total_timesteps,rollout/ep_len_mean,train/loss,train/learning_rate,train/n_updates
1,0,0.9991133333333339,17.124965,223,84,84.0,,,
2,0,0.9982266666666666,20.5424825,197,168,84.0,91.47444152832031,0.0001,16
3,1,0.9973400000000006,19.750546,207,252,84.0,67.29644775390625,0.0001,37
4,1,0.9964533333333333,19.72346575,212,336,84.0,47.442142486572266,0.0001,58
5,1,0.9955666666666672,20.488691799999998,220,420,84.0,38.69121551513672,0.0001,79
6,2,0.99468,19.857887333333334,225,504,84.0,38.19408416748047,0.0001,100
7,2,0.9937933333333339,20.02094442857143,230,588,84.0,27.92230796813965,0.0001,121
8,2,0.9929066666666666,20.651501,234,672,84.0,27.600257873535156,0.0001,142
9,3,0.9920200000000005,20.208473444444444,235,756,84.0,14.074769973754883,0.0001,163
10,3,0.9911333333333332,20.0634851,236,840,84.0,9.704437255859375,0.0001,184
11,3,0.9902466666666672,20.308449454545453,237,924,84.0,5.735919952392578,0.0001,205
12,4,0.9893599999999999,20.5032425,237,1008,84.0,4.792596817016602,0.0001,226
13,4,0.9884733333333338,20.231039153846154,238,1092,84.0,4.427299499511719,0.0001,247
14,4,0.9875866666666666,19.977711357142855,239,1176,84.0,5.692507266998291,0.0001,268
15,5,0.9867000000000004,19.973183666666667,241,1260,84.0,9.860368728637695,0.0001,289
16,5,0.9858133333333332,19.9101421875,240,1344,84.0,5.106342315673828,0.0001,310
17,5,0.9849266666666671,20.044425705882354,240,1428,84.0,4.992313385009766,0.0001,331
18,6,0.9840399999999998,20.21686511111111,239,1512,84.0,5.068680763244629,0.0001,352
19,6,0.9831533333333338,20.276338894736842,239,1596,84.0,6.102246284484863,0.0001,373
20,6,0.9822666666666665,20.016375349999997,240,1680,84.0,3.758220672607422,0.0001,394
21,7,0.9813800000000004,20.009360523809523,240,1764,84.0,5.6734724044799805,0.0001,415
22,7,0.9804933333333332,20.113140409090907,241,1848,84.0,5.739081382751465,0.0001,436
23,8,0.9796066666666671,20.01896313043478,240,1932,84.0,2.3288919925689697,0.0001,457
24,8,0.9787199999999998,20.076688791666665,240,2016,84.0,4.861299514770508,0.0001,478
25,8,0.9778333333333337,19.95493124,240,2100,84.0,5.375006198883057,0.0001,499
26,9,0.9769466666666664,19.94386203846154,240,2184,84.0,2.527329444885254,0.0001,520
27,9,0.9760600000000004,19.922136407407407,239,2268,84.0,2.0442452430725098,0.0001,541
28,9,0.9751733333333331,19.77381610714286,240,2352,84.0,2.079486608505249,0.0001,562
29,10,0.974286666666667,19.85023179310345,240,2436,84.0,8.186873435974121,0.0001,583
30,10,0.9733999999999998,19.909052066666668,240,2520,84.0,1.898270606994629,0.0001,604
31,10,0.9725133333333337,19.73986183870968,240,2604,84.0,2.017460584640503,0.0001,625
32,11,0.9716266666666664,19.7467678125,239,2688,84.0,2.173386335372925,0.0001,646
33,11,0.9707400000000003,19.816478333333336,239,2772,84.0,2.5404345989227295,0.0001,667
34,11,0.969853333333333,19.715205823529413,239,2856,84.0,1.9918745756149292,0.0001,688
35,12,0.968966666666667,19.68738522857143,239,2940,84.0,0.9494113326072693,0.0001,709
36,12,0.9680799999999997,19.61248225,238,3024,84.0,4.254836559295654,0.0001,730
37,13,0.9671933333333336,19.648686837837836,238,3108,84.0,1.9331789016723633,0.0001,751
38,13,0.9663066666666664,19.66883936842105,238,3192,84.0,4.543756008148193,0.0001,772
39,13,0.9654200000000003,19.612708205128204,238,3276,84.0,4.556821346282959,0.0001,793
40,14,0.964533333333333,19.523545425,238,3360,84.0,5.1349592208862305,0.0001,814
41,14,0.9636466666666669,19.56488995121951,238,3444,84.0,1.2848944664001465,0.0001,835
42,14,0.9627599999999996,19.557695309523805,238,3528,84.0,1.667529821395874,0.0001,856
43,15,0.9618733333333336,19.355732976744182,237,3612,84.0,1.1837952136993408,0.0001,877
44,15,0.9609866666666663,19.286838704545453,237,3696,84.0,1.4781134128570557,0.0001,898
45,15,0.9601000000000002,19.244635399999996,237,3780,84.0,4.383330345153809,0.0001,919
46,16,0.959213333333333,19.051417999999998,237,3864,84.0,1.073023796081543,0.0001,940
47,16,0.9583266666666669,19.157618234042552,236,3948,84.0,1.306323528289795,0.0001,961
48,17,0.9574399999999996,19.0511331875,236,4032,84.0,1.0976237058639526,0.0001,982
49,17,0.9565533333333335,19.120103571428572,235,4116,84.0,0.964873194694519,0.0001,1003
50,17,0.9556666666666662,19.0819216,234,4200,84.0,1.4200775623321533,0.0001,1024
51,18,0.9547800000000002,19.053562764705884,232,4284,84.0,1.087625503540039,0.0001,1045
52,18,0.9538933333333329,18.97187355769231,232,4368,84.0,1.007737398147583,0.0001,1066
53,19,0.9530066666666668,19.015945867924533,232,4452,84.0,3.4970784187316895,0.0001,1087
54,19,0.9521199999999996,19.01120527777778,232,4536,84.0,1.3560466766357422,0.0001,1108
55,19,0.9512333333333335,18.93352923636364,232,4620,84.0,1.4989155530929565,0.0001,1129
56,20,0.9503466666666662,18.90715883928571,231,4704,84.0,4.488672256469727,0.0001,1150
57,20,0.9494600000000001,18.895590315789473,231,4788,84.0,0.8892073631286621,0.0001,1171
58,21,0.9485733333333328,18.91023472413793,231,4872,84.0,1.2488975524902344,0.0001,1192
59,21,0.9476866666666668,18.971539576271187,232,4956,84.0,1.04580819606781,0.0001,1213
60,21,0.9467999999999995,19.082346683333334,232,5040,84.0,0.9623978734016418,0.0001,1234
61,22,0.9459133333333334,19.12132157377049,231,5124,84.0,0.8935507535934448,0.0001,1255
62,22,0.9450266666666662,19.074344935483868,231,5208,84.0,3.861018657684326,0.0001,1276
63,22,0.9441400000000001,19.068650587301587,231,5292,84.0,1.0055630207061768,0.0001,1297
64,23,0.9432533333333328,19.065096765625,231,5376,84.0,0.7104177474975586,0.0001,1318
65,23,0.9423666666666667,19.04520606153846,231,5460,84.0,6.745666027069092,0.0001,1339
66,23,0.9414799999999994,19.092483409090907,231,5544,84.0,1.0980298519134521,0.0001,1360
67,24,0.9405933333333334,19.0977187761194,231,5628,84.0,0.6829574704170227,0.0001,1381
68,24,0.9397066666666672,19.09766525,231,5712,84.0,1.0530905723571777,0.0001,1402
69,25,0.93882,19.105266550724636,230,5796,84.0,0.8527106046676636,0.0001,1423
70,25,0.9379333333333338,19.110519457142857,228,5880,84.0,3.891622304916382,0.0001,1444
71,26,0.9370466666666666,19.007857056338025,228,5964,84.0,0.778549313545227,0.0001,1465
72,26,0.9361600000000005,18.967012597222222,228,6048,84.0,0.8377913236618042,0.0001,1486
73,26,0.9352733333333333,18.88306190410959,228,6132,84.0,1.1871235370635986,0.0001,1507
74,27,0.9343866666666671,18.913248445945946,227,6216,84.0,3.604058265686035,0.0001,1528
75,27,0.9335,18.90945284,226,6300,84.0,3.245431423187256,0.0001,1549
76,28,0.9326133333333338,18.86964677631579,224,6384,84.0,3.610445261001587,0.0001,1570
77,28,0.9317266666666666,18.80435950649351,223,6468,84.0,3.5576634407043457,0.0001,1591
78,29,0.9308400000000004,18.70095093589744,222,6552,84.0,0.7633848190307617,0.0001,1612
79,29,0.9299533333333332,18.74133601265823,221,6636,84.0,0.6325043439865112,0.0001,1633
80,30,0.9290666666666672,18.740348899999997,221,6720,84.0,0.8809975385665894,0.0001,1654
81,30,0.9281799999999999,18.742690765432098,221,6804,84.0,3.5865120887756348,0.0001,1675
82,31,0.9272933333333337,18.75417114634146,220,6888,84.0,3.5890040397644043,0.0001,1696
83,31,0.9264066666666666,18.806207987951804,220,6972,84.0,3.326761484146118,0.0001,1717
84,32,0.9255200000000005,18.84440458333333,219,7056,84.0,0.3559422492980957,0.0001,1738
85,32,0.9246333333333332,18.865664635294117,220,7140,84.0,0.5257898569107056,0.0001,1759
86,32,0.923746666666667,18.85896545348837,220,7224,84.0,0.9913100004196167,0.0001,1780
87,33,0.9228599999999998,18.877328666666664,220,7308,84.0,0.6484966278076172,0.0001,1801
88,33,0.9219733333333338,18.852217784090907,220,7392,84.0,0.8341463208198547,0.0001,1822
89,33,0.9210866666666665,18.879692089887637,221,7476,84.0,0.5467421412467957,0.0001,1843
90,34,0.9202000000000004,18.910188788888888,221,7560,84.0,0.6321126222610474,0.0001,1864
91,34,0.9193133333333332,18.817815736263736,221,7644,84.0,0.4916403889656067,0.0001,1885
92,34,0.9184266666666671,18.83269606521739,221,7728,84.0,0.5426698923110962,0.0001,1906
93,35,0.9175399999999998,18.905335193548385,222,7812,84.0,0.5575847625732422,0.0001,1927
94,35,0.9166533333333337,18.944962914893615,222,7896,84.0,0.4895675480365753,0.0001,1948
95,35,0.9157666666666665,18.990277031578945,221,7980,84.0,3.4683268070220947,0.0001,1969
96,36,0.9148800000000004,19.030269375,221,8064,84.0,3.517552375793457,0.0001,1990
97,36,0.9139933333333331,19.035506010309277,221,8148,84.0,0.4653669595718384,0.0001,2011
98,37,0.913106666666667,19.0231107755102,220,8232,84.0,0.5034978985786438,0.0001,2032
99,37,0.9122199999999998,19.038209878787878,220,8316,84.0,0.7948521375656128,0.0001,2053
100,38,0.9113333333333337,19.027044749999998,220,8400,84.0,3.4027795791625977,0.0001,2074
101,38,0.9104466666666664,19.03378196,220,8484,84.0,0.6313349008560181,0.0001,2095
102,38,0.9095600000000003,19.001700529999997,219,8568,84.0,3.197316884994507,0.0001,2116
103,39,0.9086733333333331,19.01303128,219,8652,84.0,3.329819679260254,0.0001,2137
104,39,0.907786666666667,18.957812839999995,219,8736,84.0,0.5158276557922363,0.0001,2158
105,40,0.9068999999999997,18.88871166,219,8820,84.0,3.3868696689605713,0.0001,2179
106,40,0.9060133333333336,18.895073989999997,219,8904,84.0,3.2278671264648438,0.0001,2200
107,40,0.9051266666666664,18.89252506,219,8988,84.0,0.4722747206687927,0.0001,2221
108,41,0.9042400000000003,18.840532619999998,219,9072,84.0,0.6349807381629944,0.0001,2242
109,41,0.903353333333333,18.84837452,219,9156,84.0,0.49945688247680664,0.0001,2263
110,42,0.9024666666666669,18.873122879999997,219,9240,84.0,0.4149061441421509,0.0001,2284
111,42,0.9015799999999997,18.84969808,219,9324,84.0,0.33208024501800537,0.0001,2305
112,42,0.9006933333333336,18.814322249999996,218,9408,84.0,0.5336819887161255,0.0001,2326
113,43,0.8998066666666663,18.809507609999997,218,9492,84.0,0.39968693256378174,0.0001,2347
114,43,0.8989200000000002,18.869371939999997,218,9576,84.0,0.6846530437469482,0.0001,2368
115,44,0.898033333333333,18.84565254,217,9660,84.0,0.40523040294647217,0.0001,2389
116,44,0.8971466666666669,18.806022329999998,217,9744,84.0,0.29166123270988464,0.0001,2410
117,45,0.8962599999999996,18.72243484,217,9828,84.0,6.117466449737549,0.0001,2431
118,45,0.8953733333333335,18.64582771,217,9912,84.0,0.3868485689163208,0.0001,2452
119,46,0.8944866666666663,18.60166594,217,9996,84.0,0.28958195447921753,0.0001,2473
120,46,0.8936000000000002,18.647721750000002,216,10080,84.0,0.3675645589828491,0.0001,2494
121,46,0.8927133333333329,18.64826059,216,10164,84.0,0.3211008906364441,0.0001,2515
122,47,0.8918266666666668,18.6093263,216,10248,84.0,6.04229736328125,0.0001,2536
123,47,0.8909399999999996,18.625376409999998,217,10332,84.0,5.993102550506592,0.0001,2557
124,47,0.8900533333333335,18.58943754,217,10416,84.0,0.25611722469329834,0.0001,2578
125,48,0.8891666666666662,18.621279790000003,216,10500,84.0,3.2416672706604004,0.0001,2599
126,48,0.8882800000000001,18.62988977,216,10584,84.0,0.2765198051929474,0.0001,2620
127,49,0.8873933333333329,18.65210628,216,10668,84.0,0.203822523355484,0.0001,2641
128,49,0.8865066666666668,18.69517705,216,10752,84.0,0.30473339557647705,0.0001,2662
129,50,0.8856199999999995,18.67176436,215,10836,84.0,0.28257501125335693,0.0001,2683
130,50,0.8847333333333334,18.65247171,215,10920,84.0,0.2935708463191986,0.0001,2704
131,51,0.8838466666666662,18.68995328,215,11004,84.0,0.24987594783306122,0.0001,2725
132,51,0.8829600000000001,18.64575911,215,11088,84.0,0.283746600151062,0.0001,2746
133,51,0.8820733333333328,18.64997989,215,11172,84.0,0.2962496280670166,0.0001,2767
134,52,0.8811866666666667,18.69699231,214,11256,84.0,0.4211328327655792,0.0001,2788
135,52,0.8803000000000005,18.69631161,214,11340,84.0,3.2131972312927246,0.0001,2809
136,53,0.8794133333333334,18.671173650000004,214,11424,84.0,0.19787505269050598,0.0001,2830
137,53,0.8785266666666672,18.63917904,213,11508,84.0,3.212778091430664,0.0001,2851
138,54,0.87764,18.63800696,213,11592,84.0,0.2761976718902588,0.0001,2872
139,54,0.8767533333333338,18.66714534,213,11676,84.0,0.37070316076278687,0.0001,2893
140,55,0.8758666666666667,18.70018305,213,11760,84.0,3.1563596725463867,0.0001,2914
141,55,0.8749800000000005,18.691445650000002,212,11844,84.0,0.27318912744522095,0.0001,2935
142,56,0.8740933333333333,18.636894849999997,212,11928,84.0,3.0973474979400635,0.0001,2956
143,56,0.8732066666666671,18.71952204,212,12012,84.0,0.25964394211769104,0.0001,2977
144,57,0.87232,18.75425186,211,12096,84.0,0.3001617193222046,0.0001,2998
145,57,0.8714333333333338,18.79508579,211,12180,84.0,0.197470024228096,0.0001,3019
146,58,0.8705466666666666,18.85023389,211,12264,84.0,0.26637208461761475,0.0001,3040
147,58,0.8696600000000004,18.798260459999998,211,12348,84.0,0.36724191904067993,0.0001,3061
148,58,0.8687733333333332,18.864158109999998,211,12432,84.0,0.18636727333068848,0.0001,3082
149,59,0.8678866666666671,18.82234833,210,12516,84.0,3.0539803504943848,0.0001,3103
150,59,0.8669999999999999,18.8845373,210,12600,84.0,0.23291230201721191,0.0001,3124
151,60,0.8661133333333337,18.911825690000004,210,12684,84.0,0.28396156430244446,0.0001,3145
152,60,0.8652266666666666,18.962074290000004,210,12768,84.0,0.2485937774181366,0.0001,3166
153,61,0.8643400000000004,18.97223069,210,12852,84.0,0.21760718524456024,0.0001,3187
154,61,0.8634533333333332,18.93348668,210,12936,84.0,3.1318933963775635,0.0001,3208
155,61,0.862566666666667,18.97344844,210,13020,84.0,6.123699188232422,0.0001,3229
156,62,0.8616799999999998,18.91447621,210,13104,84.0,0.22387279570102692,0.0001,3250
157,62,0.8607933333333337,18.86671869,210,13188,84.0,0.13158929347991943,0.0001,3271
158,63,0.8599066666666665,18.83872861,210,13272,84.0,0.30565834045410156,0.0001,3292
159,63,0.8590200000000003,18.79627425,210,13356,84.0,0.23516106605529785,0.0001,3313
160,63,0.8581333333333332,18.75671655,210,13440,84.0,0.2308008372783661,0.0001,3334
161,64,0.857246666666667,18.72752769,209,13524,84.0,0.3483932614326477,0.0001,3355
162,64,0.8563599999999998,18.79400191,209,13608,84.0,3.136955738067627,0.0001,3376
163,65,0.8554733333333336,18.77162262,209,13692,84.0,0.21785332262516022,0.0001,3397
164,65,0.8545866666666664,18.75045508,209,13776,84.0,0.26267892122268677,0.0001,3418
165,65,0.8537000000000003,18.728001239999998,210,13860,84.0,0.28821003437042236,0.0001,3439
166,66,0.8528133333333331,18.70589956,210,13944,84.0,0.2227945178747177,0.0001,3460
167,66,0.8519266666666669,18.69849018,210,14028,84.0,0.1784987449645996,0.0001,3481
168,67,0.8510399999999998,18.67463765,210,14112,84.0,0.23425957560539246,0.0001,3502
169,67,0.8501533333333336,18.586834980000003,210,14196,84.0,3.1038107872009277,0.0001,3523
170,67,0.8492666666666664,18.582117819999997,210,14280,84.0,0.3103107213973999,0.0001,3544
171,68,0.8483800000000002,18.642429749999998,210,14364,84.0,0.359041690826416,0.0001,3565
172,68,0.847493333333333,18.699362249999997,210,14448,84.0,0.25694194436073303,0.0001,3586
173,69,0.846606666666667,18.714543839999997,210,14532,84.0,0.3094918131828308,0.0001,3607
174,69,0.8457199999999997,18.686037919999997,210,14616,84.0,3.165419578552246,0.0001,3628
175,69,0.8448333333333335,18.67501108,210,14700,84.0,0.2181064337491989,0.0001,3649
176,70,0.8439466666666664,18.69780582,210,14784,84.0,0.3574516177177429,0.0001,3670
177,70,0.8430600000000003,18.68934458,210,14868,84.0,0.20839199423789978,0.0001,3691
178,71,0.842173333333333,18.783634880000005,210,14952,84.0,0.27954190969467163,0.0001,3712
179,71,0.8412866666666668,18.701272050000004,210,15036,84.0,0.21570086479187012,0.0001,3733
180,71,0.8403999999999997,18.719253570000003,210,15120,84.0,0.17606988549232483,0.0001,3754
181,72,0.8395133333333336,18.71343495,210,15204,84.0,0.22934678196907043,0.0001,3775
182,72,0.8386266666666663,18.657022920000003,210,15288,84.0,0.31888946890830994,0.0001,3796
183,73,0.8377400000000002,18.60040253,210,15372,84.0,0.2857305705547333,0.0001,3817
184,73,0.836853333333333,18.565501460000004,210,15456,84.0,0.2672160863876343,0.0001,3838
185,73,0.8359666666666669,18.569011650000004,210,15540,84.0,0.13728389143943787,0.0001,3859
186,74,0.8350799999999996,18.57519606,210,15624,84.0,0.14581558108329773,0.0001,3880
187,74,0.8341933333333335,18.530936240000003,210,15708,84.0,0.24811811745166779,0.0001,3901
188,75,0.8333066666666663,18.603313779999997,210,15792,84.0,0.37211328744888306,0.0001,3922
189,75,0.8324200000000002,18.582304219999997,210,15876,84.0,0.21778759360313416,0.0001,3943
190,75,0.8315333333333329,18.55901265,210,15960,84.0,0.24491432309150696,0.0001,3964
191,76,0.8306466666666668,18.62346063,210,16044,84.0,0.28537091612815857,0.0001,3985
192,76,0.8297599999999996,18.600434860000004,210,16128,84.0,0.20169301331043243,0.0001,4006
193,77,0.8288733333333335,18.55407477,210,16212,84.0,5.904012680053711,0.0001,4027
194,77,0.8279866666666662,18.501322050000002,210,16296,84.0,0.3485617935657501,0.0001,4048
195,77,0.8271000000000001,18.42749458,210,16380,84.0,3.244249105453491,0.0001,4069
196,78,0.8262133333333329,18.378471849999997,210,16464,84.0,3.12165904045105,0.0001,4090
197,78,0.8253266666666668,18.36581503,210,16548,84.0,0.294545978307724,0.0001,4111
198,78,0.8244399999999995,18.36220085,210,16632,84.0,3.2737483978271484,0.0001,4132
199,79,0.8235533333333334,18.32576688,210,16716,84.0,0.1843295395374298,0.0001,4153
200,79,0.8226666666666662,18.33977417,210,16800,84.0,0.2127668559551239,0.0001,4174
201,80,0.8217800000000001,18.40492555,210,16884,84.0,0.2140888273715973,0.0001,4195
202,80,0.8208933333333328,18.432216439999998,210,16968,84.0,0.20182177424430847,0.0001,4216
203,80,0.8200066666666667,18.371802640000002,210,17052,84.0,0.3163027763366699,0.0001,4237
204,81,0.8191200000000005,18.411880810000003,210,17136,84.0,0.2193802297115326,0.0001,4258
205,81,0.8182333333333334,18.472488209999998,210,17220,84.0,0.17007827758789062,0.0001,4279
206,82,0.8173466666666672,18.51650111,210,17304,84.0,3.135647773742676,0.0001,4300
207,82,0.81646,18.473139149999998,210,17388,84.0,0.26930445432662964,0.0001,4321
208,83,0.8155733333333338,18.494202740000002,210,17472,84.0,3.029120683670044,0.0001,4342
209,83,0.8146866666666667,18.414578900000002,209,17556,84.0,0.1552136242389679,0.0001,4363
210,84,0.8138000000000005,18.370078880000005,209,17640,84.0,0.22891445457935333,0.0001,4384
211,84,0.8129133333333333,18.30587597,210,17724,84.0,0.20396788418293,0.0001,4405
212,84,0.8120266666666671,18.282375190000003,210,17808,84.0,3.1489298343658447,0.0001,4426
213,85,0.81114,18.33539322,210,17892,84.0,3.2044360637664795,0.0001,4447
214,85,0.8102533333333338,18.3559267,209,17976,84.0,0.2379719614982605,0.0001,4468
215,86,0.8093666666666666,18.31185377,209,18060,84.0,0.2545676529407501,0.0001,4489
216,86,0.8084800000000004,18.3787802,209,18144,84.0,0.21527868509292603,0.0001,4510
217,87,0.8075933333333333,18.44087745,209,18228,84.0,3.1824686527252197,0.0001,4531
218,87,0.8067066666666671,18.4656891,209,18312,84.0,0.1621667444705963,0.0001,4552
219,87,0.8058199999999999,18.47650091,209,18396,84.0,0.1669713705778122,0.0001,4573
220,88,0.8049333333333337,18.47607198,208,18480,84.0,3.2134289741516113,0.0001,4594
221,88,0.8040466666666666,18.48735333,208,18564,84.0,6.056107521057129,0.0001,4615
222,89,0.8031600000000004,18.52703626,208,18648,84.0,3.0291740894317627,0.0001,4636
223,89,0.8022733333333332,18.52732916,208,18732,84.0,0.16867053508758545,0.0001,4657
224,90,0.801386666666667,18.52990748,208,18816,84.0,0.14592579007148743,0.0001,4678
225,90,0.8004999999999999,18.52904593,208,18900,84.0,0.2069205641746521,0.0001,4699
226,91,0.7996133333333337,18.53905733,208,18984,84.0,0.23317348957061768,0.0001,4720
227,91,0.7987266666666665,18.49359803,208,19068,84.0,3.117234230041504,0.0001,4741
228,91,0.7978400000000003,18.42055938,208,19152,84.0,3.1635029315948486,0.0001,4762
229,92,0.7969533333333332,18.449671900000002,208,19236,84.0,0.23539160192012787,0.0001,4783
230,92,0.796066666666667,18.46169639,208,19320,84.0,0.22839558124542236,0.0001,4804
231,93,0.7951799999999998,18.48901521,207,19404,84.0,3.154033660888672,0.0001,4825
232,94,0.7942933333333336,18.564675400000002,207,19488,84.0,0.3053077161312103,0.0001,4846
233,94,0.7934066666666665,18.51942493,207,19572,84.0,0.3155515193939209,0.0001,4867
234,94,0.7925200000000003,18.419715269999998,207,19656,84.0,0.2515650987625122,0.0001,4888
235,95,0.7916333333333331,18.45983554,206,19740,84.0,0.19538196921348572,0.0001,4909
236,95,0.7907466666666669,18.53798957,206,19824,84.0,0.23986323177814484,0.0001,4930
237,96,0.7898599999999998,18.55344393,206,19908,84.0,0.3313678801059723,0.0001,4951
238,96,0.7889733333333336,18.46772046,206,19992,84.0,3.110049247741699,0.0001,4972
239,97,0.7880866666666664,18.449557610000003,206,20076,84.0,0.24688756465911865,0.0001,4993
240,97,0.7872000000000002,18.463541510000002,205,20160,84.0,5.976198673248291,0.0001,5014
241,98,0.7863133333333331,18.443383980000004,205,20244,84.0,5.927197456359863,0.0001,5035
242,98,0.7854266666666669,18.49968553,205,20328,84.0,0.22175481915473938,0.0001,5056
243,99,0.7845399999999997,18.494220289999998,205,20412,84.0,0.29696738719940186,0.0001,5077
244,100,0.7836533333333335,18.47800728,204,20496,84.0,8.966100692749023,0.0001,5098
245,100,0.7827666666666664,18.453534870000002,204,20580,84.0,0.20520758628845215,0.0001,5119
246,101,0.7818800000000002,18.482605869999997,204,20664,84.0,0.09774023294448853,0.0001,5140
247,101,0.780993333333333,18.471208139999998,204,20748,84.0,0.24886247515678406,0.0001,5161
248,102,0.7801066666666668,18.44835702,204,20832,84.0,0.1144740879535675,0.0001,5182
249,102,0.7792199999999997,18.47929602,203,20916,84.0,0.23544719815254211,0.0001,5203
250,103,0.7783333333333335,18.47898655,203,21000,84.0,0.21393060684204102,0.0001,5224
251,103,0.7774466666666663,18.44868991,203,21084,84.0,0.24785226583480835,0.0001,5245
252,104,0.7765600000000001,18.39456787,203,21168,84.0,0.13181406259536743,0.0001,5266
253,104,0.775673333333333,18.32515376,203,21252,84.0,0.2173076868057251,0.0001,5287
254,105,0.7747866666666668,18.377673660000006,203,21336,84.0,0.2459617406129837,0.0001,5308
255,105,0.7738999999999996,18.289817760000002,202,21420,84.0,0.2375563085079193,0.0001,5329
256,106,0.7730133333333334,18.38978837,202,21504,84.0,3.1622180938720703,0.0001,5350
257,106,0.7721266666666663,18.45454476,202,21588,84.0,0.20711705088615417,0.0001,5371
258,106,0.7712400000000001,18.450125730000003,202,21672,84.0,0.17632222175598145,0.0001,5392
259,107,0.7703533333333329,18.46873424,202,21756,84.0,3.244568109512329,0.0001,5413
260,107,0.7694666666666667,18.399104780000002,202,21840,84.0,3.086310386657715,0.0001,5434
261,108,0.7685799999999996,18.41428657,202,21924,84.0,0.22885513305664062,0.0001,5455
262,108,0.7676933333333334,18.3329361,202,22008,84.0,3.0893988609313965,0.0001,5476
263,109,0.7668066666666662,18.31467482,202,22092,84.0,0.1685415804386139,0.0001,5497
264,109,0.76592,18.3171464,202,22176,84.0,3.079739570617676,0.0001,5518
265,109,0.7650333333333329,18.375329320000002,202,22260,84.0,0.22658681869506836,0.0001,5539
266,110,0.7641466666666668,18.36153328,202,22344,84.0,0.19667522609233856,0.0001,5560
267,110,0.7632599999999995,18.298962930000002,202,22428,84.0,0.22819456458091736,0.0001,5581
268,111,0.7623733333333333,18.27089238,202,22512,84.0,3.0751731395721436,0.0001,5602
269,111,0.7614866666666672,18.338290439999998,202,22596,84.0,6.162164211273193,0.0001,5623
270,112,0.7606,18.36022903,202,22680,84.0,3.115330219268799,0.0001,5644
271,112,0.7597133333333328,18.37905416,202,22764,84.0,0.1965571641921997,0.0001,5665
272,113,0.7588266666666666,18.33713984,201,22848,84.0,0.19512341916561127,0.0001,5686
273,113,0.7579400000000005,18.412327880000003,201,22932,84.0,0.21869120001792908,0.0001,5707
274,114,0.7570533333333334,18.406457800000002,201,23016,84.0,3.008542060852051,0.0001,5728
275,114,0.7561666666666671,18.404255170000003,201,23100,84.0,0.22079484164714813,0.0001,5749
276,115,0.75528,18.387113950000003,200,23184,84.0,0.1868744194507599,0.0001,5770
277,115,0.7543933333333338,18.441366490000004,200,23268,84.0,3.1956348419189453,0.0001,5791
278,116,0.7535066666666667,18.4255847,200,23352,84.0,0.12718573212623596,0.0001,5812
279,116,0.7526200000000005,18.480017470000003,200,23436,84.0,3.1246018409729004,0.0001,5833
280,117,0.7517333333333333,18.49744934,200,23520,84.0,3.233046293258667,0.0001,5854
281,117,0.7508466666666671,18.47280513,200,23604,84.0,0.1550154685974121,0.0001,5875
282,117,0.74996,18.51919022,200,23688,84.0,3.183560371398926,0.0001,5896
283,118,0.7490733333333337,18.53484389,200,23772,84.0,0.12272019684314728,0.0001,5917
284,118,0.7481866666666666,18.536389,201,23856,84.0,0.07139633595943451,0.0001,5938
285,119,0.7473000000000004,18.54708754,201,23940,84.0,0.1393503099679947,0.0001,5959
286,119,0.7464133333333332,18.50683951,201,24024,84.0,0.2260248363018036,0.0001,5980
287,119,0.7455266666666671,18.49455782,201,24108,84.0,0.08956542611122131,0.0001,6001
288,120,0.7446399999999999,18.44588161,201,24192,84.0,0.2777806520462036,0.0001,6022
289,120,0.7437533333333337,18.39887463,201,24276,84.0,0.19156572222709656,0.0001,6043
290,121,0.7428666666666666,18.384185300000002,201,24360,84.0,3.033038377761841,0.0001,6064
291,121,0.7419800000000003,18.31904352,201,24444,84.0,0.18583056330680847,0.0001,6085
292,121,0.7410933333333332,18.276182060000004,201,24528,84.0,0.18372435867786407,0.0001,6106
293,122,0.740206666666667,18.25982557,201,24612,84.0,0.16984999179840088,0.0001,6127
294,122,0.7393199999999998,18.255073030000002,201,24696,84.0,0.2353680580854416,0.0001,6148
295,123,0.7384333333333337,18.28122931,201,24780,84.0,6.070931434631348,0.0001,6169
296,123,0.7375466666666665,18.27139579,201,24864,84.0,3.0236306190490723,0.0001,6190
297,123,0.7366600000000003,18.25242138,201,24948,84.0,0.1739691197872162,0.0001,6211
298,124,0.7357733333333332,18.211852320000002,201,25032,84.0,0.19504818320274353,0.0001,6232
299,124,0.7348866666666669,18.25197885,201,25116,84.0,0.14125272631645203,0.0001,6253
300,125,0.7339999999999998,18.2299822,201,25200,84.0,0.1600867509841919,0.0001,6274
301,125,0.7331133333333336,18.183414409999997,201,25284,84.0,0.1959451138973236,0.0001,6295
302,125,0.7322266666666664,18.13299872,201,25368,84.0,3.069413185119629,0.0001,6316
303,126,0.7313400000000003,18.18397685,201,25452,84.0,3.0437378883361816,0.0001,6337
304,126,0.7304533333333331,18.19560694,201,25536,84.0,0.19579219818115234,0.0001,6358
305,127,0.7295666666666669,18.15986723,201,25620,84.0,0.28313809633255005,0.0001,6379
306,127,0.7286799999999998,18.04957809,201,25704,84.0,0.17191079258918762,0.0001,6400
307,127,0.7277933333333335,18.11784779,201,25788,84.0,0.24693579971790314,0.0001,6421
308,128,0.7269066666666664,18.059608179999998,201,25872,84.0,0.20374733209609985,0.0001,6442
309,128,0.7260200000000002,18.18838739,201,25956,84.0,0.10983046144247055,0.0001,6463
310,128,0.725133333333333,18.22112981,201,26040,84.0,3.0750300884246826,0.0001,6484
311,129,0.7242466666666669,18.27172541,201,26124,84.0,3.1768345832824707,0.0001,6505
312,129,0.7233599999999997,18.28282461,201,26208,84.0,0.2100786715745926,0.0001,6526
313,130,0.7224733333333335,18.244503939999998,202,26292,84.0,0.16613784432411194,0.0001,6547
314,130,0.7215866666666664,18.169463279999995,202,26376,84.0,0.14852389693260193,0.0001,6568
315,130,0.7207000000000001,18.2556907,202,26460,84.0,3.126351833343506,0.0001,6589
316,131,0.719813333333333,18.18666166,202,26544,84.0,0.0865994319319725,0.0001,6610
317,131,0.7189266666666668,18.160672469999998,202,26628,84.0,3.162109613418579,0.0001,6631
318,132,0.7180399999999996,18.16163911,202,26712,84.0,3.1231703758239746,0.0001,6652
319,132,0.7171533333333335,18.10569727,202,26796,84.0,0.23287540674209595,0.0001,6673
320,132,0.7162666666666663,18.004777790000002,202,26880,84.0,0.15041802823543549,0.0001,6694
321,133,0.7153800000000001,17.927672010000002,202,26964,84.0,0.186784565448761,0.0001,6715
322,133,0.714493333333333,17.838878740000002,202,27048,84.0,0.12090297043323517,0.0001,6736
323,134,0.7136066666666667,17.7588462,202,27132,84.0,3.0196588039398193,0.0001,6757
324,134,0.7127199999999996,17.75472706,202,27216,84.0,0.17716926336288452,0.0001,6778
325,134,0.7118333333333334,17.74002484,202,27300,84.0,0.14096511900424957,0.0001,6799
326,135,0.7109466666666662,17.7101911,202,27384,84.0,0.14032331109046936,0.0001,6820
327,135,0.7100600000000001,17.76294485,202,27468,84.0,3.1332545280456543,0.0001,6841
328,136,0.7091733333333329,17.82230591,202,27552,84.0,3.104675054550171,0.0001,6862
329,136,0.7082866666666667,17.76637813,202,27636,84.0,0.19095230102539062,0.0001,6883
330,137,0.7073999999999996,17.749902669999997,202,27720,84.0,0.26501721143722534,0.0001,6904
331,137,0.7065133333333333,17.72952917,202,27804,84.0,3.0407092571258545,0.0001,6925
332,137,0.7056266666666662,17.627440109999995,202,27888,84.0,3.0737850666046143,0.0001,6946
333,138,0.70474,17.67688477,202,27972,84.0,3.010650634765625,0.0001,6967
334,138,0.7038533333333328,17.724659109999994,202,28056,84.0,0.24761411547660828,0.0001,6988
335,139,0.7029666666666667,17.635965439999996,201,28140,84.0,5.963930606842041,0.0001,7009
336,139,0.7020799999999995,17.591989599999994,202,28224,84.0,0.2538582682609558,0.0001,7030
337,140,0.7011933333333333,17.529402739999995,202,28308,84.0,0.1595739722251892,0.0001,7051
338,140,0.7003066666666673,17.606401499999997,202,28392,84.0,0.12482497096061707,0.0001,7072
339,140,0.6994199999999999,17.6009714,202,28476,84.0,0.1471109837293625,0.0001,7093
340,141,0.6985333333333328,17.618752369999996,202,28560,84.0,0.07150296866893768,0.0001,7114
341,141,0.6976466666666666,17.60468917,202,28644,84.0,0.16148383915424347,0.0001,7135
342,142,0.6967600000000005,17.610029379999997,202,28728,84.0,0.19928868114948273,0.0001,7156
343,142,0.6958733333333333,17.656797809999997,202,28812,84.0,0.14269378781318665,0.0001,7177
344,142,0.6949866666666672,17.658066109999996,202,28896,84.0,6.0297441482543945,0.0001,7198
345,143,0.6940999999999999,17.65122335,202,28980,84.0,0.18254294991493225,0.0001,7219
346,143,0.6932133333333339,17.65428577,202,29064,84.0,0.21384800970554352,0.0001,7240
347,144,0.6923266666666665,17.58112666,202,29148,84.0,5.937193870544434,0.0001,7261
348,144,0.6914400000000005,17.59856673,202,29232,84.0,0.1467374861240387,0.0001,7282
349,144,0.6905533333333332,17.5616138,202,29316,84.0,0.16977016627788544,0.0001,7303
350,145,0.6896666666666671,17.4343963,202,29400,84.0,3.0634090900421143,0.0001,7324
351,145,0.68878,17.447715470000002,202,29484,84.0,3.0443360805511475,0.0001,7345
352,146,0.6878933333333338,17.46786857,202,29568,84.0,3.165109395980835,0.0001,7366
353,146,0.6870066666666665,17.51750042,202,29652,84.0,3.192336082458496,0.0001,7387
354,146,0.6861200000000005,17.53844149,202,29736,84.0,0.18037256598472595,0.0001,7408
355,147,0.6852333333333331,17.53584091,202,29820,84.0,0.19751384854316711,0.0001,7429
356,147,0.6843466666666671,17.427849199999997,202,29904,84.0,0.16513991355895996,0.0001,7450
357,148,0.6834599999999998,17.44918903,202,29988,84.0,0.1235126480460167,0.0001,7471
358,148,0.6825733333333337,17.43140898,202,30072,84.0,3.1794114112854004,0.0001,7492
359,148,0.6816866666666666,17.365293240000003,202,30156,84.0,0.18461936712265015,0.0001,7513
360,149,0.6808000000000004,17.32348967,202,30240,84.0,3.0307040214538574,0.0001,7534
361,149,0.6799133333333331,17.33481196,202,30324,84.0,0.08066773414611816,0.0001,7555
362,150,0.6790266666666671,17.412031589999998,202,30408,84.0,3.097865104675293,0.0001,7576
363,150,0.6781399999999997,17.473187460000002,202,30492,84.0,0.27924323081970215,0.0001,7597
364,150,0.6772533333333337,17.513846970000003,202,30576,84.0,0.1180553287267685,0.0001,7618
365,151,0.6763666666666664,17.46027665,202,30660,84.0,3.0547895431518555,0.0001,7639
366,151,0.6754800000000003,17.443086700000002,202,30744,84.0,0.1711639016866684,0.0001,7660
367,152,0.6745933333333332,17.5477913,202,30828,84.0,0.13561734557151794,0.0001,7681
368,152,0.673706666666667,17.59968188,202,30912,84.0,0.16078788042068481,0.0001,7702
369,152,0.6728199999999998,17.60649016,202,30996,84.0,2.98588228225708,0.0001,7723
370,153,0.6719333333333337,17.552601799999998,202,31080,84.0,0.08144012093544006,0.0001,7744
371,153,0.6710466666666663,17.534100679999998,202,31164,84.0,0.10344840586185455,0.0001,7765
372,154,0.6701600000000003,17.563350919999994,202,31248,84.0,0.18877112865447998,0.0001,7786
373,154,0.669273333333333,17.54060516,202,31332,84.0,0.1973060667514801,0.0001,7807
374,154,0.6683866666666669,17.55062442,202,31416,84.0,0.14191576838493347,0.0001,7828
375,155,0.6674999999999998,17.56601121,202,31500,84.0,0.15584859251976013,0.0001,7849
376,155,0.6666133333333336,17.636202259999997,202,31584,84.0,0.18229442834854126,0.0001,7870
377,156,0.6657266666666664,17.673579049999997,202,31668,84.0,3.167546033859253,0.0001,7891
378,156,0.6648400000000003,17.67363817,202,31752,84.0,3.0566318035125732,0.0001,7912
379,157,0.663953333333333,17.574861229999996,202,31836,84.0,3.083916187286377,0.0001,7933
380,157,0.6630666666666669,17.52382674,202,31920,84.0,0.17733952403068542,0.0001,7954
381,158,0.6621799999999997,17.543827320000002,202,32004,84.0,0.14094950258731842,0.0001,7975
382,158,0.6612933333333335,17.601068759999997,202,32088,84.0,0.10160471498966217,0.0001,7996
383,159,0.6604066666666664,17.594610529999997,202,32172,84.0,0.20248998701572418,0.0001,8017
384,159,0.6595200000000002,17.60023913,202,32256,84.0,0.0801229178905487,0.0001,8038
385,159,0.658633333333333,17.604283329999998,202,32340,84.0,0.1710142195224762,0.0001,8059
386,160,0.6577466666666669,17.549132929999995,202,32424,84.0,0.10656581819057465,0.0001,8080
387,160,0.6568599999999996,17.54137192,202,32508,84.0,0.1041993796825409,0.0001,8101
388,160,0.6559733333333335,17.57757851,202,32592,84.0,3.066272258758545,0.0001,8122
389,161,0.6550866666666663,17.59295782,202,32676,84.0,0.11326079070568085,0.0001,8143
390,161,0.6542000000000001,17.592185719999996,202,32760,84.0,0.07883447408676147,0.0001,8164
391,162,0.653313333333333,17.66127582,202,32844,84.0,0.1916286051273346,0.0001,8185
392,162,0.6524266666666668,17.65757327,202,32928,84.0,0.15806129574775696,0.0001,8206
393,162,0.6515399999999996,17.685644829999998,202,33012,84.0,0.11055281013250351,0.0001,8227
394,163,0.6506533333333335,17.68552312,202,33096,84.0,0.1395961344242096,0.0001,8248
395,163,0.6497666666666662,17.68978679,202,33180,84.0,0.1353892982006073,0.0001,8269
396,164,0.6488800000000001,17.68054756,202,33264,84.0,3.1172378063201904,0.0001,8290
397,164,0.6479933333333329,17.7063618,202,33348,84.0,8.98768424987793,0.0001,8311
398,164,0.6471066666666667,17.77477043,202,33432,84.0,0.11515192687511444,0.0001,8332
399,165,0.6462199999999996,17.82429664,202,33516,84.0,3.088115930557251,0.0001,8353
400,165,0.6453333333333334,17.847405350000002,202,33600,84.0,0.07674586772918701,0.0001,8374
401,166,0.6444466666666662,17.82742422,202,33684,84.0,3.118497371673584,0.0001,8395
402,166,0.6435600000000001,17.74601271,202,33768,84.0,0.09205564111471176,0.0001,8416
403,167,0.6426733333333339,17.77371459,202,33852,84.0,0.08958397060632706,0.0001,8437
404,167,0.6417866666666667,17.78193308,202,33936,84.0,0.10351244360208511,0.0001,8458
405,167,0.6408999999999995,17.80604504,202,34020,84.0,3.0324923992156982,0.0001,8479
406,168,0.6400133333333333,17.92143366,202,34104,84.0,3.0577828884124756,0.0001,8500
407,168,0.6391266666666672,17.89122185,202,34188,84.0,3.0482583045959473,0.0001,8521
408,169,0.63824,17.92013451,202,34272,84.0,0.2947317063808441,0.0001,8542
409,169,0.6373533333333339,17.846853730000003,202,34356,84.0,0.15208512544631958,0.0001,8563
410,170,0.6364666666666667,17.846677810000003,202,34440,84.0,2.963888645172119,0.0001,8584
411,170,0.6355800000000005,17.828632900000002,202,34524,84.0,0.12080703675746918,0.0001,8605
412,171,0.6346933333333333,17.878354,202,34608,84.0,0.11840172111988068,0.0001,8626
413,171,0.6338066666666671,17.861532050000005,202,34692,84.0,3.043933153152466,0.0001,8647
414,171,0.6329199999999999,17.89834215,202,34776,84.0,0.14515002071857452,0.0001,8668
415,172,0.6320333333333338,17.834477480000004,202,34860,84.0,3.061664581298828,0.0001,8689
416,172,0.6311466666666666,17.918524320000003,202,34944,84.0,0.15298360586166382,0.0001,8710
417,173,0.6302600000000005,17.91687118,202,35028,84.0,3.1145758628845215,0.0001,8731
418,173,0.6293733333333333,17.9262163,202,35112,84.0,0.10822861641645432,0.0001,8752
419,173,0.6284866666666671,17.9132283,202,35196,84.0,0.0750582367181778,0.0001,8773
420,174,0.6275999999999999,17.954266110000002,202,35280,84.0,2.9840657711029053,0.0001,8794
421,174,0.6267133333333337,17.99842985,202,35364,84.0,0.14511719346046448,0.0001,8815
422,175,0.6258266666666665,18.00165494,202,35448,84.0,0.2081145942211151,0.0001,8836
423,175,0.6249400000000004,17.986317050000004,202,35532,84.0,0.187053382396698,0.0001,8857
424,176,0.6240533333333332,17.99739527,202,35616,84.0,0.1295989751815796,0.0001,8878
425,176,0.6231666666666671,18.04406548,202,35700,84.0,3.048922061920166,0.0001,8899
426,176,0.6222799999999999,18.014592129999997,202,35784,84.0,0.15198832750320435,0.0001,8920
427,177,0.6213933333333337,18.02438323,202,35868,84.0,0.14994554221630096,0.0001,8941
428,177,0.6205066666666665,18.02934488,202,35952,84.0,0.11726262420415878,0.0001,8962
429,178,0.6196200000000003,18.01864425,202,36036,84.0,3.126230001449585,0.0001,8983
430,178,0.6187333333333331,17.931546539999996,201,36120,84.0,3.0351033210754395,0.0001,9004
431,179,0.617846666666667,17.93347828,201,36204,84.0,0.11617658287286758,0.0001,9025
432,179,0.6169599999999998,18.012797199999998,201,36288,84.0,0.11339858174324036,0.0001,9046
433,180,0.6160733333333337,17.918876349999998,201,36372,84.0,0.08639964461326599,0.0001,9067
434,180,0.6151866666666665,17.93686059,201,36456,84.0,5.971738815307617,0.0001,9088
435,181,0.6143000000000003,17.891812020000003,201,36540,84.0,0.162790447473526,0.0001,9109
436,181,0.6134133333333331,17.922930620000002,201,36624,84.0,5.929959774017334,0.0001,9130
437,182,0.6125266666666669,17.98220024,201,36708,84.0,0.11252857744693756,0.0001,9151
438,182,0.6116399999999997,18.04376993,201,36792,84.0,0.08610218018293381,0.0001,9172
439,183,0.6107533333333336,18.043862760000003,201,36876,84.0,5.918154716491699,0.0001,9193
440,183,0.6098666666666664,18.01151271,201,36960,84.0,0.11447298526763916,0.0001,9214
441,184,0.6089800000000003,17.95083157,201,37044,84.0,0.10831291973590851,0.0001,9235
442,184,0.6080933333333332,17.914411369999996,201,37128,84.0,3.0705406665802,0.0001,9256
443,184,0.6072066666666669,17.85341317,201,37212,84.0,0.12820932269096375,0.0001,9277
444,185,0.6063199999999997,17.893994850000002,201,37296,84.0,0.244113489985466,0.0001,9298
445,185,0.6054333333333335,17.989663800000002,200,37380,84.0,3.1190829277038574,0.0001,9319
446,186,0.6045466666666663,17.919105520000002,200,37464,84.0,0.18451517820358276,0.0001,9340
447,186,0.6036600000000002,18.020729460000002,201,37548,84.0,0.1357089877128601,0.0001,9361
448,187,0.602773333333333,17.92877129,201,37632,84.0,0.13812600076198578,0.0001,9382
449,187,0.6018866666666669,17.87277529,200,37716,84.0,0.17496204376220703,0.0001,9403
450,188,0.6009999999999998,17.9786571,200,37800,84.0,0.16493339836597443,0.0001,9424
451,188,0.6001133333333335,18.00155082,200,37884,84.0,0.21396124362945557,0.0001,9445
452,189,0.5992266666666664,18.01184353,200,37968,84.0,0.1825028955936432,0.0001,9466
453,189,0.5983400000000001,17.97878433,200,38052,84.0,2.9788753986358643,0.0001,9487
454,189,0.597453333333333,17.86976338,200,38136,84.0,0.11096546053886414,0.0001,9508
455,190,0.5965666666666668,17.973684519999996,200,38220,84.0,0.21466758847236633,0.0001,9529
456,190,0.5956799999999997,18.008907379999997,200,38304,84.0,0.16427578032016754,0.0001,9550
457,191,0.5947933333333335,17.97859959,200,38388,84.0,0.16146811842918396,0.0001,9571
458,191,0.5939066666666664,17.974278029999997,200,38472,84.0,3.0280845165252686,0.0001,9592
459,192,0.5930200000000001,18.0264654,200,38556,84.0,0.21583908796310425,0.0001,9613
460,192,0.592133333333333,18.11244638,200,38640,84.0,0.08671282231807709,0.0001,9634
461,193,0.5912466666666667,18.11029157,200,38724,84.0,3.033865451812744,0.0001,9655
462,193,0.5903599999999996,18.11683035,200,38808,84.0,0.21699151396751404,0.0001,9676
463,194,0.5894733333333334,18.11823572,200,38892,84.0,3.135488748550415,0.0001,9697
464,194,0.5885866666666663,18.072924020000002,200,38976,84.0,0.14395977556705475,0.0001,9718
465,194,0.5877000000000001,18.071827499999998,200,39060,84.0,2.9790260791778564,0.0001,9739
466,195,0.586813333333333,18.089333120000003,200,39144,84.0,3.093057155609131,0.0001,9760
467,195,0.5859266666666667,18.06692142,200,39228,84.0,3.0852158069610596,0.0001,9781
468,196,0.5850400000000007,18.08850234,200,39312,84.0,0.1695263385772705,0.0001,9802
469,196,0.5841533333333333,18.019483150000003,200,39396,84.0,0.05809525027871132,0.0001,9823
470,197,0.5832666666666662,18.041130120000002,200,39480,84.0,0.11778359115123749,0.0001,9844
471,197,0.58238,18.05587621,200,39564,84.0,0.12369486689567566,0.0001,9865
472,197,0.5814933333333339,17.949137460000003,200,39648,84.0,0.15378686785697937,0.0001,9886
473,198,0.5806066666666667,17.981666599999997,200,39732,84.0,2.9951021671295166,0.0001,9907
474,198,0.5797199999999996,17.91353384,200,39816,84.0,0.14094695448875427,0.0001,9928
475,199,0.5788333333333333,17.935838229999998,200,39900,84.0,0.11147485673427582,0.0001,9949
476,199,0.5779466666666673,17.87577102,200,39984,84.0,0.09320612996816635,0.0001,9970
477,200,0.5770599999999999,17.92057518,200,40068,84.0,3.1234755516052246,0.0001,9991
478,200,0.5761733333333339,17.892625000000002,200,40152,84.0,0.1411372572183609,0.0001,10012
479,200,0.5752866666666666,17.92914562,200,40236,84.0,3.0873160362243652,0.0001,10033
480,201,0.5744000000000005,17.95552868,200,40320,84.0,0.16419970989227295,0.0001,10054
481,201,0.5735133333333333,17.93910226,200,40404,84.0,2.9998281002044678,0.0001,10075
482,202,0.5726266666666672,17.96262659,200,40488,84.0,3.106936454772949,0.0001,10096
483,202,0.5717399999999999,17.945486899999995,200,40572,84.0,3.026888608932495,0.0001,10117
484,203,0.5708533333333339,17.9336858,200,40656,84.0,0.14819228649139404,0.0001,10138
485,203,0.5699666666666665,17.8158316,200,40740,84.0,0.11290755867958069,0.0001,10159
486,203,0.5690800000000005,17.92258619,200,40824,84.0,0.23228958249092102,0.0001,10180
487,204,0.5681933333333332,17.88503657,200,40908,84.0,3.0365543365478516,0.0001,10201
488,204,0.5673066666666671,17.846865590000004,200,40992,84.0,3.0686957836151123,0.0001,10222
489,205,0.5664199999999999,17.83601011,200,41076,84.0,0.13273710012435913,0.0001,10243
490,205,0.5655333333333338,17.809266,200,41160,84.0,0.10975030064582825,0.0001,10264
491,206,0.5646466666666665,17.77408522,200,41244,84.0,0.20590682327747345,0.0001,10285
492,206,0.5637600000000005,17.84850933,200,41328,84.0,0.05721297115087509,0.0001,10306
493,206,0.5628733333333331,17.80367998,200,41412,84.0,3.172090768814087,0.0001,10327
494,207,0.5619866666666671,17.86785171,200,41496,84.0,5.939557075500488,0.0001,10348
495,207,0.5610999999999998,17.867583540000002,200,41580,84.0,0.12651225924491882,0.0001,10369
496,207,0.5602133333333337,17.8868822,200,41664,84.0,0.18043968081474304,0.0001,10390
497,208,0.5593266666666665,17.879386559999997,200,41748,84.0,0.19090861082077026,0.0001,10411
498,208,0.5584400000000004,17.856213479999997,200,41832,84.0,0.09205540269613266,0.0001,10432
499,209,0.5575533333333331,17.723524899999997,200,41916,84.0,0.19660493731498718,0.0001,10453
500,209,0.5566666666666671,17.646206449999998,200,42000,84.0,3.1001718044281006,0.0001,10474
501,210,0.5557799999999997,17.655447979999998,200,42084,84.0,0.18426787853240967,0.0001,10495
502,210,0.5548933333333337,17.7473957,200,42168,84.0,0.1324997842311859,0.0001,10516
503,211,0.5540066666666665,17.717047700000002,200,42252,84.0,0.13662636280059814,0.0001,10537
504,211,0.5531200000000003,17.67749228,200,42336,84.0,0.10524976253509521,0.0001,10558
505,211,0.5522333333333331,17.58151703,200,42420,84.0,0.10423670709133148,0.0001,10579
506,212,0.551346666666667,17.46333279,200,42504,84.0,3.087042808532715,0.0001,10600
507,212,0.5504599999999997,17.43386654,200,42588,84.0,5.9383769035339355,0.0001,10621
508,213,0.5495733333333337,17.505684020000004,200,42672,84.0,3.054661750793457,0.0001,10642
509,213,0.5486866666666664,17.456219850000004,200,42756,84.0,0.15257717669010162,0.0001,10663
510,214,0.5478000000000003,17.40389614,200,42840,84.0,0.17152968049049377,0.0001,10684
511,214,0.5469133333333331,17.428220829999997,200,42924,84.0,5.964919567108154,0.0001,10705
512,214,0.5460266666666669,17.378159029999996,200,43008,84.0,5.90074348449707,0.0001,10726
513,215,0.5451399999999997,17.42470848,200,43092,84.0,0.12567934393882751,0.0001,10747
514,215,0.5442533333333336,17.347062799999996,200,43176,84.0,3.104224443435669,0.0001,10768
515,216,0.5433666666666663,17.37462495,200,43260,84.0,0.1743607223033905,0.0001,10789
516,216,0.5424800000000003,17.32056325,200,43344,84.0,0.15496811270713806,0.0001,10810
517,216,0.541593333333333,17.36051415,200,43428,84.0,0.14946450293064117,0.0001,10831
518,217,0.5407066666666669,17.38298754,200,43512,84.0,0.10280609130859375,0.0001,10852
519,217,0.5398199999999997,17.381339580000002,200,43596,84.0,0.18093366920948029,0.0001,10873
520,218,0.5389333333333335,17.471848100000003,200,43680,84.0,0.13698410987854004,0.0001,10894
521,218,0.5380466666666663,17.507355659999998,200,43764,84.0,0.10069034993648529,0.0001,10915
522,219,0.5371600000000002,17.527370599999998,200,43848,84.0,0.11444440484046936,0.0001,10936
523,219,0.5362733333333329,17.635730449999997,200,43932,84.0,2.9936916828155518,0.0001,10957
524,219,0.5353866666666669,17.62858385,200,44016,84.0,0.08179372549057007,0.0001,10978
525,220,0.5344999999999996,17.57264471,200,44100,84.0,0.09923817962408066,0.0001,10999
526,220,0.5336133333333335,17.60741672,200,44184,84.0,3.027216911315918,0.0001,11020
527,221,0.5327266666666663,17.571162880000003,200,44268,84.0,0.20086154341697693,0.0001,11041
528,221,0.5318400000000001,17.47425102,200,44352,84.0,0.17430633306503296,0.0001,11062
529,222,0.5309533333333329,17.49281287,200,44436,84.0,0.19143520295619965,0.0001,11083
530,222,0.5300666666666668,17.526517260000002,200,44520,84.0,0.24342080950737,0.0001,11104
531,223,0.5291799999999995,17.545694360000002,199,44604,84.0,0.07362620532512665,0.0001,11125
532,223,0.5282933333333335,17.50310576,199,44688,84.0,0.10756123065948486,0.0001,11146
533,223,0.5274066666666662,17.47208267,199,44772,84.0,3.0041043758392334,0.0001,11167
534,224,0.5265200000000001,17.39387789,199,44856,84.0,0.19425782561302185,0.0001,11188
535,224,0.525633333333333,17.54035336,199,44940,84.0,0.12003078311681747,0.0001,11209
536,225,0.5247466666666667,17.521964250000003,199,45024,84.0,0.10485687851905823,0.0001,11230
537,225,0.5238600000000007,17.44802982,199,45108,84.0,0.15658098459243774,0.0001,11251
538,226,0.5229733333333334,17.35661141,199,45192,84.0,3.1631760597229004,0.0001,11272
539,226,0.5220866666666661,17.36845873,199,45276,84.0,0.1323724240064621,0.0001,11293
540,226,0.5212000000000001,17.3443947,199,45360,84.0,3.075932502746582,0.0001,11314
541,227,0.5203133333333338,17.3449261,199,45444,84.0,0.18093647062778473,0.0001,11335
542,227,0.5194266666666667,17.31919153,199,45528,84.0,0.15020230412483215,0.0001,11356
543,228,0.5185399999999996,17.27586822,199,45612,84.0,0.1873558759689331,0.0001,11377
544,228,0.5176533333333333,17.271727109999997,199,45696,84.0,3.04250431060791,0.0001,11398
545,228,0.5167666666666673,17.221581089999997,199,45780,84.0,3.2020273208618164,0.0001,11419
546,229,0.51588,17.2160541,199,45864,84.0,3.017089366912842,0.0001,11440
547,229,0.5149933333333339,17.214221339999998,199,45948,84.0,0.12718218564987183,0.0001,11461
548,230,0.5141066666666667,17.279572899999998,200,46032,84.0,0.1263393759727478,0.0001,11482
549,230,0.5132200000000005,17.378326909999995,199,46116,84.0,0.15062308311462402,0.0001,11503
550,231,0.5123333333333333,17.360658149999995,199,46200,84.0,0.17581893503665924,0.0001,11524
551,231,0.5114466666666672,17.290477759999998,199,46284,84.0,3.075174331665039,0.0001,11545
552,231,0.5105599999999999,17.30941442,200,46368,84.0,0.16350743174552917,0.0001,11566
553,232,0.5096733333333339,17.350521079999996,199,46452,84.0,6.011772155761719,0.0001,11587
554,232,0.5087866666666666,17.40802401,199,46536,84.0,0.16852512955665588,0.0001,11608
555,233,0.5079000000000005,17.35886596,199,46620,84.0,5.904322147369385,0.0001,11629
556,233,0.5070133333333333,17.42153264,199,46704,84.0,5.953046798706055,0.0001,11650
557,234,0.5061266666666671,17.42835158,199,46788,84.0,0.09439858049154282,0.0001,11671
558,234,0.5052399999999999,17.45455066,199,46872,84.0,0.169755220413208,0.0001,11692
559,235,0.5043533333333338,17.50627378,199,46956,84.0,0.16917304694652557,0.0001,11713
560,235,0.5034666666666665,17.419890589999998,199,47040,84.0,8.942709922790527,0.0001,11734
561,235,0.5025800000000005,17.4408453,199,47124,84.0,0.04844650626182556,0.0001,11755
562,236,0.5016933333333332,17.39041155,199,47208,84.0,0.10980284214019775,0.0001,11776
563,236,0.5008066666666671,17.383783230000002,199,47292,84.0,0.08688515424728394,0.0001,11797
564,237,0.4999199999999998,17.422265030000005,199,47376,84.0,0.13841387629508972,0.0001,11818
565,237,0.4990333333333338,17.415751540000002,199,47460,84.0,3.0979459285736084,0.0001,11839
566,237,0.4981466666666665,17.42996863,199,47544,84.0,0.21629825234413147,0.0001,11860
567,238,0.49726000000000037,17.44427964,199,47628,84.0,0.10971934348344803,0.0001,11881
568,238,0.4963733333333331,17.32672837,199,47712,84.0,0.11847344040870667,0.0001,11902
569,239,0.4954866666666671,17.43099571,199,47796,84.0,0.16152098774909973,0.0001,11923
570,239,0.4945999999999998,17.45250397,199,47880,84.0,0.11336039006710052,0.0001,11944
571,240,0.49371333333333367,17.40956373,199,47964,84.0,0.11204962432384491,0.0001,11965
572,240,0.4928266666666664,17.50953301,199,48048,84.0,0.10685531795024872,0.0001,11986
573,240,0.4919400000000004,17.39780112,199,48132,84.0,0.17407603561878204,0.0001,12007
574,241,0.4910533333333331,17.38067129,199,48216,84.0,0.24782179296016693,0.0001,12028
575,241,0.490166666666667,17.34484365,199,48300,84.0,0.08754056692123413,0.0001,12049
576,242,0.4892799999999997,17.40732561,199,48384,84.0,0.09221453219652176,0.0001,12070
577,242,0.4883933333333337,17.335702899999998,199,48468,84.0,0.07446368038654327,0.0001,12091
578,243,0.4875066666666664,17.32209493,199,48552,84.0,3.0760891437530518,0.0001,12112
579,243,0.4866200000000003,17.275218629999998,199,48636,84.0,0.14941874146461487,0.0001,12133
580,244,0.485733333333333,17.18391411,199,48720,84.0,3.064216136932373,0.0001,12154
581,244,0.484846666666667,17.147795340000002,199,48804,84.0,3.0231573581695557,0.0001,12175
582,244,0.4839599999999997,17.100502329999998,199,48888,84.0,0.11214287579059601,0.0001,12196
583,245,0.4830733333333336,17.00992434,199,48972,84.0,5.9807586669921875,0.0001,12217
584,245,0.4821866666666663,17.0019439,199,49056,84.0,3.1080172061920166,0.0001,12238
585,246,0.4813000000000003,16.9936325,199,49140,84.0,0.10090853273868561,0.0001,12259
586,246,0.480413333333333,16.927609630000003,199,49224,84.0,2.9759857654571533,0.0001,12280
587,247,0.4795266666666669,16.959898210000002,199,49308,84.0,0.12969708442687988,0.0001,12301
588,247,0.4786399999999996,16.90647173,199,49392,84.0,2.9689934253692627,0.0001,12322
589,248,0.4777533333333336,16.91267128,199,49476,84.0,0.268119752407074,0.0001,12343
590,248,0.47686666666666633,16.855025590000004,199,49560,84.0,0.16063886880874634,0.0001,12364
591,248,0.4759800000000002,16.84277906,199,49644,84.0,0.14002428948879242,0.0001,12385
592,249,0.4750933333333329,16.846884680000002,199,49728,84.0,3.0355916023254395,0.0001,12406
593,249,0.4742066666666669,16.86273728,199,49812,84.0,0.13437826931476593,0.0001,12427
594,250,0.47331999999999963,16.75445564,199,49896,84.0,3.1811718940734863,0.0001,12448
595,250,0.4724333333333335,16.775269370000004,199,49980,84.0,0.13767530024051666,0.0001,12469
596,251,0.4715466666666662,16.74426093,199,50064,84.0,0.16469264030456543,0.0001,12490
597,251,0.4706600000000002,16.67110111,199,50148,84.0,0.19548170268535614,0.0001,12511
598,251,0.46977333333333293,16.668321519999996,199,50232,84.0,3.071256399154663,0.0001,12532
599,252,0.4688866666666668,16.73845432,199,50316,84.0,0.20821484923362732,0.0001,12553
600,252,0.4679999999999995,16.715752530000003,199,50400,84.0,0.12704919278621674,0.0001,12574
601,253,0.4671133333333335,16.69015657,199,50484,84.0,3.240250587463379,0.0001,12595
602,253,0.46622666666666623,16.665448240000003,199,50568,84.0,3.081214427947998,0.0001,12616
603,254,0.4653400000000001,16.61210557,199,50652,84.0,3.1315574645996094,0.0001,12637
604,254,0.46445333333333283,16.58634456,199,50736,84.0,0.10499683767557144,0.0001,12658
605,254,0.4635666666666668,16.59818619,199,50820,84.0,0.20901431143283844,0.0001,12679
606,255,0.46268000000000054,16.59416451,199,50904,84.0,6.05160665512085,0.0001,12700
607,255,0.4617933333333334,16.59088551,199,50988,84.0,0.1202346682548523,0.0001,12721
608,256,0.46090666666666613,16.43688362,199,51072,84.0,0.1828930824995041,0.0001,12742
609,256,0.4600200000000001,16.49414295,199,51156,84.0,0.109349325299263,0.0001,12763
610,257,0.45913333333333384,16.50823347,199,51240,84.0,3.045875310897827,0.0001,12784
611,257,0.4582466666666667,16.43298061,199,51324,84.0,0.22933326661586761,0.0001,12805
612,257,0.45736000000000054,16.43241862,199,51408,84.0,8.823952674865723,0.0001,12826
613,258,0.4564733333333334,16.33881441,199,51492,84.0,5.995635509490967,0.0001,12847
614,258,0.45558666666666714,16.311682479999998,199,51576,84.0,0.13395290076732635,0.0001,12868
615,259,0.4547,16.299369249999998,199,51660,84.0,5.915649890899658,0.0001,12889
616,259,0.45381333333333385,16.368108760000002,199,51744,84.0,2.9809720516204834,0.0001,12910
617,260,0.4529266666666667,16.38839047,199,51828,84.0,3.032344102859497,0.0001,12931
618,260,0.45204000000000044,16.34403129,199,51912,84.0,0.13294553756713867,0.0001,12952
619,261,0.4511533333333333,16.36398575,199,51996,84.0,0.10573399066925049,0.0001,12973
620,261,0.45026666666666715,16.3659998,199,52080,84.0,3.128641128540039,0.0001,12994
621,261,0.44938,16.26465216,199,52164,84.0,0.19603711366653442,0.0001,13015
622,262,0.44849333333333374,16.2779517,199,52248,84.0,3.073268413543701,0.0001,13036
623,262,0.4476066666666666,16.23716591,199,52332,84.0,3.0968034267425537,0.0001,13057
624,263,0.44672000000000045,16.18695053,199,52416,84.0,0.14285233616828918,0.0001,13078
625,263,0.4458333333333333,16.11577945,199,52500,84.0,3.07625412940979,0.0001,13099
626,264,0.44494666666666705,16.09189919,199,52584,84.0,3.0627329349517822,0.0001,13120
627,264,0.4440599999999999,16.06753238,199,52668,84.0,0.15930435061454773,0.0001,13141
628,264,0.44317333333333375,16.07941919,199,52752,84.0,3.124861240386963,0.0001,13162
629,265,0.4422866666666666,16.08724188,199,52836,84.0,0.1315629780292511,0.0001,13183
630,265,0.44140000000000035,16.045041809999997,199,52920,84.0,3.0025367736816406,0.0001,13204
631,266,0.4405133333333332,16.04154893,199,53004,84.0,0.13610465824604034,0.0001,13225
632,266,0.43962666666666705,16.111215819999998,199,53088,84.0,3.181636095046997,0.0001,13246
633,267,0.4387399999999999,16.23573942,199,53172,84.0,3.014986991882324,0.0001,13267
634,267,0.43785333333333365,16.35159052,199,53256,84.0,3.0115058422088623,0.0001,13288
635,267,0.4369666666666665,16.33243186,199,53340,84.0,0.11926223337650299,0.0001,13309
636,268,0.43608000000000036,16.31109836,199,53424,84.0,3.0410823822021484,0.0001,13330
637,268,0.4351933333333332,16.32854163,199,53508,84.0,0.11124714463949203,0.0001,13351
638,269,0.43430666666666695,16.3478664,199,53592,84.0,0.17106091976165771,0.0001,13372
639,269,0.4334199999999998,16.29225244,198,53676,84.0,0.0804208368062973,0.0001,13393
640,270,0.43253333333333366,16.315052559999998,198,53760,84.0,3.0218665599823,0.0001,13414
641,270,0.4316466666666665,16.34167623,198,53844,84.0,0.1270640641450882,0.0001,13435
642,271,0.43076000000000025,16.434775979999998,198,53928,84.0,2.9755053520202637,0.0001,13456
643,271,0.4298733333333331,16.4173674,198,54012,84.0,0.13141094148159027,0.0001,13477
644,272,0.42898666666666696,16.37401909,198,54096,84.0,0.15860766172409058,0.0001,13498
645,272,0.4280999999999998,16.39182279,198,54180,84.0,0.1819804310798645,0.0001,13519
646,273,0.42721333333333356,16.45904002,198,54264,84.0,0.12836705148220062,0.0001,13540
647,273,0.4263266666666664,16.391716390000003,198,54348,84.0,0.08476071059703827,0.0001,13561
648,274,0.42544000000000026,16.413315960000002,198,54432,84.0,0.14622683823108673,0.0001,13582
649,274,0.4245533333333331,16.34675892,198,54516,84.0,0.17661842703819275,0.0001,13603
650,275,0.42366666666666686,16.30000021,198,54600,84.0,0.26768580079078674,0.0001,13624
651,275,0.4227799999999997,16.38951013,198,54684,84.0,3.0066540241241455,0.0001,13645
652,276,0.42189333333333356,16.30108481,198,54768,84.0,0.11438211798667908,0.0001,13666
653,276,0.4210066666666664,16.187836170000004,198,54852,84.0,3.109938621520996,0.0001,13687
654,277,0.42012000000000016,16.22663764,198,54936,84.0,0.11442933231592178,0.0001,13708
655,277,0.419233333333333,16.23002294,198,55020,84.0,0.1635633260011673,0.0001,13729
656,278,0.41834666666666687,16.23465375,198,55104,84.0,0.14868491888046265,0.0001,13750
657,278,0.4174599999999997,16.13208854,198,55188,84.0,0.12077812850475311,0.0001,13771
658,279,0.41657333333333346,16.17528492,197,55272,84.0,0.1692413091659546,0.0001,13792
659,279,0.4156866666666663,16.13119894,197,55356,84.0,0.21096163988113403,0.0001,13813
660,280,0.41480000000000017,16.24794955,197,55440,84.0,0.10949723422527313,0.0001,13834
661,280,0.413913333333333,16.18650547,197,55524,84.0,0.17480817437171936,0.0001,13855
662,281,0.41302666666666676,16.221193600000003,197,55608,84.0,0.20758438110351562,0.0001,13876
663,281,0.4121399999999996,16.18406849,197,55692,84.0,0.08600814640522003,0.0001,13897
664,282,0.41125333333333347,16.113484859999996,197,55776,84.0,0.18592602014541626,0.0001,13918
665,282,0.4103666666666663,16.153653979999998,197,55860,84.0,0.13268619775772095,0.0001,13939
666,283,0.40948000000000007,16.07650631,197,55944,84.0,0.07340842485427856,0.0001,13960
667,283,0.4085933333333329,15.95799203,197,56028,84.0,0.23172585666179657,0.0001,13981
668,284,0.4077066666666668,15.995629059999999,197,56112,84.0,3.0645434856414795,0.0001,14002
669,284,0.4068199999999996,15.915420829999999,197,56196,84.0,0.13127955794334412,0.0001,14023
670,284,0.40593333333333337,15.86657965,197,56280,84.0,0.10071123391389847,0.0001,14044
671,285,0.40504666666666733,15.83748924,197,56364,84.0,3.131671905517578,0.0001,14065
672,286,0.4041600000000001,15.75779209,197,56448,84.0,0.1609363853931427,0.0001,14086
673,286,0.40327333333333293,15.86939922,197,56532,84.0,0.13802993297576904,0.0001,14107
674,287,0.40238666666666667,15.865456820000002,197,56616,84.0,0.08782438933849335,0.0001,14128
675,287,0.40150000000000063,15.88153587,197,56700,84.0,5.9548139572143555,0.0001,14149
676,288,0.4006133333333334,15.84753069,197,56784,84.0,0.06714273244142532,0.0001,14170
677,288,0.39972666666666623,15.771197919999999,196,56868,84.0,0.14990630745887756,0.0001,14191
678,289,0.39884,15.74005324,196,56952,84.0,0.13930979371070862,0.0001,14212
679,289,0.39795333333333394,15.873751030000001,196,57036,84.0,0.12221423536539078,0.0001,14233
680,290,0.3970666666666667,15.96935772,196,57120,84.0,3.0656089782714844,0.0001,14254
681,290,0.39617999999999953,15.94313678,196,57204,84.0,0.13885661959648132,0.0001,14275
682,291,0.3952933333333333,15.910870890000002,196,57288,84.0,0.13884952664375305,0.0001,14296
683,291,0.39440666666666724,16.02317243,196,57372,84.0,0.19347386062145233,0.0001,14317
684,292,0.39352,15.948681950000001,196,57456,84.0,0.11395736038684845,0.0001,14338
685,292,0.39263333333333383,15.94554096,196,57540,84.0,0.14312517642974854,0.0001,14359
686,292,0.3917466666666666,15.913818679999997,196,57624,84.0,3.102468967437744,0.0001,14380
687,293,0.39086000000000054,15.876408289999999,196,57708,84.0,0.08574793487787247,0.0001,14401
688,293,0.3899733333333333,15.927330610000002,196,57792,84.0,0.181051567196846,0.0001,14422
689,294,0.38908666666666714,15.880045379999999,196,57876,84.0,0.13254454731941223,0.0001,14443
690,294,0.3881999999999999,15.982654810000001,196,57960,84.0,0.1974383294582367,0.0001,14464
691,295,0.38731333333333384,16.04482594,196,58044,84.0,3.2722971439361572,0.0001,14485
692,295,0.3864266666666666,16.059782470000002,196,58128,84.0,0.12037496268749237,0.0001,14506
693,296,0.38554000000000044,16.005040530000002,196,58212,84.0,0.1806837022304535,0.0001,14527
694,296,0.3846533333333332,16.080956300000004,196,58296,84.0,0.10687366127967834,0.0001,14548
695,297,0.38376666666666714,15.97272908,196,58380,84.0,0.20792357623577118,0.0001,14569
696,297,0.3828799999999999,15.951027570000003,196,58464,84.0,5.893840312957764,0.0001,14590
697,298,0.38199333333333374,16.021671039999998,196,58548,84.0,0.09811295568943024,0.0001,14611
698,298,0.3811066666666665,15.961805669999999,196,58632,84.0,0.15947207808494568,0.0001,14632
699,299,0.38022000000000045,15.965263189999998,196,58716,84.0,0.14530853927135468,0.0001,14653
700,300,0.3793333333333332,16.05989716,195,58800,84.0,0.21404597163200378,0.0001,14674
701,300,0.37844666666666704,16.04540349,195,58884,84.0,0.13041089475154877,0.0001,14695
702,301,0.3775599999999998,16.08504773,195,58968,84.0,0.21070702373981476,0.0001,14716
703,301,0.37667333333333375,16.135861180000003,195,59052,84.0,0.11969232559204102,0.0001,14737
704,302,0.3757866666666665,16.12230203,195,59136,84.0,0.16612917184829712,0.0001,14758
705,302,0.37490000000000034,16.133188450000002,195,59220,84.0,3.113887310028076,0.0001,14779
706,303,0.3740133333333331,16.22184766,195,59304,84.0,0.0803908109664917,0.0001,14800
707,303,0.37312666666666705,16.2275533,195,59388,84.0,0.07214890420436859,0.0001,14821
708,304,0.3722399999999998,16.289229419999998,195,59472,84.0,0.0684487596154213,0.0001,14842
709,304,0.37135333333333365,16.352799779999998,195,59556,84.0,0.16492867469787598,0.0001,14863
710,305,0.3704666666666664,16.37769622,195,59640,84.0,0.11099082231521606,0.0001,14884
711,305,0.36958000000000035,16.44976823,195,59724,84.0,0.10756371915340424,0.0001,14905
712,305,0.3686933333333331,16.36164823,195,59808,84.0,0.12336264550685883,0.0001,14926
713,306,0.36780666666666695,16.47859856,195,59892,84.0,0.10746222734451294,0.0001,14947
714,306,0.3669199999999997,16.628045760000003,195,59976,84.0,0.09348252415657043,0.0001,14968
715,307,0.36603333333333365,16.567877959999997,195,60060,84.0,0.16471922397613525,0.0001,14989
716,307,0.3651466666666664,16.56289957,195,60144,84.0,0.13978038728237152,0.0001,15010
717,308,0.36426000000000025,16.44562584,195,60228,84.0,0.09432585537433624,0.0001,15031
718,308,0.363373333333333,16.381946100000004,195,60312,84.0,5.992805004119873,0.0001,15052
719,309,0.36248666666666696,16.344010550000004,195,60396,84.0,0.10624683648347855,0.0001,15073
720,309,0.3615999999999997,16.26955138,195,60480,84.0,0.07903877645730972,0.0001,15094
721,310,0.36071333333333355,16.40898078,195,60564,84.0,0.057087305933237076,0.0001,15115
722,310,0.3598266666666663,16.49528261,195,60648,84.0,6.000173568725586,0.0001,15136
723,310,0.35894000000000026,16.48510563,195,60732,84.0,3.07989501953125,0.0001,15157
724,311,0.358053333333333,16.48235735,195,60816,84.0,0.06605363637208939,0.0001,15178
725,311,0.35716666666666685,16.480003670000002,195,60900,84.0,0.21138864755630493,0.0001,15199
726,312,0.3562799999999996,16.489712720000004,195,60984,84.0,3.1257896423339844,0.0001,15220
727,312,0.35539333333333356,16.42065581,195,61068,84.0,0.11975845694541931,0.0001,15241
728,313,0.3545066666666663,16.45147379,195,61152,84.0,0.06781639903783798,0.0001,15262
729,313,0.35362000000000016,16.42394828,195,61236,84.0,0.11909400671720505,0.0001,15283
730,314,0.3527333333333329,16.54239941,195,61320,84.0,0.11175625026226044,0.0001,15304
731,314,0.35184666666666686,16.520148770000002,195,61404,84.0,0.13670726120471954,0.0001,15325
732,315,0.3509599999999996,16.3782431,194,61488,84.0,0.12308399379253387,0.0001,15346
733,315,0.35007333333333346,16.24075183,194,61572,84.0,0.19450552761554718,0.0001,15367
734,316,0.3491866666666662,16.17991934,194,61656,84.0,3.0662171840667725,0.0001,15388
735,316,0.34830000000000017,16.04839428,194,61740,84.0,0.14354637265205383,0.0001,15409
736,317,0.347413333333334,16.06241325,194,61824,84.0,0.2283230423927307,0.0001,15430
737,317,0.34652666666666676,16.18296306,194,61908,84.0,0.15413422882556915,0.0001,15451
738,318,0.3456399999999995,16.228048610000002,194,61992,84.0,0.11535543948411942,0.0001,15472
739,318,0.34475333333333347,16.283397169999997,194,62076,84.0,0.12174190580844879,0.0001,15493
740,318,0.3438666666666673,16.315242220000002,194,62160,84.0,0.08620445430278778,0.0001,15514
741,319,0.34298000000000006,16.3100859,194,62244,84.0,0.13690684735774994,0.0001,15535
742,319,0.3420933333333328,16.16947847,194,62328,84.0,0.13342978060245514,0.0001,15556
743,320,0.34120666666666677,16.248339020000003,194,62412,84.0,0.11810652911663055,0.0001,15577
744,320,0.3403200000000006,16.279782400000002,194,62496,84.0,0.1100180372595787,0.0001,15598
745,321,0.33943333333333336,16.21715163,194,62580,84.0,3.0505824089050293,0.0001,15619
746,321,0.3385466666666661,16.207760309999998,194,62664,84.0,0.2533624768257141,0.0001,15640
747,321,0.33766000000000007,16.26129768,194,62748,84.0,3.053475856781006,0.0001,15661
748,322,0.3367733333333339,16.21679066,194,62832,84.0,3.0616488456726074,0.0001,15682
749,322,0.33588666666666667,16.279340949999998,194,62916,84.0,0.1700606346130371,0.0001,15703
750,323,0.3349999999999994,16.22831638,194,63000,84.0,0.142958402633667,0.0001,15724
751,323,0.3341133333333334,16.17660763,194,63084,84.0,0.14609114825725555,0.0001,15745
752,324,0.3332266666666672,16.18066555,194,63168,84.0,0.16492421925067902,0.0001,15766
753,324,0.33233999999999997,16.311062989999996,194,63252,84.0,3.133784770965576,0.0001,15787
754,325,0.3314533333333338,16.285809139999998,194,63336,84.0,0.10286517441272736,0.0001,15808
755,325,0.3305666666666667,16.317760680000003,194,63420,84.0,0.1833958923816681,0.0001,15829
756,326,0.32968000000000053,16.32285909,194,63504,84.0,0.12284787744283676,0.0001,15850
757,326,0.32879333333333327,16.430107250000002,194,63588,84.0,3.0462629795074463,0.0001,15871
758,326,0.3279066666666671,16.365460520000003,194,63672,84.0,0.14365704357624054,0.0001,15892
759,327,0.32702,16.26063335,194,63756,84.0,0.08271043002605438,0.0001,15913
760,327,0.32613333333333383,16.16478275,194,63840,84.0,3.0954153537750244,0.0001,15934
761,328,0.3252466666666666,16.13415584,194,63924,84.0,0.09111826866865158,0.0001,15955
762,328,0.3243600000000004,16.08761074,194,64008,84.0,3.128439426422119,0.0001,15976
763,329,0.3234733333333333,16.050916319999995,194,64092,84.0,0.11928308010101318,0.0001,15997
764,329,0.32258666666666713,16.149846619999995,194,64176,84.0,3.0801405906677246,0.0001,16018
765,329,0.3216999999999999,16.07405162,194,64260,84.0,5.9522175788879395,0.0001,16039
766,330,0.32081333333333373,16.16104295,194,64344,84.0,0.11681924015283585,0.0001,16060
767,330,0.3199266666666666,16.178787339999996,194,64428,84.0,0.1468472182750702,0.0001,16081
768,331,0.31904000000000043,16.14031155,194,64512,84.0,0.12042813003063202,0.0001,16102
769,331,0.3181533333333332,16.10906802,194,64596,84.0,0.10740752518177032,0.0001,16123
770,332,0.31726666666666703,16.150108059999997,194,64680,84.0,0.14739616215229034,0.0001,16144
771,332,0.3163799999999999,16.06909319,194,64764,84.0,0.1377260684967041,0.0001,16165
772,333,0.31549333333333374,16.154918749999997,194,64848,84.0,2.9779460430145264,0.0001,16186
773,333,0.3146066666666665,16.119618999999997,194,64932,84.0,0.19583287835121155,0.0001,16207
774,333,0.31372000000000033,16.193507999999998,194,65016,84.0,0.09934836626052856,0.0001,16228
775,334,0.3128333333333332,16.168656539999997,194,65100,84.0,0.1357368528842926,0.0001,16249
776,334,0.31194666666666704,16.167266830000003,194,65184,84.0,0.1295066475868225,0.0001,16270
777,335,0.3110599999999998,16.28943289,194,65268,84.0,3.0954651832580566,0.0001,16291
778,335,0.31017333333333363,16.389059189999998,194,65352,84.0,0.08889958262443542,0.0001,16312
779,336,0.3092866666666665,16.375724860000002,194,65436,84.0,0.1473522037267685,0.0001,16333
780,336,0.30840000000000034,16.376122130000002,194,65520,84.0,3.056469678878784,0.0001,16354
781,337,0.3075133333333331,16.41088261,194,65604,84.0,0.1318240463733673,0.0001,16375
782,337,0.30662666666666694,16.41032274,194,65688,84.0,0.10300348699092865,0.0001,16396
783,338,0.3057399999999998,16.39400478,194,65772,84.0,5.944858551025391,0.0001,16417
784,338,0.30485333333333364,16.40447645,194,65856,84.0,0.19614079594612122,0.0001,16438
785,339,0.3039666666666664,16.50578043,194,65940,84.0,3.05020809173584,0.0001,16459
786,339,0.30308000000000024,16.523999650000004,194,66024,84.0,3.1441051959991455,0.0001,16480
787,340,0.3021933333333331,16.58054415,194,66108,84.0,3.0684642791748047,0.0001,16501
788,340,0.30130666666666694,16.48771257,194,66192,84.0,3.056365489959717,0.0001,16522
789,341,0.3004199999999997,16.48435066,193,66276,84.0,0.20142564177513123,0.0001,16543
790,342,0.29953333333333354,16.49683702,193,66360,84.0,0.13005104660987854,0.0001,16564
791,342,0.2986466666666664,16.42624053,193,66444,84.0,6.039186477661133,0.0001,16585
792,343,0.29776000000000025,16.365232530000004,193,66528,84.0,5.942923545837402,0.0001,16606
793,343,0.296873333333333,16.33446417,193,66612,84.0,3.0463473796844482,0.0001,16627
794,344,0.29598666666666684,16.238580629999998,193,66696,84.0,3.0674431324005127,0.0001,16648
795,344,0.2950999999999997,16.26210849,193,66780,84.0,0.16125956177711487,0.0001,16669
796,345,0.29421333333333355,16.198333169999998,193,66864,84.0,0.11254621297121048,0.0001,16690
797,346,0.2933266666666663,16.164280849999997,193,66948,84.0,0.22602123022079468,0.0001,16711
798,346,0.29244000000000014,16.15962759,193,67032,84.0,0.07340063154697418,0.0001,16732
799,347,0.291553333333333,16.163953569999997,193,67116,84.0,0.21352562308311462,0.0001,16753
800,347,0.29066666666666685,16.085036849999998,193,67200,84.0,0.12061512470245361,0.0001,16774
801,348,0.2897800000000007,16.0272829,193,67284,84.0,3.0875003337860107,0.0001,16795
802,348,0.28889333333333345,15.98684014,193,67368,84.0,0.195424884557724,0.0001,16816
803,349,0.2880066666666663,16.02675451,193,67452,84.0,0.09798289835453033,0.0001,16837
804,349,0.28712000000000015,16.12486924,193,67536,84.0,8.953752517700195,0.0001,16858
805,350,0.286233333333334,16.113175730000002,193,67620,84.0,3.0447306632995605,0.0001,16879
806,350,0.28534666666666675,16.027064109999998,192,67704,84.0,0.06975089013576508,0.0001,16900
807,351,0.2844599999999996,16.00989287,192,67788,84.0,0.16810721158981323,0.0001,16921
808,351,0.28357333333333345,15.950826180000002,192,67872,84.0,0.14699959754943848,0.0001,16942
809,352,0.2826866666666673,15.932686930000003,192,67956,84.0,0.11635163426399231,0.0001,16963
810,352,0.28180000000000005,15.893711439999999,192,68040,84.0,0.12121429294347763,0.0001,16984
811,353,0.2809133333333329,15.809169530000002,192,68124,84.0,0.1767076551914215,0.0001,17005
812,353,0.28002666666666676,15.812611310000001,192,68208,84.0,0.1217135339975357,0.0001,17026
813,354,0.2791400000000006,15.785541619999998,192,68292,84.0,0.0944921001791954,0.0001,17047
814,354,0.27825333333333335,15.771372509999999,192,68376,84.0,0.1411834955215454,0.0001,17068
815,355,0.2773666666666662,15.755429959999997,192,68460,84.0,0.1119910255074501,0.0001,17089
816,355,0.27648000000000006,15.593793269999999,192,68544,84.0,0.19383804500102997,0.0001,17110
817,356,0.2755933333333339,15.56509597,192,68628,84.0,0.09959857910871506,0.0001,17131
818,356,0.27470666666666665,15.693860069999996,192,68712,84.0,5.903703689575195,0.0001,17152
819,357,0.2738200000000006,15.834839689999999,192,68796,84.0,3.110982656478882,0.0001,17173
820,357,0.27293333333333336,15.750102169999998,192,68880,84.0,8.78665542602539,0.0001,17194
821,358,0.2720466666666672,15.675975480000002,192,68964,84.0,0.15355008840560913,0.0001,17215
822,358,0.27115999999999996,15.554177290000002,192,69048,84.0,8.993783950805664,0.0001,17236
823,359,0.2702733333333339,15.579096090000002,192,69132,84.0,3.09967041015625,0.0001,17257
824,359,0.26938666666666666,15.646328610000003,192,69216,84.0,3.06356143951416,0.0001,17278
825,360,0.2685000000000005,15.7522698,192,69300,84.0,6.08103084564209,0.0001,17299
826,360,0.26761333333333326,15.78747694,192,69384,84.0,8.852069854736328,0.0001,17320
827,361,0.2667266666666672,15.91469588,192,69468,84.0,0.12026702612638474,0.0001,17341
828,362,0.26583999999999997,15.862835160000001,192,69552,84.0,5.983453750610352,0.0001,17362
829,362,0.2649533333333338,15.802842500000002,192,69636,84.0,0.18281108140945435,0.0001,17383
830,363,0.26406666666666656,15.778956700000004,191,69720,84.0,0.09728802740573883,0.0001,17404
831,363,0.2631800000000005,15.694355700000001,191,69804,84.0,3.075228214263916,0.0001,17425
832,364,0.26229333333333327,15.801269860000001,191,69888,84.0,3.1009647846221924,0.0001,17446
833,364,0.2614066666666671,15.832941089999998,191,69972,84.0,0.25513994693756104,0.0001,17467
834,365,0.26051999999999986,15.809445720000001,191,70056,84.0,0.23072555661201477,0.0001,17488
835,365,0.2596333333333338,15.916206419999998,191,70140,84.0,3.290757417678833,0.0001,17509
836,366,0.25874666666666657,15.93281397,191,70224,84.0,0.2335239052772522,0.0001,17530
837,366,0.2578600000000004,15.860205270000002,191,70308,84.0,3.0500731468200684,0.0001,17551
838,367,0.25697333333333316,15.747598240000002,191,70392,84.0,0.1652388870716095,0.0001,17572
839,367,0.25608666666666713,15.61708846,191,70476,84.0,0.07238949090242386,0.0001,17593
840,368,0.25519999999999987,15.487884710000001,191,70560,84.0,0.10607688874006271,0.0001,17614
841,368,0.2543133333333337,15.545359049999997,191,70644,84.0,0.1356346607208252,0.0001,17635
842,369,0.25342666666666647,15.59581225,191,70728,84.0,0.08694009482860565,0.0001,17656
843,369,0.25254000000000043,15.545241720000002,191,70812,84.0,0.1121608316898346,0.0001,17677
844,370,0.2516533333333332,15.390929940000001,191,70896,84.0,0.15366211533546448,0.0001,17698
845,370,0.250766666666667,15.33706915,191,70980,84.0,0.14006543159484863,0.0001,17719
846,371,0.24987999999999977,15.411458699999999,191,71064,84.0,0.1987052857875824,0.0001,17740
847,372,0.24899333333333373,15.380108879999998,191,71148,84.0,6.054374694824219,0.0001,17761
848,372,0.24810666666666648,15.44969046,191,71232,84.0,0.13128450512886047,0.0001,17782
849,373,0.24722000000000033,15.358842899999999,191,71316,84.0,3.068422794342041,0.0001,17803
850,373,0.24633333333333307,15.474425429999998,191,71400,84.0,0.10206285119056702,0.0001,17824
851,374,0.24544666666666703,15.501407140000001,190,71484,84.0,0.19263434410095215,0.0001,17845
852,374,0.24455999999999978,15.58764403,190,71568,84.0,0.12874194979667664,0.0001,17866
853,375,0.24367333333333363,15.431783650000002,190,71652,84.0,0.22606422007083893,0.0001,17887
854,375,0.24278666666666637,15.43379076,190,71736,84.0,0.09752371907234192,0.0001,17908
855,376,0.24190000000000034,15.431181220000001,190,71820,84.0,6.029164791107178,0.0001,17929
856,376,0.24101333333333308,15.339365860000001,190,71904,84.0,0.08213569223880768,0.0001,17950
857,377,0.24012666666666693,15.231121080000001,190,71988,84.0,0.168623149394989,0.0001,17971
858,377,0.23923999999999968,15.265140770000002,190,72072,84.0,0.1426398903131485,0.0001,17992
859,378,0.23835333333333364,15.256529090000004,190,72156,84.0,0.06617952883243561,0.0001,18013
860,378,0.23746666666666638,15.280285610000004,190,72240,84.0,0.2142661213874817,0.0001,18034
861,379,0.23658000000000023,15.275151260000003,190,72324,84.0,3.160452365875244,0.0001,18055
862,379,0.23569333333333298,15.22102805,190,72408,84.0,3.091259479522705,0.0001,18076
863,379,0.23480666666666694,15.314757809999998,190,72492,84.0,0.14374567568302155,0.0001,18097
864,380,0.23391999999999968,15.350414619999999,190,72576,84.0,3.043161630630493,0.0001,18118
865,380,0.23303333333333354,15.328016799999999,190,72660,84.0,0.16834959387779236,0.0001,18139
866,381,0.23214666666666628,15.34638536,190,72744,84.0,0.2155630737543106,0.0001,18160
867,381,0.23126000000000024,15.379002170000001,190,72828,84.0,0.10319171845912933,0.0001,18181
868,382,0.23037333333333299,15.48291115,190,72912,84.0,3.1183106899261475,0.0001,18202
869,383,0.22948666666666684,15.581159580000003,190,72996,84.0,6.035273551940918,0.0001,18223
870,383,0.22860000000000058,15.63343698,190,73080,84.0,0.07416940480470657,0.0001,18244
871,384,0.22771333333333355,15.717381020000003,190,73164,84.0,0.10030364990234375,0.0001,18265
872,384,0.2268266666666663,15.6126467,190,73248,84.0,0.11707837879657745,0.0001,18286
873,385,0.22594000000000014,15.57652622,190,73332,84.0,2.9780359268188477,0.0001,18307
874,385,0.22505333333333388,15.539150849999999,190,73416,84.0,0.12830129265785217,0.0001,18328
875,386,0.22416666666666685,15.569153579999998,190,73500,84.0,3.028172731399536,0.0001,18349
876,387,0.2232799999999996,15.601144899999998,190,73584,84.0,0.18014872074127197,0.0001,18370
877,387,0.22239333333333344,15.504618509999998,190,73668,84.0,0.11023719608783722,0.0001,18391
878,388,0.22150666666666718,15.499231609999997,189,73752,84.0,0.21001215279102325,0.0001,18412
879,388,0.22062000000000015,15.397935779999997,189,73836,84.0,0.1498335897922516,0.0001,18433
880,389,0.2197333333333329,15.374284569999997,189,73920,84.0,0.14126130938529968,0.0001,18454
881,390,0.21884666666666674,15.474314199999998,189,74004,84.0,0.18415358662605286,0.0001,18475
882,390,0.2179600000000005,15.555613639999997,189,74088,84.0,0.16664297878742218,0.0001,18496
883,391,0.21707333333333345,15.581675569999998,189,74172,84.0,0.23018832504749298,0.0001,18517
884,392,0.2161866666666662,15.563424539999996,189,74256,84.0,0.20459789037704468,0.0001,18538
885,392,0.21530000000000005,15.46074538,189,74340,84.0,0.11959786713123322,0.0001,18559
886,393,0.2144133333333338,15.409755770000002,189,74424,84.0,0.1860186755657196,0.0001,18580
887,394,0.21352666666666675,15.498213099999997,189,74508,84.0,0.14607706665992737,0.0001,18601
888,394,0.2126400000000005,15.460456200000001,188,74592,84.0,0.11536742746829987,0.0001,18622
889,395,0.21175333333333335,15.484211290000001,188,74676,84.0,3.0665881633758545,0.0001,18643
890,396,0.2108666666666671,15.493838159999997,188,74760,84.0,0.09997160732746124,0.0001,18664
891,396,0.20998000000000006,15.462941699999998,188,74844,84.0,0.10214090347290039,0.0001,18685
892,397,0.2090933333333338,15.498825779999999,188,74928,84.0,0.1290283203125,0.0001,18706
893,397,0.20820666666666665,15.51945381,188,75012,84.0,0.19230934977531433,0.0001,18727
894,398,0.2073200000000004,15.586814089999997,188,75096,84.0,0.13995811343193054,0.0001,18748
895,398,0.20643333333333336,15.56399207,188,75180,84.0,0.17366816103458405,0.0001,18769
896,399,0.2055466666666671,15.623868179999997,188,75264,84.0,0.12155662477016449,0.0001,18790
897,399,0.20465999999999995,15.58085036,188,75348,84.0,6.0030412673950195,0.0001,18811
898,400,0.2037733333333337,15.54385165,188,75432,84.0,0.16341978311538696,0.0001,18832
899,400,0.20288666666666666,15.434443410000002,188,75516,84.0,0.17311424016952515,0.0001,18853
900,401,0.2020000000000004,15.425154410000005,188,75600,84.0,0.10163446515798569,0.0001,18874
901,402,0.20111333333333326,15.529750060000003,188,75684,84.0,0.15691162645816803,0.0001,18895
902,402,0.200226666666667,15.430346650000004,188,75768,84.0,0.13503244519233704,0.0001,18916
903,403,0.19933999999999996,15.329898890000003,188,75852,84.0,0.19156982004642487,0.0001,18937
904,403,0.1984533333333337,15.26179675,188,75936,84.0,0.15895405411720276,0.0001,18958
905,404,0.19756666666666656,15.26469504,188,76020,84.0,0.052249640226364136,0.0001,18979
906,404,0.1966800000000003,15.25142684,188,76104,84.0,0.08760654926300049,0.0001,19000
907,405,0.19579333333333326,15.18009902,187,76188,84.0,3.0977110862731934,0.0001,19021
908,405,0.194906666666667,15.19056411,187,76272,84.0,3.0793957710266113,0.0001,19042
909,406,0.19401999999999986,15.09080889,187,76356,84.0,0.13325561583042145,0.0001,19063
910,407,0.1931333333333336,15.114589550000003,187,76440,84.0,3.12602162361145,0.0001,19084
911,407,0.19224666666666657,15.090751360000002,187,76524,84.0,6.092507839202881,0.0001,19105
912,408,0.1913600000000003,15.149946640000001,187,76608,84.0,0.1556459367275238,0.0001,19126
913,408,0.19047333333333316,15.02957534,187,76692,84.0,0.17550592124462128,0.0001,19147
914,409,0.1895866666666669,14.87971815,187,76776,84.0,0.14503377676010132,0.0001,19168
915,409,0.18869999999999987,14.995808749999998,187,76860,84.0,0.14396096765995026,0.0001,19189
916,410,0.1878133333333336,15.037817050000001,187,76944,84.0,3.1736817359924316,0.0001,19210
917,410,0.18692666666666646,15.04701131,187,77028,84.0,0.20431660115718842,0.0001,19231
918,411,0.1860400000000002,14.895129630000001,187,77112,84.0,3.14719557762146,0.0001,19252
919,412,0.18515333333333317,14.852684610000004,187,77196,84.0,0.12044829875230789,0.0001,19273
920,412,0.1842666666666669,14.8876838,187,77280,84.0,0.1644020974636078,0.0001,19294
921,413,0.18337999999999977,14.882482069999998,187,77364,84.0,0.12529541552066803,0.0001,19315
922,414,0.1824933333333335,14.89260783,187,77448,84.0,0.11400875449180603,0.0001,19336
923,414,0.18160666666666647,14.916752929999998,186,77532,84.0,0.14303940534591675,0.0001,19357
924,415,0.1807200000000002,14.799115909999998,186,77616,84.0,0.1818077266216278,0.0001,19378
925,416,0.17983333333333307,14.681282399999997,186,77700,84.0,3.1210548877716064,0.0001,19399
926,416,0.1789466666666668,14.669343319999998,186,77784,84.0,6.004948139190674,0.0001,19420
927,417,0.17805999999999977,14.62075054,186,77868,84.0,0.09173677861690521,0.0001,19441
928,418,0.17717333333333352,14.77070097,186,77952,84.0,0.12389831990003586,0.0001,19462
929,418,0.17628666666666637,14.76114075,186,78036,84.0,0.06229669973254204,0.0001,19483
930,419,0.1754000000000001,14.69171142,186,78120,84.0,0.19658465683460236,0.0001,19504
931,420,0.17451333333333308,14.781679720000001,186,78204,84.0,0.05351150780916214,0.0001,19525
932,420,0.17362666666666682,14.822469770000003,185,78288,84.0,3.140836238861084,0.0001,19546
933,421,0.17273999999999967,14.781269880000004,185,78372,84.0,2.9831130504608154,0.0001,19567
934,422,0.1718533333333334,14.742010390000003,185,78456,84.0,0.09736853837966919,0.0001,19588
935,422,0.17096666666666638,14.617980300000001,185,78540,84.0,0.20466452836990356,0.0001,19609
936,423,0.17008000000000012,14.481615750000001,185,78624,84.0,2.9741921424865723,0.0001,19630
937,424,0.16919333333333297,14.530711860000002,185,78708,84.0,0.12553493678569794,0.0001,19651
938,424,0.16830666666666672,14.60419646,185,78792,84.0,6.13913631439209,0.0001,19672
939,425,0.16742000000000057,14.650772209999998,185,78876,84.0,0.17394283413887024,0.0001,19693
940,426,0.16653333333333342,14.746815080000001,185,78960,84.0,6.05075216293335,0.0001,19714
941,426,0.16564666666666628,14.785779549999997,185,79044,84.0,0.25942346453666687,0.0001,19735
942,427,0.16476000000000002,14.85837127,185,79128,84.0,0.12305904924869537,0.0001,19756
943,427,0.16387333333333387,14.88978928,185,79212,84.0,2.995295524597168,0.0001,19777
944,428,0.16298666666666672,14.966377320000001,185,79296,84.0,0.0872095376253128,0.0001,19798
945,429,0.16209999999999958,14.933718499999998,184,79380,84.0,3.143995761871338,0.0001,19819
946,429,0.16121333333333332,14.840899399999998,184,79464,84.0,0.2335285097360611,0.0001,19840
947,430,0.16032666666666717,14.782904769999998,184,79548,84.0,0.0932532325387001,0.0001,19861
948,430,0.15944000000000003,14.606750239999998,184,79632,84.0,3.0721311569213867,0.0001,19882
949,431,0.15855333333333288,14.618740669999998,184,79716,84.0,0.12792131304740906,0.0001,19903
950,431,0.15766666666666662,14.569319069999997,184,79800,84.0,0.2000071108341217,0.0001,19924
951,432,0.15678000000000047,14.475959439999997,184,79884,84.0,0.18891265988349915,0.0001,19945
952,433,0.15589333333333333,14.375559439999996,184,79968,84.0,0.10495525598526001,0.0001,19966
953,433,0.15500666666666718,14.359301089999999,184,80052,84.0,0.149565652012825,0.0001,19987
954,434,0.15411999999999992,14.249998910000002,184,80136,84.0,3.1897432804107666,0.0001,20008
955,434,0.15323333333333378,14.08889314,184,80220,84.0,0.15873125195503235,0.0001,20029
956,435,0.15234666666666663,14.05714785,184,80304,84.0,0.157672718167305,0.0001,20050
957,435,0.15146000000000048,14.05398058,184,80388,84.0,3.1435179710388184,0.0001,20071
958,436,0.15057333333333323,14.015065229999998,184,80472,84.0,5.936867713928223,0.0001,20092
959,437,0.14968666666666708,14.0240039,184,80556,84.0,5.977259635925293,0.0001,20113
960,437,0.14879999999999993,14.07079968,184,80640,84.0,0.1355915665626526,0.0001,20134
961,438,0.14791333333333379,14.042706410000001,184,80724,84.0,0.19836512207984924,0.0001,20155
962,438,0.14702666666666653,14.15999186,184,80808,84.0,3.0340871810913086,0.0001,20176
963,439,0.14614000000000038,14.25383836,184,80892,84.0,0.13875281810760498,0.0001,20197
964,440,0.14525333333333323,14.09308974,184,80976,84.0,3.0960073471069336,0.0001,20218
965,440,0.1443666666666671,14.153051940000001,184,81060,84.0,0.07061324268579483,0.0001,20239
966,441,0.14347999999999983,14.109685359999999,183,81144,84.0,0.10405878722667694,0.0001,20260
967,441,0.14259333333333368,14.166020649999998,183,81228,84.0,6.0893707275390625,0.0001,20281
968,442,0.14170666666666654,14.07676449,183,81312,84.0,0.1667773723602295,0.0001,20302
969,442,0.1408200000000004,13.95211546,183,81396,84.0,0.14509522914886475,0.0001,20323
970,443,0.13993333333333313,13.844130929999999,183,81480,84.0,0.19844095408916473,0.0001,20344
971,443,0.13904666666666698,13.811886659999997,183,81564,84.0,0.09893756359815598,0.0001,20365
972,444,0.13815999999999984,13.86785676,183,81648,84.0,0.15232740342617035,0.0001,20386
973,444,0.1372733333333337,13.795562420000001,183,81732,84.0,3.0692648887634277,0.0001,20407
974,445,0.13638666666666643,13.886799530000003,183,81816,84.0,0.1711084395647049,0.0001,20428
975,445,0.1355000000000003,13.844591360000003,183,81900,84.0,0.07200643420219421,0.0001,20449
976,446,0.13461333333333314,13.694921899999999,183,81984,84.0,0.28313496708869934,0.0001,20470
977,446,0.133726666666667,13.648553709999998,183,82068,84.0,3.1125402450561523,0.0001,20491
978,447,0.13283999999999974,13.537841329999997,183,82152,84.0,3.0003879070281982,0.0001,20512
979,448,0.1319533333333336,13.541692079999997,183,82236,84.0,0.10773412883281708,0.0001,20533
980,448,0.13106666666666644,13.4496444,183,82320,84.0,0.22148390114307404,0.0001,20554
981,449,0.1301800000000003,13.280160689999997,183,82404,84.0,3.031334400177002,0.0001,20575
982,449,0.12929333333333304,13.131373870000003,183,82488,84.0,3.0992238521575928,0.0001,20596
983,450,0.1284066666666669,13.07540784,183,82572,84.0,0.15874844789505005,0.0001,20617
984,451,0.12751999999999974,13.086130420000002,183,82656,84.0,0.16434678435325623,0.0001,20638
985,451,0.1266333333333336,13.064155450000001,183,82740,84.0,0.16328513622283936,0.0001,20659
986,452,0.12574666666666634,13.216270850000003,183,82824,84.0,0.1649831235408783,0.0001,20680
987,452,0.12486000000000019,13.07652483,183,82908,84.0,0.13156360387802124,0.0001,20701
988,453,0.12397333333333305,13.116997300000001,183,82992,84.0,0.15144284069538116,0.0001,20722
989,453,0.1230866666666669,13.178165420000001,183,83076,84.0,0.11745523661375046,0.0001,20743
990,454,0.12219999999999964,13.05977773,183,83160,84.0,0.17982113361358643,0.0001,20764
991,454,0.1213133333333335,13.083654500000002,183,83244,84.0,0.12656816840171814,0.0001,20785
992,455,0.12042666666666635,13.075722319999997,183,83328,84.0,0.13780735433101654,0.0001,20806
993,455,0.1195400000000002,13.069822369999999,183,83412,84.0,3.2513318061828613,0.0001,20827
994,456,0.11865333333333294,13.026493879999999,182,83496,84.0,0.12096995860338211,0.0001,20848
995,456,0.1177666666666668,13.028655629999998,182,83580,84.0,0.24834904074668884,0.0001,20869
996,457,0.11687999999999965,13.026724199999999,182,83664,84.0,0.1741805076599121,0.0001,20890
997,457,0.1159933333333335,13.11486453,182,83748,84.0,3.121743679046631,0.0001,20911
998,458,0.11510666666666625,13.305903749999997,182,83832,84.0,0.11768269538879395,0.0001,20932
999,459,0.1142200000000001,13.278282969999996,182,83916,84.0,5.9816694259643555,0.0001,20953
1000,459,0.11333333333333295,13.234333239999998,182,84000,84.0,3.0721209049224854,0.0001,20974
1001,460,0.1124466666666668,13.075818259999998,182,84084,84.0,3.298100709915161,0.0001,20995
1002,460,0.11155999999999955,13.10398422,182,84168,84.0,0.15045824646949768,0.0001,21016
1003,461,0.1106733333333334,13.073090080000002,182,84252,84.0,0.10112810134887695,0.0001,21037
1004,462,0.10978666666666737,13.139582299999999,182,84336,84.0,3.0636823177337646,0.0001,21058
1005,462,0.10890000000000011,13.088822279999997,182,84420,84.0,3.064948081970215,0.0001,21079
1006,463,0.10801333333333296,13.250723529999998,182,84504,84.0,0.24318048357963562,0.0001,21100
1007,463,0.1071266666666667,13.262957689999999,182,84588,84.0,0.15235868096351624,0.0001,21121
1008,464,0.10624000000000067,13.20502884,182,84672,84.0,0.15298102796077728,0.0001,21142
1009,464,0.10535333333333341,13.15543088,182,84756,84.0,3.1157822608947754,0.0001,21163
1010,465,0.10446666666666626,13.03732609,182,84840,84.0,0.08621201664209366,0.0001,21184
1011,466,0.10358,13.094776819999998,182,84924,84.0,0.1686772108078003,0.0001,21205
1012,466,0.10269333333333397,13.020325739999999,182,85008,84.0,3.1810736656188965,0.0001,21226
1013,467,0.10180666666666671,13.01743254,182,85092,84.0,0.15283694863319397,0.0001,21247
1014,467,0.10091999999999957,13.029204340000001,182,85176,84.0,0.10767625272274017,0.0001,21268
1015,468,0.10003333333333331,12.944300940000003,182,85260,84.0,3.0312366485595703,0.0001,21289
1016,468,0.09914666666666727,13.017379900000003,182,85344,84.0,0.14618653059005737,0.0001,21310
1017,469,0.09826000000000001,13.030266300000001,182,85428,84.0,0.17455288767814636,0.0001,21331
1018,469,0.09737333333333287,13.067897530000003,182,85512,84.0,0.05406762287020683,0.0001,21352
1019,470,0.09648666666666661,13.08614579,181,85596,84.0,0.15456894040107727,0.0001,21373
1020,470,0.09560000000000057,13.043639370000001,181,85680,84.0,0.16529759764671326,0.0001,21394
1021,471,0.09471333333333332,13.049300270000002,181,85764,84.0,0.14005467295646667,0.0001,21415
1022,472,0.09382666666666717,13.00911918,181,85848,84.0,3.1794421672821045,0.0001,21436
1023,472,0.09293999999999991,12.96625133,181,85932,84.0,2.973902940750122,0.0001,21457
1024,473,0.09205333333333388,13.04983383,181,86016,84.0,0.1839621663093567,0.0001,21478
1025,473,0.09116666666666662,13.003790799999999,181,86100,84.0,3.0706026554107666,0.0001,21499
1026,474,0.09028000000000047,12.91943716,181,86184,84.0,0.13188482820987701,0.0001,21520
1027,474,0.08939333333333321,12.97294434,181,86268,84.0,0.13000600039958954,0.0001,21541
1028,475,0.08850666666666718,12.92236618,181,86352,84.0,0.08143720775842667,0.0001,21562
1029,475,0.08761999999999992,12.975106150000002,181,86436,84.0,3.062415838241577,0.0001,21583
1030,476,0.08673333333333377,12.947992199999998,181,86520,84.0,3.0436575412750244,0.0001,21604
1031,476,0.08584666666666652,12.935399699999998,181,86604,84.0,0.15364843606948853,0.0001,21625
1032,477,0.08496000000000048,12.752388099999997,181,86688,84.0,0.17773470282554626,0.0001,21646
1033,477,0.08407333333333322,12.87540894,181,86772,84.0,0.24218910932540894,0.0001,21667
1034,478,0.08318666666666708,12.875824449999998,181,86856,84.0,5.998685359954834,0.0001,21688
1035,478,0.08229999999999982,12.894322809999998,181,86940,84.0,3.3032467365264893,0.0001,21709
1036,479,0.08141333333333378,12.942867999999997,181,87024,84.0,0.13811680674552917,0.0001,21730
1037,479,0.08052666666666652,12.913191939999999,181,87108,84.0,0.15291622281074524,0.0001,21751
1038,480,0.07964000000000038,12.816759809999999,181,87192,84.0,0.18547657132148743,0.0001,21772
1039,480,0.07875333333333312,12.782353359999997,181,87276,84.0,3.1530559062957764,0.0001,21793
1040,481,0.07786666666666708,12.819021089999996,181,87360,84.0,3.1814041137695312,0.0001,21814
1041,481,0.07697999999999983,12.69980513,181,87444,84.0,0.1301048994064331,0.0001,21835
1042,482,0.07609333333333368,12.588462760000002,181,87528,84.0,0.21842405200004578,0.0001,21856
1043,482,0.07520666666666642,12.615184170000003,181,87612,84.0,0.1439523845911026,0.0001,21877
1044,483,0.07432000000000039,12.579355510000001,181,87696,84.0,0.13040800392627716,0.0001,21898
1045,483,0.07343333333333313,12.48413531,181,87780,84.0,0.10865038633346558,0.0001,21919
1046,484,0.07254666666666698,12.414634580000001,181,87864,84.0,3.113878011703491,0.0001,21940
1047,484,0.07165999999999972,12.53730895,181,87948,84.0,3.0464823246002197,0.0001,21961
1048,485,0.07077333333333369,12.71746172,181,88032,84.0,6.07149600982666,0.0001,21982
1049,485,0.06988666666666643,12.675746349999999,181,88116,84.0,3.0488650798797607,0.0001,22003
1050,486,0.06900000000000028,12.650469719999998,181,88200,84.0,3.114149332046509,0.0001,22024
1051,487,0.06811333333333303,12.695366209999998,181,88284,84.0,0.21461278200149536,0.0001,22045
1052,487,0.06722666666666699,12.776149839999995,181,88368,84.0,11.888381958007812,0.0001,22066
1053,488,0.06633999999999973,12.955230129999995,181,88452,84.0,3.0908362865448,0.0001,22087
1054,488,0.06545333333333359,12.961757649999997,181,88536,84.0,0.15995962917804718,0.0001,22108
1055,489,0.06456666666666633,13.090412019999999,181,88620,84.0,0.21157467365264893,0.0001,22129
1056,489,0.06368000000000029,13.09722277,181,88704,84.0,3.1327321529388428,0.0001,22150
1057,490,0.06279333333333303,13.09818325,181,88788,84.0,6.105648994445801,0.0001,22171
1058,490,0.06190666666666689,13.04468206,181,88872,84.0,0.23077523708343506,0.0001,22192
1059,491,0.06101999999999963,13.061810520000003,181,88956,84.0,3.052091360092163,0.0001,22213
1060,491,0.060133333333333594,12.930396040000003,181,89040,84.0,0.13899590075016022,0.0001,22234
1061,492,0.05924666666666634,12.900770490000003,181,89124,84.0,0.11941516399383545,0.0001,22255
1062,492,0.05836000000000019,12.82899651,180,89208,84.0,0.11464841663837433,0.0001,22276
1063,493,0.05747333333333293,12.6170495,180,89292,84.0,3.1146340370178223,0.0001,22297
1064,494,0.056586666666666896,12.72861359,180,89376,84.0,0.17516812682151794,0.0001,22318
1065,494,0.05569999999999964,12.60612682,180,89460,84.0,0.1666916310787201,0.0001,22339
1066,495,0.05481333333333349,12.64295944,180,89544,84.0,0.12790755927562714,0.0001,22360
1067,495,0.053926666666666234,12.495814869999997,180,89628,84.0,3.0844199657440186,0.0001,22381
1068,496,0.0530400000000002,12.42101206,180,89712,84.0,0.16872179508209229,0.0001,22402
1069,496,0.05215333333333294,12.383045099999999,180,89796,84.0,0.16993853449821472,0.0001,22423
1070,497,0.051266666666666794,12.32142707,180,89880,84.0,0.16825780272483826,0.0001,22444
1071,497,0.050379999999999536,12.32767796,180,89964,84.0,0.3316906690597534,0.0001,22465
1072,498,0.05,12.232231070000001,180,90048,84.0,0.24657782912254333,0.0001,22486
1073,498,0.05,12.223920810000003,180,90132,84.0,0.1479121595621109,0.0001,22507
1074,499,0.05,11.936869280000003,180,90216,84.0,0.04877166450023651,0.0001,22528
1075,499,0.05,11.895133450000001,180,90300,84.0,3.1209797859191895,0.0001,22549
1076,500,0.05,11.865192489999997,180,90384,84.0,3.0747263431549072,0.0001,22570
1077,500,0.05,11.8135657,180,90468,84.0,3.116629123687744,0.0001,22591
1078,501,0.05,11.8198046,180,90552,84.0,0.1892428994178772,0.0001,22612
1079,501,0.05,11.78857378,180,90636,84.0,0.1716306209564209,0.0001,22633
1080,502,0.05,11.904123979999998,180,90720,84.0,3.1577742099761963,0.0001,22654
1081,503,0.05,11.97225198,180,90804,84.0,3.068565845489502,0.0001,22675
1082,503,0.05,11.92462795,180,90888,84.0,0.09974560141563416,0.0001,22696
1083,504,0.05,11.811009469999998,180,90972,84.0,3.079239845275879,0.0001,22717
1084,504,0.05,11.814275429999999,180,91056,84.0,3.015435218811035,0.0001,22738
1085,505,0.05,11.989607289999999,180,91140,84.0,3.088979959487915,0.0001,22759
1086,505,0.05,11.89496179,180,91224,84.0,0.1050642728805542,0.0001,22780
1087,506,0.05,12.02391383,180,91308,84.0,0.12508903443813324,0.0001,22801
1088,506,0.05,12.19036039,180,91392,84.0,0.16036972403526306,0.0001,22822
1089,507,0.05,12.10519093,180,91476,84.0,5.951026439666748,0.0001,22843
1090,507,0.05,12.090089689999997,180,91560,84.0,6.056769847869873,0.0001,22864
1091,508,0.05,12.093030469999999,180,91644,84.0,0.0985715240240097,0.0001,22885
1092,508,0.05,11.931421409999999,180,91728,84.0,3.100620985031128,0.0001,22906
1093,509,0.05,12.120656110000002,180,91812,84.0,0.15913748741149902,0.0001,22927
1094,509,0.05,12.251722840000003,180,91896,84.0,0.2638791799545288,0.0001,22948
1095,510,0.05,12.26457442,180,91980,84.0,3.113720417022705,0.0001,22969
1096,511,0.05,12.24023381,180,92064,84.0,0.11351247131824493,0.0001,22990
1097,511,0.05,12.15554361,180,92148,84.0,0.1555456817150116,0.0001,23011
1098,512,0.05,12.033109109999998,180,92232,84.0,0.15641826391220093,0.0001,23032
1099,512,0.05,12.063169420000001,180,92316,84.0,0.09751532971858978,0.0001,23053
1100,513,0.05,12.171306519999998,180,92400,84.0,0.17741891741752625,0.0001,23074
1101,513,0.05,12.262290599999998,180,92484,84.0,0.15437571704387665,0.0001,23095
1102,514,0.05,12.26732309,179,92568,84.0,3.07476544380188,0.0001,23116
1103,514,0.05,12.26308695,179,92652,84.0,3.0366010665893555,0.0001,23137
1104,515,0.05,12.19138337,179,92736,84.0,0.13992524147033691,0.0001,23158
1105,515,0.05,12.145883569999999,179,92820,84.0,0.15196529030799866,0.0001,23179
1106,516,0.05,12.08066816,179,92904,84.0,0.2485799938440323,0.0001,23200
1107,517,0.05,12.09293042,179,92988,84.0,0.12139185518026352,0.0001,23221
1108,517,0.05,12.15917951,179,93072,84.0,0.1368689388036728,0.0001,23242
1109,518,0.05,12.289372890000003,179,93156,84.0,0.15220648050308228,0.0001,23263
1110,518,0.05,12.496724330000001,179,93240,84.0,0.17915919423103333,0.0001,23284
1111,519,0.05,12.560617440000001,179,93324,84.0,0.11798463761806488,0.0001,23305
1112,519,0.05,12.567215119999998,179,93408,84.0,3.0185911655426025,0.0001,23326
1113,520,0.05,12.51031934,179,93492,84.0,0.16531714797019958,0.0001,23347
1114,520,0.05,12.453908209999998,179,93576,84.0,0.09540343284606934,0.0001,23368
1115,521,0.05,12.40644685,179,93660,84.0,0.17694565653800964,0.0001,23389
1116,521,0.05,12.422283169999998,179,93744,84.0,0.09329686313867569,0.0001,23410
1117,522,0.05,12.524044940000001,179,93828,84.0,0.10256627202033997,0.0001,23431
1118,522,0.05,12.598176750000002,179,93912,84.0,0.14829596877098083,0.0001,23452
1119,523,0.05,12.444017640000002,179,93996,84.0,0.18422487378120422,0.0001,23473
1120,523,0.05,12.504306080000003,179,94080,84.0,0.13145500421524048,0.0001,23494
1121,524,0.05,12.443682160000003,179,94164,84.0,0.1249212697148323,0.0001,23515
1122,524,0.05,12.567552319999999,179,94248,84.0,0.12518835067749023,0.0001,23536
1123,525,0.05,12.60877563,179,94332,84.0,0.10737507045269012,0.0001,23557
1124,526,0.05,12.54756733,179,94416,84.0,3.0897340774536133,0.0001,23578
1125,526,0.05,12.65177644,179,94500,84.0,0.19265568256378174,0.0001,23599
1126,527,0.05,12.783283070000003,179,94584,84.0,0.12975503504276276,0.0001,23620
1127,527,0.05,12.626207939999999,179,94668,84.0,0.09122787415981293,0.0001,23641
1128,528,0.05,12.535493259999999,179,94752,84.0,0.0807444304227829,0.0001,23662
1129,528,0.05,12.45672006,179,94836,84.0,11.80512809753418,0.0001,23683
1130,529,0.05,12.46277014,179,94920,84.0,3.0736749172210693,0.0001,23704
1131,529,0.05,12.39489399,179,95004,84.0,0.1121097132563591,0.0001,23725
1132,530,0.05,12.573731739999998,179,95088,84.0,0.09109345823526382,0.0001,23746
1133,530,0.05,12.48643659,179,95172,84.0,0.11038333177566528,0.0001,23767
1134,531,0.05,12.519992760000001,179,95256,84.0,0.20936435461044312,0.0001,23788
1135,532,0.05,12.590686630000002,179,95340,84.0,0.10762542486190796,0.0001,23809
1136,532,0.05,12.66677872,179,95424,84.0,0.21253451704978943,0.0001,23830
1137,533,0.05,12.572700170000003,179,95508,84.0,0.1448502242565155,0.0001,23851
1138,533,0.05,12.53031663,179,95592,84.0,0.18201196193695068,0.0001,23872
1139,534,0.05,12.53106654,179,95676,84.0,0.14742420613765717,0.0001,23893
1140,534,0.05,12.39166993,179,95760,84.0,3.0443201065063477,0.0001,23914
1141,535,0.05,12.385541970000002,179,95844,84.0,0.1089690625667572,0.0001,23935
1142,535,0.05,12.32469117,179,95928,84.0,0.16708464920520782,0.0001,23956
1143,536,0.05,12.17053405,179,96012,84.0,0.24604493379592896,0.0001,23977
1144,536,0.05,12.17768165,179,96096,84.0,0.10602724552154541,0.0001,23998
1145,537,0.05,12.322408610000002,178,96180,84.0,0.2526743412017822,0.0001,24019
1146,537,0.05,12.387572330000001,178,96264,84.0,0.11679679900407791,0.0001,24040
1147,538,0.05,12.24709685,178,96348,84.0,0.07295917719602585,0.0001,24061
1148,538,0.05,12.158082909999997,178,96432,84.0,0.21792131662368774,0.0001,24082
1149,539,0.05,12.334397690000001,178,96516,84.0,3.136371612548828,0.0001,24103
1150,540,0.05,12.285632159999999,178,96600,84.0,3.071352243423462,0.0001,24124
1151,540,0.05,12.228249609999995,178,96684,84.0,0.2123946100473404,0.0001,24145
1152,541,0.05,12.102936289999995,178,96768,84.0,3.008927583694458,0.0001,24166
1153,541,0.05,12.073550649999994,178,96852,84.0,0.130746528506279,0.0001,24187
1154,542,0.05,12.094341779999995,178,96936,84.0,0.1221463680267334,0.0001,24208
1155,542,0.05,12.118722359999998,178,97020,84.0,0.08902759850025177,0.0001,24229
1156,543,0.05,12.130468729999997,178,97104,84.0,0.10228927433490753,0.0001,24250
1157,543,0.05,12.278924619999998,178,97188,84.0,0.17647290229797363,0.0001,24271
1158,544,0.05,12.331896640000002,178,97272,84.0,6.009675979614258,0.0001,24292
1159,544,0.05,12.38396404,178,97356,84.0,0.12524719536304474,0.0001,24313
1160,545,0.05,12.364215790000003,178,97440,84.0,0.1075882688164711,0.0001,24334
1161,545,0.05,12.377403500000003,178,97524,84.0,0.11400938034057617,0.0001,24355
1162,546,0.05,12.299551300000003,178,97608,84.0,0.19732704758644104,0.0001,24376
1163,546,0.05,12.42411452,178,97692,84.0,3.0463294982910156,0.0001,24397
1164,547,0.05,12.29325962,178,97776,84.0,0.16790363192558289,0.0001,24418
1165,547,0.05,12.380332110000001,178,97860,84.0,2.984060525894165,0.0001,24439
1166,548,0.05,12.24817823,178,97944,84.0,0.31277331709861755,0.0001,24460
1167,548,0.05,12.234224650000003,178,98028,84.0,3.2155392169952393,0.0001,24481
1168,549,0.05,12.379096130000002,178,98112,84.0,0.16420695185661316,0.0001,24502
1169,549,0.05,12.396754490000003,178,98196,84.0,0.17366011440753937,0.0001,24523
1170,550,0.05,12.41028943,178,98280,84.0,6.032129764556885,0.0001,24544
1171,550,0.05,12.41685393,178,98364,84.0,0.17669883370399475,0.0001,24565
1172,551,0.05,12.450346179999999,178,98448,84.0,3.005409002304077,0.0001,24586
1173,551,0.05,12.45455005,178,98532,84.0,0.2488766312599182,0.0001,24607
1174,552,0.05,12.724056910000002,178,98616,84.0,3.0260331630706787,0.0001,24628
1175,553,0.05,12.71226903,178,98700,84.0,0.07295529544353485,0.0001,24649
1176,553,0.05,12.93146383,178,98784,84.0,0.06981825083494186,0.0001,24670
1177,554,0.05,12.985395150000004,178,98868,84.0,0.13225889205932617,0.0001,24691
1178,554,0.05,13.08348658,178,98952,84.0,3.0747878551483154,0.0001,24712
1179,555,0.05,13.10234838,178,99036,84.0,3.131938934326172,0.0001,24733
1180,555,0.05,12.9483355,178,99120,84.0,0.07273580878973007,0.0001,24754
1181,556,0.05,13.02305701,178,99204,84.0,3.0198521614074707,0.0001,24775
1182,556,0.05,13.05189898,178,99288,84.0,0.1337207555770874,0.0001,24796
1183,557,0.05,13.12416772,178,99372,84.0,0.131691575050354,0.0001,24817
1184,557,0.05,13.10179386,178,99456,84.0,6.046380519866943,0.0001,24838
1185,558,0.05,12.943969220000001,178,99540,84.0,0.1279001384973526,0.0001,24859
1186,559,0.05,12.83268695,178,99624,84.0,0.19135645031929016,0.0001,24880
1187,559,0.05,12.657508519999999,178,99708,84.0,2.998277187347412,0.0001,24901
1188,560,0.05,12.54656073,178,99792,84.0,3.1029908657073975,0.0001,24922
1189,560,0.05,12.53700579,178,99876,84.0,2.9804816246032715,0.0001,24943
1190,560,0.05,12.64583664,178,99960,84.0,0.09373311698436737,0.0001,24964
1191,561,0.05,12.591434050000002,178,100044,84.0,0.24689710140228271,0.0001,24985
1192,562,0.05,12.744474330000005,178,100128,84.0,0.2427746057510376,0.0001,25006
1193,562,0.05,12.499362170000001,178,100212,84.0,0.10691913962364197,0.0001,25027
1194,563,0.05,12.324720509999999,178,100296,84.0,3.0328006744384766,0.0001,25048
1195,563,0.05,12.25789434,178,100380,84.0,0.16000446677207947,0.0001,25069
1196,564,0.05,12.235445979999998,178,100464,84.0,0.1945367157459259,0.0001,25090
1197,564,0.05,12.13232425,178,100548,84.0,0.1808473914861679,0.0001,25111
1198,565,0.05,12.072518969999997,178,100632,84.0,0.2398325502872467,0.0001,25132
1199,565,0.05,12.078382649999996,177,100716,84.0,0.13465213775634766,0.0001,25153
1200,566,0.05,12.064140679999998,177,100800,84.0,3.0469443798065186,0.0001,25174
1201,566,0.05,11.944024979999996,177,100884,84.0,0.28934013843536377,0.0001,25195
1202,567,0.05,11.931650419999999,177,100968,84.0,0.12071391940116882,0.0001,25216
1203,567,0.05,11.944838429999997,177,101052,84.0,0.16109567880630493,0.0001,25237
1204,568,0.05,11.79523352,177,101136,84.0,0.2193794697523117,0.0001,25258
1205,568,0.05,11.84536671,177,101220,84.0,0.2396843582391739,0.0001,25279
1206,569,0.05,11.758131310000001,177,101304,84.0,3.0823893547058105,0.0001,25300
1207,570,0.05,11.703239829999998,177,101388,84.0,3.152003526687622,0.0001,25321
1208,570,0.05,11.675667589999998,177,101472,84.0,0.2010193020105362,0.0001,25342
1209,571,0.05,11.65435866,177,101556,84.0,5.986181735992432,0.0001,25363
1210,571,0.05,11.55619136,177,101640,84.0,0.1379900723695755,0.0001,25384
1211,572,0.05,11.363769950000004,177,101724,84.0,0.26774775981903076,0.0001,25405
1212,572,0.05,11.366546810000003,177,101808,84.0,3.078313112258911,0.0001,25426
1213,573,0.05,11.421165570000003,177,101892,84.0,0.2082946002483368,0.0001,25447
1214,573,0.05,11.558286780000001,177,101976,84.0,0.1596173793077469,0.0001,25468
1215,574,0.05,11.58430488,177,102060,84.0,0.07495415210723877,0.0001,25489
1216,575,0.05,11.5218353,177,102144,84.0,0.1415492594242096,0.0001,25510
1217,575,0.05,11.325615789999999,177,102228,84.0,3.1726646423339844,0.0001,25531
1218,576,0.05,11.16608837,177,102312,84.0,0.16496503353118896,0.0001,25552
1219,576,0.05,11.32578189,177,102396,84.0,0.229061096906662,0.0001,25573
1220,576,0.05,11.298963800000001,177,102480,84.0,0.23441937565803528,0.0001,25594
1221,577,0.05,11.40096628,177,102564,84.0,0.14359542727470398,0.0001,25615
1222,578,0.05,11.24603044,177,102648,84.0,0.20692044496536255,0.0001,25636
1223,578,0.05,11.297682610000003,177,102732,84.0,0.12360087037086487,0.0001,25657
1224,579,0.05,11.173252300000001,177,102816,84.0,3.117591142654419,0.0001,25678
1225,579,0.05,11.11698311,177,102900,84.0,3.179583787918091,0.0001,25699
1226,580,0.05,10.832608040000002,177,102984,84.0,3.140211343765259,0.0001,25720
1227,580,0.05,10.826743600000002,177,103068,84.0,0.1040443703532219,0.0001,25741
1228,581,0.05,10.862805919999998,177,103152,84.0,3.1028690338134766,0.0001,25762
1229,581,0.05,10.992778410000001,177,103236,84.0,0.08274371922016144,0.0001,25783
1230,582,0.05,10.963741289999998,177,103320,84.0,0.175346240401268,0.0001,25804
1231,582,0.05,11.013055729999998,177,103404,84.0,0.21263545751571655,0.0001,25825
1232,583,0.05,10.944963620000001,177,103488,84.0,3.116553544998169,0.0001,25846
1233,583,0.05,10.901708800000002,177,103572,84.0,0.212773397564888,0.0001,25867
1234,584,0.05,10.924409090000001,177,103656,84.0,0.1970248967409134,0.0001,25888
1235,585,0.05,10.903737510000003,177,103740,84.0,0.13957417011260986,0.0001,25909
1236,585,0.05,10.9397196,177,103824,84.0,0.16254906356334686,0.0001,25930
1237,586,0.05,10.937582970000001,177,103908,84.0,0.1203373596072197,0.0001,25951
1238,586,0.05,10.90297395,177,103992,84.0,0.15096242725849152,0.0001,25972
1239,587,0.05,10.81661491,177,104076,84.0,3.179478645324707,0.0001,25993
1240,587,0.05,10.782967220000003,177,104160,84.0,0.10825664550065994,0.0001,26014
1241,588,0.05,10.80752919,177,104244,84.0,3.1373116970062256,0.0001,26035
1242,588,0.05,10.827892550000001,177,104328,84.0,0.1232638880610466,0.0001,26056
1243,589,0.05,10.87143022,177,104412,84.0,0.10506327450275421,0.0001,26077
1244,590,0.05,10.85715606,177,104496,84.0,0.2585461139678955,0.0001,26098
1245,590,0.05,10.773564250000002,177,104580,84.0,0.18909350037574768,0.0001,26119
1246,591,0.05,10.67844152,177,104664,84.0,0.17596065998077393,0.0001,26140
1247,591,0.05,10.66982477,177,104748,84.0,0.1671786606311798,0.0001,26161
1248,592,0.05,10.59518798,177,104832,84.0,3.3367104530334473,0.0001,26182
1249,592,0.05,10.415982809999997,177,104916,84.0,6.090123653411865,0.0001,26203
1250,593,0.05,10.368257040000001,177,105000,84.0,3.1260359287261963,0.0001,26224
1251,593,0.05,10.32141302,177,105084,84.0,3.0201914310455322,0.0001,26245
1252,594,0.05,10.313811620000001,176,105168,84.0,0.11182558536529541,0.0001,26266
1253,594,0.05,10.24694066,176,105252,84.0,0.16199912130832672,0.0001,26287
1254,595,0.05,10.2366121,176,105336,84.0,3.013580560684204,0.0001,26308
1255,595,0.05,10.131890870000001,176,105420,84.0,3.0733416080474854,0.0001,26329
1256,596,0.05,10.292985100000001,176,105504,84.0,0.05996790528297424,0.0001,26350
1257,596,0.05,10.10733141,176,105588,84.0,0.10033023357391357,0.0001,26371
1258,597,0.05,10.058728160000001,176,105672,84.0,0.2046901285648346,0.0001,26392
1259,597,0.05,10.09383558,176,105756,84.0,3.215721368789673,0.0001,26413
1260,598,0.05,10.127640060000001,176,105840,84.0,3.360422372817993,0.0001,26434
1261,599,0.05,10.04870412,176,105924,84.0,0.17298546433448792,0.0001,26455
1262,599,0.05,10.018516530000001,176,106008,84.0,0.12186647206544876,0.0001,26476
1263,600,0.05,9.924487430000001,176,106092,84.0,0.17212623357772827,0.0001,26497
1264,600,0.05,9.919662180000001,176,106176,84.0,0.09022848308086395,0.0001,26518
1265,601,0.05,10.03167159,176,106260,84.0,2.978954553604126,0.0001,26539
1266,601,0.05,9.995519550000001,176,106344,84.0,0.11985749006271362,0.0001,26560
1267,602,0.05,10.04015216,176,106428,84.0,0.24496668577194214,0.0001,26581
1268,602,0.05,9.959967019999999,176,106512,84.0,0.06756386905908585,0.0001,26602
1269,603,0.05,10.02461714,176,106596,84.0,3.206929922103882,0.0001,26623
1270,603,0.05,10.03110341,176,106680,84.0,0.1681213080883026,0.0001,26644
1271,604,0.05,10.070225939999998,176,106764,84.0,0.37860143184661865,0.0001,26665
1272,604,0.05,10.06359513,176,106848,84.0,0.16021549701690674,0.0001,26686
1273,605,0.05,10.08788427,176,106932,84.0,0.0988670289516449,0.0001,26707
1274,605,0.05,9.94348318,176,107016,84.0,0.06776638329029083,0.0001,26728
1275,606,0.05,9.948871740000001,176,107100,84.0,0.12744031846523285,0.0001,26749
1276,607,0.05,9.77103134,176,107184,84.0,0.20159676671028137,0.0001,26770
1277,607,0.05,9.70199412,176,107268,84.0,0.0795099064707756,0.0001,26791
1278,608,0.05,9.59884072,176,107352,84.0,0.1562003195285797,0.0001,26812
1279,608,0.05,9.565362939999998,176,107436,84.0,6.434698104858398,0.0001,26833
1280,609,0.05,9.588598159999998,176,107520,84.0,3.0827226638793945,0.0001,26854
1281,609,0.05,9.49586192,176,107604,84.0,0.1755465716123581,0.0001,26875
1282,610,0.05,9.46284914,176,107688,84.0,0.10887676477432251,0.0001,26896
1283,610,0.05,9.399029809999998,176,107772,84.0,0.19197767972946167,0.0001,26917
1284,611,0.05,9.3817284,176,107856,84.0,0.1508139669895172,0.0001,26938
1285,611,0.05,9.37191625,176,107940,84.0,3.2908742427825928,0.0001,26959
1286,612,0.05,9.43543953,176,108024,84.0,0.0825049877166748,0.0001,26980
1287,612,0.05,9.53145002,176,108108,84.0,0.2607726454734802,0.0001,27001
1288,613,0.05,9.48283721,176,108192,84.0,0.10219434648752213,0.0001,27022
1289,613,0.05,9.531083319999999,176,108276,84.0,3.1219913959503174,0.0001,27043
1290,614,0.05,9.44447278,176,108360,84.0,0.14911502599716187,0.0001,27064
1291,614,0.05,9.46079594,176,108444,84.0,2.978394031524658,0.0001,27085
1292,615,0.05,9.428248629999999,176,108528,84.0,3.3029515743255615,0.0001,27106
1293,615,0.05,9.45156666,176,108612,84.0,3.1032018661499023,0.0001,27127
1294,616,0.05,9.44966602,176,108696,84.0,5.952055931091309,0.0001,27148
1295,617,0.05,9.50930465,176,108780,84.0,0.09810155630111694,0.0001,27169
1296,617,0.05,9.58404468,176,108864,84.0,0.0693950206041336,0.0001,27190
1297,618,0.05,9.702596470000001,176,108948,84.0,0.2229129672050476,0.0001,27211
1298,618,0.05,9.70038296,176,109032,84.0,0.10906203836202621,0.0001,27232
1299,619,0.05,9.685807149999999,176,109116,84.0,0.07913044095039368,0.0001,27253
1300,619,0.05,9.504095790000001,176,109200,84.0,0.20938605070114136,0.0001,27274
1301,620,0.05,9.596074199999999,176,109284,84.0,0.10565418004989624,0.0001,27295
1302,620,0.05,9.6440355,176,109368,84.0,0.16530397534370422,0.0001,27316
1303,621,0.05,9.7820953,176,109452,84.0,3.092655658721924,0.0001,27337
1304,622,0.05,9.8856433,176,109536,84.0,0.1508687138557434,0.0001,27358
1305,622,0.05,9.946857989999998,176,109620,84.0,0.14182978868484497,0.0001,27379
1306,623,0.05,10.042226059999999,176,109704,84.0,3.0197594165802,0.0001,27400
1307,623,0.05,10.213026479999998,176,109788,84.0,3.164801597595215,0.0001,27421
1308,624,0.05,10.386052439999998,176,109872,84.0,0.21216535568237305,0.0001,27442
1309,624,0.05,10.205763289999998,176,109956,84.0,6.306231498718262,0.0001,27463
1310,625,0.05,10.192683469999999,176,110040,84.0,0.20984701812267303,0.0001,27484
1311,625,0.05,10.089345029999999,176,110124,84.0,0.1797432154417038,0.0001,27505
1312,626,0.05,10.256963059999999,175,110208,84.0,0.13297049701213837,0.0001,27526
1313,626,0.05,10.257447249999998,175,110292,84.0,0.1921827644109726,0.0001,27547
1314,627,0.05,10.310487669999997,175,110376,84.0,0.13879206776618958,0.0001,27568
1315,627,0.05,10.1508609,175,110460,84.0,0.19460034370422363,0.0001,27589
1316,628,0.05,10.09476377,175,110544,84.0,0.24262531101703644,0.0001,27610
1317,628,0.05,10.09569987,175,110628,84.0,0.16582369804382324,0.0001,27631
1318,629,0.05,10.150687640000001,175,110712,84.0,0.30108964443206787,0.0001,27652
1319,629,0.05,9.86145966,175,110796,84.0,0.16520807147026062,0.0001,27673
1320,630,0.05,9.82870786,175,110880,84.0,0.1327206790447235,0.0001,27694
1321,630,0.05,9.7224215,175,110964,84.0,3.1636431217193604,0.0001,27715
1322,631,0.05,9.73211889,175,111048,84.0,3.1264243125915527,0.0001,27736
1323,631,0.05,9.50331713,175,111132,84.0,3.224848508834839,0.0001,27757
1324,632,0.05,9.5544397,175,111216,84.0,0.1437445431947708,0.0001,27778
1325,633,0.05,9.44621037,175,111300,84.0,0.2366744577884674,0.0001,27799
1326,633,0.05,9.5121483,175,111384,84.0,0.22315363585948944,0.0001,27820
1327,634,0.05,9.517840560000002,175,111468,84.0,3.083770275115967,0.0001,27841
1328,634,0.05,9.50906781,175,111552,84.0,3.154296875,0.0001,27862
1329,634,0.05,9.38016066,175,111636,84.0,3.29748272895813,0.0001,27883
1330,635,0.05,9.399220739999999,175,111720,84.0,0.18331098556518555,0.0001,27904
1331,636,0.05,9.54760217,175,111804,84.0,3.383373975753784,0.0001,27925
1332,636,0.05,9.575577449999999,175,111888,84.0,0.0760713517665863,0.0001,27946
1333,637,0.05,9.52634858,175,111972,84.0,0.11165110021829605,0.0001,27967
1334,637,0.05,9.41338007,175,112056,84.0,0.21096575260162354,0.0001,27988
1335,638,0.05,9.360854870000002,175,112140,84.0,0.14304928481578827,0.0001,28009
1336,638,0.05,9.21128509,175,112224,84.0,0.14519743621349335,0.0001,28030
1337,639,0.05,9.16334924,175,112308,84.0,0.1273266077041626,0.0001,28051
1338,639,0.05,9.236096609999999,175,112392,84.0,0.23662003874778748,0.0001,28072
1339,640,0.05,9.467470209999998,175,112476,84.0,3.2457633018493652,0.0001,28093
1340,640,0.05,9.56906701,175,112560,84.0,0.17483052611351013,0.0001,28114
1341,641,0.05,9.46936021,175,112644,84.0,3.1747946739196777,0.0001,28135
1342,641,0.05,9.46940615,175,112728,84.0,0.05320063978433609,0.0001,28156
1343,642,0.05,9.62976149,175,112812,84.0,5.921016693115234,0.0001,28177
1344,642,0.05,9.62379193,175,112896,84.0,0.18567512929439545,0.0001,28198
1345,643,0.05,9.674828779999999,175,112980,84.0,0.10809371620416641,0.0001,28219
1346,644,0.05,9.79797422,175,113064,84.0,0.09225618839263916,0.0001,28240
1347,644,0.05,9.829586669999998,175,113148,84.0,0.10042030364274979,0.0001,28261
1348,645,0.05,9.69265649,175,113232,84.0,0.09514699131250381,0.0001,28282
1349,645,0.05,9.788588599999999,175,113316,84.0,3.1305713653564453,0.0001,28303
1350,646,0.05,9.925162030000001,175,113400,84.0,0.17359060049057007,0.0001,28324
1351,646,0.05,9.839613100000001,175,113484,84.0,0.2623869776725769,0.0001,28345
1352,647,0.05,9.901880420000001,175,113568,84.0,3.1554017066955566,0.0001,28366
1353,647,0.05,9.947737140000001,175,113652,84.0,0.12115398049354553,0.0001,28387
1354,648,0.05,9.93041087,175,113736,84.0,0.3645284175872803,0.0001,28408
1355,649,0.05,9.837173720000001,175,113820,84.0,6.426678657531738,0.0001,28429
1356,649,0.05,9.68528062,175,113904,84.0,0.2231353223323822,0.0001,28450
1357,650,0.05,9.742407770000002,175,113988,84.0,6.124407768249512,0.0001,28471
1358,650,0.05,9.724882659999999,175,114072,84.0,0.19275522232055664,0.0001,28492
1359,651,0.05,9.57286632,175,114156,84.0,0.15653587877750397,0.0001,28513
1360,651,0.05,9.73083479,175,114240,84.0,3.141798734664917,0.0001,28534
1361,652,0.05,9.83008734,175,114324,84.0,3.134758949279785,0.0001,28555
1362,652,0.05,9.85925129,175,114408,84.0,0.14764754474163055,0.0001,28576
1363,653,0.05,9.85560099,175,114492,84.0,0.14760802686214447,0.0001,28597
1364,653,0.05,9.83413382,175,114576,84.0,3.490039587020874,0.0001,28618
1365,654,0.05,9.59359092,175,114660,84.0,3.00077486038208,0.0001,28639
1366,654,0.05,9.631283250000001,175,114744,84.0,0.1743011325597763,0.0001,28660
1367,655,0.05,9.55658897,175,114828,84.0,0.1521582007408142,0.0001,28681
1368,656,0.05,9.53296026,175,114912,84.0,0.1279265135526657,0.0001,28702
1369,656,0.05,9.461990530000001,175,114996,84.0,0.07665160298347473,0.0001,28723
1370,657,0.05,9.45631001,175,115080,84.0,0.16163305938243866,0.0001,28744
1371,657,0.05,9.38688761,175,115164,84.0,0.11924777179956436,0.0001,28765
1372,658,0.05,9.33718298,175,115248,84.0,0.10380443930625916,0.0001,28786
1373,658,0.05,9.309767880000003,175,115332,84.0,0.15017546713352203,0.0001,28807
1374,659,0.05,9.26472551,175,115416,84.0,0.10252264142036438,0.0001,28828
1375,659,0.05,9.262391080000002,175,115500,84.0,0.15972234308719635,0.0001,28849
1376,660,0.05,9.133918480000002,175,115584,84.0,0.11807172745466232,0.0001,28870
1377,660,0.05,9.42504588,175,115668,84.0,0.08145996928215027,0.0001,28891
1378,661,0.05,9.39045847,175,115752,84.0,0.15827997028827667,0.0001,28912
1379,661,0.05,9.51616646,175,115836,84.0,0.22190171480178833,0.0001,28933
1380,662,0.05,9.443244130000002,175,115920,84.0,0.15599623322486877,0.0001,28954
1381,662,0.05,9.50008421,175,116004,84.0,0.24540747702121735,0.0001,28975
1382,663,0.05,9.514533129999998,174,116088,84.0,6.094499111175537,0.0001,28996
1383,663,0.05,9.634671639999999,174,116172,84.0,3.1642203330993652,0.0001,29017
1384,664,0.05,9.663209680000001,174,116256,84.0,0.16727077960968018,0.0001,29038
1385,664,0.05,9.654388790000002,174,116340,84.0,0.14219176769256592,0.0001,29059
1386,665,0.05,9.816492,174,116424,84.0,0.10749092698097229,0.0001,29080
1387,666,0.05,9.71389145,174,116508,84.0,0.19680191576480865,0.0001,29101
1388,666,0.05,9.695555250000002,174,116592,84.0,0.14576765894889832,0.0001,29122
1389,667,0.05,9.633857500000001,174,116676,84.0,0.10508117079734802,0.0001,29143
1390,667,0.05,9.59374107,174,116760,84.0,0.2146921455860138,0.0001,29164
1391,668,0.05,9.492649859999998,174,116844,84.0,0.14716698229312897,0.0001,29185
1392,668,0.05,9.43648308,174,116928,84.0,0.1423604041337967,0.0001,29206
1393,669,0.05,9.447654349999999,174,117012,84.0,0.18301616609096527,0.0001,29227
1394,669,0.05,9.44330952,174,117096,84.0,0.17776080965995789,0.0001,29248
1395,670,0.05,9.375243000000001,174,117180,84.0,0.20900344848632812,0.0001,29269
1396,670,0.05,9.2733878,174,117264,84.0,0.22681500017642975,0.0001,29290
1397,671,0.05,9.224523920000001,174,117348,84.0,3.1807260513305664,0.0001,29311
1398,671,0.05,9.07113299,174,117432,84.0,0.19839711487293243,0.0001,29332
1399,672,0.05,9.03538267,174,117516,84.0,0.18433460593223572,0.0001,29353
1400,673,0.05,9.165187379999999,174,117600,84.0,3.1141419410705566,0.0001,29374
1401,673,0.05,9.12871641,174,117684,84.0,0.2107425034046173,0.0001,29395
1402,674,0.05,9.1805181,174,117768,84.0,9.283889770507812,0.0001,29416
1403,674,0.05,8.94782452,174,117852,84.0,3.1303956508636475,0.0001,29437
1404,675,0.05,8.827488310000001,174,117936,84.0,0.14200231432914734,0.0001,29458
1405,675,0.05,8.745642010000001,174,118020,84.0,0.124418243765831,0.0001,29479
1406,676,0.05,8.61623456,174,118104,84.0,3.2132394313812256,0.0001,29500
1407,676,0.05,8.462177220000001,174,118188,84.0,0.14464470744132996,0.0001,29521
1408,677,0.05,8.23914171,174,118272,84.0,3.0824179649353027,0.0001,29542
1409,677,0.05,8.418172490000002,174,118356,84.0,0.3472292125225067,0.0001,29563
1410,678,0.05,8.316001450000002,174,118440,84.0,6.000439643859863,0.0001,29584
1411,678,0.05,8.46953528,174,118524,84.0,0.15747632086277008,0.0001,29605
1412,679,0.05,8.39878622,174,118608,84.0,3.1358799934387207,0.0001,29626
1413,679,0.05,8.38921812,174,118692,84.0,0.0767831802368164,0.0001,29647
1414,680,0.05,8.245492460000001,174,118776,84.0,3.0731265544891357,0.0001,29668
1415,680,0.05,8.337150470000001,174,118860,84.0,3.4721779823303223,0.0001,29689
1416,681,0.05,8.351264800000001,174,118944,84.0,0.12315870821475983,0.0001,29710
1417,681,0.05,8.433784039999999,174,119028,84.0,3.0339696407318115,0.0001,29731
1418,682,0.05,8.43530157,174,119112,84.0,0.1697465181350708,0.0001,29752
1419,683,0.05,8.58137564,174,119196,84.0,3.163240671157837,0.0001,29773
1420,683,0.05,8.567727569999999,174,119280,84.0,3.3129262924194336,0.0001,29794
1421,684,0.05,8.544761400000002,174,119364,84.0,6.122824668884277,0.0001,29815
1422,684,0.05,8.46607568,174,119448,84.0,0.10793052613735199,0.0001,29836
1423,685,0.05,8.644167170000001,174,119532,84.0,0.2005523294210434,0.0001,29857
1424,685,0.05,8.623022209999998,174,119616,84.0,0.11767522245645523,0.0001,29878
1425,686,0.05,8.72828833,174,119700,84.0,0.1193702220916748,0.0001,29899
1426,686,0.05,8.607062500000001,174,119784,84.0,3.117915391921997,0.0001,29920
1427,687,0.05,8.60252989,174,119868,84.0,0.11708424985408783,0.0001,29941
1428,687,0.05,8.63397752,174,119952,84.0,0.1736881136894226,0.0001,29962
1429,688,0.05,8.579741880000002,174,120036,84.0,0.2083187997341156,0.0001,29983
1430,688,0.05,8.68822473,174,120120,84.0,0.16443511843681335,0.0001,30004
1431,689,0.05,8.4197208,174,120204,84.0,0.24448660016059875,0.0001,30025
1432,689,0.05,8.298498669999999,174,120288,84.0,0.07251586019992828,0.0001,30046
1433,690,0.05,8.3538509,174,120372,84.0,0.15991979837417603,0.0001,30067
1434,690,0.05,8.32539578,174,120456,84.0,3.097700595855713,0.0001,30088
1435,691,0.05,8.40072005,174,120540,84.0,0.24884939193725586,0.0001,30109
1436,692,0.05,8.334019630000002,174,120624,84.0,0.20461177825927734,0.0001,30130
1437,692,0.05,8.362513150000002,174,120708,84.0,0.16240143775939941,0.0001,30151
1438,693,0.05,8.35004233,174,120792,84.0,0.2058756947517395,0.0001,30172
1439,693,0.05,8.175422920000003,174,120876,84.0,0.15300312638282776,0.0001,30193
1440,694,0.05,8.08099276,174,120960,84.0,0.1954669952392578,0.0001,30214
1441,694,0.05,8.144573580000001,174,121044,84.0,0.10045889019966125,0.0001,30235
1442,695,0.05,8.10237203,174,121128,84.0,0.39159631729125977,0.0001,30256
1443,695,0.05,7.93978341,174,121212,84.0,0.20421965420246124,0.0001,30277
1444,696,0.05,7.956413190000001,174,121296,84.0,0.10105052590370178,0.0001,30298
1445,697,0.05,7.920781369999999,174,121380,84.0,0.17532604932785034,0.0001,30319
1446,697,0.05,7.813389130000001,174,121464,84.0,0.12052295356988907,0.0001,30340
1447,698,0.05,7.81103112,174,121548,84.0,3.3001840114593506,0.0001,30361
1448,698,0.05,7.981388859999999,174,121632,84.0,6.132148742675781,0.0001,30382
1449,699,0.05,7.926776360000002,174,121716,84.0,11.887542724609375,0.0001,30403
1450,699,0.05,7.83156328,174,121800,84.0,0.15846765041351318,0.0001,30424
1451,700,0.05,7.940101019999999,174,121884,84.0,0.1648116111755371,0.0001,30445
1452,700,0.05,7.900075859999999,174,121968,84.0,3.242575168609619,0.0001,30466
1453,701,0.05,7.81328068,173,122052,84.0,3.4828221797943115,0.0001,30487
1454,702,0.05,7.796392109999999,173,122136,84.0,0.16833803057670593,0.0001,30508
1455,702,0.05,7.933802880000001,173,122220,84.0,0.10159662365913391,0.0001,30529
1456,703,0.05,7.937846169999999,173,122304,84.0,0.11691132932901382,0.0001,30550
1457,703,0.05,8.039239649999999,173,122388,84.0,3.1714391708374023,0.0001,30571
1458,704,0.05,8.05927752,173,122472,84.0,0.14612716436386108,0.0001,30592
1459,704,0.05,8.128635890000002,173,122556,84.0,3.027693033218384,0.0001,30613
1460,705,0.05,7.89372337,173,122640,84.0,3.2832374572753906,0.0001,30634
1461,706,0.05,7.881561920000001,173,122724,84.0,3.170710563659668,0.0001,30655
1462,706,0.05,7.885908420000002,173,122808,84.0,0.12556900084018707,0.0001,30676
1463,707,0.05,7.877436330000002,173,122892,84.0,0.19055435061454773,0.0001,30697
1464,707,0.05,7.88030074,173,122976,84.0,0.14728425443172455,0.0001,30718
1465,708,0.05,8.030229100000001,173,123060,84.0,0.22124692797660828,0.0001,30739
1466,708,0.05,7.945308440000002,173,123144,84.0,0.08962753415107727,0.0001,30760
1467,709,0.05,8.028792580000001,173,123228,84.0,0.2260720431804657,0.0001,30781
1468,710,0.05,8.02016115,173,123312,84.0,0.13647522032260895,0.0001,30802
1469,710,0.05,8.22701988,173,123396,84.0,3.070366382598877,0.0001,30823
1470,711,0.05,8.21410238,173,123480,84.0,3.181774139404297,0.0001,30844
1471,711,0.05,8.22459999,173,123564,84.0,0.09266459941864014,0.0001,30865
1472,712,0.05,8.255706790000001,173,123648,84.0,6.23951530456543,0.0001,30886
1473,712,0.05,8.278155860000002,173,123732,84.0,0.1992376297712326,0.0001,30907
1474,713,0.05,8.181368520000001,173,123816,84.0,0.07876531034708023,0.0001,30928
1475,713,0.05,8.149955500000003,173,123900,84.0,0.22224023938179016,0.0001,30949
1476,714,0.05,8.376589630000002,173,123984,84.0,3.094562292098999,0.0001,30970
1477,714,0.05,8.220711240000002,173,124068,84.0,0.17829623818397522,0.0001,30991
1478,715,0.05,8.256404550000001,173,124152,84.0,0.12594597041606903,0.0001,31012
1479,715,0.05,8.249711130000001,173,124236,84.0,3.241090774536133,0.0001,31033
1480,716,0.05,8.32174047,173,124320,84.0,0.10030193626880646,0.0001,31054
1481,716,0.05,8.181144790000001,173,124404,84.0,0.2488631010055542,0.0001,31075
1482,717,0.05,8.15868221,173,124488,84.0,0.20135498046875,0.0001,31096
1483,717,0.05,8.06750935,173,124572,84.0,6.175612449645996,0.0001,31117
1484,718,0.05,8.05640881,173,124656,84.0,0.19734686613082886,0.0001,31138
1485,719,0.05,8.07048904,173,124740,84.0,0.18698236346244812,0.0001,31159
1486,719,0.05,7.93651081,173,124824,84.0,3.0068860054016113,0.0001,31180
1487,720,0.05,7.97165678,173,124908,84.0,0.1531064659357071,0.0001,31201
1488,720,0.05,7.98732818,173,124992,84.0,6.243419170379639,0.0001,31222
1489,721,0.05,7.95727095,173,125076,84.0,0.10502897202968597,0.0001,31243
1490,721,0.05,7.879410410000002,173,125160,84.0,0.10251419991254807,0.0001,31264
1491,722,0.05,7.950312150000001,173,125244,84.0,0.17832526564598083,0.0001,31285
1492,722,0.05,7.984662830000001,173,125328,84.0,0.16509824991226196,0.0001,31306
1493,723,0.05,7.956832510000002,173,125412,84.0,0.13587835431098938,0.0001,31327
1494,723,0.05,8.035431010000002,173,125496,84.0,3.0577235221862793,0.0001,31348
1495,724,0.05,8.1362897,173,125580,84.0,3.169541835784912,0.0001,31369
1496,724,0.05,8.15014318,173,125664,84.0,0.13751646876335144,0.0001,31390
1497,725,0.05,8.1363599,173,125748,84.0,3.056372880935669,0.0001,31411
1498,726,0.05,8.30442536,173,125832,84.0,3.166067600250244,0.0001,31432
1499,726,0.05,8.3359378,173,125916,84.0,3.149937629699707,0.0001,31453
1500,727,0.05,8.417552729999999,173,126000,84.0,3.032285690307617,0.0001,31474
1501,727,0.05,8.41411269,173,126084,84.0,0.16488802433013916,0.0001,31495
1502,728,0.05,8.283218489999998,173,126168,84.0,3.3491029739379883,0.0001,31516
1503,728,0.05,8.320959219999999,173,126252,84.0,0.1426793932914734,0.0001,31537
1504,729,0.05,8.43532258,173,126336,84.0,3.2823591232299805,0.0001,31558
1505,730,0.05,8.43579641,173,126420,84.0,3.1587910652160645,0.0001,31579
1506,730,0.05,8.58738799,173,126504,84.0,3.2270514965057373,0.0001,31600
1507,731,0.05,8.5401177,173,126588,84.0,3.080721378326416,0.0001,31621
1508,731,0.05,8.55165838,173,126672,84.0,0.2707439064979553,0.0001,31642
1509,732,0.05,8.397853090000002,173,126756,84.0,0.1444224864244461,0.0001,31663
1510,732,0.05,8.44049856,173,126840,84.0,0.2710002660751343,0.0001,31684
1511,733,0.05,8.35637342,173,126924,84.0,0.15370416641235352,0.0001,31705
1512,733,0.05,8.234147379999998,173,127008,84.0,3.017808675765991,0.0001,31726
1513,734,0.05,8.19916407,173,127092,84.0,0.12888573110103607,0.0001,31747
1514,734,0.05,8.14108441,173,127176,84.0,0.16098739206790924,0.0001,31768
1515,735,0.05,8.175083469999999,173,127260,84.0,0.20272234082221985,0.0001,31789
1516,735,0.05,8.09764092,173,127344,84.0,3.284898042678833,0.0001,31810
1517,736,0.05,8.08778388,173,127428,84.0,0.20135396718978882,0.0001,31831
1518,737,0.05,8.05148702,172,127512,84.0,3.1832661628723145,0.0001,31852
1519,737,0.05,8.02008874,172,127596,84.0,0.16702641546726227,0.0001,31873
1520,738,0.05,8.06173541,172,127680,84.0,3.1738758087158203,0.0001,31894
1521,738,0.05,8.05172292,172,127764,84.0,3.234628915786743,0.0001,31915
1522,739,0.05,8.13841886,172,127848,84.0,0.13975374400615692,0.0001,31936
1523,739,0.05,8.011325280000001,172,127932,84.0,0.15872955322265625,0.0001,31957
1524,740,0.05,8.065584450000001,172,128016,84.0,3.037888288497925,0.0001,31978
1525,740,0.05,8.066078699999998,172,128100,84.0,0.13176776468753815,0.0001,31999
1526,741,0.05,8.35831393,172,128184,84.0,0.28764837980270386,0.0001,32020
1527,741,0.05,8.29341999,172,128268,84.0,0.22863495349884033,0.0001,32041
1528,742,0.05,8.22979613,172,128352,84.0,3.0989153385162354,0.0001,32062
1529,743,0.05,8.2528286,172,128436,84.0,0.21956901252269745,0.0001,32083
1530,743,0.05,8.14367388,172,128520,84.0,0.13261859118938446,0.0001,32104
1531,744,0.05,8.164691329999998,172,128604,84.0,0.1548827439546585,0.0001,32125
1532,744,0.05,8.096682289999999,172,128688,84.0,3.2666187286376953,0.0001,32146
1533,745,0.05,8.068414109999999,172,128772,84.0,0.14585831761360168,0.0001,32167
1534,745,0.05,8.22080149,172,128856,84.0,0.08647732436656952,0.0001,32188
1535,746,0.05,8.13693992,172,128940,84.0,3.186194658279419,0.0001,32209
1536,746,0.05,8.21916183,172,129024,84.0,3.161986827850342,0.0001,32230
1537,747,0.05,8.195035569999998,172,129108,84.0,0.16802075505256653,0.0001,32251
1538,747,0.05,8.24935221,172,129192,84.0,0.2719689905643463,0.0001,32272
1539,748,0.05,8.32785718,172,129276,84.0,0.19736585021018982,0.0001,32293
1540,748,0.05,8.449069680000001,172,129360,84.0,0.18193934857845306,0.0001,32314
1541,749,0.05,8.54107883,172,129444,84.0,3.0491418838500977,0.0001,32335
1542,749,0.05,8.625869360000001,172,129528,84.0,0.11172056198120117,0.0001,32356
1543,750,0.05,8.627247200000001,172,129612,84.0,0.10435377061367035,0.0001,32377
1544,750,0.05,8.72959689,172,129696,84.0,0.1619943082332611,0.0001,32398
1545,751,0.05,8.92308109,172,129780,84.0,0.10755820572376251,0.0001,32419
1546,751,0.05,8.88983496,172,129864,84.0,0.27515125274658203,0.0001,32440
1547,752,0.05,8.75387588,172,129948,84.0,6.34685754776001,0.0001,32461
1548,753,0.05,8.73805894,172,130032,84.0,0.1480632722377777,0.0001,32482
1549,753,0.05,8.63349082,172,130116,84.0,0.12239579856395721,0.0001,32503
1550,754,0.05,8.57642493,172,130200,84.0,3.220492362976074,0.0001,32524
1551,754,0.05,8.61905671,172,130284,84.0,0.3147946894168854,0.0001,32545
1552,755,0.05,8.63360238,172,130368,84.0,6.191367149353027,0.0001,32566
1553,755,0.05,8.62255351,172,130452,84.0,0.19985371828079224,0.0001,32587
1554,756,0.05,8.601372519999998,172,130536,84.0,3.0964956283569336,0.0001,32608
1555,756,0.05,8.47527527,172,130620,84.0,0.16776734590530396,0.0001,32629
1556,757,0.05,8.400049719999998,172,130704,84.0,0.19229421019554138,0.0001,32650
1557,757,0.05,8.31244187,172,130788,84.0,0.1617860496044159,0.0001,32671
1558,758,0.05,8.31068478,172,130872,84.0,3.297914743423462,0.0001,32692
1559,759,0.05,8.30665717,172,130956,84.0,0.11168467253446579,0.0001,32713
1560,759,0.05,8.377649609999999,172,131040,84.0,0.32642579078674316,0.0001,32734
1561,759,0.05,8.29900515,172,131124,84.0,0.13365046679973602,0.0001,32755
1562,760,0.05,8.291896029999998,172,131208,84.0,3.2927534580230713,0.0001,32776
1563,761,0.05,8.23468574,172,131292,84.0,0.34268173575401306,0.0001,32797
1564,761,0.05,8.23105163,172,131376,84.0,6.068221092224121,0.0001,32818
1565,762,0.05,8.15757312,172,131460,84.0,0.29428985714912415,0.0001,32839
1566,762,0.05,8.227947039999998,172,131544,84.0,0.16514751315116882,0.0001,32860
1567,763,0.05,8.19157016,172,131628,84.0,3.1064226627349854,0.0001,32881
1568,763,0.05,8.21355224,172,131712,84.0,3.13289737701416,0.0001,32902
1569,764,0.05,8.19237984,172,131796,84.0,3.2844724655151367,0.0001,32923
1570,764,0.05,8.17693753,172,131880,84.0,0.19807232916355133,0.0001,32944
1571,765,0.05,8.25717316,172,131964,84.0,0.20950686931610107,0.0001,32965
1572,765,0.05,8.388376860000001,172,132048,84.0,3.275347948074341,0.0001,32986
1573,766,0.05,8.44517869,172,132132,84.0,3.271216630935669,0.0001,33007
1574,766,0.05,8.590817809999999,172,132216,84.0,0.14743266999721527,0.0001,33028
1575,767,0.05,8.52403956,172,132300,84.0,0.1794441044330597,0.0001,33049
1576,768,0.05,8.40092295,172,132384,84.0,6.1466383934021,0.0001,33070
1577,768,0.05,8.169667129999999,172,132468,84.0,0.18778923153877258,0.0001,33091
1578,769,0.05,8.05534696,172,132552,84.0,0.09184841811656952,0.0001,33112
1579,769,0.05,7.948639879999999,172,132636,84.0,3.3661327362060547,0.0001,33133
1580,770,0.05,7.9678074699999994,172,132720,84.0,0.11420157551765442,0.0001,33154
1581,770,0.05,7.9913561799999995,172,132804,84.0,0.08693531900644302,0.0001,33175
1582,771,0.05,8.09815444,172,132888,84.0,0.08781257271766663,0.0001,33196
1583,771,0.05,8.04986886,172,132972,84.0,0.11754913628101349,0.0001,33217
1584,772,0.05,8.0028844,172,133056,84.0,0.11633022129535675,0.0001,33238
1585,772,0.05,8.0579799,172,133140,84.0,0.1585010439157486,0.0001,33259
1586,773,0.05,7.940695289999999,172,133224,84.0,0.1868593841791153,0.0001,33280
1587,773,0.05,7.8800133599999995,172,133308,84.0,0.06522363424301147,0.0001,33301
1588,774,0.05,7.80790043,172,133392,84.0,0.3739369213581085,0.0001,33322
1589,774,0.05,7.860488300000001,172,133476,84.0,0.14698916673660278,0.0001,33343
1590,775,0.05,7.938422920000001,172,133560,84.0,0.10521048307418823,0.0001,33364
1591,775,0.05,8.070936640000003,172,133644,84.0,3.1636784076690674,0.0001,33385
1592,776,0.05,8.00740996,172,133728,84.0,3.2204277515411377,0.0001,33406
1593,777,0.05,8.021638580000001,172,133812,84.0,0.14742346107959747,0.0001,33427
1594,777,0.05,7.96201096,172,133896,84.0,0.1852075457572937,0.0001,33448
1595,778,0.05,7.8293035,172,133980,84.0,3.2427358627319336,0.0001,33469
1596,778,0.05,7.87025974,172,134064,84.0,0.13473182916641235,0.0001,33490
1597,779,0.05,7.896429580000001,172,134148,84.0,0.2094363570213318,0.0001,33511
1598,779,0.05,7.9038718900000005,172,134232,84.0,0.15631753206253052,0.0001,33532
1599,780,0.05,8.008933210000002,172,134316,84.0,0.1529713124036789,0.0001,33553
1600,780,0.05,7.85341813,172,134400,84.0,0.24806204438209534,0.0001,33574
1601,781,0.05,7.85733054,172,134484,84.0,0.12910093367099762,0.0001,33595
1602,781,0.05,7.77583639,172,134568,84.0,0.13566571474075317,0.0001,33616
1603,782,0.05,7.795498590000001,172,134652,84.0,0.16945326328277588,0.0001,33637
1604,782,0.05,7.604332099999999,172,134736,84.0,0.12863989174365997,0.0001,33658
1605,783,0.05,7.59875901,172,134820,84.0,3.058246612548828,0.0001,33679
1606,784,0.05,7.3678858699999985,172,134904,84.0,0.2284698188304901,0.0001,33700
1607,784,0.05,7.299353740000002,172,134988,84.0,0.14863549172878265,0.0001,33721
1608,785,0.05,7.365877580000001,172,135072,84.0,3.438102960586548,0.0001,33742
1609,785,0.05,7.461154600000001,172,135156,84.0,3.095207929611206,0.0001,33763
1610,786,0.05,7.4269406600000005,172,135240,84.0,0.1431359350681305,0.0001,33784
1611,786,0.05,7.44942262,171,135324,84.0,3.077526330947876,0.0001,33805
1612,787,0.05,7.56745025,171,135408,84.0,0.18428108096122742,0.0001,33826
1613,787,0.05,7.59714988,171,135492,84.0,0.215657040476799,0.0001,33847
1614,788,0.05,7.6060956299999996,171,135576,84.0,6.178290367126465,0.0001,33868
1615,788,0.05,7.473959779999999,171,135660,84.0,0.17379987239837646,0.0001,33889
1616,789,0.05,7.57537043,171,135744,84.0,3.0858659744262695,0.0001,33910
1617,789,0.05,7.47360843,171,135828,84.0,0.14194947481155396,0.0001,33931
1618,790,0.05,7.51691586,171,135912,84.0,0.12675178050994873,0.0001,33952
1619,791,0.05,7.72959381,171,135996,84.0,3.171811580657959,0.0001,33973
1620,791,0.05,7.734511900000001,171,136080,84.0,2.995177745819092,0.0001,33994
1621,792,0.05,7.818133050000001,171,136164,84.0,0.16296720504760742,0.0001,34015
1622,792,0.05,7.61803631,171,136248,84.0,0.18463675677776337,0.0001,34036
1623,793,0.05,7.671948370000001,171,136332,84.0,3.2968509197235107,0.0001,34057
1624,793,0.05,7.625514369999999,171,136416,84.0,6.13154935836792,0.0001,34078
1625,794,0.05,7.61764056,171,136500,84.0,0.1802222579717636,0.0001,34099
1626,794,0.05,7.381248199999999,171,136584,84.0,6.029324531555176,0.0001,34120
1627,795,0.05,7.449789599999998,171,136668,84.0,8.917425155639648,0.0001,34141
1628,795,0.05,7.502981579999998,171,136752,84.0,3.0348706245422363,0.0001,34162
1629,796,0.05,7.457949479999999,171,136836,84.0,0.09264767169952393,0.0001,34183
1630,796,0.05,7.362489309999998,171,136920,84.0,0.2490316480398178,0.0001,34204
1631,797,0.05,7.31903276,171,137004,84.0,0.09339112043380737,0.0001,34225
1632,798,0.05,7.3853741,171,137088,84.0,0.19800597429275513,0.0001,34246
1633,798,0.05,7.30560383,171,137172,84.0,0.3313981890678406,0.0001,34267
1634,799,0.05,7.242417099999999,171,137256,84.0,3.09743595123291,0.0001,34288
1635,799,0.05,7.285282239999999,171,137340,84.0,3.2096874713897705,0.0001,34309
1636,800,0.05,7.2515288899999994,171,137424,84.0,0.231048583984375,0.0001,34330
1637,800,0.05,7.10484379,171,137508,84.0,0.17123208940029144,0.0001,34351
1638,801,0.05,6.920845960000001,171,137592,84.0,0.1655939817428589,0.0001,34372
1639,801,0.05,6.838641160000001,171,137676,84.0,3.288830280303955,0.0001,34393
1640,802,0.05,6.689149930000001,171,137760,84.0,0.2304101288318634,0.0001,34414
1641,802,0.05,6.64721541,171,137844,84.0,3.029477834701538,0.0001,34435
1642,803,0.05,6.539639280000001,171,137928,84.0,6.423110485076904,0.0001,34456
1643,803,0.05,6.519565250000002,171,138012,84.0,0.15585912764072418,0.0001,34477
1644,804,0.05,6.4531570400000025,171,138096,84.0,3.35612154006958,0.0001,34498
1645,804,0.05,6.250915110000001,171,138180,84.0,0.15807867050170898,0.0001,34519
1646,805,0.05,6.31962256,171,138264,84.0,0.08978039026260376,0.0001,34540
1647,805,0.05,6.6532028,171,138348,84.0,0.08009327948093414,0.0001,34561
1648,806,0.05,6.65311006,171,138432,84.0,0.123432457447052,0.0001,34582
1649,806,0.05,6.528199170000001,171,138516,84.0,0.1119028776884079,0.0001,34603
1650,807,0.05,6.666845930000002,171,138600,84.0,0.11786101013422012,0.0001,34624
1651,808,0.05,6.73140394,171,138684,84.0,0.11650830507278442,0.0001,34645
1652,808,0.05,6.9099360600000015,171,138768,84.0,0.06726551055908203,0.0001,34666
1653,809,0.05,6.89634595,171,138852,84.0,0.21436533331871033,0.0001,34687
1654,809,0.05,6.828797679999999,171,138936,84.0,6.226180076599121,0.0001,34708
1655,810,0.05,6.937855829999998,171,139020,84.0,0.27167290449142456,0.0001,34729
1656,810,0.05,6.87455905,171,139104,84.0,3.05478572845459,0.0001,34750
1657,811,0.05,6.779103650000001,171,139188,84.0,3.0771372318267822,0.0001,34771
1658,811,0.05,6.57465886,171,139272,84.0,0.13546305894851685,0.0001,34792
1659,812,0.05,6.42435752,171,139356,84.0,0.3567110300064087,0.0001,34813
1660,812,0.05,6.3963670100000005,171,139440,84.0,0.14128582179546356,0.0001,34834
1661,813,0.05,6.394694510000001,171,139524,84.0,0.12088793516159058,0.0001,34855
1662,813,0.05,6.509570030000001,171,139608,84.0,0.31610456109046936,0.0001,34876
1663,814,0.05,6.501873270000001,171,139692,84.0,6.802646636962891,0.0001,34897
1664,814,0.05,6.595221270000001,171,139776,84.0,0.26797521114349365,0.0001,34918
1665,815,0.05,6.466113330000001,171,139860,84.0,3.1130027770996094,0.0001,34939
1666,815,0.05,6.396080220000001,171,139944,84.0,0.12623825669288635,0.0001,34960
1667,816,0.05,6.34191331,171,140028,84.0,3.1547155380249023,0.0001,34981
1668,816,0.05,6.31027189,171,140112,84.0,0.1310618817806244,0.0001,35002
1669,817,0.05,6.01404615,171,140196,84.0,0.2026819884777069,0.0001,35023
1670,818,0.05,5.92005819,171,140280,84.0,0.10987428575754166,0.0001,35044
1671,818,0.05,5.842583019999999,171,140364,84.0,6.216071605682373,0.0001,35065
1672,818,0.05,5.77341285,171,140448,84.0,0.2246202677488327,0.0001,35086
1673,819,0.05,5.712951329999999,171,140532,84.0,0.24359777569770813,0.0001,35107
1674,820,0.05,5.795820470000001,171,140616,84.0,3.1914165019989014,0.0001,35128
1675,820,0.05,5.858169870000001,171,140700,84.0,0.18746423721313477,0.0001,35149
1676,821,0.05,5.857681169999999,171,140784,84.0,0.17898961901664734,0.0001,35170
1677,821,0.05,6.0039266,171,140868,84.0,0.17979824542999268,0.0001,35191
1678,822,0.05,6.105487869999999,171,140952,84.0,0.2663261294364929,0.0001,35212
1679,822,0.05,6.11302709,171,141036,84.0,3.103844404220581,0.0001,35233
1680,823,0.05,6.0473827600000005,171,141120,84.0,3.0632152557373047,0.0001,35254
1681,823,0.05,5.998299510000001,171,141204,84.0,0.25808173418045044,0.0001,35275
1682,824,0.05,6.02341444,171,141288,84.0,0.1703808605670929,0.0001,35296
1683,824,0.05,6.0048683800000004,171,141372,84.0,0.2296276092529297,0.0001,35317
1684,825,0.05,6.07714203,171,141456,84.0,3.020881175994873,0.0001,35338
1685,825,0.05,5.927789239999999,171,141540,84.0,0.1359785944223404,0.0001,35359
1686,826,0.05,5.97333676,171,141624,84.0,0.28276365995407104,0.0001,35380
1687,827,0.05,6.006160869999999,171,141708,84.0,0.24566584825515747,0.0001,35401
1688,827,0.05,5.956524409999999,171,141792,84.0,0.07543018460273743,0.0001,35422
1689,828,0.05,5.822331139999999,171,141876,84.0,3.479414701461792,0.0001,35443
1690,828,0.05,5.845319750000001,171,141960,84.0,3.5451130867004395,0.0001,35464
1691,829,0.05,5.63563453,171,142044,84.0,0.1883746087551117,0.0001,35485
1692,829,0.05,5.64095324,171,142128,84.0,0.1687600314617157,0.0001,35506
1693,830,0.05,5.49073214,171,142212,84.0,0.10856125503778458,0.0001,35527
1694,830,0.05,5.553730820000001,171,142296,84.0,0.09355859458446503,0.0001,35548
1695,831,0.05,5.5513381200000005,171,142380,84.0,12.475350379943848,0.0001,35569
1696,831,0.05,5.492340699999999,171,142464,84.0,3.042750835418701,0.0001,35590
1697,832,0.05,5.4649873599999985,171,142548,84.0,3.0907511711120605,0.0001,35611
1698,832,0.05,5.415793999999998,171,142632,84.0,6.503243446350098,0.0001,35632
1699,833,0.05,5.317197,171,142716,84.0,0.15000224113464355,0.0001,35653
1700,833,0.05,5.2425292899999985,171,142800,84.0,3.0833988189697266,0.0001,35674
1701,834,0.05,5.19443511,171,142884,84.0,0.08227018266916275,0.0001,35695
1702,834,0.05,5.2747746599999985,171,142968,84.0,0.15307247638702393,0.0001,35716
1703,835,0.05,5.21196155,171,143052,84.0,0.14122441411018372,0.0001,35737
1704,836,0.05,5.40157961,171,143136,84.0,3.3359832763671875,0.0001,35758
1705,836,0.05,5.32859379,171,143220,84.0,0.21925464272499084,0.0001,35779
1706,837,0.05,5.249099190000001,171,143304,84.0,0.16396310925483704,0.0001,35800
1707,837,0.05,5.32117538,171,143388,84.0,0.14936323463916779,0.0001,35821
1708,838,0.05,5.23328582,171,143472,84.0,0.14007145166397095,0.0001,35842
1709,838,0.05,5.09412229,171,143556,84.0,0.23834514617919922,0.0001,35863
1710,839,0.05,5.10133772,171,143640,84.0,3.127427577972412,0.0001,35884
1711,839,0.05,5.188020669999999,171,143724,84.0,0.15769052505493164,0.0001,35905
1712,840,0.05,5.0061805,171,143808,84.0,0.18894824385643005,0.0001,35926
1713,840,0.05,4.99587895,171,143892,84.0,0.21484732627868652,0.0001,35947
1714,841,0.05,4.965738320000001,171,143976,84.0,0.11174818873405457,0.0001,35968
1715,841,0.05,5.11430818,171,144060,84.0,0.1437387764453888,0.0001,35989
1716,842,0.05,5.19811352,171,144144,84.0,0.21135804057121277,0.0001,36010
1717,842,0.05,5.19644843,171,144228,84.0,0.19435596466064453,0.0001,36031
1718,843,0.05,5.11143051,171,144312,84.0,0.17177055776119232,0.0001,36052
1719,843,0.05,4.80371673,171,144396,84.0,0.14113274216651917,0.0001,36073
1720,844,0.05,4.72478713,171,144480,84.0,0.09818325191736221,0.0001,36094
1721,844,0.05,4.73403487,171,144564,84.0,0.17023345828056335,0.0001,36115
1722,845,0.05,4.83231889,171,144648,84.0,0.2115708291530609,0.0001,36136
1723,845,0.05,4.667784430000001,171,144732,84.0,0.2084101140499115,0.0001,36157
1724,846,0.05,4.67715714,171,144816,84.0,0.19690543413162231,0.0001,36178
1725,846,0.05,4.69609211,171,144900,84.0,0.12170825153589249,0.0001,36199
1726,847,0.05,4.804178520000001,171,144984,84.0,0.22616569697856903,0.0001,36220
1727,848,0.05,4.7414130000000005,171,145068,84.0,6.400816917419434,0.0001,36241
1728,848,0.05,4.68204195,171,145152,84.0,0.17599764466285706,0.0001,36262
1729,849,0.05,4.781822130000001,171,145236,84.0,0.3009946048259735,0.0001,36283
1730,849,0.05,4.87059289,170,145320,84.0,0.1302320957183838,0.0001,36304
1731,850,0.05,4.918461080000001,170,145404,84.0,0.19054707884788513,0.0001,36325
1732,850,0.05,4.93891499,170,145488,84.0,0.149664968252182,0.0001,36346
1733,851,0.05,5.03484157,170,145572,84.0,3.1868066787719727,0.0001,36367
1734,852,0.05,4.97203359,170,145656,84.0,3.0603199005126953,0.0001,36388
1735,852,0.05,4.83321224,170,145740,84.0,0.1326473504304886,0.0001,36409
1736,853,0.05,4.86993219,170,145824,84.0,3.239879608154297,0.0001,36430
1737,853,0.05,5.03516477,170,145908,84.0,0.16844868659973145,0.0001,36451
1738,854,0.05,5.05108134,170,145992,84.0,0.11430002003908157,0.0001,36472
1739,854,0.05,5.086609600000001,170,146076,84.0,0.1404438018798828,0.0001,36493
1740,855,0.05,5.236146930000001,170,146160,84.0,0.13708338141441345,0.0001,36514
1741,855,0.05,5.207402480000001,170,146244,84.0,0.10016694664955139,0.0001,36535
1742,856,0.05,5.0644500400000005,170,146328,84.0,0.19624358415603638,0.0001,36556
1743,856,0.05,5.07531424,170,146412,84.0,3.32442307472229,0.0001,36577
1744,857,0.05,5.0065127700000005,170,146496,84.0,0.1720408797264099,0.0001,36598
1745,857,0.05,5.01013772,170,146580,84.0,3.350440740585327,0.0001,36619
1746,858,0.05,4.98633089,170,146664,84.0,0.06142956018447876,0.0001,36640
1747,858,0.05,4.75711425,170,146748,84.0,3.165548086166382,0.0001,36661
1748,859,0.05,4.83936538,170,146832,84.0,0.2352270931005478,0.0001,36682
1749,859,0.05,5.00271652,170,146916,84.0,0.17261186242103577,0.0001,36703
1750,860,0.05,4.87836807,170,147000,84.0,3.173607349395752,0.0001,36724
1751,860,0.05,4.85900526,170,147084,84.0,2.979463577270508,0.0001,36745
1752,861,0.05,4.7032216700000005,170,147168,84.0,0.28194719552993774,0.0001,36766
1753,861,0.05,4.5302678,170,147252,84.0,3.334904193878174,0.0001,36787
1754,862,0.05,4.687747810000001,170,147336,84.0,0.18564638495445251,0.0001,36808
1755,863,0.05,4.68448976,170,147420,84.0,0.16640605032444,0.0001,36829
1756,863,0.05,4.667535170000001,170,147504,84.0,0.1851227879524231,0.0001,36850
1757,864,0.05,4.79047664,170,147588,84.0,3.0411159992218018,0.0001,36871
1758,864,0.05,4.96877797,170,147672,84.0,0.07770240306854248,0.0001,36892
1759,865,0.05,5.07969557,170,147756,84.0,0.25219982862472534,0.0001,36913
1760,865,0.05,5.12976269,170,147840,84.0,0.16190674901008606,0.0001,36934
1761,866,0.05,5.13111907,170,147924,84.0,3.130847930908203,0.0001,36955
1762,866,0.05,5.12863666,170,148008,84.0,0.22947198152542114,0.0001,36976
1763,867,0.05,5.14907905,170,148092,84.0,0.09572578966617584,0.0001,36997
1764,867,0.05,5.08999255,170,148176,84.0,0.34643128514289856,0.0001,37018
1765,868,0.05,5.2470612700000006,170,148260,84.0,0.15272009372711182,0.0001,37039
1766,868,0.05,5.2083576,170,148344,84.0,0.265476793050766,0.0001,37060
1767,869,0.05,5.26012787,170,148428,84.0,0.1234603226184845,0.0001,37081
1768,869,0.05,5.09988814,170,148512,84.0,0.19873863458633423,0.0001,37102
1769,870,0.05,5.242659840000001,170,148596,84.0,0.21209925413131714,0.0001,37123
1770,870,0.05,5.47816302,170,148680,84.0,3.087763547897339,0.0001,37144
1771,871,0.05,5.410832180000001,170,148764,84.0,3.133187770843506,0.0001,37165
1772,871,0.05,5.3045343800000015,170,148848,84.0,0.16004399955272675,0.0001,37186
1773,872,0.05,5.3199360900000014,170,148932,84.0,0.25645533204078674,0.0001,37207
1774,873,0.05,5.24713657,170,149016,84.0,6.5432939529418945,0.0001,37228
1775,873,0.05,5.19994729,170,149100,84.0,3.286729335784912,0.0001,37249
1776,874,0.05,5.189120760000001,170,149184,84.0,3.2970359325408936,0.0001,37270
1777,874,0.05,5.2267868,170,149268,84.0,0.18012699484825134,0.0001,37291
1778,875,0.05,5.207749029999999,170,149352,84.0,3.0255377292633057,0.0001,37312
1779,875,0.05,5.221424150000001,170,149436,84.0,0.2444242537021637,0.0001,37333
1780,876,0.05,5.24131705,170,149520,84.0,0.17876222729682922,0.0001,37354
1781,876,0.05,5.3111394700000005,170,149604,84.0,0.18473199009895325,0.0001,37375
1782,877,0.05,5.1298924,170,149688,84.0,0.12819185853004456,0.0001,37396
1783,877,0.05,5.1332717400000005,170,149772,84.0,3.1824841499328613,0.0001,37417
1784,878,0.05,5.043049570000001,170,149856,84.0,3.1429972648620605,0.0001,37438
1785,878,0.05,5.15391781,170,149940,84.0,0.2300422638654709,0.0001,37459
1786,879,0.05,5.10077557,170,150024,84.0,3.1571714878082275,0.0001,37480
1787,879,0.05,4.99791726,170,150108,84.0,3.1426401138305664,0.0001,37501
1788,880,0.05,5.223150759999999,170,150192,84.0,3.2331387996673584,0.0001,37522
1789,881,0.05,5.26043873,170,150276,84.0,0.16277478635311127,0.0001,37543
1790,881,0.05,5.20880539,170,150360,84.0,0.2734737694263458,0.0001,37564
1791,882,0.05,5.335776109999999,170,150444,84.0,0.2747778296470642,0.0001,37585
1792,882,0.05,5.308348119999998,170,150528,84.0,0.12939880788326263,0.0001,37606
1793,883,0.05,5.227583799999999,170,150612,84.0,3.1570985317230225,0.0001,37627
1794,883,0.05,5.22380682,170,150696,84.0,3.1280689239501953,0.0001,37648
1795,884,0.05,5.211704,170,150780,84.0,0.1749035120010376,0.0001,37669
1796,884,0.05,5.3010123799999995,170,150864,84.0,3.0440421104431152,0.0001,37690
1797,885,0.05,5.30916533,170,150948,84.0,3.072291851043701,0.0001,37711
1798,885,0.05,5.34821595,170,151032,84.0,3.138199806213379,0.0001,37732
1799,886,0.05,5.45584489,170,151116,84.0,0.19423267245292664,0.0001,37753
1800,886,0.05,5.5754490400000005,170,151200,84.0,0.1463783085346222,0.0001,37774
1801,887,0.05,5.68867202,170,151284,84.0,0.21254105865955353,0.0001,37795
1802,887,0.05,5.658024740000002,170,151368,84.0,3.221816062927246,0.0001,37816
1803,888,0.05,5.7150444600000005,170,151452,84.0,0.07442139089107513,0.0001,37837
1804,889,0.05,5.70944912,170,151536,84.0,0.09304331988096237,0.0001,37858
1805,889,0.05,5.875791339999998,170,151620,84.0,3.1015236377716064,0.0001,37879
1806,890,0.05,6.0653541199999985,170,151704,84.0,0.13547168672084808,0.0001,37900
1807,890,0.05,6.240996739999999,170,151788,84.0,3.1297595500946045,0.0001,37921
1808,891,0.05,6.2739183,170,151872,84.0,3.010437488555908,0.0001,37942
1809,891,0.05,6.294329150000001,170,151956,84.0,3.080176591873169,0.0001,37963
1810,892,0.05,6.12578938,170,152040,84.0,3.1814050674438477,0.0001,37984
1811,892,0.05,6.077904960000001,170,152124,84.0,0.1206744909286499,0.0001,38005
1812,893,0.05,6.1901895,170,152208,84.0,0.2026873379945755,0.0001,38026
1813,893,0.05,6.2157653,170,152292,84.0,0.18553346395492554,0.0001,38047
1814,894,0.05,6.3870192,170,152376,84.0,0.21374359726905823,0.0001,38068
1815,895,0.05,6.3915454700000005,170,152460,84.0,0.17239591479301453,0.0001,38089
1816,895,0.05,6.2823132799999994,170,152544,84.0,0.1570618450641632,0.0001,38110
1817,895,0.05,6.358241359999999,170,152628,84.0,0.12547512352466583,0.0001,38131
1818,896,0.05,6.45776399,170,152712,84.0,3.08683443069458,0.0001,38152
1819,897,0.05,6.54513808,170,152796,84.0,0.24645349383354187,0.0001,38173
1820,897,0.05,6.560924030000001,170,152880,84.0,0.1100718230009079,0.0001,38194
1821,898,0.05,6.4746851900000015,170,152964,84.0,0.2843380868434906,0.0001,38215
1822,898,0.05,6.39831804,170,153048,84.0,0.2534179389476776,0.0001,38236
1823,899,0.05,6.5984180199999996,170,153132,84.0,3.2081491947174072,0.0001,38257
1824,899,0.05,6.53413638,170,153216,84.0,3.0730204582214355,0.0001,38278
1825,900,0.05,6.560956339999999,170,153300,84.0,5.961498260498047,0.0001,38299
1826,900,0.05,6.556451640000001,170,153384,84.0,0.18997889757156372,0.0001,38320
1827,901,0.05,6.650658509999999,170,153468,84.0,3.045009136199951,0.0001,38341
1828,901,0.05,6.635222659999999,170,153552,84.0,0.2063443809747696,0.0001,38362
1829,902,0.05,6.589771299999999,170,153636,84.0,0.21269507706165314,0.0001,38383
1830,902,0.05,6.550851519999998,170,153720,84.0,9.737710952758789,0.0001,38404
1831,903,0.05,6.57548208,170,153804,84.0,3.0617010593414307,0.0001,38425
1832,903,0.05,6.4968226399999995,170,153888,84.0,0.1439269781112671,0.0001,38446
1833,904,0.05,6.4724751,170,153972,84.0,0.17599564790725708,0.0001,38467
1834,905,0.05,6.56835302,170,154056,84.0,3.0848214626312256,0.0001,38488
1835,905,0.05,6.595972589999999,170,154140,84.0,3.2410991191864014,0.0001,38509
1836,906,0.05,6.543389479999999,170,154224,84.0,0.17027848958969116,0.0001,38530
1837,906,0.05,6.550226,170,154308,84.0,0.17700207233428955,0.0001,38551
1838,907,0.05,6.6642329799999995,170,154392,84.0,0.19147466123104095,0.0001,38572
1839,907,0.05,6.68089155,170,154476,84.0,3.1863465309143066,0.0001,38593
1840,908,0.05,6.58307894,170,154560,84.0,0.15264226496219635,0.0001,38614
1841,908,0.05,6.46166624,170,154644,84.0,0.08610548079013824,0.0001,38635
1842,909,0.05,6.591930060000001,170,154728,84.0,3.2291667461395264,0.0001,38656
1843,909,0.05,6.509273730000001,170,154812,84.0,0.21217314898967743,0.0001,38677
1844,910,0.05,6.5136109499999995,170,154896,84.0,0.11844578385353088,0.0001,38698
1845,910,0.05,6.429893319999999,170,154980,84.0,0.19493570923805237,0.0001,38719
1846,911,0.05,6.357415129999998,170,155064,84.0,0.3000771999359131,0.0001,38740
1847,911,0.05,6.3295691299999985,170,155148,84.0,0.1413949877023697,0.0001,38761
1848,912,0.05,6.190809619999999,170,155232,84.0,0.12526173889636993,0.0001,38782
1849,913,0.05,6.1432106499999986,170,155316,84.0,0.16859114170074463,0.0001,38803
1850,913,0.05,6.089524939999999,170,155400,84.0,3.0687761306762695,0.0001,38824
1851,914,0.05,6.105413239999999,170,155484,84.0,0.2088826596736908,0.0001,38845
1852,914,0.05,6.014573369999999,170,155568,84.0,0.14030398428440094,0.0001,38866
1853,915,0.05,6.096731699999999,170,155652,84.0,3.341627597808838,0.0001,38887
1854,915,0.05,5.90613291,170,155736,84.0,3.072437286376953,0.0001,38908
1855,916,0.05,5.820813220000002,170,155820,84.0,0.21736246347427368,0.0001,38929
1856,916,0.05,5.86332586,170,155904,84.0,3.2847840785980225,0.0001,38950
1857,917,0.05,5.763582240000001,170,155988,84.0,3.0323050022125244,0.0001,38971
1858,917,0.05,5.850067280000001,170,156072,84.0,0.18211650848388672,0.0001,38992
1859,918,0.05,5.85465651,170,156156,84.0,0.13935719430446625,0.0001,39013
1860,918,0.05,5.821715869999999,170,156240,84.0,0.26763370633125305,0.0001,39034
1861,919,0.05,5.820269990000001,170,156324,84.0,0.19356897473335266,0.0001,39055
1862,919,0.05,5.619398629999999,170,156408,84.0,0.1592402160167694,0.0001,39076
1863,920,0.05,5.563489069999999,170,156492,84.0,0.29333746433258057,0.0001,39097
1864,920,0.05,5.433837369999999,170,156576,84.0,0.2361154705286026,0.0001,39118
1865,921,0.05,5.3246056699999995,170,156660,84.0,0.16840356588363647,0.0001,39139
1866,921,0.05,5.34696686,170,156744,84.0,0.1828266829252243,0.0001,39160
1867,922,0.05,5.350990219999999,170,156828,84.0,0.0887732282280922,0.0001,39181
1868,923,0.05,5.309852589999998,170,156912,84.0,0.08718310296535492,0.0001,39202
1869,923,0.05,5.3061222899999985,169,156996,84.0,0.07692332565784454,0.0001,39223
1870,924,0.05,5.18231228,169,157080,84.0,0.16912612318992615,0.0001,39244
1871,924,0.05,5.26629138,169,157164,84.0,0.15462446212768555,0.0001,39265
1872,925,0.05,5.183052770000001,169,157248,84.0,3.1200332641601562,0.0001,39286
1873,925,0.05,5.2252665799999995,169,157332,84.0,0.07011479884386063,0.0001,39307
1874,926,0.05,5.150081160000001,169,157416,84.0,0.15566033124923706,0.0001,39328
1875,926,0.05,5.06882581,169,157500,84.0,0.1965467929840088,0.0001,39349
1876,927,0.05,4.8922652499999995,169,157584,84.0,0.31301069259643555,0.0001,39370
1877,927,0.05,4.84740526,169,157668,84.0,0.26625484228134155,0.0001,39391
1878,928,0.05,4.76029855,169,157752,84.0,3.056185483932495,0.0001,39412
1879,928,0.05,4.7687207,169,157836,84.0,0.179623082280159,0.0001,39433
1880,929,0.05,4.7663708300000005,169,157920,84.0,0.10734383016824722,0.0001,39454
1881,929,0.05,4.74835665,169,158004,84.0,3.371506690979004,0.0001,39475
1882,930,0.05,4.80733376,169,158088,84.0,0.16480261087417603,0.0001,39496
1883,931,0.05,4.862987949999999,169,158172,84.0,0.16311171650886536,0.0001,39517
1884,931,0.05,4.948612599999999,169,158256,84.0,0.2787933051586151,0.0001,39538
1885,932,0.05,4.842644869999999,169,158340,84.0,3.283550977706909,0.0001,39559
1886,932,0.05,4.9240903,169,158424,84.0,0.13673073053359985,0.0001,39580
1887,933,0.05,5.0127442,169,158508,84.0,0.07661950588226318,0.0001,39601
1888,933,0.05,4.88447692,169,158592,84.0,3.2510547637939453,0.0001,39622
1889,934,0.05,4.852486030000001,169,158676,84.0,0.17608878016471863,0.0001,39643
1890,934,0.05,4.90279321,169,158760,84.0,0.1510402113199234,0.0001,39664
1891,935,0.05,4.9069756,169,158844,84.0,6.061395645141602,0.0001,39685
1892,935,0.05,4.92505725,169,158928,84.0,0.05614125356078148,0.0001,39706
1893,936,0.05,5.104303850000001,169,159012,84.0,0.17536912858486176,0.0001,39727
1894,936,0.05,4.939994500000001,169,159096,84.0,6.280567169189453,0.0001,39748
1895,937,0.05,4.9263644200000005,169,159180,84.0,3.1540541648864746,0.0001,39769
1896,937,0.05,4.74426435,169,159264,84.0,0.23526205122470856,0.0001,39790
1897,938,0.05,4.67916702,169,159348,84.0,0.17140565812587738,0.0001,39811
1898,938,0.05,4.62421079,169,159432,84.0,0.09807568043470383,0.0001,39832
1899,939,0.05,4.620034319999999,169,159516,84.0,0.11851660907268524,0.0001,39853
1900,940,0.05,4.61236804,169,159600,84.0,0.1771402209997177,0.0001,39874
1901,940,0.05,4.41102761,169,159684,84.0,0.12279759347438812,0.0001,39895
1902,941,0.05,4.278433289999999,169,159768,84.0,0.11040139943361282,0.0001,39916
1903,941,0.05,4.30620459,169,159852,84.0,0.24010515213012695,0.0001,39937
1904,941,0.05,4.300435569999999,169,159936,84.0,0.18524372577667236,0.0001,39958
1905,942,0.05,4.300999269999999,169,160020,84.0,0.29961079359054565,0.0001,39979
1906,943,0.05,4.10218671,169,160104,84.0,0.17638906836509705,0.0001,40000
1907,943,0.05,3.8867608700000007,169,160188,84.0,0.4043455421924591,0.0001,40021
1908,944,0.05,3.81731381,169,160272,84.0,0.12037196755409241,0.0001,40042
1909,944,0.05,3.94020705,169,160356,84.0,0.16020452976226807,0.0001,40063
1910,945,0.05,4.02833288,169,160440,84.0,3.104024648666382,0.0001,40084
1911,945,0.05,4.09602611,169,160524,84.0,0.16127422451972961,0.0001,40105
1912,946,0.05,4.01776764,169,160608,84.0,0.18582192063331604,0.0001,40126
1913,946,0.05,3.92936209,169,160692,84.0,3.037217378616333,0.0001,40147
1914,947,0.05,3.76332657,169,160776,84.0,3.3993170261383057,0.0001,40168
1915,948,0.05,3.78765225,169,160860,84.0,0.1392924189567566,0.0001,40189
1916,948,0.05,3.7214159999999996,169,160944,84.0,0.1838371455669403,0.0001,40210
1917,949,0.05,3.76313719,169,161028,84.0,3.1345958709716797,0.0001,40231
1918,949,0.05,3.61736423,169,161112,84.0,3.1062302589416504,0.0001,40252
1919,950,0.05,3.5034264199999994,169,161196,84.0,0.11783365905284882,0.0001,40273
1920,950,0.05,3.3785326599999994,169,161280,84.0,3.0274343490600586,0.0001,40294
1921,951,0.05,3.2406434299999995,169,161364,84.0,9.213276863098145,0.0001,40315
1922,951,0.05,3.4699943499999995,169,161448,84.0,3.1895108222961426,0.0001,40336
1923,952,0.05,3.3522933399999992,169,161532,84.0,0.2850714921951294,0.0001,40357
1924,952,0.05,3.4189027499999995,169,161616,84.0,0.13284924626350403,0.0001,40378
1925,953,0.05,3.31197834,169,161700,84.0,3.227324962615967,0.0001,40399
1926,953,0.05,3.3186931699999995,169,161784,84.0,0.1490001231431961,0.0001,40420
1927,954,0.05,3.3048197100000003,169,161868,84.0,0.11983320862054825,0.0001,40441
1928,954,0.05,3.25364346,169,161952,84.0,3.047022819519043,0.0001,40462
1929,955,0.05,3.27304215,169,162036,84.0,3.3453285694122314,0.0001,40483
1930,955,0.05,3.29275597,169,162120,84.0,0.14332813024520874,0.0001,40504
1931,956,0.05,3.26319537,169,162204,84.0,0.15431497991085052,0.0001,40525
1932,956,0.05,3.3266346600000003,169,162288,84.0,0.13591641187667847,0.0001,40546
1933,957,0.05,3.372099010000001,169,162372,84.0,0.20053346455097198,0.0001,40567
1934,957,0.05,3.32525049,169,162456,84.0,0.1558157205581665,0.0001,40588
1935,958,0.05,3.33684685,169,162540,84.0,0.2302652895450592,0.0001,40609
1936,958,0.05,3.15835944,169,162624,84.0,3.0766353607177734,0.0001,40630
1937,959,0.05,3.0116154799999997,169,162708,84.0,0.25584080815315247,0.0001,40651
1938,960,0.05,2.9543317599999996,169,162792,84.0,3.524444818496704,0.0001,40672
1939,960,0.05,2.9053180000000003,169,162876,84.0,0.12053901702165604,0.0001,40693
1940,961,0.05,2.8358423200000002,169,162960,84.0,0.1477227807044983,0.0001,40714
1941,961,0.05,2.9297731000000002,169,163044,84.0,0.20222261548042297,0.0001,40735
1942,962,0.05,3.036922560000001,169,163128,84.0,3.2618913650512695,0.0001,40756
1943,962,0.05,3.0862293800000007,169,163212,84.0,0.13785620033740997,0.0001,40777
1944,963,0.05,3.0383176400000007,169,163296,84.0,0.12837356328964233,0.0001,40798
1945,963,0.05,3.12237272,169,163380,84.0,2.9841558933258057,0.0001,40819
1946,964,0.05,3.12148348,169,163464,84.0,0.17465443909168243,0.0001,40840
1947,964,0.05,3.0958223699999996,169,163548,84.0,6.272129535675049,0.0001,40861
1948,965,0.05,3.08859899,169,163632,84.0,0.19412153959274292,0.0001,40882
1949,965,0.05,3.0354295199999997,169,163716,84.0,3.358229398727417,0.0001,40903
1950,966,0.05,3.00423137,169,163800,84.0,3.4503111839294434,0.0001,40924
1951,966,0.05,2.88544143,169,163884,84.0,0.20295526087284088,0.0001,40945
1952,967,0.05,2.9036533700000002,169,163968,84.0,0.14995092153549194,0.0001,40966
1953,967,0.05,3.0114889600000003,169,164052,84.0,0.11237486451864243,0.0001,40987
1954,968,0.05,3.09111405,169,164136,84.0,0.18658143281936646,0.0001,41008
1955,968,0.05,3.0739304400000003,169,164220,84.0,3.3330435752868652,0.0001,41029
1956,969,0.05,3.15464594,169,164304,84.0,0.1951809525489807,0.0001,41050
1957,969,0.05,3.0228911099999993,169,164388,84.0,6.091062545776367,0.0001,41071
1958,970,0.05,2.924835499999999,169,164472,84.0,3.2201311588287354,0.0001,41092
1959,970,0.05,2.9360742799999997,169,164556,84.0,0.09280840307474136,0.0001,41113
1960,971,0.05,2.94771588,169,164640,84.0,3.0910935401916504,0.0001,41134
1961,972,0.05,3.02770127,169,164724,84.0,3.313904285430908,0.0001,41155
1962,972,0.05,3.11646141,169,164808,84.0,0.1178467869758606,0.0001,41176
1963,973,0.05,3.1496171899999994,169,164892,84.0,0.2299148291349411,0.0001,41197
1964,973,0.05,3.3161907699999995,169,164976,84.0,0.17619189620018005,0.0001,41218
1965,974,0.05,3.3562524,169,165060,84.0,0.17494553327560425,0.0001,41239
1966,974,0.05,3.40515593,169,165144,84.0,0.21136680245399475,0.0001,41260
1967,975,0.05,3.3594717999999997,169,165228,84.0,3.0633676052093506,0.0001,41281
1968,975,0.05,3.4932767399999993,169,165312,84.0,0.14824554324150085,0.0001,41302
1969,976,0.05,3.4017956599999994,169,165396,84.0,0.14604343473911285,0.0001,41323
1970,976,0.05,3.2465124399999996,169,165480,84.0,0.12837065756320953,0.0001,41344
1971,977,0.05,3.1978383000000004,169,165564,84.0,0.160041943192482,0.0001,41365
1972,977,0.05,3.3519371200000005,169,165648,84.0,0.08803464472293854,0.0001,41386
1973,978,0.05,3.19752375,169,165732,84.0,0.14575344324111938,0.0001,41407
1974,978,0.05,3.10002229,169,165816,84.0,0.20306283235549927,0.0001,41428
1975,979,0.05,3.17890686,169,165900,84.0,3.083590030670166,0.0001,41449
1976,980,0.05,3.3890900200000003,169,165984,84.0,0.17987234890460968,0.0001,41470
1977,980,0.05,3.44514587,169,166068,84.0,3.3005990982055664,0.0001,41491
1978,981,0.05,3.5324778000000006,169,166152,84.0,3.521054983139038,0.0001,41512
1979,981,0.05,3.52551316,169,166236,84.0,0.09925094246864319,0.0001,41533
1980,982,0.05,3.40214833,169,166320,84.0,0.2713124752044678,0.0001,41554
1981,982,0.05,3.39619074,169,166404,84.0,3.304974317550659,0.0001,41575
1982,983,0.05,3.2171493900000003,169,166488,84.0,0.14628282189369202,0.0001,41596
1983,983,0.05,3.21585783,169,166572,84.0,0.12806648015975952,0.0001,41617
1984,984,0.05,3.0988400400000002,169,166656,84.0,0.16320496797561646,0.0001,41638
1985,984,0.05,3.0152275,169,166740,84.0,6.135280609130859,0.0001,41659
1986,985,0.05,2.9684571899999996,169,166824,84.0,3.0120725631713867,0.0001,41680
1987,985,0.05,2.99965811,169,166908,84.0,6.344222068786621,0.0001,41701
1988,986,0.05,3.1073733499999996,169,166992,84.0,0.11017829179763794,0.0001,41722
1989,986,0.05,3.13029823,169,167076,84.0,0.21038758754730225,0.0001,41743
1990,987,0.05,3.05602604,169,167160,84.0,0.12932708859443665,0.0001,41764
1991,987,0.05,2.94304367,169,167244,84.0,0.1707320511341095,0.0001,41785
1992,988,0.05,2.9823378899999993,169,167328,84.0,3.0596413612365723,0.0001,41806
1993,988,0.05,2.9830069900000002,169,167412,84.0,3.0745224952697754,0.0001,41827
1994,989,0.05,3.07601973,169,167496,84.0,0.13969813287258148,0.0001,41848
1995,989,0.05,3.0786195,169,167580,84.0,3.209197759628296,0.0001,41869
1996,990,0.05,3.12442155,169,167664,84.0,0.18507279455661774,0.0001,41890
1997,991,0.05,3.0956029099999993,169,167748,84.0,3.2367331981658936,0.0001,41911
1998,991,0.05,3.1194232599999996,169,167832,84.0,0.2346830666065216,0.0001,41932
1999,992,0.05,2.97766888,169,167916,84.0,0.24527359008789062,0.0001,41953
2000,992,0.05,2.9239941600000003,169,168000,84.0,0.20076394081115723,0.0001,41974
2001,993,0.05,3.08074962,169,168084,84.0,0.09881727397441864,0.0001,41995
2002,993,0.05,3.2625219700000003,169,168168,84.0,0.14316405355930328,0.0001,42016
2003,994,0.05,3.2849023300000018,169,168252,84.0,0.05204997584223747,0.0001,42037
2004,994,0.05,3.3481194600000004,169,168336,84.0,0.18898844718933105,0.0001,42058
2005,995,0.05,3.2503553099999993,169,168420,84.0,0.14168331027030945,0.0001,42079
2006,995,0.05,3.2774639699999994,169,168504,84.0,0.10655874013900757,0.0001,42100
2007,996,0.05,3.1930357199999997,169,168588,84.0,0.13415715098381042,0.0001,42121
2008,996,0.05,3.15115027,169,168672,84.0,0.1710694432258606,0.0001,42142
2009,997,0.05,3.10278993,169,168756,84.0,0.0726052075624466,0.0001,42163
2010,997,0.05,3.186275310000001,169,168840,84.0,0.19603505730628967,0.0001,42184
2011,998,0.05,3.1772692500000006,169,168924,84.0,6.168234825134277,0.0001,42205
2012,998,0.05,3.160912820000001,169,169008,84.0,3.418520927429199,0.0001,42226
2013,999,0.05,3.15221453,169,169092,84.0,0.13016682863235474,0.0001,42247
2014,999,0.05,3.3355347699999998,169,169176,84.0,3.1687493324279785,0.0001,42268
2015,1000,0.05,3.2435216799999993,169,169260,84.0,0.14395713806152344,0.0001,42289
2016,1001,0.05,3.1376560900000006,169,169344,84.0,0.14947500824928284,0.0001,42310
2017,1001,0.05,3.1192342199999996,169,169428,84.0,3.0590858459472656,0.0001,42331
2018,1002,0.05,3.1868616199999997,169,169512,84.0,9.384708404541016,0.0001,42352
2019,1002,0.05,3.3608933699999994,169,169596,84.0,0.06794258952140808,0.0001,42373
2020,1003,0.05,3.4282533299999995,169,169680,84.0,0.18003633618354797,0.0001,42394
2021,1003,0.05,3.4857898299999994,169,169764,84.0,0.17806363105773926,0.0001,42415
2022,1004,0.05,3.3947417200000003,169,169848,84.0,0.14263339340686798,0.0001,42436
2023,1004,0.05,3.2399257599999998,169,169932,84.0,0.14799129962921143,0.0001,42457
2024,1005,0.05,3.22176571,169,170016,84.0,0.1872980296611786,0.0001,42478
2025,1005,0.05,3.3489643500000006,169,170100,84.0,0.2645265460014343,0.0001,42499
2026,1006,0.05,3.2081354600000007,169,170184,84.0,3.347104787826538,0.0001,42520
2027,1006,0.05,3.19536489,169,170268,84.0,6.23617696762085,0.0001,42541
2028,1007,0.05,3.2012127700000006,169,170352,84.0,6.017612457275391,0.0001,42562
2029,1007,0.05,3.1810795900000013,169,170436,84.0,0.2627801299095154,0.0001,42583
2030,1008,0.05,3.1197236800000008,169,170520,84.0,3.2611939907073975,0.0001,42604
2031,1009,0.05,3.107217510000001,169,170604,84.0,0.1199820339679718,0.0001,42625
2032,1009,0.05,3.1655849200000006,169,170688,84.0,0.17731712758541107,0.0001,42646
2033,1010,0.05,3.1624624800000003,169,170772,84.0,0.14758265018463135,0.0001,42667
2034,1010,0.05,3.1595179600000005,169,170856,84.0,0.2016364336013794,0.0001,42688
2035,1011,0.05,3.05860762,169,170940,84.0,0.14751887321472168,0.0001,42709
2036,1011,0.05,3.21892018,169,171024,84.0,3.1204888820648193,0.0001,42730
2037,1012,0.05,3.2327268900000004,169,171108,84.0,0.16895663738250732,0.0001,42751
2038,1012,0.05,3.2021754799999997,169,171192,84.0,0.23265928030014038,0.0001,42772
2039,1013,0.05,3.2382907799999994,169,171276,84.0,0.28435567021369934,0.0001,42793
2040,1013,0.05,3.2596884900000003,169,171360,84.0,0.13873811066150665,0.0001,42814
2041,1014,0.05,3.0871541000000002,168,171444,84.0,0.2286979854106903,0.0001,42835
2042,1014,0.05,3.01263149,169,171528,84.0,0.1558319628238678,0.0001,42856
2043,1015,0.05,3.04663336,168,171612,84.0,0.13362731039524078,0.0001,42877
2044,1015,0.05,3.10173172,168,171696,84.0,0.19601401686668396,0.0001,42898
2045,1016,0.05,3.0143695200000002,169,171780,84.0,3.050706386566162,0.0001,42919
2046,1016,0.05,3.05669137,169,171864,84.0,3.110279083251953,0.0001,42940
2047,1017,0.05,2.9737239599999996,168,171948,84.0,3.119042158126831,0.0001,42961
2048,1017,0.05,2.9280941400000002,168,172032,84.0,0.14583849906921387,0.0001,42982
2049,1018,0.05,3.0031756600000006,168,172116,84.0,0.20936423540115356,0.0001,43003
2050,1019,0.05,3.1047721200000007,168,172200,84.0,0.26967549324035645,0.0001,43024
2051,1019,0.05,3.1675220800000004,168,172284,84.0,3.156792163848877,0.0001,43045
2052,1020,0.05,3.21453424,168,172368,84.0,0.17827843129634857,0.0001,43066
2053,1020,0.05,3.2654341799999997,168,172452,84.0,3.202110528945923,0.0001,43087
2054,1021,0.05,3.23475348,168,172536,84.0,3.2817142009735107,0.0001,43108
2055,1021,0.05,3.24457111,168,172620,84.0,0.19260835647583008,0.0001,43129
2056,1022,0.05,3.21168107,168,172704,84.0,0.09920349717140198,0.0001,43150
2057,1022,0.05,3.1969717600000007,168,172788,84.0,0.10251328349113464,0.0001,43171
2058,1023,0.05,3.18417678,168,172872,84.0,0.14139436185359955,0.0001,43192
2059,1024,0.05,3.1571877800000006,168,172956,84.0,3.4603583812713623,0.0001,43213
2060,1024,0.05,3.106719800000001,168,173040,84.0,0.09697926789522171,0.0001,43234
2061,1025,0.05,3.02267439,168,173124,84.0,3.1885108947753906,0.0001,43255
2062,1025,0.05,2.9517143900000002,168,173208,84.0,0.1136716902256012,0.0001,43276
2063,1026,0.05,2.94551806,168,173292,84.0,0.17911341786384583,0.0001,43297
2064,1026,0.05,2.7428576799999997,168,173376,84.0,3.5130937099456787,0.0001,43318
2065,1027,0.05,2.7762009,168,173460,84.0,0.3433533310890198,0.0001,43339
2066,1027,0.05,2.9337536,168,173544,84.0,0.19802209734916687,0.0001,43360
2067,1028,0.05,2.98403424,168,173628,84.0,0.15790152549743652,0.0001,43381
2068,1029,0.05,2.9598480800000004,168,173712,84.0,0.10326796770095825,0.0001,43402
2069,1029,0.05,2.9776750500000007,168,173796,84.0,0.2610989809036255,0.0001,43423
2070,1030,0.05,3.1507765,168,173880,84.0,0.14812365174293518,0.0001,43444
2071,1030,0.05,3.1161202300000004,168,173964,84.0,0.1201474741101265,0.0001,43465
2072,1031,0.05,2.9648089199999994,168,174048,84.0,3.6777291297912598,0.0001,43486
2073,1031,0.05,2.99037271,168,174132,84.0,0.35577917098999023,0.0001,43507
2074,1032,0.05,3.15683709,168,174216,84.0,0.18247546255588531,0.0001,43528
2075,1032,0.05,3.2181901600000002,168,174300,84.0,2.9601070880889893,0.0001,43549
2076,1033,0.05,3.1838010400000005,168,174384,84.0,0.23477618396282196,0.0001,43570
2077,1033,0.05,3.068464390000001,168,174468,84.0,0.1145927906036377,0.0001,43591
2078,1034,0.05,3.0151233300000007,168,174552,84.0,0.2311546355485916,0.0001,43612
2079,1034,0.05,2.84456753,168,174636,84.0,0.11676259338855743,0.0001,43633
2080,1035,0.05,2.95235932,168,174720,84.0,0.12151199579238892,0.0001,43654
2081,1035,0.05,2.96146171,168,174804,84.0,0.17974132299423218,0.0001,43675
2082,1036,0.05,3.0938853499999994,168,174888,84.0,0.07313749194145203,0.0001,43696
2083,1036,0.05,3.12101968,168,174972,84.0,0.15093880891799927,0.0001,43717
2084,1037,0.05,3.1257762199999997,168,175056,84.0,0.21947824954986572,0.0001,43738
2085,1038,0.05,3.26944818,168,175140,84.0,0.21221640706062317,0.0001,43759
2086,1038,0.05,3.3057801799999997,168,175224,84.0,3.4290874004364014,0.0001,43780
2087,1039,0.05,3.1483053600000006,168,175308,84.0,0.14589865505695343,0.0001,43801
2088,1039,0.05,2.9387718800000004,168,175392,84.0,3.2210896015167236,0.0001,43822
2089,1040,0.05,2.84584304,168,175476,84.0,0.10498826950788498,0.0001,43843
2090,1040,0.05,2.8864186600000004,168,175560,84.0,0.2344772219657898,0.0001,43864
2091,1041,0.05,2.9127646200000004,168,175644,84.0,2.9760844707489014,0.0001,43885
2092,1042,0.05,2.8246266299999996,168,175728,84.0,3.037309169769287,0.0001,43906
2093,1042,0.05,2.8442489400000004,168,175812,84.0,0.18031425774097443,0.0001,43927
2094,1043,0.05,2.8900224699999995,168,175896,84.0,0.21621105074882507,0.0001,43948
2095,1043,0.05,3.0729585599999996,168,175980,84.0,3.565056800842285,0.0001,43969
2096,1044,0.05,3.15406008,168,176064,84.0,0.08991450816392899,0.0001,43990
2097,1044,0.05,3.19468981,168,176148,84.0,6.039959907531738,0.0001,44011
2098,1045,0.05,3.224168609999999,168,176232,84.0,0.10636214166879654,0.0001,44032
2099,1045,0.05,3.1812018,168,176316,84.0,9.043210983276367,0.0001,44053
2100,1046,0.05,3.1511175699999994,168,176400,84.0,0.19589102268218994,0.0001,44074
2101,1046,0.05,3.08853903,168,176484,84.0,3.3176357746124268,0.0001,44095
2102,1047,0.05,3.02837153,168,176568,84.0,0.1953105479478836,0.0001,44116
2103,1047,0.05,3.03279132,168,176652,84.0,0.26993533968925476,0.0001,44137
2104,1048,0.05,2.8991331100000006,168,176736,84.0,0.24051378667354584,0.0001,44158
2105,1048,0.05,2.772349100000001,168,176820,84.0,3.3628647327423096,0.0001,44179
2106,1049,0.05,2.816010440000001,168,176904,84.0,0.32756179571151733,0.0001,44200
2107,1049,0.05,2.906286620000001,168,176988,84.0,0.1558462679386139,0.0001,44221
2108,1050,0.05,2.935623940000001,168,177072,84.0,0.29778575897216797,0.0001,44242
2109,1050,0.05,2.7710179000000004,168,177156,84.0,3.361522674560547,0.0001,44263
2110,1051,0.05,2.76034159,168,177240,84.0,0.27911508083343506,0.0001,44284
2111,1051,0.05,2.58046626,168,177324,84.0,0.13428813219070435,0.0001,44305
2112,1052,0.05,2.428035349999999,168,177408,84.0,0.11490367352962494,0.0001,44326
2113,1052,0.05,2.5348024899999997,168,177492,84.0,3.337369680404663,0.0001,44347
2114,1053,0.05,2.42813794,168,177576,84.0,0.2895537316799164,0.0001,44368
2115,1053,0.05,2.4092851,168,177660,84.0,0.10772049427032471,0.0001,44389
2116,1054,0.05,2.54392848,168,177744,84.0,0.3764623999595642,0.0001,44410
2117,1055,0.05,2.4687946,168,177828,84.0,3.1463117599487305,0.0001,44431
2118,1055,0.05,2.33366424,168,177912,84.0,0.1275573968887329,0.0001,44452
2119,1056,0.05,2.2601149800000004,168,177996,84.0,0.21578240394592285,0.0001,44473
2120,1056,0.05,2.19734598,168,178080,84.0,5.966411590576172,0.0001,44494
2121,1057,0.05,2.13988879,168,178164,84.0,0.17979687452316284,0.0001,44515
2122,1057,0.05,2.0417935700000003,168,178248,84.0,3.3591721057891846,0.0001,44536
2123,1058,0.05,2.21479504,168,178332,84.0,0.17133018374443054,0.0001,44557
2124,1058,0.05,2.2378219500000003,168,178416,84.0,0.24582967162132263,0.0001,44578
2125,1059,0.05,2.03981067,168,178500,84.0,0.18223416805267334,0.0001,44599
2126,1059,0.05,2.08366883,168,178584,84.0,3.1058313846588135,0.0001,44620
2127,1060,0.05,1.8730525199999997,168,178668,84.0,3.5203094482421875,0.0001,44641
2128,1060,0.05,1.8526704299999996,168,178752,84.0,0.28339648246765137,0.0001,44662
2129,1061,0.05,1.8077409099999997,168,178836,84.0,6.130999565124512,0.0001,44683
2130,1062,0.05,1.8542519,168,178920,84.0,0.044676944613456726,0.0001,44704
2131,1062,0.05,1.8394510299999995,168,179004,84.0,3.6064367294311523,0.0001,44725
2132,1063,0.05,1.72011461,168,179088,84.0,0.22118893265724182,0.0001,44746
2133,1063,0.05,1.7255765999999997,168,179172,84.0,0.30111420154571533,0.0001,44767
2134,1064,0.05,1.50185374,168,179256,84.0,0.21952258050441742,0.0001,44788
2135,1064,0.05,1.60904236,168,179340,84.0,0.10432661324739456,0.0001,44809
2136,1065,0.05,1.5828685000000002,168,179424,84.0,0.15507908165454865,0.0001,44830
2137,1066,0.05,1.56949006,168,179508,84.0,3.5894436836242676,0.0001,44851
2138,1066,0.05,1.77987989,168,179592,84.0,0.15853184461593628,0.0001,44872
2139,1067,0.05,1.7637811,168,179676,84.0,0.17723749577999115,0.0001,44893
2140,1067,0.05,1.6032580900000002,168,179760,84.0,0.09681449085474014,0.0001,44914
2141,1068,0.05,1.6628722100000002,168,179844,84.0,0.19434022903442383,0.0001,44935
2142,1068,0.05,1.64748192,168,179928,84.0,0.1233169436454773,0.0001,44956
2143,1069,0.05,1.6270456299999998,168,180012,84.0,0.21934795379638672,0.0001,44977
2144,1069,0.05,1.54491181,168,180096,84.0,0.22853291034698486,0.0001,44998
2145,1070,0.05,1.5148158200000004,168,180180,84.0,0.14966712892055511,0.0001,45019
2146,1070,0.05,1.5414980400000002,168,180264,84.0,0.2241375595331192,0.0001,45040
2147,1071,0.05,1.6518587100000002,168,180348,84.0,0.09210512787103653,0.0001,45061
2148,1071,0.05,1.74749386,168,180432,84.0,0.3236970901489258,0.0001,45082
2149,1072,0.05,1.7763599500000007,168,180516,84.0,3.5049407482147217,0.0001,45103
2150,1072,0.05,1.7148609300000004,168,180600,84.0,0.15114063024520874,0.0001,45124
2151,1073,0.05,1.49452073,168,180684,84.0,0.2029293030500412,0.0001,45145
2152,1073,0.05,1.51478541,168,180768,84.0,3.4786860942840576,0.0001,45166
2153,1074,0.05,1.2463585,168,180852,84.0,6.277499675750732,0.0001,45187
2154,1074,0.05,1.32219538,168,180936,84.0,0.25161078572273254,0.0001,45208
2155,1075,0.05,1.3257794299999999,168,181020,84.0,0.07926242053508759,0.0001,45229
2156,1075,0.05,1.32832335,168,181104,84.0,0.32073503732681274,0.0001,45250
2157,1076,0.05,1.4805722000000001,168,181188,84.0,3.108008623123169,0.0001,45271
2158,1077,0.05,1.4697382099999998,168,181272,84.0,0.06959245353937149,0.0001,45292
2159,1077,0.05,1.43808339,168,181356,84.0,0.08249156177043915,0.0001,45313
2160,1078,0.05,1.4654063099999997,168,181440,84.0,0.4108891487121582,0.0001,45334
2161,1078,0.05,1.4630126600000002,168,181524,84.0,0.24977964162826538,0.0001,45355
2162,1079,0.05,1.4904409799999998,168,181608,84.0,3.16042160987854,0.0001,45376
2163,1079,0.05,1.49015141,168,181692,84.0,0.22236090898513794,0.0001,45397
2164,1080,0.05,1.6667721499999997,168,181776,84.0,3.092388153076172,0.0001,45418
2165,1080,0.05,1.6497330099999998,168,181860,84.0,0.18806825578212738,0.0001,45439
2166,1081,0.05,1.3261481899999998,168,181944,84.0,0.1966666877269745,0.0001,45460
2167,1081,0.05,1.17209826,168,182028,84.0,0.09402664005756378,0.0001,45481
2168,1082,0.05,1.3847616299999999,168,182112,84.0,3.4716384410858154,0.0001,45502
2169,1082,0.05,1.4291012200000004,168,182196,84.0,0.1644461452960968,0.0001,45523
2170,1083,0.05,1.4068635500000002,168,182280,84.0,3.043287754058838,0.0001,45544
2171,1083,0.05,1.43980149,168,182364,84.0,0.23179161548614502,0.0001,45565
2172,1084,0.05,1.54875228,168,182448,84.0,0.14940081536769867,0.0001,45586
2173,1085,0.05,1.5156789600000002,168,182532,84.0,0.06285838782787323,0.0001,45607
2174,1085,0.05,1.5691279,168,182616,84.0,2.9895882606506348,0.0001,45628
2175,1085,0.05,1.3933574800000001,168,182700,84.0,3.330195665359497,0.0001,45649
2176,1086,0.05,1.40261346,168,182784,84.0,0.17987605929374695,0.0001,45670
2177,1086,0.05,1.3490322400000003,168,182868,84.0,0.13245102763175964,0.0001,45691
2178,1087,0.05,1.48219732,168,182952,84.0,0.18139299750328064,0.0001,45712
2179,1087,0.05,1.6651790599999998,168,183036,84.0,0.21405062079429626,0.0001,45733
2180,1088,0.05,1.6793901299999998,168,183120,84.0,0.11920777708292007,0.0001,45754
2181,1088,0.05,1.6423213000000003,168,183204,84.0,3.080239772796631,0.0001,45775
2182,1089,0.05,1.5877210800000001,168,183288,84.0,0.16109329462051392,0.0001,45796
2183,1090,0.05,1.56408546,168,183372,84.0,3.191011667251587,0.0001,45817
2184,1090,0.05,1.71401938,168,183456,84.0,0.1802358627319336,0.0001,45838
2185,1090,0.05,1.6310764800000002,168,183540,84.0,0.21886202692985535,0.0001,45859
2186,1091,0.05,1.55233994,168,183624,84.0,7.1423420906066895,0.0001,45880
2187,1092,0.05,1.7006963199999998,168,183708,84.0,3.185009002685547,0.0001,45901
2188,1092,0.05,1.7051463599999999,168,183792,84.0,0.16720247268676758,0.0001,45922
2189,1093,0.05,1.68042136,168,183876,84.0,0.20746886730194092,0.0001,45943
2190,1093,0.05,1.6086593000000002,168,183960,84.0,0.16688930988311768,0.0001,45964
2191,1094,0.05,1.69784076,168,184044,84.0,0.1455940455198288,0.0001,45985
2192,1094,0.05,1.7538007500000004,168,184128,84.0,0.1882878541946411,0.0001,46006
2193,1095,0.05,1.6706048900000006,168,184212,84.0,3.1413071155548096,0.0001,46027
2194,1095,0.05,1.5268608700000001,168,184296,84.0,0.10503068566322327,0.0001,46048
2195,1096,0.05,1.3924714800000002,168,184380,84.0,3.1743195056915283,0.0001,46069
2196,1096,0.05,1.3565399500000002,168,184464,84.0,0.12966647744178772,0.0001,46090
2197,1097,0.05,1.43381213,168,184548,84.0,0.1942884474992752,0.0001,46111
2198,1097,0.05,1.3656781300000003,168,184632,84.0,0.16983139514923096,0.0001,46132
2199,1098,0.05,1.3935067400000003,168,184716,84.0,0.2402930110692978,0.0001,46153
2200,1098,0.05,1.5137323400000002,168,184800,84.0,0.14017648994922638,0.0001,46174
2201,1099,0.05,1.5179931800000004,168,184884,84.0,0.16622591018676758,0.0001,46195
2202,1099,0.05,1.5513623700000003,168,184968,84.0,3.089543342590332,0.0001,46216
2203,1100,0.05,1.3873979799999998,168,185052,84.0,3.580089569091797,0.0001,46237
2204,1100,0.05,1.45945788,168,185136,84.0,3.2380099296569824,0.0001,46258
2205,1101,0.05,1.5472321299999998,168,185220,84.0,0.10968352854251862,0.0001,46279
2206,1101,0.05,1.4610714699999996,168,185304,84.0,0.11134280264377594,0.0001,46300
2207,1102,0.05,1.4287714599999992,168,185388,84.0,0.09107321500778198,0.0001,46321
2208,1103,0.05,1.3134343499999996,168,185472,84.0,3.073591470718384,0.0001,46342
2209,1103,0.05,1.44437753,168,185556,84.0,0.13865125179290771,0.0001,46363
2210,1104,0.05,1.3479799799999999,168,185640,84.0,0.2157544493675232,0.0001,46384
2211,1104,0.05,1.3917556500000001,168,185724,84.0,6.112654685974121,0.0001,46405
2212,1105,0.05,1.56764132,168,185808,84.0,0.1323932409286499,0.0001,46426
2213,1105,0.05,1.50705557,168,185892,84.0,3.214357614517212,0.0001,46447
2214,1106,0.05,1.2934429799999998,168,185976,84.0,0.1827491968870163,0.0001,46468
2215,1106,0.05,1.2481419100000002,168,186060,84.0,0.09805655479431152,0.0001,46489
2216,1107,0.05,1.0844062800000003,168,186144,84.0,0.2239573895931244,0.0001,46510
2217,1108,0.05,1.0791321000000003,168,186228,84.0,9.652109146118164,0.0001,46531
2218,1108,0.05,1.14105813,168,186312,84.0,0.17536628246307373,0.0001,46552
2219,1109,0.05,1.2166875800000003,168,186396,84.0,0.10920064151287079,0.0001,46573
2220,1109,0.05,1.41317266,168,186480,84.0,3.3087494373321533,0.0001,46594
2221,1110,0.05,1.5042776200000003,167,186564,84.0,6.325315475463867,0.0001,46615
2222,1111,0.05,1.47091669,167,186648,84.0,3.4212074279785156,0.0001,46636
2223,1111,0.05,1.3710454900000002,167,186732,84.0,3.2656402587890625,0.0001,46657
2224,1112,0.05,1.2560754200000002,167,186816,84.0,0.19157254695892334,0.0001,46678
2225,1112,0.05,1.2598827700000002,167,186900,84.0,0.12322807312011719,0.0001,46699
2226,1113,0.05,1.32013654,167,186984,84.0,6.2535858154296875,0.0001,46720
2227,1113,0.05,1.4126110499999998,167,187068,84.0,5.996728420257568,0.0001,46741
2228,1114,0.05,1.4660564700000003,167,187152,84.0,3.3096535205841064,0.0001,46762
2229,1114,0.05,1.42317357,167,187236,84.0,0.08043649047613144,0.0001,46783
2230,1115,0.05,1.43644147,167,187320,84.0,3.1098036766052246,0.0001,46804
2231,1115,0.05,1.35354073,167,187404,84.0,0.14166109263896942,0.0001,46825
2232,1116,0.05,1.3553890100000001,167,187488,84.0,0.29827117919921875,0.0001,46846
2233,1117,0.05,1.2608116,167,187572,84.0,0.24175965785980225,0.0001,46867
2234,1117,0.05,1.4391737699999998,167,187656,84.0,3.548112154006958,0.0001,46888
2235,1118,0.05,1.3846933899999998,167,187740,84.0,0.22026106715202332,0.0001,46909
2236,1118,0.05,1.29184398,167,187824,84.0,0.12922194600105286,0.0001,46930
2237,1119,0.05,1.65053732,167,187908,84.0,0.08929222822189331,0.0001,46951
2238,1119,0.05,1.4049221299999999,167,187992,84.0,0.10454802215099335,0.0001,46972
2239,1120,0.05,1.39266387,167,188076,84.0,0.1078774482011795,0.0001,46993
2240,1121,0.05,1.5506314400000003,167,188160,84.0,0.1833033412694931,0.0001,47014
2241,1121,0.05,1.57809769,167,188244,84.0,3.0217785835266113,0.0001,47035
2242,1122,0.05,1.6124114900000002,167,188328,84.0,3.2023305892944336,0.0001,47056
2243,1122,0.05,1.64836257,167,188412,84.0,6.1546950340271,0.0001,47077
2244,1123,0.05,1.6635265199999996,167,188496,84.0,9.741379737854004,0.0001,47098
2245,1123,0.05,1.70632265,167,188580,84.0,0.1248420849442482,0.0001,47119
2246,1124,0.05,1.69416756,167,188664,84.0,3.3923048973083496,0.0001,47140
2247,1125,0.05,1.6374046800000002,167,188748,84.0,0.20031431317329407,0.0001,47161
2248,1125,0.05,1.4846333500000002,167,188832,84.0,0.1101849377155304,0.0001,47182
2249,1126,0.05,1.45283359,167,188916,84.0,0.13202348351478577,0.0001,47203
2250,1127,0.05,1.45009574,167,189000,84.0,3.0959529876708984,0.0001,47224
2251,1127,0.05,1.5770237200000004,167,189084,84.0,0.23697377741336823,0.0001,47245
2252,1128,0.05,1.5691811400000004,167,189168,84.0,0.26680275797843933,0.0001,47266
2253,1128,0.05,1.78305812,167,189252,84.0,0.1353943943977356,0.0001,47287
2254,1129,0.05,1.7092826600000004,167,189336,84.0,0.15364792943000793,0.0001,47308
2255,1130,0.05,1.6173545999999999,167,189420,84.0,3.383013963699341,0.0001,47329
2256,1130,0.05,1.4591020099999996,167,189504,84.0,0.21594539284706116,0.0001,47350
2257,1131,0.05,1.2685569099999998,167,189588,84.0,3.2761833667755127,0.0001,47371
2258,1132,0.05,1.36311036,167,189672,84.0,0.14113014936447144,0.0001,47392
2259,1132,0.05,1.32290561,167,189756,84.0,0.17974787950515747,0.0001,47413
2260,1133,0.05,1.32873997,167,189840,84.0,3.0638267993927,0.0001,47434
2261,1133,0.05,1.3921224399999996,167,189924,84.0,0.12034954130649567,0.0001,47455
2262,1134,0.05,1.3756435499999997,167,190008,84.0,0.0939224362373352,0.0001,47476
2263,1135,0.05,1.50050114,167,190092,84.0,3.1992459297180176,0.0001,47497
2264,1135,0.05,1.4701379799999998,167,190176,84.0,0.181474506855011,0.0001,47518
2265,1136,0.05,1.5104598499999997,167,190260,84.0,3.429978609085083,0.0001,47539
2266,1136,0.05,1.68697635,167,190344,84.0,0.2862584590911865,0.0001,47560
2267,1137,0.05,1.67869213,167,190428,84.0,0.3366974890232086,0.0001,47581
2268,1138,0.05,1.58640062,167,190512,84.0,0.10397274792194366,0.0001,47602
2269,1138,0.05,1.5337422800000002,167,190596,84.0,0.13286899030208588,0.0001,47623
2270,1139,0.05,1.54126498,167,190680,84.0,0.07755190879106522,0.0001,47644
2271,1139,0.05,1.4403308899999996,167,190764,84.0,3.336826801300049,0.0001,47665
2272,1140,0.05,1.4742063699999997,167,190848,84.0,0.3253399729728699,0.0001,47686
2273,1141,0.05,1.55444546,167,190932,84.0,0.21928252279758453,0.0001,47707
2274,1141,0.05,1.5878334500000002,167,191016,84.0,0.17609435319900513,0.0001,47728
2275,1142,0.05,1.6445423200000002,167,191100,84.0,3.0348048210144043,0.0001,47749
2276,1142,0.05,1.62626551,167,191184,84.0,0.19166244566440582,0.0001,47770
2277,1143,0.05,1.5682098400000002,167,191268,84.0,0.21273432672023773,0.0001,47791
2278,1143,0.05,1.4754200200000003,167,191352,84.0,3.53483247756958,0.0001,47812
2279,1144,0.05,1.4633786100000004,167,191436,84.0,0.26616984605789185,0.0001,47833
2280,1145,0.05,1.51271397,167,191520,84.0,0.13081595301628113,0.0001,47854
2281,1145,0.05,1.4018143900000002,167,191604,84.0,5.989017963409424,0.0001,47875
2282,1146,0.05,1.44822059,167,191688,84.0,0.12572279572486877,0.0001,47896
2283,1146,0.05,1.43007041,167,191772,84.0,3.238898992538452,0.0001,47917
2284,1147,0.05,1.32784508,167,191856,84.0,0.16998544335365295,0.0001,47938
2285,1148,0.05,1.5845794500000003,167,191940,84.0,3.1299543380737305,0.0001,47959
2286,1149,0.05,1.68379357,167,192024,84.0,0.11130967736244202,0.0001,47980
2287,1149,0.05,1.70569551,167,192108,84.0,0.17273201048374176,0.0001,48001
2288,1150,0.05,1.73738026,167,192192,84.0,3.489853620529175,0.0001,48022
2289,1150,0.05,1.8561359399999995,167,192276,84.0,0.3504028916358948,0.0001,48043
2290,1151,0.05,1.8613423199999999,167,192360,84.0,3.664858818054199,0.0001,48064
2291,1152,0.05,1.7590402299999999,167,192444,84.0,0.20210377871990204,0.0001,48085
2292,1152,0.05,1.57819045,167,192528,84.0,3.145282030105591,0.0001,48106
2293,1153,0.05,1.6309212699999998,167,192612,84.0,3.470900535583496,0.0001,48127
2294,1153,0.05,1.5494653,167,192696,84.0,3.22416615486145,0.0001,48148
2295,1154,0.05,1.5704552600000001,167,192780,84.0,0.12492924928665161,0.0001,48169
2296,1154,0.05,1.6003170599999998,166,192864,84.0,0.11578945815563202,0.0001,48190
2297,1155,0.05,1.47581952,166,192948,84.0,0.10029622912406921,0.0001,48211
2298,1155,0.05,1.4668272100000002,166,193032,84.0,0.1995595097541809,0.0001,48232
2299,1156,0.05,1.5030945900000003,166,193116,84.0,0.20266194641590118,0.0001,48253
2300,1157,0.05,1.42175762,166,193200,84.0,0.1016533151268959,0.0001,48274
2301,1157,0.05,1.4942034499999997,166,193284,84.0,0.08764898031949997,0.0001,48295
2302,1158,0.05,1.4081632300000002,166,193368,84.0,0.09695962816476822,0.0001,48316
2303,1158,0.05,1.33511821,166,193452,84.0,0.21763435006141663,0.0001,48337
2304,1159,0.05,1.2290722899999997,166,193536,84.0,0.13520824909210205,0.0001,48358
2305,1159,0.05,1.1757976,166,193620,84.0,6.9037675857543945,0.0001,48379
2306,1160,0.05,1.1874490899999999,166,193704,84.0,3.398066997528076,0.0001,48400
2307,1160,0.05,1.1341837500000003,166,193788,84.0,0.10146518796682358,0.0001,48421
2308,1161,0.05,1.35556422,166,193872,84.0,0.2180742621421814,0.0001,48442
2309,1161,0.05,1.3793597300000002,166,193956,84.0,0.11379965394735336,0.0001,48463
2310,1162,0.05,1.4008557400000003,166,194040,84.0,6.280523300170898,0.0001,48484
2311,1162,0.05,1.3436147400000005,166,194124,84.0,0.06958302855491638,0.0001,48505
2312,1163,0.05,1.3377878400000005,166,194208,84.0,0.15765619277954102,0.0001,48526
2313,1164,0.05,1.3618883,166,194292,84.0,0.13719777762889862,0.0001,48547
2314,1164,0.05,1.3816522800000004,166,194376,84.0,0.1533663123846054,0.0001,48568
2315,1165,0.05,1.39788622,166,194460,84.0,0.17418846487998962,0.0001,48589
2316,1165,0.05,1.4511073900000002,166,194544,84.0,0.12879225611686707,0.0001,48610
2317,1166,0.05,1.5223190000000002,166,194628,84.0,0.12386566400527954,0.0001,48631
2318,1166,0.05,1.55857947,166,194712,84.0,3.000342845916748,0.0001,48652
2319,1167,0.05,1.4246294600000002,166,194796,84.0,3.3077776432037354,0.0001,48673
2320,1167,0.05,1.39130415,166,194880,84.0,3.558250665664673,0.0001,48694
2321,1168,0.05,1.376421,166,194964,84.0,0.05700846388936043,0.0001,48715
2322,1168,0.05,1.51219633,166,195048,84.0,3.1538920402526855,0.0001,48736
2323,1169,0.05,1.64015194,166,195132,84.0,0.14158150553703308,0.0001,48757
2324,1169,0.05,1.7376838399999999,166,195216,84.0,0.21381737291812897,0.0001,48778
2325,1170,0.05,1.7443586700000002,166,195300,84.0,0.2502404451370239,0.0001,48799
2326,1170,0.05,1.7206580900000004,166,195384,84.0,0.16612949967384338,0.0001,48820
2327,1171,0.05,1.6503130300000002,166,195468,84.0,0.18564243614673615,0.0001,48841
2328,1171,0.05,1.4606002,166,195552,84.0,3.133928060531616,0.0001,48862
2329,1172,0.05,1.45685399,166,195636,84.0,3.0657687187194824,0.0001,48883
2330,1172,0.05,1.4163328999999996,166,195720,84.0,3.316798448562622,0.0001,48904
2331,1173,0.05,1.4666272699999996,166,195804,84.0,0.09743891656398773,0.0001,48925
2332,1174,0.05,1.4506857299999996,166,195888,84.0,0.1993107944726944,0.0001,48946
2333,1174,0.05,1.4426220899999997,166,195972,84.0,3.100492238998413,0.0001,48967
2334,1175,0.05,1.4906192299999999,166,196056,84.0,0.2591014802455902,0.0001,48988
2335,1175,0.05,1.4836354400000002,166,196140,84.0,0.16732077300548553,0.0001,49009
2336,1176,0.05,1.5516335200000002,166,196224,84.0,0.25655749440193176,0.0001,49030
2337,1176,0.05,1.41783704,166,196308,84.0,0.12687474489212036,0.0001,49051
2338,1177,0.05,1.5252465500000003,166,196392,84.0,6.248874664306641,0.0001,49072
2339,1177,0.05,1.54942116,166,196476,84.0,0.11127051711082458,0.0001,49093
2340,1178,0.05,1.5819734699999999,166,196560,84.0,5.9184722900390625,0.0001,49114
2341,1178,0.05,1.66943523,166,196644,84.0,0.2701933681964874,0.0001,49135
2342,1179,0.05,1.7185143399999998,166,196728,84.0,3.2488815784454346,0.0001,49156
2343,1179,0.05,1.61619586,166,196812,84.0,6.488821983337402,0.0001,49177
2344,1180,0.05,1.5244358400000002,166,196896,84.0,3.1822900772094727,0.0001,49198
2345,1181,0.05,1.58075342,166,196980,84.0,0.3272245526313782,0.0001,49219
2346,1181,0.05,1.5667314200000002,166,197064,84.0,0.09571376442909241,0.0001,49240
2347,1181,0.05,1.54925478,166,197148,84.0,0.16834816336631775,0.0001,49261
2348,1182,0.05,1.71077043,166,197232,84.0,3.029460906982422,0.0001,49282
2349,1183,0.05,1.72395145,166,197316,84.0,0.10864381492137909,0.0001,49303
2350,1183,0.05,1.7404642800000003,166,197400,84.0,3.3728089332580566,0.0001,49324
2351,1184,0.05,1.81340864,166,197484,84.0,0.07922399044036865,0.0001,49345
2352,1184,0.05,1.5721313800000005,166,197568,84.0,0.1728895604610443,0.0001,49366
2353,1185,0.05,1.3892568900000004,166,197652,84.0,0.12858588993549347,0.0001,49387
2354,1185,0.05,1.28664569,166,197736,84.0,0.10723002254962921,0.0001,49408
2355,1186,0.05,1.32168107,166,197820,84.0,0.0786309689283371,0.0001,49429
2356,1186,0.05,1.3429739899999995,166,197904,84.0,3.089561700820923,0.0001,49450
2357,1187,0.05,1.4771325299999998,166,197988,84.0,3.0163934230804443,0.0001,49471
2358,1188,0.05,1.2814353899999997,166,198072,84.0,0.09013056755065918,0.0001,49492
2359,1188,0.05,1.32220645,166,198156,84.0,3.446460247039795,0.0001,49513
2360,1189,0.05,1.34082296,166,198240,84.0,0.1928066611289978,0.0001,49534
2361,1189,0.05,1.2119332900000002,166,198324,84.0,0.11410665512084961,0.0001,49555
2362,1190,0.05,1.10895537,166,198408,84.0,0.12149523198604584,0.0001,49576
2363,1190,0.05,0.85067728,166,198492,84.0,3.1892812252044678,0.0001,49597
2364,1191,0.05,0.8304672,166,198576,84.0,0.13310885429382324,0.0001,49618
2365,1191,0.05,0.7587523199999999,166,198660,84.0,3.2554211616516113,0.0001,49639
2366,1192,0.05,0.59415759,166,198744,84.0,0.17490316927433014,0.0001,49660
2367,1192,0.05,0.80347356,166,198828,84.0,3.169520139694214,0.0001,49681
2368,1193,0.05,0.7398967000000002,166,198912,84.0,0.1790097951889038,0.0001,49702
2369,1193,0.05,0.7149187400000001,166,198996,84.0,0.2485642433166504,0.0001,49723
2370,1194,0.05,0.7077434300000001,166,199080,84.0,0.24826641380786896,0.0001,49744
2371,1194,0.05,0.6492458300000001,166,199164,84.0,3.044947624206543,0.0001,49765
2372,1195,0.05,0.47600176000000005,166,199248,84.0,0.13938477635383606,0.0001,49786
2373,1195,0.05,0.34020689,166,199332,84.0,0.127699613571167,0.0001,49807
2374,1196,0.05,0.17648918,166,199416,84.0,3.0611393451690674,0.0001,49828
2375,1196,0.05,0.21318504000000008,166,199500,84.0,3.7471585273742676,0.0001,49849
2376,1197,0.05,0.06607894,166,199584,84.0,0.27894145250320435,0.0001,49870
2377,1197,0.05,0.22576693999999997,166,199668,84.0,0.19236525893211365,0.0001,49891
2378,1198,0.05,0.32396019,166,199752,84.0,0.09826359152793884,0.0001,49912
2379,1199,0.05,0.2914909899999999,166,199836,84.0,0.13936837017536163,0.0001,49933
2380,1199,0.05,0.24939331000000003,166,199920,84.0,0.18281778693199158,0.0001,49954
2381,1200,0.05,0.36810196999999995,166,200004,84.0,3.552089214324951,0.0001,49975
2382,1200,0.05,0.42929037000000003,166,200088,84.0,0.17759281396865845,0.0001,49996
2383,1201,0.05,0.3296447399999999,166,200172,84.0,0.4225831925868988,0.0001,50017
2384,1201,0.05,0.46257115,166,200256,84.0,3.196566581726074,0.0001,50038
2385,1202,0.05,0.28676862999999997,166,200340,84.0,3.0353405475616455,0.0001,50059
2386,1202,0.05,0.22620262,166,200424,84.0,0.18308770656585693,0.0001,50080
2387,1203,0.05,0.19158827000000003,166,200508,84.0,0.17333802580833435,0.0001,50101
2388,1203,0.05,0.13958569000000004,166,200592,84.0,0.3257351517677307,0.0001,50122
2389,1204,0.05,0.17677351000000005,166,200676,84.0,0.15036934614181519,0.0001,50143
2390,1204,0.05,0.15327977000000004,166,200760,84.0,3.1253764629364014,0.0001,50164
2391,1205,0.05,0.13261581000000003,166,200844,84.0,0.12536463141441345,0.0001,50185
2392,1205,0.05,0.19279667000000006,166,200928,84.0,3.1132702827453613,0.0001,50206
2393,1206,0.05,0.21452445000000012,166,201012,84.0,3.3983230590820312,0.0001,50227
2394,1207,0.05,0.3646871600000001,166,201096,84.0,3.1418936252593994,0.0001,50248
2395,1207,0.05,0.3816612900000001,166,201180,84.0,3.511457681655884,0.0001,50269
2396,1207,0.05,0.2769557000000001,166,201264,84.0,3.0946435928344727,0.0001,50290
2397,1208,0.05,0.23367096000000018,166,201348,84.0,3.2718875408172607,0.0001,50311
2398,1208,0.05,0.22507402000000012,166,201432,84.0,3.537280321121216,0.0001,50332
2399,1209,0.05,0.13453666000000022,166,201516,84.0,0.11704403162002563,0.0001,50353
2400,1209,0.05,0.1947458000000001,166,201600,84.0,3.1765010356903076,0.0001,50374
2401,1210,0.05,0.05104956000000015,166,201684,84.0,0.26767420768737793,0.0001,50395
2402,1211,0.05,0.14859869000000006,166,201768,84.0,3.045588254928589,0.0001,50416
2403,1211,0.05,0.22367155000000005,166,201852,84.0,3.023507595062256,0.0001,50437
2404,1212,0.05,0.23198696000000005,166,201936,84.0,3.165538787841797,0.0001,50458
2405,1212,0.05,0.1529960100000001,166,202020,84.0,0.1688995361328125,0.0001,50479
2406,1213,0.05,0.27104909000000005,166,202104,84.0,0.15254487097263336,0.0001,50500
2407,1213,0.05,0.23347139000000008,166,202188,84.0,3.021883010864258,0.0001,50521
2408,1214,0.05,0.18274177000000003,166,202272,84.0,0.19807663559913635,0.0001,50542
2409,1214,0.05,0.10328032000000004,166,202356,84.0,0.22421231865882874,0.0001,50563
2410,1215,0.05,0.14348121000000008,166,202440,84.0,0.09421828389167786,0.0001,50584
2411,1215,0.05,0.31117379000000006,166,202524,84.0,2.898178815841675,0.0001,50605
2412,1216,0.05,0.21883433000000005,166,202608,84.0,3.1445610523223877,0.0001,50626
2413,1217,0.05,0.19696352000000006,166,202692,84.0,0.13211311399936676,0.0001,50647
2414,1217,0.05,0.36473578,166,202776,84.0,0.1659519225358963,0.0001,50668
2415,1218,0.05,0.4860851100000001,166,202860,84.0,0.28554466366767883,0.0001,50689
2416,1218,0.05,0.38815956000000007,166,202944,84.0,0.17312464118003845,0.0001,50710
2417,1219,0.05,0.3751405500000001,166,203028,84.0,0.3053458333015442,0.0001,50731
2418,1219,0.05,0.4557773700000001,166,203112,84.0,3.5904691219329834,0.0001,50752
2419,1220,0.05,0.5759947400000001,166,203196,84.0,6.682848930358887,0.0001,50773
2420,1220,0.05,0.6010111800000001,166,203280,84.0,3.286884069442749,0.0001,50794
2421,1221,0.05,0.5261734000000001,166,203364,84.0,6.082099914550781,0.0001,50815
2422,1221,0.05,0.48416210000000004,166,203448,84.0,0.3485375940799713,0.0001,50836
2423,1222,0.05,0.42830793000000006,166,203532,84.0,3.228715658187866,0.0001,50857
2424,1222,0.05,0.4368739400000001,166,203616,84.0,0.142665296792984,0.0001,50878
2425,1223,0.05,0.5290771700000001,166,203700,84.0,0.3064970076084137,0.0001,50899
2426,1223,0.05,0.5472915200000001,166,203784,84.0,0.16303737461566925,0.0001,50920
2427,1224,0.05,0.6349756000000002,166,203868,84.0,0.16886460781097412,0.0001,50941
2428,1224,0.05,0.66205459,166,203952,84.0,0.09259255230426788,0.0001,50962
2429,1225,0.05,0.7927495600000001,166,204036,84.0,3.0585319995880127,0.0001,50983
2430,1225,0.05,0.6218411100000002,166,204120,84.0,0.10521911084651947,0.0001,51004
2431,1226,0.05,0.53653227,166,204204,84.0,6.433615684509277,0.0001,51025
2432,1226,0.05,0.49313432999999995,166,204288,84.0,3.138314962387085,0.0001,51046
2433,1227,0.05,0.5006169999999999,166,204372,84.0,0.1306699961423874,0.0001,51067
2434,1228,0.05,0.4538877999999999,166,204456,84.0,6.400629043579102,0.0001,51088
2435,1228,0.05,0.49182781999999997,166,204540,84.0,0.30428969860076904,0.0001,51109
2436,1228,0.05,0.6123851700000001,166,204624,84.0,3.0979726314544678,0.0001,51130
2437,1229,0.05,0.5246796100000001,166,204708,84.0,0.35028040409088135,0.0001,51151
2438,1230,0.05,0.5487970600000002,166,204792,84.0,0.14417248964309692,0.0001,51172
2439,1230,0.05,0.47144351,166,204876,84.0,0.17671558260917664,0.0001,51193
2440,1231,0.05,0.4051911900000001,166,204960,84.0,0.31235748529434204,0.0001,51214
2441,1231,0.05,0.41126640000000003,166,205044,84.0,0.14081339538097382,0.0001,51235
2442,1232,0.05,0.37781499000000013,166,205128,84.0,0.17950306832790375,0.0001,51256
2443,1232,0.05,0.38190817000000005,166,205212,84.0,3.0607781410217285,0.0001,51277
2444,1233,0.05,0.5139360100000001,166,205296,84.0,0.1290358006954193,0.0001,51298
2445,1233,0.05,0.4783800900000001,166,205380,84.0,6.032150745391846,0.0001,51319
2446,1234,0.05,0.44301894,166,205464,84.0,0.20218709111213684,0.0001,51340
2447,1234,0.05,0.5323183899999999,166,205548,84.0,0.10406149923801422,0.0001,51361
2448,1235,0.05,0.5305515900000001,166,205632,84.0,3.0852808952331543,0.0001,51382
2449,1235,0.05,0.48162692999999995,166,205716,84.0,6.539114475250244,0.0001,51403
2450,1236,0.05,0.47196388,166,205800,84.0,0.32001495361328125,0.0001,51424
2451,1236,0.05,0.3646782799999999,166,205884,84.0,0.0896414965391159,0.0001,51445
2452,1237,0.05,0.55511631,166,205968,84.0,0.2233772575855255,0.0001,51466
2453,1238,0.05,0.72761526,166,206052,84.0,0.1472989320755005,0.0001,51487
2454,1238,0.05,0.7214033499999999,166,206136,84.0,0.10757860541343689,0.0001,51508
2455,1239,0.05,0.77413606,166,206220,84.0,0.32677680253982544,0.0001,51529
2456,1239,0.05,0.8987846399999999,166,206304,84.0,0.18101438879966736,0.0001,51550
2457,1240,0.05,0.97565882,166,206388,84.0,0.14511308073997498,0.0001,51571
2458,1240,0.05,1.0449401699999998,166,206472,84.0,3.0186994075775146,0.0001,51592
2459,1241,0.05,0.90884283,166,206556,84.0,0.2610158920288086,0.0001,51613
2460,1241,0.05,0.8859761,166,206640,84.0,0.12104521691799164,0.0001,51634
2461,1242,0.05,0.93397171,166,206724,84.0,0.1298457384109497,0.0001,51655
2462,1242,0.05,1.0862784799999998,166,206808,84.0,0.1305096298456192,0.0001,51676
2463,1243,0.05,1.1430473399999999,166,206892,84.0,0.20111975073814392,0.0001,51697
2464,1243,0.05,0.9629298699999999,166,206976,84.0,0.14772120118141174,0.0001,51718
2465,1244,0.05,0.9599431499999999,166,207060,84.0,3.408581018447876,0.0001,51739
2466,1244,0.05,1.0813276299999999,166,207144,84.0,0.0851721540093422,0.0001,51760
2467,1245,0.05,0.93212523,166,207228,84.0,0.15347838401794434,0.0001,51781
2468,1246,0.05,0.91362983,166,207312,84.0,3.0576653480529785,0.0001,51802
2469,1246,0.05,0.9918915600000001,166,207396,84.0,0.1332618147134781,0.0001,51823
2470,1247,0.05,0.82497233,166,207480,84.0,0.19552713632583618,0.0001,51844
2471,1247,0.05,0.9916753000000001,166,207564,84.0,2.899406671524048,0.0001,51865
2472,1248,0.05,1.09236746,166,207648,84.0,0.10929295420646667,0.0001,51886
2473,1248,0.05,1.22117943,166,207732,84.0,0.14578723907470703,0.0001,51907
2474,1249,0.05,1.1411581199999998,166,207816,84.0,0.14060673117637634,0.0001,51928
2475,1249,0.05,1.20312711,166,207900,84.0,3.1024341583251953,0.0001,51949
2476,1250,0.05,1.33195601,166,207984,84.0,0.2834866940975189,0.0001,51970
2477,1250,0.05,1.313631,166,208068,84.0,0.14566412568092346,0.0001,51991
2478,1251,0.05,1.23256235,166,208152,84.0,0.1516837775707245,0.0001,52012
2479,1251,0.05,1.11944047,166,208236,84.0,0.23625826835632324,0.0001,52033
2480,1252,0.05,1.1086739099999998,166,208320,84.0,0.16267246007919312,0.0001,52054
2481,1252,0.05,1.0857322299999996,166,208404,84.0,0.06871601939201355,0.0001,52075
2482,1253,0.05,1.0595484199999996,166,208488,84.0,0.3291383385658264,0.0001,52096
2483,1253,0.05,1.0491038599999996,166,208572,84.0,0.09926366060972214,0.0001,52117
2484,1254,0.05,0.8596798799999996,166,208656,84.0,0.30139535665512085,0.0001,52138
2485,1255,0.05,0.8935618599999997,166,208740,84.0,3.3113863468170166,0.0001,52159
2486,1255,0.05,0.7589544799999999,166,208824,84.0,3.5224547386169434,0.0001,52180
2487,1256,0.05,0.6471150999999999,166,208908,84.0,3.160179376602173,0.0001,52201
2488,1256,0.05,0.7172171899999998,166,208992,84.0,3.5956454277038574,0.0001,52222
2489,1257,0.05,0.6698565999999998,166,209076,84.0,0.15324389934539795,0.0001,52243
2490,1257,0.05,0.7009847099999997,166,209160,84.0,0.20073843002319336,0.0001,52264
2491,1258,0.05,0.6621700699999999,166,209244,84.0,0.09104779362678528,0.0001,52285
2492,1258,0.05,0.7734670399999999,166,209328,84.0,0.22963657975196838,0.0001,52306
2493,1259,0.05,0.79682239,166,209412,84.0,0.11433104425668716,0.0001,52327
2494,1259,0.05,0.7290182100000001,166,209496,84.0,0.08646999299526215,0.0001,52348
2495,1260,0.05,0.6851025000000002,166,209580,84.0,0.12921348214149475,0.0001,52369
2496,1260,0.05,0.6732329900000003,166,209664,84.0,0.18582424521446228,0.0001,52390
2497,1261,0.05,0.7499712900000003,166,209748,84.0,3.818390369415283,0.0001,52411
2498,1261,0.05,0.7671456800000002,166,209832,84.0,6.186314105987549,0.0001,52432
2499,1262,0.05,0.7931126800000002,166,209916,84.0,0.07288756966590881,0.0001,52453
2500,1262,0.05,0.6551995200000001,166,210000,84.0,0.283745676279068,0.0001,52474
2501,1263,0.05,0.6586162700000001,166,210084,84.0,3.491147041320801,0.0001,52495
2502,1263,0.05,0.7550995799999999,166,210168,84.0,6.0597991943359375,0.0001,52516
2503,1264,0.05,0.7675871099999999,166,210252,84.0,0.15767155587673187,0.0001,52537
2504,1264,0.05,0.7593366000000001,166,210336,84.0,3.1886043548583984,0.0001,52558
2505,1265,0.05,0.86722926,166,210420,84.0,3.0272276401519775,0.0001,52579
2506,1265,0.05,0.7996974099999999,166,210504,84.0,6.381462097167969,0.0001,52600
2507,1266,0.05,0.9205884400000001,166,210588,84.0,3.1726980209350586,0.0001,52621
2508,1266,0.05,0.9543902099999998,166,210672,84.0,0.1265437752008438,0.0001,52642
2509,1267,0.05,0.9530966799999999,166,210756,84.0,0.3073261082172394,0.0001,52663
2510,1267,0.05,0.9028091599999999,166,210840,84.0,0.10501185059547424,0.0001,52684
2511,1268,0.05,0.8187186,166,210924,84.0,0.13182419538497925,0.0001,52705
2512,1268,0.05,0.9138674400000001,166,211008,84.0,3.487610101699829,0.0001,52726
2513,1269,0.05,0.81342312,166,211092,84.0,3.0538132190704346,0.0001,52747
2514,1270,0.05,0.7256608200000001,166,211176,84.0,3.0048084259033203,0.0001,52768
2515,1270,0.05,0.60975382,166,211260,84.0,0.14253239333629608,0.0001,52789
2516,1271,0.05,0.77824528,166,211344,84.0,3.1614081859588623,0.0001,52810
2517,1271,0.05,0.6723667699999999,166,211428,84.0,0.24529922008514404,0.0001,52831
2518,1272,0.05,0.60568396,166,211512,84.0,0.11482611298561096,0.0001,52852
2519,1272,0.05,0.5891344000000001,166,211596,84.0,0.12574848532676697,0.0001,52873
2520,1273,0.05,0.55927486,166,211680,84.0,0.20739278197288513,0.0001,52894
2521,1273,0.05,0.6543318399999998,166,211764,84.0,0.1274242103099823,0.0001,52915
2522,1274,0.05,0.73620287,166,211848,84.0,0.16062812507152557,0.0001,52936
2523,1274,0.05,0.6358708199999998,166,211932,84.0,0.1517365276813507,0.0001,52957
2524,1275,0.05,0.6140157899999998,166,212016,84.0,3.4338786602020264,0.0001,52978
2525,1275,0.05,0.5011363599999998,166,212100,84.0,0.24122244119644165,0.0001,52999
2526,1276,0.05,0.5726648899999998,166,212184,84.0,3.3896000385284424,0.0001,53020
2527,1276,0.05,0.7006867099999998,166,212268,84.0,0.30444514751434326,0.0001,53041
2528,1277,0.05,0.7558385499999997,166,212352,84.0,0.16251590847969055,0.0001,53062
2529,1277,0.05,0.7059873299999998,166,212436,84.0,0.1863514930009842,0.0001,53083
2530,1278,0.05,0.8446272199999999,166,212520,84.0,0.13930964469909668,0.0001,53104
2531,1279,0.05,0.82769551,166,212604,84.0,0.13420292735099792,0.0001,53125
2532,1279,0.05,0.84507463,166,212688,84.0,0.19163504242897034,0.0001,53146
2533,1279,0.05,0.75616163,166,212772,84.0,3.482271432876587,0.0001,53167
2534,1280,0.05,0.7978293900000001,166,212856,84.0,3.2213234901428223,0.0001,53188
2535,1281,0.05,0.8675186600000001,166,212940,84.0,3.0954701900482178,0.0001,53209
2536,1281,0.05,0.81934316,166,213024,84.0,0.07799021899700165,0.0001,53230
2537,1282,0.05,0.6674444199999999,166,213108,84.0,0.3074897527694702,0.0001,53251
2538,1282,0.05,0.6102384399999999,166,213192,84.0,0.14201241731643677,0.0001,53272
2539,1283,0.05,0.6471170399999999,166,213276,84.0,0.3805825710296631,0.0001,53293
2540,1283,0.05,0.72605066,166,213360,84.0,3.2817561626434326,0.0001,53314
2541,1284,0.05,0.5375320299999999,166,213444,84.0,0.11914971470832825,0.0001,53335
2542,1284,0.05,0.45660132999999986,166,213528,84.0,0.1710425466299057,0.0001,53356
2543,1285,0.05,0.39562402999999996,166,213612,84.0,0.04672170430421829,0.0001,53377
2544,1285,0.05,0.3546025399999999,166,213696,84.0,3.7063710689544678,0.0001,53398
2545,1286,0.05,0.4039290899999999,166,213780,84.0,3.2799580097198486,0.0001,53419
2546,1286,0.05,0.37137485999999986,166,213864,84.0,3.48604154586792,0.0001,53440
2547,1287,0.05,0.39773898999999985,166,213948,84.0,0.28600579500198364,0.0001,53461
2548,1287,0.05,0.18632311999999984,166,214032,84.0,3.011343240737915,0.0001,53482
2549,1288,0.05,0.2255090299999998,166,214116,84.0,0.22010290622711182,0.0001,53503
2550,1288,0.05,0.2638927299999999,166,214200,84.0,0.15942351520061493,0.0001,53524
2551,1289,0.05,0.32126722,166,214284,84.0,3.1582963466644287,0.0001,53545
2552,1289,0.05,0.18395749000000003,166,214368,84.0,0.1524459719657898,0.0001,53566
2553,1290,0.05,0.05000808,166,214452,84.0,3.0537705421447754,0.0001,53587
2554,1290,0.05,0.17563025999999993,166,214536,84.0,0.36694979667663574,0.0001,53608
2555,1291,0.05,0.17005796999999997,166,214620,84.0,0.1814155876636505,0.0001,53629
2556,1291,0.05,0.18946846999999994,166,214704,84.0,0.17916083335876465,0.0001,53650
2557,1292,0.05,0.11322663999999996,166,214788,84.0,3.4346957206726074,0.0001,53671
2558,1292,0.05,0.17720432999999994,166,214872,84.0,0.2743011713027954,0.0001,53692
2559,1293,0.05,0.20755064999999992,166,214956,84.0,0.3492753207683563,0.0001,53713
2560,1293,0.05,0.19053198999999987,166,215040,84.0,0.15447422862052917,0.0001,53734
2561,1294,0.05,0.058972849999999875,166,215124,84.0,0.17338573932647705,0.0001,53755
2562,1295,0.05,-0.014328960000000071,166,215208,84.0,3.0375356674194336,0.0001,53776
2563,1295,0.05,0.12362118999999996,166,215292,84.0,0.1372477412223816,0.0001,53797
2564,1296,0.05,0.27392454000000005,166,215376,84.0,3.6206705570220947,0.0001,53818
2565,1296,0.05,0.28127753999999994,166,215460,84.0,0.11447921395301819,0.0001,53839
2566,1297,0.05,0.27623469000000006,166,215544,84.0,0.29639503359794617,0.0001,53860
2567,1297,0.05,0.3899077100000001,166,215628,84.0,0.21647325158119202,0.0001,53881
2568,1298,0.05,0.42768015000000004,166,215712,84.0,2.9736950397491455,0.0001,53902
2569,1298,0.05,0.42268591,166,215796,84.0,0.29603058099746704,0.0001,53923
2570,1299,0.05,0.5059544800000001,166,215880,84.0,0.15531963109970093,0.0001,53944
2571,1299,0.05,0.35110794000000006,166,215964,84.0,0.19286978244781494,0.0001,53965
2572,1300,0.05,0.38947334000000006,166,216048,84.0,0.1056077778339386,0.0001,53986
2573,1300,0.05,0.35089026999999995,166,216132,84.0,3.4551708698272705,0.0001,54007
2574,1301,0.05,0.36656457000000003,166,216216,84.0,0.2240276038646698,0.0001,54028
2575,1301,0.05,0.30440349,166,216300,84.0,0.13005289435386658,0.0001,54049
2576,1302,0.05,0.23706656000000004,166,216384,84.0,6.649947166442871,0.0001,54070
2577,1302,0.05,0.15146312,166,216468,84.0,3.58817195892334,0.0001,54091
2578,1303,0.05,0.05732422000000003,166,216552,84.0,0.10542478412389755,0.0001,54112
2579,1303,0.05,0.04860281000000005,166,216636,84.0,3.235471487045288,0.0001,54133
2580,1304,0.05,-0.05626218999999999,166,216720,84.0,0.1198330670595169,0.0001,54154
2581,1305,0.05,-0.14417668999999997,166,216804,84.0,6.307405471801758,0.0001,54175
2582,1305,0.05,-0.15119801999999993,166,216888,84.0,9.457267761230469,0.0001,54196
2583,1306,0.05,-0.07763595999999993,166,216972,84.0,0.14535978436470032,0.0001,54217
2584,1306,0.05,-0.08853037999999995,166,217056,84.0,3.4448256492614746,0.0001,54238
2585,1307,0.05,-0.1340498299999999,166,217140,84.0,3.039712429046631,0.0001,54259
2586,1307,0.05,-0.06092714999999989,166,217224,84.0,0.07123635709285736,0.0001,54280
2587,1308,0.05,0.08510894000000015,166,217308,84.0,3.310274839401245,0.0001,54301
2588,1309,0.05,0.21492819000000016,166,217392,84.0,0.2735905945301056,0.0001,54322
2589,1309,0.05,0.18855088000000012,166,217476,84.0,0.2742459774017334,0.0001,54343
2590,1310,0.05,0.32033296000000017,166,217560,84.0,0.16100113093852997,0.0001,54364
2591,1310,0.05,0.4347189900000001,166,217644,84.0,0.23582208156585693,0.0001,54385
2592,1311,0.05,0.29665877,166,217728,84.0,0.10544072091579437,0.0001,54406
2593,1311,0.05,0.13636849,166,217812,84.0,0.2099897563457489,0.0001,54427
2594,1312,0.05,0.12447315999999993,166,217896,84.0,0.08277783542871475,0.0001,54448
2595,1312,0.05,-0.05037648999999998,166,217980,84.0,0.151197150349617,0.0001,54469
2596,1313,0.05,-0.07043176000000008,166,218064,84.0,0.06678345799446106,0.0001,54490
2597,1313,0.05,0.0011848900000000296,166,218148,84.0,3.3014581203460693,0.0001,54511
2598,1314,0.05,0.14572983999999992,166,218232,84.0,0.19249701499938965,0.0001,54532
2599,1314,0.05,0.023884640000000044,166,218316,84.0,3.086099624633789,0.0001,54553
2600,1315,0.05,0.16085608999999998,166,218400,84.0,0.2588179111480713,0.0001,54574
2601,1315,0.05,0.26285888,166,218484,84.0,0.32868292927742004,0.0001,54595
2602,1316,0.05,0.2454947500000001,166,218568,84.0,0.09923577308654785,0.0001,54616
2603,1316,0.05,0.39695225000000006,166,218652,84.0,0.1424451768398285,0.0001,54637
2604,1317,0.05,0.35593172,166,218736,84.0,0.10044500976800919,0.0001,54658
2605,1318,0.05,0.29804066999999995,166,218820,84.0,0.25829967856407166,0.0001,54679
2606,1318,0.05,0.29102697000000005,166,218904,84.0,0.15041568875312805,0.0001,54700
2607,1318,0.05,0.19661379000000015,166,218988,84.0,3.084238290786743,0.0001,54721
2608,1319,0.05,0.10252108000000003,166,219072,84.0,0.09612701833248138,0.0001,54742
2609,1320,0.05,0.1917221900000001,166,219156,84.0,3.5111281871795654,0.0001,54763
2610,1320,0.05,0.18725672000000004,166,219240,84.0,0.15714925527572632,0.0001,54784
2611,1321,0.05,0.2911765400000001,166,219324,84.0,3.767360210418701,0.0001,54805
2612,1321,0.05,0.19629647000000003,166,219408,84.0,0.07469470053911209,0.0001,54826
2613,1322,0.05,0.3510810800000001,166,219492,84.0,0.24946188926696777,0.0001,54847
2614,1322,0.05,0.28603214,166,219576,84.0,0.07099192589521408,0.0001,54868
2615,1323,0.05,0.17690981000000006,166,219660,84.0,0.314511239528656,0.0001,54889
2616,1323,0.05,0.016444360000000005,166,219744,84.0,0.11070869863033295,0.0001,54910
2617,1324,0.05,0.14576458,166,219828,84.0,0.10664515197277069,0.0001,54931
2618,1324,0.05,0.21107710999999998,166,219912,84.0,3.3751840591430664,0.0001,54952
2619,1325,0.05,0.0012270100000000106,166,219996,84.0,0.2222362905740738,0.0001,54973
2620,1325,0.05,-0.02600251000000001,166,220080,84.0,0.06850580871105194,0.0001,54994
2621,1326,0.05,0.003066120000000012,166,220164,84.0,0.1670452356338501,0.0001,55015
2622,1326,0.05,-0.06323297,166,220248,84.0,0.2074221670627594,0.0001,55036
2623,1327,0.05,0.07028231000000006,166,220332,84.0,0.2293148934841156,0.0001,55057
2624,1327,0.05,0.11965161000000003,166,220416,84.0,0.13387788832187653,0.0001,55078
2625,1328,0.05,0.22882012,166,220500,84.0,3.205768585205078,0.0001,55099
2626,1328,0.05,0.12510210999999996,166,220584,84.0,0.20697124302387238,0.0001,55120
2627,1329,0.05,0.10945119999999996,166,220668,84.0,6.044122695922852,0.0001,55141
2628,1329,0.05,0.21897541,166,220752,84.0,0.23659861087799072,0.0001,55162
2629,1330,0.05,0.1952919,165,220836,84.0,0.1383642852306366,0.0001,55183
2630,1330,0.05,0.17529326999999995,165,220920,84.0,0.36673858761787415,0.0001,55204
2631,1331,0.05,0.20438277999999996,165,221004,84.0,0.1499198079109192,0.0001,55225
2632,1331,0.05,0.23317117999999998,165,221088,84.0,0.21039441227912903,0.0001,55246
2633,1332,0.05,0.4019407199999999,165,221172,84.0,0.21566081047058105,0.0001,55267
2634,1332,0.05,0.29051631,165,221256,84.0,0.16430091857910156,0.0001,55288
2635,1333,0.05,0.2776187699999999,165,221340,84.0,3.00970458984375,0.0001,55309
2636,1333,0.05,0.28555296999999996,165,221424,84.0,0.3559396266937256,0.0001,55330
2637,1334,0.05,0.4446580999999999,165,221508,84.0,0.16705693304538727,0.0001,55351
2638,1335,0.05,0.51699818,165,221592,84.0,0.15517640113830566,0.0001,55372
2639,1335,0.05,0.5315222599999999,165,221676,84.0,3.3171093463897705,0.0001,55393
2640,1336,0.05,0.4585120999999999,165,221760,84.0,3.425053119659424,0.0001,55414
2641,1336,0.05,0.6258097399999999,165,221844,84.0,3.075502634048462,0.0001,55435
2642,1337,0.05,0.74155568,165,221928,84.0,0.27760082483291626,0.0001,55456
2643,1337,0.05,0.8341431099999999,165,222012,84.0,0.12799414992332458,0.0001,55477
2644,1338,0.05,0.7762669899999999,165,222096,84.0,0.20736107230186462,0.0001,55498
2645,1338,0.05,0.7358046699999997,165,222180,84.0,0.11073638498783112,0.0001,55519
2646,1339,0.05,0.7981501400000001,165,222264,84.0,3.5743186473846436,0.0001,55540
2647,1339,0.05,0.72709538,165,222348,84.0,0.26625317335128784,0.0001,55561
2648,1340,0.05,1.0269106199999998,165,222432,84.0,0.13851326704025269,0.0001,55582
2649,1340,0.05,0.8894249,165,222516,84.0,0.21854569017887115,0.0001,55603
2650,1341,0.05,0.89446217,165,222600,84.0,0.22247380018234253,0.0001,55624
2651,1341,0.05,0.7719045699999999,165,222684,84.0,0.7705552577972412,0.0001,55645
2652,1342,0.05,0.89815934,165,222768,84.0,0.1943427324295044,0.0001,55666
2653,1342,0.05,1.0015186299999999,165,222852,84.0,0.09709610044956207,0.0001,55687
2654,1343,0.05,1.0524764400000002,165,222936,84.0,0.26413190364837646,0.0001,55708
2655,1343,0.05,1.039531,165,223020,84.0,0.15130403637886047,0.0001,55729
2656,1344,0.05,1.0297269999999998,165,223104,84.0,3.108837842941284,0.0001,55750
2657,1344,0.05,1.0409694299999999,165,223188,84.0,3.2539708614349365,0.0001,55771
2658,1345,0.05,0.9425947700000001,165,223272,84.0,3.2251250743865967,0.0001,55792
2659,1346,0.05,0.9721040400000001,165,223356,84.0,0.3088732659816742,0.0001,55813
2660,1346,0.05,0.9713975200000001,165,223440,84.0,0.1925068348646164,0.0001,55834
2661,1347,0.05,0.9986607800000001,165,223524,84.0,0.12137903273105621,0.0001,55855
2662,1347,0.05,1.0499939500000002,165,223608,84.0,0.1876099407672882,0.0001,55876
2663,1348,0.05,0.93078107,165,223692,84.0,0.16643226146697998,0.0001,55897
2664,1348,0.05,0.9312268000000001,165,223776,84.0,0.2637607455253601,0.0001,55918
2665,1349,0.05,0.9613125400000001,165,223860,84.0,0.1306617110967636,0.0001,55939
2666,1349,0.05,1.02191097,165,223944,84.0,0.15609723329544067,0.0001,55960
2667,1350,0.05,0.89085767,165,224028,84.0,2.9551825523376465,0.0001,55981
2668,1350,0.05,0.8596784500000001,165,224112,84.0,3.44407057762146,0.0001,56002
2669,1351,0.05,0.7169128499999999,165,224196,84.0,0.06913826614618301,0.0001,56023
2670,1351,0.05,0.8045356899999999,165,224280,84.0,0.15546998381614685,0.0001,56044
2671,1352,0.05,0.8517267799999999,165,224364,84.0,0.23188626766204834,0.0001,56065
2672,1352,0.05,0.8905020100000001,165,224448,84.0,0.3005636930465698,0.0001,56086
2673,1353,0.05,0.92057587,165,224532,84.0,0.25177130103111267,0.0001,56107
2674,1353,0.05,0.8479624399999999,165,224616,84.0,0.16721242666244507,0.0001,56128
2675,1354,0.05,0.7300464899999999,165,224700,84.0,0.06557181477546692,0.0001,56149
2676,1355,0.05,0.78468793,165,224784,84.0,0.13300307095050812,0.0001,56170
2677,1355,0.05,0.8339372200000001,165,224868,84.0,0.2372043877840042,0.0001,56191
2678,1356,0.05,0.9413229900000002,165,224952,84.0,0.14600124955177307,0.0001,56212
2679,1356,0.05,0.9210772800000002,165,225036,84.0,6.342902183532715,0.0001,56233
2680,1357,0.05,1.00831029,165,225120,84.0,0.17652128636837006,0.0001,56254
2681,1357,0.05,1.11342513,165,225204,84.0,0.10703300684690475,0.0001,56275
2682,1358,0.05,1.2039047999999999,165,225288,84.0,0.16838642954826355,0.0001,56296
2683,1358,0.05,1.3071460300000002,165,225372,84.0,3.0045297145843506,0.0001,56317
2684,1359,0.05,1.3886895900000003,165,225456,84.0,2.9700210094451904,0.0001,56338
2685,1359,0.05,1.25675735,165,225540,84.0,0.1374661773443222,0.0001,56359
2686,1360,0.05,1.3279923599999999,165,225624,84.0,3.011685609817505,0.0001,56380
2687,1360,0.05,1.2971699199999998,165,225708,84.0,0.3336072564125061,0.0001,56401
2688,1361,0.05,1.0540143499999999,165,225792,84.0,0.16326162219047546,0.0001,56422
2689,1361,0.05,1.1453282900000001,165,225876,84.0,0.09610414505004883,0.0001,56443
2690,1362,0.05,1.0340339299999999,165,225960,84.0,0.2395610362291336,0.0001,56464
2691,1363,0.05,1.0163202099999997,165,226044,84.0,0.2110081911087036,0.0001,56485
2692,1363,0.05,1.05558588,165,226128,84.0,0.18949179351329803,0.0001,56506
2693,1364,0.05,1.2167890599999998,165,226212,84.0,0.06433102488517761,0.0001,56527
2694,1364,0.05,1.18047313,165,226296,84.0,0.1703883558511734,0.0001,56548
2695,1365,0.05,1.36716354,165,226380,84.0,0.1637846827507019,0.0001,56569
2696,1365,0.05,1.51153592,165,226464,84.0,3.0748226642608643,0.0001,56590
2697,1366,0.05,1.46314192,165,226548,84.0,0.09079910814762115,0.0001,56611
2698,1366,0.05,1.3966132000000002,165,226632,84.0,0.17017287015914917,0.0001,56632
2699,1367,0.05,1.6254399000000004,165,226716,84.0,0.297973096370697,0.0001,56653
2700,1367,0.05,1.5810988700000002,165,226800,84.0,0.21724849939346313,0.0001,56674
2701,1368,0.05,1.5916266100000005,165,226884,84.0,6.614840030670166,0.0001,56695
2702,1369,0.05,1.3712390100000005,165,226968,84.0,0.1821785569190979,0.0001,56716
2703,1369,0.05,1.35329758,165,227052,84.0,0.3210996389389038,0.0001,56737
2704,1370,0.05,1.4282675100000004,165,227136,84.0,0.22527079284191132,0.0001,56758
2705,1370,0.05,1.3658791000000001,165,227220,84.0,0.09445735067129135,0.0001,56779
2706,1371,0.05,1.46305507,165,227304,84.0,3.4806783199310303,0.0001,56800
2707,1371,0.05,1.7047679399999998,165,227388,84.0,3.563817262649536,0.0001,56821
2708,1372,0.05,1.63373253,165,227472,84.0,0.18079125881195068,0.0001,56842
2709,1372,0.05,1.6069118999999998,165,227556,84.0,0.3842867314815521,0.0001,56863
2710,1373,0.05,1.56891853,165,227640,84.0,3.430283784866333,0.0001,56884
2711,1373,0.05,1.4154892,165,227724,84.0,0.11854983866214752,0.0001,56905
2712,1374,0.05,1.49314728,165,227808,84.0,0.21920910477638245,0.0001,56926
2713,1374,0.05,1.4222255899999998,165,227892,84.0,0.15445609390735626,0.0001,56947
2714,1375,0.05,1.5278035500000005,165,227976,84.0,0.42939049005508423,0.0001,56968
2715,1376,0.05,1.7315878900000001,165,228060,84.0,0.11373031884431839,0.0001,56989
2716,1376,0.05,1.9469406200000001,165,228144,84.0,0.16565614938735962,0.0001,57010
2717,1377,0.05,1.74694976,165,228228,84.0,0.12035049498081207,0.0001,57031
2718,1377,0.05,1.62689227,165,228312,84.0,0.13280174136161804,0.0001,57052
2719,1378,0.05,1.8054015799999998,165,228396,84.0,6.045135974884033,0.0001,57073
2720,1378,0.05,1.76386006,165,228480,84.0,6.136833190917969,0.0001,57094
2721,1379,0.05,1.76904098,165,228564,84.0,3.322514057159424,0.0001,57115
2722,1379,0.05,1.78950692,165,228648,84.0,0.2282852828502655,0.0001,57136
2723,1380,0.05,1.6919058100000002,165,228732,84.0,0.11718477308750153,0.0001,57157
2724,1380,0.05,1.684986,165,228816,84.0,0.17961299419403076,0.0001,57178
2725,1381,0.05,1.72774757,165,228900,84.0,3.347583293914795,0.0001,57199
2726,1381,0.05,1.75267772,165,228984,84.0,0.16728603839874268,0.0001,57220
2727,1382,0.05,1.64910991,165,229068,84.0,0.39019840955734253,0.0001,57241
2728,1383,0.05,1.6182485199999999,165,229152,84.0,0.11528737843036652,0.0001,57262
2729,1383,0.05,1.5929158,165,229236,84.0,2.986833333969116,0.0001,57283
2730,1384,0.05,1.6259506000000001,165,229320,84.0,0.2592906057834625,0.0001,57304
2731,1384,0.05,1.6902975500000001,165,229404,84.0,0.07181178033351898,0.0001,57325
2732,1385,0.05,1.6839339300000002,165,229488,84.0,0.15670070052146912,0.0001,57346
2733,1385,0.05,1.6865878,165,229572,84.0,0.07901496440172195,0.0001,57367
2734,1386,0.05,1.6925487200000005,165,229656,84.0,6.211738109588623,0.0001,57388
2735,1386,0.05,1.6619663199999999,165,229740,84.0,0.38529127836227417,0.0001,57409
2736,1387,0.05,1.5452563000000001,165,229824,84.0,0.07217749208211899,0.0001,57430
2737,1387,0.05,1.4733436600000003,165,229908,84.0,3.3059277534484863,0.0001,57451
2738,1388,0.05,1.43262769,165,229992,84.0,2.9563212394714355,0.0001,57472
2739,1388,0.05,1.3989655599999997,165,230076,84.0,0.40680456161499023,0.0001,57493
2740,1389,0.05,1.4663694099999998,165,230160,84.0,0.17128844559192657,0.0001,57514
2741,1389,0.05,1.3354915099999998,165,230244,84.0,0.2071824073791504,0.0001,57535
2742,1390,0.05,1.3087750900000001,165,230328,84.0,0.15314680337905884,0.0001,57556
2743,1391,0.05,1.3465549799999998,165,230412,84.0,3.6379356384277344,0.0001,57577
2744,1391,0.05,1.43333661,165,230496,84.0,9.105155944824219,0.0001,57598
2745,1392,0.05,1.4164860099999999,165,230580,84.0,0.17523634433746338,0.0001,57619
2746,1392,0.05,1.43320034,165,230664,84.0,3.094005584716797,0.0001,57640
2747,1393,0.05,1.4604678999999998,165,230748,84.0,0.32262659072875977,0.0001,57661
2748,1393,0.05,1.34423034,165,230832,84.0,0.2834036648273468,0.0001,57682
2749,1394,0.05,1.54983772,165,230916,84.0,0.16922888159751892,0.0001,57703
2750,1394,0.05,1.5440343800000003,165,231000,84.0,0.11955583840608597,0.0001,57724
2751,1395,0.05,1.6896868999999999,165,231084,84.0,0.19851422309875488,0.0001,57745
2752,1395,0.05,1.69401509,165,231168,84.0,0.1515752375125885,0.0001,57766
2753,1396,0.05,1.7146523500000002,165,231252,84.0,3.4362633228302,0.0001,57787
2754,1396,0.05,1.7145562300000001,165,231336,84.0,0.22051861882209778,0.0001,57808
2755,1397,0.05,1.79686611,165,231420,84.0,0.18986135721206665,0.0001,57829
2756,1397,0.05,1.75799522,165,231504,84.0,0.21356427669525146,0.0001,57850
2757,1398,0.05,1.76801154,165,231588,84.0,0.12904497981071472,0.0001,57871
2758,1399,0.05,1.8001352699999997,165,231672,84.0,0.13542169332504272,0.0001,57892
2759,1399,0.05,1.8907796000000001,165,231756,84.0,6.338431358337402,0.0001,57913
2760,1400,0.05,1.90376323,165,231840,84.0,3.179960250854492,0.0001,57934
2761,1400,0.05,2.05691996,165,231924,84.0,3.1409475803375244,0.0001,57955
2762,1401,0.05,2.0600891900000002,165,232008,84.0,3.227299213409424,0.0001,57976
2763,1401,0.05,2.1575455299999997,165,232092,84.0,0.19013921916484833,0.0001,57997
2764,1402,0.05,2.07483145,165,232176,84.0,3.5966408252716064,0.0001,58018
2765,1402,0.05,1.9065905899999998,165,232260,84.0,0.3577915132045746,0.0001,58039
2766,1403,0.05,1.8456165699999998,165,232344,84.0,0.2531195878982544,0.0001,58060
2767,1403,0.05,1.8877398699999999,165,232428,84.0,3.054201602935791,0.0001,58081
2768,1404,0.05,1.9185340199999998,165,232512,84.0,0.07456985116004944,0.0001,58102
2769,1404,0.05,2.0617329800000004,165,232596,84.0,3.06695556640625,0.0001,58123
2770,1405,0.05,2.00694146,165,232680,84.0,0.10144864022731781,0.0001,58144
2771,1405,0.05,2.1236907300000003,165,232764,84.0,0.1821434050798416,0.0001,58165
2772,1406,0.05,2.15894142,165,232848,84.0,0.11293379962444305,0.0001,58186
2773,1406,0.05,2.07806012,165,232932,84.0,0.1040806919336319,0.0001,58207
2774,1407,0.05,2.18316556,165,233016,84.0,0.16482886672019958,0.0001,58228
2775,1407,0.05,2.29311172,165,233100,84.0,0.11219380795955658,0.0001,58249
2776,1408,0.05,2.1912037,165,233184,84.0,0.1672327220439911,0.0001,58270
2777,1408,0.05,2.09482542,165,233268,84.0,0.14845354855060577,0.0001,58291
2778,1409,0.05,2.14524708,165,233352,84.0,0.10036514699459076,0.0001,58312
2779,1410,0.05,2.1990955199999997,165,233436,84.0,0.17368793487548828,0.0001,58333
2780,1410,0.05,2.35298032,165,233520,84.0,3.121951103210449,0.0001,58354
2781,1411,0.05,2.3316795099999994,165,233604,84.0,0.184516042470932,0.0001,58375
2782,1411,0.05,2.20933522,165,233688,84.0,0.2267455756664276,0.0001,58396
2783,1412,0.05,2.1378043599999996,165,233772,84.0,0.1185021698474884,0.0001,58417
2784,1412,0.05,2.09401716,165,233856,84.0,0.14298343658447266,0.0001,58438
2785,1413,0.05,2.1561651900000003,165,233940,84.0,0.41533708572387695,0.0001,58459
2786,1413,0.05,2.1298310300000005,165,234024,84.0,0.18786412477493286,0.0001,58480
2787,1414,0.05,2.0169247200000004,165,234108,84.0,0.2763393521308899,0.0001,58501
2788,1414,0.05,2.1418517300000004,165,234192,84.0,0.17450851202011108,0.0001,58522
2789,1415,0.05,2.25926221,165,234276,84.0,3.286849021911621,0.0001,58543
2790,1415,0.05,2.27732425,165,234360,84.0,0.09540586173534393,0.0001,58564
2791,1416,0.05,2.26845014,165,234444,84.0,0.13629509508609772,0.0001,58585
2792,1417,0.05,2.36134098,165,234528,84.0,0.21203956007957458,0.0001,58606
2793,1417,0.05,2.2583033900000005,165,234612,84.0,0.08599170297384262,0.0001,58627
2794,1418,0.05,2.2188295,165,234696,84.0,0.2382739782333374,0.0001,58648
2795,1418,0.05,2.13765864,165,234780,84.0,6.616440773010254,0.0001,58669
2796,1419,0.05,2.0746937599999997,165,234864,84.0,0.09909500926733017,0.0001,58690
2797,1419,0.05,2.11409793,165,234948,84.0,0.06053300201892853,0.0001,58711
2798,1420,0.05,2.05546757,165,235032,84.0,0.1903792917728424,0.0001,58732
2799,1420,0.05,2.09964123,165,235116,84.0,0.10334043204784393,0.0001,58753
2800,1421,0.05,2.05746495,165,235200,84.0,3.0708565711975098,0.0001,58774
2801,1421,0.05,2.0606240399999995,165,235284,84.0,0.15082982182502747,0.0001,58795
2802,1422,0.05,2.1816897499999994,165,235368,84.0,0.3280330300331116,0.0001,58816
2803,1422,0.05,2.0986737599999996,165,235452,84.0,3.6145477294921875,0.0001,58837
2804,1423,0.05,2.1283395099999995,165,235536,84.0,3.317207098007202,0.0001,58858
2805,1423,0.05,2.2557250499999997,165,235620,84.0,0.2410796582698822,0.0001,58879
2806,1424,0.05,2.28917546,165,235704,84.0,0.25542518496513367,0.0001,58900
2807,1424,0.05,2.2430029,165,235788,84.0,0.12262143194675446,0.0001,58921
2808,1425,0.05,2.32599079,165,235872,84.0,0.1520593762397766,0.0001,58942
2809,1426,0.05,2.29640633,165,235956,84.0,0.06834551692008972,0.0001,58963
2810,1426,0.05,2.37389888,165,236040,84.0,0.07461197674274445,0.0001,58984
2811,1427,0.05,2.4030532100000004,165,236124,84.0,3.08774471282959,0.0001,59005
2812,1427,0.05,2.4271555000000005,165,236208,84.0,3.087232828140259,0.0001,59026
2813,1428,0.05,2.30231621,165,236292,84.0,3.420482873916626,0.0001,59047
2814,1428,0.05,2.27540828,165,236376,84.0,3.04750657081604,0.0001,59068
2815,1429,0.05,2.1453061499999997,165,236460,84.0,0.16985733807086945,0.0001,59089
2816,1429,0.05,2.02146834,165,236544,84.0,0.16110283136367798,0.0001,59110
2817,1430,0.05,2.2108249,165,236628,84.0,0.19309672713279724,0.0001,59131
2818,1430,0.05,2.24179062,165,236712,84.0,0.13197463750839233,0.0001,59152
2819,1431,0.05,2.22334487,165,236796,84.0,0.2045341432094574,0.0001,59173
2820,1431,0.05,2.25984053,165,236880,84.0,3.0033586025238037,0.0001,59194
2821,1432,0.05,2.1644970900000002,165,236964,84.0,6.588879108428955,0.0001,59215
2822,1432,0.05,2.0801613800000003,165,237048,84.0,2.952343463897705,0.0001,59236
2823,1433,0.05,2.14650536,165,237132,84.0,3.4486160278320312,0.0001,59257
2824,1433,0.05,2.03962578,165,237216,84.0,0.14933061599731445,0.0001,59278
2825,1434,0.05,1.87496193,165,237300,84.0,0.09500887989997864,0.0001,59299
2826,1434,0.05,1.9042285899999996,165,237384,84.0,0.25877559185028076,0.0001,59320
2827,1435,0.05,1.9048729999999998,165,237468,84.0,0.17125973105430603,0.0001,59341
2828,1435,0.05,1.8041357199999999,165,237552,84.0,3.382650375366211,0.0001,59362
2829,1436,0.05,1.8128259599999998,165,237636,84.0,3.7592029571533203,0.0001,59383
2830,1436,0.05,1.79665383,165,237720,84.0,0.16332659125328064,0.0001,59404
2831,1437,0.05,1.8944995,165,237804,84.0,8.80441665649414,0.0001,59425
2832,1437,0.05,1.95744224,165,237888,84.0,0.1432459056377411,0.0001,59446
2833,1438,0.05,1.9435079299999998,165,237972,84.0,0.13717275857925415,0.0001,59467
2834,1439,0.05,1.99466391,165,238056,84.0,0.1487242579460144,0.0001,59488
2835,1439,0.05,2.0199106500000004,165,238140,84.0,0.06952545046806335,0.0001,59509
2836,1440,0.05,2.0855695100000005,165,238224,84.0,0.26654472947120667,0.0001,59530
2837,1440,0.05,2.0589421600000004,165,238308,84.0,0.0885019302368164,0.0001,59551
2838,1440,0.05,2.1202772800000003,165,238392,84.0,2.9510536193847656,0.0001,59572
2839,1441,0.05,2.0961702000000004,165,238476,84.0,2.9360876083374023,0.0001,59593
2840,1442,0.05,1.9166368900000004,165,238560,84.0,0.09640303254127502,0.0001,59614
2841,1442,0.05,2.0402541100000002,165,238644,84.0,0.15196505188941956,0.0001,59635
2842,1443,0.05,1.9848509300000003,165,238728,84.0,0.08508571982383728,0.0001,59656
2843,1443,0.05,1.9187814700000003,165,238812,84.0,0.2343953549861908,0.0001,59677
2844,1444,0.05,1.9079963300000002,165,238896,84.0,3.1372549533843994,0.0001,59698
2845,1444,0.05,1.92340941,165,238980,84.0,0.1321331262588501,0.0001,59719
2846,1445,0.05,1.89474183,165,239064,84.0,3.3782379627227783,0.0001,59740
2847,1445,0.05,2.01458281,165,239148,84.0,3.3293285369873047,0.0001,59761
2848,1446,0.05,2.0075280799999997,165,239232,84.0,0.09734739363193512,0.0001,59782
2849,1446,0.05,1.94016455,165,239316,84.0,6.042882442474365,0.0001,59803
2850,1447,0.05,1.9775335500000002,165,239400,84.0,0.14813920855522156,0.0001,59824
2851,1447,0.05,1.8962904299999999,165,239484,84.0,0.18176880478858948,0.0001,59845
2852,1448,0.05,1.89864657,165,239568,84.0,0.19123125076293945,0.0001,59866
2853,1449,0.05,1.82374071,165,239652,84.0,0.08084320276975632,0.0001,59887
2854,1449,0.05,1.8466783200000003,165,239736,84.0,0.2856493592262268,0.0001,59908
2855,1450,0.05,1.7566184700000003,165,239820,84.0,0.2235768437385559,0.0001,59929
2856,1450,0.05,1.8812609800000004,165,239904,84.0,0.39666610956192017,0.0001,59950
2857,1451,0.05,1.7492096100000003,165,239988,84.0,0.10770660638809204,0.0001,59971
2858,1451,0.05,1.7760260200000002,165,240072,84.0,0.25196850299835205,0.0001,59992
2859,1452,0.05,1.8302729400000002,165,240156,84.0,0.33865880966186523,0.0001,60013
2860,1452,0.05,1.8846789300000004,165,240240,84.0,3.4675097465515137,0.0001,60034
2861,1453,0.05,1.87797162,165,240324,84.0,0.06802063435316086,0.0001,60055
2862,1453,0.05,1.8642613200000002,165,240408,84.0,3.2435152530670166,0.0001,60076
2863,1454,0.05,1.81100535,165,240492,84.0,0.12201295793056488,0.0001,60097
2864,1454,0.05,1.94418647,165,240576,84.0,0.09533336013555527,0.0001,60118
2865,1455,0.05,2.11746795,165,240660,84.0,0.1898403763771057,0.0001,60139
2866,1456,0.05,2.1852572000000006,165,240744,84.0,0.2027052938938141,0.0001,60160
2867,1456,0.05,2.10499108,165,240828,84.0,0.29534685611724854,0.0001,60181
2868,1457,0.05,2.1248175799999998,165,240912,84.0,3.026313304901123,0.0001,60202
2869,1457,0.05,2.14760222,165,240996,84.0,2.9966204166412354,0.0001,60223
2870,1458,0.05,2.0899801499999997,165,241080,84.0,0.13302159309387207,0.0001,60244
2871,1458,0.05,2.02015657,165,241164,84.0,3.519587278366089,0.0001,60265
2872,1459,0.05,1.8807967000000003,165,241248,84.0,0.6992571353912354,0.0001,60286
2873,1459,0.05,1.8963224699999999,165,241332,84.0,0.20868554711341858,0.0001,60307
2874,1460,0.05,1.9821785100000002,165,241416,84.0,6.403316020965576,0.0001,60328
2875,1460,0.05,2.06194272,165,241500,84.0,0.20165258646011353,0.0001,60349
2876,1461,0.05,2.0893493399999996,165,241584,84.0,0.2541106343269348,0.0001,60370
2877,1461,0.05,2.08571085,165,241668,84.0,0.17467446625232697,0.0001,60391
2878,1462,0.05,1.8726171299999996,165,241752,84.0,0.2744387984275818,0.0001,60412
2879,1462,0.05,1.9941749999999998,165,241836,84.0,0.12673978507518768,0.0001,60433
2880,1463,0.05,1.8718070800000002,165,241920,84.0,0.15569058060646057,0.0001,60454
2881,1463,0.05,2.02808899,165,242004,84.0,0.15242119133472443,0.0001,60475
2882,1464,0.05,1.9371013099999999,165,242088,84.0,3.0036678314208984,0.0001,60496
2883,1464,0.05,1.9557420099999998,165,242172,84.0,3.3159074783325195,0.0001,60517
2884,1465,0.05,1.9059281600000002,165,242256,84.0,0.08956971764564514,0.0001,60538
2885,1465,0.05,1.95002903,165,242340,84.0,6.482615947723389,0.0001,60559
2886,1466,0.05,1.9680709299999999,165,242424,84.0,0.24720540642738342,0.0001,60580
2887,1467,0.05,2.09076429,165,242508,84.0,0.16538134217262268,0.0001,60601
2888,1467,0.05,1.98114045,165,242592,84.0,12.266129493713379,0.0001,60622
2889,1468,0.05,1.7929238799999998,165,242676,84.0,9.26102352142334,0.0001,60643
2890,1468,0.05,1.6434494700000002,165,242760,84.0,0.19920355081558228,0.0001,60664
2891,1469,0.05,1.61315224,165,242844,84.0,3.6145811080932617,0.0001,60685
2892,1469,0.05,1.49624007,165,242928,84.0,3.0185179710388184,0.0001,60706
2893,1470,0.05,1.5482764799999997,165,243012,84.0,0.21532997488975525,0.0001,60727
2894,1470,0.05,1.73256018,165,243096,84.0,0.16472308337688446,0.0001,60748
2895,1471,0.05,1.76385442,165,243180,84.0,3.4402847290039062,0.0001,60769
2896,1471,0.05,1.8146007399999997,165,243264,84.0,6.075714111328125,0.0001,60790
2897,1472,0.05,1.8439746100000003,165,243348,84.0,0.08567877113819122,0.0001,60811
2898,1472,0.05,1.91139941,165,243432,84.0,0.14684458076953888,0.0001,60832
2899,1473,0.05,1.7851722200000004,165,243516,84.0,0.0772082656621933,0.0001,60853
2900,1473,0.05,1.7514763100000004,165,243600,84.0,0.13510164618492126,0.0001,60874
2901,1474,0.05,1.6550977700000005,165,243684,84.0,0.2931135296821594,0.0001,60895
2902,1474,0.05,1.6501049700000003,165,243768,84.0,0.10323283076286316,0.0001,60916
2903,1475,0.05,1.6984898000000004,165,243852,84.0,0.12506090104579926,0.0001,60937
2904,1476,0.05,1.67631495,165,243936,84.0,0.12499663233757019,0.0001,60958
2905,1476,0.05,1.89001274,165,244020,84.0,0.23667611181735992,0.0001,60979
2906,1477,0.05,1.7818824800000002,165,244104,84.0,0.15093496441841125,0.0001,61000
2907,1477,0.05,1.79824884,165,244188,84.0,3.254772901535034,0.0001,61021
2908,1478,0.05,1.72826962,165,244272,84.0,0.09996016323566437,0.0001,61042
2909,1478,0.05,1.7083725200000004,165,244356,84.0,0.2915230989456177,0.0001,61063
2910,1479,0.05,1.7218885500000005,165,244440,84.0,0.20415717363357544,0.0001,61084
2911,1479,0.05,1.7614334600000001,165,244524,84.0,0.14103782176971436,0.0001,61105
2912,1480,0.05,1.75681055,165,244608,84.0,0.3787572383880615,0.0001,61126
2913,1480,0.05,1.87414335,165,244692,84.0,0.22181366384029388,0.0001,61147
2914,1481,0.05,1.9289432900000003,165,244776,84.0,0.17122890055179596,0.0001,61168
2915,1481,0.05,2.0036987600000007,165,244860,84.0,3.28840970993042,0.0001,61189
2916,1482,0.05,2.0837852100000003,165,244944,84.0,3.3167004585266113,0.0001,61210
2917,1482,0.05,2.0247967900000003,165,245028,84.0,0.17440953850746155,0.0001,61231
2918,1483,0.05,2.07056473,165,245112,84.0,3.3877615928649902,0.0001,61252
2919,1483,0.05,1.9981673300000002,165,245196,84.0,0.19607724249362946,0.0001,61273
2920,1484,0.05,2.0066288400000003,165,245280,84.0,3.096331834793091,0.0001,61294
2921,1485,0.05,2.0179523600000007,165,245364,84.0,0.2029479444026947,0.0001,61315
2922,1485,0.05,2.0854562500000005,165,245448,84.0,0.2078535258769989,0.0001,61336
2923,1486,0.05,2.0263070200000004,165,245532,84.0,3.7691009044647217,0.0001,61357
2924,1486,0.05,2.12843385,165,245616,84.0,0.187850683927536,0.0001,61378
2925,1487,0.05,2.1578246,165,245700,84.0,0.41963833570480347,0.0001,61399
2926,1487,0.05,2.1514438,165,245784,84.0,0.07651340961456299,0.0001,61420
2927,1488,0.05,2.2556722,165,245868,84.0,0.10309189558029175,0.0001,61441
2928,1488,0.05,2.34358038,165,245952,84.0,0.07259121537208557,0.0001,61462
2929,1489,0.05,2.24879378,165,246036,84.0,3.032975912094116,0.0001,61483
2930,1489,0.05,2.31981958,165,246120,84.0,3.469438076019287,0.0001,61504
2931,1490,0.05,2.3775804099999998,165,246204,84.0,0.20643141865730286,0.0001,61525
2932,1490,0.05,2.2993900099999998,165,246288,84.0,3.1554815769195557,0.0001,61546
2933,1491,0.05,2.1563449199999996,165,246372,84.0,6.5563459396362305,0.0001,61567
2934,1491,0.05,2.17242871,165,246456,84.0,3.1561198234558105,0.0001,61588
2935,1492,0.05,2.18280553,165,246540,84.0,0.20662617683410645,0.0001,61609
2936,1493,0.05,2.1323040399999997,165,246624,84.0,5.868113994598389,0.0001,61630
2937,1493,0.05,2.1973212099999997,165,246708,84.0,2.9532063007354736,0.0001,61651
2938,1494,0.05,2.07731453,165,246792,84.0,0.09847068786621094,0.0001,61672
2939,1494,0.05,1.9988611100000002,165,246876,84.0,3.206524133682251,0.0001,61693
2940,1495,0.05,2.1759404,165,246960,84.0,0.352954238653183,0.0001,61714
2941,1495,0.05,2.1228811899999998,165,247044,84.0,3.653066396713257,0.0001,61735
2942,1496,0.05,2.19376399,165,247128,84.0,0.2443513572216034,0.0001,61756
2943,1496,0.05,2.29272452,165,247212,84.0,3.002925395965576,0.0001,61777
2944,1497,0.05,2.2678379,165,247296,84.0,0.11630874872207642,0.0001,61798
2945,1498,0.05,2.28791984,165,247380,84.0,0.230097234249115,0.0001,61819
2946,1498,0.05,2.2852782,165,247464,84.0,0.16640786826610565,0.0001,61840
2947,1499,0.05,2.1244982599999997,165,247548,84.0,3.338839292526245,0.0001,61861
2948,1499,0.05,2.1393216199999996,165,247632,84.0,0.1416366845369339,0.0001,61882
2949,1500,0.05,2.14428357,165,247716,84.0,0.19157950580120087,0.0001,61903
2950,1500,0.05,2.0711951699999998,165,247800,84.0,0.13622742891311646,0.0001,61924
2951,1500,0.05,2.10476342,165,247884,84.0,3.641514301300049,0.0001,61945
2952,1501,0.05,2.14924614,165,247968,84.0,0.22374336421489716,0.0001,61966
2953,1501,0.05,2.1249107,165,248052,84.0,3.224555730819702,0.0001,61987
2954,1502,0.05,2.01810435,165,248136,84.0,3.1485798358917236,0.0001,62008
2955,1503,0.05,1.9315634699999995,165,248220,84.0,0.1915239691734314,0.0001,62029
2956,1503,0.05,1.7743956799999998,165,248304,84.0,3.442049503326416,0.0001,62050
2957,1504,0.05,1.8433693299999998,165,248388,84.0,9.501287460327148,0.0001,62071
2958,1504,0.05,1.9096927300000002,165,248472,84.0,0.284767746925354,0.0001,62092
2959,1505,0.05,1.8115946600000001,165,248556,84.0,0.10532864928245544,0.0001,62113
2960,1505,0.05,1.7856098,165,248640,84.0,0.19886869192123413,0.0001,62134
2961,1506,0.05,1.7289968400000004,165,248724,84.0,3.211895227432251,0.0001,62155
2962,1506,0.05,1.6686995100000002,165,248808,84.0,0.12342794239521027,0.0001,62176
2963,1507,0.05,1.6703676900000002,165,248892,84.0,0.1523773968219757,0.0001,62197
2964,1507,0.05,1.6604847200000001,165,248976,84.0,3.368877649307251,0.0001,62218
2965,1508,0.05,1.6669019100000002,165,249060,84.0,0.13238996267318726,0.0001,62239
2966,1509,0.05,1.6605972900000001,165,249144,84.0,3.37514591217041,0.0001,62260
2967,1509,0.05,1.9082001999999998,165,249228,84.0,0.2505786418914795,0.0001,62281
2968,1510,0.05,1.72004559,165,249312,84.0,0.0861259251832962,0.0001,62302
2969,1510,0.05,1.6577021499999998,165,249396,84.0,3.3931403160095215,0.0001,62323
2970,1511,0.05,1.7412486100000002,165,249480,84.0,0.20110876858234406,0.0001,62344
2971,1511,0.05,1.64067136,165,249564,84.0,3.2480053901672363,0.0001,62365
2972,1512,0.05,1.7389086900000001,165,249648,84.0,3.0663838386535645,0.0001,62386
2973,1512,0.05,1.8779871200000002,165,249732,84.0,0.25559550523757935,0.0001,62407
2974,1513,0.05,1.8708222799999998,165,249816,84.0,0.17432495951652527,0.0001,62428
2975,1513,0.05,1.8079213300000003,165,249900,84.0,6.295108795166016,0.0001,62449
2976,1514,0.05,1.8478120400000002,165,249984,84.0,2.9705588817596436,0.0001,62470
2977,1514,0.05,1.9869950900000006,165,250068,84.0,0.13852693140506744,0.0001,62491
2978,1515,0.05,2.0420537400000005,165,250152,84.0,3.0448050498962402,0.0001,62512
2979,1515,0.05,2.0253570400000003,165,250236,84.0,3.1597516536712646,0.0001,62533
2980,1516,0.05,2.03040297,165,250320,84.0,0.18714559078216553,0.0001,62554
2981,1516,0.05,1.7997290400000003,165,250404,84.0,0.11796335875988007,0.0001,62575
2982,1517,0.05,1.9310459500000001,165,250488,84.0,0.20771436393260956,0.0001,62596
2983,1518,0.05,1.97093427,165,250572,84.0,0.3328782916069031,0.0001,62617
2984,1518,0.05,2.08217245,165,250656,84.0,6.499394416809082,0.0001,62638
2985,1519,0.05,2.0504328900000006,165,250740,84.0,0.17315514385700226,0.0001,62659
2986,1519,0.05,1.9928534400000004,165,250824,84.0,0.14736852049827576,0.0001,62680
2987,1520,0.05,1.9868831200000003,165,250908,84.0,0.2529134750366211,0.0001,62701
2988,1520,0.05,1.9861950000000002,165,250992,84.0,0.1075657531619072,0.0001,62722
2989,1521,0.05,1.8545535899999999,165,251076,84.0,0.056075047701597214,0.0001,62743
2990,1521,0.05,1.9322680700000001,165,251160,84.0,3.0417938232421875,0.0001,62764
2991,1522,0.05,1.9168402699999998,165,251244,84.0,3.439832925796509,0.0001,62785
2992,1522,0.05,1.97743284,165,251328,84.0,0.0961611419916153,0.0001,62806
2993,1523,0.05,2.0462290899999998,165,251412,84.0,9.4979248046875,0.0001,62827
2994,1523,0.05,2.0394937200000003,165,251496,84.0,0.13529619574546814,0.0001,62848
2995,1524,0.05,2.13239996,165,251580,84.0,0.20071911811828613,0.0001,62869
2996,1525,0.05,2.09324656,165,251664,84.0,0.1710340678691864,0.0001,62890
2997,1525,0.05,1.9887692,165,251748,84.0,0.08578468859195709,0.0001,62911
2998,1526,0.05,1.9167424499999999,165,251832,84.0,0.09678991883993149,0.0001,62932
2999,1526,0.05,1.89305628,165,251916,84.0,0.14068260788917542,0.0001,62953
3000,1527,0.05,2.00867878,165,252000,84.0,0.12288034707307816,0.0001,62974
3001,1527,0.05,2.0280011200000003,165,252084,84.0,3.431655168533325,0.0001,62995
3002,1528,0.05,2.06932851,165,252168,84.0,2.997009754180908,0.0001,63016
3003,1528,0.05,1.97762822,165,252252,84.0,0.2367929369211197,0.0001,63037
3004,1529,0.05,1.89793328,164,252336,84.0,0.09209468960762024,0.0001,63058
3005,1529,0.05,1.59848918,165,252420,84.0,0.25942838191986084,0.0001,63079
3006,1530,0.05,1.59613443,164,252504,84.0,3.3073763847351074,0.0001,63100
3007,1530,0.05,1.44334127,164,252588,84.0,0.10079915821552277,0.0001,63121
3008,1531,0.05,1.5074104699999997,164,252672,84.0,0.3104712963104248,0.0001,63142
3009,1531,0.05,1.6179650799999998,164,252756,84.0,0.13001509010791779,0.0001,63163
3010,1532,0.05,1.64730828,164,252840,84.0,0.18554112315177917,0.0001,63184
3011,1532,0.05,1.5708107599999996,164,252924,84.0,0.14275407791137695,0.0001,63205
3012,1533,0.05,1.55942567,164,253008,84.0,0.4170125126838684,0.0001,63226
3013,1533,0.05,1.5756489700000003,165,253092,84.0,3.601086139678955,0.0001,63247
3014,1534,0.05,1.56501908,164,253176,84.0,0.1612163633108139,0.0001,63268
3015,1535,0.05,1.56012934,164,253260,84.0,3.251100540161133,0.0001,63289
3016,1535,0.05,1.6200525099999998,164,253344,84.0,0.16012799739837646,0.0001,63310
3017,1536,0.05,1.5603531599999996,164,253428,84.0,0.12908485531806946,0.0001,63331
3018,1536,0.05,1.44276751,164,253512,84.0,0.10837259888648987,0.0001,63352
3019,1537,0.05,1.4364919299999999,164,253596,84.0,0.2158430516719818,0.0001,63373
3020,1537,0.05,1.3739926300000003,164,253680,84.0,3.6570382118225098,0.0001,63394
3021,1538,0.05,1.29636122,164,253764,84.0,3.134638786315918,0.0001,63415
3022,1538,0.05,1.3102023400000002,164,253848,84.0,3.180506944656372,0.0001,63436
3023,1539,0.05,1.3533433,164,253932,84.0,0.08386687934398651,0.0001,63457
3024,1539,0.05,1.37739229,164,254016,84.0,0.27771636843681335,0.0001,63478
3025,1540,0.05,1.4671911299999996,164,254100,84.0,3.1628339290618896,0.0001,63499
3026,1541,0.05,1.4744446499999997,164,254184,84.0,0.10978124290704727,0.0001,63520
3027,1541,0.05,1.30671875,164,254268,84.0,0.18519191443920135,0.0001,63541
3028,1542,0.05,1.21039059,164,254352,84.0,0.14349515736103058,0.0001,63562
3029,1542,0.05,1.35728728,164,254436,84.0,2.9037952423095703,0.0001,63583
3030,1543,0.05,1.3900569400000002,164,254520,84.0,0.15181514620780945,0.0001,63604
3031,1543,0.05,1.1853896400000001,164,254604,84.0,0.20027872920036316,0.0001,63625
3032,1544,0.05,1.20567626,164,254688,84.0,0.15772365033626556,0.0001,63646
3033,1544,0.05,1.2912525200000002,164,254772,84.0,0.18041078746318817,0.0001,63667
3034,1545,0.05,1.1385608800000002,164,254856,84.0,0.11631426215171814,0.0001,63688
3035,1545,0.05,1.04707914,164,254940,84.0,0.04612531140446663,0.0001,63709
3036,1546,0.05,1.0881495499999998,164,255024,84.0,6.148699760437012,0.0001,63730
3037,1546,0.05,1.1201551900000002,164,255108,84.0,0.11175103485584259,0.0001,63751
3038,1547,0.05,1.0874194799999999,164,255192,84.0,6.324005603790283,0.0001,63772
3039,1547,0.05,1.19818976,164,255276,84.0,0.45100510120391846,0.0001,63793
3040,1548,0.05,1.07055295,164,255360,84.0,0.10666303336620331,0.0001,63814
3041,1548,0.05,1.0723520599999998,164,255444,84.0,5.833095073699951,0.0001,63835
3042,1549,0.05,1.03111624,164,255528,84.0,6.418326377868652,0.0001,63856
3043,1549,0.05,0.98740791,164,255612,84.0,6.480114459991455,0.0001,63877
3044,1550,0.05,0.9532043100000002,164,255696,84.0,3.297539710998535,0.0001,63898
3045,1550,0.05,0.8835900500000001,164,255780,84.0,3.4874963760375977,0.0001,63919
3046,1551,0.05,0.89776539,164,255864,84.0,0.12848158180713654,0.0001,63940
3047,1552,0.05,0.7637320299999999,164,255948,84.0,3.3969132900238037,0.0001,63961
3048,1552,0.05,0.7075420199999999,164,256032,84.0,3.4147870540618896,0.0001,63982
3049,1553,0.05,0.63624529,164,256116,84.0,3.0676398277282715,0.0001,64003
3050,1553,0.05,0.6176901899999998,164,256200,84.0,0.13007938861846924,0.0001,64024
3051,1554,0.05,0.6293136699999999,164,256284,84.0,2.9346094131469727,0.0001,64045
3052,1554,0.05,0.5295449199999999,164,256368,84.0,0.18048575520515442,0.0001,64066
3053,1555,0.05,0.5568449399999998,164,256452,84.0,0.2430291622877121,0.0001,64087
3054,1555,0.05,0.6069553899999999,164,256536,84.0,0.23249341547489166,0.0001,64108
3055,1556,0.05,0.8153105499999999,164,256620,84.0,3.475896120071411,0.0001,64129
3056,1556,0.05,0.80309443,164,256704,84.0,0.0889553502202034,0.0001,64150
3057,1557,0.05,0.7892074699999999,164,256788,84.0,0.11197039484977722,0.0001,64171
3058,1557,0.05,0.7188667200000001,164,256872,84.0,0.19291457533836365,0.0001,64192
3059,1558,0.05,0.71901926,164,256956,84.0,0.11942102015018463,0.0001,64213
3060,1558,0.05,0.6422457300000001,164,257040,84.0,0.3710472583770752,0.0001,64234
3061,1559,0.05,0.56127871,164,257124,84.0,3.016489267349243,0.0001,64255
3062,1559,0.05,0.60361641,164,257208,84.0,0.2639140784740448,0.0001,64276
3063,1560,0.05,0.52221202,164,257292,84.0,3.8574702739715576,0.0001,64297
3064,1560,0.05,0.5130848400000001,164,257376,84.0,0.11318473517894745,0.0001,64318
3065,1561,0.05,0.4320374600000001,164,257460,84.0,3.130117654800415,0.0001,64339
3066,1561,0.05,0.31047766000000016,164,257544,84.0,0.26913318037986755,0.0001,64360
3067,1562,0.05,0.19433973000000004,164,257628,84.0,0.16973409056663513,0.0001,64381
3068,1562,0.05,0.32544331000000015,164,257712,84.0,0.30967235565185547,0.0001,64402
3069,1563,0.05,0.18795046000000012,164,257796,84.0,3.3680684566497803,0.0001,64423
3070,1564,0.05,0.2068804500000001,164,257880,84.0,3.319265127182007,0.0001,64444
3071,1564,0.05,0.34470536,164,257964,84.0,0.1940893679857254,0.0001,64465
3072,1565,0.05,0.2726727100000001,164,258048,84.0,3.092226266860962,0.0001,64486
3073,1565,0.05,0.05989357000000016,164,258132,84.0,3.1401848793029785,0.0001,64507
3074,1566,0.05,-0.03628573999999991,164,258216,84.0,0.1579849123954773,0.0001,64528
3075,1566,0.05,0.010730180000000039,164,258300,84.0,0.25295138359069824,0.0001,64549
3076,1567,0.05,-0.030340689999999906,164,258384,84.0,0.1148175299167633,0.0001,64570
3077,1567,0.05,-0.15943051999999988,164,258468,84.0,0.0775035172700882,0.0001,64591
3078,1568,0.05,-0.13352549999999988,164,258552,84.0,0.5552533268928528,0.0001,64612
3079,1568,0.05,-0.23499368999999992,164,258636,84.0,0.5739733576774597,0.0001,64633
3080,1569,0.05,-0.1917582699999999,164,258720,84.0,3.355109930038452,0.0001,64654
3081,1569,0.05,-0.14907313999999985,164,258804,84.0,0.15328159928321838,0.0001,64675
3082,1570,0.05,-0.18570731999999993,164,258888,84.0,0.13498082756996155,0.0001,64696
3083,1570,0.05,-0.25339033,164,258972,84.0,0.12841492891311646,0.0001,64717
3084,1571,0.05,-0.30521691999999995,164,259056,84.0,3.3198018074035645,0.0001,64738
3085,1572,0.05,-0.3399839299999999,164,259140,84.0,3.5396416187286377,0.0001,64759
3086,1572,0.05,-0.35353559000000007,164,259224,84.0,0.07720626890659332,0.0001,64780
3087,1573,0.05,-0.33630415999999996,164,259308,84.0,0.09148518741130829,0.0001,64801
3088,1573,0.05,-0.27333509,164,259392,84.0,0.22569335997104645,0.0001,64822
3089,1574,0.05,-0.14866613,164,259476,84.0,0.12080278247594833,0.0001,64843
3090,1574,0.05,-0.007831009999999932,164,259560,84.0,3.573878288269043,0.0001,64864
3091,1575,0.05,0.10942723000000015,164,259644,84.0,0.08843871206045151,0.0001,64885
3092,1575,0.05,0.1584209900000001,164,259728,84.0,0.10325121879577637,0.0001,64906
3093,1576,0.05,0.14932926000000005,164,259812,84.0,0.13674895465373993,0.0001,64927
3094,1576,0.05,0.07051334000000015,164,259896,84.0,3.402552604675293,0.0001,64948
3095,1577,0.05,-0.08513239999999991,164,259980,84.0,0.11980058997869492,0.0001,64969
3096,1577,0.05,-0.08377199999999985,164,260064,84.0,0.26715922355651855,0.0001,64990
3097,1578,0.05,-0.13144728999999988,164,260148,84.0,0.1770222783088684,0.0001,65011
3098,1578,0.05,-0.18310504999999996,164,260232,84.0,0.11115037649869919,0.0001,65032
3099,1579,0.05,-0.15091232999999996,164,260316,84.0,0.1408536285161972,0.0001,65053
3100,1579,0.05,-0.14097175999999997,164,260400,84.0,0.10878345370292664,0.0001,65074
3101,1580,0.05,-0.07980991999999991,164,260484,84.0,0.18327805399894714,0.0001,65095
3102,1580,0.05,0.015084650000000047,164,260568,84.0,0.1027427464723587,0.0001,65116
3103,1581,0.05,0.04025476000000008,164,260652,84.0,0.14696672558784485,0.0001,65137
3104,1582,0.05,0.2715259399999999,164,260736,84.0,3.459963321685791,0.0001,65158
3105,1582,0.05,0.35593165000000004,164,260820,84.0,0.1597747802734375,0.0001,65179
3106,1583,0.05,0.45495630000000004,164,260904,84.0,3.267066240310669,0.0001,65200
3107,1583,0.05,0.52763042,164,260988,84.0,0.23807623982429504,0.0001,65221
3108,1584,0.05,0.5264550400000001,164,261072,84.0,0.5010790824890137,0.0001,65242
3109,1584,0.05,0.45608269000000007,164,261156,84.0,0.14147283136844635,0.0001,65263
3110,1585,0.05,0.41511013000000013,164,261240,84.0,0.1523693948984146,0.0001,65284
3111,1585,0.05,0.4781468500000001,164,261324,84.0,0.21201559901237488,0.0001,65305
3112,1586,0.05,0.5245659800000001,164,261408,84.0,0.14142060279846191,0.0001,65326
3113,1586,0.05,0.58854777,164,261492,84.0,3.3854122161865234,0.0001,65347
3114,1587,0.05,0.54609089,164,261576,84.0,0.16698744893074036,0.0001,65368
3115,1587,0.05,0.55497485,164,261660,84.0,0.21471741795539856,0.0001,65389
3116,1588,0.05,0.5052552900000001,164,261744,84.0,0.31981098651885986,0.0001,65410
3117,1588,0.05,0.4166881700000002,164,261828,84.0,0.07508841902017593,0.0001,65431
3118,1589,0.05,0.5004638900000001,164,261912,84.0,0.19741550087928772,0.0001,65452
3119,1590,0.05,0.47713229999999995,164,261996,84.0,0.11688797175884247,0.0001,65473
3120,1590,0.05,0.5456958599999999,164,262080,84.0,0.24001756310462952,0.0001,65494
3121,1591,0.05,0.67900798,164,262164,84.0,3.4970245361328125,0.0001,65515
3122,1591,0.05,0.5972951999999999,164,262248,84.0,3.0548436641693115,0.0001,65536
3123,1592,0.05,0.63679816,164,262332,84.0,0.14571571350097656,0.0001,65557
3124,1592,0.05,0.6414218999999999,164,262416,84.0,0.09454835951328278,0.0001,65578
3125,1593,0.05,0.5776182399999997,164,262500,84.0,0.1273329257965088,0.0001,65599
3126,1593,0.05,0.5047753799999999,164,262584,84.0,0.1767086386680603,0.0001,65620
3127,1594,0.05,0.5680259299999999,164,262668,84.0,0.12643131613731384,0.0001,65641
3128,1594,0.05,0.7424309999999998,164,262752,84.0,0.17498856782913208,0.0001,65662
3129,1595,0.05,0.7498410999999998,164,262836,84.0,0.1734807789325714,0.0001,65683
3130,1595,0.05,0.7528501700000001,164,262920,84.0,0.1787775456905365,0.0001,65704
3131,1596,0.05,0.67574538,164,263004,84.0,0.14660079777240753,0.0001,65725
3132,1596,0.05,0.67081099,164,263088,84.0,0.22956156730651855,0.0001,65746
3133,1597,0.05,0.7033581200000001,164,263172,84.0,0.1655811369419098,0.0001,65767
3134,1597,0.05,0.8529195,164,263256,84.0,0.178347647190094,0.0001,65788
3135,1598,0.05,0.8921635499999999,164,263340,84.0,3.3921546936035156,0.0001,65809
3136,1598,0.05,0.9163387300000001,164,263424,84.0,3.0274722576141357,0.0001,65830
3137,1599,0.05,0.7962416300000001,164,263508,84.0,0.08474904298782349,0.0001,65851
3138,1599,0.05,0.8652510700000002,164,263592,84.0,0.0884186252951622,0.0001,65872
3139,1600,0.05,0.8727238900000002,164,263676,84.0,0.11005249619483948,0.0001,65893
3140,1600,0.05,0.8976786400000001,164,263760,84.0,3.0302951335906982,0.0001,65914
3141,1601,0.05,0.92601493,164,263844,84.0,0.06228628009557724,0.0001,65935
3142,1602,0.05,0.9176523700000001,164,263928,84.0,3.2344775199890137,0.0001,65956
3143,1602,0.05,0.76920517,164,264012,84.0,3.258866548538208,0.0001,65977
3144,1603,0.05,0.7929338100000001,164,264096,84.0,2.904148578643799,0.0001,65998
3145,1603,0.05,0.8555992,164,264180,84.0,0.15044209361076355,0.0001,66019
3146,1603,0.05,0.70729226,164,264264,84.0,3.281182289123535,0.0001,66040
3147,1604,0.05,0.8326741799999999,164,264348,84.0,0.22088214755058289,0.0001,66061
3148,1605,0.05,0.76413038,164,264432,84.0,3.1708950996398926,0.0001,66082
3149,1605,0.05,0.8073271100000002,164,264516,84.0,0.1687362790107727,0.0001,66103
3150,1606,0.05,0.8257932600000002,164,264600,84.0,0.07453208416700363,0.0001,66124
3151,1606,0.05,0.7648803099999999,164,264684,84.0,0.16611233353614807,0.0001,66145
3152,1607,0.05,0.7531571499999999,164,264768,84.0,0.17501713335514069,0.0001,66166
3153,1607,0.05,0.81951875,164,264852,84.0,0.12246429920196533,0.0001,66187
3154,1608,0.05,0.8031951700000001,164,264936,84.0,0.12770946323871613,0.0001,66208
3155,1608,0.05,0.74389511,164,265020,84.0,3.1931281089782715,0.0001,66229
3156,1609,0.05,0.73919019,164,265104,84.0,0.2062269002199173,0.0001,66250
3157,1609,0.05,0.8292937099999999,164,265188,84.0,0.21776586771011353,0.0001,66271
3158,1610,0.05,0.8602781099999998,164,265272,84.0,0.06203191354870796,0.0001,66292
3159,1611,0.05,0.9259629199999999,164,265356,84.0,0.15681862831115723,0.0001,66313
3160,1611,0.05,0.9892802999999999,164,265440,84.0,3.1012072563171387,0.0001,66334
3161,1612,0.05,1.1309627899999999,164,265524,84.0,0.15406659245491028,0.0001,66355
3162,1612,0.05,1.0381625099999998,164,265608,84.0,0.13223260641098022,0.0001,66376
3163,1613,0.05,1.1754074599999997,164,265692,84.0,0.0679180845618248,0.0001,66397
3164,1613,0.05,1.04100694,164,265776,84.0,3.620213270187378,0.0001,66418
3165,1614,0.05,1.0684639,164,265860,84.0,0.2083507478237152,0.0001,66439
3166,1614,0.05,1.26352147,164,265944,84.0,0.09039519727230072,0.0001,66460
3167,1615,0.05,1.26391705,164,266028,84.0,0.14042077958583832,0.0001,66481
3168,1616,0.05,1.28938534,164,266112,84.0,0.254462331533432,0.0001,66502
3169,1616,0.05,1.4438384300000002,164,266196,84.0,3.207906484603882,0.0001,66523
3170,1617,0.05,1.44112206,164,266280,84.0,0.19440023601055145,0.0001,66544
3171,1617,0.05,1.48331216,164,266364,84.0,0.2545778453350067,0.0001,66565
3172,1618,0.05,1.4419341599999997,164,266448,84.0,6.253626346588135,0.0001,66586
3173,1618,0.05,1.55442023,164,266532,84.0,0.29516106843948364,0.0001,66607
3174,1619,0.05,1.7250619500000002,164,266616,84.0,0.17081724107265472,0.0001,66628
3175,1619,0.05,1.5685672300000004,164,266700,84.0,0.13855090737342834,0.0001,66649
3176,1620,0.05,1.6246303,164,266784,84.0,6.032001495361328,0.0001,66670
3177,1620,0.05,1.7752967000000004,164,266868,84.0,0.09054584801197052,0.0001,66691
3178,1621,0.05,1.8377146299999998,164,266952,84.0,0.19411014020442963,0.0001,66712
3179,1621,0.05,1.8955425700000001,164,267036,84.0,0.210319384932518,0.0001,66733
3180,1622,0.05,1.84865094,164,267120,84.0,2.946037769317627,0.0001,66754
3181,1623,0.05,1.8690143399999999,164,267204,84.0,0.27422821521759033,0.0001,66775
3182,1623,0.05,1.8621429800000002,164,267288,84.0,6.513545989990234,0.0001,66796
3183,1624,0.05,1.8767260900000002,164,267372,84.0,0.044881150126457214,0.0001,66817
3184,1624,0.05,1.84203292,164,267456,84.0,0.2999732494354248,0.0001,66838
3185,1625,0.05,1.8871735500000002,164,267540,84.0,0.15581075847148895,0.0001,66859
3186,1625,0.05,1.9614060800000002,164,267624,84.0,0.39604616165161133,0.0001,66880
3187,1626,0.05,1.9385862500000002,164,267708,84.0,0.15208834409713745,0.0001,66901
3188,1626,0.05,2.00011763,164,267792,84.0,0.2662431001663208,0.0001,66922
3189,1627,0.05,2.04384096,164,267876,84.0,0.19561928510665894,0.0001,66943
3190,1627,0.05,1.9097609599999998,164,267960,84.0,3.655463933944702,0.0001,66964
3191,1628,0.05,1.7273502799999998,164,268044,84.0,3.9514803886413574,0.0001,66985
3192,1628,0.05,1.5802649599999996,164,268128,84.0,3.6676535606384277,0.0001,67006
3193,1629,0.05,1.54152531,164,268212,84.0,0.16847734153270721,0.0001,67027
3194,1629,0.05,1.6109853499999998,164,268296,84.0,3.232121467590332,0.0001,67048
3195,1630,0.05,1.7218541899999997,164,268380,84.0,2.9795517921447754,0.0001,67069
3196,1630,0.05,1.6452230599999995,164,268464,84.0,0.15566572546958923,0.0001,67090
3197,1631,0.05,1.7779019399999998,164,268548,84.0,0.3391834795475006,0.0001,67111
3198,1631,0.05,1.8174828899999997,164,268632,84.0,0.2394285947084427,0.0001,67132
3199,1632,0.05,1.7576314099999997,164,268716,84.0,0.06864529848098755,0.0001,67153
3200,1633,0.05,1.7355601799999993,164,268800,84.0,2.9317421913146973,0.0001,67174
3201,1633,0.05,1.7038978999999999,164,268884,84.0,0.22060172259807587,0.0001,67195
3202,1634,0.05,1.4409083999999999,164,268968,84.0,9.561397552490234,0.0001,67216
3203,1634,0.05,1.47825662,164,269052,84.0,0.28258609771728516,0.0001,67237
3204,1635,0.05,1.35943185,164,269136,84.0,0.23965361714363098,0.0001,67258
3205,1635,0.05,1.41410326,164,269220,84.0,0.25422534346580505,0.0001,67279
3206,1636,0.05,1.3993217100000002,164,269304,84.0,0.2519335448741913,0.0001,67300
3207,1636,0.05,1.3782661200000002,164,269388,84.0,0.06798037886619568,0.0001,67321
3208,1637,0.05,1.4311112799999999,164,269472,84.0,0.16364556550979614,0.0001,67342
3209,1637,0.05,1.49351949,164,269556,84.0,3.1573331356048584,0.0001,67363
3210,1638,0.05,1.5478803699999997,164,269640,84.0,0.07856415957212448,0.0001,67384
3211,1639,0.05,1.5365756199999998,164,269724,84.0,0.1735004484653473,0.0001,67405
3212,1639,0.05,1.49677211,164,269808,84.0,0.2110813856124878,0.0001,67426
3213,1640,0.05,1.47964468,164,269892,84.0,0.10370370745658875,0.0001,67447
3214,1640,0.05,1.5043374500000002,164,269976,84.0,0.3816142678260803,0.0001,67468
3215,1641,0.05,1.42988097,164,270060,84.0,0.1523805856704712,0.0001,67489
3216,1641,0.05,1.4357604299999998,164,270144,84.0,3.368429660797119,0.0001,67510
3217,1642,0.05,1.6460951999999995,164,270228,84.0,3.2758615016937256,0.0001,67531
3218,1642,0.05,1.6689043599999998,164,270312,84.0,3.2672832012176514,0.0001,67552
3219,1643,0.05,1.81334408,164,270396,84.0,0.29702943563461304,0.0001,67573
3220,1643,0.05,1.75280765,164,270480,84.0,0.08592966198921204,0.0001,67594
3221,1644,0.05,1.7778530700000001,164,270564,84.0,0.17694376409053802,0.0001,67615
3222,1644,0.05,1.85510585,164,270648,84.0,0.15338048338890076,0.0001,67636
3223,1645,0.05,1.8736952699999998,164,270732,84.0,0.1779850572347641,0.0001,67657
3224,1646,0.05,1.8823376499999998,164,270816,84.0,0.3541497588157654,0.0001,67678
3225,1646,0.05,1.83689244,164,270900,84.0,0.1280021071434021,0.0001,67699
3226,1647,0.05,1.94796174,164,270984,84.0,3.5099453926086426,0.0001,67720
3227,1647,0.05,1.9577175900000003,164,271068,84.0,5.863255500793457,0.0001,67741
3228,1648,0.05,1.8580839,164,271152,84.0,0.264592707157135,0.0001,67762
3229,1648,0.05,1.8250733599999998,164,271236,84.0,0.03270559757947922,0.0001,67783
3230,1649,0.05,1.7658173199999998,164,271320,84.0,0.3227669894695282,0.0001,67804
3231,1649,0.05,1.8890394099999996,164,271404,84.0,0.12349200993776321,0.0001,67825
3232,1650,0.05,1.80609964,164,271488,84.0,2.949331760406494,0.0001,67846
3233,1650,0.05,1.83847658,164,271572,84.0,0.2336810827255249,0.0001,67867
3234,1651,0.05,1.7471663499999999,164,271656,84.0,0.31808239221572876,0.0001,67888
3235,1652,0.05,1.76319721,164,271740,84.0,0.2206149697303772,0.0001,67909
3236,1652,0.05,1.7464067800000003,164,271824,84.0,0.2212795466184616,0.0001,67930
3237,1653,0.05,1.8849395900000006,164,271908,84.0,0.28876450657844543,0.0001,67951
3238,1653,0.05,1.93349017,164,271992,84.0,0.1757262945175171,0.0001,67972
3239,1654,0.05,1.9591136,164,272076,84.0,0.4118649661540985,0.0001,67993
3240,1654,0.05,2.04677528,164,272160,84.0,0.14831312000751495,0.0001,68014
3241,1655,0.05,1.9904551199999998,164,272244,84.0,0.29422470927238464,0.0001,68035
3242,1655,0.05,1.9851886499999998,164,272328,84.0,3.1769180297851562,0.0001,68056
3243,1656,0.05,2.1363042799999996,164,272412,84.0,0.1316584348678589,0.0001,68077
3244,1656,0.05,2.13965314,164,272496,84.0,2.9545388221740723,0.0001,68098
3245,1657,0.05,2.19033921,164,272580,84.0,3.2322819232940674,0.0001,68119
3246,1658,0.05,2.26708241,164,272664,84.0,3.7575197219848633,0.0001,68140
3247,1658,0.05,2.27858609,164,272748,84.0,0.14429226517677307,0.0001,68161
3248,1659,0.05,2.37745643,164,272832,84.0,3.137721300125122,0.0001,68182
3249,1659,0.05,2.2497476699999996,164,272916,84.0,3.193527936935425,0.0001,68203
3250,1660,0.05,2.2426383299999997,164,273000,84.0,3.2553329467773438,0.0001,68224
3251,1660,0.05,2.31681788,164,273084,84.0,3.2882351875305176,0.0001,68245
3252,1661,0.05,2.3739929899999996,164,273168,84.0,0.1529041826725006,0.0001,68266
3253,1661,0.05,2.3877478899999995,164,273252,84.0,0.43439048528671265,0.0001,68287
3254,1662,0.05,2.4322512699999996,164,273336,84.0,0.10542275756597519,0.0001,68308
3255,1662,0.05,2.35115796,164,273420,84.0,2.9948675632476807,0.0001,68329
3256,1663,0.05,2.46214706,164,273504,84.0,0.15777228772640228,0.0001,68350
3257,1663,0.05,2.51682137,164,273588,84.0,3.3403778076171875,0.0001,68371
3258,1664,0.05,2.5412514400000004,164,273672,84.0,2.88992977142334,0.0001,68392
3259,1664,0.05,2.51307627,164,273756,84.0,0.06080201268196106,0.0001,68413
3260,1665,0.05,2.6314008900000005,164,273840,84.0,3.5432076454162598,0.0001,68434
3261,1666,0.05,2.60914393,164,273924,84.0,0.0853741243481636,0.0001,68455
3262,1666,0.05,2.57115834,164,274008,84.0,0.1366984099149704,0.0001,68476
3263,1667,0.05,2.48560808,164,274092,84.0,0.6284102201461792,0.0001,68497
3264,1667,0.05,2.5047673099999996,164,274176,84.0,3.140737771987915,0.0001,68518
3265,1668,0.05,2.47922725,164,274260,84.0,2.9265553951263428,0.0001,68539
3266,1668,0.05,2.23286141,164,274344,84.0,0.1204802542924881,0.0001,68560
3267,1669,0.05,2.19579445,164,274428,84.0,0.1331423670053482,0.0001,68581
3268,1669,0.05,2.12116705,164,274512,84.0,0.20900489389896393,0.0001,68602
3269,1670,0.05,2.118505140000001,164,274596,84.0,0.11238759756088257,0.0001,68623
3270,1670,0.05,1.97800118,164,274680,84.0,3.0443806648254395,0.0001,68644
3271,1671,0.05,1.8809685200000004,164,274764,84.0,0.12707549333572388,0.0001,68665
3272,1671,0.05,1.83708663,164,274848,84.0,0.07323090732097626,0.0001,68686
3273,1672,0.05,1.65543166,164,274932,84.0,2.8743743896484375,0.0001,68707
3274,1672,0.05,1.59149146,164,275016,84.0,3.2572410106658936,0.0001,68728
3275,1673,0.05,1.73072866,164,275100,84.0,0.10682125389575958,0.0001,68749
3276,1673,0.05,1.6906956799999997,164,275184,84.0,0.14033274352550507,0.0001,68770
3277,1674,0.05,1.6161714699999998,164,275268,84.0,3.6876444816589355,0.0001,68791
3278,1674,0.05,1.4920390799999999,164,275352,84.0,3.5228264331817627,0.0001,68812
3279,1675,0.05,1.41662137,164,275436,84.0,0.20105287432670593,0.0001,68833
3280,1675,0.05,1.3899070300000003,164,275520,84.0,0.26181548833847046,0.0001,68854
3281,1676,0.05,1.3940821900000007,164,275604,84.0,0.27619609236717224,0.0001,68875
3282,1676,0.05,1.4390613900000002,164,275688,84.0,3.388334035873413,0.0001,68896
3283,1677,0.05,1.40425443,164,275772,84.0,0.39735567569732666,0.0001,68917
3284,1677,0.05,1.4338799699999998,164,275856,84.0,0.21109020709991455,0.0001,68938
3285,1678,0.05,1.49124827,164,275940,84.0,0.12124884128570557,0.0001,68959
3286,1678,0.05,1.44425047,164,276024,84.0,2.969985246658325,0.0001,68980
3287,1679,0.05,1.48534176,164,276108,84.0,0.2246171534061432,0.0001,69001
3288,1680,0.05,1.3464688200000003,164,276192,84.0,0.19345584511756897,0.0001,69022
3289,1680,0.05,1.4210715699999996,164,276276,84.0,3.076533317565918,0.0001,69043
3290,1681,0.05,1.4690992399999996,164,276360,84.0,0.10297387093305588,0.0001,69064
3291,1681,0.05,1.4297168399999995,164,276444,84.0,0.18163719773292542,0.0001,69085
3292,1682,0.05,1.6194580599999997,164,276528,84.0,3.3688931465148926,0.0001,69106
3293,1682,0.05,1.5189554699999996,164,276612,84.0,3.231210470199585,0.0001,69127
3294,1683,0.05,1.4774816000000002,164,276696,84.0,2.958028554916382,0.0001,69148
3295,1683,0.05,1.5234358000000001,164,276780,84.0,0.3181288242340088,0.0001,69169
3296,1684,0.05,1.53693775,164,276864,84.0,3.2044928073883057,0.0001,69190
3297,1684,0.05,1.3561446100000003,164,276948,84.0,0.34941354393959045,0.0001,69211
3298,1685,0.05,1.3856647600000005,164,277032,84.0,3.0005035400390625,0.0001,69232
3299,1685,0.05,1.4229464100000004,164,277116,84.0,3.184828042984009,0.0001,69253
3300,1686,0.05,1.4421698500000004,164,277200,84.0,0.14419402182102203,0.0001,69274
3301,1686,0.05,1.4198188500000004,164,277284,84.0,6.476910591125488,0.0001,69295
3302,1687,0.05,1.5469242800000003,164,277368,84.0,0.07159996777772903,0.0001,69316
3303,1687,0.05,1.6120282200000002,164,277452,84.0,0.16704194247722626,0.0001,69337
3304,1688,0.05,1.5195696900000002,164,277536,84.0,3.1271069049835205,0.0001,69358
3305,1689,0.05,1.5100825400000002,164,277620,84.0,3.656419515609741,0.0001,69379
3306,1689,0.05,1.5511385700000002,164,277704,84.0,3.007539987564087,0.0001,69400
3307,1690,0.05,1.5658938500000001,164,277788,84.0,0.10926898568868637,0.0001,69421
3308,1690,0.05,1.6315028599999999,164,277872,84.0,0.14642250537872314,0.0001,69442
3309,1691,0.05,1.62531845,164,277956,84.0,2.94468355178833,0.0001,69463
3310,1691,0.05,1.5957667099999997,164,278040,84.0,6.027848243713379,0.0001,69484
3311,1692,0.05,1.5548840899999998,164,278124,84.0,0.09536655247211456,0.0001,69505
3312,1692,0.05,1.5189456199999998,164,278208,84.0,0.24879755079746246,0.0001,69526
3313,1693,0.05,1.4571655199999998,164,278292,84.0,0.3171079158782959,0.0001,69547
3314,1693,0.05,1.3210424299999999,164,278376,84.0,0.16456758975982666,0.0001,69568
3315,1694,0.05,1.36135468,164,278460,84.0,3.4257893562316895,0.0001,69589
3316,1694,0.05,1.3418600900000002,164,278544,84.0,0.2303002029657364,0.0001,69610
3317,1695,0.05,1.3249163800000003,164,278628,84.0,0.10927434265613556,0.0001,69631
3318,1695,0.05,1.3262368100000002,164,278712,84.0,6.669836044311523,0.0001,69652
3319,1696,0.05,1.20870863,164,278796,84.0,2.900970935821533,0.0001,69673
3320,1696,0.05,1.3209255700000002,164,278880,84.0,0.19442786276340485,0.0001,69694
3321,1697,0.05,1.3205478900000003,164,278964,84.0,0.25619062781333923,0.0001,69715
3322,1697,0.05,1.2832995800000004,164,279048,84.0,0.11218555271625519,0.0001,69736
3323,1698,0.05,1.2118764300000002,164,279132,84.0,3.2023508548736572,0.0001,69757
3324,1699,0.05,1.05029557,164,279216,84.0,0.14801043272018433,0.0001,69778
3325,1699,0.05,1.0334426500000005,164,279300,84.0,0.21830689907073975,0.0001,69799
3326,1700,0.05,0.88445784,164,279384,84.0,3.0868475437164307,0.0001,69820
3327,1700,0.05,0.8887784600000004,164,279468,84.0,0.09906254708766937,0.0001,69841
3328,1701,0.05,0.9402112100000002,164,279552,84.0,2.9710161685943604,0.0001,69862
3329,1701,0.05,0.9818798700000003,164,279636,84.0,0.12924790382385254,0.0001,69883
3330,1702,0.05,0.9596733100000001,164,279720,84.0,0.15962563455104828,0.0001,69904
3331,1702,0.05,1.0396882600000004,164,279804,84.0,0.08249655365943909,0.0001,69925
3332,1703,0.05,1.1393415200000003,164,279888,84.0,0.19255076348781586,0.0001,69946
3333,1703,0.05,1.1418451500000002,164,279972,84.0,0.32360130548477173,0.0001,69967
3334,1704,0.05,1.28003467,164,280056,84.0,0.18494808673858643,0.0001,69988
3335,1704,0.05,1.3226602900000004,164,280140,84.0,3.19118595123291,0.0001,70009
3336,1705,0.05,1.3443449800000002,164,280224,84.0,0.148004412651062,0.0001,70030
3337,1706,0.05,1.30364181,164,280308,84.0,3.5404531955718994,0.0001,70051
3338,1706,0.05,1.2716785899999998,164,280392,84.0,0.11005277931690216,0.0001,70072
3339,1707,0.05,1.27700039,164,280476,84.0,3.595886468887329,0.0001,70093
3340,1708,0.05,1.2383528599999998,164,280560,84.0,0.15321014821529388,0.0001,70114
3341,1708,0.05,1.28590319,164,280644,84.0,0.3177793323993683,0.0001,70135
3342,1709,0.05,1.3197807599999998,164,280728,84.0,0.0718957781791687,0.0001,70156
3343,1709,0.05,1.1835746599999997,164,280812,84.0,6.367978096008301,0.0001,70177
3344,1710,0.05,1.2364851,164,280896,84.0,0.12486971169710159,0.0001,70198
3345,1710,0.05,1.10696283,164,280980,84.0,0.07039470970630646,0.0001,70219
3346,1711,0.05,1.20378353,164,281064,84.0,0.14985138177871704,0.0001,70240
3347,1711,0.05,1.1947850000000002,164,281148,84.0,6.241305351257324,0.0001,70261
3348,1712,0.05,1.25707505,164,281232,84.0,6.5322136878967285,0.0001,70282
3349,1712,0.05,1.3713709500000002,164,281316,84.0,0.0801621824502945,0.0001,70303
3350,1713,0.05,1.3998822300000002,164,281400,84.0,0.2017633318901062,0.0001,70324
3351,1714,0.05,1.38653783,164,281484,84.0,0.10762250423431396,0.0001,70345
3352,1714,0.05,1.44718649,164,281568,84.0,3.449028968811035,0.0001,70366
3353,1715,0.05,1.4079960299999998,164,281652,84.0,0.18967118859291077,0.0001,70387
3354,1715,0.05,1.4119008200000003,164,281736,84.0,2.934832811355591,0.0001,70408
3355,1716,0.05,1.5559423700000001,164,281820,84.0,0.19433066248893738,0.0001,70429
3356,1716,0.05,1.41713358,164,281904,84.0,6.358667850494385,0.0001,70450
3357,1717,0.05,1.33247351,164,281988,84.0,0.1798354983329773,0.0001,70471
3358,1717,0.05,1.2845606500000002,164,282072,84.0,3.248964309692383,0.0001,70492
3359,1718,0.05,1.2565864500000001,164,282156,84.0,3.2115285396575928,0.0001,70513
3360,1718,0.05,1.06292819,164,282240,84.0,0.2912713587284088,0.0001,70534
3361,1719,0.05,1.0130265500000002,164,282324,84.0,3.3763082027435303,0.0001,70555
3362,1719,0.05,1.1813409300000002,164,282408,84.0,0.051219094544649124,0.0001,70576
3363,1720,0.05,1.1864085700000002,164,282492,84.0,2.8774380683898926,0.0001,70597
3364,1720,0.05,1.2808057400000001,164,282576,84.0,3.1999804973602295,0.0001,70618
3365,1721,0.05,1.3445041300000002,164,282660,84.0,0.07343263924121857,0.0001,70639
3366,1722,0.05,1.3926929700000001,164,282744,84.0,3.0480964183807373,0.0001,70660
3367,1722,0.05,1.3800345800000002,164,282828,84.0,3.4830503463745117,0.0001,70681
3368,1723,0.05,1.4411141700000005,164,282912,84.0,0.318170964717865,0.0001,70702
3369,1723,0.05,1.4542045700000006,164,282996,84.0,0.080856554210186,0.0001,70723
3370,1724,0.05,1.57497473,164,283080,84.0,0.2153863161802292,0.0001,70744
3371,1724,0.05,1.56690902,164,283164,84.0,6.32210111618042,0.0001,70765
3372,1725,0.05,1.6438525099999999,164,283248,84.0,0.07234124094247818,0.0001,70786
3373,1725,0.05,1.85366426,164,283332,84.0,0.045068658888339996,0.0001,70807
3374,1726,0.05,1.81990361,164,283416,84.0,0.2175268828868866,0.0001,70828
3375,1726,0.05,1.68651142,164,283500,84.0,6.4206671714782715,0.0001,70849
3376,1727,0.05,1.7497640499999998,164,283584,84.0,0.2756057679653168,0.0001,70870
3377,1727,0.05,1.75421176,164,283668,84.0,3.2214651107788086,0.0001,70891
3378,1728,0.05,1.92048664,164,283752,84.0,0.24716825783252716,0.0001,70912
3379,1729,0.05,1.98748155,164,283836,84.0,0.19461175799369812,0.0001,70933
3380,1729,0.05,1.96429905,164,283920,84.0,3.423201322555542,0.0001,70954
3381,1730,0.05,1.9758082499999998,164,284004,84.0,0.13865327835083008,0.0001,70975
3382,1730,0.05,1.9794972199999996,164,284088,84.0,3.4641003608703613,0.0001,70996
3383,1731,0.05,1.9530882499999995,164,284172,84.0,0.2261601984500885,0.0001,71017
3384,1731,0.05,1.9217639699999998,164,284256,84.0,0.13116329908370972,0.0001,71038
3385,1732,0.05,1.8929542899999998,164,284340,84.0,0.16660495102405548,0.0001,71059
3386,1732,0.05,1.97931906,164,284424,84.0,0.28314220905303955,0.0001,71080
3387,1733,0.05,1.9382211999999999,164,284508,84.0,0.2789413034915924,0.0001,71101
3388,1733,0.05,2.05651803,164,284592,84.0,0.0948433056473732,0.0001,71122
3389,1734,0.05,1.8530592299999997,164,284676,84.0,0.22552897036075592,0.0001,71143
3390,1734,0.05,1.9216148899999999,164,284760,84.0,3.5286736488342285,0.0001,71164
3391,1735,0.05,2.09176017,164,284844,84.0,3.3807482719421387,0.0001,71185
3392,1735,0.05,1.9991082400000002,164,284928,84.0,3.528606653213501,0.0001,71206
3393,1736,0.05,2.11404689,164,285012,84.0,0.28882718086242676,0.0001,71227
3394,1736,0.05,2.0317744400000004,164,285096,84.0,0.2739543914794922,0.0001,71248
3395,1737,0.05,2.0375091700000003,164,285180,84.0,0.1816623955965042,0.0001,71269
3396,1737,0.05,2.2315490500000004,164,285264,84.0,0.1894923746585846,0.0001,71290
3397,1738,0.05,2.2298461800000005,164,285348,84.0,0.07742046564817429,0.0001,71311
3398,1738,0.05,2.17068516,164,285432,84.0,0.1043672263622284,0.0001,71332
3399,1739,0.05,2.2089845899999996,164,285516,84.0,0.16974148154258728,0.0001,71353
3400,1740,0.05,2.1444335999999997,164,285600,84.0,0.13863763213157654,0.0001,71374
3401,1740,0.05,2.05116742,164,285684,84.0,3.1660783290863037,0.0001,71395
3402,1741,0.05,2.10389054,164,285768,84.0,2.945866346359253,0.0001,71416
3403,1741,0.05,1.9770950800000002,164,285852,84.0,0.2717531621456146,0.0001,71437
3404,1742,0.05,2.10024683,164,285936,84.0,0.16113592684268951,0.0001,71458
3405,1742,0.05,2.13469803,164,286020,84.0,6.532060146331787,0.0001,71479
3406,1743,0.05,2.0724303,164,286104,84.0,0.13867473602294922,0.0001,71500
3407,1743,0.05,2.0803185,164,286188,84.0,0.297654390335083,0.0001,71521
3408,1744,0.05,2.05236291,164,286272,84.0,0.187333881855011,0.0001,71542
3409,1744,0.05,2.00362383,164,286356,84.0,3.2023894786834717,0.0001,71563
3410,1745,0.05,1.9582763399999998,164,286440,84.0,3.4441874027252197,0.0001,71584
3411,1745,0.05,2.05364575,164,286524,84.0,3.0324761867523193,0.0001,71605
3412,1746,0.05,2.00283161,164,286608,84.0,0.173549085855484,0.0001,71626
3413,1746,0.05,2.0413933099999997,164,286692,84.0,0.1718735545873642,0.0001,71647
3414,1747,0.05,2.21547814,164,286776,84.0,3.3870911598205566,0.0001,71668
3415,1747,0.05,2.2678980300000005,164,286860,84.0,0.40960726141929626,0.0001,71689
3416,1748,0.05,2.25956097,164,286944,84.0,0.27163317799568176,0.0001,71710
3417,1748,0.05,2.27364595,164,287028,84.0,0.12219115346670151,0.0001,71731
3418,1749,0.05,2.30791547,164,287112,84.0,0.13319458067417145,0.0001,71752
3419,1749,0.05,2.3909005100000003,164,287196,84.0,0.3371466100215912,0.0001,71773
3420,1750,0.05,2.1618982300000003,164,287280,84.0,0.16090497374534607,0.0001,71794
3421,1750,0.05,2.207926,164,287364,84.0,0.37679481506347656,0.0001,71815
3422,1751,0.05,2.1959959,164,287448,84.0,3.1422367095947266,0.0001,71836
3423,1752,0.05,2.20708163,164,287532,84.0,2.9222116470336914,0.0001,71857
3424,1752,0.05,2.28402723,164,287616,84.0,0.09167790412902832,0.0001,71878
3425,1753,0.05,2.3667049500000004,164,287700,84.0,0.06160072237253189,0.0001,71899
3426,1753,0.05,2.3471634900000002,164,287784,84.0,0.2990037202835083,0.0001,71920
3427,1754,0.05,2.42671649,164,287868,84.0,0.1764766275882721,0.0001,71941
3428,1754,0.05,2.4094667999999997,164,287952,84.0,0.12337499856948853,0.0001,71962
3429,1755,0.05,2.3852307699999997,164,288036,84.0,0.0983152985572815,0.0001,71983
3430,1756,0.05,2.48574528,164,288120,84.0,0.11205554008483887,0.0001,72004
3431,1756,0.05,2.48784371,164,288204,84.0,3.710401773452759,0.0001,72025
3432,1757,0.05,2.5714297000000004,164,288288,84.0,0.15233731269836426,0.0001,72046
3433,1757,0.05,2.4951285000000003,164,288372,84.0,0.1352727711200714,0.0001,72067
3434,1758,0.05,2.4145842899999996,164,288456,84.0,0.10253079235553741,0.0001,72088
3435,1758,0.05,2.3184757799999995,164,288540,84.0,0.19683438539505005,0.0001,72109
3436,1759,0.05,2.48020461,164,288624,84.0,3.563596725463867,0.0001,72130
3437,1759,0.05,2.3862182400000003,164,288708,84.0,0.05349240079522133,0.0001,72151
3438,1760,0.05,2.4240043600000005,164,288792,84.0,0.5576463341712952,0.0001,72172
3439,1760,0.05,2.37201018,164,288876,84.0,3.0049591064453125,0.0001,72193
3440,1761,0.05,2.26669302,164,288960,84.0,0.06038589030504227,0.0001,72214
3441,1761,0.05,2.30721456,164,289044,84.0,6.605613708496094,0.0001,72235
3442,1762,0.05,2.27822718,164,289128,84.0,0.1999083310365677,0.0001,72256
3443,1762,0.05,2.4248023,164,289212,84.0,0.1775461882352829,0.0001,72277
3444,1763,0.05,2.40771031,164,289296,84.0,0.11679481714963913,0.0001,72298
3445,1764,0.05,2.48392132,164,289380,84.0,0.22643689811229706,0.0001,72319
3446,1764,0.05,2.45962879,164,289464,84.0,0.19523343443870544,0.0001,72340
3447,1765,0.05,2.53443568,164,289548,84.0,0.09710104763507843,0.0001,72361
3448,1765,0.05,2.46560971,164,289632,84.0,0.06097535416483879,0.0001,72382
3449,1766,0.05,2.5850778200000004,164,289716,84.0,3.1744375228881836,0.0001,72403
3450,1766,0.05,2.57438495,164,289800,84.0,0.1163117066025734,0.0001,72424
3451,1767,0.05,2.51764451,164,289884,84.0,3.282273054122925,0.0001,72445
3452,1767,0.05,2.3303635,164,289968,84.0,0.05458451062440872,0.0001,72466
3453,1768,0.05,2.3257685400000003,164,290052,84.0,0.2883840501308441,0.0001,72487
3454,1768,0.05,2.3718294799999997,164,290136,84.0,0.10674373805522919,0.0001,72508
3455,1769,0.05,2.3010469000000002,164,290220,84.0,0.07441013306379318,0.0001,72529
3456,1769,0.05,2.40661654,164,290304,84.0,2.9540791511535645,0.0001,72550
3457,1770,0.05,2.46135364,164,290388,84.0,3.341221332550049,0.0001,72571
3458,1770,0.05,2.47515157,164,290472,84.0,0.36941564083099365,0.0001,72592
3459,1771,0.05,2.53397153,164,290556,84.0,0.08034537732601166,0.0001,72613
3460,1772,0.05,2.6106210699999997,164,290640,84.0,3.500140905380249,0.0001,72634
3461,1772,0.05,2.5856719100000003,164,290724,84.0,3.3140921592712402,0.0001,72655
3462,1773,0.05,2.60807151,164,290808,84.0,0.12816978991031647,0.0001,72676
3463,1773,0.05,2.63210084,164,290892,84.0,0.16129618883132935,0.0001,72697
3464,1774,0.05,2.68228701,163,290976,84.0,0.07101358473300934,0.0001,72718
3465,1774,0.05,2.71483707,163,291060,84.0,0.12683042883872986,0.0001,72739
3466,1775,0.05,2.8400359899999987,163,291144,84.0,0.2712051570415497,0.0001,72760
3467,1775,0.05,2.8879573499999993,163,291228,84.0,0.07452812790870667,0.0001,72781
3468,1776,0.05,2.9017761099999997,163,291312,84.0,0.11506279557943344,0.0001,72802
3469,1777,0.05,2.8368050699999996,163,291396,84.0,2.99326491355896,0.0001,72823
3470,1777,0.05,2.7160886699999995,163,291480,84.0,0.1397411823272705,0.0001,72844
3471,1778,0.05,2.7508473199999997,163,291564,84.0,0.060959819704294205,0.0001,72865
3472,1778,0.05,2.82552675,163,291648,84.0,6.084136962890625,0.0001,72886
3473,1779,0.05,2.7515952899999996,163,291732,84.0,6.3679656982421875,0.0001,72907
3474,1779,0.05,2.79676692,163,291816,84.0,9.264492988586426,0.0001,72928
3475,1780,0.05,2.8981884099999995,163,291900,84.0,0.133425772190094,0.0001,72949
3476,1780,0.05,2.89529106,163,291984,84.0,0.25910550355911255,0.0001,72970
3477,1781,0.05,2.9522052199999997,163,292068,84.0,3.3042609691619873,0.0001,72991
3478,1782,0.05,2.9159291799999996,163,292152,84.0,0.18170243501663208,0.0001,73012
3479,1782,0.05,2.80155873,163,292236,84.0,0.18440599739551544,0.0001,73033
3480,1783,0.05,2.883360470000001,163,292320,84.0,0.25120288133621216,0.0001,73054
3481,1783,0.05,2.9291150900000003,163,292404,84.0,0.11226090043783188,0.0001,73075
3482,1784,0.05,2.8899850800000007,163,292488,84.0,3.2863876819610596,0.0001,73096
3483,1784,0.05,2.9131406,163,292572,84.0,0.21037068963050842,0.0001,73117
3484,1785,0.05,2.90610767,163,292656,84.0,3.2559642791748047,0.0001,73138
3485,1786,0.05,2.8990696200000006,163,292740,84.0,0.2315545380115509,0.0001,73159
3486,1786,0.05,2.8450827000000003,163,292824,84.0,0.15918570756912231,0.0001,73180
3487,1787,0.05,2.83687783,163,292908,84.0,3.3918635845184326,0.0001,73201
3488,1787,0.05,2.8033398199999997,163,292992,84.0,0.431191623210907,0.0001,73222
3489,1788,0.05,2.9225274800000007,163,293076,84.0,0.0734853744506836,0.0001,73243
3490,1788,0.05,2.90860157,163,293160,84.0,0.10651357471942902,0.0001,73264
3491,1789,0.05,2.9219764099999996,163,293244,84.0,0.12151230871677399,0.0001,73285
3492,1789,0.05,2.9627435900000005,163,293328,84.0,3.5907678604125977,0.0001,73306
3493,1790,0.05,2.9672827900000005,163,293412,84.0,3.66257905960083,0.0001,73327
3494,1790,0.05,3.0098976000000004,163,293496,84.0,0.18026621639728546,0.0001,73348
3495,1791,0.05,2.9163375300000003,163,293580,84.0,0.4148516058921814,0.0001,73369
3496,1791,0.05,2.75800124,163,293664,84.0,0.11279813945293427,0.0001,73390
3497,1792,0.05,2.84303815,163,293748,84.0,0.23733186721801758,0.0001,73411
3498,1792,0.05,2.9190912099999995,163,293832,84.0,5.706552505493164,0.0001,73432
3499,1793,0.05,2.8030454099999997,163,293916,84.0,0.07166136801242828,0.0001,73453
3500,1793,0.05,2.7660103499999997,163,294000,84.0,3.231004476547241,0.0001,73474
3501,1794,0.05,2.90887649,163,294084,84.0,3.1328556537628174,0.0001,73495
3502,1794,0.05,2.7553919700000007,163,294168,84.0,2.9642350673675537,0.0001,73516
3503,1795,0.05,2.8048598300000003,163,294252,84.0,0.17241255939006805,0.0001,73537
3504,1796,0.05,2.8249441500000008,163,294336,84.0,0.1925072968006134,0.0001,73558
3505,1796,0.05,2.802584680000001,163,294420,84.0,3.2518601417541504,0.0001,73579
3506,1797,0.05,2.777247510000001,163,294504,84.0,3.053732395172119,0.0001,73600
3507,1797,0.05,2.7532097300000005,163,294588,84.0,0.20329055190086365,0.0001,73621
3508,1798,0.05,2.7513641600000005,163,294672,84.0,0.1161140501499176,0.0001,73642
3509,1798,0.05,2.79948502,163,294756,84.0,0.1885617971420288,0.0001,73663
3510,1799,0.05,2.7845387100000005,163,294840,84.0,0.13306474685668945,0.0001,73684
3511,1799,0.05,2.7704598900000006,163,294924,84.0,0.13751675188541412,0.0001,73705
3512,1800,0.05,2.790136600000001,163,295008,84.0,0.06540238112211227,0.0001,73726
3513,1800,0.05,2.7554683300000007,163,295092,84.0,0.19409839808940887,0.0001,73747
3514,1801,0.05,2.7088975000000004,163,295176,84.0,3.399700403213501,0.0001,73768
3515,1801,0.05,2.7040574,163,295260,84.0,3.146472454071045,0.0001,73789
3516,1802,0.05,2.7087072399999994,163,295344,84.0,0.044852759689092636,0.0001,73810
3517,1802,0.05,2.650659079999999,163,295428,84.0,2.9642131328582764,0.0001,73831
3518,1803,0.05,2.5578194999999995,163,295512,84.0,0.2792835235595703,0.0001,73852
3519,1803,0.05,2.5826253400000003,163,295596,84.0,3.111420154571533,0.0001,73873
3520,1804,0.05,2.7197491999999994,163,295680,84.0,3.0627939701080322,0.0001,73894
3521,1804,0.05,2.5952171199999996,163,295764,84.0,0.19194304943084717,0.0001,73915
3522,1805,0.05,2.6575838199999997,163,295848,84.0,0.12715743482112885,0.0001,73936
3523,1805,0.05,2.5958907800000004,163,295932,84.0,0.09323565661907196,0.0001,73957
3524,1806,0.05,2.66456459,163,296016,84.0,3.3944151401519775,0.0001,73978
3525,1807,0.05,2.6284309800000005,163,296100,84.0,0.1578052043914795,0.0001,73999
3526,1807,0.05,2.8829623300000002,163,296184,84.0,0.10821089893579483,0.0001,74020
3527,1808,0.05,2.7527274300000006,163,296268,84.0,3.1483356952667236,0.0001,74041
3528,1808,0.05,2.7660222400000003,163,296352,84.0,3.524944543838501,0.0001,74062
3529,1809,0.05,2.7193985099999995,163,296436,84.0,0.06766800582408905,0.0001,74083
3530,1809,0.05,2.5767467999999996,163,296520,84.0,3.113636016845703,0.0001,74104
3531,1810,0.05,2.5598074100000003,163,296604,84.0,2.983973503112793,0.0001,74125
3532,1810,0.05,2.4887880300000003,163,296688,84.0,0.1618272066116333,0.0001,74146
3533,1811,0.05,2.5170389799999997,163,296772,84.0,0.12078902870416641,0.0001,74167
3534,1811,0.05,2.6074378099999995,163,296856,84.0,0.18338176608085632,0.0001,74188
3535,1812,0.05,2.65158757,163,296940,84.0,0.10391418635845184,0.0001,74209
3536,1812,0.05,2.4320758399999995,163,297024,84.0,0.1779095083475113,0.0001,74230
3537,1813,0.05,2.66520287,163,297108,84.0,5.731224060058594,0.0001,74251
3538,1813,0.05,2.5925507499999996,163,297192,84.0,0.1574527621269226,0.0001,74272
3539,1814,0.05,2.6435920700000004,163,297276,84.0,0.08198598027229309,0.0001,74293
3540,1815,0.05,2.8212906200000005,163,297360,84.0,3.4613115787506104,0.0001,74314
3541,1815,0.05,2.6936728300000006,163,297444,84.0,0.2240108698606491,0.0001,74335
3542,1816,0.05,2.6973395100000004,163,297528,84.0,0.25668662786483765,0.0001,74356
3543,1816,0.05,2.6729393600000004,163,297612,84.0,0.13636386394500732,0.0001,74377
3544,1817,0.05,2.7062920499999996,163,297696,84.0,0.19899311661720276,0.0001,74398
3545,1817,0.05,2.5800398299999996,163,297780,84.0,0.3417232036590576,0.0001,74419
3546,1818,0.05,2.62315223,163,297864,84.0,3.2588226795196533,0.0001,74440
3547,1818,0.05,2.60098163,163,297948,84.0,0.2178640514612198,0.0001,74461
3548,1819,0.05,2.65307729,163,298032,84.0,2.93818998336792,0.0001,74482
3549,1820,0.05,2.60593144,163,298116,84.0,6.64582633972168,0.0001,74503
3550,1820,0.05,2.6398190599999998,163,298200,84.0,0.15314233303070068,0.0001,74524
3551,1821,0.05,2.7117832899999996,163,298284,84.0,0.0471448190510273,0.0001,74545
3552,1821,0.05,2.69196406,163,298368,84.0,2.9447219371795654,0.0001,74566
3553,1822,0.05,2.6609465699999997,163,298452,84.0,5.886531829833984,0.0001,74587
3554,1822,0.05,2.4539239599999996,163,298536,84.0,0.2624346613883972,0.0001,74608
3555,1823,0.05,2.3999677999999993,163,298620,84.0,3.2790355682373047,0.0001,74629
3556,1823,0.05,2.39589977,163,298704,84.0,0.15164750814437866,0.0001,74650
3557,1824,0.05,2.30535195,163,298788,84.0,0.2727614641189575,0.0001,74671
3558,1824,0.05,2.21553487,163,298872,84.0,0.2774300277233124,0.0001,74692
3559,1825,0.05,2.14164574,163,298956,84.0,0.17464135587215424,0.0001,74713
3560,1825,0.05,2.08084332,163,299040,84.0,0.22074857354164124,0.0001,74734
3561,1826,0.05,2.14035505,163,299124,84.0,2.953300952911377,0.0001,74755
3562,1826,0.05,2.1109454300000006,163,299208,84.0,3.0074386596679688,0.0001,74776
3563,1827,0.05,2.05367595,163,299292,84.0,0.21514159440994263,0.0001,74797
3564,1828,0.05,1.9522564199999999,163,299376,84.0,0.1696905493736267,0.0001,74818
3565,1828,0.05,1.9455933099999998,163,299460,84.0,0.2053849697113037,0.0001,74839
3566,1829,0.05,1.85649903,163,299544,84.0,6.566447734832764,0.0001,74860
3567,1829,0.05,1.88412227,163,299628,84.0,0.2367517352104187,0.0001,74881
3568,1830,0.05,1.9390399600000001,163,299712,84.0,0.3245408833026886,0.0001,74902
3569,1830,0.05,1.95958086,163,299796,84.0,0.11349429190158844,0.0001,74923
3570,1831,0.05,2.0446778299999995,163,299880,84.0,0.0882008820772171,0.0001,74944
3571,1831,0.05,2.03456991,163,299964,84.0,0.13690295815467834,0.0001,74965
3572,1832,0.05,2.01119811,163,300048,84.0,0.221336230635643,0.0001,74986
3573,1832,0.05,2.02877076,163,300132,84.0,0.1363683044910431,0.0001,75007
3574,1833,0.05,2.0099246,163,300216,84.0,3.0428152084350586,0.0001,75028
3575,1833,0.05,2.0682364899999994,163,300300,84.0,3.0840234756469727,0.0001,75049
3576,1834,0.05,2.0477105399999997,163,300384,84.0,0.12390102446079254,0.0001,75070
3577,1834,0.05,1.99611776,163,300468,84.0,0.14257141947746277,0.0001,75091
3578,1835,0.05,2.06832335,163,300552,84.0,0.12404036521911621,0.0001,75112
3579,1836,0.05,2.1967419599999998,163,300636,84.0,5.876813888549805,0.0001,75133
3580,1836,0.05,2.1930969,163,300720,84.0,0.17233973741531372,0.0001,75154
3581,1837,0.05,2.19278059,163,300804,84.0,0.24789145588874817,0.0001,75175
3582,1837,0.05,2.16762732,163,300888,84.0,0.1401749700307846,0.0001,75196
3583,1838,0.05,2.2595003399999998,163,300972,84.0,3.2719016075134277,0.0001,75217
3584,1838,0.05,2.34785552,163,301056,84.0,2.9546430110931396,0.0001,75238
3585,1839,0.05,2.41133767,163,301140,84.0,3.6202027797698975,0.0001,75259
3586,1839,0.05,2.47534288,163,301224,84.0,0.22871631383895874,0.0001,75280
3587,1840,0.05,2.39279873,163,301308,84.0,0.1652003675699234,0.0001,75301
3588,1840,0.05,2.41622913,163,301392,84.0,0.23117464780807495,0.0001,75322
3589,1841,0.05,2.4796310000000004,163,301476,84.0,0.10468325018882751,0.0001,75343
3590,1841,0.05,2.4394686300000004,163,301560,84.0,0.49706220626831055,0.0001,75364
3591,1842,0.05,2.3764954,163,301644,84.0,0.09957674145698547,0.0001,75385
3592,1842,0.05,2.3279965299999996,163,301728,84.0,0.223880797624588,0.0001,75406
3593,1843,0.05,2.3758042699999997,163,301812,84.0,2.969553232192993,0.0001,75427
3594,1843,0.05,2.43483467,163,301896,84.0,0.16886204481124878,0.0001,75448
3595,1844,0.05,2.49869,163,301980,84.0,3.4018399715423584,0.0001,75469
3596,1844,0.05,2.4791377299999997,163,302064,84.0,6.484496593475342,0.0001,75490
3597,1845,0.05,2.47406947,163,302148,84.0,0.08895448595285416,0.0001,75511
3598,1846,0.05,2.40557095,163,302232,84.0,0.17902663350105286,0.0001,75532
3599,1846,0.05,2.5405083100000003,163,302316,84.0,0.3682461380958557,0.0001,75553
3600,1847,0.05,2.56228127,163,302400,84.0,0.13523763418197632,0.0001,75574
3601,1847,0.05,2.5843716,163,302484,84.0,0.3693543076515198,0.0001,75595
3602,1848,0.05,2.669435510000001,163,302568,84.0,0.13370662927627563,0.0001,75616
3603,1848,0.05,2.67083971,163,302652,84.0,0.21560153365135193,0.0001,75637
3604,1849,0.05,2.5770896499999996,163,302736,84.0,0.09897599369287491,0.0001,75658
3605,1849,0.05,2.65717671,163,302820,84.0,0.26304304599761963,0.0001,75679
3606,1850,0.05,2.69149232,163,302904,84.0,0.08278894424438477,0.0001,75700
3607,1850,0.05,2.7266800400000006,163,302988,84.0,0.21179203689098358,0.0001,75721
3608,1851,0.05,2.7070373300000004,163,303072,84.0,2.9584767818450928,0.0001,75742
3609,1852,0.05,2.6098722599999995,163,303156,84.0,3.4563376903533936,0.0001,75763
3610,1852,0.05,2.6937003999999996,163,303240,84.0,0.061073243618011475,0.0001,75784
3611,1853,0.05,2.7818809699999996,163,303324,84.0,0.23431432247161865,0.0001,75805
3612,1853,0.05,2.82602244,163,303408,84.0,0.11807426065206528,0.0001,75826
3613,1854,0.05,2.8394753500000003,163,303492,84.0,0.1623280942440033,0.0001,75847
3614,1854,0.05,2.8593799399999993,163,303576,84.0,0.3520544171333313,0.0001,75868
3615,1855,0.05,2.81068964,163,303660,84.0,0.05660345405340195,0.0001,75889
3616,1855,0.05,2.87369747,163,303744,84.0,3.0401697158813477,0.0001,75910
3617,1856,0.05,2.83040321,163,303828,84.0,0.39313143491744995,0.0001,75931
3618,1856,0.05,2.8190781799999995,163,303912,84.0,0.1634499728679657,0.0001,75952
3619,1857,0.05,2.76431016,163,303996,84.0,0.0997915118932724,0.0001,75973
3620,1857,0.05,2.799536899999999,163,304080,84.0,3.481473207473755,0.0001,75994
3621,1858,0.05,2.7804717400000003,163,304164,84.0,0.2871339023113251,0.0001,76015
3622,1858,0.05,2.7276243200000003,163,304248,84.0,3.20845365524292,0.0001,76036
3623,1859,0.05,2.81312748,163,304332,84.0,0.21888798475265503,0.0001,76057
3624,1859,0.05,2.8534988099999996,163,304416,84.0,0.1616533249616623,0.0001,76078
3625,1860,0.05,2.95333284,163,304500,84.0,0.133220374584198,0.0001,76099
3626,1860,0.05,2.7979120199999996,163,304584,84.0,0.374788761138916,0.0001,76120
3627,1861,0.05,2.93547601,163,304668,84.0,2.912942886352539,0.0001,76141
3628,1862,0.05,2.8882883099999996,163,304752,84.0,0.08521190285682678,0.0001,76162
3629,1862,0.05,2.9429354,163,304836,84.0,0.07876422256231308,0.0001,76183
3630,1863,0.05,3.01899793,163,304920,84.0,0.4108085334300995,0.0001,76204
3631,1863,0.05,2.9845096200000008,163,305004,84.0,5.903960227966309,0.0001,76225
3632,1864,0.05,3.01593787,163,305088,84.0,0.17859402298927307,0.0001,76246
3633,1864,0.05,2.9301803300000007,163,305172,84.0,0.4192742705345154,0.0001,76267
3634,1865,0.05,2.8987439600000005,163,305256,84.0,3.0077273845672607,0.0001,76288
3635,1865,0.05,2.9755383200000005,163,305340,84.0,2.909221649169922,0.0001,76309
3636,1866,0.05,2.98826052,163,305424,84.0,0.13828793168067932,0.0001,76330
3637,1866,0.05,2.8608258699999998,163,305508,84.0,6.1997575759887695,0.0001,76351
3638,1867,0.05,2.86677997,163,305592,84.0,0.34204378724098206,0.0001,76372
3639,1867,0.05,2.7771991099999997,163,305676,84.0,0.26078078150749207,0.0001,76393
3640,1868,0.05,2.6641431600000005,163,305760,84.0,0.16844016313552856,0.0001,76414
3641,1869,0.05,2.75317314,163,305844,84.0,0.2634027898311615,0.0001,76435
3642,1869,0.05,2.7739496299999997,163,305928,84.0,0.15791015326976776,0.0001,76456
3643,1870,0.05,2.6762948,163,306012,84.0,3.12056827545166,0.0001,76477
3644,1870,0.05,2.6820325899999995,163,306096,84.0,0.11460886150598526,0.0001,76498
3645,1871,0.05,2.79864843,163,306180,84.0,0.23164764046669006,0.0001,76519
3646,1871,0.05,2.6512282400000005,163,306264,84.0,0.1924002468585968,0.0001,76540
3647,1872,0.05,2.5872132399999996,163,306348,84.0,0.16816753149032593,0.0001,76561
3648,1872,0.05,2.54328845,163,306432,84.0,3.0064616203308105,0.0001,76582
3649,1873,0.05,2.53794365,163,306516,84.0,0.1487414389848709,0.0001,76603
3650,1873,0.05,2.4104960600000003,163,306600,84.0,0.17878234386444092,0.0001,76624
3651,1874,0.05,2.4165113099999997,163,306684,84.0,0.1918734610080719,0.0001,76645
3652,1874,0.05,2.59679305,163,306768,84.0,3.3495070934295654,0.0001,76666
3653,1875,0.05,2.6307061300000005,163,306852,84.0,0.24228554964065552,0.0001,76687
3654,1875,0.05,2.73743137,163,306936,84.0,3.266043186187744,0.0001,76708
3655,1876,0.05,2.79434506,163,307020,84.0,0.34581437706947327,0.0001,76729
3656,1876,0.05,2.842337979999999,163,307104,84.0,0.14821819961071014,0.0001,76750
3657,1877,0.05,2.9385167199999995,163,307188,84.0,0.10149911046028137,0.0001,76771
3658,1877,0.05,2.9542530499999993,163,307272,84.0,0.2809375822544098,0.0001,76792
3659,1878,0.05,2.9603467099999996,163,307356,84.0,0.1979808509349823,0.0001,76813
3660,1878,0.05,3.03604715,163,307440,84.0,0.26887187361717224,0.0001,76834
3661,1879,0.05,3.06232521,163,307524,84.0,0.18936316668987274,0.0001,76855
3662,1880,0.05,2.9246336900000007,163,307608,84.0,0.10871444642543793,0.0001,76876
3663,1880,0.05,2.9652495900000004,163,307692,84.0,0.08351026475429535,0.0001,76897
3664,1881,0.05,2.97499417,163,307776,84.0,3.172027349472046,0.0001,76918
3665,1881,0.05,2.9211615499999994,163,307860,84.0,0.09896799921989441,0.0001,76939
3666,1882,0.05,2.978422239999999,163,307944,84.0,2.8282206058502197,0.0001,76960
3667,1882,0.05,2.8662486299999994,163,308028,84.0,0.17248570919036865,0.0001,76981
3668,1883,0.05,2.763421299999999,163,308112,84.0,0.24210938811302185,0.0001,77002
3669,1883,0.05,2.8167627700000004,163,308196,84.0,3.1177611351013184,0.0001,77023
3670,1884,0.05,2.8341251,163,308280,84.0,0.1626739799976349,0.0001,77044
3671,1884,0.05,2.80874416,163,308364,84.0,0.21092091500759125,0.0001,77065
3672,1885,0.05,2.7824601799999993,163,308448,84.0,0.42641621828079224,0.0001,77086
3673,1885,0.05,2.78685912,163,308532,84.0,0.13536009192466736,0.0001,77107
3674,1886,0.05,2.8282686099999994,163,308616,84.0,0.13913103938102722,0.0001,77128
3675,1886,0.05,2.84828243,163,308700,84.0,0.09049873054027557,0.0001,77149
3676,1887,0.05,2.88660761,163,308784,84.0,2.863774299621582,0.0001,77170
3677,1887,0.05,2.91478291,163,308868,84.0,0.10754749923944473,0.0001,77191
3678,1888,0.05,2.7573986900000005,163,308952,84.0,0.2743823528289795,0.0001,77212
3679,1889,0.05,2.7704233,163,309036,84.0,0.3851107358932495,0.0001,77233
3680,1889,0.05,2.64688539,163,309120,84.0,0.2772224545478821,0.0001,77254
3681,1890,0.05,2.6032991400000003,163,309204,84.0,3.1119260787963867,0.0001,77275
3682,1890,0.05,2.6937702800000007,163,309288,84.0,0.2310405969619751,0.0001,77296
3683,1891,0.05,2.6909042600000004,163,309372,84.0,0.24391710758209229,0.0001,77317
3684,1891,0.05,2.65251879,163,309456,84.0,0.28367677330970764,0.0001,77338
3685,1892,0.05,2.5677216599999997,163,309540,84.0,3.075211524963379,0.0001,77359
3686,1892,0.05,2.5590522700000005,163,309624,84.0,3.308356523513794,0.0001,77380
3687,1893,0.05,2.653455800000001,163,309708,84.0,0.18825791776180267,0.0001,77401
3688,1893,0.05,2.63791241,163,309792,84.0,0.07200059294700623,0.0001,77422
3689,1894,0.05,2.6429902499999995,163,309876,84.0,0.12725472450256348,0.0001,77443
3690,1895,0.05,2.6666998500000005,163,309960,84.0,0.06605926156044006,0.0001,77464
3691,1895,0.05,2.7216070400000008,163,310044,84.0,3.434199333190918,0.0001,77485
3692,1896,0.05,2.83111037,163,310128,84.0,6.437532901763916,0.0001,77506
3693,1896,0.05,2.71452548,163,310212,84.0,3.31180477142334,0.0001,77527
3694,1897,0.05,2.65244953,163,310296,84.0,6.245145320892334,0.0001,77548
3695,1897,0.05,2.6562298600000003,163,310380,84.0,0.3184797465801239,0.0001,77569
3696,1898,0.05,2.70736976,163,310464,84.0,3.120292901992798,0.0001,77590
3697,1898,0.05,2.8062053700000003,163,310548,84.0,0.140062153339386,0.0001,77611
3698,1899,0.05,2.83150042,163,310632,84.0,2.8938353061676025,0.0001,77632
3699,1899,0.05,2.7859216399999998,163,310716,84.0,3.8108527660369873,0.0001,77653
3700,1900,0.05,2.858496739999999,163,310800,84.0,0.2752654552459717,0.0001,77674
3701,1900,0.05,3.01810593,163,310884,84.0,3.1879351139068604,0.0001,77695
3702,1901,0.05,3.0425615500000003,163,310968,84.0,3.037717342376709,0.0001,77716
3703,1901,0.05,3.06934281,163,311052,84.0,0.18317383527755737,0.0001,77737
3704,1902,0.05,3.08855609,163,311136,84.0,0.0989309549331665,0.0001,77758
3705,1902,0.05,2.9180713600000003,163,311220,84.0,5.866446018218994,0.0001,77779
3706,1903,0.05,2.9342702899999993,163,311304,84.0,0.14790314435958862,0.0001,77800
3707,1903,0.05,2.9067223799999997,163,311388,84.0,3.0643868446350098,0.0001,77821
3708,1904,0.05,2.9404816599999997,163,311472,84.0,0.12551027536392212,0.0001,77842
3709,1904,0.05,2.97358476,163,311556,84.0,2.8655247688293457,0.0001,77863
3710,1905,0.05,2.97450685,163,311640,84.0,5.8457183837890625,0.0001,77884
3711,1906,0.05,2.89361514,163,311724,84.0,0.1318759322166443,0.0001,77905
3712,1906,0.05,2.9706102500000005,163,311808,84.0,5.816205024719238,0.0001,77926
3713,1907,0.05,3.0220803899999997,163,311892,84.0,0.1431429386138916,0.0001,77947
3714,1907,0.05,2.99131421,163,311976,84.0,0.0721283107995987,0.0001,77968
3715,1908,0.05,2.97761551,163,312060,84.0,0.39099252223968506,0.0001,77989
3716,1908,0.05,2.8955828499999994,163,312144,84.0,0.2507152259349823,0.0001,78010
3717,1909,0.05,2.9414280700000006,163,312228,84.0,0.3664790391921997,0.0001,78031
3718,1909,0.05,3.0569324300000007,163,312312,84.0,0.20387312769889832,0.0001,78052
3719,1910,0.05,3.11622882,163,312396,84.0,0.2784377932548523,0.0001,78073
3720,1910,0.05,3.00356255,163,312480,84.0,0.17614330351352692,0.0001,78094
3721,1911,0.05,2.98976107,163,312564,84.0,0.18778282403945923,0.0001,78115
3722,1911,0.05,2.8726212399999995,163,312648,84.0,0.12029784172773361,0.0001,78136
3723,1912,0.05,2.8704148800000002,163,312732,84.0,0.15373533964157104,0.0001,78157
3724,1912,0.05,2.8063880799999996,163,312816,84.0,3.066594123840332,0.0001,78178
3725,1913,0.05,2.7509026,163,312900,84.0,3.4767661094665527,0.0001,78199
3726,1913,0.05,2.79083373,163,312984,84.0,0.21496044099330902,0.0001,78220
3727,1914,0.05,2.7597533199999997,163,313068,84.0,5.747677803039551,0.0001,78241
3728,1914,0.05,2.7462204900000002,163,313152,84.0,0.08697918057441711,0.0001,78262
3729,1915,0.05,2.7549368600000004,163,313236,84.0,2.966870069503784,0.0001,78283
3730,1916,0.05,2.78484548,163,313320,84.0,3.371317148208618,0.0001,78304
3731,1916,0.05,2.7301655900000004,163,313404,84.0,0.32496094703674316,0.0001,78325
3732,1917,0.05,2.671802,163,313488,84.0,0.09910229593515396,0.0001,78346
3733,1917,0.05,2.75732174,163,313572,84.0,0.1402742862701416,0.0001,78367
3734,1918,0.05,2.675300869999999,163,313656,84.0,0.16815920174121857,0.0001,78388
3735,1918,0.05,2.6075220999999997,163,313740,84.0,0.1795257329940796,0.0001,78409
3736,1919,0.05,2.59012294,163,313824,84.0,3.0207736492156982,0.0001,78430
3737,1919,0.05,2.46595557,163,313908,84.0,3.104743003845215,0.0001,78451
3738,1919,0.05,2.5064079000000006,163,313992,84.0,2.8317344188690186,0.0001,78472
3739,1920,0.05,2.572931410000001,163,314076,84.0,6.057583808898926,0.0001,78493
3740,1921,0.05,2.6443797900000003,163,314160,84.0,0.1933756172657013,0.0001,78514
3741,1921,0.05,2.5383442700000005,163,314244,84.0,0.1497563123703003,0.0001,78535
3742,1922,0.05,2.54552359,163,314328,84.0,0.20338957011699677,0.0001,78556
3743,1922,0.05,2.6550038300000005,163,314412,84.0,0.10668674856424332,0.0001,78577
3744,1923,0.05,2.59733887,163,314496,84.0,3.6196138858795166,0.0001,78598
3745,1923,0.05,2.5634260199999996,163,314580,84.0,0.131439208984375,0.0001,78619
3746,1924,0.05,2.6881404399999997,163,314664,84.0,3.3242387771606445,0.0001,78640
3747,1924,0.05,2.6886350899999996,163,314748,84.0,2.9369311332702637,0.0001,78661
3748,1925,0.05,2.724620980000001,163,314832,84.0,0.14391806721687317,0.0001,78682
3749,1925,0.05,2.6270645100000003,163,314916,84.0,5.747333526611328,0.0001,78703
3750,1926,0.05,2.7422570200000003,163,315000,84.0,0.04570093750953674,0.0001,78724
3751,1927,0.05,2.7311316199999998,163,315084,84.0,3.0281569957733154,0.0001,78745
3752,1927,0.05,2.7179288399999995,163,315168,84.0,3.264324426651001,0.0001,78766
3753,1928,0.05,2.765161289999999,163,315252,84.0,0.07726897299289703,0.0001,78787
3754,1928,0.05,2.7869085199999994,163,315336,84.0,0.16995151340961456,0.0001,78808
3755,1928,0.05,2.8398879199999993,163,315420,84.0,0.08498182892799377,0.0001,78829
3756,1929,0.05,2.74490697,163,315504,84.0,0.29159775376319885,0.0001,78850
3757,1930,0.05,2.7271064199999997,163,315588,84.0,0.06344721466302872,0.0001,78871
3758,1930,0.05,2.79839564,163,315672,84.0,3.5537772178649902,0.0001,78892
3759,1931,0.05,2.89241992,163,315756,84.0,0.2073916792869568,0.0001,78913
3760,1931,0.05,2.89405219,163,315840,84.0,6.796178340911865,0.0001,78934
3761,1932,0.05,2.873812090000001,163,315924,84.0,3.221210241317749,0.0001,78955
3762,1932,0.05,3.0518118800000007,163,316008,84.0,0.47711455821990967,0.0001,78976
3763,1933,0.05,3.1070553500000013,163,316092,84.0,0.13087844848632812,0.0001,78997
3764,1933,0.05,3.178633490000001,163,316176,84.0,0.289287805557251,0.0001,79018
3765,1934,0.05,3.254105100000001,163,316260,84.0,3.230797529220581,0.0001,79039
3766,1934,0.05,3.2122704900000003,163,316344,84.0,0.04191213846206665,0.0001,79060
3767,1935,0.05,3.29422591,163,316428,84.0,2.8468573093414307,0.0001,79081
3768,1936,0.05,3.33242175,163,316512,84.0,3.1474337577819824,0.0001,79102
3769,1936,0.05,3.3148896299999997,163,316596,84.0,0.2037118673324585,0.0001,79123
3770,1937,0.05,3.31211528,163,316680,84.0,3.0802080631256104,0.0001,79144
3771,1937,0.05,3.3772264099999996,163,316764,84.0,0.09056411683559418,0.0001,79165
3772,1937,0.05,3.3658078199999992,163,316848,84.0,0.1227574422955513,0.0001,79186
3773,1938,0.05,3.4417295099999996,163,316932,84.0,0.13324062526226044,0.0001,79207
3774,1938,0.05,3.3634544399999995,163,317016,84.0,0.09209549427032471,0.0001,79228
3775,1939,0.05,3.2413088000000005,163,317100,84.0,0.09589041024446487,0.0001,79249
3776,1939,0.05,3.311895640000001,163,317184,84.0,0.2573615610599518,0.0001,79270
3777,1940,0.05,3.31410259,163,317268,84.0,3.164261817932129,0.0001,79291
3778,1940,0.05,3.36535436,163,317352,84.0,3.5467631816864014,0.0001,79312
3779,1941,0.05,3.3699075499999998,163,317436,84.0,0.31328728795051575,0.0001,79333
3780,1941,0.05,3.39305822,163,317520,84.0,3.0751991271972656,0.0001,79354
3781,1942,0.05,3.3843064399999996,163,317604,84.0,0.12533210217952728,0.0001,79375
3782,1942,0.05,3.2839261299999998,163,317688,84.0,0.06826680153608322,0.0001,79396
3783,1943,0.05,3.26674242,163,317772,84.0,3.116424083709717,0.0001,79417
3784,1944,0.05,3.2491209299999997,163,317856,84.0,3.3968515396118164,0.0001,79438
3785,1944,0.05,3.2568913000000004,163,317940,84.0,0.17421050369739532,0.0001,79459
3786,1945,0.05,3.1763112000000007,163,318024,84.0,0.16865801811218262,0.0001,79480
3787,1945,0.05,3.16647983,163,318108,84.0,0.3362809717655182,0.0001,79501
3788,1946,0.05,3.1854796700000003,163,318192,84.0,2.9543514251708984,0.0001,79522
3789,1946,0.05,3.166919140000001,163,318276,84.0,3.288736343383789,0.0001,79543
3790,1947,0.05,3.1749972600000005,163,318360,84.0,0.1883113533258438,0.0001,79564
3791,1947,0.05,3.16806753,163,318444,84.0,3.3704349994659424,0.0001,79585
3792,1948,0.05,3.1156256200000008,163,318528,84.0,0.17982354760169983,0.0001,79606
3793,1948,0.05,3.1844287500000004,163,318612,84.0,5.738302230834961,0.0001,79627
3794,1949,0.05,3.30118247,163,318696,84.0,5.961350440979004,0.0001,79648
3795,1949,0.05,3.2425816,163,318780,84.0,0.19568026065826416,0.0001,79669
3796,1950,0.05,3.27380744,163,318864,84.0,0.08224013447761536,0.0001,79690
3797,1950,0.05,3.26248531,163,318948,84.0,3.0067617893218994,0.0001,79711
3798,1951,0.05,3.22738268,163,319032,84.0,0.09728702902793884,0.0001,79732
3799,1951,0.05,3.10990488,163,319116,84.0,3.05961537361145,0.0001,79753
3800,1952,0.05,3.08189897,163,319200,84.0,0.12156394869089127,0.0001,79774
3801,1952,0.05,2.80542083,163,319284,84.0,0.1112644299864769,0.0001,79795
3802,1953,0.05,2.8694950800000005,163,319368,84.0,0.08678397536277771,0.0001,79816
3803,1953,0.05,2.79999594,163,319452,84.0,0.120308518409729,0.0001,79837
3804,1954,0.05,2.8205138499999998,163,319536,84.0,0.07992072403430939,0.0001,79858
3805,1955,0.05,2.9189466600000005,163,319620,84.0,0.22325584292411804,0.0001,79879
3806,1955,0.05,2.874088680000001,163,319704,84.0,0.12544196844100952,0.0001,79900
3807,1956,0.05,2.9009717500000005,163,319788,84.0,3.255469560623169,0.0001,79921
3808,1956,0.05,2.70610512,163,319872,84.0,0.145599365234375,0.0001,79942
3809,1957,0.05,2.7393780000000003,163,319956,84.0,0.32236728072166443,0.0001,79963
3810,1957,0.05,2.66045007,163,320040,84.0,0.1500386893749237,0.0001,79984
3811,1958,0.05,2.63490561,163,320124,84.0,3.512821674346924,0.0001,80005
3812,1958,0.05,2.63953777,163,320208,84.0,2.8859076499938965,0.0001,80026
3813,1959,0.05,2.6185261100000004,163,320292,84.0,5.996609210968018,0.0001,80047
3814,1959,0.05,2.6580227299999994,163,320376,84.0,0.353759765625,0.0001,80068
3815,1960,0.05,2.62018828,163,320460,84.0,0.15099340677261353,0.0001,80089
3816,1960,0.05,2.61737779,163,320544,84.0,0.1672908365726471,0.0001,80110
3817,1961,0.05,2.6210711000000004,163,320628,84.0,0.22846433520317078,0.0001,80131
3818,1961,0.05,2.56683149,163,320712,84.0,0.4789271950721741,0.0001,80152
3819,1962,0.05,2.6021639199999997,163,320796,84.0,0.2491951882839203,0.0001,80173
3820,1962,0.05,2.64820598,163,320880,84.0,0.3592408299446106,0.0001,80194
3821,1963,0.05,2.6884438399999997,163,320964,84.0,0.3313809335231781,0.0001,80215
3822,1963,0.05,2.8719653,163,321048,84.0,3.0373082160949707,0.0001,80236
3823,1964,0.05,2.881019419999999,163,321132,84.0,0.23914343118667603,0.0001,80257
3824,1965,0.05,2.864719509999999,163,321216,84.0,0.2947888672351837,0.0001,80278
3825,1965,0.05,2.95724933,163,321300,84.0,3.1857049465179443,0.0001,80299
3826,1966,0.05,2.98402716,163,321384,84.0,0.15885309875011444,0.0001,80320
3827,1966,0.05,2.87565447,163,321468,84.0,0.4117646813392639,0.0001,80341
3828,1967,0.05,2.90512848,163,321552,84.0,0.16233468055725098,0.0001,80362
3829,1967,0.05,2.86933781,163,321636,84.0,0.13848721981048584,0.0001,80383
3830,1968,0.05,2.8271171100000005,163,321720,84.0,3.1723978519439697,0.0001,80404
3831,1968,0.05,2.87104214,163,321804,84.0,0.20108148455619812,0.0001,80425
3832,1969,0.05,2.8766188200000005,163,321888,84.0,0.21331435441970825,0.0001,80446
3833,1969,0.05,2.9243891100000003,163,321972,84.0,0.11942122876644135,0.0001,80467
3834,1970,0.05,3.02809008,163,322056,84.0,0.21499359607696533,0.0001,80488
3835,1970,0.05,3.0556324999999998,163,322140,84.0,3.732870578765869,0.0001,80509
3836,1971,0.05,3.1192950700000006,163,322224,84.0,0.14331841468811035,0.0001,80530
3837,1971,0.05,3.2543604299999997,163,322308,84.0,3.5711119174957275,0.0001,80551
3838,1972,0.05,3.3261544099999996,163,322392,84.0,0.2275422215461731,0.0001,80572
3839,1972,0.05,3.32609037,163,322476,84.0,0.06843748688697815,0.0001,80593
3840,1973,0.05,3.342628640000001,163,322560,84.0,0.19278785586357117,0.0001,80614
3841,1974,0.05,3.45496376,163,322644,84.0,0.12227149307727814,0.0001,80635
3842,1974,0.05,3.4504223400000003,163,322728,84.0,0.1317073106765747,0.0001,80656
3843,1975,0.05,3.4680254999999987,163,322812,84.0,0.13680385053157806,0.0001,80677
3844,1975,0.05,3.530130560000001,163,322896,84.0,2.9443602561950684,0.0001,80698
3845,1976,0.05,3.5689484900000004,163,322980,84.0,3.166027784347534,0.0001,80719
3846,1976,0.05,3.5268191800000004,163,323064,84.0,0.20343317091464996,0.0001,80740
3847,1977,0.05,3.5648053099999997,163,323148,84.0,0.12173154950141907,0.0001,80761
3848,1977,0.05,3.5273531899999995,163,323232,84.0,0.16164575517177582,0.0001,80782
3849,1978,0.05,3.5507298499999997,163,323316,84.0,0.22169847786426544,0.0001,80803
3850,1978,0.05,3.51658563,163,323400,84.0,5.690739631652832,0.0001,80824
3851,1979,0.05,3.5277258899999997,163,323484,84.0,5.885207176208496,0.0001,80845
3852,1979,0.05,3.433778460000001,163,323568,84.0,0.18982745707035065,0.0001,80866
3853,1980,0.05,3.4177292999999995,163,323652,84.0,3.3306684494018555,0.0001,80887
3854,1980,0.05,3.4610557900000005,163,323736,84.0,0.10736718773841858,0.0001,80908
3855,1981,0.05,3.3818227300000006,163,323820,84.0,0.26373091340065,0.0001,80929
3856,1981,0.05,3.48131129,163,323904,84.0,0.27409568428993225,0.0001,80950
3857,1982,0.05,3.3987902300000004,163,323988,84.0,0.2628055810928345,0.0001,80971
3858,1982,0.05,3.3921969800000005,163,324072,84.0,0.069162517786026,0.0001,80992
3859,1983,0.05,3.3272797599999997,163,324156,84.0,3.1326651573181152,0.0001,81013
3860,1984,0.05,3.32647867,163,324240,84.0,0.09138788282871246,0.0001,81034
3861,1984,0.05,3.35555193,163,324324,84.0,3.6132969856262207,0.0001,81055
3862,1985,0.05,3.32931277,163,324408,84.0,0.24984869360923767,0.0001,81076
3863,1985,0.05,3.3094770799999997,163,324492,84.0,7.014425754547119,0.0001,81097
3864,1986,0.05,3.28821323,163,324576,84.0,3.148716926574707,0.0001,81118
3865,1986,0.05,3.24427825,163,324660,84.0,3.0963640213012695,0.0001,81139
3866,1987,0.05,3.2948961399999996,163,324744,84.0,0.13784626126289368,0.0001,81160
3867,1987,0.05,3.2587166399999994,163,324828,84.0,0.5247539281845093,0.0001,81181
3868,1988,0.05,3.202566499999999,163,324912,84.0,0.10460764169692993,0.0001,81202
3869,1989,0.05,3.2412271699999997,163,324996,84.0,0.14345702528953552,0.0001,81223
3870,1989,0.05,3.28471727,163,325080,84.0,0.18367038667201996,0.0001,81244
3871,1990,0.05,3.253562509999999,163,325164,84.0,0.23643136024475098,0.0001,81265
3872,1990,0.05,3.3340430999999997,163,325248,84.0,0.2947846055030823,0.0001,81286
3873,1991,0.05,3.2586613199999994,163,325332,84.0,0.0846325010061264,0.0001,81307
3874,1991,0.05,3.28944949,163,325416,84.0,6.655416488647461,0.0001,81328
3875,1992,0.05,3.3669629799999994,163,325500,84.0,3.1083147525787354,0.0001,81349
3876,1992,0.05,3.2522346100000004,163,325584,84.0,0.18825852870941162,0.0001,81370
3877,1993,0.05,3.21552461,163,325668,84.0,0.11781814694404602,0.0001,81391
3878,1993,0.05,3.2045036400000004,163,325752,84.0,7.0155744552612305,0.0001,81412
3879,1994,0.05,3.17767431,163,325836,84.0,0.16724415123462677,0.0001,81433
3880,1994,0.05,3.22872237,163,325920,84.0,0.09898027777671814,0.0001,81454
3881,1995,0.05,3.2005031499999994,163,326004,84.0,0.09964752197265625,0.0001,81475
3882,1995,0.05,3.2999216899999997,163,326088,84.0,0.1261250078678131,0.0001,81496
3883,1996,0.05,3.2277506400000004,163,326172,84.0,3.456942558288574,0.0001,81517
3884,1997,0.05,3.26666391,163,326256,84.0,0.2473001778125763,0.0001,81538
3885,1997,0.05,3.30646233,163,326340,84.0,0.17130839824676514,0.0001,81559
3886,1998,0.05,3.312506220000001,163,326424,84.0,0.2100900560617447,0.0001,81580
3887,1998,0.05,3.33231787,163,326508,84.0,0.10248621553182602,0.0001,81601
3888,1999,0.05,3.3846732200000003,163,326592,84.0,3.1519227027893066,0.0001,81622
3889,1999,0.05,3.3166113600000005,163,326676,84.0,3.5501534938812256,0.0001,81643
3890,2000,0.05,3.32367007,163,326760,84.0,0.39474064111709595,0.0001,81664
3891,2000,0.05,3.3085679,163,326844,84.0,0.234505295753479,0.0001,81685
3892,2001,0.05,3.3449763999999993,163,326928,84.0,0.2244901955127716,0.0001,81706
3893,2001,0.05,3.2585474999999997,163,327012,84.0,6.838281631469727,0.0001,81727
3894,2002,0.05,3.2460504399999994,163,327096,84.0,0.13862477242946625,0.0001,81748
3895,2002,0.05,3.28246791,163,327180,84.0,3.3637325763702393,0.0001,81769
3896,2003,0.05,3.28070174,163,327264,84.0,3.314053773880005,0.0001,81790
3897,2003,0.05,3.2981549199999995,163,327348,84.0,3.4129083156585693,0.0001,81811
3898,2004,0.05,3.3824657799999995,163,327432,84.0,0.25007253885269165,0.0001,81832
3899,2004,0.05,3.51179089,163,327516,84.0,0.07203710079193115,0.0001,81853
3900,2005,0.05,3.4683746600000003,163,327600,84.0,6.986228942871094,0.0001,81874
3901,2006,0.05,3.4591282600000004,163,327684,84.0,0.09095374494791031,0.0001,81895
3902,2006,0.05,3.408399630000001,163,327768,84.0,0.2469962239265442,0.0001,81916
3903,2007,0.05,3.5173068400000007,163,327852,84.0,0.1300562471151352,0.0001,81937
3904,2007,0.05,3.4891499600000007,163,327936,84.0,5.649293422698975,0.0001,81958
3905,2008,0.05,3.4331378400000006,163,328020,84.0,0.17892712354660034,0.0001,81979
3906,2008,0.05,3.5372565100000006,163,328104,84.0,0.20122355222702026,0.0001,82000
3907,2009,0.05,3.5599024900000003,163,328188,84.0,2.777529239654541,0.0001,82021
3908,2009,0.05,3.64371158,163,328272,84.0,0.42001578211784363,0.0001,82042
3909,2010,0.05,3.5793694400000002,163,328356,84.0,0.5053012371063232,0.0001,82063
3910,2010,0.05,3.7268086000000005,163,328440,84.0,6.124198913574219,0.0001,82084
3911,2011,0.05,3.77192644,163,328524,84.0,0.15571293234825134,0.0001,82105
3912,2011,0.05,3.7422222300000003,163,328608,84.0,0.2340368628501892,0.0001,82126
3913,2012,0.05,3.7411586900000002,163,328692,84.0,6.615848541259766,0.0001,82147
3914,2012,0.05,3.77488585,163,328776,84.0,0.27676698565483093,0.0001,82168
3915,2013,0.05,3.896174050000001,163,328860,84.0,0.15060833096504211,0.0001,82189
3916,2013,0.05,3.9457751600000006,163,328944,84.0,5.879815101623535,0.0001,82210
3917,2014,0.05,4.005492630000001,163,329028,84.0,3.1164586544036865,0.0001,82231
3918,2014,0.05,4.05881205,163,329112,84.0,0.2763565182685852,0.0001,82252
3919,2015,0.05,3.9309419200000004,163,329196,84.0,0.08917064219713211,0.0001,82273
3920,2015,0.05,4.03092821,163,329280,84.0,3.347430944442749,0.0001,82294
3921,2016,0.05,4.00027632,163,329364,84.0,0.048892293125391006,0.0001,82315
3922,2016,0.05,3.81898737,163,329448,84.0,2.953268051147461,0.0001,82336
3923,2017,0.05,3.8284793399999995,163,329532,84.0,3.567802906036377,0.0001,82357
3924,2018,0.05,3.71436171,163,329616,84.0,6.284677505493164,0.0001,82378
3925,2018,0.05,3.6272099499999997,163,329700,84.0,0.2734842002391815,0.0001,82399
3926,2019,0.05,3.521100639999999,163,329784,84.0,0.23361554741859436,0.0001,82420
3927,2019,0.05,3.5433765399999997,163,329868,84.0,0.08942894637584686,0.0001,82441
3928,2020,0.05,3.5248631799999997,163,329952,84.0,0.11677248775959015,0.0001,82462
3929,2020,0.05,3.5967826199999995,163,330036,84.0,3.0051863193511963,0.0001,82483
3930,2021,0.05,3.6411639099999995,163,330120,84.0,0.17239701747894287,0.0001,82504
3931,2021,0.05,3.7178822,163,330204,84.0,0.10857446491718292,0.0001,82525
3932,2022,0.05,3.8574761900000003,163,330288,84.0,0.3311842978000641,0.0001,82546
3933,2022,0.05,3.7977883200000004,163,330372,84.0,3.055697441101074,0.0001,82567
3934,2023,0.05,3.91791096,163,330456,84.0,2.8962440490722656,0.0001,82588
3935,2023,0.05,3.9361009499999993,163,330540,84.0,0.20232057571411133,0.0001,82609
3936,2024,0.05,4.11992079,163,330624,84.0,9.661467552185059,0.0001,82630
3937,2025,0.05,4.12460105,163,330708,84.0,0.17691540718078613,0.0001,82651
3938,2025,0.05,4.01583663,163,330792,84.0,3.2252614498138428,0.0001,82672
3939,2026,0.05,4.03157551,163,330876,84.0,0.19250410795211792,0.0001,82693
3940,2026,0.05,3.98244959,163,330960,84.0,0.3095995783805847,0.0001,82714
3941,2027,0.05,3.98980382,163,331044,84.0,0.07869137823581696,0.0001,82735
3942,2027,0.05,3.95732269,163,331128,84.0,0.1689470112323761,0.0001,82756
3943,2028,0.05,3.9203439400000004,163,331212,84.0,0.0969330444931984,0.0001,82777
3944,2028,0.05,3.8981611199999997,163,331296,84.0,0.09608196467161179,0.0001,82798
3945,2029,0.05,3.9315585599999996,163,331380,84.0,0.10058711469173431,0.0001,82819
3946,2029,0.05,3.9383154499999993,163,331464,84.0,0.05272851884365082,0.0001,82840
3947,2030,0.05,3.982425529999999,163,331548,84.0,3.2131500244140625,0.0001,82861
3948,2030,0.05,3.9969218299999993,163,331632,84.0,3.0182061195373535,0.0001,82882
3949,2031,0.05,4.01872435,163,331716,84.0,0.10592782497406006,0.0001,82903
3950,2031,0.05,4.06234311,163,331800,84.0,0.18594099581241608,0.0001,82924
3951,2032,0.05,4.04722229,163,331884,84.0,2.9043493270874023,0.0001,82945
3952,2032,0.05,4.09716542,163,331968,84.0,2.9557511806488037,0.0001,82966
3953,2033,0.05,4.079223279999999,163,332052,84.0,3.339592695236206,0.0001,82987
3954,2033,0.05,4.03461369,163,332136,84.0,3.009672164916992,0.0001,83008
3955,2034,0.05,4.02868058,163,332220,84.0,0.06661832332611084,0.0001,83029
3956,2034,0.05,3.9613240899999997,163,332304,84.0,0.22604571282863617,0.0001,83050
3957,2035,0.05,4.07346361,163,332388,84.0,3.100111722946167,0.0001,83071
3958,2035,0.05,4.07943849,163,332472,84.0,0.19457173347473145,0.0001,83092
3959,2036,0.05,4.104113470000001,163,332556,84.0,0.15577912330627441,0.0001,83113
3960,2036,0.05,4.087327630000001,163,332640,84.0,0.171222984790802,0.0001,83134
3961,2037,0.05,4.060320480000001,163,332724,84.0,3.050318956375122,0.0001,83155
3962,2038,0.05,4.03689577,163,332808,84.0,0.28369230031967163,0.0001,83176
3963,2038,0.05,3.9588990000000006,163,332892,84.0,3.2080087661743164,0.0001,83197
3964,2039,0.05,3.87868295,163,332976,84.0,0.26579511165618896,0.0001,83218
3965,2039,0.05,3.75653613,163,333060,84.0,0.1677495241165161,0.0001,83239
3966,2040,0.05,3.6963915999999997,163,333144,84.0,0.15056216716766357,0.0001,83260
3967,2040,0.05,3.6918973499999996,163,333228,84.0,0.3630998432636261,0.0001,83281
3968,2041,0.05,3.7602705399999996,163,333312,84.0,0.129472553730011,0.0001,83302
3969,2041,0.05,3.7955131,163,333396,84.0,0.1409420371055603,0.0001,83323
3970,2042,0.05,3.7780542300000004,163,333480,84.0,0.24137099087238312,0.0001,83344
3971,2042,0.05,3.81800573,163,333564,84.0,0.05776641145348549,0.0001,83365
3972,2043,0.05,3.808941800000001,163,333648,84.0,3.495636224746704,0.0001,83386
3973,2043,0.05,3.88755972,163,333732,84.0,3.2717790603637695,0.0001,83407
3974,2044,0.05,3.8533747799999998,163,333816,84.0,0.17693009972572327,0.0001,83428
3975,2045,0.05,3.80773391,163,333900,84.0,0.3607472777366638,0.0001,83449
3976,2045,0.05,3.8889556599999997,163,333984,84.0,0.1813134104013443,0.0001,83470
3977,2046,0.05,3.85650554,163,334068,84.0,0.06684178113937378,0.0001,83491
3978,2046,0.05,3.85110508,163,334152,84.0,8.953719139099121,0.0001,83512
3979,2047,0.05,3.927177849999999,163,334236,84.0,3.5078141689300537,0.0001,83533
3980,2047,0.05,4.00275334,163,334320,84.0,0.16662535071372986,0.0001,83554
3981,2048,0.05,4.11024351,163,334404,84.0,0.12084239721298218,0.0001,83575
3982,2048,0.05,4.070575809999999,163,334488,84.0,0.05067325755953789,0.0001,83596
3983,2049,0.05,4.09797032,163,334572,84.0,0.13234248757362366,0.0001,83617
3984,2049,0.05,4.14179439,163,334656,84.0,0.27741414308547974,0.0001,83638
3985,2050,0.05,4.167590110000001,163,334740,84.0,3.3515021800994873,0.0001,83659
3986,2051,0.05,4.268330430000001,163,334824,84.0,0.06482812017202377,0.0001,83680
3987,2051,0.05,4.212722670000001,163,334908,84.0,0.11272640526294708,0.0001,83701
3988,2052,0.05,4.19637976,163,334992,84.0,0.12861159443855286,0.0001,83722
3989,2052,0.05,4.224171300000001,163,335076,84.0,0.26729291677474976,0.0001,83743
3990,2053,0.05,4.19891284,163,335160,84.0,3.302715301513672,0.0001,83764
3991,2053,0.05,4.24341399,163,335244,84.0,0.17623946070671082,0.0001,83785
3992,2054,0.05,4.17255024,163,335328,84.0,0.15340429544448853,0.0001,83806
3993,2054,0.05,4.19689999,163,335412,84.0,0.18627183139324188,0.0001,83827
3994,2055,0.05,4.1632184599999995,163,335496,84.0,0.12175608426332474,0.0001,83848
3995,2055,0.05,4.18661206,163,335580,84.0,0.12573958933353424,0.0001,83869
3996,2056,0.05,4.23381626,163,335664,84.0,0.14459651708602905,0.0001,83890
3997,2056,0.05,4.24548073,163,335748,84.0,3.2757482528686523,0.0001,83911
3998,2057,0.05,4.191706119999999,163,335832,84.0,3.0845189094543457,0.0001,83932
3999,2057,0.05,4.22273007,163,335916,84.0,0.18154484033584595,0.0001,83953
4000,2058,0.05,4.20110747,163,336000,84.0,0.22319485247135162,0.0001,83974
4001,2058,0.05,4.23935601,163,336084,84.0,0.43043527007102966,0.0001,83995
4002,2059,0.05,4.26884973,163,336168,84.0,0.0933099091053009,0.0001,84016
4003,2060,0.05,4.22828517,163,336252,84.0,0.21207253634929657,0.0001,84037
4004,2060,0.05,4.22592382,163,336336,84.0,0.5011685490608215,0.0001,84058
4005,2061,0.05,4.2882597,163,336420,84.0,3.192272424697876,0.0001,84079
4006,2061,0.05,4.22633535,163,336504,84.0,0.27634698152542114,0.0001,84100
4007,2062,0.05,4.22481698,163,336588,84.0,0.05319518968462944,0.0001,84121
4008,2062,0.05,4.28095827,163,336672,84.0,0.10715470463037491,0.0001,84142
4009,2063,0.05,4.29310953,163,336756,84.0,0.12276879698038101,0.0001,84163
4010,2063,0.05,4.17266991,163,336840,84.0,0.04849530756473541,0.0001,84184
4011,2064,0.05,4.207214950000001,163,336924,84.0,0.2793705463409424,0.0001,84205
4012,2064,0.05,4.23587042,163,337008,84.0,0.3655400276184082,0.0001,84226
4013,2065,0.05,4.263150690000001,163,337092,84.0,0.3663189113140106,0.0001,84247
4014,2065,0.05,4.26037579,163,337176,84.0,0.1753520965576172,0.0001,84268
4015,2066,0.05,4.26117471,163,337260,84.0,0.08928894996643066,0.0001,84289
4016,2066,0.05,4.246302539999999,163,337344,84.0,0.15688534080982208,0.0001,84310
4017,2067,0.05,4.195343590000001,163,337428,84.0,0.22637233138084412,0.0001,84331
4018,2067,0.05,4.193408150000001,163,337512,84.0,2.8452634811401367,0.0001,84352
4019,2068,0.05,4.296397460000001,163,337596,84.0,2.916163921356201,0.0001,84373
4020,2068,0.05,4.25389296,163,337680,84.0,0.24001145362854004,0.0001,84394
4021,2069,0.05,4.37585654,163,337764,84.0,0.24330079555511475,0.0001,84415
4022,2070,0.05,4.48598725,163,337848,84.0,0.0946088433265686,0.0001,84436
4023,2070,0.05,4.458602190000001,163,337932,84.0,0.07930736243724823,0.0001,84457
4024,2070,0.05,4.64534316,163,338016,84.0,3.30987286567688,0.0001,84478
4025,2071,0.05,4.63028725,163,338100,84.0,0.12464559078216553,0.0001,84499
4026,2071,0.05,4.69463557,163,338184,84.0,0.22391065955162048,0.0001,84520
4027,2072,0.05,4.73574684,163,338268,84.0,3.11250376701355,0.0001,84541
4028,2073,0.05,4.763754539999999,163,338352,84.0,0.10175986588001251,0.0001,84562
4029,2073,0.05,4.632205259999999,163,338436,84.0,0.09774872660636902,0.0001,84583
4030,2074,0.05,4.53540885,163,338520,84.0,0.08852057158946991,0.0001,84604
4031,2074,0.05,4.521857349999999,163,338604,84.0,0.08684772253036499,0.0001,84625
4032,2075,0.05,4.4284191,163,338688,84.0,0.09592017531394958,0.0001,84646
4033,2076,0.05,4.455380170000001,163,338772,84.0,0.13395562767982483,0.0001,84667
4034,2076,0.05,4.2734055699999995,163,338856,84.0,0.1736595779657364,0.0001,84688
4035,2076,0.05,4.22700469,163,338940,84.0,6.3576250076293945,0.0001,84709
4036,2077,0.05,4.097326059999999,163,339024,84.0,0.27934563159942627,0.0001,84730
4037,2077,0.05,4.0769464,163,339108,84.0,0.08549269288778305,0.0001,84751
4038,2078,0.05,4.074082239999999,163,339192,84.0,2.9145610332489014,0.0001,84772
4039,2078,0.05,4.07666173,163,339276,84.0,3.3112869262695312,0.0001,84793
4040,2079,0.05,4.089887709999999,163,339360,84.0,2.96645188331604,0.0001,84814
4041,2080,0.05,4.005019109999999,163,339444,84.0,2.9388654232025146,0.0001,84835
4042,2080,0.05,4.02975684,163,339528,84.0,0.07677944004535675,0.0001,84856
4043,2081,0.05,3.97685922,163,339612,84.0,0.06386218965053558,0.0001,84877
4044,2081,0.05,4.01132446,163,339696,84.0,3.3027853965759277,0.0001,84898
4045,2082,0.05,4.02246511,163,339780,84.0,0.18581081926822662,0.0001,84919
4046,2082,0.05,3.9808967799999992,163,339864,84.0,0.27633294463157654,0.0001,84940
4047,2083,0.05,4.012618,163,339948,84.0,0.637677788734436,0.0001,84961
4048,2083,0.05,4.044470039999999,163,340032,84.0,3.030766725540161,0.0001,84982
4049,2084,0.05,4.00160946,163,340116,84.0,0.21916696429252625,0.0001,85003
4050,2084,0.05,3.992701500000001,163,340200,84.0,3.2515292167663574,0.0001,85024
4051,2085,0.05,4.01745236,163,340284,84.0,3.014000415802002,0.0001,85045
4052,2086,0.05,4.002033409999999,163,340368,84.0,3.3398380279541016,0.0001,85066
4053,2086,0.05,3.9986323899999996,163,340452,84.0,0.19099614024162292,0.0001,85087
4054,2087,0.05,4.03693537,163,340536,84.0,0.1242842823266983,0.0001,85108
4055,2087,0.05,4.139248079999999,163,340620,84.0,0.14500492811203003,0.0001,85129
4056,2088,0.05,4.152015629999999,163,340704,84.0,0.2298194020986557,0.0001,85150
4057,2088,0.05,4.145514299999999,163,340788,84.0,0.148251473903656,0.0001,85171
4058,2089,0.05,4.1540067899999995,163,340872,84.0,3.3568265438079834,0.0001,85192
4059,2089,0.05,4.13274733,163,340956,84.0,0.22066280245780945,0.0001,85213
4060,2090,0.05,4.08295446,163,341040,84.0,3.2740557193756104,0.0001,85234
4061,2090,0.05,4.1032757,163,341124,84.0,0.4206303358078003,0.0001,85255
4062,2091,0.05,4.15044107,163,341208,84.0,3.0116798877716064,0.0001,85276
4063,2091,0.05,4.26293982,163,341292,84.0,0.15962530672550201,0.0001,85297
4064,2092,0.05,4.37254194,163,341376,84.0,2.832441568374634,0.0001,85318
4065,2092,0.05,4.54204254,163,341460,84.0,0.1247720867395401,0.0001,85339
4066,2093,0.05,4.57322676,163,341544,84.0,3.277458429336548,0.0001,85360
4067,2094,0.05,4.66019938,163,341628,84.0,2.9160165786743164,0.0001,85381
4068,2094,0.05,4.669388629999999,163,341712,84.0,0.04199500381946564,0.0001,85402
4069,2095,0.05,4.593180649999999,163,341796,84.0,3.6530861854553223,0.0001,85423
4070,2095,0.05,4.6173008499999995,163,341880,84.0,0.19908739626407623,0.0001,85444
4071,2096,0.05,4.611971379999999,163,341964,84.0,0.2243577241897583,0.0001,85465
4072,2096,0.05,4.52166423,163,342048,84.0,2.847714424133301,0.0001,85486
4073,2097,0.05,4.54066825,163,342132,84.0,0.16026374697685242,0.0001,85507
4074,2097,0.05,4.59007617,163,342216,84.0,0.22837261855602264,0.0001,85528
4075,2098,0.05,4.6865428300000005,163,342300,84.0,0.08935555815696716,0.0001,85549
4076,2098,0.05,4.66157185,163,342384,84.0,0.17510853707790375,0.0001,85570
4077,2099,0.05,4.7563549499999995,163,342468,84.0,0.09027500450611115,0.0001,85591
4078,2099,0.05,4.85472764,163,342552,84.0,0.19639796018600464,0.0001,85612
4079,2100,0.05,4.8210748,163,342636,84.0,0.39996540546417236,0.0001,85633
4080,2101,0.05,4.810776949999999,163,342720,84.0,6.031792163848877,0.0001,85654
4081,2101,0.05,4.85335324,163,342804,84.0,0.21718060970306396,0.0001,85675
4082,2102,0.05,4.877294419999999,163,342888,84.0,0.2758733630180359,0.0001,85696
4083,2102,0.05,4.96518062,163,342972,84.0,0.22718565165996552,0.0001,85717
4084,2103,0.05,4.98961276,163,343056,84.0,0.1616341769695282,0.0001,85738
4085,2103,0.05,4.99031554,163,343140,84.0,3.211019515991211,0.0001,85759
4086,2104,0.05,4.99022114,163,343224,84.0,0.22521671652793884,0.0001,85780
4087,2104,0.05,5.00203013,163,343308,84.0,0.08674344420433044,0.0001,85801
4088,2105,0.05,4.9569768,163,343392,84.0,0.4277287423610687,0.0001,85822
4089,2105,0.05,4.973069389999999,163,343476,84.0,0.32335108518600464,0.0001,85843
4090,2106,0.05,5.00167952,163,343560,84.0,2.9784951210021973,0.0001,85864
4091,2106,0.05,4.92581287,163,343644,84.0,3.35011625289917,0.0001,85885
4092,2107,0.05,4.99567107,163,343728,84.0,3.020310878753662,0.0001,85906
4093,2107,0.05,5.0412710999999994,163,343812,84.0,2.8720126152038574,0.0001,85927
4094,2108,0.05,5.0085249,163,343896,84.0,0.09746235609054565,0.0001,85948
4095,2109,0.05,4.894319119999999,163,343980,84.0,0.09480760991573334,0.0001,85969
4096,2109,0.05,4.87623049,163,344064,84.0,0.08246397227048874,0.0001,85990
4097,2109,0.05,4.86617572,163,344148,84.0,0.11625749617815018,0.0001,86011
4098,2110,0.05,4.92985622,163,344232,84.0,0.18015305697917938,0.0001,86032
4099,2111,0.05,4.882791060000001,163,344316,84.0,3.069009304046631,0.0001,86053
4100,2111,0.05,4.921629170000001,163,344400,84.0,0.1950061023235321,0.0001,86074
4101,2112,0.05,4.94055552,163,344484,84.0,5.8335161209106445,0.0001,86095
4102,2112,0.05,4.915322510000001,163,344568,84.0,0.1424276977777481,0.0001,86116
4103,2113,0.05,4.95363339,163,344652,84.0,0.22155198454856873,0.0001,86137
4104,2113,0.05,4.94222386,163,344736,84.0,0.23054170608520508,0.0001,86158
4105,2114,0.05,4.88109106,163,344820,84.0,0.1023855209350586,0.0001,86179
4106,2114,0.05,4.89124753,163,344904,84.0,0.13565263152122498,0.0001,86200
4107,2115,0.05,4.9738957500000005,163,344988,84.0,0.07075254619121552,0.0001,86221
4108,2115,0.05,4.997826040000001,163,345072,84.0,2.913987159729004,0.0001,86242
4109,2116,0.05,5.015030780000001,163,345156,84.0,0.13134172558784485,0.0001,86263
4110,2117,0.05,5.101618330000001,163,345240,84.0,0.3121783137321472,0.0001,86284
4111,2117,0.05,5.05030858,163,345324,84.0,6.037001609802246,0.0001,86305
4112,2118,0.05,4.95620289,163,345408,84.0,6.122718811035156,0.0001,86326
4113,2118,0.05,4.932736930000001,163,345492,84.0,0.13989277184009552,0.0001,86347
4114,2119,0.05,4.937746560000001,163,345576,84.0,3.240701198577881,0.0001,86368
4115,2119,0.05,4.866858860000001,163,345660,84.0,2.8450231552124023,0.0001,86389
4116,2120,0.05,4.86925467,163,345744,84.0,3.2536404132843018,0.0001,86410
4117,2120,0.05,4.88372208,163,345828,84.0,0.26096802949905396,0.0001,86431
4118,2121,0.05,4.89127206,163,345912,84.0,0.07864749431610107,0.0001,86452
4119,2121,0.05,4.88642727,163,345996,84.0,3.0993409156799316,0.0001,86473
4120,2122,0.05,4.889370540000001,163,346080,84.0,2.9548275470733643,0.0001,86494
4121,2122,0.05,4.87720013,163,346164,84.0,0.1079561859369278,0.0001,86515
4122,2123,0.05,4.91948109,163,346248,84.0,3.0642030239105225,0.0001,86536
4123,2123,0.05,4.96063456,163,346332,84.0,0.18752464652061462,0.0001,86557
4124,2124,0.05,4.92789532,163,346416,84.0,0.14075934886932373,0.0001,86578
4125,2124,0.05,4.9951804,163,346500,84.0,0.05467187240719795,0.0001,86599
4126,2125,0.05,5.0046669,163,346584,84.0,0.07927681505680084,0.0001,86620
4127,2125,0.05,5.068236669999999,163,346668,84.0,0.13287493586540222,0.0001,86641
4128,2126,0.05,5.11481087,163,346752,84.0,3.034317970275879,0.0001,86662
4129,2126,0.05,5.25023817,163,346836,84.0,0.1845686435699463,0.0001,86683
4130,2127,0.05,5.3228018200000005,163,346920,84.0,0.05557526648044586,0.0001,86704
4131,2128,0.05,5.3032273199999995,163,347004,84.0,0.10323867201805115,0.0001,86725
4132,2128,0.05,5.262146409999999,163,347088,84.0,3.0665693283081055,0.0001,86746
4133,2129,0.05,5.3611890099999995,163,347172,84.0,3.0331099033355713,0.0001,86767
4134,2129,0.05,5.3750849899999995,163,347256,84.0,0.1485726237297058,0.0001,86788
4135,2130,0.05,5.335142889999999,163,347340,84.0,0.11120907217264175,0.0001,86809
4136,2130,0.05,5.31884732,163,347424,84.0,2.981844186782837,0.0001,86830
4137,2131,0.05,5.288014110000001,163,347508,84.0,3.1328814029693604,0.0001,86851
4138,2131,0.05,5.29561782,163,347592,84.0,0.11726430803537369,0.0001,86872
4139,2132,0.05,5.2900605800000005,163,347676,84.0,0.1466389298439026,0.0001,86893
4140,2132,0.05,5.37828619,163,347760,84.0,0.1204836368560791,0.0001,86914
4141,2133,0.05,5.466033359999999,163,347844,84.0,0.07655747979879379,0.0001,86935
4142,2133,0.05,5.48209789,163,347928,84.0,0.32877326011657715,0.0001,86956
4143,2134,0.05,5.5970615399999994,163,348012,84.0,0.29846006631851196,0.0001,86977
4144,2134,0.05,5.590147399999999,163,348096,84.0,6.208069324493408,0.0001,86998
4145,2135,0.05,5.56772277,163,348180,84.0,6.218441963195801,0.0001,87019
4146,2135,0.05,5.6885411,163,348264,84.0,0.11297145485877991,0.0001,87040
4147,2136,0.05,5.61916321,163,348348,84.0,0.18701818585395813,0.0001,87061
4148,2136,0.05,5.608773630000001,163,348432,84.0,2.952592134475708,0.0001,87082
4149,2137,0.05,5.706825020000001,163,348516,84.0,0.31539756059646606,0.0001,87103
4150,2137,0.05,5.702244199999999,163,348600,84.0,0.10503055155277252,0.0001,87124
4151,2138,0.05,5.651149709999999,163,348684,84.0,0.15340720117092133,0.0001,87145
4152,2138,0.05,5.67975993,163,348768,84.0,0.10580303519964218,0.0001,87166
4153,2139,0.05,5.72974877,163,348852,84.0,3.0700552463531494,0.0001,87187
4154,2140,0.05,5.725345749999999,163,348936,84.0,0.19659072160720825,0.0001,87208
4155,2140,0.05,5.64764943,163,349020,84.0,0.43003109097480774,0.0001,87229
4156,2141,0.05,5.651512739999999,163,349104,84.0,0.2297070324420929,0.0001,87250
4157,2141,0.05,5.60224388,163,349188,84.0,3.333576202392578,0.0001,87271
4158,2142,0.05,5.637214330000001,163,349272,84.0,0.10542701184749603,0.0001,87292
4159,2142,0.05,5.693097500000001,163,349356,84.0,0.27668479084968567,0.0001,87313
4160,2143,0.05,5.737827340000001,163,349440,84.0,2.875776767730713,0.0001,87334
4161,2143,0.05,5.784109070000002,163,349524,84.0,0.23619747161865234,0.0001,87355
4162,2144,0.05,5.743944620000001,163,349608,84.0,0.10163649916648865,0.0001,87376
4163,2144,0.05,5.709692680000001,163,349692,84.0,0.09652054309844971,0.0001,87397
4164,2145,0.05,5.755439520000001,163,349776,84.0,0.09105873852968216,0.0001,87418
4165,2145,0.05,5.74630492,163,349860,84.0,0.19773158431053162,0.0001,87439
4166,2146,0.05,5.8435605399999995,163,349944,84.0,0.08572600781917572,0.0001,87460
4167,2146,0.05,5.741352439999999,163,350028,84.0,2.976994276046753,0.0001,87481
4168,2147,0.05,5.80240424,163,350112,84.0,0.2470254749059677,0.0001,87502
4169,2147,0.05,5.845705160000001,163,350196,84.0,0.12997044622898102,0.0001,87523
4170,2148,0.05,5.86499967,163,350280,84.0,0.06130657345056534,0.0001,87544
4171,2148,0.05,5.85864126,163,350364,84.0,0.09929388761520386,0.0001,87565
4172,2149,0.05,5.932545999999999,163,350448,84.0,0.18698450922966003,0.0001,87586
4173,2149,0.05,5.836410180000001,163,350532,84.0,0.2797662317752838,0.0001,87607
4174,2150,0.05,5.8531707100000006,163,350616,84.0,2.9813785552978516,0.0001,87628
4175,2151,0.05,5.82781123,163,350700,84.0,0.20001523196697235,0.0001,87649
4176,2151,0.05,5.90063254,163,350784,84.0,0.15332667529582977,0.0001,87670
4177,2152,0.05,5.906423709999999,163,350868,84.0,0.24500621855258942,0.0001,87691
4178,2152,0.05,5.829886009999999,163,350952,84.0,0.219951331615448,0.0001,87712
4179,2152,0.05,5.72830856,163,351036,84.0,0.1606447994709015,0.0001,87733
4180,2153,0.05,5.708850180000001,163,351120,84.0,0.17524385452270508,0.0001,87754
4181,2153,0.05,5.648854710000002,163,351204,84.0,0.14409507811069489,0.0001,87775
4182,2154,0.05,5.568521370000001,163,351288,84.0,0.08283627778291702,0.0001,87796
4183,2155,0.05,5.516671199999999,163,351372,84.0,3.293771743774414,0.0001,87817
4184,2155,0.05,5.440124350000001,163,351456,84.0,3.250556468963623,0.0001,87838
4185,2156,0.05,5.4395054499999995,163,351540,84.0,0.14879590272903442,0.0001,87859
4186,2156,0.05,5.46063248,163,351624,84.0,3.0606234073638916,0.0001,87880
4187,2157,0.05,5.51032702,163,351708,84.0,2.8978867530822754,0.0001,87901
4188,2157,0.05,5.574873869999999,163,351792,84.0,0.14096809923648834,0.0001,87922
4189,2158,0.05,5.64702325,163,351876,84.0,0.13248246908187866,0.0001,87943
4190,2158,0.05,5.64966349,163,351960,84.0,0.05281249061226845,0.0001,87964
4191,2159,0.05,5.733484600000001,163,352044,84.0,0.11096009612083435,0.0001,87985
4192,2159,0.05,5.654770170000001,163,352128,84.0,3.0627477169036865,0.0001,88006
4193,2160,0.05,5.65692488,163,352212,84.0,0.31796854734420776,0.0001,88027
4194,2160,0.05,5.69308493,163,352296,84.0,5.490716457366943,0.0001,88048
4195,2161,0.05,5.7067584799999995,163,352380,84.0,0.10636599361896515,0.0001,88069
4196,2161,0.05,5.654232099999999,163,352464,84.0,0.19718196988105774,0.0001,88090
4197,2162,0.05,5.59693377,163,352548,84.0,3.3747856616973877,0.0001,88111
4198,2163,0.05,5.6141276499999995,163,352632,84.0,0.1666042059659958,0.0001,88132
4199,2163,0.05,5.6059133999999995,163,352716,84.0,0.21371406316757202,0.0001,88153
4200,2164,0.05,5.618302430000001,163,352800,84.0,0.1747642159461975,0.0001,88174
4201,2164,0.05,5.6258425700000005,163,352884,84.0,0.3653180003166199,0.0001,88195
4202,2165,0.05,5.632793950000002,163,352968,84.0,0.33985453844070435,0.0001,88216
4203,2165,0.05,5.618729970000001,163,353052,84.0,3.0125675201416016,0.0001,88237
4204,2166,0.05,5.606754940000002,162,353136,84.0,0.14090225100517273,0.0001,88258
4205,2167,0.05,5.645219170000002,162,353220,84.0,3.416472911834717,0.0001,88279
4206,2167,0.05,5.63503512,162,353304,84.0,0.14159643650054932,0.0001,88300
4207,2168,0.05,5.499156270000001,162,353388,84.0,0.1739194691181183,0.0001,88321
4208,2168,0.05,5.4039833999999995,162,353472,84.0,2.8608343601226807,0.0001,88342
4209,2169,0.05,5.42706265,162,353556,84.0,0.07558299601078033,0.0001,88363
4210,2169,0.05,5.390156649999999,162,353640,84.0,0.30690258741378784,0.0001,88384
4211,2170,0.05,5.530359219999998,162,353724,84.0,0.14732149243354797,0.0001,88405
4212,2170,0.05,5.565287499999999,162,353808,84.0,3.1904656887054443,0.0001,88426
4213,2171,0.05,5.524930609999999,162,353892,84.0,8.589313507080078,0.0001,88447
4214,2171,0.05,5.496040229999998,162,353976,84.0,0.18116547167301178,0.0001,88468
4215,2172,0.05,5.546861169999999,162,354060,84.0,3.2472403049468994,0.0001,88489
4216,2172,0.05,5.576607119999998,162,354144,84.0,0.09779608249664307,0.0001,88510
4217,2173,0.05,5.537837289999999,162,354228,84.0,0.14218029379844666,0.0001,88531
4218,2174,0.05,5.475828739999998,162,354312,84.0,0.14051803946495056,0.0001,88552
4219,2174,0.05,5.590725989999999,162,354396,84.0,0.21785250306129456,0.0001,88573
4220,2175,0.05,5.5740947499999995,162,354480,84.0,0.13254088163375854,0.0001,88594
4221,2175,0.05,5.544606319999999,162,354564,84.0,0.19986116886138916,0.0001,88615
4222,2176,0.05,5.5479517,162,354648,84.0,0.1024135947227478,0.0001,88636
4223,2176,0.05,5.50788905,162,354732,84.0,2.946796178817749,0.0001,88657
4224,2177,0.05,5.56715496,162,354816,84.0,0.13895457983016968,0.0001,88678
4225,2177,0.05,5.570784850000001,162,354900,84.0,0.4534108638763428,0.0001,88699
4226,2178,0.05,5.538052199999999,162,354984,84.0,0.1159004271030426,0.0001,88720
4227,2178,0.05,5.531186629999999,162,355068,84.0,5.850840091705322,0.0001,88741
4228,2179,0.05,5.56004117,162,355152,84.0,3.297327756881714,0.0001,88762
4229,2179,0.05,5.5511318099999984,162,355236,84.0,0.1683977246284485,0.0001,88783
4230,2180,0.05,5.508172199999999,162,355320,84.0,0.2020391821861267,0.0001,88804
4231,2180,0.05,5.5257811299999995,162,355404,84.0,0.10406018793582916,0.0001,88825
4232,2181,0.05,5.615844849999999,162,355488,84.0,2.7938027381896973,0.0001,88846
4233,2181,0.05,5.5078717699999995,162,355572,84.0,0.2676279544830322,0.0001,88867
4234,2182,0.05,5.49931564,162,355656,84.0,6.371918201446533,0.0001,88888
4235,2182,0.05,5.548423789999999,162,355740,84.0,3.0760960578918457,0.0001,88909
4236,2183,0.05,5.5743836999999985,162,355824,84.0,0.11854691803455353,0.0001,88930
4237,2183,0.05,5.607789119999999,162,355908,84.0,0.0854516327381134,0.0001,88951
4238,2184,0.05,5.580453659999998,162,355992,84.0,3.238060474395752,0.0001,88972
4239,2184,0.05,5.577555779999999,162,356076,84.0,0.23555128276348114,0.0001,88993
4240,2185,0.05,5.517285739999998,162,356160,84.0,0.19372151792049408,0.0001,89014
4241,2185,0.05,5.53520447,162,356244,84.0,2.978562355041504,0.0001,89035
4242,2186,0.05,5.513627660000001,162,356328,84.0,0.15674728155136108,0.0001,89056
4243,2186,0.05,5.461769390000001,162,356412,84.0,2.8510468006134033,0.0001,89077
4244,2187,0.05,5.41413089,162,356496,84.0,0.09898948669433594,0.0001,89098
4245,2187,0.05,5.4734518900000015,162,356580,84.0,0.04206029325723648,0.0001,89119
4246,2188,0.05,5.4465791600000015,162,356664,84.0,0.024729454889893532,0.0001,89140
4247,2188,0.05,5.390675700000002,162,356748,84.0,0.5409049391746521,0.0001,89161
4248,2189,0.05,5.338191040000001,162,356832,84.0,0.18613210320472717,0.0001,89182
4249,2189,0.05,5.385967970000001,162,356916,84.0,0.11293132603168488,0.0001,89203
4250,2190,0.05,5.474468020000001,162,357000,84.0,0.11170968413352966,0.0001,89224
4251,2191,0.05,5.5061437,162,357084,84.0,0.3532751798629761,0.0001,89245
4252,2191,0.05,5.5806357,162,357168,84.0,0.058725506067276,0.0001,89266
4253,2192,0.05,5.47977969,162,357252,84.0,0.20664572715759277,0.0001,89287
4254,2192,0.05,5.478228210000001,162,357336,84.0,3.077709436416626,0.0001,89308
4255,2193,0.05,5.395905259999999,162,357420,84.0,3.335081100463867,0.0001,89329
4256,2193,0.05,5.43501048,162,357504,84.0,3.190835952758789,0.0001,89350
4257,2194,0.05,5.4801249599999995,162,357588,84.0,0.20206865668296814,0.0001,89371
4258,2194,0.05,5.5147409,162,357672,84.0,2.9007339477539062,0.0001,89392
4259,2195,0.05,5.4847897,162,357756,84.0,9.15574836730957,0.0001,89413
4260,2195,0.05,5.42387063,162,357840,84.0,0.2465507984161377,0.0001,89434
4261,2196,0.05,5.42123904,162,357924,84.0,0.18554028868675232,0.0001,89455
4262,2196,0.05,5.493506039999999,162,358008,84.0,0.19674918055534363,0.0001,89476
4263,2197,0.05,5.50651083,162,358092,84.0,5.707311630249023,0.0001,89497
4264,2198,0.05,5.41036573,162,358176,84.0,0.14450356364250183,0.0001,89518
4265,2198,0.05,5.39167386,162,358260,84.0,3.075014352798462,0.0001,89539
4266,2199,0.05,5.32728688,162,358344,84.0,0.4139157235622406,0.0001,89560
4267,2199,0.05,5.38893017,162,358428,84.0,0.17969444394111633,0.0001,89581
4268,2200,0.05,5.315015169999999,162,358512,84.0,0.09991127997636795,0.0001,89602
4269,2200,0.05,5.237293239999999,162,358596,84.0,0.08952749520540237,0.0001,89623
4270,2201,0.05,5.17234747,162,358680,84.0,0.1287272572517395,0.0001,89644
4271,2201,0.05,5.14950336,162,358764,84.0,0.10144452005624771,0.0001,89665
4272,2202,0.05,5.17764831,162,358848,84.0,0.16691362857818604,0.0001,89686
4273,2202,0.05,5.259455740000001,162,358932,84.0,3.4708476066589355,0.0001,89707
4274,2203,0.05,5.237189759999999,162,359016,84.0,6.523187637329102,0.0001,89728
4275,2203,0.05,5.21658199,162,359100,84.0,6.256616115570068,0.0001,89749
4276,2204,0.05,5.13810883,162,359184,84.0,0.21040356159210205,0.0001,89770
4277,2204,0.05,5.11204333,162,359268,84.0,0.0431692861020565,0.0001,89791
4278,2205,0.05,5.069109409999999,162,359352,84.0,3.2128424644470215,0.0001,89812
4279,2205,0.05,5.14681568,162,359436,84.0,0.07015128433704376,0.0001,89833
4280,2206,0.05,5.26050414,162,359520,84.0,0.09181559085845947,0.0001,89854
4281,2206,0.05,5.28648417,162,359604,84.0,0.48291534185409546,0.0001,89875
4282,2207,0.05,5.3437358800000005,162,359688,84.0,0.09700915962457657,0.0001,89896
4283,2208,0.05,5.3292271499999995,162,359772,84.0,0.16263170540332794,0.0001,89917
4284,2208,0.05,5.31112606,162,359856,84.0,0.24719515442848206,0.0001,89938
4285,2209,0.05,5.29088339,162,359940,84.0,0.14710934460163116,0.0001,89959
4286,2209,0.05,5.2234734199999995,162,360024,84.0,0.15140856802463531,0.0001,89980
4287,2210,0.05,5.2224501,162,360108,84.0,0.22156448662281036,0.0001,90001
4288,2210,0.05,5.2437187199999995,162,360192,84.0,3.174144983291626,0.0001,90022
4289,2211,0.05,5.16723206,162,360276,84.0,6.201077938079834,0.0001,90043
4290,2211,0.05,5.17256588,162,360360,84.0,0.23169481754302979,0.0001,90064
4291,2212,0.05,5.11872437,162,360444,84.0,0.33477601408958435,0.0001,90085
4292,2212,0.05,5.1285657,162,360528,84.0,0.0477185919880867,0.0001,90106
4293,2213,0.05,5.1258874400000005,162,360612,84.0,0.1814979612827301,0.0001,90127
4294,2213,0.05,5.142124719999999,162,360696,84.0,0.12668761610984802,0.0001,90148
4295,2214,0.05,5.22201882,162,360780,84.0,0.11657010763883591,0.0001,90169
4296,2214,0.05,5.217188599999999,162,360864,84.0,0.17849808931350708,0.0001,90190
4297,2215,0.05,5.364193469999999,162,360948,84.0,2.88822078704834,0.0001,90211
4298,2216,0.05,5.293531740000001,162,361032,84.0,0.1187642365694046,0.0001,90232
4299,2216,0.05,5.324220759999999,162,361116,84.0,2.921599864959717,0.0001,90253
4300,2217,0.05,5.31379,162,361200,84.0,0.17853137850761414,0.0001,90274
4301,2217,0.05,5.38685921,162,361284,84.0,0.2282809615135193,0.0001,90295
4302,2218,0.05,5.39380336,162,361368,84.0,0.39486634731292725,0.0001,90316
4303,2218,0.05,5.404557510000001,162,361452,84.0,0.08384793251752853,0.0001,90337
4304,2219,0.05,5.479382470000001,162,361536,84.0,0.3320571482181549,0.0001,90358
4305,2219,0.05,5.472856350000001,162,361620,84.0,3.1820068359375,0.0001,90379
4306,2220,0.05,5.487823870000001,162,361704,84.0,3.218080759048462,0.0001,90400
4307,2220,0.05,5.561577880000001,162,361788,84.0,0.2894117534160614,0.0001,90421
4308,2221,0.05,5.651192120000002,162,361872,84.0,3.159301280975342,0.0001,90442
4309,2221,0.05,5.68809138,162,361956,84.0,0.28676119446754456,0.0001,90463
4310,2222,0.05,5.702363160000001,162,362040,84.0,0.1594986766576767,0.0001,90484
4311,2222,0.05,5.694045040000001,162,362124,84.0,3.0833330154418945,0.0001,90505
4312,2223,0.05,5.73736691,162,362208,84.0,0.2421180009841919,0.0001,90526
4313,2223,0.05,5.81244436,162,362292,84.0,0.3437078595161438,0.0001,90547
4314,2224,0.05,5.80926398,162,362376,84.0,0.23061054944992065,0.0001,90568
4315,2224,0.05,5.830634029999999,162,362460,84.0,0.14055544137954712,0.0001,90589
4316,2225,0.05,5.77017652,162,362544,84.0,0.12940984964370728,0.0001,90610
4317,2225,0.05,5.851044859999998,162,362628,84.0,3.4888339042663574,0.0001,90631
4318,2226,0.05,5.9103334,162,362712,84.0,3.230560541152954,0.0001,90652
4319,2227,0.05,5.817257559999999,162,362796,84.0,0.11946070939302444,0.0001,90673
4320,2227,0.05,5.82861796,162,362880,84.0,0.18742381036281586,0.0001,90694
4321,2228,0.05,5.96377921,162,362964,84.0,2.7909293174743652,0.0001,90715
4322,2228,0.05,5.956160049999999,162,363048,84.0,3.4488301277160645,0.0001,90736
4323,2229,0.05,6.000792000000001,162,363132,84.0,0.08342473208904266,0.0001,90757
4324,2229,0.05,5.925468679999998,162,363216,84.0,0.20711731910705566,0.0001,90778
4325,2230,0.05,5.92638253,162,363300,84.0,0.16206185519695282,0.0001,90799
4326,2230,0.05,5.972318549999999,162,363384,84.0,0.11057454347610474,0.0001,90820
4327,2231,0.05,5.92287183,162,363468,84.0,0.14104780554771423,0.0001,90841
4328,2231,0.05,5.92401024,162,363552,84.0,0.10032221674919128,0.0001,90862
4329,2232,0.05,5.8666114,162,363636,84.0,0.1571653187274933,0.0001,90883
4330,2232,0.05,5.9378022900000005,162,363720,84.0,0.3556959927082062,0.0001,90904
4331,2233,0.05,5.895044350000001,162,363804,84.0,0.07228323072195053,0.0001,90925
4332,2234,0.05,5.88696237,162,363888,84.0,0.24901680648326874,0.0001,90946
4333,2234,0.05,5.938713489999999,162,363972,84.0,0.11039062589406967,0.0001,90967
4334,2235,0.05,5.9549707399999985,162,364056,84.0,0.25116831064224243,0.0001,90988
4335,2235,0.05,5.994427419999999,162,364140,84.0,0.137363001704216,0.0001,91009
4336,2236,0.05,5.98550232,162,364224,84.0,0.2187688648700714,0.0001,91030
4337,2236,0.05,5.9165404200000005,162,364308,84.0,3.0031681060791016,0.0001,91051
4338,2237,0.05,5.98972303,162,364392,84.0,3.597794771194458,0.0001,91072
4339,2237,0.05,5.95817171,162,364476,84.0,0.29639339447021484,0.0001,91093
4340,2238,0.05,5.92713898,162,364560,84.0,3.1937673091888428,0.0001,91114
4341,2238,0.05,5.89618152,162,364644,84.0,3.307284355163574,0.0001,91135
4342,2239,0.05,5.991471349999999,162,364728,84.0,0.08486481755971909,0.0001,91156
4343,2239,0.05,6.0622165599999995,162,364812,84.0,0.1710517853498459,0.0001,91177
4344,2240,0.05,6.0892925999999985,162,364896,84.0,0.36540207266807556,0.0001,91198
4345,2240,0.05,5.979823599999999,162,364980,84.0,3.6160361766815186,0.0001,91219
4346,2241,0.05,5.8898343299999985,162,365064,84.0,0.11207365989685059,0.0001,91240
4347,2242,0.05,5.988833669999998,162,365148,84.0,0.1767997443675995,0.0001,91261
4348,2242,0.05,5.997802649999998,162,365232,84.0,0.09174599498510361,0.0001,91282
4349,2242,0.05,5.9430523,162,365316,84.0,0.10249318182468414,0.0001,91303
4350,2243,0.05,5.890512149999999,162,365400,84.0,0.11888083070516586,0.0001,91324
4351,2244,0.05,5.90649629,162,365484,84.0,0.14408674836158752,0.0001,91345
4352,2244,0.05,5.952915880000001,162,365568,84.0,6.567633628845215,0.0001,91366
4353,2245,0.05,5.995016320000001,162,365652,84.0,0.09856469184160233,0.0001,91387
4354,2245,0.05,6.0205506,162,365736,84.0,0.07752248644828796,0.0001,91408
4355,2246,0.05,6.147551779999999,162,365820,84.0,0.16720394790172577,0.0001,91429
4356,2246,0.05,6.1104534799999985,162,365904,84.0,5.788426399230957,0.0001,91450
4357,2247,0.05,6.090224149999999,162,365988,84.0,0.05448535457253456,0.0001,91471
4358,2247,0.05,5.986619509999998,162,366072,84.0,3.134395122528076,0.0001,91492
4359,2248,0.05,6.00003965,162,366156,84.0,0.5234570503234863,0.0001,91513
4360,2248,0.05,6.07597984,162,366240,84.0,0.12188824266195297,0.0001,91534
4361,2249,0.05,6.00991311,162,366324,84.0,3.0144593715667725,0.0001,91555
4362,2249,0.05,5.9334139299999995,162,366408,84.0,2.8673555850982666,0.0001,91576
4363,2250,0.05,5.919974319999999,162,366492,84.0,0.38108962774276733,0.0001,91597
4364,2251,0.05,5.95422287,162,366576,84.0,0.06817346811294556,0.0001,91618
4365,2251,0.05,6.032016689999999,162,366660,84.0,3.338270902633667,0.0001,91639
4366,2252,0.05,6.04813251,162,366744,84.0,0.07269726693630219,0.0001,91660
4367,2252,0.05,6.06573965,162,366828,84.0,5.9103851318359375,0.0001,91681
4368,2253,0.05,6.1163244,162,366912,84.0,0.06963208317756653,0.0001,91702
4369,2253,0.05,6.1642451099999995,162,366996,84.0,0.12908178567886353,0.0001,91723
4370,2254,0.05,6.229585449999999,162,367080,84.0,3.3219919204711914,0.0001,91744
4371,2254,0.05,6.303745570000001,162,367164,84.0,2.8580524921417236,0.0001,91765
4372,2255,0.05,6.259841580000001,162,367248,84.0,0.0839478075504303,0.0001,91786
4373,2256,0.05,6.212598620000001,162,367332,84.0,0.10812261700630188,0.0001,91807
4374,2256,0.05,6.24040818,162,367416,84.0,3.3182246685028076,0.0001,91828
4375,2257,0.05,6.2336301700000005,162,367500,84.0,0.09923408925533295,0.0001,91849
4376,2257,0.05,6.261153880000002,162,367584,84.0,5.964140892028809,0.0001,91870
4377,2258,0.05,6.194254579999999,162,367668,84.0,0.07619381695985794,0.0001,91891
4378,2258,0.05,6.30267507,162,367752,84.0,0.07645677030086517,0.0001,91912
4379,2259,0.05,6.2707969299999995,162,367836,84.0,3.2180697917938232,0.0001,91933
4380,2259,0.05,6.1727182,162,367920,84.0,0.19816842675209045,0.0001,91954
4381,2260,0.05,6.173680169999999,162,368004,84.0,3.440032482147217,0.0001,91975
4382,2260,0.05,6.2299343799999995,162,368088,84.0,0.2320784479379654,0.0001,91996
4383,2261,0.05,6.219891569999999,162,368172,84.0,0.07666995376348495,0.0001,92017
4384,2261,0.05,6.29325246,162,368256,84.0,5.841004848480225,0.0001,92038
4385,2262,0.05,6.327476059999999,162,368340,84.0,3.1081113815307617,0.0001,92059
4386,2263,0.05,6.32738897,162,368424,84.0,9.0724515914917,0.0001,92080
4387,2263,0.05,6.3265655700000005,162,368508,84.0,0.19439947605133057,0.0001,92101
4388,2264,0.05,6.314321789999999,162,368592,84.0,0.2473236620426178,0.0001,92122
4389,2264,0.05,6.420368279999999,162,368676,84.0,2.9926397800445557,0.0001,92143
4390,2265,0.05,6.375850359999999,162,368760,84.0,0.09005381166934967,0.0001,92164
4391,2266,0.05,6.394275959999999,162,368844,84.0,2.8092284202575684,0.0001,92185
4392,2266,0.05,6.52002884,162,368928,84.0,5.931459426879883,0.0001,92206
4393,2267,0.05,6.514682410000001,162,369012,84.0,0.20368485152721405,0.0001,92227
4394,2267,0.05,6.494700950000002,162,369096,84.0,3.117337942123413,0.0001,92248
4395,2268,0.05,6.522667040000001,162,369180,84.0,0.30910420417785645,0.0001,92269
4396,2268,0.05,6.541412320000001,162,369264,84.0,0.12904858589172363,0.0001,92290
4397,2269,0.05,6.44776695,162,369348,84.0,3.406414270401001,0.0001,92311
4398,2269,0.05,6.4795798000000016,162,369432,84.0,0.1198263168334961,0.0001,92332
4399,2270,0.05,6.587929730000001,162,369516,84.0,0.050572823733091354,0.0001,92353
4400,2270,0.05,6.620598890000002,162,369600,84.0,0.1270819753408432,0.0001,92374
4401,2271,0.05,6.58441946,162,369684,84.0,0.29218313097953796,0.0001,92395
4402,2271,0.05,6.606170290000001,162,369768,84.0,0.07162010669708252,0.0001,92416
4403,2272,0.05,6.58491556,162,369852,84.0,0.19189772009849548,0.0001,92437
4404,2272,0.05,6.61323966,162,369936,84.0,8.960945129394531,0.0001,92458
4405,2273,0.05,6.6519083399999985,162,370020,84.0,0.11005093902349472,0.0001,92479
4406,2273,0.05,6.637821869999999,162,370104,84.0,0.14503872394561768,0.0001,92500
4407,2274,0.05,6.597149399999999,162,370188,84.0,0.0767558366060257,0.0001,92521
4408,2275,0.05,6.62123921,162,370272,84.0,3.2193920612335205,0.0001,92542
4409,2275,0.05,6.64776747,162,370356,84.0,0.06698815524578094,0.0001,92563
4410,2276,0.05,6.59256255,162,370440,84.0,0.14932703971862793,0.0001,92584
4411,2276,0.05,6.447731190000001,162,370524,84.0,0.13291840255260468,0.0001,92605
4412,2277,0.05,6.4451776800000005,162,370608,84.0,0.09517642855644226,0.0001,92626
4413,2277,0.05,6.41610434,162,370692,84.0,0.08344261348247528,0.0001,92647
4414,2278,0.05,6.57637144,162,370776,84.0,0.16846881806850433,0.0001,92668
4415,2278,0.05,6.610954810000001,162,370860,84.0,0.06119890883564949,0.0001,92689
4416,2279,0.05,6.66371849,162,370944,84.0,0.07434050738811493,0.0001,92710
4417,2279,0.05,6.61991485,162,371028,84.0,0.16009429097175598,0.0001,92731
4418,2280,0.05,6.52494284,162,371112,84.0,0.20050182938575745,0.0001,92752
4419,2280,0.05,6.514847280000001,162,371196,84.0,0.2557036876678467,0.0001,92773
4420,2281,0.05,6.481066869999999,162,371280,84.0,0.2554633319377899,0.0001,92794
4421,2281,0.05,6.37221972,162,371364,84.0,0.2501751184463501,0.0001,92815
4422,2282,0.05,6.37538356,162,371448,84.0,0.08472512662410736,0.0001,92836
4423,2282,0.05,6.335130069999999,162,371532,84.0,3.3810698986053467,0.0001,92857
4424,2283,0.05,6.305609799999998,162,371616,84.0,0.32046934962272644,0.0001,92878
4425,2283,0.05,6.247217719999997,162,371700,84.0,8.876638412475586,0.0001,92899
4426,2284,0.05,6.20186783,162,371784,84.0,0.30140912532806396,0.0001,92920
4427,2284,0.05,6.2607767899999995,162,371868,84.0,0.1529943197965622,0.0001,92941
4428,2285,0.05,6.240347879999999,162,371952,84.0,0.223303884267807,0.0001,92962
4429,2285,0.05,6.2877598899999985,162,372036,84.0,3.292309045791626,0.0001,92983
4430,2286,0.05,6.253319080000001,162,372120,84.0,8.521888732910156,0.0001,93004
4431,2286,0.05,6.27753422,162,372204,84.0,0.10008195787668228,0.0001,93025
4432,2287,0.05,6.27712917,162,372288,84.0,0.49221980571746826,0.0001,93046
4433,2288,0.05,6.28786165,162,372372,84.0,0.15973341464996338,0.0001,93067
4434,2288,0.05,6.32527138,162,372456,84.0,3.332240581512451,0.0001,93088
4435,2289,0.05,6.316287469999999,162,372540,84.0,0.32609403133392334,0.0001,93109
4436,2289,0.05,6.33467344,162,372624,84.0,0.14413487911224365,0.0001,93130
4437,2290,0.05,6.3894845,162,372708,84.0,0.1423909068107605,0.0001,93151
4438,2290,0.05,6.37201943,162,372792,84.0,0.13907837867736816,0.0001,93172
4439,2291,0.05,6.4169633899999985,162,372876,84.0,0.2087336629629135,0.0001,93193
4440,2291,0.05,6.408888829999999,162,372960,84.0,0.0893762856721878,0.0001,93214
4441,2292,0.05,6.446064389999999,162,373044,84.0,6.276714324951172,0.0001,93235
4442,2292,0.05,6.354678219999999,162,373128,84.0,0.08272653818130493,0.0001,93256
4443,2293,0.05,6.27462918,162,373212,84.0,2.885066032409668,0.0001,93277
4444,2293,0.05,6.27122073,162,373296,84.0,0.28577300906181335,0.0001,93298
4445,2294,0.05,6.338638490000001,162,373380,84.0,0.11109571158885956,0.0001,93319
4446,2294,0.05,6.44478536,162,373464,84.0,6.068403244018555,0.0001,93340
4447,2295,0.05,6.44675833,162,373548,84.0,3.142086982727051,0.0001,93361
4448,2295,0.05,6.4675528700000005,162,373632,84.0,0.07553616166114807,0.0001,93382
4449,2296,0.05,6.43303489,162,373716,84.0,0.08295830339193344,0.0001,93403
4450,2296,0.05,6.454015020000002,162,373800,84.0,6.28917121887207,0.0001,93424
4451,2297,0.05,6.4387614,162,373884,84.0,0.31570863723754883,0.0001,93445
4452,2298,0.05,6.363732229999999,162,373968,84.0,5.772805213928223,0.0001,93466
4453,2298,0.05,6.414649169999999,162,374052,84.0,0.2921399474143982,0.0001,93487
4454,2299,0.05,6.46629296,162,374136,84.0,0.3648580312728882,0.0001,93508
4455,2299,0.05,6.479733169999999,162,374220,84.0,0.11829721927642822,0.0001,93529
4456,2300,0.05,6.420630620000001,162,374304,84.0,0.08032658696174622,0.0001,93550
4457,2300,0.05,6.41813794,162,374388,84.0,3.0644378662109375,0.0001,93571
4458,2301,0.05,6.487887519999999,162,374472,84.0,3.361260175704956,0.0001,93592
4459,2301,0.05,6.478835629999999,162,374556,84.0,0.2617647051811218,0.0001,93613
4460,2302,0.05,6.48489078,162,374640,84.0,5.724804401397705,0.0001,93634
4461,2302,0.05,6.56309738,162,374724,84.0,0.16942177712917328,0.0001,93655
4462,2303,0.05,6.614436979999999,162,374808,84.0,3.436094284057617,0.0001,93676
4463,2303,0.05,6.57249683,162,374892,84.0,2.935581684112549,0.0001,93697
4464,2304,0.05,6.583725750000001,162,374976,84.0,0.3402179479598999,0.0001,93718
4465,2304,0.05,6.50683381,162,375060,84.0,0.15314453840255737,0.0001,93739
4466,2305,0.05,6.4805519600000006,162,375144,84.0,2.9162380695343018,0.0001,93760
4467,2305,0.05,6.50161819,162,375228,84.0,0.20507964491844177,0.0001,93781
4468,2306,0.05,6.408725759999999,162,375312,84.0,0.1603235900402069,0.0001,93802
4469,2306,0.05,6.434844979999999,162,375396,84.0,3.0140509605407715,0.0001,93823
4470,2307,0.05,6.40641176,162,375480,84.0,0.11270429193973541,0.0001,93844
4471,2307,0.05,6.37795407,162,375564,84.0,2.878554105758667,0.0001,93865
4472,2308,0.05,6.38231045,162,375648,84.0,0.2712695002555847,0.0001,93886
4473,2309,0.05,6.34181698,162,375732,84.0,5.702594757080078,0.0001,93907
4474,2309,0.05,6.28457927,162,375816,84.0,0.05574871599674225,0.0001,93928
4475,2310,0.05,6.37868701,162,375900,84.0,0.0841468945145607,0.0001,93949
4476,2310,0.05,6.4054609199999994,162,375984,84.0,2.9552078247070312,0.0001,93970
4477,2311,0.05,6.48491547,162,376068,84.0,0.1079569011926651,0.0001,93991
4478,2311,0.05,6.458686360000001,162,376152,84.0,0.22374744713306427,0.0001,94012
4479,2312,0.05,6.494912470000002,162,376236,84.0,0.11952345818281174,0.0001,94033
4480,2312,0.05,6.46214024,162,376320,84.0,0.09458743035793304,0.0001,94054
4481,2313,0.05,6.45128786,162,376404,84.0,0.08427239209413528,0.0001,94075
4482,2313,0.05,6.41656125,162,376488,84.0,6.130927085876465,0.0001,94096
4483,2314,0.05,6.4367828299999985,162,376572,84.0,0.15565915405750275,0.0001,94117
4484,2314,0.05,6.4090713699999995,162,376656,84.0,0.06889452785253525,0.0001,94138
4485,2315,0.05,6.509290149999999,162,376740,84.0,0.11295293271541595,0.0001,94159
4486,2315,0.05,6.53760665,162,376824,84.0,0.24003472924232483,0.0001,94180
4487,2316,0.05,6.495095079999999,162,376908,84.0,0.20104026794433594,0.0001,94201
4488,2316,0.05,6.504110799999999,162,376992,84.0,0.08263244479894638,0.0001,94222
4489,2317,0.05,6.41925002,162,377076,84.0,0.2650430202484131,0.0001,94243
4490,2318,0.05,6.40372753,162,377160,84.0,3.0815484523773193,0.0001,94264
4491,2318,0.05,6.34748147,162,377244,84.0,0.059973783791065216,0.0001,94285
4492,2319,0.05,6.17120099,162,377328,84.0,0.07095812261104584,0.0001,94306
4493,2319,0.05,6.17191735,162,377412,84.0,0.12743084132671356,0.0001,94327
4494,2320,0.05,6.186842230000001,162,377496,84.0,2.934387445449829,0.0001,94348
4495,2320,0.05,6.14925379,162,377580,84.0,6.432479381561279,0.0001,94369
4496,2321,0.05,6.174917910000001,162,377664,84.0,0.13763588666915894,0.0001,94390
4497,2321,0.05,6.149304290000001,162,377748,84.0,0.1695188581943512,0.0001,94411
4498,2322,0.05,6.12676653,162,377832,84.0,0.1933361440896988,0.0001,94432
4499,2322,0.05,6.041721050000001,162,377916,84.0,0.153911292552948,0.0001,94453
4500,2323,0.05,6.053947129999999,162,378000,84.0,0.1973261684179306,0.0001,94474
4501,2323,0.05,6.08134169,162,378084,84.0,0.18609687685966492,0.0001,94495
4502,2324,0.05,6.04100193,162,378168,84.0,0.09854606539011002,0.0001,94516
4503,2324,0.05,6.0329216599999995,162,378252,84.0,0.060349032282829285,0.0001,94537
4504,2325,0.05,5.99097114,162,378336,84.0,0.10260382294654846,0.0001,94558
4505,2326,0.05,5.95671329,162,378420,84.0,0.07428425550460815,0.0001,94579
4506,2326,0.05,6.038968479999999,162,378504,84.0,0.16135980188846588,0.0001,94600
4507,2327,0.05,6.0475920400000005,162,378588,84.0,3.2481608390808105,0.0001,94621
4508,2327,0.05,6.00189195,162,378672,84.0,0.22482992708683014,0.0001,94642
4509,2328,0.05,5.983193529999999,162,378756,84.0,0.3599070906639099,0.0001,94663
4510,2328,0.05,6.000462649999999,162,378840,84.0,0.20252005755901337,0.0001,94684
4511,2329,0.05,6.045674110000001,162,378924,84.0,0.10806145519018173,0.0001,94705
4512,2329,0.05,6.03749076,162,379008,84.0,0.15455792844295502,0.0001,94726
4513,2330,0.05,6.01447522,162,379092,84.0,0.2224642038345337,0.0001,94747
4514,2330,0.05,5.878002359999999,162,379176,84.0,0.11370648443698883,0.0001,94768
4515,2331,0.05,5.882449679999999,162,379260,84.0,5.889376163482666,0.0001,94789
4516,2332,0.05,5.916584249999999,162,379344,84.0,0.15298494696617126,0.0001,94810
4517,2332,0.05,5.912475079999999,162,379428,84.0,0.1313174068927765,0.0001,94831
4518,2333,0.05,5.99850684,162,379512,84.0,0.15205107629299164,0.0001,94852
4519,2333,0.05,5.9490016500000005,162,379596,84.0,2.790907859802246,0.0001,94873
4520,2334,0.05,5.94615452,162,379680,84.0,0.1842491179704666,0.0001,94894
4521,2334,0.05,5.93155173,162,379764,84.0,3.313015937805176,0.0001,94915
4522,2335,0.05,5.895870990000001,162,379848,84.0,11.736299514770508,0.0001,94936
4523,2335,0.05,5.968665479999999,162,379932,84.0,0.08977777510881424,0.0001,94957
4524,2336,0.05,6.01910561,162,380016,84.0,3.160891532897949,0.0001,94978
4525,2336,0.05,6.075165450000001,162,380100,84.0,0.14885546267032623,0.0001,94999
4526,2337,0.05,6.1374654699999995,162,380184,84.0,3.3910000324249268,0.0001,95020
4527,2337,0.05,6.072769650000001,162,380268,84.0,3.2747902870178223,0.0001,95041
4528,2338,0.05,6.098460500000001,162,380352,84.0,0.06753605604171753,0.0001,95062
4529,2338,0.05,6.06339051,162,380436,84.0,0.16041144728660583,0.0001,95083
4530,2339,0.05,6.114514519999999,162,380520,84.0,0.28327029943466187,0.0001,95104
4531,2339,0.05,6.139581179999999,162,380604,84.0,0.17089484632015228,0.0001,95125
4532,2340,0.05,6.09514447,162,380688,84.0,2.880216360092163,0.0001,95146
4533,2340,0.05,6.074938389999999,162,380772,84.0,0.11792096495628357,0.0001,95167
4534,2341,0.05,6.0891246899999985,162,380856,84.0,0.25000253319740295,0.0001,95188
4535,2342,0.05,6.05244832,162,380940,84.0,2.887777328491211,0.0001,95209
4536,2342,0.05,6.04942993,162,381024,84.0,0.051855143159627914,0.0001,95230
4537,2343,0.05,6.05793087,162,381108,84.0,0.3088289499282837,0.0001,95251
4538,2343,0.05,6.0987932,162,381192,84.0,0.11291061341762543,0.0001,95272
4539,2344,0.05,6.095747990000001,162,381276,84.0,0.06310135871171951,0.0001,95293
4540,2344,0.05,6.146417710000001,162,381360,84.0,0.13924551010131836,0.0001,95314
4541,2345,0.05,6.131983760000001,162,381444,84.0,3.0183377265930176,0.0001,95335
4542,2345,0.05,6.149201400000001,162,381528,84.0,0.09898516535758972,0.0001,95356
4543,2346,0.05,6.200122339999999,162,381612,84.0,0.0746263787150383,0.0001,95377
4544,2346,0.05,6.3245531900000005,162,381696,84.0,0.048914358019828796,0.0001,95398
4545,2347,0.05,6.3177585899999995,162,381780,84.0,0.17023253440856934,0.0001,95419
4546,2347,0.05,6.302438409999999,162,381864,84.0,0.35528188943862915,0.0001,95440
4547,2348,0.05,6.28861761,162,381948,84.0,0.10607032477855682,0.0001,95461
4548,2348,0.05,6.289934939999999,162,382032,84.0,0.07411319017410278,0.0001,95482
4549,2349,0.05,6.3555113,162,382116,84.0,0.16087158024311066,0.0001,95503
4550,2349,0.05,6.35067026,162,382200,84.0,3.3172192573547363,0.0001,95524
4551,2350,0.05,6.342468589999999,162,382284,84.0,2.941493272781372,0.0001,95545
4552,2350,0.05,6.349094,162,382368,84.0,3.3606016635894775,0.0001,95566
4553,2351,0.05,6.30280298,162,382452,84.0,2.817845344543457,0.0001,95587
4554,2351,0.05,6.235617859999999,162,382536,84.0,0.11654979735612869,0.0001,95608
4555,2352,0.05,6.23431891,162,382620,84.0,0.15302175283432007,0.0001,95629
4556,2353,0.05,6.409215249999999,162,382704,84.0,0.06802765280008316,0.0001,95650
4557,2353,0.05,6.4002906899999985,162,382788,84.0,2.835355758666992,0.0001,95671
4558,2354,0.05,6.396439009999998,162,382872,84.0,0.2502312958240509,0.0001,95692
4559,2354,0.05,6.460247139999999,162,382956,84.0,0.298177570104599,0.0001,95713
4560,2355,0.05,6.471547329999998,162,383040,84.0,0.07698547095060349,0.0001,95734
4561,2355,0.05,6.439119129999999,162,383124,84.0,6.2444233894348145,0.0001,95755
4562,2356,0.05,6.425039089999999,162,383208,84.0,2.9101462364196777,0.0001,95776
4563,2356,0.05,6.46367772,162,383292,84.0,3.4041991233825684,0.0001,95797
4564,2357,0.05,6.43787969,162,383376,84.0,2.9495294094085693,0.0001,95818
4565,2357,0.05,6.4510568,162,383460,84.0,6.05264949798584,0.0001,95839
4566,2358,0.05,6.48950257,162,383544,84.0,0.12161492556333542,0.0001,95860
4567,2358,0.05,6.511057270000001,162,383628,84.0,3.0205399990081787,0.0001,95881
4568,2359,0.05,6.62147823,162,383712,84.0,2.969957113265991,0.0001,95902
4569,2359,0.05,6.56454786,162,383796,84.0,0.08843927830457687,0.0001,95923
4570,2360,0.05,6.538546579999999,162,383880,84.0,0.43283021450042725,0.0001,95944
4571,2360,0.05,6.521450970000001,162,383964,84.0,0.08574818819761276,0.0001,95965
4572,2361,0.05,6.53529995,162,384048,84.0,0.09435412287712097,0.0001,95986
4573,2361,0.05,6.619515150000001,162,384132,84.0,0.14127589762210846,0.0001,96007
4574,2362,0.05,6.63170642,162,384216,84.0,3.070758819580078,0.0001,96028
4575,2363,0.05,6.562372200000001,162,384300,84.0,0.3027113676071167,0.0001,96049
4576,2363,0.05,6.5208381499999994,162,384384,84.0,0.23442161083221436,0.0001,96070
4577,2364,0.05,6.53569802,162,384468,84.0,0.21399937570095062,0.0001,96091
4578,2364,0.05,6.49804478,162,384552,84.0,3.0920896530151367,0.0001,96112
4579,2365,0.05,6.486284539999999,162,384636,84.0,3.4516148567199707,0.0001,96133
4580,2365,0.05,6.47259446,162,384720,84.0,2.8351781368255615,0.0001,96154
4581,2366,0.05,6.47012348,162,384804,84.0,3.036346912384033,0.0001,96175
4582,2366,0.05,6.422376500000001,162,384888,84.0,3.0418026447296143,0.0001,96196
4583,2367,0.05,6.42334629,162,384972,84.0,0.10329650342464447,0.0001,96217
4584,2367,0.05,6.446081119999999,162,385056,84.0,0.11068867892026901,0.0001,96238
4585,2368,0.05,6.344956439999999,162,385140,84.0,3.0723013877868652,0.0001,96259
4586,2368,0.05,6.338022479999999,162,385224,84.0,3.8250858783721924,0.0001,96280
4587,2369,0.05,6.35831432,162,385308,84.0,0.11776436865329742,0.0001,96301
4588,2369,0.05,6.30394036,162,385392,84.0,0.18493562936782837,0.0001,96322
4589,2370,0.05,6.383887130000001,162,385476,84.0,0.515840470790863,0.0001,96343
4590,2370,0.05,6.439422060000001,162,385560,84.0,0.06443078815937042,0.0001,96364
4591,2371,0.05,6.517063479999999,162,385644,84.0,2.8701412677764893,0.0001,96385
4592,2372,0.05,6.636703100000001,162,385728,84.0,0.1450939178466797,0.0001,96406
4593,2372,0.05,6.641708530000001,162,385812,84.0,0.3242398798465729,0.0001,96427
4594,2373,0.05,6.621789170000002,162,385896,84.0,3.208303213119507,0.0001,96448
4595,2373,0.05,6.652298700000001,162,385980,84.0,0.2481103241443634,0.0001,96469
4596,2374,0.05,6.619180970000001,162,386064,84.0,3.277740716934204,0.0001,96490
4597,2374,0.05,6.6494873000000005,162,386148,84.0,0.2801443338394165,0.0001,96511
4598,2375,0.05,6.70620429,162,386232,84.0,2.865109920501709,0.0001,96532
4599,2375,0.05,6.7393342999999994,162,386316,84.0,2.8747541904449463,0.0001,96553
4600,2376,0.05,6.762176019999999,162,386400,84.0,0.11024513095617294,0.0001,96574
4601,2376,0.05,6.76875046,162,386484,84.0,3.2842559814453125,0.0001,96595
4602,2377,0.05,6.74337749,162,386568,84.0,0.043148383498191833,0.0001,96616
4603,2378,0.05,6.757500820000001,162,386652,84.0,3.0026044845581055,0.0001,96637
4604,2378,0.05,6.719855160000001,162,386736,84.0,2.7434051036834717,0.0001,96658
4605,2379,0.05,6.71804745,162,386820,84.0,0.17976199090480804,0.0001,96679
4606,2379,0.05,6.65696767,162,386904,84.0,0.10355244576931,0.0001,96700
4607,2380,0.05,6.65462534,162,386988,84.0,0.13643856346607208,0.0001,96721
4608,2380,0.05,6.6562985800000005,162,387072,84.0,0.1901322901248932,0.0001,96742
4609,2381,0.05,6.649242579999999,162,387156,84.0,0.08097904920578003,0.0001,96763
4610,2381,0.05,6.713311089999999,162,387240,84.0,6.020740509033203,0.0001,96784
4611,2382,0.05,6.780472379999997,162,387324,84.0,3.1207706928253174,0.0001,96805
4612,2382,0.05,6.768686389999998,162,387408,84.0,0.10527258366346359,0.0001,96826
4613,2383,0.05,6.805527179999998,162,387492,84.0,2.9432740211486816,0.0001,96847
4614,2383,0.05,6.77975816,162,387576,84.0,0.14845281839370728,0.0001,96868
4615,2384,0.05,6.755997510000001,162,387660,84.0,0.15267127752304077,0.0001,96889
4616,2385,0.05,6.678033370000001,162,387744,84.0,3.3434081077575684,0.0001,96910
4617,2385,0.05,6.68527754,162,387828,84.0,0.3087015151977539,0.0001,96931
4618,2386,0.05,6.713625970000001,162,387912,84.0,0.07261933386325836,0.0001,96952
4619,2386,0.05,6.737953,162,387996,84.0,5.600978374481201,0.0001,96973
4620,2387,0.05,6.80134244,162,388080,84.0,3.294842004776001,0.0001,96994
4621,2387,0.05,6.81468701,162,388164,84.0,0.11272788047790527,0.0001,97015
4622,2388,0.05,6.86740579,162,388248,84.0,0.09599103033542633,0.0001,97036
4623,2388,0.05,6.8355206100000006,162,388332,84.0,0.10527056455612183,0.0001,97057
4624,2389,0.05,6.74927052,162,388416,84.0,0.1038840264081955,0.0001,97078
4625,2389,0.05,6.765626020000001,162,388500,84.0,0.1344497799873352,0.0001,97099
4626,2390,0.05,6.749539000000001,162,388584,84.0,2.998462677001953,0.0001,97120
4627,2390,0.05,6.827153030000001,162,388668,84.0,3.505750894546509,0.0001,97141
4628,2391,0.05,6.842101700000001,162,388752,84.0,0.10846029222011566,0.0001,97162
4629,2391,0.05,6.86591286,162,388836,84.0,0.048441026359796524,0.0001,97183
4630,2392,0.05,6.85174009,162,388920,84.0,0.08185227960348129,0.0001,97204
4631,2392,0.05,6.77728027,162,389004,84.0,0.11529726535081863,0.0001,97225
4632,2393,0.05,6.813373820000001,162,389088,84.0,0.09946208447217941,0.0001,97246
4633,2393,0.05,6.8079846,162,389172,84.0,8.864770889282227,0.0001,97267
4634,2394,0.05,6.77233127,162,389256,84.0,3.220214366912842,0.0001,97288
4635,2395,0.05,6.811331039999999,162,389340,84.0,0.1745932251214981,0.0001,97309
4636,2395,0.05,6.79826318,162,389424,84.0,0.11320006847381592,0.0001,97330
4637,2396,0.05,6.892694049999999,162,389508,84.0,0.114520363509655,0.0001,97351
4638,2396,0.05,6.873947319999998,162,389592,84.0,0.12802180647850037,0.0001,97372
4639,2397,0.05,6.854101219999998,162,389676,84.0,0.13537079095840454,0.0001,97393
4640,2397,0.05,6.8614683299999975,162,389760,84.0,0.4669768214225769,0.0001,97414
4641,2398,0.05,6.883655479999999,162,389844,84.0,0.07064825296401978,0.0001,97435
4642,2398,0.05,6.901881249999999,162,389928,84.0,0.1531071960926056,0.0001,97456
4643,2399,0.05,6.825330859999999,162,390012,84.0,0.3292578160762787,0.0001,97477
4644,2399,0.05,6.7555770299999995,162,390096,84.0,0.42731818556785583,0.0001,97498
4645,2400,0.05,6.74160067,162,390180,84.0,0.37712541222572327,0.0001,97519
4646,2400,0.05,6.71690087,162,390264,84.0,2.7906334400177,0.0001,97540
4647,2401,0.05,6.746040860000001,162,390348,84.0,2.921797275543213,0.0001,97561
4648,2401,0.05,6.7584949100000005,162,390432,84.0,0.16975945234298706,0.0001,97582
4649,2402,0.05,6.758024379999999,162,390516,84.0,0.25222933292388916,0.0001,97603
4650,2402,0.05,6.786950460000001,162,390600,84.0,3.1760175228118896,0.0001,97624
4651,2403,0.05,6.8316523899999995,162,390684,84.0,3.1321089267730713,0.0001,97645
4652,2403,0.05,6.89848074,162,390768,84.0,2.8820626735687256,0.0001,97666
4653,2404,0.05,6.885109939999999,162,390852,84.0,3.3792366981506348,0.0001,97687
4654,2404,0.05,6.889513359999999,162,390936,84.0,0.1276378482580185,0.0001,97708
4655,2405,0.05,6.908441389999999,162,391020,84.0,0.12469068169593811,0.0001,97729
4656,2406,0.05,6.8164478299999995,162,391104,84.0,0.08003998547792435,0.0001,97750
4657,2406,0.05,6.8584521700000005,162,391188,84.0,0.08691468089818954,0.0001,97771
4658,2407,0.05,6.754060650000001,162,391272,84.0,3.235111713409424,0.0001,97792
4659,2407,0.05,6.82118962,162,391356,84.0,3.030461549758911,0.0001,97813
4660,2408,0.05,6.756388649999999,162,391440,84.0,0.14012546837329865,0.0001,97834
4661,2408,0.05,6.75336251,162,391524,84.0,0.13637182116508484,0.0001,97855
4662,2409,0.05,6.749576649999999,162,391608,84.0,3.189913511276245,0.0001,97876
4663,2409,0.05,6.727227869999999,162,391692,84.0,2.9630908966064453,0.0001,97897
4664,2410,0.05,6.727253799999999,162,391776,84.0,0.09366367757320404,0.0001,97918
4665,2410,0.05,6.703020899999998,162,391860,84.0,0.21810147166252136,0.0001,97939
4666,2411,0.05,6.726333960000001,162,391944,84.0,3.5708041191101074,0.0001,97960
4667,2412,0.05,6.6883870100000005,162,392028,84.0,2.7425224781036377,0.0001,97981
4668,2412,0.05,6.688772480000001,162,392112,84.0,0.10069794207811356,0.0001,98002
4669,2413,0.05,6.76848752,162,392196,84.0,0.10710597038269043,0.0001,98023
4670,2413,0.05,6.77863065,162,392280,84.0,3.0937700271606445,0.0001,98044
4671,2414,0.05,6.8140775499999995,162,392364,84.0,0.13367140293121338,0.0001,98065
4672,2414,0.05,6.813949839999999,162,392448,84.0,0.1128547340631485,0.0001,98086
4673,2415,0.05,6.736513379999999,162,392532,84.0,0.1429947316646576,0.0001,98107
4674,2415,0.05,6.89115937,162,392616,84.0,0.19298535585403442,0.0001,98128
4675,2416,0.05,6.883691670000001,162,392700,84.0,0.09759454429149628,0.0001,98149
4676,2416,0.05,6.940104270000001,162,392784,84.0,3.016104221343994,0.0001,98170
4677,2417,0.05,6.958016,162,392868,84.0,3.2457780838012695,0.0001,98191
4678,2417,0.05,7.0604625500000004,162,392952,84.0,0.0705689936876297,0.0001,98212
4679,2418,0.05,7.11245083,162,393036,84.0,2.915512800216675,0.0001,98233
4680,2419,0.05,7.154724030000001,162,393120,84.0,2.810298204421997,0.0001,98254
4681,2419,0.05,7.162396210000001,162,393204,84.0,0.13961553573608398,0.0001,98275
4682,2420,0.05,7.22874497,162,393288,84.0,0.672714352607727,0.0001,98296
4683,2420,0.05,7.2271227,162,393372,84.0,2.8756542205810547,0.0001,98317
4684,2421,0.05,7.185404579999999,162,393456,84.0,2.8686299324035645,0.0001,98338
4685,2421,0.05,7.12715644,162,393540,84.0,0.19023077189922333,0.0001,98359
4686,2422,0.05,7.16216949,162,393624,84.0,0.06809493899345398,0.0001,98380
4687,2422,0.05,7.16980704,162,393708,84.0,3.2098145484924316,0.0001,98401
4688,2423,0.05,7.182940040000001,162,393792,84.0,0.09962277114391327,0.0001,98422
4689,2423,0.05,7.137169760000002,162,393876,84.0,0.171146959066391,0.0001,98443
4690,2424,0.05,7.1835534600000015,162,393960,84.0,0.12389989197254181,0.0001,98464
4691,2424,0.05,7.210983900000001,162,394044,84.0,0.1525207757949829,0.0001,98485
4692,2425,0.05,7.155053410000001,162,394128,84.0,0.09479546546936035,0.0001,98506
4693,2425,0.05,7.193196450000001,162,394212,84.0,0.09027086198329926,0.0001,98527
4694,2426,0.05,7.229834830000001,162,394296,84.0,0.15856389701366425,0.0001,98548
4695,2426,0.05,7.267019250000001,162,394380,84.0,0.024861447513103485,0.0001,98569
4696,2427,0.05,7.278210500000001,162,394464,84.0,2.788907289505005,0.0001,98590
4697,2427,0.05,7.2545173599999995,162,394548,84.0,0.187999427318573,0.0001,98611
4698,2428,0.05,7.23844698,162,394632,84.0,0.07809785008430481,0.0001,98632
4699,2428,0.05,7.19402195,162,394716,84.0,2.915027141571045,0.0001,98653
4700,2429,0.05,7.15900359,162,394800,84.0,0.0495731495320797,0.0001,98674
4701,2430,0.05,7.11163425,162,394884,84.0,0.18407723307609558,0.0001,98695
4702,2430,0.05,7.1424454399999995,162,394968,84.0,0.10775351524353027,0.0001,98716
4703,2431,0.05,7.134296759999999,162,395052,84.0,0.26965615153312683,0.0001,98737
4704,2431,0.05,7.27316054,162,395136,84.0,0.08961617946624756,0.0001,98758
4705,2432,0.05,7.307493300000001,162,395220,84.0,0.14271266758441925,0.0001,98779
4706,2432,0.05,7.340674060000001,162,395304,84.0,2.8000149726867676,0.0001,98800
4707,2433,0.05,7.372217030000002,162,395388,84.0,3.0810749530792236,0.0001,98821
4708,2433,0.05,7.40580975,162,395472,84.0,0.1793060302734375,0.0001,98842
4709,2434,0.05,7.39780227,162,395556,84.0,0.06968891620635986,0.0001,98863
4710,2434,0.05,7.350367660000001,162,395640,84.0,5.668216705322266,0.0001,98884
4711,2435,0.05,7.27268135,162,395724,84.0,0.5553078651428223,0.0001,98905
4712,2435,0.05,7.3258170499999995,162,395808,84.0,0.3982548713684082,0.0001,98926
4713,2436,0.05,7.31420779,162,395892,84.0,3.163731575012207,0.0001,98947
4714,2436,0.05,7.35246639,162,395976,84.0,2.7197957038879395,0.0001,98968
4715,2437,0.05,7.342584360000001,162,396060,84.0,0.08214275538921356,0.0001,98989
4716,2437,0.05,7.374617280000001,162,396144,84.0,0.05242517963051796,0.0001,99010
4717,2438,0.05,7.386863890000001,162,396228,84.0,0.14865878224372864,0.0001,99031
4718,2439,0.05,7.393451940000001,162,396312,84.0,0.09928662329912186,0.0001,99052
4719,2439,0.05,7.402306290000001,162,396396,84.0,2.84090256690979,0.0001,99073
4720,2440,0.05,7.421995240000002,162,396480,84.0,2.766526460647583,0.0001,99094
4721,2440,0.05,7.421749960000002,162,396564,84.0,0.14694653451442719,0.0001,99115
4722,2441,0.05,7.4311121600000005,162,396648,84.0,8.328689575195312,0.0001,99136
4723,2441,0.05,7.4377008899999995,162,396732,84.0,2.8965423107147217,0.0001,99157
4724,2441,0.05,7.5416951800000005,162,396816,84.0,0.21538183093070984,0.0001,99178
4725,2442,0.05,7.5095027000000005,162,396900,84.0,0.09027508646249771,0.0001,99199
4726,2443,0.05,7.517768450000001,162,396984,84.0,0.14539743959903717,0.0001,99220
4727,2443,0.05,7.483052470000001,162,397068,84.0,0.3875553607940674,0.0001,99241
4728,2444,0.05,7.39766251,162,397152,84.0,0.07619525492191315,0.0001,99262
4729,2444,0.05,7.402782940000001,162,397236,84.0,0.17917406558990479,0.0001,99283
4730,2445,0.05,7.378015360000001,162,397320,84.0,0.28350600600242615,0.0001,99304
4731,2445,0.05,7.46147653,162,397404,84.0,3.030839443206787,0.0001,99325
4732,2446,0.05,7.504140319999999,162,397488,84.0,2.909674882888794,0.0001,99346
4733,2446,0.05,7.496051069999998,162,397572,84.0,3.0289947986602783,0.0001,99367
4734,2447,0.05,7.5237349999999985,162,397656,84.0,0.14601127803325653,0.0001,99388
4735,2447,0.05,7.50210481,162,397740,84.0,0.37998712062835693,0.0001,99409
4736,2448,0.05,7.4849619800000005,162,397824,84.0,0.0667475014925003,0.0001,99430
4737,2449,0.05,7.392817010000001,162,397908,84.0,2.981674909591675,0.0001,99451
4738,2449,0.05,7.418488290000002,162,397992,84.0,5.834536075592041,0.0001,99472
4739,2450,0.05,7.425040790000001,162,398076,84.0,2.8555753231048584,0.0001,99493
4740,2450,0.05,7.413940010000001,162,398160,84.0,0.11500342190265656,0.0001,99514
4741,2451,0.05,7.419693229999999,162,398244,84.0,0.14930634200572968,0.0001,99535
4742,2451,0.05,7.42966373,162,398328,84.0,2.963949203491211,0.0001,99556
4743,2452,0.05,7.479983119999999,162,398412,84.0,0.24944627285003662,0.0001,99577
4744,2452,0.05,7.407907720000001,162,398496,84.0,2.989745855331421,0.0001,99598
4745,2453,0.05,7.438909069999999,162,398580,84.0,0.07097028940916061,0.0001,99619
4746,2454,0.05,7.410962969999999,162,398664,84.0,0.11202123761177063,0.0001,99640
4747,2454,0.05,7.37242635,162,398748,84.0,0.11926068365573883,0.0001,99661
4748,2455,0.05,7.4054271599999995,162,398832,84.0,2.833085775375366,0.0001,99682
4749,2455,0.05,7.399667010000001,162,398916,84.0,3.3022711277008057,0.0001,99703
4750,2456,0.05,7.346259730000002,162,399000,84.0,0.18015535175800323,0.0001,99724
4751,2456,0.05,7.301198280000002,162,399084,84.0,2.7340781688690186,0.0001,99745
4752,2457,0.05,7.199419690000002,162,399168,84.0,0.08313315361738205,0.0001,99766
4753,2457,0.05,7.193936600000002,162,399252,84.0,2.9000656604766846,0.0001,99787
4754,2458,0.05,7.187728850000002,162,399336,84.0,0.06874392926692963,0.0001,99808
4755,2458,0.05,7.167541280000002,162,399420,84.0,2.7921829223632812,0.0001,99829
4756,2459,0.05,7.1485902,162,399504,84.0,3.1382532119750977,0.0001,99850
4757,2459,0.05,7.16501986,162,399588,84.0,3.1782033443450928,0.0001,99871
4758,2460,0.05,7.25250035,162,399672,84.0,0.10352915525436401,0.0001,99892
4759,2460,0.05,7.14985734,162,399756,84.0,0.07012265920639038,0.0001,99913
4760,2461,0.05,7.2464323,162,399840,84.0,0.10334939509630203,0.0001,99934
4761,2461,0.05,7.25943573,162,399924,84.0,0.16102302074432373,0.0001,99955
4762,2462,0.05,7.24793655,162,400008,84.0,0.10806982964277267,0.0001,99976
4763,2463,0.05,7.2673707400000005,162,400092,84.0,5.581634998321533,0.0001,99997
4764,2463,0.05,7.29135341,162,400176,84.0,2.9950499534606934,0.0001,100018
4765,2464,0.05,7.324009620000001,162,400260,84.0,0.10637219995260239,0.0001,100039
4766,2464,0.05,7.297541730000002,162,400344,84.0,0.13815146684646606,0.0001,100060
4767,2465,0.05,7.3140914100000005,162,400428,84.0,0.14432527124881744,0.0001,100081
4768,2465,0.05,7.36366641,162,400512,84.0,0.10148341953754425,0.0001,100102
4769,2466,0.05,7.3798882400000005,162,400596,84.0,2.960310935974121,0.0001,100123
4770,2466,0.05,7.37854441,162,400680,84.0,5.659843444824219,0.0001,100144
4771,2467,0.05,7.379415049999999,162,400764,84.0,0.14506301283836365,0.0001,100165
4772,2467,0.05,7.35979447,162,400848,84.0,0.12950655817985535,0.0001,100186
4773,2468,0.05,7.42863356,162,400932,84.0,0.0790037289261818,0.0001,100207
4774,2468,0.05,7.320398300000001,162,401016,84.0,2.769824504852295,0.0001,100228
4775,2469,0.05,7.330377040000001,162,401100,84.0,2.762887477874756,0.0001,100249
4776,2469,0.05,7.2981503100000005,162,401184,84.0,0.06751230359077454,0.0001,100270
4777,2470,0.05,7.2816442200000004,162,401268,84.0,0.1480829119682312,0.0001,100291
4778,2471,0.05,7.255337460000001,162,401352,84.0,0.128544881939888,0.0001,100312
4779,2471,0.05,7.209244529999999,162,401436,84.0,0.17473512887954712,0.0001,100333
4780,2472,0.05,7.206020470000001,162,401520,84.0,0.3346043825149536,0.0001,100354
4781,2472,0.05,7.151226810000001,162,401604,84.0,3.0844035148620605,0.0001,100375
4782,2473,0.05,7.145138449999999,162,401688,84.0,2.7402396202087402,0.0001,100396
4783,2473,0.05,7.137222179999998,162,401772,84.0,3.053593158721924,0.0001,100417
4784,2474,0.05,7.21574449,162,401856,84.0,0.08664347231388092,0.0001,100438
4785,2474,0.05,7.261089049999999,162,401940,84.0,0.10318247973918915,0.0001,100459
4786,2475,0.05,7.28487624,162,402024,84.0,0.07435330748558044,0.0001,100480
4787,2475,0.05,7.4015848900000005,162,402108,84.0,0.039285674691200256,0.0001,100501
4788,2476,0.05,7.439207380000002,162,402192,84.0,3.249887466430664,0.0001,100522
4789,2476,0.05,7.411543260000001,162,402276,84.0,0.10764281451702118,0.0001,100543
4790,2477,0.05,7.367740000000001,162,402360,84.0,0.07232753932476044,0.0001,100564
4791,2477,0.05,7.358604130000001,162,402444,84.0,0.1878841519355774,0.0001,100585
4792,2478,0.05,7.42258767,162,402528,84.0,0.10249151289463043,0.0001,100606
4793,2478,0.05,7.4060216,162,402612,84.0,2.72746205329895,0.0001,100627
4794,2479,0.05,7.376988290000002,162,402696,84.0,0.14022976160049438,0.0001,100648
4795,2479,0.05,7.3690204600000015,162,402780,84.0,3.1694679260253906,0.0001,100669
4796,2480,0.05,7.388216120000001,162,402864,84.0,0.12973949313163757,0.0001,100690
4797,2480,0.05,7.42749228,162,402948,84.0,0.11312519758939743,0.0001,100711
4798,2481,0.05,7.4329281200000015,162,403032,84.0,2.96215558052063,0.0001,100732
4799,2482,0.05,7.37749317,162,403116,84.0,0.0848626047372818,0.0001,100753
4800,2482,0.05,7.400393580000001,162,403200,84.0,0.2912232279777527,0.0001,100774
4801,2483,0.05,7.467444770000001,162,403284,84.0,0.09963527321815491,0.0001,100795
4802,2483,0.05,7.45178253,162,403368,84.0,0.12294340133666992,0.0001,100816
4803,2484,0.05,7.4731822900000004,162,403452,84.0,0.11884468793869019,0.0001,100837
4804,2484,0.05,7.413801480000002,162,403536,84.0,2.832764148712158,0.0001,100858
4805,2485,0.05,7.49343653,162,403620,84.0,5.682187557220459,0.0001,100879
4806,2485,0.05,7.48869877,162,403704,84.0,5.7433600425720215,0.0001,100900
4807,2486,0.05,7.47364806,162,403788,84.0,0.1700780838727951,0.0001,100921
4808,2486,0.05,7.593719129999999,162,403872,84.0,0.3419356942176819,0.0001,100942
4809,2487,0.05,7.606096,162,403956,84.0,0.20100781321525574,0.0001,100963
4810,2487,0.05,7.598798319999999,162,404040,84.0,0.331874281167984,0.0001,100984
4811,2488,0.05,7.706290310000001,162,404124,84.0,0.2637132704257965,0.0001,101005
4812,2488,0.05,7.699200029999999,162,404208,84.0,2.91154408454895,0.0001,101026
4813,2489,0.05,7.7016095700000005,162,404292,84.0,5.628126621246338,0.0001,101047
4814,2490,0.05,7.6875377500000015,162,404376,84.0,0.11726559698581696,0.0001,101068
4815,2490,0.05,7.691737210000001,162,404460,84.0,0.21411505341529846,0.0001,101089
4816,2491,0.05,7.722811650000001,162,404544,84.0,2.8321945667266846,0.0001,101110
4817,2491,0.05,7.718104530000001,162,404628,84.0,0.45883500576019287,0.0001,101131
4818,2492,0.05,7.706948730000001,162,404712,84.0,0.17722751200199127,0.0001,101152
4819,2492,0.05,7.6760784,162,404796,84.0,0.16069167852401733,0.0001,101173
4820,2493,0.05,7.697204429999999,162,404880,84.0,0.17429709434509277,0.0001,101194
4821,2493,0.05,7.65480897,162,404964,84.0,0.0924917459487915,0.0001,101215
4822,2494,0.05,7.639414949999999,162,405048,84.0,0.05486813932657242,0.0001,101236
4823,2495,0.05,7.61968586,162,405132,84.0,6.160380840301514,0.0001,101257
4824,2495,0.05,7.60386,162,405216,84.0,0.09059935808181763,0.0001,101278
4825,2496,0.05,7.637440620000001,162,405300,84.0,0.4990520179271698,0.0001,101299
4826,2496,0.05,7.6521906400000015,162,405384,84.0,3.1008124351501465,0.0001,101320
4827,2497,0.05,7.64696818,162,405468,84.0,0.10272595286369324,0.0001,101341
4828,2497,0.05,7.6693070599999995,162,405552,84.0,0.20556291937828064,0.0001,101362
4829,2498,0.05,7.65607212,162,405636,84.0,0.1558876633644104,0.0001,101383
4830,2498,0.05,7.647839609999998,162,405720,84.0,0.10933621972799301,0.0001,101404
4831,2499,0.05,7.636204759999999,162,405804,84.0,5.8622050285339355,0.0001,101425
4832,2499,0.05,7.57660941,162,405888,84.0,0.10385887324810028,0.0001,101446
4833,2500,0.05,7.60773394,162,405972,84.0,0.05993092805147171,0.0001,101467
4834,2500,0.05,7.585238530000002,162,406056,84.0,2.960766553878784,0.0001,101488
4835,2501,0.05,7.576211250000003,162,406140,84.0,3.1798830032348633,0.0001,101509
4836,2501,0.05,7.5722688400000004,162,406224,84.0,0.14167901873588562,0.0001,101530
4837,2502,0.05,7.5827110300000005,162,406308,84.0,0.06199827045202255,0.0001,101551
4838,2502,0.05,7.546028570000001,162,406392,84.0,2.813624382019043,0.0001,101572
4839,2503,0.05,7.564647230000002,162,406476,84.0,0.33131664991378784,0.0001,101593
4840,2503,0.05,7.53038365,162,406560,84.0,0.3507784605026245,0.0001,101614
4841,2504,0.05,7.493532290000001,162,406644,84.0,0.06759656220674515,0.0001,101635
4842,2504,0.05,7.498029170000001,162,406728,84.0,2.7544329166412354,0.0001,101656
4843,2505,0.05,7.520208610000001,162,406812,84.0,2.913008689880371,0.0001,101677
4844,2506,0.05,7.5641320599999995,162,406896,84.0,0.09083715081214905,0.0001,101698
4845,2506,0.05,7.5105919,162,406980,84.0,3.0086987018585205,0.0001,101719
4846,2507,0.05,7.554838889999998,162,407064,84.0,0.15100060403347015,0.0001,101740
4847,2507,0.05,7.573525979999999,162,407148,84.0,0.11217185109853745,0.0001,101761
4848,2508,0.05,7.563096559999999,162,407232,84.0,0.04354911297559738,0.0001,101782
4849,2508,0.05,7.53747205,162,407316,84.0,0.14877714216709137,0.0001,101803
4850,2509,0.05,7.584442050000002,162,407400,84.0,2.9805452823638916,0.0001,101824
4851,2509,0.05,7.595234799999999,162,407484,84.0,0.17729046940803528,0.0001,101845
4852,2510,0.05,7.632969319999998,162,407568,84.0,0.08647119998931885,0.0001,101866
4853,2510,0.05,7.720971990000001,162,407652,84.0,3.002323865890503,0.0001,101887
4854,2511,0.05,7.67024315,162,407736,84.0,0.1489371657371521,0.0001,101908
4855,2511,0.05,7.671845030000001,162,407820,84.0,0.13651645183563232,0.0001,101929
4856,2512,0.05,7.6763309500000005,162,407904,84.0,0.0897657722234726,0.0001,101950
4857,2512,0.05,7.65138834,162,407988,84.0,0.15429940819740295,0.0001,101971
4858,2513,0.05,7.6573948099999996,162,408072,84.0,3.2908315658569336,0.0001,101992
4859,2514,0.05,7.641223549999999,162,408156,84.0,3.086005687713623,0.0001,102013
4860,2514,0.05,7.6340924800000005,162,408240,84.0,0.18775981664657593,0.0001,102034
4861,2515,0.05,7.72162943,162,408324,84.0,0.102866530418396,0.0001,102055
4862,2515,0.05,7.711080330000001,162,408408,84.0,0.18783697485923767,0.0001,102076
4863,2515,0.05,7.74712391,162,408492,84.0,2.9897119998931885,0.0001,102097
4864,2516,0.05,7.753381430000001,162,408576,84.0,0.05279051139950752,0.0001,102118
4865,2517,0.05,7.744811060000002,162,408660,84.0,5.902313709259033,0.0001,102139
4866,2517,0.05,7.73579266,162,408744,84.0,0.07640202343463898,0.0001,102160
4867,2518,0.05,7.747555150000002,162,408828,84.0,3.327515125274658,0.0001,102181
4868,2518,0.05,7.662828750000002,162,408912,84.0,0.11507914960384369,0.0001,102202
4869,2519,0.05,7.617905810000001,162,408996,84.0,3.113689661026001,0.0001,102223
4870,2519,0.05,7.636861,162,409080,84.0,0.2332289218902588,0.0001,102244
4871,2520,0.05,7.6167799,162,409164,84.0,0.09916730970144272,0.0001,102265
4872,2520,0.05,7.60380008,162,409248,84.0,0.13813403248786926,0.0001,102286
4873,2521,0.05,7.56910868,162,409332,84.0,0.12723100185394287,0.0001,102307
4874,2521,0.05,7.54386412,162,409416,84.0,2.9033892154693604,0.0001,102328
4875,2522,0.05,7.521948750000002,162,409500,84.0,0.12725085020065308,0.0001,102349
4876,2522,0.05,7.522654370000001,162,409584,84.0,0.5279284715652466,0.0001,102370
4877,2523,0.05,7.51413091,162,409668,84.0,0.06730861961841583,0.0001,102391
4878,2523,0.05,7.485429369999999,162,409752,84.0,2.759248733520508,0.0001,102412
4879,2524,0.05,7.5149013999999985,162,409836,84.0,0.05750701203942299,0.0001,102433
4880,2525,0.05,7.533701689999998,162,409920,84.0,0.0924631655216217,0.0001,102454
4881,2525,0.05,7.563722319999998,162,410004,84.0,2.980351209640503,0.0001,102475
4882,2526,0.05,7.592033849999999,162,410088,84.0,2.761582136154175,0.0001,102496
4883,2526,0.05,7.6123501299999985,162,410172,84.0,0.07465697079896927,0.0001,102517
4884,2527,0.05,7.556316519999999,162,410256,84.0,0.08927401155233383,0.0001,102538
4885,2527,0.05,7.52608519,162,410340,84.0,0.25708574056625366,0.0001,102559
4886,2528,0.05,7.473061449999999,162,410424,84.0,0.16052979230880737,0.0001,102580
4887,2528,0.05,7.37542906,162,410508,84.0,0.36601734161376953,0.0001,102601
4888,2529,0.05,7.357275039999999,162,410592,84.0,0.08734163641929626,0.0001,102622
4889,2529,0.05,7.35338703,162,410676,84.0,3.03013277053833,0.0001,102643
4890,2530,0.05,7.3586664299999995,162,410760,84.0,0.1305849850177765,0.0001,102664
4891,2530,0.05,7.325604300000001,162,410844,84.0,5.6934123039245605,0.0001,102685
4892,2531,0.05,7.278042080000001,162,410928,84.0,3.2300150394439697,0.0001,102706
4893,2531,0.05,7.303339139999999,162,411012,84.0,0.4709542989730835,0.0001,102727
4894,2532,0.05,7.404366,162,411096,84.0,0.1946282833814621,0.0001,102748
4895,2532,0.05,7.393192449999999,162,411180,84.0,0.0765964537858963,0.0001,102769
4896,2533,0.05,7.3998857199999994,162,411264,84.0,3.015852212905884,0.0001,102790
4897,2533,0.05,7.402451189999999,162,411348,84.0,2.8566133975982666,0.0001,102811
4898,2534,0.05,7.454993719999999,162,411432,84.0,0.14957493543624878,0.0001,102832
4899,2534,0.05,7.511669540000001,162,411516,84.0,0.09347984194755554,0.0001,102853
4900,2535,0.05,7.51790215,162,411600,84.0,0.07290883362293243,0.0001,102874
4901,2536,0.05,7.49513597,162,411684,84.0,0.19321754574775696,0.0001,102895
4902,2536,0.05,7.515309429999999,162,411768,84.0,0.15274685621261597,0.0001,102916
4903,2537,0.05,7.51087472,162,411852,84.0,0.1360115259885788,0.0001,102937
4904,2537,0.05,7.487973739999998,162,411936,84.0,3.247678518295288,0.0001,102958
4905,2538,0.05,7.405184940000001,162,412020,84.0,0.17507579922676086,0.0001,102979
4906,2538,0.05,7.373903539999999,162,412104,84.0,2.9359312057495117,0.0001,103000
4907,2539,0.05,7.45825779,162,412188,84.0,0.10631443560123444,0.0001,103021
4908,2539,0.05,7.373382820000001,162,412272,84.0,0.1585499346256256,0.0001,103042
4909,2540,0.05,7.396004910000001,162,412356,84.0,0.11893812566995621,0.0001,103063
4910,2540,0.05,7.399732780000001,162,412440,84.0,0.10343032330274582,0.0001,103084
4911,2541,0.05,7.316671550000001,162,412524,84.0,0.15735849738121033,0.0001,103105
4912,2541,0.05,7.295410740000001,162,412608,84.0,3.061304807662964,0.0001,103126
4913,2542,0.05,7.324135120000001,162,412692,84.0,0.15011562407016754,0.0001,103147
4914,2542,0.05,7.354040010000001,162,412776,84.0,0.14182236790657043,0.0001,103168
4915,2543,0.05,7.36191163,162,412860,84.0,2.919787645339966,0.0001,103189
4916,2543,0.05,7.337433659999999,162,412944,84.0,0.09351164102554321,0.0001,103210
4917,2544,0.05,7.361114419999999,162,413028,84.0,0.05689141899347305,0.0001,103231
4918,2544,0.05,7.43982831,162,413112,84.0,5.809310436248779,0.0001,103252
4919,2545,0.05,7.486990949999999,162,413196,84.0,3.1327438354492188,0.0001,103273
4920,2546,0.05,7.425035500000002,162,413280,84.0,0.05972994118928909,0.0001,103294
4921,2546,0.05,7.450924020000001,162,413364,84.0,3.147367477416992,0.0001,103315
4922,2547,0.05,7.469555040000001,162,413448,84.0,2.9017534255981445,0.0001,103336
4923,2547,0.05,7.44748565,162,413532,84.0,0.07812531292438507,0.0001,103357
4924,2548,0.05,7.48545555,162,413616,84.0,0.14945515990257263,0.0001,103378
4925,2548,0.05,7.48135391,162,413700,84.0,2.9139204025268555,0.0001,103399
4926,2549,0.05,7.405937399999999,162,413784,84.0,0.22547078132629395,0.0001,103420
4927,2549,0.05,7.41726668,162,413868,84.0,0.10137021541595459,0.0001,103441
4928,2550,0.05,7.420679379999999,162,413952,84.0,2.910017251968384,0.0001,103462
4929,2550,0.05,7.44018293,162,414036,84.0,0.2151036262512207,0.0001,103483
4930,2551,0.05,7.4439629,162,414120,84.0,3.3121509552001953,0.0001,103504
4931,2551,0.05,7.406921069999998,162,414204,84.0,0.08544418960809708,0.0001,103525
4932,2552,0.05,7.389552259999999,162,414288,84.0,0.07979501783847809,0.0001,103546
4933,2552,0.05,7.396036809999999,162,414372,84.0,3.2059876918792725,0.0001,103567
4934,2553,0.05,7.431328069999999,162,414456,84.0,2.9118123054504395,0.0001,103588
4935,2554,0.05,7.45125283,162,414540,84.0,0.25901979207992554,0.0001,103609
4936,2554,0.05,7.45973121,162,414624,84.0,3.143141746520996,0.0001,103630
4937,2555,0.05,7.37936388,162,414708,84.0,2.783252716064453,0.0001,103651
4938,2555,0.05,7.37936842,162,414792,84.0,0.0816752165555954,0.0001,103672
4939,2556,0.05,7.414108639999999,162,414876,84.0,2.9549624919891357,0.0001,103693
4940,2556,0.05,7.451747050000002,162,414960,84.0,0.25338393449783325,0.0001,103714
4941,2557,0.05,7.41996144,162,415044,84.0,0.08982382714748383,0.0001,103735
4942,2557,0.05,7.40883812,162,415128,84.0,0.11213598400354385,0.0001,103756
4943,2558,0.05,7.42792222,162,415212,84.0,6.163813591003418,0.0001,103777
4944,2559,0.05,7.4350795199999995,162,415296,84.0,0.0947011411190033,0.0001,103798
4945,2559,0.05,7.47794827,162,415380,84.0,0.2190452665090561,0.0001,103819
4946,2560,0.05,7.530669979999999,162,415464,84.0,3.045837640762329,0.0001,103840
4947,2560,0.05,7.5384102199999985,162,415548,84.0,0.12420988082885742,0.0001,103861
4948,2561,0.05,7.524789259999998,162,415632,84.0,0.1337314248085022,0.0001,103882
4949,2561,0.05,7.540071929999999,162,415716,84.0,0.23739267885684967,0.0001,103903
4950,2562,0.05,7.49954289,162,415800,84.0,0.06002069264650345,0.0001,103924
4951,2562,0.05,7.57841365,162,415884,84.0,2.8306260108947754,0.0001,103945
4952,2563,0.05,7.570510610000001,162,415968,84.0,0.1689557433128357,0.0001,103966
4953,2563,0.05,7.538190299999999,162,416052,84.0,0.029284190386533737,0.0001,103987
4954,2564,0.05,7.578360340000001,162,416136,84.0,0.09603367000818253,0.0001,104008
4955,2564,0.05,7.541484860000001,162,416220,84.0,0.21286198496818542,0.0001,104029
4956,2565,0.05,7.5562920700000005,162,416304,84.0,5.807629585266113,0.0001,104050
4957,2566,0.05,7.56500418,162,416388,84.0,0.04274013265967369,0.0001,104071
4958,2566,0.05,7.55225461,162,416472,84.0,0.15785354375839233,0.0001,104092
4959,2567,0.05,7.54174403,162,416556,84.0,5.835428714752197,0.0001,104113
4960,2567,0.05,7.4927615,162,416640,84.0,0.06794887781143188,0.0001,104134
4961,2568,0.05,7.41983511,162,416724,84.0,3.40281081199646,0.0001,104155
4962,2568,0.05,7.423093780000001,162,416808,84.0,0.2803458571434021,0.0001,104176
4963,2569,0.05,7.4117143400000005,162,416892,84.0,2.9994699954986572,0.0001,104197
4964,2569,0.05,7.414241210000001,162,416976,84.0,3.298564910888672,0.0001,104218
4965,2570,0.05,7.3980567100000005,162,417060,84.0,0.19538438320159912,0.0001,104239
4966,2570,0.05,7.345689860000001,162,417144,84.0,2.8158793449401855,0.0001,104260
4967,2571,0.05,7.35539081,162,417228,84.0,0.3904654383659363,0.0001,104281
4968,2571,0.05,7.343803739999999,162,417312,84.0,0.11146600544452667,0.0001,104302
4969,2572,0.05,7.263255439999999,162,417396,84.0,2.698915958404541,0.0001,104323
4970,2573,0.05,7.277426589999999,162,417480,84.0,0.13873402774333954,0.0001,104344
4971,2573,0.05,7.313843819999999,162,417564,84.0,2.8042171001434326,0.0001,104365
4972,2574,0.05,7.334143029999999,162,417648,84.0,0.04800732806324959,0.0001,104386
4973,2574,0.05,7.374760479999999,162,417732,84.0,8.918373107910156,0.0001,104407
4974,2575,0.05,7.430350949999999,162,417816,84.0,3.159043312072754,0.0001,104428
4975,2575,0.05,7.484087929999999,162,417900,84.0,0.30453091859817505,0.0001,104449
4976,2576,0.05,7.463150959999999,162,417984,84.0,0.09427128732204437,0.0001,104470
4977,2576,0.05,7.588322199999999,162,418068,84.0,3.1085991859436035,0.0001,104491
4978,2577,0.05,7.54821237,162,418152,84.0,0.04877889156341553,0.0001,104512
4979,2577,0.05,7.551208139999999,162,418236,84.0,3.370983839035034,0.0001,104533
4980,2578,0.05,7.553082209999999,162,418320,84.0,0.08533899486064911,0.0001,104554
4981,2578,0.05,7.529431849999998,162,418404,84.0,0.28213801980018616,0.0001,104575
4982,2579,0.05,7.411227549999999,162,418488,84.0,0.10203735530376434,0.0001,104596
4983,2579,0.05,7.341320130000001,162,418572,84.0,0.06283007562160492,0.0001,104617
4984,2580,0.05,7.34251429,162,418656,84.0,2.921171188354492,0.0001,104638
4985,2580,0.05,7.4243006000000005,162,418740,84.0,0.11477968841791153,0.0001,104659
4986,2581,0.05,7.46925519,162,418824,84.0,0.15197353065013885,0.0001,104680
4987,2581,0.05,7.46571195,162,418908,84.0,0.04103199765086174,0.0001,104701
4988,2582,0.05,7.46370951,162,418992,84.0,0.17488130927085876,0.0001,104722
4989,2582,0.05,7.43645517,162,419076,84.0,2.7251639366149902,0.0001,104743
4990,2583,0.05,7.475331789999999,162,419160,84.0,0.4205312728881836,0.0001,104764
4991,2584,0.05,7.46483474,162,419244,84.0,0.1068115085363388,0.0001,104785
4992,2584,0.05,7.508053769999999,162,419328,84.0,2.855398178100586,0.0001,104806
4993,2584,0.05,7.506573929999999,162,419412,84.0,0.08608952164649963,0.0001,104827
4994,2585,0.05,7.39068145,162,419496,84.0,0.0981178879737854,0.0001,104848
4995,2586,0.05,7.38523004,162,419580,84.0,0.046785179525613785,0.0001,104869
4996,2586,0.05,7.391031070000001,162,419664,84.0,0.12741558253765106,0.0001,104890
4997,2587,0.05,7.3729897100000015,162,419748,84.0,0.2380618453025818,0.0001,104911
4998,2587,0.05,7.3084514899999995,162,419832,84.0,2.750317335128784,0.0001,104932
4999,2588,0.05,7.319601080000002,162,419916,84.0,0.1297995001077652,0.0001,104953
5000,2589,0.05,7.300642740000001,162,420000,84.0,3.25956130027771,0.0001,104974
5001,2589,0.05,7.265479380000001,162,420084,84.0,3.0022168159484863,0.0001,104995
5002,2590,0.05,7.421439299999999,162,420168,84.0,2.807486057281494,0.0001,105016
5003,2590,0.05,7.426937680000001,162,420252,84.0,2.9095959663391113,0.0001,105037
5004,2591,0.05,7.409457120000001,162,420336,84.0,0.09606431424617767,0.0001,105058
5005,2591,0.05,7.420833170000001,162,420420,84.0,0.11307881027460098,0.0001,105079
5006,2592,0.05,7.45819232,162,420504,84.0,2.70982027053833,0.0001,105100
5007,2592,0.05,7.422987680000001,162,420588,84.0,0.04736804962158203,0.0001,105121
5008,2593,0.05,7.417787929999999,162,420672,84.0,0.07797499746084213,0.0001,105142
5009,2593,0.05,7.405576119999999,162,420756,84.0,0.1436634063720703,0.0001,105163
5010,2594,0.05,7.436971539999999,162,420840,84.0,0.17872850596904755,0.0001,105184
5011,2594,0.05,7.41772704,162,420924,84.0,3.1466143131256104,0.0001,105205
5012,2595,0.05,7.40860002,162,421008,84.0,0.044661663472652435,0.0001,105226
5013,2595,0.05,7.38033731,162,421092,84.0,0.09095543622970581,0.0001,105247
5014,2596,0.05,7.328477009999999,162,421176,84.0,3.052884817123413,0.0001,105268
5015,2597,0.05,7.446293739999999,162,421260,84.0,0.3828103840351105,0.0001,105289
5016,2597,0.05,7.458108249999999,162,421344,84.0,0.12046390771865845,0.0001,105310
5017,2598,0.05,7.443802559999999,162,421428,84.0,3.234628677368164,0.0001,105331
5018,2598,0.05,7.318614249999999,162,421512,84.0,3.29249906539917,0.0001,105352
5019,2599,0.05,7.32528726,162,421596,84.0,3.0896544456481934,0.0001,105373
5020,2599,0.05,7.33791767,162,421680,84.0,0.0864260345697403,0.0001,105394
5021,2600,0.05,7.376570409999999,162,421764,84.0,3.290273427963257,0.0001,105415
5022,2600,0.05,7.36905302,162,421848,84.0,2.752697467803955,0.0001,105436
5023,2601,0.05,7.37798179,162,421932,84.0,5.478304386138916,0.0001,105457
5024,2602,0.05,7.34924895,162,422016,84.0,0.07742875069379807,0.0001,105478
5025,2602,0.05,7.34215015,162,422100,84.0,0.14291341602802277,0.0001,105499
5026,2603,0.05,7.40814864,162,422184,84.0,9.080772399902344,0.0001,105520
5027,2603,0.05,7.41655124,162,422268,84.0,2.8219261169433594,0.0001,105541
5028,2604,0.05,7.376634770000001,162,422352,84.0,2.8420896530151367,0.0001,105562
5029,2604,0.05,7.3900215000000005,162,422436,84.0,0.12015707790851593,0.0001,105583
5030,2605,0.05,7.393327909999999,162,422520,84.0,0.29058513045310974,0.0001,105604
5031,2605,0.05,7.40130602,162,422604,84.0,0.05655117332935333,0.0001,105625
5032,2606,0.05,7.37342357,162,422688,84.0,0.1271354854106903,0.0001,105646
5033,2606,0.05,7.366883200000001,162,422772,84.0,0.08654086291790009,0.0001,105667
5034,2607,0.05,7.345441910000001,162,422856,84.0,0.2883107662200928,0.0001,105688
5035,2607,0.05,7.33238969,162,422940,84.0,2.8896634578704834,0.0001,105709
5036,2608,0.05,7.31300154,162,423024,84.0,0.04463911056518555,0.0001,105730
5037,2608,0.05,7.409215689999999,162,423108,84.0,3.141021966934204,0.0001,105751
5038,2609,0.05,7.38418249,162,423192,84.0,0.16161604225635529,0.0001,105772
5039,2609,0.05,7.355407059999999,162,423276,84.0,0.38477709889411926,0.0001,105793
5040,2610,0.05,7.420584559999998,162,423360,84.0,0.04355340451002121,0.0001,105814
5041,2610,0.05,7.45385582,162,423444,84.0,0.13596192002296448,0.0001,105835
5042,2611,0.05,7.452455399999999,162,423528,84.0,0.18887761235237122,0.0001,105856
5043,2612,0.05,7.42148058,162,423612,84.0,0.0628451332449913,0.0001,105877
5044,2612,0.05,7.34825666,162,423696,84.0,0.13555075228214264,0.0001,105898
5045,2613,0.05,7.355756770000002,162,423780,84.0,0.06719920039176941,0.0001,105919
5046,2613,0.05,7.2949634900000015,162,423864,84.0,0.1540408730506897,0.0001,105940
5047,2614,0.05,7.258929930000002,162,423948,84.0,2.9673562049865723,0.0001,105961
5048,2614,0.05,7.272550150000001,162,424032,84.0,0.02184751257300377,0.0001,105982
5049,2615,0.05,7.25561768,162,424116,84.0,0.23694975674152374,0.0001,106003
5050,2615,0.05,7.28903805,162,424200,84.0,0.09197761863470078,0.0001,106024
5051,2616,0.05,7.214025489999999,162,424284,84.0,0.05446268618106842,0.0001,106045
5052,2616,0.05,7.1898189200000004,162,424368,84.0,2.935946464538574,0.0001,106066
5053,2617,0.05,7.173436390000001,162,424452,84.0,0.07181120663881302,0.0001,106087
5054,2617,0.05,7.205931489999999,162,424536,84.0,2.863015651702881,0.0001,106108
5055,2618,0.05,7.2386374999999985,162,424620,84.0,0.3514424264431,0.0001,106129
5056,2618,0.05,7.217414869999999,162,424704,84.0,3.056579828262329,0.0001,106150
5057,2619,0.05,7.197689359999999,162,424788,84.0,0.06868820637464523,0.0001,106171
5058,2619,0.05,7.2003658999999995,162,424872,84.0,0.26171180605888367,0.0001,106192
5059,2620,0.05,7.110918439999999,162,424956,84.0,0.06162988394498825,0.0001,106213
5060,2621,0.05,7.15435818,162,425040,84.0,2.918776750564575,0.0001,106234
5061,2621,0.05,7.14093073,162,425124,84.0,0.060933344066143036,0.0001,106255
5062,2622,0.05,7.21750681,162,425208,84.0,0.2155909240245819,0.0001,106276
5063,2622,0.05,7.23815615,162,425292,84.0,0.07811214029788971,0.0001,106297
5064,2623,0.05,7.217619840000001,162,425376,84.0,0.20932874083518982,0.0001,106318
5065,2623,0.05,7.205301069999999,162,425460,84.0,5.630370616912842,0.0001,106339
5066,2624,0.05,7.30114243,162,425544,84.0,3.103088855743408,0.0001,106360
5067,2624,0.05,7.24877845,162,425628,84.0,2.731651782989502,0.0001,106381
5068,2625,0.05,7.260158480000001,162,425712,84.0,0.21700498461723328,0.0001,106402
5069,2625,0.05,7.315330520000001,162,425796,84.0,0.09019558131694794,0.0001,106423
5070,2626,0.05,7.301907840000001,162,425880,84.0,0.10693474858999252,0.0001,106444
5071,2626,0.05,7.3177205600000015,162,425964,84.0,2.97460675239563,0.0001,106465
5072,2627,0.05,7.333504940000001,162,426048,84.0,0.2836274802684784,0.0001,106486
5073,2627,0.05,7.296354709999999,162,426132,84.0,0.09929106384515762,0.0001,106507
5074,2628,0.05,7.26053336,162,426216,84.0,0.062077656388282776,0.0001,106528
5075,2629,0.05,7.19989624,162,426300,84.0,0.09383176267147064,0.0001,106549
5076,2629,0.05,7.212513599999999,162,426384,84.0,0.20805300772190094,0.0001,106570
5077,2629,0.05,7.07628056,162,426468,84.0,0.06995334476232529,0.0001,106591
5078,2630,0.05,7.10430594,162,426552,84.0,3.0450046062469482,0.0001,106612
5079,2631,0.05,7.11251748,162,426636,84.0,2.9256603717803955,0.0001,106633
5080,2631,0.05,7.066459329999999,162,426720,84.0,0.11923664063215256,0.0001,106654
5081,2632,0.05,7.084204049999999,162,426804,84.0,2.8896589279174805,0.0001,106675
5082,2632,0.05,7.15795559,162,426888,84.0,3.185208559036255,0.0001,106696
5083,2633,0.05,7.24250853,162,426972,84.0,0.056303028017282486,0.0001,106717
5084,2633,0.05,7.2496012,162,427056,84.0,2.9294469356536865,0.0001,106738
5085,2634,0.05,7.2035096,162,427140,84.0,2.9044666290283203,0.0001,106759
5086,2634,0.05,7.154280839999999,162,427224,84.0,0.09970869868993759,0.0001,106780
5087,2635,0.05,7.146974019999999,162,427308,84.0,0.08424250781536102,0.0001,106801
5088,2635,0.05,7.100571409999999,162,427392,84.0,2.8921151161193848,0.0001,106822
5089,2636,0.05,7.142201139999998,162,427476,84.0,0.15633179247379303,0.0001,106843
5090,2636,0.05,7.100725399999999,162,427560,84.0,0.06615981459617615,0.0001,106864
5091,2637,0.05,7.121031289999999,162,427644,84.0,0.05898343771696091,0.0001,106885
5092,2637,0.05,7.091979159999998,162,427728,84.0,0.07708725333213806,0.0001,106906
5093,2638,0.05,7.046333469999999,162,427812,84.0,0.09609140455722809,0.0001,106927
5094,2638,0.05,7.02634785,162,427896,84.0,0.17602407932281494,0.0001,106948
5095,2639,0.05,6.99879823,162,427980,84.0,0.09619057178497314,0.0001,106969
5096,2640,0.05,7.0107380699999995,162,428064,84.0,0.16602259874343872,0.0001,106990
5097,2640,0.05,7.009861470000001,162,428148,84.0,0.15156875550746918,0.0001,107011
5098,2641,0.05,7.03173428,162,428232,84.0,0.23740652203559875,0.0001,107032
5099,2641,0.05,7.01262602,162,428316,84.0,2.954113483428955,0.0001,107053
5100,2642,0.05,6.991351289999999,162,428400,84.0,0.11874040216207504,0.0001,107074
5101,2642,0.05,6.9777292399999995,162,428484,84.0,0.04792080819606781,0.0001,107095
5102,2643,0.05,6.81394514,162,428568,84.0,0.07441747188568115,0.0001,107116
5103,2643,0.05,6.83408547,162,428652,84.0,0.09525839984416962,0.0001,107137
5104,2644,0.05,6.810952380000001,162,428736,84.0,0.0825846865773201,0.0001,107158
5105,2644,0.05,6.802248860000001,162,428820,84.0,0.3785216212272644,0.0001,107179
5106,2645,0.05,6.76572995,162,428904,84.0,0.06836111843585968,0.0001,107200
5107,2645,0.05,6.7187784,162,428988,84.0,0.16881750524044037,0.0001,107221
5108,2646,0.05,6.837065139999998,162,429072,84.0,0.3821769952774048,0.0001,107242
5109,2647,0.05,6.823235609999999,162,429156,84.0,0.11993228644132614,0.0001,107263
5110,2647,0.05,6.822652809999998,162,429240,84.0,2.921339273452759,0.0001,107284
5111,2648,0.05,6.86600631,162,429324,84.0,0.3248613178730011,0.0001,107305
5112,2648,0.05,6.933921449999999,162,429408,84.0,0.0759032666683197,0.0001,107326
5113,2649,0.05,6.958945849999999,162,429492,84.0,0.33060893416404724,0.0001,107347
5114,2649,0.05,7.01153577,162,429576,84.0,3.015021800994873,0.0001,107368
5115,2650,0.05,6.861994200000001,162,429660,84.0,2.9887266159057617,0.0001,107389
5116,2650,0.05,6.85430571,162,429744,84.0,0.09439568221569061,0.0001,107410
5117,2651,0.05,6.88788457,162,429828,84.0,0.18935462832450867,0.0001,107431
5118,2651,0.05,6.94836233,162,429912,84.0,0.3147171139717102,0.0001,107452
5119,2652,0.05,6.91534699,162,429996,84.0,3.007270097732544,0.0001,107473
5120,2652,0.05,6.96923467,162,430080,84.0,0.1275867223739624,0.0001,107494
5121,2653,0.05,6.9454632300000005,162,430164,84.0,0.11184362322092056,0.0001,107515
5122,2654,0.05,6.93954136,162,430248,84.0,0.11599323153495789,0.0001,107536
5123,2654,0.05,6.837943019999999,162,430332,84.0,2.8619742393493652,0.0001,107557
5124,2655,0.05,6.849509659999998,162,430416,84.0,0.10031069815158844,0.0001,107578
5125,2655,0.05,6.831797479999998,162,430500,84.0,0.05535215884447098,0.0001,107599
5126,2656,0.05,6.84538291,162,430584,84.0,2.609344482421875,0.0001,107620
5127,2656,0.05,6.838678249999998,162,430668,84.0,0.13900035619735718,0.0001,107641
5128,2657,0.05,6.92403295,162,430752,84.0,3.22031831741333,0.0001,107662
5129,2657,0.05,7.026819399999999,162,430836,84.0,0.10350862890481949,0.0001,107683
5130,2658,0.05,7.0097039500000005,162,430920,84.0,0.12171056866645813,0.0001,107704
5131,2658,0.05,6.9953458400000015,162,431004,84.0,3.1872854232788086,0.0001,107725
5132,2659,0.05,7.054399190000001,162,431088,84.0,0.05609723925590515,0.0001,107746
5133,2659,0.05,7.04356569,162,431172,84.0,0.06381681561470032,0.0001,107767
5134,2660,0.05,7.083254720000001,162,431256,84.0,0.0706443190574646,0.0001,107788
5135,2661,0.05,7.185825480000001,162,431340,84.0,0.06472044438123703,0.0001,107809
5136,2661,0.05,7.221417360000001,162,431424,84.0,0.10096730291843414,0.0001,107830
5137,2662,0.05,7.20141342,162,431508,84.0,5.864948272705078,0.0001,107851
5138,2662,0.05,7.220041930000001,162,431592,84.0,3.0919833183288574,0.0001,107872
5139,2663,0.05,7.167210760000001,162,431676,84.0,0.210390105843544,0.0001,107893
5140,2663,0.05,7.0462333699999995,162,431760,84.0,2.97160267829895,0.0001,107914
5141,2664,0.05,7.0878945,162,431844,84.0,0.13882261514663696,0.0001,107935
5142,2664,0.05,7.06225689,162,431928,84.0,0.05945894867181778,0.0001,107956
5143,2665,0.05,7.13277937,162,432012,84.0,2.8324379920959473,0.0001,107977
5144,2665,0.05,7.18185852,162,432096,84.0,0.08098021149635315,0.0001,107998
5145,2666,0.05,7.18778366,162,432180,84.0,2.991974353790283,0.0001,108019
5146,2666,0.05,7.237022410000001,162,432264,84.0,0.16607090830802917,0.0001,108040
5147,2667,0.05,7.267483810000001,162,432348,84.0,2.9741008281707764,0.0001,108061
5148,2667,0.05,7.26768885,162,432432,84.0,0.09568802267313004,0.0001,108082
5149,2668,0.05,7.260608490000001,162,432516,84.0,3.0732429027557373,0.0001,108103
5150,2669,0.05,7.238926540000001,162,432600,84.0,2.7752246856689453,0.0001,108124
5151,2669,0.05,7.2385939000000015,162,432684,84.0,0.2937902808189392,0.0001,108145
5152,2669,0.05,7.268748550000001,162,432768,84.0,0.2972676753997803,0.0001,108166
5153,2670,0.05,7.347680200000001,162,432852,84.0,2.923476219177246,0.0001,108187
5154,2671,0.05,7.35856635,162,432936,84.0,0.12432582676410675,0.0001,108208
5155,2671,0.05,7.3959394299999985,162,433020,84.0,0.05985652282834053,0.0001,108229
5156,2672,0.05,7.414071249999998,162,433104,84.0,0.17657068371772766,0.0001,108250
5157,2672,0.05,7.4335198999999985,162,433188,84.0,5.917572021484375,0.0001,108271
5158,2673,0.05,7.452667719999999,162,433272,84.0,0.09741359949111938,0.0001,108292
5159,2673,0.05,7.55655638,162,433356,84.0,3.050710678100586,0.0001,108313
5160,2674,0.05,7.5117496500000005,162,433440,84.0,0.1011870726943016,0.0001,108334
5161,2674,0.05,7.5521809399999995,162,433524,84.0,3.1635823249816895,0.0001,108355
5162,2675,0.05,7.50147014,162,433608,84.0,0.07963865250349045,0.0001,108376
5163,2676,0.05,7.444294609999998,162,433692,84.0,0.195794939994812,0.0001,108397
5164,2676,0.05,7.44023761,162,433776,84.0,0.061938196420669556,0.0001,108418
5165,2677,0.05,7.44572569,162,433860,84.0,2.8229267597198486,0.0001,108439
5166,2677,0.05,7.376696339999999,162,433944,84.0,0.34808051586151123,0.0001,108460
5167,2678,0.05,7.41697136,162,434028,84.0,0.1371433138847351,0.0001,108481
5168,2678,0.05,7.397681109999997,162,434112,84.0,0.2686266601085663,0.0001,108502
5169,2679,0.05,7.410359799999998,162,434196,84.0,3.095416784286499,0.0001,108523
5170,2679,0.05,7.39334099,162,434280,84.0,0.0915956199169159,0.0001,108544
5171,2680,0.05,7.314421359999998,162,434364,84.0,0.24821901321411133,0.0001,108565
5172,2680,0.05,7.262609569999999,162,434448,84.0,2.8884544372558594,0.0001,108586
5173,2681,0.05,7.3098204199999985,162,434532,84.0,0.20199346542358398,0.0001,108607
5174,2681,0.05,7.31296431,162,434616,84.0,9.140982627868652,0.0001,108628
5175,2682,0.05,7.426389079999999,162,434700,84.0,0.10761665552854538,0.0001,108649
5176,2682,0.05,7.440229840000001,162,434784,84.0,0.498887836933136,0.0001,108670
5177,2683,0.05,7.449999150000001,162,434868,84.0,0.11669155210256577,0.0001,108691
5178,2684,0.05,7.48759945,162,434952,84.0,0.24579855799674988,0.0001,108712
5179,2684,0.05,7.457225429999999,162,435036,84.0,0.04988798126578331,0.0001,108733
5180,2685,0.05,7.4692068,162,435120,84.0,0.1773131787776947,0.0001,108754
5181,2685,0.05,7.4943247600000005,162,435204,84.0,0.06262065470218658,0.0001,108775
5182,2686,0.05,7.515423049999999,162,435288,84.0,0.12378515303134918,0.0001,108796
5183,2687,0.05,7.56220374,162,435372,84.0,0.14073599874973297,0.0001,108817
5184,2687,0.05,7.541341930000001,162,435456,84.0,6.598471164703369,0.0001,108838
5185,2688,0.05,7.52156819,162,435540,84.0,3.042721748352051,0.0001,108859
5186,2688,0.05,7.53074304,162,435624,84.0,2.809340476989746,0.0001,108880
5187,2689,0.05,7.553179789999999,162,435708,84.0,0.0942642092704773,0.0001,108901
5188,2689,0.05,7.59295305,162,435792,84.0,2.6893842220306396,0.0001,108922
5189,2690,0.05,7.567250840000001,162,435876,84.0,3.000490665435791,0.0001,108943
5190,2690,0.05,7.591436279999999,162,435960,84.0,0.16971386969089508,0.0001,108964
5191,2691,0.05,7.566100490000001,162,436044,84.0,0.14373786747455597,0.0001,108985
5192,2691,0.05,7.56606995,162,436128,84.0,0.10427907854318619,0.0001,109006
5193,2692,0.05,7.611239760000001,162,436212,84.0,0.47848841547966003,0.0001,109027
5194,2692,0.05,7.76065602,162,436296,84.0,0.04978349059820175,0.0001,109048
5195,2693,0.05,7.76305132,162,436380,84.0,5.874061584472656,0.0001,109069
5196,2694,0.05,7.701122579999999,162,436464,84.0,0.0572713166475296,0.0001,109090
5197,2694,0.05,7.6438639099999985,162,436548,84.0,3.0894088745117188,0.0001,109111
5198,2695,0.05,7.570578899999999,162,436632,84.0,0.04514605924487114,0.0001,109132
5199,2695,0.05,7.57725642,162,436716,84.0,0.35979777574539185,0.0001,109153
5200,2696,0.05,7.61107366,162,436800,84.0,0.20352093875408173,0.0001,109174
5201,2696,0.05,7.65780391,162,436884,84.0,0.09614400565624237,0.0001,109195
5202,2697,0.05,7.63501763,162,436968,84.0,0.2575693130493164,0.0001,109216
5203,2697,0.05,7.550029070000002,162,437052,84.0,0.09157472848892212,0.0001,109237
5204,2698,0.05,7.57904908,162,437136,84.0,0.19880828261375427,0.0001,109258
5205,2698,0.05,7.5861246200000005,162,437220,84.0,0.2744438052177429,0.0001,109279
5206,2699,0.05,7.5891375000000005,162,437304,84.0,0.04815831035375595,0.0001,109300
5207,2699,0.05,7.595102800000001,162,437388,84.0,0.08716067671775818,0.0001,109321
5208,2700,0.05,7.40418172,162,437472,84.0,0.09568807482719421,0.0001,109342
5209,2700,0.05,7.407590380000001,162,437556,84.0,0.08477018773555756,0.0001,109363
5210,2701,0.05,7.40743883,162,437640,84.0,2.8861682415008545,0.0001,109384
5211,2701,0.05,7.376650350000001,162,437724,84.0,2.828702449798584,0.0001,109405
5212,2702,0.05,7.401707800000001,162,437808,84.0,0.1490599811077118,0.0001,109426
5213,2702,0.05,7.36902645,162,437892,84.0,0.20093074440956116,0.0001,109447
5214,2703,0.05,7.34412523,162,437976,84.0,0.08940637111663818,0.0001,109468
5215,2703,0.05,7.362515419999999,162,438060,84.0,2.9358158111572266,0.0001,109489
5216,2704,0.05,7.446387759999999,162,438144,84.0,0.09259975701570511,0.0001,109510
5217,2704,0.05,7.39765188,162,438228,84.0,2.8231313228607178,0.0001,109531
5218,2705,0.05,7.31646163,162,438312,84.0,0.03458528593182564,0.0001,109552
5219,2706,0.05,7.358599580000001,162,438396,84.0,0.0716245174407959,0.0001,109573
5220,2706,0.05,7.32239809,161,438480,84.0,0.08430032432079315,0.0001,109594
5221,2707,0.05,7.3039200200000005,161,438564,84.0,0.371975302696228,0.0001,109615
5222,2707,0.05,7.30626524,161,438648,84.0,0.2183813899755478,0.0001,109636
5223,2708,0.05,7.40641748,161,438732,84.0,0.17269349098205566,0.0001,109657
5224,2708,0.05,7.3472072100000005,161,438816,84.0,8.82906723022461,0.0001,109678
5225,2709,0.05,7.31050433,161,438900,84.0,0.21221958100795746,0.0001,109699
5226,2709,0.05,7.281332360000001,161,438984,84.0,2.6543965339660645,0.0001,109720
5227,2710,0.05,7.309946180000001,161,439068,84.0,0.09097041189670563,0.0001,109741
5228,2710,0.05,7.28821908,162,439152,84.0,0.11857466399669647,0.0001,109762
5229,2711,0.05,7.1409581200000005,162,439236,84.0,0.10642211139202118,0.0001,109783
5230,2711,0.05,7.168629910000001,162,439320,84.0,0.5423125624656677,0.0001,109804
5231,2712,0.05,7.224383129999999,162,439404,84.0,0.08374041318893433,0.0001,109825
5232,2712,0.05,7.1963222,162,439488,84.0,2.8524460792541504,0.0001,109846
5233,2713,0.05,7.195716859999999,162,439572,84.0,0.2101389765739441,0.0001,109867
5234,2713,0.05,7.22223842,162,439656,84.0,0.08828385174274445,0.0001,109888
5235,2714,0.05,7.15513333,161,439740,84.0,0.09515756368637085,0.0001,109909
5236,2714,0.05,7.12932686,161,439824,84.0,0.07492774724960327,0.0001,109930
5237,2715,0.05,7.13822914,162,439908,84.0,5.98841667175293,0.0001,109951
5238,2715,0.05,7.179475690000001,162,439992,84.0,0.09364847093820572,0.0001,109972
5239,2716,0.05,7.239006410000002,161,440076,84.0,0.16485774517059326,0.0001,109993
5240,2717,0.05,7.355014040000001,161,440160,84.0,0.036508142948150635,0.0001,110014
5241,2717,0.05,7.316551460000002,161,440244,84.0,2.9711754322052,0.0001,110035
5242,2718,0.05,7.314885870000001,161,440328,84.0,0.07856090366840363,0.0001,110056
5243,2718,0.05,7.242712580000001,161,440412,84.0,0.11681938171386719,0.0001,110077
5244,2719,0.05,7.249857090000001,161,440496,84.0,2.8550281524658203,0.0001,110098
5245,2719,0.05,7.2289629,161,440580,84.0,0.0847497284412384,0.0001,110119
5246,2720,0.05,7.174248809999999,161,440664,84.0,2.8475804328918457,0.0001,110140
5247,2720,0.05,7.1764410299999986,161,440748,84.0,0.17804521322250366,0.0001,110161
5248,2721,0.05,7.14863266,161,440832,84.0,0.06806501746177673,0.0001,110182
5249,2721,0.05,7.178620459999999,161,440916,84.0,2.833939552307129,0.0001,110203
5250,2722,0.05,7.1886487599999995,161,441000,84.0,0.29321062564849854,0.0001,110224
5251,2722,0.05,7.306185060000001,161,441084,84.0,2.7868945598602295,0.0001,110245
5252,2723,0.05,7.315065580000001,161,441168,84.0,0.11535866558551788,0.0001,110266
5253,2723,0.05,7.26165713,161,441252,84.0,2.919100046157837,0.0001,110287
5254,2724,0.05,7.256525970000001,161,441336,84.0,2.854912042617798,0.0001,110308
5255,2724,0.05,7.206151260000001,161,441420,84.0,2.8549938201904297,0.0001,110329
5256,2725,0.05,7.2131539700000005,161,441504,84.0,3.0671215057373047,0.0001,110350
5257,2726,0.05,7.196399440000001,161,441588,84.0,0.23110339045524597,0.0001,110371
5258,2726,0.05,7.192261080000001,161,441672,84.0,2.9106228351593018,0.0001,110392
5259,2727,0.05,7.201713150000001,161,441756,84.0,2.8781254291534424,0.0001,110413
5260,2727,0.05,7.214757119999999,161,441840,84.0,0.12346982955932617,0.0001,110434
5261,2728,0.05,7.21199803,161,441924,84.0,2.6982157230377197,0.0001,110455
5262,2729,0.05,7.22653463,161,442008,84.0,0.07277418673038483,0.0001,110476
5263,2729,0.05,7.245080779999999,161,442092,84.0,0.06649845838546753,0.0001,110497
5264,2730,0.05,7.25900126,161,442176,84.0,2.7946314811706543,0.0001,110518
5265,2731,0.05,7.37012552,161,442260,84.0,0.09377934783697128,0.0001,110539
5266,2731,0.05,7.43073639,161,442344,84.0,5.581402778625488,0.0001,110560
5267,2732,0.05,7.42077503,161,442428,84.0,0.19509531557559967,0.0001,110581
5268,2733,0.05,7.455407699999999,161,442512,84.0,2.85929536819458,0.0001,110602
5269,2733,0.05,7.47863014,161,442596,84.0,2.8720920085906982,0.0001,110623
5270,2734,0.05,7.484164440000001,161,442680,84.0,0.14994654059410095,0.0001,110644
5271,2734,0.05,7.509616170000002,161,442764,84.0,2.8230535984039307,0.0001,110665
5272,2735,0.05,7.505638340000002,161,442848,84.0,0.3943074345588684,0.0001,110686
5273,2736,0.05,7.53667867,161,442932,84.0,0.06699743866920471,0.0001,110707
5274,2736,0.05,7.53889307,161,443016,84.0,2.858977794647217,0.0001,110728
5275,2737,0.05,7.476645449999999,161,443100,84.0,0.041884895414114,0.0001,110749
5276,2738,0.05,7.47728452,161,443184,84.0,0.14934131503105164,0.0001,110770
5277,2738,0.05,7.531715660000001,161,443268,84.0,0.076081782579422,0.0001,110791
5278,2739,0.05,7.511191540000001,161,443352,84.0,0.24788309633731842,0.0001,110812
5279,2740,0.05,7.500442499999999,161,443436,84.0,3.0174036026000977,0.0001,110833
5280,2740,0.05,7.492573690000001,161,443520,84.0,0.18481945991516113,0.0001,110854
5281,2741,0.05,7.455758010000002,161,443604,84.0,0.15144522488117218,0.0001,110875
5282,2741,0.05,7.46416371,161,443688,84.0,0.06065411865711212,0.0001,110896
5283,2742,0.05,7.37030686,161,443772,84.0,0.10647640377283096,0.0001,110917
5284,2743,0.05,7.38946351,161,443856,84.0,0.08022411912679672,0.0001,110938
5285,2743,0.05,7.445929529999998,161,443940,84.0,2.764808416366577,0.0001,110959
5286,2744,0.05,7.4626674899999985,161,444024,84.0,0.1452019214630127,0.0001,110980
5287,2744,0.05,7.46450376,161,444108,84.0,0.12313031405210495,0.0001,111001
5288,2745,0.05,7.444479289999999,161,444192,84.0,0.10088662058115005,0.0001,111022
5289,2746,0.05,7.46264195,161,444276,84.0,0.11737623065710068,0.0001,111043
5290,2746,0.05,7.41217227,161,444360,84.0,2.85030198097229,0.0001,111064
5291,2747,0.05,7.440566799999999,161,444444,84.0,0.15387466549873352,0.0001,111085
5292,2747,0.05,7.46169411,161,444528,84.0,0.1313304305076599,0.0001,111106
5293,2748,0.05,7.471425209999999,161,444612,84.0,0.08541489392518997,0.0001,111127
5294,2749,0.05,7.34142695,161,444696,84.0,0.08383745700120926,0.0001,111148
5295,2749,0.05,7.371889479999998,161,444780,84.0,0.06560084968805313,0.0001,111169
5296,2750,0.05,7.409509269999998,161,444864,84.0,0.17784598469734192,0.0001,111190
5297,2750,0.05,7.441230749999999,161,444948,84.0,0.0704895630478859,0.0001,111211
5298,2751,0.05,7.466587719999998,161,445032,84.0,2.9466991424560547,0.0001,111232
5299,2752,0.05,7.4920984299999995,161,445116,84.0,0.04960975423455238,0.0001,111253
5300,2752,0.05,7.48197158,161,445200,84.0,0.10462368279695511,0.0001,111274
5301,2753,0.05,7.463847089999999,161,445284,84.0,0.1889345943927765,0.0001,111295
5302,2753,0.05,7.510436500000001,161,445368,84.0,0.10099134594202042,0.0001,111316
5303,2754,0.05,7.54519948,161,445452,84.0,0.2016008347272873,0.0001,111337
5304,2754,0.05,7.4960073,161,445536,84.0,0.06590607762336731,0.0001,111358
5305,2755,0.05,7.494602709999999,161,445620,84.0,0.2017754763364792,0.0001,111379
5306,2755,0.05,7.471700879999999,161,445704,84.0,2.8533644676208496,0.0001,111400
5307,2756,0.05,7.46882133,161,445788,84.0,3.1438045501708984,0.0001,111421
5308,2757,0.05,7.5263586600000005,161,445872,84.0,0.14847144484519958,0.0001,111442
5309,2757,0.05,7.543555680000001,161,445956,84.0,0.37473973631858826,0.0001,111463
5310,2758,0.05,7.532492670000002,161,446040,84.0,5.9167094230651855,0.0001,111484
5311,2758,0.05,7.609834019999999,161,446124,84.0,2.7052056789398193,0.0001,111505
5312,2759,0.05,7.4898674199999995,161,446208,84.0,5.837207317352295,0.0001,111526
5313,2759,0.05,7.500088999999999,161,446292,84.0,0.3264649510383606,0.0001,111547
5314,2760,0.05,7.4579464699999996,161,446376,84.0,2.720121145248413,0.0001,111568
5315,2761,0.05,7.490515970000001,161,446460,84.0,0.050877928733825684,0.0001,111589
5316,2761,0.05,7.40353375,161,446544,84.0,0.1210731491446495,0.0001,111610
5317,2762,0.05,7.42862509,161,446628,84.0,0.09768074750900269,0.0001,111631
5318,2762,0.05,7.565295539999999,161,446712,84.0,2.8796274662017822,0.0001,111652
5319,2763,0.05,7.537255339999999,161,446796,84.0,0.044977206736803055,0.0001,111673
5320,2763,0.05,7.4942095900000005,161,446880,84.0,2.912381649017334,0.0001,111694
5321,2764,0.05,7.53145051,161,446964,84.0,2.811028003692627,0.0001,111715
5322,2764,0.05,7.55305001,161,447048,84.0,3.1184873580932617,0.0001,111736
5323,2765,0.05,7.56667629,161,447132,84.0,5.743450164794922,0.0001,111757
5324,2765,0.05,7.629404019999999,161,447216,84.0,0.05929283797740936,0.0001,111778
5325,2766,0.05,7.6837722699999995,161,447300,84.0,2.814584970474243,0.0001,111799
5326,2766,0.05,7.68324066,161,447384,84.0,2.788085699081421,0.0001,111820
5327,2767,0.05,7.69412333,161,447468,84.0,0.1898965984582901,0.0001,111841
5328,2767,0.05,7.6802888,161,447552,84.0,0.10032616555690765,0.0001,111862
5329,2768,0.05,7.712792049999999,161,447636,84.0,0.1840960532426834,0.0001,111883
5330,2768,0.05,7.753623329999998,161,447720,84.0,5.725905895233154,0.0001,111904
5331,2769,0.05,7.69110327,161,447804,84.0,0.061287544667720795,0.0001,111925
5332,2770,0.05,7.72231588,161,447888,84.0,0.09670403599739075,0.0001,111946
5333,2770,0.05,7.70528888,161,447972,84.0,0.11283698678016663,0.0001,111967
5334,2771,0.05,7.673187160000002,161,448056,84.0,2.7538087368011475,0.0001,111988
5335,2771,0.05,7.650145470000002,161,448140,84.0,2.655717134475708,0.0001,112009
5336,2772,0.05,7.670118820000002,161,448224,84.0,0.16784605383872986,0.0001,112030
5337,2772,0.05,7.667533960000001,161,448308,84.0,0.07001858949661255,0.0001,112051
5338,2773,0.05,7.558545260000001,161,448392,84.0,2.8806726932525635,0.0001,112072
5339,2773,0.05,7.56477003,161,448476,84.0,2.7308411598205566,0.0001,112093
5340,2774,0.05,7.55356677,161,448560,84.0,2.7978782653808594,0.0001,112114
5341,2774,0.05,7.566096570000001,161,448644,84.0,0.10199007391929626,0.0001,112135
5342,2775,0.05,7.632424200000002,161,448728,84.0,0.09842042624950409,0.0001,112156
5343,2775,0.05,7.66445016,161,448812,84.0,0.10448598861694336,0.0001,112177
5344,2776,0.05,7.6731302900000005,161,448896,84.0,0.10128281265497208,0.0001,112198
5345,2776,0.05,7.62592977,161,448980,84.0,0.13555172085762024,0.0001,112219
5346,2777,0.05,7.6046027,161,449064,84.0,2.7558133602142334,0.0001,112240
5347,2777,0.05,7.620803850000001,161,449148,84.0,0.09751763939857483,0.0001,112261
5348,2778,0.05,7.691307660000001,161,449232,84.0,0.1367877721786499,0.0001,112282
5349,2778,0.05,7.6619307700000014,161,449316,84.0,0.03156750276684761,0.0001,112303
5350,2779,0.05,7.639459290000001,161,449400,84.0,0.060389988124370575,0.0001,112324
5351,2780,0.05,7.536613840000001,161,449484,84.0,0.19470623135566711,0.0001,112345
5352,2780,0.05,7.5373781300000005,161,449568,84.0,2.958285331726074,0.0001,112366
5353,2781,0.05,7.53587504,161,449652,84.0,0.16334529221057892,0.0001,112387
5354,2781,0.05,7.506171559999999,161,449736,84.0,2.7782039642333984,0.0001,112408
5355,2782,0.05,7.52727142,161,449820,84.0,0.2048225849866867,0.0001,112429
5356,2782,0.05,7.584603509999999,161,449904,84.0,0.23972079157829285,0.0001,112450
5357,2783,0.05,7.597096589999999,161,449988,84.0,0.0882541686296463,0.0001,112471
5358,2784,0.05,7.60792175,161,450072,84.0,5.924083709716797,0.0001,112492
5359,2784,0.05,7.58881407,161,450156,84.0,0.15459148585796356,0.0001,112513
5360,2785,0.05,7.591729919999999,161,450240,84.0,0.09898814558982849,0.0001,112534
5361,2785,0.05,7.55235993,161,450324,84.0,0.03771278262138367,0.0001,112555
5362,2786,0.05,7.580303700000001,161,450408,84.0,0.10248661041259766,0.0001,112576
5363,2786,0.05,7.626113860000001,161,450492,84.0,0.08824949711561203,0.0001,112597
5364,2787,0.05,7.597475810000002,161,450576,84.0,0.10738548636436462,0.0001,112618
5365,2787,0.05,7.5020735100000016,161,450660,84.0,0.0767865926027298,0.0001,112639
5366,2788,0.05,7.503986300000001,161,450744,84.0,2.7795708179473877,0.0001,112660
5367,2788,0.05,7.50505752,161,450828,84.0,2.7416090965270996,0.0001,112681
5368,2789,0.05,7.5242226599999995,161,450912,84.0,0.21011018753051758,0.0001,112702
5369,2789,0.05,7.55684685,161,450996,84.0,3.0141212940216064,0.0001,112723
5370,2790,0.05,7.5786229700000005,161,451080,84.0,0.15007564425468445,0.0001,112744
5371,2790,0.05,7.582153189999999,161,451164,84.0,0.14751267433166504,0.0001,112765
5372,2791,0.05,7.652758590000001,161,451248,84.0,2.8725132942199707,0.0001,112786
5373,2791,0.05,7.608425520000001,161,451332,84.0,0.10302902013063431,0.0001,112807
5374,2792,0.05,7.616813940000001,161,451416,84.0,0.0567534938454628,0.0001,112828
5375,2793,0.05,7.56474894,161,451500,84.0,0.12989266216754913,0.0001,112849
5376,2793,0.05,7.555701330000001,161,451584,84.0,0.10697362571954727,0.0001,112870
5377,2794,0.05,7.51211582,161,451668,84.0,0.06714082509279251,0.0001,112891
5378,2794,0.05,7.5163178,161,451752,84.0,0.11215147376060486,0.0001,112912
5379,2795,0.05,7.50903848,161,451836,84.0,0.0885685384273529,0.0001,112933
5380,2795,0.05,7.5213579400000015,161,451920,84.0,0.08462229371070862,0.0001,112954
5381,2796,0.05,7.560574980000001,161,452004,84.0,0.09118996560573578,0.0001,112975
5382,2796,0.05,7.574369690000001,161,452088,84.0,0.04759569838643074,0.0001,112996
5383,2797,0.05,7.61595309,161,452172,84.0,0.14430217444896698,0.0001,113017
5384,2797,0.05,7.58946496,161,452256,84.0,2.6505212783813477,0.0001,113038
5385,2798,0.05,7.589920459999998,161,452340,84.0,0.07951022684574127,0.0001,113059
5386,2798,0.05,7.602069449999999,161,452424,84.0,0.07317130267620087,0.0001,113080
5387,2799,0.05,7.584497679999999,161,452508,84.0,0.275430291891098,0.0001,113101
5388,2799,0.05,7.5775274999999995,161,452592,84.0,0.14859262108802795,0.0001,113122
5389,2800,0.05,7.617137939999999,161,452676,84.0,0.06352032721042633,0.0001,113143
5390,2800,0.05,7.632463189999999,161,452760,84.0,0.2246607542037964,0.0001,113164
5391,2801,0.05,7.596157309999999,161,452844,84.0,0.29846274852752686,0.0001,113185
5392,2802,0.05,7.6038532499999985,161,452928,84.0,0.0612604096531868,0.0001,113206
5393,2802,0.05,7.5153735899999985,161,453012,84.0,0.20786044001579285,0.0001,113227
5394,2803,0.05,7.537639800000001,161,453096,84.0,0.05943983048200607,0.0001,113248
5395,2803,0.05,7.52944804,161,453180,84.0,2.902752161026001,0.0001,113269
5396,2804,0.05,7.52986506,161,453264,84.0,0.09798397123813629,0.0001,113290
5397,2804,0.05,7.53056797,161,453348,84.0,0.08623163402080536,0.0001,113311
5398,2805,0.05,7.561744759999999,161,453432,84.0,0.12610654532909393,0.0001,113332
5399,2806,0.05,7.557614139999999,161,453516,84.0,0.09323044866323471,0.0001,113353
5400,2806,0.05,7.503432749999999,161,453600,84.0,0.17507848143577576,0.0001,113374
5401,2807,0.05,7.54162711,161,453684,84.0,2.807558298110962,0.0001,113395
5402,2807,0.05,7.548488449999999,161,453768,84.0,0.07798244804143906,0.0001,113416
5403,2808,0.05,7.666718400000001,161,453852,84.0,0.07742908596992493,0.0001,113437
5404,2808,0.05,7.716219429999999,161,453936,84.0,2.8366520404815674,0.0001,113458
5405,2809,0.05,7.7686816499999996,161,454020,84.0,0.05357787013053894,0.0001,113479
5406,2809,0.05,7.78943036,161,454104,84.0,2.7477219104766846,0.0001,113500
5407,2810,0.05,7.807169769999999,161,454188,84.0,2.665635824203491,0.0001,113521
5408,2810,0.05,7.8029512799999985,161,454272,84.0,0.10750037431716919,0.0001,113542
5409,2811,0.05,7.78092582,161,454356,84.0,0.07103981077671051,0.0001,113563
5410,2811,0.05,7.780614619999999,161,454440,84.0,0.12556122243404388,0.0001,113584
5411,2812,0.05,7.7099255399999995,161,454524,84.0,0.07524250447750092,0.0001,113605
5412,2812,0.05,7.74746894,161,454608,84.0,0.0478869304060936,0.0001,113626
5413,2813,0.05,7.720891419999999,161,454692,84.0,0.17687150835990906,0.0001,113647
5414,2814,0.05,7.768174459999999,161,454776,84.0,0.14413771033287048,0.0001,113668
5415,2814,0.05,7.718930069999999,161,454860,84.0,0.06876260787248611,0.0001,113689
5416,2815,0.05,7.70902391,161,454944,84.0,2.635746955871582,0.0001,113710
5417,2815,0.05,7.66407848,161,455028,84.0,0.1503504514694214,0.0001,113731
5418,2816,0.05,7.564135829999999,161,455112,84.0,2.7637593746185303,0.0001,113752
5419,2816,0.05,7.611940459999999,161,455196,84.0,2.969517230987549,0.0001,113773
5420,2817,0.05,7.658382849999999,161,455280,84.0,0.10487951338291168,0.0001,113794
5421,2817,0.05,7.65847228,161,455364,84.0,0.2686261534690857,0.0001,113815
5422,2818,0.05,7.653602199999999,161,455448,84.0,2.8752429485321045,0.0001,113836
5423,2818,0.05,7.6716859799999995,161,455532,84.0,8.15305233001709,0.0001,113857
5424,2819,0.05,7.643833340000001,161,455616,84.0,0.07507547736167908,0.0001,113878
5425,2819,0.05,7.63861035,161,455700,84.0,0.10211333632469177,0.0001,113899
5426,2820,0.05,7.592384480000001,161,455784,84.0,2.8718082904815674,0.0001,113920
5427,2820,0.05,7.54551645,161,455868,84.0,0.11673016846179962,0.0001,113941
5428,2821,0.05,7.574885,161,455952,84.0,2.741060972213745,0.0001,113962
5429,2822,0.05,7.56561058,161,456036,84.0,2.709315776824951,0.0001,113983
5430,2822,0.05,7.5407987400000005,161,456120,84.0,2.891883134841919,0.0001,114004
5431,2823,0.05,7.5970749699999995,161,456204,84.0,0.12854745984077454,0.0001,114025
5432,2823,0.05,7.6137554,161,456288,84.0,0.06540340185165405,0.0001,114046
5433,2824,0.05,7.619087049999999,161,456372,84.0,0.261171817779541,0.0001,114067
5434,2824,0.05,7.662631089999999,161,456456,84.0,2.6037089824676514,0.0001,114088
5435,2825,0.05,7.683084789999999,161,456540,84.0,0.044704586267471313,0.0001,114109
5436,2825,0.05,7.675188479999999,161,456624,84.0,0.030170833691954613,0.0001,114130
5437,2826,0.05,7.677293829999999,161,456708,84.0,2.698823928833008,0.0001,114151
5438,2826,0.05,7.78003062,161,456792,84.0,0.0767962634563446,0.0001,114172
5439,2827,0.05,7.76128989,161,456876,84.0,2.837003707885742,0.0001,114193
5440,2827,0.05,7.738124299999999,161,456960,84.0,0.05282934755086899,0.0001,114214
5441,2828,0.05,7.73406318,161,457044,84.0,0.12274249643087387,0.0001,114235
5442,2828,0.05,7.685703920000001,161,457128,84.0,5.913593292236328,0.0001,114256
5443,2829,0.05,7.65884836,161,457212,84.0,0.2794170081615448,0.0001,114277
5444,2829,0.05,7.655242439999999,161,457296,84.0,0.0791177898645401,0.0001,114298
5445,2830,0.05,7.725949639999999,161,457380,84.0,0.09382623434066772,0.0001,114319
5446,2831,0.05,7.73133565,161,457464,84.0,0.14420777559280396,0.0001,114340
5447,2831,0.05,7.745923489999999,161,457548,84.0,5.460066318511963,0.0001,114361
5448,2832,0.05,7.72230632,161,457632,84.0,0.0718008279800415,0.0001,114382
5449,2832,0.05,7.735490469999999,161,457716,84.0,0.29196345806121826,0.0001,114403
5450,2833,0.05,7.747489680000001,161,457800,84.0,5.888742446899414,0.0001,114424
5451,2833,0.05,7.739766460000001,161,457884,84.0,5.449700355529785,0.0001,114445
5452,2834,0.05,7.728795830000001,161,457968,84.0,0.33046069741249084,0.0001,114466
5453,2834,0.05,7.731953450000001,161,458052,84.0,2.8368964195251465,0.0001,114487
5454,2835,0.05,7.799471870000001,161,458136,84.0,0.10767106711864471,0.0001,114508
5455,2836,0.05,7.78706817,161,458220,84.0,0.06099428981542587,0.0001,114529
5456,2836,0.05,7.704999730000001,161,458304,84.0,0.13562874495983124,0.0001,114550
5457,2837,0.05,7.727020250000001,161,458388,84.0,2.746349573135376,0.0001,114571
5458,2837,0.05,7.713028,161,458472,84.0,0.19321714341640472,0.0001,114592
5459,2838,0.05,7.73010038,161,458556,84.0,0.06287065893411636,0.0001,114613
5460,2838,0.05,7.7075747,161,458640,84.0,0.09359952807426453,0.0001,114634
5461,2839,0.05,7.813972540000001,161,458724,84.0,0.21699605882167816,0.0001,114655
5462,2839,0.05,7.80010299,161,458808,84.0,0.1266299933195114,0.0001,114676
5463,2840,0.05,7.763915079999999,161,458892,84.0,0.039948202669620514,0.0001,114697
5464,2840,0.05,7.81007479,161,458976,84.0,0.05105401203036308,0.0001,114718
5465,2841,0.05,7.81651046,161,459060,84.0,3.0703835487365723,0.0001,114739
5466,2841,0.05,7.779061049999999,161,459144,84.0,0.0788956880569458,0.0001,114760
5467,2842,0.05,7.796974909999999,161,459228,84.0,0.10044078528881073,0.0001,114781
5468,2842,0.05,7.7787685899999985,161,459312,84.0,0.08344478905200958,0.0001,114802
5469,2843,0.05,7.752689509999999,161,459396,84.0,0.29949283599853516,0.0001,114823
5470,2843,0.05,7.7070143799999995,161,459480,84.0,2.956979990005493,0.0001,114844
5471,2844,0.05,7.651729870000001,161,459564,84.0,2.9691848754882812,0.0001,114865
5472,2844,0.05,7.63558413,161,459648,84.0,0.07989050447940826,0.0001,114886
5473,2845,0.05,7.5372075999999995,161,459732,84.0,0.10211057215929031,0.0001,114907
5474,2845,0.05,7.521826659999999,161,459816,84.0,0.23710495233535767,0.0001,114928
5475,2846,0.05,7.528042889999999,161,459900,84.0,0.03586124628782272,0.0001,114949
5476,2847,0.05,7.52105669,161,459984,84.0,0.09858784079551697,0.0001,114970
5477,2847,0.05,7.523922859999999,161,460068,84.0,0.09080075472593307,0.0001,114991
5478,2848,0.05,7.51221509,161,460152,84.0,0.13177356123924255,0.0001,115012
5479,2848,0.05,7.565093719999998,161,460236,84.0,0.10161483287811279,0.0001,115033
5480,2849,0.05,7.58541348,161,460320,84.0,0.05273282527923584,0.0001,115054
5481,2849,0.05,7.530320909999998,161,460404,84.0,0.03113306686282158,0.0001,115075
5482,2850,0.05,7.529495449999998,161,460488,84.0,0.09925366193056107,0.0001,115096
5483,2850,0.05,7.4922210499999995,161,460572,84.0,0.08286907523870468,0.0001,115117
5484,2851,0.05,7.54794189,161,460656,84.0,0.14884689450263977,0.0001,115138
5485,2851,0.05,7.526348269999999,161,460740,84.0,3.169384241104126,0.0001,115159
5486,2852,0.05,7.504523799999999,161,460824,84.0,0.09456338733434677,0.0001,115180
5487,2852,0.05,7.50654608,161,460908,84.0,2.817960023880005,0.0001,115201
5488,2853,0.05,7.554474009999999,161,460992,84.0,0.04494063928723335,0.0001,115222
5489,2853,0.05,7.528123129999999,161,461076,84.0,0.12378524988889694,0.0001,115243
5490,2854,0.05,7.5306457799999995,161,461160,84.0,0.1804220974445343,0.0001,115264
5491,2854,0.05,7.588740349999998,161,461244,84.0,2.8731327056884766,0.0001,115285
5492,2855,0.05,7.55472755,161,461328,84.0,0.08095387369394302,0.0001,115306
5493,2855,0.05,7.67116332,161,461412,84.0,5.841402053833008,0.0001,115327
5494,2856,0.05,7.744666699999999,161,461496,84.0,2.863051652908325,0.0001,115348
5495,2856,0.05,7.72354817,161,461580,84.0,0.10444114357233047,0.0001,115369
5496,2857,0.05,7.727172709999999,161,461664,84.0,0.093276247382164,0.0001,115390
5497,2857,0.05,7.78685554,161,461748,84.0,2.9102590084075928,0.0001,115411
5498,2858,0.05,7.81474848,161,461832,84.0,5.703728675842285,0.0001,115432
5499,2859,0.05,7.816450820000001,161,461916,84.0,0.15292316675186157,0.0001,115453
5500,2859,0.05,7.88075943,161,462000,84.0,2.8712167739868164,0.0001,115474
5501,2860,0.05,7.844883220000001,161,462084,84.0,3.037465810775757,0.0001,115495
5502,2860,0.05,7.828158300000001,161,462168,84.0,0.08324448764324188,0.0001,115516
5503,2861,0.05,7.741923020000001,161,462252,84.0,0.20012018084526062,0.0001,115537
5504,2861,0.05,7.743814300000001,161,462336,84.0,0.12625092267990112,0.0001,115558
5505,2862,0.05,7.6765086799999995,161,462420,84.0,0.10285311937332153,0.0001,115579
5506,2862,0.05,7.71430979,161,462504,84.0,0.10210444033145905,0.0001,115600
5507,2863,0.05,7.702317620000001,161,462588,84.0,0.0682172030210495,0.0001,115621
5508,2863,0.05,7.698884550000002,161,462672,84.0,0.06865501403808594,0.0001,115642
5509,2864,0.05,7.70777557,161,462756,84.0,0.20660120248794556,0.0001,115663
5510,2864,0.05,7.729277,161,462840,84.0,0.11751573532819748,0.0001,115684
5511,2865,0.05,7.73422872,161,462924,84.0,2.915248394012451,0.0001,115705
5512,2865,0.05,7.774790319999999,161,463008,84.0,0.0914836898446083,0.0001,115726
5513,2866,0.05,7.85063673,161,463092,84.0,0.12517231702804565,0.0001,115747
5514,2867,0.05,7.853269839999999,161,463176,84.0,0.05245783179998398,0.0001,115768
5515,2867,0.05,7.918174390000001,161,463260,84.0,0.07232613861560822,0.0001,115789
5516,2868,0.05,7.9084834000000015,161,463344,84.0,0.12710557878017426,0.0001,115810
5517,2868,0.05,7.962513460000001,161,463428,84.0,0.11290816962718964,0.0001,115831
5518,2869,0.05,7.959517590000002,161,463512,84.0,5.477146625518799,0.0001,115852
5519,2869,0.05,8.05998274,161,463596,84.0,0.10651345551013947,0.0001,115873
5520,2870,0.05,8.05096913,161,463680,84.0,0.22874781489372253,0.0001,115894
5521,2870,0.05,8.03980793,161,463764,84.0,0.059849608689546585,0.0001,115915
5522,2871,0.05,8.0397219,161,463848,84.0,5.704465866088867,0.0001,115936
5523,2871,0.05,8.01918191,161,463932,84.0,2.8903908729553223,0.0001,115957
5524,2872,0.05,8.023427929999999,161,464016,84.0,0.23582765460014343,0.0001,115978
5525,2872,0.05,8.015849170000001,161,464100,84.0,2.700514554977417,0.0001,115999
5526,2873,0.05,8.099773939999999,161,464184,84.0,2.7801640033721924,0.0001,116020
5527,2873,0.05,8.12109696,161,464268,84.0,3.0445868968963623,0.0001,116041
5528,2874,0.05,8.100537469999999,161,464352,84.0,0.1055496484041214,0.0001,116062
5529,2875,0.05,8.092350629999999,161,464436,84.0,0.06427285820245743,0.0001,116083
5530,2875,0.05,8.097385789999997,161,464520,84.0,2.927022933959961,0.0001,116104
5531,2876,0.05,8.113011009999997,161,464604,84.0,0.10968641936779022,0.0001,116125
5532,2876,0.05,8.095220109999998,161,464688,84.0,0.05431300774216652,0.0001,116146
5533,2877,0.05,8.107700430000001,161,464772,84.0,0.2813224494457245,0.0001,116167
5534,2877,0.05,8.001873690000002,161,464856,84.0,0.07053832709789276,0.0001,116188
5535,2878,0.05,7.986373390000001,161,464940,84.0,2.750398874282837,0.0001,116209
5536,2878,0.05,7.9926097,161,465024,84.0,2.9376723766326904,0.0001,116230
5537,2879,0.05,7.94802006,161,465108,84.0,2.88614821434021,0.0001,116251
5538,2879,0.05,7.93642191,161,465192,84.0,0.04098818451166153,0.0001,116272
5539,2880,0.05,7.971159620000001,161,465276,84.0,0.1484883725643158,0.0001,116293
5540,2881,0.05,7.9508864500000005,161,465360,84.0,0.07824443280696869,0.0001,116314
5541,2881,0.05,7.97915907,161,465444,84.0,0.0422835648059845,0.0001,116335
5542,2882,0.05,7.988644740000001,161,465528,84.0,2.903066396713257,0.0001,116356
5543,2882,0.05,7.976543319999999,161,465612,84.0,3.2467362880706787,0.0001,116377
5544,2883,0.05,7.963327620000001,161,465696,84.0,0.1075679287314415,0.0001,116398
5545,2883,0.05,7.97003509,161,465780,84.0,0.11133519560098648,0.0001,116419
5546,2884,0.05,7.99287386,161,465864,84.0,2.991659164428711,0.0001,116440
5547,2884,0.05,7.9747557,161,465948,84.0,2.5975863933563232,0.0001,116461
5548,2885,0.05,7.932618810000001,161,466032,84.0,0.12142307311296463,0.0001,116482
5549,2885,0.05,7.9460020600000005,161,466116,84.0,0.11428692191839218,0.0001,116503
5550,2886,0.05,7.91592266,161,466200,84.0,3.142033338546753,0.0001,116524
5551,2886,0.05,7.927026139999999,161,466284,84.0,0.12920884788036346,0.0001,116545
5552,2887,0.05,7.911002969999999,161,466368,84.0,5.332477569580078,0.0001,116566
5553,2887,0.05,7.897969819999999,161,466452,84.0,0.33181726932525635,0.0001,116587
5554,2888,0.05,7.84697643,161,466536,84.0,2.8226428031921387,0.0001,116608
5555,2888,0.05,7.848881449999999,161,466620,84.0,0.4285471439361572,0.0001,116629
5556,2889,0.05,7.832350259999999,161,466704,84.0,0.07393646985292435,0.0001,116650
5557,2890,0.05,7.84369671,161,466788,84.0,3.0384020805358887,0.0001,116671
5558,2890,0.05,7.883718180000001,161,466872,84.0,0.08825135976076126,0.0001,116692
5559,2891,0.05,7.883688080000001,161,466956,84.0,3.1620588302612305,0.0001,116713
5560,2891,0.05,7.88871035,161,467040,84.0,0.06605249643325806,0.0001,116734
5561,2892,0.05,7.816087609999999,161,467124,84.0,0.045618489384651184,0.0001,116755
5562,2892,0.05,7.748190629999999,161,467208,84.0,0.16519075632095337,0.0001,116776
5563,2893,0.05,7.783087949999999,161,467292,84.0,0.10096107423305511,0.0001,116797
5564,2893,0.05,7.7717598,161,467376,84.0,0.03891224414110184,0.0001,116818
5565,2894,0.05,7.742702090000002,161,467460,84.0,0.06785967946052551,0.0001,116839
5566,2894,0.05,7.746455440000001,161,467544,84.0,0.08733662962913513,0.0001,116860
5567,2895,0.05,7.704897650000001,161,467628,84.0,0.087248295545578,0.0001,116881
5568,2895,0.05,7.678067650000002,161,467712,84.0,0.11283935606479645,0.0001,116902
5569,2896,0.05,7.6697454700000005,161,467796,84.0,0.130910724401474,0.0001,116923
5570,2896,0.05,7.71301305,161,467880,84.0,0.2529142200946808,0.0001,116944
5571,2897,0.05,7.764041529999999,161,467964,84.0,0.06929659843444824,0.0001,116965
5572,2897,0.05,7.73763037,161,468048,84.0,0.1381424218416214,0.0001,116986
5573,2898,0.05,7.861549779999999,161,468132,84.0,0.14858758449554443,0.0001,117007
5574,2898,0.05,7.87433185,161,468216,84.0,0.07489419728517532,0.0001,117028
5575,2899,0.05,7.875306309999998,161,468300,84.0,0.0944848507642746,0.0001,117049
5576,2900,0.05,7.840540579999999,161,468384,84.0,0.07788929343223572,0.0001,117070
5577,2900,0.05,7.842692689999999,161,468468,84.0,0.06540710479021072,0.0001,117091
5578,2901,0.05,7.8361114999999995,161,468552,84.0,3.0161406993865967,0.0001,117112
5579,2901,0.05,7.833987929999999,161,468636,84.0,0.08391226828098297,0.0001,117133
5580,2902,0.05,7.80891814,161,468720,84.0,0.08282437920570374,0.0001,117154
5581,2902,0.05,7.87876989,161,468804,84.0,0.06373465806245804,0.0001,117175
5582,2903,0.05,7.853571299999999,161,468888,84.0,5.637885093688965,0.0001,117196
5583,2903,0.05,7.83183178,161,468972,84.0,0.09034478664398193,0.0001,117217
5584,2904,0.05,7.789864779999999,161,469056,84.0,2.770174026489258,0.0001,117238
5585,2904,0.05,7.78575497,161,469140,84.0,2.823235511779785,0.0001,117259
5586,2905,0.05,7.760204390000001,161,469224,84.0,0.09525571763515472,0.0001,117280
5587,2905,0.05,7.79639316,161,469308,84.0,0.08182093501091003,0.0001,117301
5588,2906,0.05,7.779260050000001,161,469392,84.0,2.7861275672912598,0.0001,117322
5589,2906,0.05,7.802401730000001,161,469476,84.0,2.884552001953125,0.0001,117343
5590,2907,0.05,7.78116235,161,469560,84.0,5.37680196762085,0.0001,117364
5591,2907,0.05,7.758803339999999,161,469644,84.0,0.136374369263649,0.0001,117385
5592,2908,0.05,7.778175200000001,161,469728,84.0,0.05974647030234337,0.0001,117406
5593,2908,0.05,7.726765170000001,161,469812,84.0,0.0917937159538269,0.0001,117427
5594,2909,0.05,7.666455020000001,161,469896,84.0,0.07960034161806107,0.0001,117448
5595,2909,0.05,7.69891908,161,469980,84.0,2.6016016006469727,0.0001,117469
5596,2910,0.05,7.70637176,161,470064,84.0,0.036254629492759705,0.0001,117490
5597,2911,0.05,7.69743216,161,470148,84.0,0.07927548885345459,0.0001,117511
5598,2911,0.05,7.662429910000001,161,470232,84.0,0.10196700692176819,0.0001,117532
5599,2912,0.05,7.70137565,161,470316,84.0,0.28226009011268616,0.0001,117553
5600,2912,0.05,7.703596830000001,161,470400,84.0,0.07286795973777771,0.0001,117574
5601,2913,0.05,7.74210061,161,470484,84.0,2.9304378032684326,0.0001,117595
5602,2913,0.05,7.825607869999999,161,470568,84.0,2.569354295730591,0.0001,117616
5603,2914,0.05,7.81639477,161,470652,84.0,0.06804943084716797,0.0001,117637
5604,2914,0.05,7.830782750000001,161,470736,84.0,0.11104519665241241,0.0001,117658
5605,2915,0.05,7.815103410000001,161,470820,84.0,0.09923504292964935,0.0001,117679
5606,2915,0.05,7.80599129,161,470904,84.0,2.66046404838562,0.0001,117700
5607,2916,0.05,7.8288462,161,470988,84.0,0.13060694932937622,0.0001,117721
5608,2916,0.05,7.82527314,161,471072,84.0,0.02931179292500019,0.0001,117742
5609,2917,0.05,7.83246527,161,471156,84.0,0.1450723111629486,0.0001,117763
5610,2918,0.05,7.79448508,161,471240,84.0,0.05177999287843704,0.0001,117784
5611,2918,0.05,7.7535566199999995,161,471324,84.0,0.2659327983856201,0.0001,117805
5612,2919,0.05,7.72674658,161,471408,84.0,0.38840925693511963,0.0001,117826
5613,2919,0.05,7.6801533,161,471492,84.0,0.08714404702186584,0.0001,117847
5614,2920,0.05,7.67110089,161,471576,84.0,0.06953583657741547,0.0001,117868
5615,2920,0.05,7.6972524899999994,161,471660,84.0,5.419053077697754,0.0001,117889
5616,2921,0.05,7.701348479999999,161,471744,84.0,2.8339946269989014,0.0001,117910
5617,2921,0.05,7.705635499999999,161,471828,84.0,0.08741167187690735,0.0001,117931
5618,2922,0.05,7.691242589999999,161,471912,84.0,2.6716175079345703,0.0001,117952
5619,2922,0.05,7.5525176599999995,161,471996,84.0,2.7472083568573,0.0001,117973
5620,2923,0.05,7.570492469999998,161,472080,84.0,0.1056404560804367,0.0001,117994
5621,2923,0.05,7.585513379999998,161,472164,84.0,2.7499539852142334,0.0001,118015
5622,2924,0.05,7.5555762699999995,161,472248,84.0,2.703644037246704,0.0001,118036
5623,2924,0.05,7.569521559999999,161,472332,84.0,2.709447145462036,0.0001,118057
5624,2925,0.05,7.56986284,161,472416,84.0,0.11404399573802948,0.0001,118078
5625,2925,0.05,7.51754784,161,472500,84.0,0.10379038751125336,0.0001,118099
5626,2926,0.05,7.506671239999999,161,472584,84.0,0.05657057464122772,0.0001,118120
5627,2926,0.05,7.49840065,161,472668,84.0,2.597856044769287,0.0001,118141
5628,2927,0.05,7.501314950000001,161,472752,84.0,0.13374722003936768,0.0001,118162
5629,2928,0.05,7.527660740000003,161,472836,84.0,5.691005706787109,0.0001,118183
5630,2928,0.05,7.529270480000001,161,472920,84.0,0.03209276124835014,0.0001,118204
5631,2929,0.05,7.5015249100000005,161,473004,84.0,0.11587321758270264,0.0001,118225
5632,2929,0.05,7.60326543,161,473088,84.0,2.722606658935547,0.0001,118246
5633,2930,0.05,7.563179070000001,161,473172,84.0,0.1439904272556305,0.0001,118267
5634,2930,0.05,7.58913719,161,473256,84.0,0.0486297570168972,0.0001,118288
5635,2931,0.05,7.59921761,161,473340,84.0,2.9259541034698486,0.0001,118309
5636,2931,0.05,7.576222650000001,161,473424,84.0,0.08265750110149384,0.0001,118330
5637,2932,0.05,7.60708047,161,473508,84.0,2.7968907356262207,0.0001,118351
5638,2932,0.05,7.59071004,161,473592,84.0,0.07282581925392151,0.0001,118372
5639,2933,0.05,7.5743624,161,473676,84.0,0.03782271966338158,0.0001,118393
5640,2933,0.05,7.63001517,161,473760,84.0,2.762963056564331,0.0001,118414
5641,2934,0.05,7.613568720000002,161,473844,84.0,0.06718030571937561,0.0001,118435
5642,2934,0.05,7.61335909,161,473928,84.0,0.03469017148017883,0.0001,118456
5643,2935,0.05,7.614567729999999,161,474012,84.0,2.8098058700561523,0.0001,118477
5644,2935,0.05,7.644126759999998,161,474096,84.0,0.13880842924118042,0.0001,118498
5645,2936,0.05,7.653493449999998,161,474180,84.0,0.02204381860792637,0.0001,118519
5646,2936,0.05,7.6636412499999995,161,474264,84.0,0.05641615763306618,0.0001,118540
5647,2937,0.05,7.61627819,161,474348,84.0,0.13132897019386292,0.0001,118561
5648,2937,0.05,7.655439610000001,161,474432,84.0,0.0869290828704834,0.0001,118582
5649,2938,0.05,7.631471770000001,161,474516,84.0,2.7365574836730957,0.0001,118603
5650,2938,0.05,7.662034030000002,161,474600,84.0,0.06074068695306778,0.0001,118624
5651,2939,0.05,7.638302370000002,161,474684,84.0,0.15087060630321503,0.0001,118645
5652,2940,0.05,7.6737445100000015,161,474768,84.0,0.091303750872612,0.0001,118666
5653,2940,0.05,7.646221799999999,161,474852,84.0,2.798610210418701,0.0001,118687
5654,2941,0.05,7.701732999999999,161,474936,84.0,0.12740273773670197,0.0001,118708
5655,2941,0.05,7.71525267,161,475020,84.0,0.055310554802417755,0.0001,118729
5656,2942,0.05,7.770785260000001,161,475104,84.0,8.12768840789795,0.0001,118750
5657,2942,0.05,7.722736700000001,161,475188,84.0,0.09001260995864868,0.0001,118771
5658,2943,0.05,7.669810870000001,161,475272,84.0,0.15763413906097412,0.0001,118792
5659,2943,0.05,7.6494983,161,475356,84.0,3.2380642890930176,0.0001,118813
5660,2944,0.05,7.684059000000001,161,475440,84.0,2.745722532272339,0.0001,118834
5661,2944,0.05,7.7760947300000005,161,475524,84.0,0.09171035140752792,0.0001,118855
5662,2945,0.05,7.82284443,161,475608,84.0,2.9334158897399902,0.0001,118876
5663,2945,0.05,7.788200060000001,161,475692,84.0,0.04247917979955673,0.0001,118897
5664,2946,0.05,7.79132836,161,475776,84.0,2.604641914367676,0.0001,118918
5665,2947,0.05,7.8139974400000005,161,475860,84.0,2.992668628692627,0.0001,118939
5666,2947,0.05,7.851850359999999,161,475944,84.0,0.06239817291498184,0.0001,118960
5667,2948,0.05,7.863202060000001,161,476028,84.0,0.07604371756315231,0.0001,118981
5668,2948,0.05,7.86939987,161,476112,84.0,0.06391745805740356,0.0001,119002
5669,2949,0.05,7.77454059,161,476196,84.0,2.663038492202759,0.0001,119023
5670,2949,0.05,7.775042850000001,161,476280,84.0,3.113285541534424,0.0001,119044
5671,2950,0.05,7.751047790000001,161,476364,84.0,2.9274935722351074,0.0001,119065
5672,2950,0.05,7.71872865,161,476448,84.0,0.07931245863437653,0.0001,119086
5673,2951,0.05,7.76521321,161,476532,84.0,2.8752832412719727,0.0001,119107
5674,2951,0.05,7.75188086,161,476616,84.0,0.1332431137561798,0.0001,119128
5675,2952,0.05,7.77224378,161,476700,84.0,0.423717737197876,0.0001,119149
5676,2953,0.05,7.8379231,161,476784,84.0,2.6481151580810547,0.0001,119170
5677,2953,0.05,7.7736866099999995,161,476868,84.0,2.7720463275909424,0.0001,119191
5678,2954,0.05,7.765306750000001,161,476952,84.0,0.15821239352226257,0.0001,119212
5679,2954,0.05,7.74465974,161,477036,84.0,0.14136987924575806,0.0001,119233
5680,2955,0.05,7.71792867,161,477120,84.0,0.13437025249004364,0.0001,119254
5681,2955,0.05,7.5918602,161,477204,84.0,0.0772421807050705,0.0001,119275
5682,2956,0.05,7.6022891800000005,161,477288,84.0,0.522247314453125,0.0001,119296
5683,2956,0.05,7.61549665,161,477372,84.0,0.048499371856451035,0.0001,119317
5684,2957,0.05,7.6435541,161,477456,84.0,0.06916296482086182,0.0001,119338
5685,2957,0.05,7.6439567,161,477540,84.0,5.4951276779174805,0.0001,119359
5686,2958,0.05,7.580613800000001,161,477624,84.0,5.4610185623168945,0.0001,119380
5687,2958,0.05,7.57474691,161,477708,84.0,0.08117871731519699,0.0001,119401
5688,2959,0.05,7.58943308,161,477792,84.0,0.05288586765527725,0.0001,119422
5689,2959,0.05,7.573782649999999,161,477876,84.0,0.13588546216487885,0.0001,119443
5690,2960,0.05,7.58025173,161,477960,84.0,0.2563134729862213,0.0001,119464
5691,2960,0.05,7.613381579999999,161,478044,84.0,0.0654897466301918,0.0001,119485
5692,2961,0.05,7.61692948,161,478128,84.0,0.08626596629619598,0.0001,119506
5693,2962,0.05,7.628549909999999,161,478212,84.0,2.843245506286621,0.0001,119527
5694,2962,0.05,7.6326399999999985,161,478296,84.0,2.6164937019348145,0.0001,119548
5695,2963,0.05,7.6324935499999995,161,478380,84.0,0.10813847929239273,0.0001,119569
5696,2963,0.05,7.640892229999999,161,478464,84.0,0.057491056621074677,0.0001,119590
5697,2964,0.05,7.603263669999999,161,478548,84.0,0.06733811646699905,0.0001,119611
5698,2964,0.05,7.7091524899999975,161,478632,84.0,0.08328162878751755,0.0001,119632
5699,2965,0.05,7.679863089999998,161,478716,84.0,2.814249038696289,0.0001,119653
5700,2965,0.05,7.690618089999998,161,478800,84.0,5.8672332763671875,0.0001,119674
5701,2966,0.05,7.67490125,161,478884,84.0,3.366809606552124,0.0001,119695
5702,2966,0.05,7.583958339999999,161,478968,84.0,0.14101138710975647,0.0001,119716
5703,2967,0.05,7.523430699999999,161,479052,84.0,0.0845232605934143,0.0001,119737
5704,2967,0.05,7.524587769999999,161,479136,84.0,0.1334780752658844,0.0001,119758
5705,2968,0.05,7.603276579999999,161,479220,84.0,0.13676518201828003,0.0001,119779
5706,2968,0.05,7.58325786,161,479304,84.0,3.0887372493743896,0.0001,119800
5707,2969,0.05,7.55795311,161,479388,84.0,2.728722095489502,0.0001,119821
5708,2969,0.05,7.56816827,161,479472,84.0,0.060581229627132416,0.0001,119842
5709,2970,0.05,7.58172381,161,479556,84.0,0.07716848701238632,0.0001,119863
5710,2970,0.05,7.598184340000001,161,479640,84.0,2.7745442390441895,0.0001,119884
5711,2971,0.05,7.62501317,161,479724,84.0,2.938300371170044,0.0001,119905
5712,2971,0.05,7.57112406,161,479808,84.0,0.08535535633563995,0.0001,119926
5713,2972,0.05,7.57520327,161,479892,84.0,2.7526745796203613,0.0001,119947
5714,2973,0.05,7.6249688,161,479976,84.0,3.056800603866577,0.0001,119968
5715,2973,0.05,7.525392920000001,161,480060,84.0,2.8334052562713623,0.0001,119989
5716,2974,0.05,7.57338756,161,480144,84.0,0.08976771682500839,0.0001,120010
5717,2974,0.05,7.594791019999999,161,480228,84.0,0.12797167897224426,0.0001,120031
5718,2975,0.05,7.658063639999999,161,480312,84.0,0.0946754515171051,0.0001,120052
5719,2975,0.05,7.70057516,161,480396,84.0,2.883404493331909,0.0001,120073
5720,2976,0.05,7.664681399999999,161,480480,84.0,0.11929424852132797,0.0001,120094
5721,2976,0.05,7.637455559999999,161,480564,84.0,2.748898506164551,0.0001,120115
5722,2977,0.05,7.707485510000001,161,480648,84.0,0.10388302803039551,0.0001,120136
5723,2977,0.05,7.728906479999998,161,480732,84.0,0.13701307773590088,0.0001,120157
5724,2978,0.05,7.736177379999999,161,480816,84.0,2.8525550365448,0.0001,120178
5725,2979,0.05,7.804270139999999,161,480900,84.0,0.03793364018201828,0.0001,120199
5726,2979,0.05,7.83844079,161,480984,84.0,0.29785603284835815,0.0001,120220
5727,2980,0.05,7.825097929999999,161,481068,84.0,2.660820245742798,0.0001,120241
5728,2980,0.05,7.86675264,161,481152,84.0,2.736759662628174,0.0001,120262
5729,2981,0.05,7.86126611,161,481236,84.0,0.10073690861463547,0.0001,120283
5730,2981,0.05,7.82479887,161,481320,84.0,0.046597693115472794,0.0001,120304
5731,2982,0.05,7.84095029,161,481404,84.0,0.0940074771642685,0.0001,120325
5732,2982,0.05,7.716069010000001,161,481488,84.0,0.2883991003036499,0.0001,120346
5733,2983,0.05,7.71937399,161,481572,84.0,0.09652692079544067,0.0001,120367
5734,2984,0.05,7.735168360000001,161,481656,84.0,2.6871631145477295,0.0001,120388
5735,2984,0.05,7.74018984,161,481740,84.0,0.09413677453994751,0.0001,120409
5736,2984,0.05,7.802022260000001,161,481824,84.0,0.036400068551301956,0.0001,120430
5737,2985,0.05,7.8336805400000005,161,481908,84.0,0.11983927339315414,0.0001,120451
5738,2986,0.05,7.844982740000001,161,481992,84.0,2.889896869659424,0.0001,120472
5739,2986,0.05,7.843838360000001,161,482076,84.0,0.03958113491535187,0.0001,120493
5740,2987,0.05,7.804304869999999,161,482160,84.0,0.08214761316776276,0.0001,120514
5741,2987,0.05,7.85982842,161,482244,84.0,2.6844308376312256,0.0001,120535
5742,2988,0.05,7.868229929999999,161,482328,84.0,0.08166122436523438,0.0001,120556
5743,2988,0.05,7.860903739999999,161,482412,84.0,0.0311707966029644,0.0001,120577
5744,2989,0.05,7.839306219999998,161,482496,84.0,0.06914270669221878,0.0001,120598
5745,2989,0.05,7.797852169999999,161,482580,84.0,2.614133834838867,0.0001,120619
5746,2990,0.05,7.79303448,161,482664,84.0,0.21647517383098602,0.0001,120640
5747,2990,0.05,7.851189,161,482748,84.0,2.769887685775757,0.0001,120661
5748,2991,0.05,7.85489599,161,482832,84.0,0.07620534300804138,0.0001,120682
5749,2991,0.05,7.88405726,161,482916,84.0,0.08259701728820801,0.0001,120703
5750,2992,0.05,7.881131859999999,161,483000,84.0,0.06807391345500946,0.0001,120724
5751,2992,0.05,7.91493204,161,483084,84.0,0.09214988350868225,0.0001,120745
5752,2993,0.05,7.905161139999999,161,483168,84.0,0.1076112687587738,0.0001,120766
5753,2994,0.05,7.92648867,161,483252,84.0,0.05907365679740906,0.0001,120787
5754,2994,0.05,7.86816529,161,483336,84.0,0.060967251658439636,0.0001,120808
5755,2995,0.05,7.9258017700000005,161,483420,84.0,0.034930989146232605,0.0001,120829
5756,2995,0.05,7.9321249499999995,161,483504,84.0,2.832244634628296,0.0001,120850
5757,2996,0.05,7.944607759999999,161,483588,84.0,0.07239731401205063,0.0001,120871
5758,2996,0.05,7.969818919999999,161,483672,84.0,0.04520432651042938,0.0001,120892
5759,2997,0.05,8.06342242,161,483756,84.0,0.04636618122458458,0.0001,120913
5760,2997,0.05,8.04479181,161,483840,84.0,2.6878204345703125,0.0001,120934
5761,2998,0.05,7.936481269999999,161,483924,84.0,0.0823560282588005,0.0001,120955
5762,2998,0.05,7.9196868799999995,161,484008,84.0,2.742150068283081,0.0001,120976
5763,2999,0.05,7.92820427,161,484092,84.0,0.04336649924516678,0.0001,120997
5764,2999,0.05,7.949763039999999,161,484176,84.0,0.12817728519439697,0.0001,121018
5765,3000,0.05,7.95522958,161,484260,84.0,0.16243629157543182,0.0001,121039
5766,3000,0.05,7.995909439999999,161,484344,84.0,0.10981884598731995,0.0001,121060
5767,3001,0.05,7.97912009,161,484428,84.0,2.7983946800231934,0.0001,121081
5768,3001,0.05,7.99192947,161,484512,84.0,2.7363317012786865,0.0001,121102
5769,3002,0.05,8.11427582,161,484596,84.0,0.04525645822286606,0.0001,121123
5770,3002,0.05,8.118709149999999,161,484680,84.0,0.03885131701827049,0.0001,121144
5771,3003,0.05,8.13979,161,484764,84.0,2.972843885421753,0.0001,121165
5772,3003,0.05,8.17858504,161,484848,84.0,0.07680237293243408,0.0001,121186
5773,3004,0.05,8.098975159999998,161,484932,84.0,0.0604514554142952,0.0001,121207
5774,3004,0.05,8.15279692,161,485016,84.0,2.6534194946289062,0.0001,121228
5775,3005,0.05,8.12843743,161,485100,84.0,0.05991233140230179,0.0001,121249
5776,3005,0.05,8.131070059999999,161,485184,84.0,0.24839934706687927,0.0001,121270
5777,3006,0.05,8.19639139,161,485268,84.0,0.07809162139892578,0.0001,121291
5778,3007,0.05,8.2639954,161,485352,84.0,2.9254236221313477,0.0001,121312
5779,3007,0.05,8.26503784,161,485436,84.0,0.037532009184360504,0.0001,121333
5780,3008,0.05,8.323842840000003,161,485520,84.0,0.059601493179798126,0.0001,121354
5781,3008,0.05,8.426317720000002,161,485604,84.0,0.07094891369342804,0.0001,121375
5782,3009,0.05,8.391716760000001,161,485688,84.0,0.07903751730918884,0.0001,121396
5783,3010,0.05,8.43794174,161,485772,84.0,2.8027100563049316,0.0001,121417
5784,3010,0.05,8.43833749,161,485856,84.0,2.8020715713500977,0.0001,121438
5785,3011,0.05,8.46306248,161,485940,84.0,0.03960701450705528,0.0001,121459
5786,3011,0.05,8.53076449,161,486024,84.0,0.06890828907489777,0.0001,121480
5787,3012,0.05,8.488426769999998,161,486108,84.0,0.08868515491485596,0.0001,121501
5788,3012,0.05,8.493648809999998,161,486192,84.0,0.07077650725841522,0.0001,121522
5789,3013,0.05,8.49398909,161,486276,84.0,3.2092747688293457,0.0001,121543
5790,3013,0.05,8.523255869999998,161,486360,84.0,0.053187258541584015,0.0001,121564
5791,3014,0.05,8.499619159999998,161,486444,84.0,0.061417173594236374,0.0001,121585
5792,3014,0.05,8.472213109999998,161,486528,84.0,0.2188129425048828,0.0001,121606
5793,3015,0.05,8.38737336,161,486612,84.0,0.07975666224956512,0.0001,121627
5794,3015,0.05,8.388070179999998,161,486696,84.0,2.8228495121002197,0.0001,121648
5795,3016,0.05,8.38869248,161,486780,84.0,3.19823956489563,0.0001,121669
5796,3016,0.05,8.50743685,161,486864,84.0,0.12246941030025482,0.0001,121690
5797,3017,0.05,8.52179657,161,486948,84.0,0.13435670733451843,0.0001,121711
5798,3017,0.05,8.42061435,161,487032,84.0,0.1822427213191986,0.0001,121732
5799,3018,0.05,8.33073639,161,487116,84.0,5.452435493469238,0.0001,121753
5800,3019,0.05,8.3230354,161,487200,84.0,0.23383557796478271,0.0001,121774
5801,3019,0.05,8.32447593,161,487284,84.0,0.05255485326051712,0.0001,121795
5802,3020,0.05,8.39806806,161,487368,84.0,2.745175838470459,0.0001,121816
5803,3020,0.05,8.46335999,161,487452,84.0,0.0476408377289772,0.0001,121837
5804,3021,0.05,8.46130355,161,487536,84.0,3.144120216369629,0.0001,121858
5805,3021,0.05,8.399335229999998,161,487620,84.0,0.057353995740413666,0.0001,121879
5806,3022,0.05,8.4027994,161,487704,84.0,0.15139250457286835,0.0001,121900
5807,3022,0.05,8.49120486,161,487788,84.0,0.06688498705625534,0.0001,121921
5808,3023,0.05,8.444561499999999,161,487872,84.0,0.057425182312726974,0.0001,121942
5809,3023,0.05,8.430722809999999,161,487956,84.0,2.701425075531006,0.0001,121963
5810,3024,0.05,8.44181246,161,488040,84.0,0.06072083115577698,0.0001,121984
5811,3024,0.05,8.46711733,161,488124,84.0,0.0664137601852417,0.0001,122005
5812,3025,0.05,8.50748293,161,488208,84.0,0.0911436527967453,0.0001,122026
5813,3026,0.05,8.49370675,161,488292,84.0,5.480769157409668,0.0001,122047
5814,3026,0.05,8.454951490000001,161,488376,84.0,0.14085619151592255,0.0001,122068
5815,3027,0.05,8.50238052,161,488460,84.0,0.0496218241751194,0.0001,122089
5816,3027,0.05,8.412239660000001,161,488544,84.0,2.649442434310913,0.0001,122110
5817,3028,0.05,8.40109698,161,488628,84.0,0.11688835918903351,0.0001,122131
5818,3028,0.05,8.35490889,161,488712,84.0,5.229918479919434,0.0001,122152
5819,3029,0.05,8.33798017,161,488796,84.0,2.715731382369995,0.0001,122173
5820,3029,0.05,8.36712712,161,488880,84.0,2.8769102096557617,0.0001,122194
5821,3030,0.05,8.384092299999999,161,488964,84.0,2.5943832397460938,0.0001,122215
5822,3030,0.05,8.346618459999998,161,489048,84.0,0.05069221556186676,0.0001,122236
5823,3031,0.05,8.31460557,161,489132,84.0,2.7545719146728516,0.0001,122257
5824,3032,0.05,8.30706696,161,489216,84.0,2.939263105392456,0.0001,122278
5825,3032,0.05,8.34326301,161,489300,84.0,0.08685758709907532,0.0001,122299
5826,3033,0.05,8.29858273,161,489384,84.0,0.20309379696846008,0.0001,122320
5827,3033,0.05,8.30783353,161,489468,84.0,0.0787896066904068,0.0001,122341
5828,3034,0.05,8.22749036,161,489552,84.0,0.1152719110250473,0.0001,122362
5829,3034,0.05,8.25168364,161,489636,84.0,0.06833668053150177,0.0001,122383
5830,3035,0.05,8.278251829999999,161,489720,84.0,0.07474017888307571,0.0001,122404
5831,3035,0.05,8.25479123,161,489804,84.0,0.0448734387755394,0.0001,122425
5832,3036,0.05,8.24663198,161,489888,84.0,0.05446172505617142,0.0001,122446
5833,3036,0.05,8.26843041,161,489972,84.0,0.08068224042654037,0.0001,122467
5834,3037,0.05,8.258061940000001,161,490056,84.0,2.790726900100708,0.0001,122488
5835,3037,0.05,8.296296000000002,161,490140,84.0,0.07137533277273178,0.0001,122509
5836,3038,0.05,8.247002700000001,161,490224,84.0,0.04952426254749298,0.0001,122530
5837,3038,0.05,8.31674961,161,490308,84.0,0.2277640700340271,0.0001,122551
5838,3039,0.05,8.300142820000001,161,490392,84.0,0.14333824813365936,0.0001,122572
5839,3040,0.05,8.30438137,161,490476,84.0,0.1025138646364212,0.0001,122593
5840,3040,0.05,8.25835137,161,490560,84.0,2.841925859451294,0.0001,122614
5841,3041,0.05,8.20715167,161,490644,84.0,0.22599565982818604,0.0001,122635
5842,3041,0.05,8.2057431,161,490728,84.0,0.050335392355918884,0.0001,122656
5843,3042,0.05,8.224456539999998,161,490812,84.0,0.04311932623386383,0.0001,122677
5844,3042,0.05,8.17683159,161,490896,84.0,0.18585193157196045,0.0001,122698
5845,3043,0.05,8.33773287,161,490980,84.0,2.7975006103515625,0.0001,122719
5846,3043,0.05,8.350809499999999,161,491064,84.0,0.08472117781639099,0.0001,122740
5847,3044,0.05,8.340160099999999,161,491148,84.0,0.15580494701862335,0.0001,122761
5848,3044,0.05,8.396342859999999,161,491232,84.0,0.08581122010946274,0.0001,122782
5849,3045,0.05,8.39099987,161,491316,84.0,0.17355315387248993,0.0001,122803
5850,3045,0.05,8.40796024,161,491400,84.0,5.9131364822387695,0.0001,122824
5851,3046,0.05,8.406680190000001,161,491484,84.0,5.416765213012695,0.0001,122845
5852,3047,0.05,8.44189946,161,491568,84.0,3.1857378482818604,0.0001,122866
5853,3047,0.05,8.47022422,161,491652,84.0,5.519518852233887,0.0001,122887
5854,3048,0.05,8.50882218,161,491736,84.0,0.11150478571653366,0.0001,122908
5855,3048,0.05,8.428286120000001,161,491820,84.0,2.6761767864227295,0.0001,122929
5856,3049,0.05,8.412828549999999,161,491904,84.0,0.051996588706970215,0.0001,122950
5857,3049,0.05,8.42368837,161,491988,84.0,0.07663880288600922,0.0001,122971
5858,3050,0.05,8.42966957,161,492072,84.0,0.1542890965938568,0.0001,122992
5859,3050,0.05,8.34894639,161,492156,84.0,3.022113084793091,0.0001,123013
5860,3051,0.05,8.314933139999999,161,492240,84.0,0.05669032782316208,0.0001,123034
5861,3051,0.05,8.310635959999999,161,492324,84.0,0.10587209463119507,0.0001,123055
5862,3052,0.05,8.331796349999998,161,492408,84.0,2.6991772651672363,0.0001,123076
5863,3053,0.05,8.29591548,161,492492,84.0,0.07298622280359268,0.0001,123097
5864,3053,0.05,8.286796039999999,161,492576,84.0,0.06995116174221039,0.0001,123118
5865,3054,0.05,8.284217029999999,161,492660,84.0,0.07642289996147156,0.0001,123139
5866,3054,0.05,8.217945929999999,161,492744,84.0,0.06454040110111237,0.0001,123160
5867,3055,0.05,8.240234319999999,161,492828,84.0,0.20667925477027893,0.0001,123181
5868,3055,0.05,8.22435187,161,492912,84.0,0.12853550910949707,0.0001,123202
5869,3056,0.05,8.234303599999997,161,492996,84.0,0.08177636563777924,0.0001,123223
5870,3056,0.05,8.234578149999999,161,493080,84.0,0.06020056828856468,0.0001,123244
5871,3057,0.05,8.255345189999998,161,493164,84.0,0.09118068218231201,0.0001,123265
5872,3057,0.05,8.21060431,161,493248,84.0,0.23486460745334625,0.0001,123286
5873,3058,0.05,8.263597990000001,161,493332,84.0,0.10956551134586334,0.0001,123307
5874,3058,0.05,8.20931036,161,493416,84.0,0.11586207151412964,0.0001,123328
5875,3059,0.05,8.259190810000002,161,493500,84.0,0.0984712541103363,0.0001,123349
5876,3059,0.05,8.23762516,161,493584,84.0,0.08057627081871033,0.0001,123370
5877,3060,0.05,8.233673090000002,161,493668,84.0,5.20967435836792,0.0001,123391
5878,3060,0.05,8.136798429999999,161,493752,84.0,0.19363118708133698,0.0001,123412
5879,3061,0.05,8.136442440000001,161,493836,84.0,0.10576874762773514,0.0001,123433
5880,3061,0.05,8.2306776,161,493920,84.0,0.035802409052848816,0.0001,123454
5881,3062,0.05,8.211573820000002,161,494004,84.0,0.07520026713609695,0.0001,123475
5882,3063,0.05,8.252492610000001,161,494088,84.0,5.476511001586914,0.0001,123496
5883,3063,0.05,8.22590493,161,494172,84.0,0.0569891557097435,0.0001,123517
5884,3064,0.05,8.206735590000001,161,494256,84.0,0.07562828063964844,0.0001,123538
5885,3064,0.05,8.14776189,161,494340,84.0,2.9240341186523438,0.0001,123559
5886,3065,0.05,8.13935589,161,494424,84.0,0.1556493490934372,0.0001,123580
5887,3065,0.05,8.17497678,161,494508,84.0,0.053507156670093536,0.0001,123601
5888,3066,0.05,8.11006731,161,494592,84.0,0.08150457590818405,0.0001,123622
5889,3066,0.05,8.110423529999998,161,494676,84.0,2.728376626968384,0.0001,123643
5890,3067,0.05,8.07791316,161,494760,84.0,0.09017330408096313,0.0001,123664
5891,3067,0.05,8.0862717,161,494844,84.0,0.06107768416404724,0.0001,123685
5892,3068,0.05,8.13752332,161,494928,84.0,2.6182608604431152,0.0001,123706
5893,3068,0.05,8.24015972,161,495012,84.0,0.119451142847538,0.0001,123727
5894,3069,0.05,8.25475183,161,495096,84.0,0.09658616036176682,0.0001,123748
5895,3069,0.05,8.268688939999999,161,495180,84.0,3.1319096088409424,0.0001,123769
5896,3070,0.05,8.111504440000001,161,495264,84.0,0.10813438892364502,0.0001,123790
5897,3070,0.05,8.145713880000002,161,495348,84.0,0.18769587576389313,0.0001,123811
5898,3071,0.05,8.119539830000003,161,495432,84.0,3.135441780090332,0.0001,123832
5899,3072,0.05,8.17793029,161,495516,84.0,0.07236547768115997,0.0001,123853
5900,3072,0.05,8.187150350000001,161,495600,84.0,0.06943382322788239,0.0001,123874
5901,3073,0.05,8.17693599,161,495684,84.0,0.04910706728696823,0.0001,123895
5902,3073,0.05,8.11555277,161,495768,84.0,0.032537393271923065,0.0001,123916
5903,3074,0.05,8.06820394,161,495852,84.0,0.10293371975421906,0.0001,123937
5904,3074,0.05,8.06616973,161,495936,84.0,0.08157235383987427,0.0001,123958
5905,3075,0.05,8.07555929,161,496020,84.0,0.057453691959381104,0.0001,123979
5906,3075,0.05,8.07200329,161,496104,84.0,5.9023261070251465,0.0001,124000
5907,3076,0.05,7.98224383,161,496188,84.0,0.1296243518590927,0.0001,124021
5908,3076,0.05,8.004572660000001,161,496272,84.0,0.06937647610902786,0.0001,124042
5909,3077,0.05,8.00658966,161,496356,84.0,0.06286105513572693,0.0001,124063
5910,3077,0.05,8.043240059999999,161,496440,84.0,2.5974769592285156,0.0001,124084
5911,3078,0.05,8.035610049999999,161,496524,84.0,0.0988619402050972,0.0001,124105
5912,3078,0.05,8.05129796,161,496608,84.0,0.04173504561185837,0.0001,124126
5913,3079,0.05,8.06247674,161,496692,84.0,0.30773383378982544,0.0001,124147
5914,3079,0.05,7.986180029999999,161,496776,84.0,0.09209229052066803,0.0001,124168
5915,3080,0.05,7.968157089999998,161,496860,84.0,0.051931533962488174,0.0001,124189
5916,3081,0.05,8.006129139999999,161,496944,84.0,0.0689031332731247,0.0001,124210
5917,3081,0.05,7.995818759999999,161,497028,84.0,0.09817139059305191,0.0001,124231
5918,3082,0.05,7.977768379999999,161,497112,84.0,0.3179689347743988,0.0001,124252
5919,3082,0.05,7.97320121,161,497196,84.0,0.09014172852039337,0.0001,124273
5920,3083,0.05,7.977173799999999,161,497280,84.0,2.701561450958252,0.0001,124294
5921,3083,0.05,8.001827389999999,161,497364,84.0,0.06231622025370598,0.0001,124315
5922,3084,0.05,8.00296426,161,497448,84.0,2.6790945529937744,0.0001,124336
5923,3084,0.05,8.01648449,161,497532,84.0,2.7911596298217773,0.0001,124357
5924,3085,0.05,8.00455736,161,497616,84.0,0.12789645791053772,0.0001,124378
5925,3085,0.05,7.99499943,161,497700,84.0,2.755436658859253,0.0001,124399
5926,3086,0.05,7.986260079999999,161,497784,84.0,0.056991830468177795,0.0001,124420
5927,3087,0.05,7.99775061,161,497868,84.0,0.032384779304265976,0.0001,124441
5928,3087,0.05,8.04638739,161,497952,84.0,7.866330146789551,0.0001,124462
5929,3088,0.05,8.057292689999999,161,498036,84.0,0.0918366014957428,0.0001,124483
5930,3088,0.05,8.05477857,161,498120,84.0,0.07486734539270401,0.0001,124504
5931,3089,0.05,8.069117080000002,161,498204,84.0,2.6452407836914062,0.0001,124525
5932,3089,0.05,8.115387599999998,161,498288,84.0,0.062431368976831436,0.0001,124546
5933,3090,0.05,8.20142875,161,498372,84.0,0.07428142428398132,0.0001,124567
5934,3090,0.05,8.20475886,161,498456,84.0,0.08606304228305817,0.0001,124588
5935,3091,0.05,8.1979817,161,498540,84.0,0.15584397315979004,0.0001,124609
5936,3091,0.05,8.181470740000002,161,498624,84.0,0.04531741887331009,0.0001,124630
5937,3092,0.05,8.10380089,161,498708,84.0,5.4192328453063965,0.0001,124651
5938,3092,0.05,8.11811866,161,498792,84.0,2.9023239612579346,0.0001,124672
5939,3093,0.05,8.13937414,161,498876,84.0,0.1106036901473999,0.0001,124693
5940,3093,0.05,8.19353647,161,498960,84.0,3.1154682636260986,0.0001,124714
5941,3094,0.05,8.18841256,161,499044,84.0,0.3077563941478729,0.0001,124735
5942,3095,0.05,8.17384351,161,499128,84.0,0.02609524130821228,0.0001,124756
5943,3095,0.05,8.17977564,161,499212,84.0,0.06553532928228378,0.0001,124777
5944,3096,0.05,8.25683979,161,499296,84.0,0.11964944005012512,0.0001,124798
5945,3096,0.05,8.114012999999998,161,499380,84.0,0.043031029403209686,0.0001,124819
5946,3097,0.05,8.112220339999999,161,499464,84.0,0.08478404581546783,0.0001,124840
5947,3097,0.05,8.10435935,161,499548,84.0,0.1675560474395752,0.0001,124861
5948,3098,0.05,8.01787587,161,499632,84.0,2.7998132705688477,0.0001,124882
5949,3098,0.05,8.040800029999998,161,499716,84.0,2.702533006668091,0.0001,124903
5950,3099,0.05,8.011709129999998,161,499800,84.0,5.154876232147217,0.0001,124924
5951,3099,0.05,8.08090427,161,499884,84.0,5.443015098571777,0.0001,124945
5952,3100,0.05,8.050819689999999,161,499968,84.0,0.053556714206933975,0.0001,124966
5953,3100,0.05,8.042611960000002,161,500052,84.0,0.04393209517002106,0.0001,124987
5954,3101,0.05,7.98075197,161,500136,84.0,2.690683603286743,0.0001,125008
5955,3102,0.05,7.97291507,161,500220,84.0,2.6127610206604004,0.0001,125029
5956,3102,0.05,7.98637785,161,500304,84.0,0.06771855801343918,0.0001,125050
5957,3103,0.05,7.99686503,161,500388,84.0,0.1749882698059082,0.0001,125071
5958,3103,0.05,8.00468382,161,500472,84.0,0.046690575778484344,0.0001,125092
5959,3104,0.05,7.99195145,161,500556,84.0,0.09050242602825165,0.0001,125113
5960,3104,0.05,8.02108806,161,500640,84.0,0.08626589179039001,0.0001,125134
5961,3105,0.05,8.01443148,161,500724,84.0,2.874762773513794,0.0001,125155
5962,3105,0.05,8.111440370000002,161,500808,84.0,0.0715431421995163,0.0001,125176
5963,3106,0.05,8.157231040000001,161,500892,84.0,0.07325787842273712,0.0001,125197
5964,3106,0.05,8.11966415,161,500976,84.0,0.041454482823610306,0.0001,125218
5965,3107,0.05,8.127412020000001,161,501060,84.0,0.04042239487171173,0.0001,125239
5966,3108,0.05,8.163787600000001,161,501144,84.0,2.685457229614258,0.0001,125260
5967,3108,0.05,8.18036631,161,501228,84.0,2.981760025024414,0.0001,125281
5968,3109,0.05,8.20385951,161,501312,84.0,0.09388983994722366,0.0001,125302
5969,3109,0.05,8.22242916,161,501396,84.0,3.158284902572632,0.0001,125323
5970,3110,0.05,8.23333401,161,501480,84.0,0.06374526023864746,0.0001,125344
5971,3110,0.05,8.22562884,161,501564,84.0,0.0896286815404892,0.0001,125365
5972,3111,0.05,8.29247787,161,501648,84.0,0.14655649662017822,0.0001,125386
5973,3111,0.05,8.2466126,161,501732,84.0,0.1073228269815445,0.0001,125407
5974,3112,0.05,8.26942077,161,501816,84.0,0.06600455939769745,0.0001,125428
5975,3112,0.05,8.28475161,161,501900,84.0,2.93979549407959,0.0001,125449
5976,3113,0.05,8.27639983,161,501984,84.0,0.053011734038591385,0.0001,125470
5977,3113,0.05,8.36625122,161,502068,84.0,0.21592487394809723,0.0001,125491
5978,3114,0.05,8.412865870000001,161,502152,84.0,5.229187488555908,0.0001,125512
5979,3114,0.05,8.4039465,161,502236,84.0,0.047126807272434235,0.0001,125533
5980,3115,0.05,8.26697112,161,502320,84.0,0.05437920615077019,0.0001,125554
5981,3115,0.05,8.32332607,161,502404,84.0,2.8366658687591553,0.0001,125575
5982,3116,0.05,8.30588498,161,502488,84.0,2.8078606128692627,0.0001,125596
5983,3116,0.05,8.30465947,161,502572,84.0,0.15301355719566345,0.0001,125617
5984,3117,0.05,8.31147932,161,502656,84.0,0.06368935108184814,0.0001,125638
5985,3117,0.05,8.358474730000001,161,502740,84.0,2.5667266845703125,0.0001,125659
5986,3118,0.05,8.391308190000002,161,502824,84.0,0.0471060648560524,0.0001,125680
5987,3119,0.05,8.35590956,161,502908,84.0,0.06602229177951813,0.0001,125701
5988,3119,0.05,8.450378950000001,161,502992,84.0,0.041166678071022034,0.0001,125722
5989,3120,0.05,8.529128850000001,161,503076,84.0,0.049564749002456665,0.0001,125743
5990,3120,0.05,8.54834497,161,503160,84.0,2.845238208770752,0.0001,125764
5991,3121,0.05,8.562929040000002,161,503244,84.0,0.028303328901529312,0.0001,125785
5992,3121,0.05,8.543319310000001,161,503328,84.0,0.0355977825820446,0.0001,125806
5993,3122,0.05,8.489886330000001,161,503412,84.0,0.06221301108598709,0.0001,125827
5994,3122,0.05,8.44916482,161,503496,84.0,0.05357225611805916,0.0001,125848
5995,3123,0.05,8.443058460000001,161,503580,84.0,2.9013564586639404,0.0001,125869
5996,3123,0.05,8.45130967,161,503664,84.0,2.731032609939575,0.0001,125890
5997,3124,0.05,8.44834226,161,503748,84.0,2.829651355743408,0.0001,125911
5998,3124,0.05,8.508591850000002,161,503832,84.0,0.0824275091290474,0.0001,125932
5999,3125,0.05,8.57334574,161,503916,84.0,0.14512652158737183,0.0001,125953
6000,3125,0.05,8.56671643,161,504000,84.0,0.050618987530469894,0.0001,125974
6001,3126,0.05,8.628747449999999,161,504084,84.0,0.0500907376408577,0.0001,125995
6002,3126,0.05,8.655737899999998,161,504168,84.0,5.298264026641846,0.0001,126016
6003,3127,0.05,8.751814919999997,161,504252,84.0,0.07093511521816254,0.0001,126037
6004,3128,0.05,8.73092355,161,504336,84.0,5.073604583740234,0.0001,126058
6005,3128,0.05,8.75948204,161,504420,84.0,2.6631410121917725,0.0001,126079
6006,3129,0.05,8.77492874,161,504504,84.0,2.6866328716278076,0.0001,126100
6007,3129,0.05,8.767376950000001,161,504588,84.0,2.6841936111450195,0.0001,126121
6008,3130,0.05,8.77354621,161,504672,84.0,0.06631150096654892,0.0001,126142
6009,3130,0.05,8.76616649,161,504756,84.0,2.6742000579833984,0.0001,126163
6010,3131,0.05,8.758064420000002,161,504840,84.0,0.12405915558338165,0.0001,126184
6011,3131,0.05,8.749358610000002,161,504924,84.0,0.07395956665277481,0.0001,126205
6012,3131,0.05,8.709457360000002,161,505008,84.0,0.13987813889980316,0.0001,126226
6013,3132,0.05,8.69905261,161,505092,84.0,0.10918807983398438,0.0001,126247
6014,3133,0.05,8.82763687,161,505176,84.0,0.09008906781673431,0.0001,126268
6015,3133,0.05,8.785535309999998,161,505260,84.0,0.06080077588558197,0.0001,126289
6016,3134,0.05,8.79564176,161,505344,84.0,5.271777153015137,0.0001,126310
6017,3134,0.05,8.800521569999999,161,505428,84.0,0.04250737279653549,0.0001,126331
6018,3135,0.05,8.853473419999998,161,505512,84.0,2.9834704399108887,0.0001,126352
6019,3135,0.05,8.845318169999999,161,505596,84.0,0.06881088018417358,0.0001,126373
6020,3136,0.05,8.8398086,161,505680,84.0,0.05704814940690994,0.0001,126394
6021,3136,0.05,8.78725106,161,505764,84.0,2.632826089859009,0.0001,126415
6022,3137,0.05,8.766864459999999,161,505848,84.0,2.816189765930176,0.0001,126436
6023,3137,0.05,8.734044839999997,161,505932,84.0,0.15231801569461823,0.0001,126457
6024,3138,0.05,8.747869219999998,161,506016,84.0,2.705958127975464,0.0001,126478
6025,3139,0.05,8.728525849999999,161,506100,84.0,0.06486555933952332,0.0001,126499
6026,3139,0.05,8.737707599999998,161,506184,84.0,2.667781352996826,0.0001,126520
6027,3140,0.05,8.751744299999999,161,506268,84.0,0.04438306391239166,0.0001,126541
6028,3140,0.05,8.744679829999999,161,506352,84.0,5.310290813446045,0.0001,126562
6029,3141,0.05,8.634351259999999,161,506436,84.0,2.654367685317993,0.0001,126583
6030,3141,0.05,8.63508016,161,506520,84.0,0.07926064729690552,0.0001,126604
6031,3142,0.05,8.62955672,161,506604,84.0,0.3006857633590698,0.0001,126625
6032,3142,0.05,8.5959436,161,506688,84.0,3.000170946121216,0.0001,126646
6033,3143,0.05,8.551116389999999,161,506772,84.0,0.03500933200120926,0.0001,126667
6034,3143,0.05,8.593173409999999,161,506856,84.0,2.539456367492676,0.0001,126688
6035,3144,0.05,8.55511698,161,506940,84.0,0.025588197633624077,0.0001,126709
6036,3144,0.05,8.59372975,161,507024,84.0,0.06802944839000702,0.0001,126730
6037,3145,0.05,8.583428500000002,161,507108,84.0,0.05359794944524765,0.0001,126751
6038,3145,0.05,8.577050739999999,161,507192,84.0,2.652517318725586,0.0001,126772
6039,3146,0.05,8.55296366,161,507276,84.0,0.07077345997095108,0.0001,126793
6040,3147,0.05,8.547162279999998,161,507360,84.0,5.140585899353027,0.0001,126814
6041,3147,0.05,8.588996139999999,161,507444,84.0,2.617255210876465,0.0001,126835
6042,3148,0.05,8.523274329999998,161,507528,84.0,0.3321463465690613,0.0001,126856
6043,3148,0.05,8.52267732,161,507612,84.0,0.033133331686258316,0.0001,126877
6044,3149,0.05,8.510574039999998,161,507696,84.0,0.07623157650232315,0.0001,126898
6045,3149,0.05,8.518525129999999,161,507780,84.0,2.6321535110473633,0.0001,126919
6046,3150,0.05,8.49963925,161,507864,84.0,0.1911926567554474,0.0001,126940
6047,3150,0.05,8.442546329999999,161,507948,84.0,0.07813657820224762,0.0001,126961
6048,3151,0.05,8.476617829999999,161,508032,84.0,0.03425730764865875,0.0001,126982
6049,3151,0.05,8.55197134,161,508116,84.0,0.06901223957538605,0.0001,127003
6050,3152,0.05,8.57073141,161,508200,84.0,2.795501470565796,0.0001,127024
6051,3152,0.05,8.49195469,161,508284,84.0,0.13680915534496307,0.0001,127045
6052,3153,0.05,8.569072710000002,161,508368,84.0,2.636550188064575,0.0001,127066
6053,3153,0.05,8.55234409,161,508452,84.0,0.06003902107477188,0.0001,127087
6054,3154,0.05,8.55284508,161,508536,84.0,0.04710394889116287,0.0001,127108
6055,3155,0.05,8.533370320000001,161,508620,84.0,0.06231824681162834,0.0001,127129
6056,3155,0.05,8.511137680000001,161,508704,84.0,2.6581168174743652,0.0001,127150
6057,3156,0.05,8.49627201,161,508788,84.0,0.07198590040206909,0.0001,127171
6058,3156,0.05,8.56835642,161,508872,84.0,0.2729291617870331,0.0001,127192
6059,3157,0.05,8.611480760000001,161,508956,84.0,0.05279040336608887,0.0001,127213
6060,3157,0.05,8.582334520000002,161,509040,84.0,0.06374290585517883,0.0001,127234
6061,3158,0.05,8.651581530000001,161,509124,84.0,0.16597317159175873,0.0001,127255
6062,3158,0.05,8.544485700000001,161,509208,84.0,0.12705278396606445,0.0001,127276
6063,3159,0.05,8.48301901,161,509292,84.0,0.1144619882106781,0.0001,127297
6064,3159,0.05,8.52502566,161,509376,84.0,0.22030052542686462,0.0001,127318
6065,3160,0.05,8.53205063,161,509460,84.0,0.31147176027297974,0.0001,127339
6066,3160,0.05,8.477843169999998,161,509544,84.0,2.6167895793914795,0.0001,127360
6067,3161,0.05,8.46407496,161,509628,84.0,3.045713186264038,0.0001,127381
6068,3162,0.05,8.369757569999999,161,509712,84.0,0.08262136578559875,0.0001,127402
6069,3162,0.05,8.332391280000001,161,509796,84.0,0.03617890179157257,0.0001,127423
6070,3163,0.05,8.315559660000002,161,509880,84.0,2.9981372356414795,0.0001,127444
6071,3163,0.05,8.334653750000003,161,509964,84.0,0.09159158170223236,0.0001,127465
6072,3164,0.05,8.287042170000001,161,510048,84.0,3.1201400756835938,0.0001,127486
6073,3164,0.05,8.24827859,161,510132,84.0,0.08455396443605423,0.0001,127507
6074,3165,0.05,8.24213422,161,510216,84.0,0.09195297956466675,0.0001,127528
6075,3166,0.05,8.24439569,161,510300,84.0,2.5560719966888428,0.0001,127549
6076,3166,0.05,8.24930704,161,510384,84.0,0.07719121128320694,0.0001,127570
6077,3167,0.05,8.12379405,161,510468,84.0,0.41176077723503113,0.0001,127591
6078,3167,0.05,8.11003747,161,510552,84.0,0.06795450299978256,0.0001,127612
6079,3168,0.05,8.12643741,161,510636,84.0,0.09532926976680756,0.0001,127633
6080,3168,0.05,8.155902,161,510720,84.0,2.607088327407837,0.0001,127654
6081,3169,0.05,8.1785275,161,510804,84.0,0.10681405663490295,0.0001,127675
6082,3169,0.05,8.20050024,161,510888,84.0,0.061974890530109406,0.0001,127696
6083,3170,0.05,8.22252391,161,510972,84.0,0.05791885405778885,0.0001,127717
6084,3170,0.05,8.20966863,161,511056,84.0,0.09516279399394989,0.0001,127738
6085,3171,0.05,8.17363911,161,511140,84.0,0.09562131017446518,0.0001,127759
6086,3171,0.05,8.22574193,161,511224,84.0,0.08795270323753357,0.0001,127780
6087,3172,0.05,8.23204096,161,511308,84.0,2.724548816680908,0.0001,127801
6088,3172,0.05,8.18580912,161,511392,84.0,2.618839979171753,0.0001,127822
6089,3173,0.05,8.11239879,161,511476,84.0,0.06829172372817993,0.0001,127843
6090,3173,0.05,8.14289046,161,511560,84.0,2.6571338176727295,0.0001,127864
6091,3174,0.05,8.12081692,161,511644,84.0,0.10480877757072449,0.0001,127885
6092,3174,0.05,8.10754319,161,511728,84.0,2.881700038909912,0.0001,127906
6093,3175,0.05,8.16358358,161,511812,84.0,0.05852716416120529,0.0001,127927
6094,3175,0.05,8.20987728,161,511896,84.0,0.14534656703472137,0.0001,127948
6095,3176,0.05,8.18182526,161,511980,84.0,2.7770190238952637,0.0001,127969
6096,3176,0.05,8.170946950000001,161,512064,84.0,0.12501254677772522,0.0001,127990
6097,3177,0.05,8.13987751,161,512148,84.0,0.10142248868942261,0.0001,128011
6098,3177,0.05,8.115526720000002,161,512232,84.0,2.658989906311035,0.0001,128032
6099,3178,0.05,8.064765720000002,161,512316,84.0,0.06744419038295746,0.0001,128053
6100,3179,0.05,8.074485520000001,161,512400,84.0,2.761265516281128,0.0001,128074
6101,3179,0.05,8.04049634,161,512484,84.0,5.18729305267334,0.0001,128095
6102,3180,0.05,8.02555549,161,512568,84.0,0.11876829713582993,0.0001,128116
6103,3180,0.05,7.99276172,161,512652,84.0,0.16589820384979248,0.0001,128137
6104,3181,0.05,8.01913481,161,512736,84.0,8.213061332702637,0.0001,128158
6105,3181,0.05,8.00068111,161,512820,84.0,2.918793201446533,0.0001,128179
6106,3182,0.05,7.99295485,161,512904,84.0,0.03061729669570923,0.0001,128200
6107,3182,0.05,8.039477150000002,161,512988,84.0,0.03081957809627056,0.0001,128221
6108,3183,0.05,8.058638230000001,161,513072,84.0,3.1041505336761475,0.0001,128242
6109,3183,0.05,7.980647319999999,161,513156,84.0,0.048725675791502,0.0001,128263
6110,3184,0.05,7.96901051,161,513240,84.0,2.9943604469299316,0.0001,128284
6111,3184,0.05,7.987547480000001,161,513324,84.0,0.05515320599079132,0.0001,128305
6112,3185,0.05,8.01619694,161,513408,84.0,0.060814596712589264,0.0001,128326
6113,3185,0.05,8.02900017,161,513492,84.0,0.027116045355796814,0.0001,128347
6114,3186,0.05,8.05030478,161,513576,84.0,2.739633321762085,0.0001,128368
6115,3187,0.05,8.08634109,161,513660,84.0,0.06673812121152878,0.0001,128389
6116,3187,0.05,8.08060332,161,513744,84.0,2.682079792022705,0.0001,128410
6117,3188,0.05,8.07099457,161,513828,84.0,0.03548186272382736,0.0001,128431
6118,3188,0.05,8.10842252,161,513912,84.0,0.19696319103240967,0.0001,128452
6119,3189,0.05,8.12531384,161,513996,84.0,5.219993591308594,0.0001,128473
6120,3189,0.05,8.126132890000001,161,514080,84.0,0.06246788799762726,0.0001,128494
6121,3190,0.05,8.11383644,161,514164,84.0,0.04304654896259308,0.0001,128515
6122,3190,0.05,8.10921829,161,514248,84.0,0.0390072725713253,0.0001,128536
6123,3191,0.05,8.14734375,161,514332,84.0,0.04544823244214058,0.0001,128557
6124,3191,0.05,8.169110139999999,161,514416,84.0,0.06661821901798248,0.0001,128578
6125,3192,0.05,8.16412008,161,514500,84.0,0.08036734163761139,0.0001,128599
6126,3192,0.05,8.180653229999999,161,514584,84.0,0.06578974425792694,0.0001,128620
6127,3193,0.05,8.14158885,161,514668,84.0,0.10132410377264023,0.0001,128641
6128,3193,0.05,8.14161334,161,514752,84.0,0.13684295117855072,0.0001,128662
6129,3194,0.05,8.21153284,161,514836,84.0,0.15684205293655396,0.0001,128683
6130,3194,0.05,8.19453841,161,514920,84.0,0.04893694818019867,0.0001,128704
6131,3195,0.05,8.192236659999999,161,515004,84.0,2.735154628753662,0.0001,128725
6132,3195,0.05,8.14879885,161,515088,84.0,0.0840979665517807,0.0001,128746
6133,3196,0.05,8.14960899,161,515172,84.0,0.04818207770586014,0.0001,128767
6134,3196,0.05,8.08930586,161,515256,84.0,2.8094825744628906,0.0001,128788
6135,3197,0.05,8.08900818,161,515340,84.0,0.04190945625305176,0.0001,128809
6136,3197,0.05,8.11371065,161,515424,84.0,2.775996446609497,0.0001,128830
6137,3198,0.05,8.111177109999998,161,515508,84.0,0.1301816999912262,0.0001,128851
6138,3198,0.05,8.06346934,161,515592,84.0,2.909799575805664,0.0001,128872
6139,3199,0.05,8.07063514,161,515676,84.0,2.669930934906006,0.0001,128893
6140,3200,0.05,8.02467484,161,515760,84.0,2.728712797164917,0.0001,128914
6141,3200,0.05,7.9998508500000005,161,515844,84.0,3.0893633365631104,0.0001,128935
6142,3201,0.05,8.077218929999999,161,515928,84.0,0.09398546814918518,0.0001,128956
6143,3201,0.05,8.10067376,161,516012,84.0,2.639894485473633,0.0001,128977
6144,3202,0.05,8.087639379999999,161,516096,84.0,0.10175424814224243,0.0001,128998
6145,3202,0.05,8.059387829999999,161,516180,84.0,0.0658925473690033,0.0001,129019
6146,3203,0.05,8.07065576,161,516264,84.0,2.6527183055877686,0.0001,129040
6147,3203,0.05,8.127271709999999,161,516348,84.0,0.0314372181892395,0.0001,129061
6148,3204,0.05,8.10252564,161,516432,84.0,0.07635094225406647,0.0001,129082
6149,3204,0.05,7.99807958,161,516516,84.0,0.04821626842021942,0.0001,129103
6150,3205,0.05,8.00680065,161,516600,84.0,0.0463765487074852,0.0001,129124
6151,3205,0.05,8.02571014,161,516684,84.0,2.632413625717163,0.0001,129145
6152,3206,0.05,7.930483809999999,161,516768,84.0,0.12529247999191284,0.0001,129166
6153,3206,0.05,7.918195389999998,161,516852,84.0,0.07271568477153778,0.0001,129187
6154,3207,0.05,8.02036527,161,516936,84.0,0.1955118626356125,0.0001,129208
6155,3207,0.05,8.069852079999999,161,517020,84.0,0.08286082744598389,0.0001,129229
6156,3208,0.05,8.054087649999998,161,517104,84.0,0.05948837846517563,0.0001,129250
6157,3209,0.05,8.06566908,161,517188,84.0,0.03479859232902527,0.0001,129271
6158,3209,0.05,7.953537760000001,161,517272,84.0,0.07410027086734772,0.0001,129292
6159,3210,0.05,7.93599059,161,517356,84.0,0.039313141256570816,0.0001,129313
6160,3210,0.05,7.91601386,161,517440,84.0,0.06256674230098724,0.0001,129334
6161,3211,0.05,7.87382434,161,517524,84.0,0.050334393978118896,0.0001,129355
6162,3211,0.05,7.87453822,161,517608,84.0,2.7484939098358154,0.0001,129376
6163,3212,0.05,7.929192130000001,161,517692,84.0,0.04890534281730652,0.0001,129397
6164,3212,0.05,7.9252629899999985,161,517776,84.0,0.062367506325244904,0.0001,129418
6165,3213,0.05,7.9404448400000005,161,517860,84.0,0.04221593588590622,0.0001,129439
6166,3214,0.05,8.05407882,161,517944,84.0,0.04122027009725571,0.0001,129460
6167,3214,0.05,8.030509420000001,161,518028,84.0,0.05875817686319351,0.0001,129481
6168,3215,0.05,8.120225480000002,161,518112,84.0,0.045367974787950516,0.0001,129502
6169,3215,0.05,8.127220920000001,161,518196,84.0,0.045738451182842255,0.0001,129523
6170,3216,0.05,8.22033207,161,518280,84.0,2.51589035987854,0.0001,129544
6171,3216,0.05,8.18726388,161,518364,84.0,2.7172811031341553,0.0001,129565
6172,3217,0.05,8.22147625,161,518448,84.0,0.04484997317194939,0.0001,129586
6173,3217,0.05,8.167600160000001,161,518532,84.0,0.16670626401901245,0.0001,129607
6174,3218,0.05,8.18516003,161,518616,84.0,2.8572583198547363,0.0001,129628
6175,3218,0.05,8.172471940000001,161,518700,84.0,2.5649218559265137,0.0001,129649
6176,3219,0.05,8.24534384,161,518784,84.0,2.714423656463623,0.0001,129670
6177,3219,0.05,8.291111520000001,161,518868,84.0,0.0656721442937851,0.0001,129691
6178,3220,0.05,8.278380100000001,161,518952,84.0,2.6265509128570557,0.0001,129712
6179,3221,0.05,8.269854940000002,161,519036,84.0,0.06810465455055237,0.0001,129733
6180,3221,0.05,8.222288090000001,161,519120,84.0,0.03231764957308769,0.0001,129754
6181,3222,0.05,8.18941084,161,519204,84.0,0.0824735015630722,0.0001,129775
6182,3222,0.05,8.1543417,161,519288,84.0,0.03234792500734329,0.0001,129796
6183,3223,0.05,8.156438770000001,161,519372,84.0,2.7154159545898438,0.0001,129817
6184,3223,0.05,8.171783770000001,161,519456,84.0,0.18507888913154602,0.0001,129838
6185,3224,0.05,8.19840825,161,519540,84.0,0.09378907084465027,0.0001,129859
6186,3224,0.05,8.14079481,161,519624,84.0,2.7379343509674072,0.0001,129880
6187,3225,0.05,8.16223348,161,519708,84.0,0.05811921879649162,0.0001,129901
6188,3226,0.05,8.120878750000001,161,519792,84.0,0.06030821055173874,0.0001,129922
6189,3226,0.05,8.094058670000003,161,519876,84.0,0.06159084290266037,0.0001,129943
6190,3227,0.05,8.091182350000002,161,519960,84.0,2.6627838611602783,0.0001,129964
6191,3227,0.05,8.08797543,161,520044,84.0,0.06156910955905914,0.0001,129985
6192,3228,0.05,8.079990819999999,161,520128,84.0,0.03189350664615631,0.0001,130006
6193,3228,0.05,8.03538865,161,520212,84.0,0.08096948266029358,0.0001,130027
6194,3228,0.05,8.00178141,161,520296,84.0,10.691812515258789,0.0001,130048
6195,3229,0.05,8.10907693,161,520380,84.0,2.6776299476623535,0.0001,130069
6196,3230,0.05,8.110681920000001,161,520464,84.0,0.05429743230342865,0.0001,130090
6197,3230,0.05,8.12473774,161,520548,84.0,2.8813846111297607,0.0001,130111
6198,3231,0.05,8.066340260000002,161,520632,84.0,0.025744587182998657,0.0001,130132
6199,3231,0.05,8.087394280000002,161,520716,84.0,0.062425971031188965,0.0001,130153
6200,3232,0.05,8.07104226,161,520800,84.0,0.1413596272468567,0.0001,130174
6201,3232,0.05,8.05098208,161,520884,84.0,2.757030487060547,0.0001,130195
6202,3233,0.05,8.04308315,161,520968,84.0,2.6768851280212402,0.0001,130216
6203,3233,0.05,8.188936100000001,161,521052,84.0,0.039436448365449905,0.0001,130237
6204,3234,0.05,8.18269918,161,521136,84.0,2.670400619506836,0.0001,130258
6205,3234,0.05,8.183458810000001,161,521220,84.0,2.754729747772217,0.0001,130279
6206,3235,0.05,8.21199652,161,521304,84.0,0.07485560327768326,0.0001,130300
6207,3235,0.05,8.17733492,161,521388,84.0,3.0533111095428467,0.0001,130321
6208,3236,0.05,8.152770910000001,161,521472,84.0,0.05255900323390961,0.0001,130342
6209,3236,0.05,8.32933358,161,521556,84.0,0.04875070974230766,0.0001,130363
6210,3237,0.05,8.30542076,161,521640,84.0,5.689658164978027,0.0001,130384
6211,3237,0.05,8.30986915,161,521724,84.0,0.05569374933838844,0.0001,130405
6212,3238,0.05,8.31336035,161,521808,84.0,0.05651179328560829,0.0001,130426
6213,3239,0.05,8.29733039,161,521892,84.0,0.12231585383415222,0.0001,130447
6214,3239,0.05,8.21588745,161,521976,84.0,5.3665056228637695,0.0001,130468
6215,3240,0.05,8.24201412,161,522060,84.0,0.05406775325536728,0.0001,130489
6216,3240,0.05,8.398066649999999,161,522144,84.0,0.08841048181056976,0.0001,130510
6217,3241,0.05,8.40836415,161,522228,84.0,0.04071464762091637,0.0001,130531
6218,3241,0.05,8.343747680000002,161,522312,84.0,0.06998080015182495,0.0001,130552
6219,3242,0.05,8.298696470000001,161,522396,84.0,2.612058401107788,0.0001,130573
6220,3242,0.05,8.329635460000002,161,522480,84.0,0.08983446657657623,0.0001,130594
6221,3243,0.05,8.346023480000003,161,522564,84.0,2.6966278553009033,0.0001,130615
6222,3243,0.05,8.381874,161,522648,84.0,0.04325352609157562,0.0001,130636
6223,3244,0.05,8.39551045,161,522732,84.0,0.05012787878513336,0.0001,130657
6224,3244,0.05,8.404155330000002,161,522816,84.0,5.756286144256592,0.0001,130678
6225,3245,0.05,8.38283965,161,522900,84.0,0.20070958137512207,0.0001,130699
6226,3245,0.05,8.50336679,161,522984,84.0,2.605602741241455,0.0001,130720
6227,3246,0.05,8.50991654,161,523068,84.0,0.04600950703024864,0.0001,130741
6228,3247,0.05,8.521604039999998,161,523152,84.0,0.03980980068445206,0.0001,130762
6229,3247,0.05,8.51003265,161,523236,84.0,0.0867694765329361,0.0001,130783
6230,3248,0.05,8.51904542,161,523320,84.0,0.034879036247730255,0.0001,130804
6231,3248,0.05,8.50380626,161,523404,84.0,2.6422884464263916,0.0001,130825
6232,3249,0.05,8.556519199999999,161,523488,84.0,2.6846556663513184,0.0001,130846
6233,3249,0.05,8.477723209999999,161,523572,84.0,0.10767963528633118,0.0001,130867
6234,3250,0.05,8.43663554,161,523656,84.0,0.12168614566326141,0.0001,130888
6235,3250,0.05,8.45699083,161,523740,84.0,0.13908664882183075,0.0001,130909
6236,3251,0.05,8.415254599999999,161,523824,84.0,2.7435784339904785,0.0001,130930
6237,3251,0.05,8.337107600000001,161,523908,84.0,0.06537148356437683,0.0001,130951
6238,3252,0.05,8.38891756,161,523992,84.0,0.0725996196269989,0.0001,130972
6239,3252,0.05,8.266327800000001,161,524076,84.0,0.024362294003367424,0.0001,130993
6240,3253,0.05,8.30814787,161,524160,84.0,2.5774428844451904,0.0001,131014
6241,3254,0.05,8.300161480000002,161,524244,84.0,0.0724528431892395,0.0001,131035
6242,3254,0.05,8.31275948,161,524328,84.0,0.19928020238876343,0.0001,131056
6243,3255,0.05,8.256725160000002,161,524412,84.0,2.5087201595306396,0.0001,131077
6244,3255,0.05,8.25104003,161,524496,84.0,0.06715714931488037,0.0001,131098
6245,3256,0.05,8.245913080000001,161,524580,84.0,0.04551959037780762,0.0001,131119
6246,3256,0.05,8.253591680000001,161,524664,84.0,0.131170392036438,0.0001,131140
6247,3257,0.05,8.334596920000001,161,524748,84.0,0.032563187181949615,0.0001,131161
6248,3257,0.05,8.355006350000002,161,524832,84.0,0.10099156200885773,0.0001,131182
6249,3258,0.05,8.34354961,161,524916,84.0,0.05637742951512337,0.0001,131203
6250,3258,0.05,8.351208940000001,161,525000,84.0,0.08935371041297913,0.0001,131224
6251,3259,0.05,8.35872686,161,525084,84.0,2.67301082611084,0.0001,131245
6252,3259,0.05,8.37397912,161,525168,84.0,0.06396734714508057,0.0001,131266
6253,3260,0.05,8.368355880000001,161,525252,84.0,0.14163635671138763,0.0001,131287
6254,3260,0.05,8.29540098,161,525336,84.0,0.12742573022842407,0.0001,131308
6255,3261,0.05,8.29153215,161,525420,84.0,2.9348137378692627,0.0001,131329
6256,3261,0.05,8.324108619999999,161,525504,84.0,0.1726807951927185,0.0001,131350
6257,3262,0.05,8.31320051,161,525588,84.0,0.04410664737224579,0.0001,131371
6258,3262,0.05,8.34938319,161,525672,84.0,2.691607713699341,0.0001,131392
6259,3263,0.05,8.353715959999999,161,525756,84.0,0.06775480508804321,0.0001,131413
6260,3264,0.05,8.389834299999999,161,525840,84.0,2.6345937252044678,0.0001,131434
6261,3264,0.05,8.37377619,161,525924,84.0,0.03644435107707977,0.0001,131455
6262,3265,0.05,8.39826069,161,526008,84.0,0.057249926030635834,0.0001,131476
6263,3265,0.05,8.4140447,161,526092,84.0,2.8326480388641357,0.0001,131497
6264,3266,0.05,8.383155970000002,161,526176,84.0,5.113437175750732,0.0001,131518
6265,3266,0.05,8.35771671,161,526260,84.0,0.054779812693595886,0.0001,131539
6266,3267,0.05,8.282254170000002,161,526344,84.0,2.6115288734436035,0.0001,131560
6267,3268,0.05,8.311430750000001,161,526428,84.0,0.056221675127744675,0.0001,131581
6268,3268,0.05,8.279302060000001,161,526512,84.0,2.697895050048828,0.0001,131602
6269,3269,0.05,8.285961580000002,161,526596,84.0,5.098755836486816,0.0001,131623
6270,3269,0.05,8.313021160000002,161,526680,84.0,2.574594497680664,0.0001,131644
6271,3270,0.05,8.33163673,161,526764,84.0,0.145568385720253,0.0001,131665
6272,3270,0.05,8.35242481,161,526848,84.0,2.7170443534851074,0.0001,131686
6273,3271,0.05,8.45913204,161,526932,84.0,0.0332140251994133,0.0001,131707
6274,3272,0.05,8.448354049999999,161,527016,84.0,2.610990047454834,0.0001,131728
6275,3272,0.05,8.444492599999998,161,527100,84.0,2.792112350463867,0.0001,131749
6276,3273,0.05,8.403823659999999,161,527184,84.0,2.6589736938476562,0.0001,131770
6277,3273,0.05,8.399673579999998,161,527268,84.0,0.1081036850810051,0.0001,131791
6278,3274,0.05,8.44452672,161,527352,84.0,0.02706054225564003,0.0001,131812
6279,3275,0.05,8.435346500000001,161,527436,84.0,0.04880382493138313,0.0001,131833
6280,3275,0.05,8.47337276,161,527520,84.0,2.5981056690216064,0.0001,131854
6281,3276,0.05,8.44825885,161,527604,84.0,0.046429771929979324,0.0001,131875
6282,3276,0.05,8.481381140000002,161,527688,84.0,0.06364013999700546,0.0001,131896
6283,3277,0.05,8.48583127,161,527772,84.0,0.03968236595392227,0.0001,131917
6284,3278,0.05,8.48848298,161,527856,84.0,0.03846365213394165,0.0001,131938
6285,3278,0.05,8.46578141,161,527940,84.0,0.12469102442264557,0.0001,131959
6286,3279,0.05,8.47840696,161,528024,84.0,0.060521773993968964,0.0001,131980
6287,3279,0.05,8.46141321,161,528108,84.0,0.041280947625637054,0.0001,132001
6288,3280,0.05,8.48949306,161,528192,84.0,0.07672210037708282,0.0001,132022
6289,3280,0.05,8.509545830000002,161,528276,84.0,2.725172281265259,0.0001,132043
6290,3281,0.05,8.49169673,161,528360,84.0,0.10764417052268982,0.0001,132064
6291,3281,0.05,8.44233304,161,528444,84.0,2.87154221534729,0.0001,132085
6292,3282,0.05,8.399934009999999,161,528528,84.0,2.612837076187134,0.0001,132106
6293,3282,0.05,8.42915566,161,528612,84.0,2.5471606254577637,0.0001,132127
6294,3283,0.05,8.481780160000001,161,528696,84.0,0.02388654835522175,0.0001,132148
6295,3284,0.05,8.3934972,161,528780,84.0,0.04257643595337868,0.0001,132169
6296,3284,0.05,8.418264030000001,161,528864,84.0,0.08584828674793243,0.0001,132190
6297,3285,0.05,8.413825580000001,161,528948,84.0,0.170607790350914,0.0001,132211
6298,3286,0.05,8.53361973,160,529032,84.0,0.037193384021520615,0.0001,132232
6299,3286,0.05,8.50705333,160,529116,84.0,0.04636199027299881,0.0001,132253
6300,3287,0.05,8.494571969999999,160,529200,84.0,0.06510134786367416,0.0001,132274
6301,3287,0.05,8.45040509,160,529284,84.0,2.5760152339935303,0.0001,132295
6302,3288,0.05,8.45462994,160,529368,84.0,2.625703811645508,0.0001,132316
6303,3289,0.05,8.322192130000001,160,529452,84.0,0.07151065021753311,0.0001,132337
6304,3289,0.05,8.31534761,160,529536,84.0,0.06807657331228256,0.0001,132358
6305,3290,0.05,8.3214197,160,529620,84.0,2.5457539558410645,0.0001,132379
6306,3290,0.05,8.29921052,160,529704,84.0,2.6597301959991455,0.0001,132400
6307,3291,0.05,8.29967631,160,529788,84.0,0.04287983477115631,0.0001,132421
6308,3291,0.05,8.28311197,160,529872,84.0,5.311270713806152,0.0001,132442
6309,3292,0.05,8.18072223,160,529956,84.0,0.03843323141336441,0.0001,132463
6310,3293,0.05,8.228628270000002,160,530040,84.0,0.03441733121871948,0.0001,132484
6311,3293,0.05,8.204396870000002,160,530124,84.0,0.08698222041130066,0.0001,132505
6312,3294,0.05,8.171064170000001,160,530208,84.0,0.06493113934993744,0.0001,132526
6313,3294,0.05,8.21405492,160,530292,84.0,0.04129869490861893,0.0001,132547
6314,3295,0.05,8.19555014,160,530376,84.0,0.05182720720767975,0.0001,132568
6315,3296,0.05,8.19777639,160,530460,84.0,0.12891757488250732,0.0001,132589
6316,3296,0.05,8.07225928,160,530544,84.0,0.04840511828660965,0.0001,132610
6317,3297,0.05,8.003056840000001,160,530628,84.0,0.037217676639556885,0.0001,132631
6318,3297,0.05,7.994186200000001,160,530712,84.0,0.058610789477825165,0.0001,132652
6319,3298,0.05,7.951838280000001,160,530796,84.0,0.03774479031562805,0.0001,132673
6320,3298,0.05,7.94824777,160,530880,84.0,2.7060136795043945,0.0001,132694
6321,3299,0.05,7.9670188300000016,160,530964,84.0,2.508253335952759,0.0001,132715
6322,3300,0.05,7.966992190000002,160,531048,84.0,2.6276185512542725,0.0001,132736
6323,3300,0.05,7.972143590000001,160,531132,84.0,0.09231141209602356,0.0001,132757
6324,3301,0.05,7.92320833,160,531216,84.0,2.6890387535095215,0.0001,132778
6325,3301,0.05,7.9294313899999995,160,531300,84.0,0.058173805475234985,0.0001,132799
6326,3302,0.05,7.775937249999999,160,531384,84.0,0.0465274453163147,0.0001,132820
6327,3302,0.05,7.790115789999999,160,531468,84.0,0.12815096974372864,0.0001,132841
6328,3303,0.05,7.780494199999998,160,531552,84.0,0.07535447925329208,0.0001,132862
6329,3303,0.05,7.81017286,160,531636,84.0,0.04780849069356918,0.0001,132883
6330,3304,0.05,7.73974674,160,531720,84.0,0.05402221530675888,0.0001,132904
6331,3304,0.05,7.7169569000000005,160,531804,84.0,0.08529511094093323,0.0001,132925
6332,3305,0.05,7.694484190000001,160,531888,84.0,0.10414038598537445,0.0001,132946
6333,3306,0.05,7.747158710000001,160,531972,84.0,0.05510879307985306,0.0001,132967
6334,3306,0.05,7.7980718000000016,160,532056,84.0,0.04153215140104294,0.0001,132988
6335,3307,0.05,7.75400255,160,532140,84.0,0.1373698115348816,0.0001,133009
6336,3307,0.05,7.74928182,160,532224,84.0,0.05941956490278244,0.0001,133030
6337,3308,0.05,7.827176340000001,160,532308,84.0,5.52030611038208,0.0001,133051
6338,3308,0.05,7.818693949999999,160,532392,84.0,2.591991662979126,0.0001,133072
6339,3309,0.05,7.92823549,160,532476,84.0,2.556978225708008,0.0001,133093
6340,3309,0.05,7.908170829999998,160,532560,84.0,0.0457816980779171,0.0001,133114
6341,3310,0.05,7.927166099999999,160,532644,84.0,0.07315985858440399,0.0001,133135
6342,3310,0.05,7.97030124,160,532728,84.0,0.0936027318239212,0.0001,133156
6343,3311,0.05,8.01019159,160,532812,84.0,0.13048160076141357,0.0001,133177
6344,3312,0.05,8.018102390000001,160,532896,84.0,0.059227049350738525,0.0001,133198
6345,3312,0.05,8.006876339999998,160,532980,84.0,0.07408114522695541,0.0001,133219
6346,3313,0.05,7.966621829999999,160,533064,84.0,2.747422933578491,0.0001,133240
6347,3313,0.05,7.88521235,160,533148,84.0,0.10025874525308609,0.0001,133261
6348,3314,0.05,7.88957108,160,533232,84.0,0.06563156843185425,0.0001,133282
6349,3314,0.05,7.900266599999998,160,533316,84.0,0.07992129772901535,0.0001,133303
6350,3315,0.05,7.890192069999999,160,533400,84.0,2.628170967102051,0.0001,133324
6351,3315,0.05,7.847004809999999,160,533484,84.0,5.268028736114502,0.0001,133345
6352,3316,0.05,7.862235490000001,160,533568,84.0,2.7183234691619873,0.0001,133366
6353,3316,0.05,7.88720489,160,533652,84.0,2.72698974609375,0.0001,133387
6354,3317,0.05,7.834159500000001,160,533736,84.0,0.05218810588121414,0.0001,133408
6355,3317,0.05,7.790183609999999,160,533820,84.0,0.04244277626276016,0.0001,133429
6356,3318,0.05,7.742046419999999,160,533904,84.0,0.12321898341178894,0.0001,133450
6357,3319,0.05,7.714104629999998,160,533988,84.0,0.19696660339832306,0.0001,133471
6358,3319,0.05,7.71365333,160,534072,84.0,0.08681782335042953,0.0001,133492
6359,3320,0.05,7.666907819999999,160,534156,84.0,0.01805347204208374,0.0001,133513
6360,3320,0.05,7.6880850999999994,160,534240,84.0,0.06511633098125458,0.0001,133534
6361,3321,0.05,7.68556915,160,534324,84.0,2.501150131225586,0.0001,133555
6362,3321,0.05,7.63821988,160,534408,84.0,5.215743541717529,0.0001,133576
6363,3322,0.05,7.639324889999999,160,534492,84.0,2.62467885017395,0.0001,133597
6364,3322,0.05,7.621310909999998,160,534576,84.0,0.04243908077478409,0.0001,133618
6365,3323,0.05,7.609878469999999,160,534660,84.0,0.12623706459999084,0.0001,133639
6366,3323,0.05,7.61198168,160,534744,84.0,0.07394830882549286,0.0001,133660
6367,3324,0.05,7.559962649999999,160,534828,84.0,0.1699417233467102,0.0001,133681
6368,3324,0.05,7.497982089999999,160,534912,84.0,0.048589110374450684,0.0001,133702
6369,3325,0.05,7.469780459999999,160,534996,84.0,0.095891572535038,0.0001,133723
6370,3325,0.05,7.36902017,160,535080,84.0,0.04747241362929344,0.0001,133744
6371,3326,0.05,7.37889698,160,535164,84.0,0.04681779071688652,0.0001,133765
6372,3326,0.05,7.369639740000001,160,535248,84.0,5.285121440887451,0.0001,133786
6373,3327,0.05,7.349629330000002,160,535332,84.0,0.09403102099895477,0.0001,133807
6374,3327,0.05,7.421540220000001,160,535416,84.0,0.06780584156513214,0.0001,133828
6375,3328,0.05,7.343775730000001,160,535500,84.0,2.7224817276000977,0.0001,133849
6376,3329,0.05,7.23849969,160,535584,84.0,0.030350517481565475,0.0001,133870
6377,3329,0.05,7.242131420000001,160,535668,84.0,0.16868871450424194,0.0001,133891
6378,3330,0.05,7.2182026200000005,160,535752,84.0,0.042070768773555756,0.0001,133912
6379,3330,0.05,7.24219359,160,535836,84.0,0.060770437121391296,0.0001,133933
6380,3331,0.05,7.251932839999999,160,535920,84.0,0.08772648870944977,0.0001,133954
6381,3331,0.05,7.243196889999999,160,536004,84.0,0.11256836354732513,0.0001,133975
6382,3332,0.05,7.20383231,160,536088,84.0,0.032065875828266144,0.0001,133996
6383,3332,0.05,7.237178199999999,160,536172,84.0,0.040138617157936096,0.0001,134017
6384,3333,0.05,7.2217173899999985,160,536256,84.0,5.331055164337158,0.0001,134038
6385,3333,0.05,7.216364349999999,160,536340,84.0,0.047087058424949646,0.0001,134059
6386,3334,0.05,7.206507369999998,160,536424,84.0,0.05634751170873642,0.0001,134080
6387,3334,0.05,7.18852639,160,536508,84.0,0.0708700492978096,0.0001,134101
6388,3335,0.05,7.199362089999998,160,536592,84.0,0.08241380006074905,0.0001,134122
6389,3335,0.05,7.18858371,160,536676,84.0,2.753201723098755,0.0001,134143
6390,3336,0.05,7.204314339999999,160,536760,84.0,2.63647723197937,0.0001,134164
6391,3336,0.05,7.238671759999999,160,536844,84.0,0.06912950426340103,0.0001,134185
6392,3337,0.05,7.329209629999999,160,536928,84.0,5.066819667816162,0.0001,134206
6393,3337,0.05,7.3166593299999985,160,537012,84.0,5.1288251876831055,0.0001,134227
6394,3338,0.05,7.220647469999999,160,537096,84.0,2.882050037384033,0.0001,134248
6395,3338,0.05,7.220981060000001,160,537180,84.0,2.6393327713012695,0.0001,134269
6396,3339,0.05,7.216675820000001,160,537264,84.0,2.6587131023406982,0.0001,134290
6397,3340,0.05,7.1920692399999995,160,537348,84.0,2.5032219886779785,0.0001,134311
6398,3340,0.05,7.13163638,160,537432,84.0,0.04678431153297424,0.0001,134332
6399,3341,0.05,7.13239812,160,537516,84.0,2.5365748405456543,0.0001,134353
6400,3341,0.05,7.17288952,160,537600,84.0,0.05113112926483154,0.0001,134374
6401,3342,0.05,7.219779169999998,160,537684,84.0,2.667158842086792,0.0001,134395
6402,3342,0.05,7.181203059999999,160,537768,84.0,0.03759720176458359,0.0001,134416
6403,3343,0.05,7.17571057,160,537852,84.0,0.020484868437051773,0.0001,134437
6404,3343,0.05,7.211450619999999,160,537936,84.0,2.602482318878174,0.0001,134458
6405,3344,0.05,7.2822628499999995,160,538020,84.0,0.03472471609711647,0.0001,134479
6406,3344,0.05,7.28957499,160,538104,84.0,0.11336427927017212,0.0001,134500
6407,3345,0.05,7.31633166,160,538188,84.0,5.147790908813477,0.0001,134521
6408,3345,0.05,7.3586304600000005,160,538272,84.0,0.035887304693460464,0.0001,134542
6409,3346,0.05,7.36473115,160,538356,84.0,0.048665598034858704,0.0001,134563
6410,3346,0.05,7.324708949999999,160,538440,84.0,0.05656086653470993,0.0001,134584
6411,3347,0.05,7.334259920000001,160,538524,84.0,0.08235810697078705,0.0001,134605
6412,3348,0.05,7.344488900000001,160,538608,84.0,0.0499451570212841,0.0001,134626
6413,3348,0.05,7.31368717,160,538692,84.0,2.573211431503296,0.0001,134647
6414,3349,0.05,7.312359970000001,160,538776,84.0,0.053117573261260986,0.0001,134668
6415,3349,0.05,7.309950700000001,160,538860,84.0,0.037885285913944244,0.0001,134689
6416,3350,0.05,7.2185918099999995,160,538944,84.0,5.1436767578125,0.0001,134710
6417,3350,0.05,7.274281640000001,160,539028,84.0,2.717240571975708,0.0001,134731
6418,3351,0.05,7.24398889,160,539112,84.0,0.045488856732845306,0.0001,134752
6419,3351,0.05,7.303667009999999,160,539196,84.0,0.03281298652291298,0.0001,134773
6420,3352,0.05,7.252424419999999,160,539280,84.0,0.03708932548761368,0.0001,134794
6421,3352,0.05,7.259794549999999,160,539364,84.0,0.060586828738451004,0.0001,134815
6422,3353,0.05,7.221266609999998,160,539448,84.0,0.03028324991464615,0.0001,134836
6423,3353,0.05,7.1900330199999996,160,539532,84.0,0.08500754088163376,0.0001,134857
6424,3354,0.05,7.234483239999999,160,539616,84.0,2.6134772300720215,0.0001,134878
6425,3354,0.05,7.23769601,160,539700,84.0,0.054321419447660446,0.0001,134899
6426,3355,0.05,7.226745509999998,160,539784,84.0,2.5922088623046875,0.0001,134920
6427,3355,0.05,7.237951089999999,160,539868,84.0,0.042189162224531174,0.0001,134941
6428,3356,0.05,7.229240979999998,160,539952,84.0,0.10605478286743164,0.0001,134962
6429,3356,0.05,7.23164316,160,540036,84.0,0.1182606965303421,0.0001,134983
6430,3357,0.05,7.31002278,160,540120,84.0,2.6788272857666016,0.0001,135004
6431,3357,0.05,7.36621043,160,540204,84.0,0.08501087874174118,0.0001,135025
6432,3358,0.05,7.380807349999999,160,540288,84.0,2.7158565521240234,0.0001,135046
6433,3358,0.05,7.3926346,160,540372,84.0,2.5473783016204834,0.0001,135067
6434,3359,0.05,7.39439478,160,540456,84.0,0.040606241673231125,0.0001,135088
6435,3359,0.05,7.42674485,160,540540,84.0,0.05122939497232437,0.0001,135109
6436,3360,0.05,7.426666409999999,160,540624,84.0,0.036997951567173004,0.0001,135130
6437,3361,0.05,7.42617851,160,540708,84.0,0.14402657747268677,0.0001,135151
6438,3361,0.05,7.35204306,160,540792,84.0,0.0695967972278595,0.0001,135172
6439,3362,0.05,7.363324169999999,160,540876,84.0,0.058515891432762146,0.0001,135193
6440,3362,0.05,7.370846759999999,160,540960,84.0,0.07443336397409439,0.0001,135214
6441,3363,0.05,7.34748937,160,541044,84.0,2.5434494018554688,0.0001,135235
6442,3363,0.05,7.29960379,160,541128,84.0,0.03642157092690468,0.0001,135256
6443,3364,0.05,7.266227049999999,160,541212,84.0,0.04061282053589821,0.0001,135277
6444,3364,0.05,7.25636022,160,541296,84.0,0.07950043678283691,0.0001,135298
6445,3365,0.05,7.317852329999999,160,541380,84.0,0.05795590579509735,0.0001,135319
6446,3365,0.05,7.36764921,160,541464,84.0,5.089090347290039,0.0001,135340
6447,3366,0.05,7.38523385,160,541548,84.0,0.05392114818096161,0.0001,135361
6448,3366,0.05,7.356994719999999,160,541632,84.0,0.03776264563202858,0.0001,135382
6449,3367,0.05,7.365191849999999,160,541716,84.0,0.1197197213768959,0.0001,135403
6450,3367,0.05,7.341855429999999,160,541800,84.0,0.040861621499061584,0.0001,135424
6451,3368,0.05,7.36604661,160,541884,84.0,0.1251867711544037,0.0001,135445
6452,3368,0.05,7.34223595,160,541968,84.0,0.06589599698781967,0.0001,135466
6453,3369,0.05,7.42675881,160,542052,84.0,0.03139215707778931,0.0001,135487
6454,3369,0.05,7.58784451,160,542136,84.0,0.08357420563697815,0.0001,135508
6455,3370,0.05,7.6228501600000005,160,542220,84.0,0.05085746571421623,0.0001,135529
6456,3371,0.05,7.683638210000001,160,542304,84.0,0.04787392169237137,0.0001,135550
6457,3371,0.05,7.663541,160,542388,84.0,0.024937395006418228,0.0001,135571
6458,3372,0.05,7.62229542,160,542472,84.0,0.02366766706109047,0.0001,135592
6459,3372,0.05,7.667785009999999,160,542556,84.0,0.12290380150079727,0.0001,135613
6460,3373,0.05,7.67211775,160,542640,84.0,0.05566778779029846,0.0001,135634
6461,3373,0.05,7.70073085,160,542724,84.0,0.09171170741319656,0.0001,135655
6462,3374,0.05,7.67874525,160,542808,84.0,0.061127256602048874,0.0001,135676
6463,3374,0.05,7.62293585,160,542892,84.0,2.555814504623413,0.0001,135697
6464,3375,0.05,7.677805569999999,160,542976,84.0,0.03941691666841507,0.0001,135718
6465,3375,0.05,7.67511342,160,543060,84.0,0.11670301854610443,0.0001,135739
6466,3376,0.05,7.68114445,160,543144,84.0,0.11209644377231598,0.0001,135760
6467,3376,0.05,7.74723818,160,543228,84.0,2.5533018112182617,0.0001,135781
6468,3377,0.05,7.8821813,160,543312,84.0,0.050312019884586334,0.0001,135802
6469,3377,0.05,7.99775435,160,543396,84.0,0.08500190824270248,0.0001,135823
6470,3378,0.05,7.98751184,160,543480,84.0,2.4679930210113525,0.0001,135844
6471,3378,0.05,7.949262289999999,160,543564,84.0,0.05216360092163086,0.0001,135865
6472,3379,0.05,7.951106829999999,160,543648,84.0,0.17718350887298584,0.0001,135886
6473,3379,0.05,7.95883273,160,543732,84.0,2.6837289333343506,0.0001,135907
6474,3380,0.05,7.88425565,160,543816,84.0,0.04219529777765274,0.0001,135928
6475,3381,0.05,7.9833753100000004,160,543900,84.0,0.053217872977256775,0.0001,135949
6476,3381,0.05,8.085441779999998,160,543984,84.0,2.573880195617676,0.0001,135970
6477,3382,0.05,8.09089536,160,544068,84.0,0.03669584169983864,0.0001,135991
6478,3382,0.05,8.08208085,160,544152,84.0,0.03249926120042801,0.0001,136012
6479,3383,0.05,8.07473141,160,544236,84.0,2.592266082763672,0.0001,136033
6480,3383,0.05,8.090321079999999,160,544320,84.0,0.16012969613075256,0.0001,136054
6481,3384,0.05,8.080063469999999,160,544404,84.0,4.937765121459961,0.0001,136075
6482,3384,0.05,8.05484185,160,544488,84.0,0.05319976061582565,0.0001,136096
6483,3385,0.05,7.895273890000001,160,544572,84.0,10.297486305236816,0.0001,136117
6484,3385,0.05,7.917037610000001,160,544656,84.0,2.7399449348449707,0.0001,136138
6485,3386,0.05,7.934677560000001,160,544740,84.0,0.04602079465985298,0.0001,136159
6486,3386,0.05,7.954356280000001,160,544824,84.0,0.07358597218990326,0.0001,136180
6487,3387,0.05,8.08660983,160,544908,84.0,2.5366315841674805,0.0001,136201
6488,3387,0.05,8.091232349999999,160,544992,84.0,0.07279296219348907,0.0001,136222
6489,3388,0.05,8.08973877,160,545076,84.0,0.23515087366104126,0.0001,136243
6490,3388,0.05,8.089093499999999,160,545160,84.0,2.6059648990631104,0.0001,136264
6491,3389,0.05,8.125027699999999,160,545244,84.0,5.148771286010742,0.0001,136285
6492,3389,0.05,8.08200759,160,545328,84.0,2.795868158340454,0.0001,136306
6493,3390,0.05,8.01237916,160,545412,84.0,0.10564783215522766,0.0001,136327
6494,3391,0.05,8.08024487,160,545496,84.0,0.11450022459030151,0.0001,136348
6495,3391,0.05,8.04754046,160,545580,84.0,0.0452791266143322,0.0001,136369
6496,3392,0.05,8.072090690000001,160,545664,84.0,2.6397252082824707,0.0001,136390
6497,3392,0.05,8.091700320000003,160,545748,84.0,0.09491824358701706,0.0001,136411
6498,3393,0.05,8.093734470000001,160,545832,84.0,5.257045745849609,0.0001,136432
6499,3393,0.05,8.100492160000002,160,545916,84.0,0.07423543930053711,0.0001,136453
6500,3394,0.05,8.055263490000002,160,546000,84.0,2.637589931488037,0.0001,136474
6501,3394,0.05,8.06403098,160,546084,84.0,0.057460591197013855,0.0001,136495
6502,3395,0.05,8.06047233,160,546168,84.0,0.06167545169591904,0.0001,136516
6503,3395,0.05,8.00873206,160,546252,84.0,0.07633503526449203,0.0001,136537
6504,3396,0.05,7.96733559,160,546336,84.0,7.742864608764648,0.0001,136558
6505,3396,0.05,7.869807160000001,160,546420,84.0,0.22267590463161469,0.0001,136579
6506,3397,0.05,7.8331681500000006,160,546504,84.0,0.12785878777503967,0.0001,136600
6507,3397,0.05,7.78931953,160,546588,84.0,0.07914641499519348,0.0001,136621
6508,3398,0.05,7.70930011,160,546672,84.0,2.523071050643921,0.0001,136642
6509,3398,0.05,7.703650190000001,160,546756,84.0,0.09453742206096649,0.0001,136663
6510,3399,0.05,7.72190417,160,546840,84.0,2.5655786991119385,0.0001,136684
6511,3400,0.05,7.646702329999999,160,546924,84.0,0.0395502969622612,0.0001,136705
6512,3400,0.05,7.67801783,160,547008,84.0,2.5817513465881348,0.0001,136726
6513,3401,0.05,7.676936049999999,160,547092,84.0,0.03729679435491562,0.0001,136747
6514,3401,0.05,7.686618119999999,160,547176,84.0,0.017658092081546783,0.0001,136768
6515,3402,0.05,7.62466806,160,547260,84.0,2.9937915802001953,0.0001,136789
6516,3402,0.05,7.7905793800000005,160,547344,84.0,0.0378304123878479,0.0001,136810
6517,3403,0.05,7.779036690000002,160,547428,84.0,0.045900680124759674,0.0001,136831
6518,3403,0.05,7.841967790000001,160,547512,84.0,0.03398154675960541,0.0001,136852
6519,3404,0.05,7.935346410000001,160,547596,84.0,0.05902595818042755,0.0001,136873
6520,3404,0.05,7.926550410000001,160,547680,84.0,0.07115497440099716,0.0001,136894
6521,3405,0.05,7.90504991,160,547764,84.0,0.05820085108280182,0.0001,136915
6522,3406,0.05,7.945577629999999,160,547848,84.0,0.07876647263765335,0.0001,136936
6523,3406,0.05,7.94245517,160,547932,84.0,0.062046442180871964,0.0001,136957
6524,3407,0.05,8.01935044,160,548016,84.0,0.10762006044387817,0.0001,136978
6525,3407,0.05,8.02623284,160,548100,84.0,0.04679340124130249,0.0001,136999
6526,3408,0.05,8.036991409999999,160,548184,84.0,0.043191030621528625,0.0001,137020
6527,3408,0.05,7.960114969999999,160,548268,84.0,0.036644428968429565,0.0001,137041
6528,3409,0.05,7.95820411,160,548352,84.0,0.03073372319340706,0.0001,137062
6529,3409,0.05,7.951942889999999,160,548436,84.0,2.6792585849761963,0.0001,137083
6530,3410,0.05,7.959062309999999,160,548520,84.0,2.596128463745117,0.0001,137104
6531,3410,0.05,7.951257920000001,160,548604,84.0,0.027165643870830536,0.0001,137125
6532,3411,0.05,7.96195491,160,548688,84.0,0.05319073796272278,0.0001,137146
6533,3411,0.05,7.939130449999999,160,548772,84.0,0.04181057959794998,0.0001,137167
6534,3412,0.05,7.93389675,160,548856,84.0,0.029177851974964142,0.0001,137188
6535,3413,0.05,7.928594100000001,160,548940,84.0,0.05393681675195694,0.0001,137209
6536,3413,0.05,7.93112437,160,549024,84.0,0.0917956605553627,0.0001,137230
6537,3414,0.05,7.935128540000001,160,549108,84.0,2.6717171669006348,0.0001,137251
6538,3414,0.05,8.05441876,160,549192,84.0,0.03889816254377365,0.0001,137272
6539,3415,0.05,8.05867366,160,549276,84.0,2.764852285385132,0.0001,137293
6540,3415,0.05,8.06975388,160,549360,84.0,0.10507558286190033,0.0001,137314
6541,3416,0.05,8.10275303,160,549444,84.0,0.06335589289665222,0.0001,137335
6542,3416,0.05,8.09315857,160,549528,84.0,2.4811339378356934,0.0001,137356
6543,3417,0.05,8.11888849,160,549612,84.0,2.6874217987060547,0.0001,137377
6544,3417,0.05,8.07365017,160,549696,84.0,0.04351263493299484,0.0001,137398
6545,3418,0.05,8.04158632,160,549780,84.0,0.04770275205373764,0.0001,137419
6546,3418,0.05,8.077991469999999,160,549864,84.0,2.44809627532959,0.0001,137440
6547,3419,0.05,8.070211,160,549948,84.0,2.492642402648926,0.0001,137461
6548,3419,0.05,8.09312666,160,550032,84.0,2.871377944946289,0.0001,137482
6549,3420,0.05,8.05831838,160,550116,84.0,0.03327241912484169,0.0001,137503
6550,3420,0.05,8.073148859999998,160,550200,84.0,0.030124329030513763,0.0001,137524
6551,3421,0.05,8.10877929,160,550284,84.0,0.09013040363788605,0.0001,137545
6552,3421,0.05,8.105806749999998,160,550368,84.0,0.05414454638957977,0.0001,137566
6553,3422,0.05,8.030900249999998,160,550452,84.0,2.555703639984131,0.0001,137587
6554,3423,0.05,7.932762829999998,160,550536,84.0,0.21394214034080505,0.0001,137608
6555,3423,0.05,7.960966679999999,160,550620,84.0,0.11592264473438263,0.0001,137629
6556,3424,0.05,7.929992699999999,160,550704,84.0,0.1347740888595581,0.0001,137650
6557,3424,0.05,7.991141269999999,160,550788,84.0,0.09952902048826218,0.0001,137671
6558,3425,0.05,8.02151587,160,550872,84.0,0.13188055157661438,0.0001,137692
6559,3425,0.05,8.00475146,160,550956,84.0,2.532374858856201,0.0001,137713
6560,3426,0.05,8.00725551,160,551040,84.0,0.050160057842731476,0.0001,137734
6561,3426,0.05,7.997143140000002,160,551124,84.0,3.0030670166015625,0.0001,137755
6562,3427,0.05,8.059521770000002,160,551208,84.0,0.03385467082262039,0.0001,137776
6563,3428,0.05,8.07331669,160,551292,84.0,5.031440734863281,0.0001,137797
6564,3428,0.05,8.04515695,160,551376,84.0,2.813117027282715,0.0001,137818
6565,3429,0.05,8.02669975,160,551460,84.0,0.10234390944242477,0.0001,137839
6566,3429,0.05,7.995351909999999,160,551544,84.0,2.614938259124756,0.0001,137860
6567,3430,0.05,7.932595460000001,160,551628,84.0,0.03879077732563019,0.0001,137881
6568,3430,0.05,7.917827790000001,160,551712,84.0,0.027435163035988808,0.0001,137902
6569,3431,0.05,7.769869969999999,160,551796,84.0,0.08259361982345581,0.0001,137923
6570,3431,0.05,7.73806924,160,551880,84.0,4.94138765335083,0.0001,137944
6571,3432,0.05,7.747195289999999,160,551964,84.0,2.5214314460754395,0.0001,137965
6572,3432,0.05,7.875713199999999,160,552048,84.0,2.5549447536468506,0.0001,137986
6573,3433,0.05,7.873640529999999,160,552132,84.0,0.03786807879805565,0.0001,138007
6574,3433,0.05,7.86406862,160,552216,84.0,0.0737750232219696,0.0001,138028
6575,3434,0.05,7.857913280000002,160,552300,84.0,0.0648537278175354,0.0001,138049
6576,3434,0.05,7.819352230000001,160,552384,84.0,0.05638781934976578,0.0001,138070
6577,3435,0.05,7.81690545,160,552468,84.0,0.048862654715776443,0.0001,138091
6578,3435,0.05,7.8046551,160,552552,84.0,2.622682571411133,0.0001,138112
6579,3436,0.05,7.7675944800000005,160,552636,84.0,0.049402713775634766,0.0001,138133
6580,3437,0.05,7.75478259,160,552720,84.0,0.04248742014169693,0.0001,138154
6581,3437,0.05,7.77876614,160,552804,84.0,0.05759640783071518,0.0001,138175
6582,3438,0.05,7.79651409,160,552888,84.0,0.059767141938209534,0.0001,138196
6583,3438,0.05,7.912511770000001,160,552972,84.0,0.0780484676361084,0.0001,138217
6584,3439,0.05,7.907016110000001,160,553056,84.0,5.0197882652282715,0.0001,138238
6585,3439,0.05,7.964959170000001,160,553140,84.0,0.02818543091416359,0.0001,138259
6586,3440,0.05,7.9896347500000005,160,553224,84.0,0.12487480044364929,0.0001,138280
6587,3440,0.05,7.89655446,160,553308,84.0,2.560163974761963,0.0001,138301
6588,3441,0.05,7.90877363,160,553392,84.0,0.09144356846809387,0.0001,138322
6589,3441,0.05,7.9297641599999995,160,553476,84.0,0.045484885573387146,0.0001,138343
6590,3442,0.05,7.857529089999999,160,553560,84.0,0.0495142862200737,0.0001,138364
6591,3442,0.05,7.851816349999998,160,553644,84.0,0.06919374316930771,0.0001,138385
6592,3443,0.05,7.969312799999999,160,553728,84.0,2.4726784229278564,0.0001,138406
6593,3443,0.05,8.01216542,160,553812,84.0,5.381464958190918,0.0001,138427
6594,3444,0.05,8.09272808,160,553896,84.0,0.056460775434970856,0.0001,138448
6595,3444,0.05,8.073697560000001,160,553980,84.0,0.046611346304416656,0.0001,138469
6596,3445,0.05,8.04400203,160,554064,84.0,0.04396989196538925,0.0001,138490
6597,3446,0.05,8.047110400000001,160,554148,84.0,0.03089457005262375,0.0001,138511
6598,3446,0.05,7.9969748,160,554232,84.0,0.051631614565849304,0.0001,138532
6599,3447,0.05,8.01904261,160,554316,84.0,0.059986453503370285,0.0001,138553
6600,3447,0.05,8.00852748,160,554400,84.0,0.0614900104701519,0.0001,138574
6601,3448,0.05,7.98429861,160,554484,84.0,0.024649783968925476,0.0001,138595
6602,3448,0.05,8.021210700000001,160,554568,84.0,2.5887186527252197,0.0001,138616
6603,3449,0.05,8.04807844,160,554652,84.0,4.887310981750488,0.0001,138637
6604,3449,0.05,8.087599180000002,160,554736,84.0,0.046535782516002655,0.0001,138658
6605,3450,0.05,8.087651150000001,160,554820,84.0,0.15947705507278442,0.0001,138679
6606,3450,0.05,8.10094151,160,554904,84.0,0.04114144667983055,0.0001,138700
6607,3451,0.05,8.140354850000001,160,554988,84.0,5.1154913902282715,0.0001,138721
6608,3451,0.05,8.18029953,160,555072,84.0,2.5439817905426025,0.0001,138742
6609,3452,0.05,8.18536187,160,555156,84.0,0.04814181476831436,0.0001,138763
6610,3452,0.05,8.21002135,160,555240,84.0,0.056315578520298004,0.0001,138784
6611,3453,0.05,8.27769412,160,555324,84.0,0.08589711040258408,0.0001,138805
6612,3453,0.05,8.26813674,160,555408,84.0,0.08927369117736816,0.0001,138826
6613,3454,0.05,8.32503062,160,555492,84.0,2.7545368671417236,0.0001,138847
6614,3455,0.05,8.35383786,160,555576,84.0,0.06944277882575989,0.0001,138868
6615,3455,0.05,8.35239261,160,555660,84.0,0.039960719645023346,0.0001,138889
6616,3456,0.05,8.28533817,160,555744,84.0,2.872453451156616,0.0001,138910
6617,3456,0.05,8.3079277,160,555828,84.0,0.1631201058626175,0.0001,138931
6618,3457,0.05,8.318141090000001,160,555912,84.0,0.04773780703544617,0.0001,138952
6619,3457,0.05,8.29796963,160,555996,84.0,0.07872320711612701,0.0001,138973
6620,3458,0.05,8.31546634,160,556080,84.0,0.13522674143314362,0.0001,138994
6621,3458,0.05,8.30045102,160,556164,84.0,7.738186836242676,0.0001,139015
6622,3459,0.05,8.262063260000001,160,556248,84.0,0.05684070661664009,0.0001,139036
6623,3459,0.05,8.240059330000001,160,556332,84.0,0.1019611582159996,0.0001,139057
6624,3460,0.05,8.147355280000001,160,556416,84.0,2.7893810272216797,0.0001,139078
6625,3461,0.05,8.101873890000002,160,556500,84.0,0.042094677686691284,0.0001,139099
6626,3461,0.05,8.116134240000001,160,556584,84.0,0.03874470666050911,0.0001,139120
6627,3461,0.05,8.184328840000001,160,556668,84.0,0.08672269433736801,0.0001,139141
6628,3462,0.05,8.21134008,160,556752,84.0,2.5904881954193115,0.0001,139162
6629,3463,0.05,8.187462770000002,160,556836,84.0,0.06026887148618698,0.0001,139183
6630,3463,0.05,8.199137660000002,160,556920,84.0,0.05908030644059181,0.0001,139204
6631,3464,0.05,8.193162110000001,160,557004,84.0,2.881610631942749,0.0001,139225
6632,3464,0.05,8.187813660000002,160,557088,84.0,2.7038440704345703,0.0001,139246
6633,3465,0.05,8.20051261,160,557172,84.0,0.06979198753833771,0.0001,139267
6634,3465,0.05,8.18745541,160,557256,84.0,0.07366493344306946,0.0001,139288
6635,3466,0.05,8.201159259999999,160,557340,84.0,0.09162896126508713,0.0001,139309
6636,3466,0.05,8.217579409999999,160,557424,84.0,0.05701867491006851,0.0001,139330
6637,3467,0.05,8.13698941,160,557508,84.0,0.038516074419021606,0.0001,139351
6638,3467,0.05,8.158737089999999,160,557592,84.0,2.6292777061462402,0.0001,139372
6639,3468,0.05,8.11211494,160,557676,84.0,0.05089489370584488,0.0001,139393
6640,3469,0.05,8.112486590000001,160,557760,84.0,2.7675509452819824,0.0001,139414
6641,3469,0.05,8.08896087,160,557844,84.0,0.0642823725938797,0.0001,139435
6642,3470,0.05,8.0809424,160,557928,84.0,0.12478525936603546,0.0001,139456
6643,3470,0.05,8.07184232,160,558012,84.0,2.6566762924194336,0.0001,139477
6644,3471,0.05,8.13155229,160,558096,84.0,2.655536651611328,0.0001,139498
6645,3471,0.05,8.13815738,160,558180,84.0,0.09996460378170013,0.0001,139519
6646,3472,0.05,8.123702040000001,160,558264,84.0,2.521692991256714,0.0001,139540
6647,3472,0.05,8.107470780000002,160,558348,84.0,2.4059267044067383,0.0001,139561
6648,3473,0.05,8.081996580000002,160,558432,84.0,0.052343931049108505,0.0001,139582
6649,3473,0.05,8.11955616,160,558516,84.0,0.10431590676307678,0.0001,139603
6650,3474,0.05,8.13324802,160,558600,84.0,0.07627654075622559,0.0001,139624
6651,3474,0.05,8.04826704,160,558684,84.0,2.5900869369506836,0.0001,139645
6652,3475,0.05,8.05468798,160,558768,84.0,0.024650078266859055,0.0001,139666
6653,3476,0.05,8.023262010000002,160,558852,84.0,0.07812604308128357,0.0001,139687
6654,3476,0.05,8.04846429,160,558936,84.0,5.30186128616333,0.0001,139708
6655,3477,0.05,8.03214152,160,559020,84.0,0.09475088119506836,0.0001,139729
6656,3477,0.05,8.016025090000001,160,559104,84.0,0.08555279672145844,0.0001,139750
6657,3478,0.05,7.99775847,160,559188,84.0,2.794306755065918,0.0001,139771
6658,3478,0.05,8.00225134,160,559272,84.0,0.16463735699653625,0.0001,139792
6659,3479,0.05,7.973026280000002,160,559356,84.0,2.6325972080230713,0.0001,139813
6660,3479,0.05,7.968544650000002,160,559440,84.0,0.03688855841755867,0.0001,139834
6661,3480,0.05,7.9540376,160,559524,84.0,0.15079882740974426,0.0001,139855
6662,3480,0.05,7.936505679999999,160,559608,84.0,2.5639312267303467,0.0001,139876
6663,3481,0.05,7.971289209999998,160,559692,84.0,0.04022438824176788,0.0001,139897
6664,3481,0.05,8.015904509999999,160,559776,84.0,0.08258000016212463,0.0001,139918
6665,3482,0.05,8.042422399999998,160,559860,84.0,2.691131830215454,0.0001,139939
6666,3482,0.05,8.0270844,160,559944,84.0,0.07586467266082764,0.0001,139960
6667,3483,0.05,8.095110969999999,160,560028,84.0,0.07804456353187561,0.0001,139981
6668,3484,0.05,8.06196052,160,560112,84.0,0.04834964871406555,0.0001,140002
6669,3484,0.05,8.12167885,160,560196,84.0,0.02361537143588066,0.0001,140023
6670,3485,0.05,8.13171234,160,560280,84.0,0.06073472648859024,0.0001,140044
6671,3485,0.05,8.16376045,160,560364,84.0,0.07128627598285675,0.0001,140065
6672,3486,0.05,8.031189009999999,160,560448,84.0,2.893663167953491,0.0001,140086
6673,3486,0.05,8.006027869999999,160,560532,84.0,0.0557347908616066,0.0001,140107
6674,3487,0.05,7.957722419999999,160,560616,84.0,2.6487319469451904,0.0001,140128
6675,3487,0.05,7.940666149999999,160,560700,84.0,0.08366326987743378,0.0001,140149
6676,3488,0.05,7.956470399999998,160,560784,84.0,0.052071720361709595,0.0001,140170
6677,3488,0.05,7.959516999999998,160,560868,84.0,2.5286004543304443,0.0001,140191
6678,3489,0.05,7.976340199999999,160,560952,84.0,0.0375983789563179,0.0001,140212
6679,3489,0.05,8.01545115,160,561036,84.0,0.05412733927369118,0.0001,140233
6680,3490,0.05,8.002409609999999,160,561120,84.0,0.11701439321041107,0.0001,140254
6681,3491,0.05,8.020995409999998,160,561204,84.0,0.04215526208281517,0.0001,140275
6682,3491,0.05,8.144934,160,561288,84.0,0.10574620962142944,0.0001,140296
6683,3492,0.05,8.146337319999999,160,561372,84.0,2.558380603790283,0.0001,140317
6684,3492,0.05,8.13243402,160,561456,84.0,0.04385117068886757,0.0001,140338
6685,3493,0.05,8.06475919,160,561540,84.0,0.07562854886054993,0.0001,140359
6686,3493,0.05,7.9963302999999994,160,561624,84.0,0.04523088037967682,0.0001,140380
6687,3494,0.05,7.993983129999999,160,561708,84.0,0.029409341514110565,0.0001,140401
6688,3494,0.05,7.968057739999999,160,561792,84.0,0.04639852046966553,0.0001,140422
6689,3495,0.05,7.9419413799999985,160,561876,84.0,0.04329394921660423,0.0001,140443
6690,3495,0.05,7.952536809999999,160,561960,84.0,0.03268152475357056,0.0001,140464
6691,3496,0.05,7.963855199999999,160,562044,84.0,0.048168569803237915,0.0001,140485
6692,3496,0.05,7.854175440000001,160,562128,84.0,0.0545429065823555,0.0001,140506
6693,3497,0.05,7.84779922,160,562212,84.0,0.07656808197498322,0.0001,140527
6694,3497,0.05,7.67810626,160,562296,84.0,0.053529269993305206,0.0001,140548
6695,3498,0.05,7.7327372799999985,160,562380,84.0,0.04412319138646126,0.0001,140569
6696,3499,0.05,7.7637483099999995,160,562464,84.0,0.04476645216345787,0.0001,140590
6697,3499,0.05,7.731667739999998,160,562548,84.0,2.790409803390503,0.0001,140611
6698,3500,0.05,7.738791819999999,160,562632,84.0,0.03964563459157944,0.0001,140632
6699,3500,0.05,7.732138069999999,160,562716,84.0,0.07298217713832855,0.0001,140653
6700,3501,0.05,7.76500316,160,562800,84.0,0.032627299427986145,0.0001,140674
6701,3501,0.05,7.785709119999998,160,562884,84.0,0.06030324101448059,0.0001,140695
6702,3502,0.05,7.812089259999998,160,562968,84.0,2.503473997116089,0.0001,140716
6703,3502,0.05,7.825521049999999,160,563052,84.0,2.496725082397461,0.0001,140737
6704,3503,0.05,7.780437899999999,160,563136,84.0,2.4638216495513916,0.0001,140758
6705,3503,0.05,7.7837812899999985,160,563220,84.0,0.03648325428366661,0.0001,140779
6706,3504,0.05,7.785375399999998,160,563304,84.0,0.12298141419887543,0.0001,140800
6707,3504,0.05,7.7771450799999995,160,563388,84.0,2.560235023498535,0.0001,140821
6708,3505,0.05,7.824417679999999,160,563472,84.0,2.610161781311035,0.0001,140842
6709,3505,0.05,7.7675846099999974,160,563556,84.0,0.03758946433663368,0.0001,140863
6710,3506,0.05,7.713161789999999,160,563640,84.0,0.09155711531639099,0.0001,140884
6711,3507,0.05,7.692247809999998,160,563724,84.0,0.04364565759897232,0.0001,140905
6712,3507,0.05,7.699522179999998,160,563808,84.0,5.0753068923950195,0.0001,140926
6713,3508,0.05,7.6519103999999984,160,563892,84.0,0.042832717299461365,0.0001,140947
6714,3508,0.05,7.626442749999999,160,563976,84.0,2.5440256595611572,0.0001,140968
6715,3509,0.05,7.704481399999999,160,564060,84.0,2.5801966190338135,0.0001,140989
6716,3509,0.05,7.708337599999998,160,564144,84.0,2.998351573944092,0.0001,141010
6717,3510,0.05,7.713683089999998,160,564228,84.0,0.04821842908859253,0.0001,141031
6718,3510,0.05,7.686205839999999,160,564312,84.0,0.1339496225118637,0.0001,141052
6719,3511,0.05,7.595108879999999,160,564396,84.0,0.050631843507289886,0.0001,141073
6720,3512,0.05,7.51082387,160,564480,84.0,5.167945861816406,0.0001,141094
6721,3512,0.05,7.528313989999999,160,564564,84.0,0.03889267146587372,0.0001,141115
6722,3513,0.05,7.569682200000001,160,564648,84.0,0.06647688150405884,0.0001,141136
6723,3513,0.05,7.587787250000002,160,564732,84.0,0.048905014991760254,0.0001,141157
6724,3514,0.05,7.56423497,160,564816,84.0,2.533433675765991,0.0001,141178
6725,3514,0.05,7.70111459,160,564900,84.0,2.4342541694641113,0.0001,141199
6726,3515,0.05,7.692578640000002,160,564984,84.0,0.045490510761737823,0.0001,141220
6727,3515,0.05,7.692530829999999,160,565068,84.0,0.06806740164756775,0.0001,141241
6728,3516,0.05,7.6569577099999995,160,565152,84.0,0.04265127703547478,0.0001,141262
6729,3516,0.05,7.681690530000001,160,565236,84.0,2.522569179534912,0.0001,141283
6730,3517,0.05,7.690099970000001,160,565320,84.0,0.03728917986154556,0.0001,141304
6731,3517,0.05,7.716251830000001,160,565404,84.0,0.0394958034157753,0.0001,141325
6732,3518,0.05,7.737970510000001,160,565488,84.0,0.10072258114814758,0.0001,141346
6733,3519,0.05,7.7395254399999995,160,565572,84.0,0.08095033466815948,0.0001,141367
6734,3519,0.05,7.66130409,160,565656,84.0,0.029166698455810547,0.0001,141388
6735,3520,0.05,7.753748829999999,160,565740,84.0,2.6607091426849365,0.0001,141409
6736,3520,0.05,7.83565012,160,565824,84.0,2.476829767227173,0.0001,141430
6737,3521,0.05,7.858589390000001,160,565908,84.0,0.0418124720454216,0.0001,141451
6738,3521,0.05,7.752544310000001,160,565992,84.0,0.14394181966781616,0.0001,141472
6739,3522,0.05,7.744791670000001,160,566076,84.0,0.031452372670173645,0.0001,141493
6740,3522,0.05,7.82009279,160,566160,84.0,0.023028016090393066,0.0001,141514
6741,3523,0.05,7.77734844,160,566244,84.0,2.407865524291992,0.0001,141535
6742,3523,0.05,7.786182419999999,160,566328,84.0,0.0544961616396904,0.0001,141556
6743,3524,0.05,7.769554119999999,160,566412,84.0,0.03739068657159805,0.0001,141577
6744,3524,0.05,7.78142441,160,566496,84.0,2.5809974670410156,0.0001,141598
6745,3525,0.05,7.749522799999999,160,566580,84.0,0.049618516117334366,0.0001,141619
6746,3526,0.05,7.715799100000001,160,566664,84.0,2.5341503620147705,0.0001,141640
6747,3526,0.05,7.730102179999999,160,566748,84.0,0.04348088800907135,0.0001,141661
6748,3527,0.05,7.762473399999999,160,566832,84.0,4.91191291809082,0.0001,141682
6749,3527,0.05,7.7660503499999995,160,566916,84.0,0.061729490756988525,0.0001,141703
6750,3528,0.05,7.770252489999999,160,567000,84.0,0.018587574362754822,0.0001,141724
6751,3528,0.05,7.815451249999999,160,567084,84.0,0.08008429408073425,0.0001,141745
6752,3529,0.05,7.81468069,160,567168,84.0,0.03196154907345772,0.0001,141766
6753,3529,0.05,7.84585929,160,567252,84.0,0.09563800692558289,0.0001,141787
6754,3530,0.05,7.92159887,160,567336,84.0,0.04750710725784302,0.0001,141808
6755,3530,0.05,7.93239902,160,567420,84.0,0.035306770354509354,0.0001,141829
6756,3531,0.05,7.98184585,160,567504,84.0,0.050449714064598083,0.0001,141850
6757,3532,0.05,7.982105669999999,160,567588,84.0,0.04531320929527283,0.0001,141871
6758,3532,0.05,7.9808519,160,567672,84.0,2.861602306365967,0.0001,141892
6759,3533,0.05,8.017345839999999,160,567756,84.0,2.613159656524658,0.0001,141913
6760,3533,0.05,7.974967340000001,160,567840,84.0,2.872067451477051,0.0001,141934
6761,3534,0.05,7.9326828,160,567924,84.0,0.03237476572394371,0.0001,141955
6762,3534,0.05,7.93390776,160,568008,84.0,2.9296772480010986,0.0001,141976
6763,3535,0.05,7.92001713,160,568092,84.0,0.030689269304275513,0.0001,141997
6764,3535,0.05,7.8793460500000005,160,568176,84.0,0.06268246471881866,0.0001,142018
6765,3536,0.05,7.82254386,160,568260,84.0,0.0925101712346077,0.0001,142039
6766,3536,0.05,7.824760360000002,160,568344,84.0,0.03327934443950653,0.0001,142060
6767,3537,0.05,7.78093706,160,568428,84.0,0.0481332466006279,0.0001,142081
6768,3538,0.05,7.7970225300000005,160,568512,84.0,2.587885856628418,0.0001,142102
6769,3538,0.05,7.66698168,160,568596,84.0,4.9935150146484375,0.0001,142123
6770,3539,0.05,7.681891539999999,160,568680,84.0,0.03076326660811901,0.0001,142144
6771,3539,0.05,7.634419609999998,160,568764,84.0,7.326467037200928,0.0001,142165
6772,3540,0.05,7.644382479999999,160,568848,84.0,0.1514090597629547,0.0001,142186
6773,3540,0.05,7.691259659999999,160,568932,84.0,2.5328805446624756,0.0001,142207
6774,3541,0.05,7.678790279999999,160,569016,84.0,0.049890123307704926,0.0001,142228
6775,3541,0.05,7.70417114,160,569100,84.0,0.11065506190061569,0.0001,142249
6776,3542,0.05,7.69662434,160,569184,84.0,0.05701715499162674,0.0001,142270
6777,3542,0.05,7.789591399999999,160,569268,84.0,0.029447434470057487,0.0001,142291
6778,3543,0.05,7.750909419999998,160,569352,84.0,0.0690436065196991,0.0001,142312
6779,3544,0.05,7.721431849999999,160,569436,84.0,0.04161176458001137,0.0001,142333
6780,3544,0.05,7.72561584,160,569520,84.0,2.65653395652771,0.0001,142354
6781,3545,0.05,7.687901589999999,160,569604,84.0,0.08783141523599625,0.0001,142375
6782,3545,0.05,7.6909426199999995,160,569688,84.0,0.06273401528596878,0.0001,142396
6783,3546,0.05,7.700724330000001,160,569772,84.0,0.04129219055175781,0.0001,142417
6784,3546,0.05,7.71596036,160,569856,84.0,0.04338846728205681,0.0001,142438
6785,3547,0.05,7.7375076400000005,160,569940,84.0,0.02827638015151024,0.0001,142459
6786,3547,0.05,7.78072725,160,570024,84.0,5.068832874298096,0.0001,142480
6787,3548,0.05,7.76925929,160,570108,84.0,0.07795095443725586,0.0001,142501
6788,3548,0.05,7.75272617,160,570192,84.0,0.04515083134174347,0.0001,142522
6789,3549,0.05,7.777682549999998,160,570276,84.0,2.5801808834075928,0.0001,142543
6790,3549,0.05,7.84982383,160,570360,84.0,0.09862411022186279,0.0001,142564
6791,3550,0.05,7.8309140899999985,160,570444,84.0,0.07187461107969284,0.0001,142585
6792,3551,0.05,7.85306445,160,570528,84.0,2.60614275932312,0.0001,142606
6793,3551,0.05,7.80329174,160,570612,84.0,0.07547871768474579,0.0001,142627
6794,3552,0.05,7.868797240000001,160,570696,84.0,2.437762975692749,0.0001,142648
6795,3552,0.05,7.866885680000001,160,570780,84.0,2.6290221214294434,0.0001,142669
6796,3553,0.05,7.866352120000001,160,570864,84.0,0.07334955036640167,0.0001,142690
6797,3553,0.05,7.8507468099999995,160,570948,84.0,0.04125940799713135,0.0001,142711
6798,3554,0.05,7.885655329999999,160,571032,84.0,0.05084490031003952,0.0001,142732
6799,3555,0.05,7.8440958,160,571116,84.0,0.04630895331501961,0.0001,142753
6800,3555,0.05,7.818647680000001,160,571200,84.0,0.17072488367557526,0.0001,142774
6801,3556,0.05,7.7970142,160,571284,84.0,0.05672629922628403,0.0001,142795
6802,3556,0.05,7.79282816,160,571368,84.0,0.037198059260845184,0.0001,142816
6803,3557,0.05,7.796628080000001,160,571452,84.0,0.11301617324352264,0.0001,142837
6804,3557,0.05,7.81593913,160,571536,84.0,0.0605551041662693,0.0001,142858
6805,3558,0.05,7.824612800000001,160,571620,84.0,0.05745500698685646,0.0001,142879
6806,3558,0.05,7.85375887,160,571704,84.0,2.6765103340148926,0.0001,142900
6807,3559,0.05,7.834905550000001,160,571788,84.0,0.0659187063574791,0.0001,142921
6808,3559,0.05,7.8450000000000015,160,571872,84.0,5.003806114196777,0.0001,142942
6809,3560,0.05,7.92758188,160,571956,84.0,0.08083605766296387,0.0001,142963
6810,3560,0.05,7.94322443,160,572040,84.0,0.06632634997367859,0.0001,142984
6811,3561,0.05,7.9207943599999995,160,572124,84.0,0.0864553451538086,0.0001,143005
6812,3561,0.05,7.993134339999999,160,572208,84.0,2.467057943344116,0.0001,143026
6813,3562,0.05,8.008069540000001,160,572292,84.0,0.0450841523706913,0.0001,143047
6814,3563,0.05,8.014640140000001,160,572376,84.0,2.2662770748138428,0.0001,143068
6815,3563,0.05,8.00922811,160,572460,84.0,0.025922318920493126,0.0001,143089
6816,3564,0.05,8.02252207,160,572544,84.0,0.10424908995628357,0.0001,143110
6817,3564,0.05,7.96557614,160,572628,84.0,0.04050619155168533,0.0001,143131
6818,3565,0.05,7.981609580000001,160,572712,84.0,0.09670369327068329,0.0001,143152
6819,3565,0.05,8.08862231,160,572796,84.0,0.058645155280828476,0.0001,143173
6820,3566,0.05,8.19804215,160,572880,84.0,0.143498495221138,0.0001,143194
6821,3566,0.05,8.172877009999999,160,572964,84.0,0.03447709232568741,0.0001,143215
6822,3567,0.05,8.16807324,160,573048,84.0,5.088741302490234,0.0001,143236
6823,3567,0.05,8.22817726,160,573132,84.0,0.0546441450715065,0.0001,143257
6824,3568,0.05,8.26541459,160,573216,84.0,0.01545066200196743,0.0001,143278
6825,3568,0.05,8.263022260000001,160,573300,84.0,0.0802067369222641,0.0001,143299
6826,3569,0.05,8.264251790000001,160,573384,84.0,5.214108943939209,0.0001,143320
6827,3569,0.05,8.25467766,160,573468,84.0,0.051635708659887314,0.0001,143341
6828,3570,0.05,8.27373233,160,573552,84.0,0.053398020565509796,0.0001,143362
6829,3571,0.05,8.310127860000001,160,573636,84.0,0.02708403579890728,0.0001,143383
6830,3571,0.05,8.2674181,160,573720,84.0,0.062221989035606384,0.0001,143404
6831,3572,0.05,8.26086205,160,573804,84.0,2.7602667808532715,0.0001,143425
6832,3572,0.05,8.245014939999999,160,573888,84.0,0.18333670496940613,0.0001,143446
6833,3573,0.05,8.25840901,160,573972,84.0,4.892871856689453,0.0001,143467
6834,3573,0.05,8.350270539999999,160,574056,84.0,0.1049540564417839,0.0001,143488
6835,3574,0.05,8.21367591,160,574140,84.0,2.443174123764038,0.0001,143509
6836,3574,0.05,8.104667769999999,160,574224,84.0,0.05073218792676926,0.0001,143530
6837,3575,0.05,8.1655452,160,574308,84.0,0.07167680561542511,0.0001,143551
6838,3576,0.05,8.24284403,160,574392,84.0,0.02357836253941059,0.0001,143572
6839,3576,0.05,8.245718160000001,160,574476,84.0,0.025292832404375076,0.0001,143593
6840,3577,0.05,8.16388792,160,574560,84.0,0.09920108318328857,0.0001,143614
6841,3577,0.05,8.1975327,160,574644,84.0,2.64493465423584,0.0001,143635
6842,3578,0.05,8.213102690000001,160,574728,84.0,2.51118540763855,0.0001,143656
6843,3578,0.05,8.228101230000002,160,574812,84.0,0.051382869482040405,0.0001,143677
6844,3579,0.05,8.21887411,160,574896,84.0,0.04378805682063103,0.0001,143698
6845,3579,0.05,8.26229811,160,574980,84.0,0.06166839227080345,0.0001,143719
6846,3580,0.05,8.22536242,160,575064,84.0,0.05197678133845329,0.0001,143740
6847,3580,0.05,8.2077536,160,575148,84.0,0.06633687019348145,0.0001,143761
6848,3581,0.05,8.216169279999999,160,575232,84.0,0.08704926818609238,0.0001,143782
6849,3581,0.05,8.194625819999999,160,575316,84.0,0.027336958795785904,0.0001,143803
6850,3582,0.05,8.153180079999998,160,575400,84.0,2.618931293487549,0.0001,143824
6851,3582,0.05,8.147110939999997,160,575484,84.0,0.06565522402524948,0.0001,143845
6852,3583,0.05,8.153189149999998,160,575568,84.0,0.07583020627498627,0.0001,143866
6853,3584,0.05,8.131611099999999,160,575652,84.0,0.06993276625871658,0.0001,143887
6854,3584,0.05,8.021339420000002,160,575736,84.0,0.06686750799417496,0.0001,143908
6855,3585,0.05,7.994861690000001,160,575820,84.0,2.5879666805267334,0.0001,143929
6856,3585,0.05,7.92396927,160,575904,84.0,2.5542027950286865,0.0001,143950
6857,3586,0.05,7.920819899999999,160,575988,84.0,0.059425316751003265,0.0001,143971
6858,3586,0.05,7.879246229999999,160,576072,84.0,0.0754811018705368,0.0001,143992
6859,3587,0.05,7.867296759999999,160,576156,84.0,2.507030963897705,0.0001,144013
6860,3587,0.05,7.993051519999998,160,576240,84.0,0.028911881148815155,0.0001,144034
6861,3588,0.05,8.0118917,160,576324,84.0,0.04650386795401573,0.0001,144055
6862,3589,0.05,7.98606948,160,576408,84.0,0.057569608092308044,0.0001,144076
6863,3589,0.05,7.97747255,160,576492,84.0,2.4853227138519287,0.0001,144097
6864,3590,0.05,7.97752918,160,576576,84.0,0.022088870406150818,0.0001,144118
6865,3590,0.05,8.0663449,160,576660,84.0,0.03805997222661972,0.0001,144139
6866,3591,0.05,8.036310499999999,160,576744,84.0,0.040785666555166245,0.0001,144160
6867,3591,0.05,8.06521312,160,576828,84.0,0.04797053337097168,0.0001,144181
6868,3592,0.05,8.08831739,160,576912,84.0,0.13265813887119293,0.0001,144202
6869,3592,0.05,8.163908609999998,160,576996,84.0,0.11187750846147537,0.0001,144223
6870,3593,0.05,8.10819066,160,577080,84.0,0.10984855890274048,0.0001,144244
6871,3593,0.05,8.12877322,160,577164,84.0,2.402562379837036,0.0001,144265
6872,3594,0.05,8.13019357,160,577248,84.0,0.06202341616153717,0.0001,144286
6873,3594,0.05,8.06420302,160,577332,84.0,0.09840276092290878,0.0001,144307
6874,3595,0.05,8.13314761,160,577416,84.0,2.4116904735565186,0.0001,144328
6875,3595,0.05,8.000726590000001,160,577500,84.0,0.03050720877945423,0.0001,144349
6876,3596,0.05,8.02820558,160,577584,84.0,0.02306782826781273,0.0001,144370
6877,3596,0.05,7.9122435300000005,160,577668,84.0,2.5157878398895264,0.0001,144391
6878,3597,0.05,7.930131590000001,160,577752,84.0,0.027541369199752808,0.0001,144412
6879,3598,0.05,7.946037480000001,160,577836,84.0,0.2130792886018753,0.0001,144433
6880,3598,0.05,7.943749800000001,160,577920,84.0,0.035672664642333984,0.0001,144454
6881,3599,0.05,7.913072499999999,160,578004,84.0,0.04129404202103615,0.0001,144475
6882,3599,0.05,7.770492740000001,160,578088,84.0,2.558479070663452,0.0001,144496
6883,3600,0.05,7.757208550000001,160,578172,84.0,0.02474847435951233,0.0001,144517
6884,3600,0.05,7.76265357,160,578256,84.0,2.477853298187256,0.0001,144538
6885,3601,0.05,7.765351130000002,160,578340,84.0,0.06466981023550034,0.0001,144559
6886,3601,0.05,7.75882889,160,578424,84.0,0.04174215346574783,0.0001,144580
6887,3602,0.05,7.80568516,160,578508,84.0,0.018559768795967102,0.0001,144601
6888,3602,0.05,7.8395533,160,578592,84.0,2.589679002761841,0.0001,144622
6889,3603,0.05,7.7772701600000005,160,578676,84.0,10.05075454711914,0.0001,144643
6890,3603,0.05,7.784746980000001,160,578760,84.0,2.713118314743042,0.0001,144664
6891,3604,0.05,7.78033847,160,578844,84.0,0.0484006330370903,0.0001,144685
6892,3604,0.05,7.867727960000001,160,578928,84.0,0.0249610748142004,0.0001,144706
6893,3605,0.05,7.9372794099999995,160,579012,84.0,4.746936798095703,0.0001,144727
6894,3605,0.05,7.934163339999999,160,579096,84.0,0.030286844819784164,0.0001,144748
6895,3606,0.05,7.920193799999998,160,579180,84.0,0.11945059150457382,0.0001,144769
6896,3606,0.05,7.922554760000001,160,579264,84.0,0.04240190237760544,0.0001,144790
6897,3607,0.05,7.987191760000001,160,579348,84.0,0.055025383830070496,0.0001,144811
6898,3608,0.05,7.978487370000002,160,579432,84.0,7.9135236740112305,0.0001,144832
6899,3608,0.05,8.005503420000002,160,579516,84.0,0.08723297715187073,0.0001,144853
6900,3609,0.05,8.11027239,160,579600,84.0,0.02300451323390007,0.0001,144874
6901,3609,0.05,8.13250408,160,579684,84.0,0.03708197921514511,0.0001,144895
6902,3610,0.05,8.06761704,160,579768,84.0,0.05680735409259796,0.0001,144916
6903,3610,0.05,8.02796066,160,579852,84.0,2.426856517791748,0.0001,144937
6904,3611,0.05,8.030175279999998,160,579936,84.0,0.0948915109038353,0.0001,144958
6905,3611,0.05,7.963450679999999,160,580020,84.0,0.11247587203979492,0.0001,144979
6906,3612,0.05,7.962742649999999,160,580104,84.0,0.0849771574139595,0.0001,145000
6907,3612,0.05,7.9957568000000006,160,580188,84.0,0.05945320427417755,0.0001,145021
6908,3613,0.05,7.952782040000001,160,580272,84.0,4.85108757019043,0.0001,145042
6909,3613,0.05,7.92306131,160,580356,84.0,2.6922502517700195,0.0001,145063
6910,3614,0.05,7.93072769,160,580440,84.0,0.09044954180717468,0.0001,145084
6911,3614,0.05,8.047927860000001,160,580524,84.0,0.05219200253486633,0.0001,145105
6912,3615,0.05,7.965332109999999,160,580608,84.0,0.05835462361574173,0.0001,145126
6913,3615,0.05,7.954972130000001,160,580692,84.0,2.411534070968628,0.0001,145147
6914,3616,0.05,7.95661208,160,580776,84.0,0.05676649883389473,0.0001,145168
6915,3617,0.05,7.95206801,160,580860,84.0,4.9116106033325195,0.0001,145189
6916,3617,0.05,7.91155619,160,580944,84.0,2.554687023162842,0.0001,145210
6917,3618,0.05,7.937111870000001,160,581028,84.0,0.029553014785051346,0.0001,145231
6918,3618,0.05,7.940400110000001,160,581112,84.0,0.04033555090427399,0.0001,145252
6919,3619,0.05,7.866310890000001,160,581196,84.0,2.4399149417877197,0.0001,145273
6920,3620,0.05,7.8403854,160,581280,84.0,2.587792158126831,0.0001,145294
6921,3620,0.05,7.881982410000001,160,581364,84.0,0.10295504331588745,0.0001,145315
6922,3621,0.05,7.934410430000001,160,581448,84.0,2.6555960178375244,0.0001,145336
6923,3621,0.05,7.92833432,160,581532,84.0,0.08361323177814484,0.0001,145357
6924,3622,0.05,7.89074928,160,581616,84.0,0.03951914608478546,0.0001,145378
6925,3622,0.05,7.81770085,160,581700,84.0,2.4283862113952637,0.0001,145399
6926,3623,0.05,7.8443498,160,581784,84.0,2.4846041202545166,0.0001,145420
6927,3624,0.05,7.87980403,160,581868,84.0,2.491527557373047,0.0001,145441
6928,3624,0.05,7.8666477299999995,160,581952,84.0,2.7225635051727295,0.0001,145462
6929,3625,0.05,7.826665899999999,160,582036,84.0,0.02792827971279621,0.0001,145483
6930,3625,0.05,7.851739379999999,160,582120,84.0,0.03848188370466232,0.0001,145504
6931,3626,0.05,7.84580391,160,582204,84.0,0.12606392800807953,0.0001,145525
6932,3626,0.05,7.903469380000001,160,582288,84.0,7.291263580322266,0.0001,145546
6933,3627,0.05,7.888406509999999,160,582372,84.0,0.06576163321733475,0.0001,145567
6934,3627,0.05,7.89406232,160,582456,84.0,0.031753189861774445,0.0001,145588
6935,3628,0.05,7.92882785,160,582540,84.0,2.7513418197631836,0.0001,145609
6936,3628,0.05,7.918048719999999,160,582624,84.0,0.04561745002865791,0.0001,145630
6937,3629,0.05,7.91768147,160,582708,84.0,0.10231292247772217,0.0001,145651
6938,3629,0.05,7.905881359999999,160,582792,84.0,2.6915104389190674,0.0001,145672
6939,3630,0.05,7.965029779999998,160,582876,84.0,2.9284520149230957,0.0001,145693
6940,3631,0.05,7.975886129999999,160,582960,84.0,0.07079243659973145,0.0001,145714
6941,3631,0.05,8.062246089999999,160,583044,84.0,2.4396872520446777,0.0001,145735
6942,3632,0.05,7.995785279999999,160,583128,84.0,0.0460532121360302,0.0001,145756
6943,3632,0.05,8.016157989999998,160,583212,84.0,2.733231782913208,0.0001,145777
6944,3633,0.05,8.022653309999999,160,583296,84.0,0.12722815573215485,0.0001,145798
6945,3633,0.05,8.00442143,160,583380,84.0,0.061088453978300095,0.0001,145819
6946,3634,0.05,7.974737039999999,160,583464,84.0,2.452097177505493,0.0001,145840
6947,3634,0.05,7.996468579999999,160,583548,84.0,2.439507246017456,0.0001,145861
6948,3635,0.05,8.074895559999998,160,583632,84.0,0.0497271791100502,0.0001,145882
6949,3635,0.05,8.106021279999998,160,583716,84.0,2.409477710723877,0.0001,145903
6950,3636,0.05,8.108954469999997,160,583800,84.0,0.05683136358857155,0.0001,145924
6951,3636,0.05,8.098231839999999,160,583884,84.0,0.05877202749252319,0.0001,145945
6952,3637,0.05,8.118498579999999,160,583968,84.0,2.5452418327331543,0.0001,145966
6953,3637,0.05,8.14674701,160,584052,84.0,2.516273260116577,0.0001,145987
6954,3638,0.05,8.134995850000001,160,584136,84.0,0.038680702447891235,0.0001,146008
6955,3638,0.05,8.154048170000003,160,584220,84.0,0.03577161580324173,0.0001,146029
6956,3639,0.05,8.188805,160,584304,84.0,2.4889988899230957,0.0001,146050
6957,3640,0.05,8.186861259999999,160,584388,84.0,0.05238370597362518,0.0001,146071
6958,3640,0.05,8.220787049999998,160,584472,84.0,0.017960652709007263,0.0001,146092
6959,3641,0.05,8.22692175,160,584556,84.0,2.4162092208862305,0.0001,146113
6960,3641,0.05,8.19557638,160,584640,84.0,0.07077061384916306,0.0001,146134
6961,3642,0.05,8.19341726,160,584724,84.0,0.04562399536371231,0.0001,146155
6962,3642,0.05,8.18557775,160,584808,84.0,0.08501413464546204,0.0001,146176
6963,3643,0.05,8.224369040000001,160,584892,84.0,0.06367330998182297,0.0001,146197
6964,3643,0.05,8.24310805,160,584976,84.0,0.04868968576192856,0.0001,146218
6965,3644,0.05,8.19951991,160,585060,84.0,0.1026819571852684,0.0001,146239
6966,3644,0.05,8.27348192,160,585144,84.0,0.03507423400878906,0.0001,146260
6967,3645,0.05,8.272393939999999,160,585228,84.0,0.0335710309445858,0.0001,146281
6968,3646,0.05,8.26878913,160,585312,84.0,0.06439951807260513,0.0001,146302
6969,3646,0.05,8.32901825,160,585396,84.0,2.6271133422851562,0.0001,146323
6970,3647,0.05,8.35418061,160,585480,84.0,0.05321349948644638,0.0001,146344
6971,3647,0.05,8.37753378,160,585564,84.0,0.05663789063692093,0.0001,146365
6972,3648,0.05,8.35799625,160,585648,84.0,0.06861206889152527,0.0001,146386
6973,3648,0.05,8.44486301,160,585732,84.0,0.06051809340715408,0.0001,146407
6974,3649,0.05,8.421935490000001,160,585816,84.0,0.04475884512066841,0.0001,146428
6975,3649,0.05,8.51294865,160,585900,84.0,2.496584415435791,0.0001,146449
6976,3650,0.05,8.406512650000002,160,585984,84.0,0.058372460305690765,0.0001,146470
6977,3651,0.05,8.39611394,160,586068,84.0,2.4319357872009277,0.0001,146491
6978,3651,0.05,8.4341887,160,586152,84.0,0.038224540650844574,0.0001,146512
6979,3652,0.05,8.4527256,160,586236,84.0,0.059506528079509735,0.0001,146533
6980,3652,0.05,8.44334344,160,586320,84.0,0.0363457053899765,0.0001,146554
6981,3653,0.05,8.497209359999998,160,586404,84.0,5.230136871337891,0.0001,146575
6982,3653,0.05,8.568980949999998,160,586488,84.0,0.0878102257847786,0.0001,146596
6983,3654,0.05,8.45724643,160,586572,84.0,0.13461367785930634,0.0001,146617
6984,3654,0.05,8.44593805,160,586656,84.0,0.04571349173784256,0.0001,146638
6985,3655,0.05,8.40266397,160,586740,84.0,0.18191730976104736,0.0001,146659
6986,3655,0.05,8.36702508,160,586824,84.0,2.3318777084350586,0.0001,146680
6987,3656,0.05,8.29501034,160,586908,84.0,4.741623878479004,0.0001,146701
6988,3656,0.05,8.28961028,160,586992,84.0,0.03982122614979744,0.0001,146722
6989,3657,0.05,8.33894345,160,587076,84.0,0.07429099828004837,0.0001,146743
6990,3658,0.05,8.354232660000001,160,587160,84.0,0.06135615333914757,0.0001,146764
6991,3658,0.05,8.50845164,160,587244,84.0,0.09756702184677124,0.0001,146785
6992,3659,0.05,8.3703783,160,587328,84.0,2.5031440258026123,0.0001,146806
6993,3659,0.05,8.37860295,160,587412,84.0,0.06563356518745422,0.0001,146827
6994,3660,0.05,8.394209909999999,160,587496,84.0,5.0603790283203125,0.0001,146848
6995,3660,0.05,8.41319176,160,587580,84.0,0.04624131694436073,0.0001,146869
6996,3661,0.05,8.38789441,160,587664,84.0,0.12399179488420486,0.0001,146890
6997,3661,0.05,8.385234099999998,160,587748,84.0,5.0496134757995605,0.0001,146911
6998,3662,0.05,8.462044689999999,160,587832,84.0,2.4743661880493164,0.0001,146932
6999,3662,0.05,8.48547931,160,587916,84.0,2.6837618350982666,0.0001,146953
7000,3663,0.05,8.37962894,160,588000,84.0,0.033500902354717255,0.0001,146974
7001,3663,0.05,8.36631782,160,588084,84.0,0.06460922211408615,0.0001,146995
7002,3664,0.05,8.4185424,160,588168,84.0,0.068926602602005,0.0001,147016
7003,3664,0.05,8.449934370000001,160,588252,84.0,2.644245147705078,0.0001,147037
7004,3665,0.05,8.398084360000002,160,588336,84.0,0.050706006586551666,0.0001,147058
7005,3665,0.05,8.56761618,160,588420,84.0,0.05278550833463669,0.0001,147079
7006,3666,0.05,8.55332069,160,588504,84.0,0.08203989267349243,0.0001,147100
7007,3667,0.05,8.54012976,160,588588,84.0,0.08632893115282059,0.0001,147121
7008,3667,0.05,8.66664746,160,588672,84.0,0.10477209836244583,0.0001,147142
7009,3668,0.05,8.744811349999999,160,588756,84.0,2.4440133571624756,0.0001,147163
7010,3668,0.05,8.754446439999999,160,588840,84.0,0.10721251368522644,0.0001,147184
7011,3669,0.05,8.677521389999999,160,588924,84.0,0.060643188655376434,0.0001,147205
7012,3669,0.05,8.69062004,160,589008,84.0,2.4874982833862305,0.0001,147226
7013,3670,0.05,8.702301899999998,160,589092,84.0,2.43449068069458,0.0001,147247
7014,3670,0.05,8.72892072,160,589176,84.0,0.052189555019140244,0.0001,147268
7015,3671,0.05,8.7273077,160,589260,84.0,2.478456735610962,0.0001,147289
7016,3671,0.05,8.74508287,160,589344,84.0,2.52360200881958,0.0001,147310
7017,3672,0.05,8.777610849999999,160,589428,84.0,0.02548360452055931,0.0001,147331
7018,3672,0.05,8.74431421,160,589512,84.0,0.057061679661273956,0.0001,147352
7019,3673,0.05,8.748965770000002,160,589596,84.0,0.0341063067317009,0.0001,147373
7020,3673,0.05,8.759689920000001,160,589680,84.0,2.5140132904052734,0.0001,147394
7021,3674,0.05,8.733753129999998,160,589764,84.0,0.054690148681402206,0.0001,147415
7022,3675,0.05,8.69702701,160,589848,84.0,0.07657076418399811,0.0001,147436
7023,3675,0.05,8.677740109999998,160,589932,84.0,0.03615977242588997,0.0001,147457
7024,3676,0.05,8.58599256,160,590016,84.0,0.0852918028831482,0.0001,147478
7025,3676,0.05,8.5653232,160,590100,84.0,2.4749956130981445,0.0001,147499
7026,3677,0.05,8.55872978,160,590184,84.0,2.4892311096191406,0.0001,147520
7027,3677,0.05,8.52599138,160,590268,84.0,0.07237668335437775,0.0001,147541
7028,3678,0.05,8.5091423,160,590352,84.0,0.04008006677031517,0.0001,147562
7029,3678,0.05,8.530402839999999,160,590436,84.0,2.606633186340332,0.0001,147583
7030,3679,0.05,8.60477235,160,590520,84.0,0.048246629536151886,0.0001,147604
7031,3679,0.05,8.63347194,160,590604,84.0,0.06381411105394363,0.0001,147625
7032,3680,0.05,8.57390251,160,590688,84.0,0.03180653601884842,0.0001,147646
7033,3680,0.05,8.572837519999998,160,590772,84.0,0.11017212271690369,0.0001,147667
7034,3681,0.05,8.57879904,160,590856,84.0,0.035746097564697266,0.0001,147688
7035,3681,0.05,8.60071769,160,590940,84.0,5.017858982086182,0.0001,147709
7036,3682,0.05,8.62544165,160,591024,84.0,2.484722375869751,0.0001,147730
7037,3683,0.05,8.63024639,160,591108,84.0,0.06051081046462059,0.0001,147751
7038,3683,0.05,8.58533285,160,591192,84.0,2.6954474449157715,0.0001,147772
7039,3684,0.05,8.57300858,160,591276,84.0,0.15390199422836304,0.0001,147793
7040,3684,0.05,8.593657540000002,160,591360,84.0,0.09293725341558456,0.0001,147814
7041,3685,0.05,8.510179440000002,160,591444,84.0,2.488708972930908,0.0001,147835
7042,3685,0.05,8.48241027,160,591528,84.0,0.03398391604423523,0.0001,147856
7043,3686,0.05,8.45148047,160,591612,84.0,0.030713031068444252,0.0001,147877
7044,3686,0.05,8.43392933,160,591696,84.0,0.04208512604236603,0.0001,147898
7045,3687,0.05,8.37951104,160,591780,84.0,2.731085777282715,0.0001,147919
7046,3687,0.05,8.45552045,160,591864,84.0,0.052973710000514984,0.0001,147940
7047,3688,0.05,8.45856873,160,591948,84.0,0.058187615126371384,0.0001,147961
7048,3688,0.05,8.37726432,160,592032,84.0,0.05806196480989456,0.0001,147982
7049,3689,0.05,8.377816610000002,160,592116,84.0,0.09396538138389587,0.0001,148003
7050,3689,0.05,8.45830083,160,592200,84.0,0.06253360956907272,0.0001,148024
7051,3690,0.05,8.479269500000001,160,592284,84.0,2.384629249572754,0.0001,148045
7052,3690,0.05,8.46663523,160,592368,84.0,0.03918561339378357,0.0001,148066
7053,3691,0.05,8.49276689,160,592452,84.0,4.836392402648926,0.0001,148087
7054,3691,0.05,8.49629222,160,592536,84.0,2.5367205142974854,0.0001,148108
7055,3692,0.05,8.50809092,160,592620,84.0,0.031465403735637665,0.0001,148129
7056,3692,0.05,8.548453150000002,160,592704,84.0,0.03749379515647888,0.0001,148150
7057,3693,0.05,8.563712020000002,160,592788,84.0,2.466068744659424,0.0001,148171
7058,3694,0.05,8.538224860000001,160,592872,84.0,0.0408371277153492,0.0001,148192
7059,3694,0.05,8.577755880000002,160,592956,84.0,0.11780072748661041,0.0001,148213
7060,3695,0.05,8.5772483,160,593040,84.0,0.07546080648899078,0.0001,148234
7061,3695,0.05,8.577903110000001,160,593124,84.0,0.0927717313170433,0.0001,148255
7062,3696,0.05,8.65798677,160,593208,84.0,0.06906634569168091,0.0001,148276
7063,3696,0.05,8.63631415,160,593292,84.0,0.0606723427772522,0.0001,148297
7064,3697,0.05,8.590790770000002,160,593376,84.0,2.5713717937469482,0.0001,148318
7065,3697,0.05,8.614758620000002,160,593460,84.0,7.472445964813232,0.0001,148339
7066,3698,0.05,8.60917878,160,593544,84.0,0.10512486100196838,0.0001,148360
7067,3698,0.05,8.58164249,160,593628,84.0,0.17057067155838013,0.0001,148381
7068,3699,0.05,8.56131583,160,593712,84.0,0.1166330948472023,0.0001,148402
7069,3699,0.05,8.56940843,160,593796,84.0,0.07172857969999313,0.0001,148423
7070,3700,0.05,8.62813164,160,593880,84.0,0.05547257140278816,0.0001,148444
7071,3700,0.05,8.56989873,160,593964,84.0,2.31546950340271,0.0001,148465
7072,3701,0.05,8.600774870000002,160,594048,84.0,2.394242763519287,0.0001,148486
7073,3701,0.05,8.59058825,160,594132,84.0,0.05384598672389984,0.0001,148507
7074,3702,0.05,8.61640216,160,594216,84.0,4.991483688354492,0.0001,148528
7075,3702,0.05,8.63878487,160,594300,84.0,0.0610504075884819,0.0001,148549
7076,3703,0.05,8.686134,160,594384,84.0,0.07359005510807037,0.0001,148570
7077,3704,0.05,8.740084459999999,160,594468,84.0,0.06592319160699844,0.0001,148591
7078,3704,0.05,8.55749562,160,594552,84.0,2.5015041828155518,0.0001,148612
7079,3705,0.05,8.559834729999999,160,594636,84.0,5.031633377075195,0.0001,148633
7080,3705,0.05,8.583583079999999,160,594720,84.0,2.5633089542388916,0.0001,148654
7081,3706,0.05,8.594501439999998,160,594804,84.0,0.06852096319198608,0.0001,148675
7082,3706,0.05,8.55391742,160,594888,84.0,2.458554744720459,0.0001,148696
7083,3707,0.05,8.552670110000001,160,594972,84.0,0.030109643936157227,0.0001,148717
7084,3707,0.05,8.57346615,160,595056,84.0,0.022063307464122772,0.0001,148738
7085,3708,0.05,8.63801077,160,595140,84.0,0.028615746647119522,0.0001,148759
7086,3708,0.05,8.6743764,160,595224,84.0,0.05056581646203995,0.0001,148780
7087,3709,0.05,8.687712229999999,160,595308,84.0,0.11181297898292542,0.0001,148801
7088,3709,0.05,8.71190863,160,595392,84.0,0.08821851760149002,0.0001,148822
7089,3710,0.05,8.70362199,160,595476,84.0,0.05905338376760483,0.0001,148843
7090,3711,0.05,8.669196139999999,160,595560,84.0,0.034716010093688965,0.0001,148864
7091,3711,0.05,8.542935230000001,160,595644,84.0,2.7831780910491943,0.0001,148885
7092,3712,0.05,8.59135439,160,595728,84.0,0.05693014711141586,0.0001,148906
7093,3712,0.05,8.624772369999999,160,595812,84.0,0.036581531167030334,0.0001,148927
7094,3713,0.05,8.61923744,160,595896,84.0,2.3651366233825684,0.0001,148948
7095,3713,0.05,8.59975454,160,595980,84.0,2.4232730865478516,0.0001,148969
7096,3714,0.05,8.62653824,160,596064,84.0,0.07253221422433853,0.0001,148990
7097,3714,0.05,8.583013959999999,160,596148,84.0,0.054063744843006134,0.0001,149011
7098,3715,0.05,8.484441349999999,160,596232,84.0,0.05902978032827377,0.0001,149032
7099,3715,0.05,8.447580170000002,160,596316,84.0,0.10059060156345367,0.0001,149053
7100,3716,0.05,8.49932851,160,596400,84.0,0.05130729451775551,0.0001,149074
7101,3716,0.05,8.549472630000002,160,596484,84.0,2.464949369430542,0.0001,149095
7102,3717,0.05,8.50115498,160,596568,84.0,0.05895217880606651,0.0001,149116
7103,3717,0.05,8.42251519,160,596652,84.0,0.07069527357816696,0.0001,149137
7104,3718,0.05,8.47650201,160,596736,84.0,0.1784524917602539,0.0001,149158
7105,3718,0.05,8.369977850000001,160,596820,84.0,2.4955074787139893,0.0001,149179
7106,3719,0.05,8.365116940000002,160,596904,84.0,2.5038018226623535,0.0001,149200
7107,3719,0.05,8.3428507,160,596988,84.0,0.035460956394672394,0.0001,149221
7108,3720,0.05,8.240472729999999,160,597072,84.0,0.02743581309914589,0.0001,149242
7109,3720,0.05,8.165561669999999,160,597156,84.0,2.4423532485961914,0.0001,149263
7110,3721,0.05,8.14665838,160,597240,84.0,4.874256134033203,0.0001,149284
7111,3722,0.05,8.12829232,160,597324,84.0,0.09442844241857529,0.0001,149305
7112,3722,0.05,8.05863612,160,597408,84.0,0.07867175340652466,0.0001,149326
7113,3723,0.05,8.112804279999999,160,597492,84.0,0.11648930609226227,0.0001,149347
7114,3723,0.05,8.10294733,160,597576,84.0,2.6033763885498047,0.0001,149368
7115,3724,0.05,8.111323169999999,160,597660,84.0,0.09752905368804932,0.0001,149389
7116,3724,0.05,8.093670490000001,160,597744,84.0,0.0342673659324646,0.0001,149410
7117,3725,0.05,8.017915870000001,160,597828,84.0,2.479444742202759,0.0001,149431
7118,3725,0.05,8.00177802,160,597912,84.0,2.366288423538208,0.0001,149452
7119,3726,0.05,8.011163760000002,160,597996,84.0,0.07225215435028076,0.0001,149473
7120,3726,0.05,7.99492778,160,598080,84.0,0.031077325344085693,0.0001,149494
7121,3727,0.05,8.11432949,160,598164,84.0,0.0657092034816742,0.0001,149515
7122,3727,0.05,8.10942337,160,598248,84.0,2.390028238296509,0.0001,149536
7123,3728,0.05,8.06908307,160,598332,84.0,0.017864566296339035,0.0001,149557
7124,3728,0.05,8.27140086,160,598416,84.0,0.045427195727825165,0.0001,149578
7125,3729,0.05,8.29431018,160,598500,84.0,0.039614420384168625,0.0001,149599
7126,3729,0.05,8.31556326,160,598584,84.0,0.03573225066065788,0.0001,149620
7127,3730,0.05,8.31498696,160,598668,84.0,0.03590565174818039,0.0001,149641
7128,3730,0.05,8.29019171,160,598752,84.0,0.031061284244060516,0.0001,149662
7129,3731,0.05,8.23881304,160,598836,84.0,0.07891467958688736,0.0001,149683
7130,3731,0.05,8.13624474,160,598920,84.0,0.08312128484249115,0.0001,149704
7131,3732,0.05,8.151120350000001,160,599004,84.0,0.07364346086978912,0.0001,149725
7132,3733,0.05,8.19149456,160,599088,84.0,4.92434024810791,0.0001,149746
7133,3733,0.05,8.208157880000002,160,599172,84.0,2.6892614364624023,0.0001,149767
7134,3734,0.05,8.227105400000001,160,599256,84.0,2.5100510120391846,0.0001,149788
7135,3734,0.05,8.215964450000001,160,599340,84.0,4.805217266082764,0.0001,149809
7136,3735,0.05,8.183279200000001,160,599424,84.0,0.12382745742797852,0.0001,149830
7137,3735,0.05,8.259273770000002,160,599508,84.0,2.4846575260162354,0.0001,149851
7138,3736,0.05,8.362013340000003,160,599592,84.0,2.4473259449005127,0.0001,149872
7139,3736,0.05,8.358935270000002,160,599676,84.0,0.10435406863689423,0.0001,149893
7140,3737,0.05,8.341802030000002,160,599760,84.0,0.02419843152165413,0.0001,149914
7141,3737,0.05,8.325767310000002,160,599844,84.0,2.4798755645751953,0.0001,149935
7142,3738,0.05,8.487458510000002,160,599928,84.0,2.5969011783599854,0.0001,149956
7143,3738,0.05,8.59497388,160,600012,84.0,0.08236657083034515,0.0001,149977
7144,3739,0.05,8.58668821,160,600096,84.0,2.430044412612915,0.0001,149998
7145,3739,0.05,8.587734540000001,160,600180,84.0,2.6186764240264893,0.0001,150019
7146,3740,0.05,8.59782378,160,600264,84.0,2.506706953048706,0.0001,150040
7147,3741,0.05,8.58434665,160,600348,84.0,0.11691345274448395,0.0001,150061
7148,3741,0.05,8.54475447,160,600432,84.0,0.08417866379022598,0.0001,150082
7149,3742,0.05,8.509113510000002,160,600516,84.0,2.431478500366211,0.0001,150103
7150,3742,0.05,8.519958310000002,160,600600,84.0,2.8604865074157715,0.0001,150124
7151,3743,0.05,8.532683190000002,160,600684,84.0,2.5693135261535645,0.0001,150145
7152,3743,0.05,8.546547470000002,160,600768,84.0,2.510136127471924,0.0001,150166
7153,3744,0.05,8.464567050000001,160,600852,84.0,2.513040781021118,0.0001,150187
7154,3744,0.05,8.46791958,160,600936,84.0,2.594413995742798,0.0001,150208
7155,3745,0.05,8.46695841,160,601020,84.0,0.0556187778711319,0.0001,150229
7156,3746,0.05,8.4190094,160,601104,84.0,2.6463608741760254,0.0001,150250
7157,3746,0.05,8.43906056,160,601188,84.0,0.06391854584217072,0.0001,150271
7158,3747,0.05,8.451153810000001,160,601272,84.0,0.06804423034191132,0.0001,150292
7159,3747,0.05,8.524056860000002,160,601356,84.0,0.07188771665096283,0.0001,150313
7160,3748,0.05,8.494427120000001,160,601440,84.0,2.3440678119659424,0.0001,150334
7161,3748,0.05,8.51981089,160,601524,84.0,0.04046346992254257,0.0001,150355
7162,3749,0.05,8.4050814,160,601608,84.0,4.751264572143555,0.0001,150376
7163,3749,0.05,8.37470544,160,601692,84.0,0.06294286251068115,0.0001,150397
7164,3750,0.05,8.44810933,160,601776,84.0,0.06553366035223007,0.0001,150418
7165,3750,0.05,8.44615576,160,601860,84.0,2.563692331314087,0.0001,150439
7166,3751,0.05,8.451396749999999,160,601944,84.0,0.047058891505002975,0.0001,150460
7167,3751,0.05,8.4818526,160,602028,84.0,0.08837945014238358,0.0001,150481
7168,3752,0.05,8.48267388,160,602112,84.0,0.04492984712123871,0.0001,150502
7169,3753,0.05,8.42861701,160,602196,84.0,2.4713480472564697,0.0001,150523
7170,3753,0.05,8.368365200000001,160,602280,84.0,2.501718521118164,0.0001,150544
7171,3754,0.05,8.435435060000001,160,602364,84.0,0.04984285682439804,0.0001,150565
7172,3755,0.05,8.42173486,160,602448,84.0,2.510831832885742,0.0001,150586
7173,3755,0.05,8.3438173,160,602532,84.0,0.06330125033855438,0.0001,150607
7174,3756,0.05,8.324491,160,602616,84.0,0.02495666593313217,0.0001,150628
7175,3757,0.05,8.299936129999999,160,602700,84.0,0.043192144483327866,0.0001,150649
7176,3757,0.05,8.32164735,160,602784,84.0,0.057778820395469666,0.0001,150670
7177,3758,0.05,8.26220109,160,602868,84.0,2.3672211170196533,0.0001,150691
7178,3759,0.05,8.38050374,160,602952,84.0,2.5010690689086914,0.0001,150712
7179,3759,0.05,8.38733788,160,603036,84.0,0.08592981100082397,0.0001,150733
7180,3760,0.05,8.37116241,160,603120,84.0,2.609527826309204,0.0001,150754
7181,3760,0.05,8.379989129999998,160,603204,84.0,0.10270051658153534,0.0001,150775
7182,3761,0.05,8.276094309999998,160,603288,84.0,4.753068923950195,0.0001,150796
7183,3761,0.05,8.37176407,160,603372,84.0,2.4181365966796875,0.0001,150817
7184,3762,0.05,8.455929249999999,160,603456,84.0,2.454219102859497,0.0001,150838
7185,3762,0.05,8.410578009999998,160,603540,84.0,0.05981878936290741,0.0001,150859
7186,3763,0.05,8.392276659999999,160,603624,84.0,0.045425161719322205,0.0001,150880
7187,3763,0.05,8.408957099999999,160,603708,84.0,0.020891796797513962,0.0001,150901
7188,3764,0.05,8.38325405,160,603792,84.0,0.13852432370185852,0.0001,150922
7189,3764,0.05,8.38474254,160,603876,84.0,2.3422961235046387,0.0001,150943
7190,3765,0.05,8.36777593,160,603960,84.0,2.4694254398345947,0.0001,150964
7191,3766,0.05,8.34644491,160,604044,84.0,0.03860510140657425,0.0001,150985
7192,3766,0.05,8.348271070000001,160,604128,84.0,2.479233980178833,0.0001,151006
7193,3767,0.05,8.32007323,160,604212,84.0,2.350884199142456,0.0001,151027
7194,3767,0.05,8.30927655,160,604296,84.0,0.0823381096124649,0.0001,151048
7195,3768,0.05,8.33208585,160,604380,84.0,0.07907609641551971,0.0001,151069
7196,3768,0.05,8.297529480000001,160,604464,84.0,2.481076717376709,0.0001,151090
7197,3769,0.05,8.3186858,160,604548,84.0,0.06521743535995483,0.0001,151111
7198,3769,0.05,8.40791642,160,604632,84.0,0.043333377689123154,0.0001,151132
7199,3770,0.05,8.42541259,160,604716,84.0,2.4616925716400146,0.0001,151153
7200,3770,0.05,8.40560633,160,604800,84.0,2.377715826034546,0.0001,151174
7201,3771,0.05,8.374489650000001,160,604884,84.0,2.699711799621582,0.0001,151195
7202,3772,0.05,8.423748750000001,160,604968,84.0,0.051188766956329346,0.0001,151216
7203,3772,0.05,8.47884046,160,605052,84.0,0.02774064429104328,0.0001,151237
7204,3773,0.05,8.40451048,160,605136,84.0,0.02510702982544899,0.0001,151258
7205,3774,0.05,8.374106430000001,160,605220,84.0,2.4919047355651855,0.0001,151279
7206,3774,0.05,8.37633155,160,605304,84.0,4.857947826385498,0.0001,151300
7207,3775,0.05,8.44776046,160,605388,84.0,2.40191912651062,0.0001,151321
7208,3775,0.05,8.41092231,160,605472,84.0,2.456552743911743,0.0001,151342
7209,3776,0.05,8.31211593,160,605556,84.0,0.06125994399189949,0.0001,151363
7210,3776,0.05,8.3918167,160,605640,84.0,0.10283681750297546,0.0001,151384
7211,3777,0.05,8.419534629999998,160,605724,84.0,0.0779741108417511,0.0001,151405
7212,3778,0.05,8.51538992,160,605808,84.0,0.06454197317361832,0.0001,151426
7213,3778,0.05,8.57581062,160,605892,84.0,2.498615264892578,0.0001,151447
7214,3779,0.05,8.55028955,160,605976,84.0,2.372441291809082,0.0001,151468
7215,3780,0.05,8.569989450000001,160,606060,84.0,0.06268525123596191,0.0001,151489
7216,3780,0.05,8.55549881,160,606144,84.0,0.1396150290966034,0.0001,151510
7217,3781,0.05,8.62306969,160,606228,84.0,0.054657429456710815,0.0001,151531
7218,3782,0.05,8.66976135,160,606312,84.0,0.034080684185028076,0.0001,151552
7219,3782,0.05,8.65083766,160,606396,84.0,0.04392938315868378,0.0001,151573
7220,3783,0.05,8.63973065,160,606480,84.0,0.02663785219192505,0.0001,151594
7221,3783,0.05,8.47783305,160,606564,84.0,0.06046796217560768,0.0001,151615
7222,3784,0.05,8.479254330000002,160,606648,84.0,0.06679563224315643,0.0001,151636
7223,3784,0.05,8.43596748,160,606732,84.0,2.489284038543701,0.0001,151657
7224,3785,0.05,8.32996488,160,606816,84.0,2.3576738834381104,0.0001,151678
7225,3786,0.05,8.24972882,160,606900,84.0,0.044725798070430756,0.0001,151699
7226,3786,0.05,8.23557907,160,606984,84.0,0.023019075393676758,0.0001,151720
7227,3787,0.05,8.21119284,160,607068,84.0,0.056878700852394104,0.0001,151741
7228,3788,0.05,8.24835721,160,607152,84.0,2.4559738636016846,0.0001,151762
7229,3788,0.05,8.29536421,160,607236,84.0,2.4590446949005127,0.0001,151783
7230,3789,0.05,8.353474750000002,160,607320,84.0,2.4232234954833984,0.0001,151804
7231,3790,0.05,8.32482038,160,607404,84.0,0.030135296285152435,0.0001,151825
7232,3790,0.05,8.311230620000002,160,607488,84.0,0.029878664761781693,0.0001,151846
7233,3791,0.05,8.23793802,160,607572,84.0,2.524362325668335,0.0001,151867
7234,3791,0.05,8.22185793,160,607656,84.0,0.0939801037311554,0.0001,151888
7235,3792,0.05,8.13143923,160,607740,84.0,0.05738309025764465,0.0001,151909
7236,3792,0.05,8.11977083,160,607824,84.0,0.08295705914497375,0.0001,151930
7237,3793,0.05,8.07058567,160,607908,84.0,2.4915945529937744,0.0001,151951
7238,3793,0.05,7.98625601,160,607992,84.0,0.0580846406519413,0.0001,151972
7239,3794,0.05,7.96981996,160,608076,84.0,0.022492077201604843,0.0001,151993
7240,3795,0.05,7.926722559999999,160,608160,84.0,0.06222608685493469,0.0001,152014
7241,3795,0.05,7.90346779,160,608244,84.0,2.4538402557373047,0.0001,152035
7242,3796,0.05,7.81793408,160,608328,84.0,0.024689525365829468,0.0001,152056
7243,3797,0.05,7.71330068,160,608412,84.0,0.09865393489599228,0.0001,152077
7244,3797,0.05,7.762892210000001,160,608496,84.0,0.1818060725927353,0.0001,152098
7245,3798,0.05,7.849122009999999,160,608580,84.0,0.04376000165939331,0.0001,152119
7246,3799,0.05,7.824689820000001,160,608664,84.0,0.07000139355659485,0.0001,152140
7247,3799,0.05,7.845467799999999,160,608748,84.0,0.035175736993551254,0.0001,152161
7248,3800,0.05,7.961439089999999,160,608832,84.0,0.29279962182044983,0.0001,152182
7249,3800,0.05,8.00450239,160,608916,84.0,0.027323944494128227,0.0001,152203
7250,3801,0.05,7.95748624,160,609000,84.0,0.042115166783332825,0.0001,152224
7251,3801,0.05,7.93203308,160,609084,84.0,0.07764680683612823,0.0001,152245
7252,3802,0.05,7.907668979999999,160,609168,84.0,2.388988733291626,0.0001,152266
7253,3803,0.05,7.94304408,160,609252,84.0,0.10430604219436646,0.0001,152287
7254,3803,0.05,7.9702511,160,609336,84.0,2.429626226425171,0.0001,152308
7255,3804,0.05,7.973695049999999,160,609420,84.0,4.949743270874023,0.0001,152329
7256,3804,0.05,8.02247302,160,609504,84.0,0.05171020328998566,0.0001,152350
7257,3805,0.05,8.0041405,160,609588,84.0,0.03567792475223541,0.0001,152371
7258,3805,0.05,8.03712871,160,609672,84.0,2.4996418952941895,0.0001,152392
7259,3806,0.05,7.945789550000001,160,609756,84.0,0.032473839819431305,0.0001,152413
7260,3806,0.05,7.897623450000001,160,609840,84.0,2.5536766052246094,0.0001,152434
7261,3807,0.05,7.807724500000002,160,609924,84.0,0.023796938359737396,0.0001,152455
7262,3807,0.05,7.912246530000001,160,610008,84.0,0.09065569937229156,0.0001,152476
7263,3808,0.05,7.966295220000001,160,610092,84.0,2.694247245788574,0.0001,152497
7264,3808,0.05,7.87626029,160,610176,84.0,0.05837789922952652,0.0001,152518
7265,3809,0.05,7.870371070000002,160,610260,84.0,0.09051452577114105,0.0001,152539
7266,3810,0.05,7.817383760000001,160,610344,84.0,0.08652696013450623,0.0001,152560
7267,3810,0.05,7.80915049,160,610428,84.0,2.764186382293701,0.0001,152581
7268,3811,0.05,7.843638049999999,160,610512,84.0,0.22718074917793274,0.0001,152602
7269,3811,0.05,7.8789769000000005,160,610596,84.0,0.034025099128484726,0.0001,152623
7270,3812,0.05,7.93719404,160,610680,84.0,2.436079978942871,0.0001,152644
7271,3812,0.05,7.947768590000002,160,610764,84.0,2.5928189754486084,0.0001,152665
7272,3813,0.05,7.943236620000001,160,610848,84.0,2.4939050674438477,0.0001,152686
7273,3813,0.05,8.021741590000001,160,610932,84.0,2.5646705627441406,0.0001,152707
7274,3814,0.05,8.05507282,160,611016,84.0,4.917264938354492,0.0001,152728
7275,3814,0.05,8.061175380000002,160,611100,84.0,0.04455794394016266,0.0001,152749
7276,3815,0.05,8.05423527,160,611184,84.0,7.100620746612549,0.0001,152770
7277,3815,0.05,8.11645946,160,611268,84.0,2.537450075149536,0.0001,152791
7278,3816,0.05,8.07997273,160,611352,84.0,5.083159923553467,0.0001,152812
7279,3817,0.05,8.0885138,160,611436,84.0,0.12969094514846802,0.0001,152833
7280,3817,0.05,8.02589386,160,611520,84.0,4.924179553985596,0.0001,152854
7281,3818,0.05,7.99571292,160,611604,84.0,0.04092227667570114,0.0001,152875
7282,3818,0.05,8.09123681,160,611688,84.0,0.08145366609096527,0.0001,152896
7283,3819,0.05,8.09254529,160,611772,84.0,2.483137607574463,0.0001,152917
7284,3820,0.05,8.00745837,160,611856,84.0,0.026073116809129715,0.0001,152938
7285,3820,0.05,8.03293433,160,611940,84.0,0.06610573828220367,0.0001,152959
7286,3821,0.05,8.093961119999998,160,612024,84.0,2.481649160385132,0.0001,152980
7287,3821,0.05,8.107271149999999,160,612108,84.0,2.4178898334503174,0.0001,153001
7288,3822,0.05,8.127582299999998,160,612192,84.0,2.4507863521575928,0.0001,153022
7289,3822,0.05,8.159454319999998,160,612276,84.0,0.05181625485420227,0.0001,153043
7290,3823,0.05,8.1541692,160,612360,84.0,0.06506294757127762,0.0001,153064
7291,3823,0.05,8.257925,160,612444,84.0,2.520526885986328,0.0001,153085
7292,3824,0.05,8.25274726,160,612528,84.0,0.09471555054187775,0.0001,153106
7293,3824,0.05,8.263115509999999,160,612612,84.0,0.08200934529304504,0.0001,153127
7294,3825,0.05,8.28529341,160,612696,84.0,0.030042845755815506,0.0001,153148
7295,3825,0.05,8.360979630000001,160,612780,84.0,4.900631427764893,0.0001,153169
7296,3826,0.05,8.35824917,160,612864,84.0,0.17822155356407166,0.0001,153190
7297,3827,0.05,8.30806549,160,612948,84.0,0.06577560305595398,0.0001,153211
7298,3827,0.05,8.27124837,160,613032,84.0,2.3504796028137207,0.0001,153232
7299,3827,0.05,8.238485270000002,160,613116,84.0,2.498305320739746,0.0001,153253
7300,3828,0.05,8.23992619,160,613200,84.0,0.0738396942615509,0.0001,153274
7301,3829,0.05,8.22195343,160,613284,84.0,2.4408950805664062,0.0001,153295
7302,3829,0.05,8.21434617,160,613368,84.0,0.07142482697963715,0.0001,153316
7303,3830,0.05,8.24457994,160,613452,84.0,0.04091481864452362,0.0001,153337
7304,3830,0.05,8.27998983,160,613536,84.0,0.10700982809066772,0.0001,153358
7305,3831,0.05,8.324627029999998,160,613620,84.0,5.120172500610352,0.0001,153379
7306,3831,0.05,8.48173897,160,613704,84.0,0.016708262264728546,0.0001,153400
7307,3832,0.05,8.445367880000001,160,613788,84.0,0.037818990647792816,0.0001,153421
7308,3832,0.05,8.493139390000001,160,613872,84.0,0.09196732938289642,0.0001,153442
7309,3833,0.05,8.602446010000001,160,613956,84.0,0.07477089762687683,0.0001,153463
7310,3833,0.05,8.52551836,160,614040,84.0,0.06283301115036011,0.0001,153484
7311,3834,0.05,8.52973032,160,614124,84.0,2.4003546237945557,0.0001,153505
7312,3834,0.05,8.49505428,160,614208,84.0,0.02537715807557106,0.0001,153526
7313,3835,0.05,8.32578469,160,614292,84.0,0.080302894115448,0.0001,153547
7314,3835,0.05,8.350073349999999,160,614376,84.0,5.030629634857178,0.0001,153568
7315,3836,0.05,8.29820195,160,614460,84.0,2.4395787715911865,0.0001,153589
7316,3836,0.05,8.31995392,160,614544,84.0,0.07281503081321716,0.0001,153610
7317,3837,0.05,8.292346709999999,160,614628,84.0,0.04321462661027908,0.0001,153631
7318,3837,0.05,8.304142679999998,160,614712,84.0,0.09207620471715927,0.0001,153652
7319,3838,0.05,8.30745368,160,614796,84.0,2.4906063079833984,0.0001,153673
7320,3838,0.05,8.36177083,160,614880,84.0,2.4459104537963867,0.0001,153694
7321,3839,0.05,8.3763534,160,614964,84.0,0.03978435695171356,0.0001,153715
7322,3840,0.05,8.372016629999997,160,615048,84.0,2.349916696548462,0.0001,153736
7323,3840,0.05,8.425318199999998,160,615132,84.0,0.032210610806941986,0.0001,153757
7324,3841,0.05,8.448116299999999,160,615216,84.0,0.047834865748882294,0.0001,153778
7325,3841,0.05,8.499965809999999,160,615300,84.0,0.06855741143226624,0.0001,153799
7326,3842,0.05,8.49385158,160,615384,84.0,0.04582531750202179,0.0001,153820
7327,3842,0.05,8.50765042,160,615468,84.0,0.04530809074640274,0.0001,153841
7328,3843,0.05,8.50560072,160,615552,84.0,0.05221615359187126,0.0001,153862
7329,3844,0.05,8.42657864,160,615636,84.0,0.04316140338778496,0.0001,153883
7330,3844,0.05,8.391323589999999,160,615720,84.0,0.03600296378135681,0.0001,153904
7331,3845,0.05,8.383134510000001,160,615804,84.0,2.419469118118286,0.0001,153925
7332,3845,0.05,8.3735859,160,615888,84.0,7.341990947723389,0.0001,153946
7333,3846,0.05,8.366690060000002,160,615972,84.0,2.5271646976470947,0.0001,153967
7334,3846,0.05,8.46136463,160,616056,84.0,0.09240368008613586,0.0001,153988
7335,3847,0.05,8.48723744,160,616140,84.0,0.05617380142211914,0.0001,154009
7336,3847,0.05,8.53215912,160,616224,84.0,0.039693452417850494,0.0001,154030
7337,3848,0.05,8.49489928,160,616308,84.0,2.3894288539886475,0.0001,154051
7338,3849,0.05,8.5113603,160,616392,84.0,0.03587538003921509,0.0001,154072
7339,3849,0.05,8.47926694,160,616476,84.0,0.2563523054122925,0.0001,154093
7340,3850,0.05,8.523109260000002,160,616560,84.0,2.453099489212036,0.0001,154114
7341,3851,0.05,8.584246290000001,160,616644,84.0,0.06498127430677414,0.0001,154135
7342,3851,0.05,8.64006951,160,616728,84.0,0.04757475107908249,0.0001,154156
7343,3852,0.05,8.742013620000002,160,616812,84.0,0.036313362419605255,0.0001,154177
7344,3852,0.05,8.65984561,160,616896,84.0,0.05912343040108681,0.0001,154198
7345,3853,0.05,8.60626535,160,616980,84.0,7.347428321838379,0.0001,154219
7346,3854,0.05,8.6299345,160,617064,84.0,0.061770062893629074,0.0001,154240
7347,3854,0.05,8.72223291,160,617148,84.0,2.568749189376831,0.0001,154261
7348,3855,0.05,8.64108197,160,617232,84.0,0.019836843013763428,0.0001,154282
7349,3855,0.05,8.58021731,160,617316,84.0,2.517275810241699,0.0001,154303
7350,3856,0.05,8.58654042,160,617400,84.0,0.03193776309490204,0.0001,154324
7351,3856,0.05,8.641546570000001,160,617484,84.0,0.05677914619445801,0.0001,154345
7352,3857,0.05,8.647649040000001,160,617568,84.0,0.11756712198257446,0.0001,154366
7353,3857,0.05,8.65557435,160,617652,84.0,0.08379209041595459,0.0001,154387
7354,3858,0.05,8.61946164,160,617736,84.0,0.05140159651637077,0.0001,154408
7355,3859,0.05,8.646653300000002,160,617820,84.0,2.7070870399475098,0.0001,154429
7356,3859,0.05,8.645932610000001,160,617904,84.0,0.02684522420167923,0.0001,154450
7357,3860,0.05,8.669393130000001,160,617988,84.0,0.039149485528469086,0.0001,154471
7358,3860,0.05,8.67959798,160,618072,84.0,2.4257216453552246,0.0001,154492
7359,3861,0.05,8.60199778,160,618156,84.0,0.051049016416072845,0.0001,154513
7360,3862,0.05,8.719653110000001,160,618240,84.0,2.4035494327545166,0.0001,154534
7361,3862,0.05,8.802065570000002,160,618324,84.0,2.5039048194885254,0.0001,154555
7362,3863,0.05,8.77314978,160,618408,84.0,0.022963279858231544,0.0001,154576
7363,3863,0.05,8.77566428,160,618492,84.0,2.486755609512329,0.0001,154597
7364,3864,0.05,8.853792500000003,160,618576,84.0,2.5099472999572754,0.0001,154618
7365,3865,0.05,8.854973750000001,160,618660,84.0,2.3923072814941406,0.0001,154639
7366,3865,0.05,8.8644499,160,618744,84.0,0.051041848957538605,0.0001,154660
7367,3866,0.05,8.8766903,160,618828,84.0,0.06517001986503601,0.0001,154681
7368,3867,0.05,8.86658368,160,618912,84.0,2.4779632091522217,0.0001,154702
7369,3867,0.05,8.82825155,160,618996,84.0,4.750494003295898,0.0001,154723
7370,3868,0.05,8.81138586,160,619080,84.0,2.440481662750244,0.0001,154744
7371,3869,0.05,8.72170472,160,619164,84.0,0.07568459212779999,0.0001,154765
7372,3869,0.05,8.748072089999999,160,619248,84.0,2.447866439819336,0.0001,154786
7373,3870,0.05,8.69801812,160,619332,84.0,0.09513908624649048,0.0001,154807
7374,3871,0.05,8.68574517,160,619416,84.0,0.05521852523088455,0.0001,154828
7375,3871,0.05,8.59912443,160,619500,84.0,2.371519088745117,0.0001,154849
7376,3872,0.05,8.63090859,160,619584,84.0,0.03965100646018982,0.0001,154870
7377,3872,0.05,8.59125088,159,619668,84.0,0.06572386622428894,0.0001,154891
7378,3873,0.05,8.70887022,159,619752,84.0,2.5317468643188477,0.0001,154912
7379,3874,0.05,8.69084126,159,619836,84.0,0.10554111748933792,0.0001,154933
7380,3874,0.05,8.6937524,159,619920,84.0,0.04742767661809921,0.0001,154954
7381,3875,0.05,8.670143329999998,159,620004,84.0,0.1417578160762787,0.0001,154975
7382,3876,0.05,8.69274482,159,620088,84.0,0.04714284837245941,0.0001,154996
7383,3876,0.05,8.721735959999997,159,620172,84.0,0.05718005448579788,0.0001,155017
7384,3877,0.05,8.71445947,159,620256,84.0,2.8158228397369385,0.0001,155038
7385,3877,0.05,8.750154579999998,159,620340,84.0,0.05371524393558502,0.0001,155059
7386,3878,0.05,8.72857729,159,620424,84.0,0.07525879144668579,0.0001,155080
7387,3878,0.05,8.87005541,159,620508,84.0,4.732421398162842,0.0001,155101
7388,3879,0.05,8.866862730000001,159,620592,84.0,0.04472564905881882,0.0001,155122
7389,3879,0.05,8.86702356,159,620676,84.0,2.3480753898620605,0.0001,155143
7390,3880,0.05,8.88114201,159,620760,84.0,2.4181783199310303,0.0001,155164
7391,3881,0.05,8.797592680000001,159,620844,84.0,2.5284388065338135,0.0001,155185
7392,3881,0.05,8.77573314,159,620928,84.0,4.853249549865723,0.0001,155206
7393,3882,0.05,8.9125461,159,621012,84.0,2.44854474067688,0.0001,155227
7394,3882,0.05,9.011542209999998,159,621096,84.0,0.05705597996711731,0.0001,155248
7395,3883,0.05,8.93196554,159,621180,84.0,0.035091955214738846,0.0001,155269
7396,3884,0.05,8.954456020000002,159,621264,84.0,2.4533190727233887,0.0001,155290
7397,3884,0.05,8.999972009999999,159,621348,84.0,0.09336481988430023,0.0001,155311
7398,3885,0.05,8.86471759,159,621432,84.0,0.029173322021961212,0.0001,155332
7399,3886,0.05,8.86861938,159,621516,84.0,2.360832929611206,0.0001,155353
7400,3886,0.05,8.88181556,159,621600,84.0,0.041812777519226074,0.0001,155374
7401,3887,0.05,8.9648326,159,621684,84.0,0.03711092472076416,0.0001,155395
7402,3887,0.05,8.97373191,159,621768,84.0,2.4281370639801025,0.0001,155416
7403,3888,0.05,8.96355428,159,621852,84.0,0.0528818815946579,0.0001,155437
7404,3889,0.05,9.02334476,159,621936,84.0,0.11763407289981842,0.0001,155458
7405,3889,0.05,9.022234540000001,159,622020,84.0,0.0512205995619297,0.0001,155479
7406,3890,0.05,8.878558969999998,159,622104,84.0,0.03812585771083832,0.0001,155500
7407,3890,0.05,8.75204076,159,622188,84.0,0.08688385039567947,0.0001,155521
7408,3891,0.05,8.744477499999999,159,622272,84.0,0.1072583720088005,0.0001,155542
7409,3891,0.05,8.85106345,159,622356,84.0,0.06448621302843094,0.0001,155563
7410,3892,0.05,8.872487119999999,159,622440,84.0,0.09103209525346756,0.0001,155584
7411,3892,0.05,8.86221538,159,622524,84.0,0.0851704329252243,0.0001,155605
7412,3893,0.05,8.82066735,159,622608,84.0,0.028670893982052803,0.0001,155626
7413,3894,0.05,8.8676157,159,622692,84.0,2.4139199256896973,0.0001,155647
7414,3894,0.05,8.87827896,159,622776,84.0,0.08802330493927002,0.0001,155668
7415,3895,0.05,8.98784541,159,622860,84.0,2.4077415466308594,0.0001,155689
7416,3895,0.05,8.95386204,159,622944,84.0,0.04059543460607529,0.0001,155710
7417,3896,0.05,8.98046504,159,623028,84.0,0.13502547144889832,0.0001,155731
7418,3897,0.05,8.971978609999999,159,623112,84.0,2.396637439727783,0.0001,155752
7419,3897,0.05,8.927002139999999,159,623196,84.0,2.443295478820801,0.0001,155773
7420,3898,0.05,8.886961969999998,159,623280,84.0,2.3828091621398926,0.0001,155794
7421,3898,0.05,8.922377879999999,159,623364,84.0,0.05725698173046112,0.0001,155815
7422,3899,0.05,8.90311738,159,623448,84.0,0.06431400775909424,0.0001,155836
7423,3899,0.05,8.901739379999999,159,623532,84.0,0.05359138548374176,0.0001,155857
7424,3900,0.05,8.91466852,159,623616,84.0,0.037130214273929596,0.0001,155878
7425,3900,0.05,8.94263415,159,623700,84.0,2.4949114322662354,0.0001,155899
7426,3901,0.05,8.88769141,159,623784,84.0,2.3867697715759277,0.0001,155920
7427,3901,0.05,8.87347947,159,623868,84.0,0.07698144763708115,0.0001,155941
7428,3902,0.05,8.861835730000001,159,623952,84.0,0.0468767024576664,0.0001,155962
7429,3902,0.05,8.947896689999999,159,624036,84.0,2.362670421600342,0.0001,155983
7430,3903,0.05,9.02440804,159,624120,84.0,0.045816801488399506,0.0001,156004
7431,3904,0.05,9.029244560000002,159,624204,84.0,2.3181939125061035,0.0001,156025
7432,3904,0.05,9.011067430000002,159,624288,84.0,0.027215871959924698,0.0001,156046
7433,3905,0.05,9.053181470000002,159,624372,84.0,0.04775005578994751,0.0001,156067
7434,3906,0.05,8.972497820000001,159,624456,84.0,0.03690245747566223,0.0001,156088
7435,3906,0.05,9.0318418,159,624540,84.0,0.11015968769788742,0.0001,156109
7436,3907,0.05,9.003638129999999,159,624624,84.0,0.1777939349412918,0.0001,156130
7437,3907,0.05,9.03230319,159,624708,84.0,0.0742349922657013,0.0001,156151
7438,3908,0.05,8.990779719999999,159,624792,84.0,2.506950616836548,0.0001,156172
7439,3909,0.05,9.04894092,159,624876,84.0,2.406073570251465,0.0001,156193
7440,3909,0.05,9.00819482,159,624960,84.0,2.3772873878479004,0.0001,156214
7441,3910,0.05,8.9600429,159,625044,84.0,2.470151901245117,0.0001,156235
7442,3911,0.05,8.83386073,159,625128,84.0,2.437749147415161,0.0001,156256
7443,3911,0.05,8.755336510000001,159,625212,84.0,0.05772772431373596,0.0001,156277
7444,3912,0.05,8.811624420000001,159,625296,84.0,0.03053874708712101,0.0001,156298
7445,3912,0.05,8.81641999,159,625380,84.0,0.1679079383611679,0.0001,156319
7446,3913,0.05,8.8023107,159,625464,84.0,0.06625000387430191,0.0001,156340
7447,3914,0.05,8.80921775,159,625548,84.0,2.328186511993408,0.0001,156361
7448,3914,0.05,8.790467240000002,159,625632,84.0,0.07317063212394714,0.0001,156382
7449,3915,0.05,8.91685775,159,625716,84.0,0.05206969380378723,0.0001,156403
7450,3916,0.05,8.89960725,159,625800,84.0,0.03544040769338608,0.0001,156424
7451,3916,0.05,8.8436235,159,625884,84.0,0.1583167314529419,0.0001,156445
7452,3917,0.05,8.84698615,159,625968,84.0,0.06429696083068848,0.0001,156466
7453,3917,0.05,8.746128370000001,159,626052,84.0,0.07807811349630356,0.0001,156487
7454,3918,0.05,8.77381533,159,626136,84.0,0.04488073289394379,0.0001,156508
7455,3919,0.05,8.739879969999999,159,626220,84.0,0.030315812677145004,0.0001,156529
7456,3920,0.05,8.699806399999998,159,626304,84.0,2.4121909141540527,0.0001,156550
7457,3921,0.05,8.6590883,159,626388,84.0,0.11907808482646942,0.0001,156571
7458,3921,0.05,8.637901870000002,159,626472,84.0,0.10711072385311127,0.0001,156592
7459,3922,0.05,8.640856880000001,159,626556,84.0,0.07744090259075165,0.0001,156613
7460,3922,0.05,8.52985114,159,626640,84.0,0.03934204578399658,0.0001,156634
7461,3923,0.05,8.50062046,159,626724,84.0,0.04818563908338547,0.0001,156655
7462,3923,0.05,8.51015963,159,626808,84.0,2.4870309829711914,0.0001,156676
7463,3924,0.05,8.557637369999998,159,626892,84.0,2.3934128284454346,0.0001,156697
7464,3925,0.05,8.51604736,159,626976,84.0,0.03198220208287239,0.0001,156718
7465,3925,0.05,8.50922771,159,627060,84.0,2.377281904220581,0.0001,156739
7466,3926,0.05,8.509942559999999,159,627144,84.0,0.05599723011255264,0.0001,156760
7467,3926,0.05,8.450752549999999,159,627228,84.0,0.025611037388443947,0.0001,156781
7468,3927,0.05,8.421016439999999,159,627312,84.0,2.5465006828308105,0.0001,156802
7469,3928,0.05,8.448792019999999,159,627396,84.0,4.92218017578125,0.0001,156823
7470,3928,0.05,8.454013409999998,159,627480,84.0,4.868847846984863,0.0001,156844
7471,3929,0.05,8.54563322,159,627564,84.0,0.17605221271514893,0.0001,156865
7472,3930,0.05,8.505509959999998,159,627648,84.0,2.4169321060180664,0.0001,156886
7473,3930,0.05,8.540416679999998,159,627732,84.0,0.07272656261920929,0.0001,156907
7474,3931,0.05,8.46211627,159,627816,84.0,2.404611110687256,0.0001,156928
7475,3931,0.05,8.571773109999999,159,627900,84.0,0.10425733029842377,0.0001,156949
7476,3932,0.05,8.580494159999999,159,627984,84.0,2.6569595336914062,0.0001,156970
7477,3933,0.05,8.5725525,159,628068,84.0,4.744292259216309,0.0001,156991
7478,3933,0.05,8.508076030000002,159,628152,84.0,0.0439438670873642,0.0001,157012
7479,3934,0.05,8.4402854,159,628236,84.0,4.71373176574707,0.0001,157033
7480,3935,0.05,8.5906238,159,628320,84.0,0.0392737090587616,0.0001,157054
7481,3935,0.05,8.603369019999999,159,628404,84.0,0.0614178404211998,0.0001,157075
7482,3936,0.05,8.599610649999999,159,628488,84.0,0.03232002258300781,0.0001,157096
7483,3936,0.05,8.65955965,159,628572,84.0,2.4130356311798096,0.0001,157117
7484,3937,0.05,8.67097351,159,628656,84.0,0.0501350499689579,0.0001,157138
7485,3938,0.05,8.618342759999999,159,628740,84.0,0.04337508976459503,0.0001,157159
7486,3939,0.05,8.54641461,159,628824,84.0,0.0341329351067543,0.0001,157180
7487,3939,0.05,8.33956746,159,628908,84.0,2.3741202354431152,0.0001,157201
7488,3940,0.05,8.33472541,159,628992,84.0,2.4579501152038574,0.0001,157222
7489,3941,0.05,8.278393920000001,159,629076,84.0,0.10846017301082611,0.0001,157243
7490,3942,0.05,8.290755370000001,159,629160,84.0,0.12498853355646133,0.0001,157264
7491,3942,0.05,8.28353443,159,629244,84.0,0.03438683971762657,0.0001,157285
7492,3943,0.05,8.28368903,159,629328,84.0,0.03895837813615799,0.0001,157306
7493,3943,0.05,8.17110204,159,629412,84.0,0.03135218098759651,0.0001,157327
7494,3944,0.05,8.08613177,159,629496,84.0,0.0725274309515953,0.0001,157348
7495,3945,0.05,8.089914570000001,159,629580,84.0,0.06435456871986389,0.0001,157369
7496,3945,0.05,8.08081081,159,629664,84.0,0.026913635432720184,0.0001,157390
7497,3946,0.05,8.08432784,159,629748,84.0,0.045204974710941315,0.0001,157411
7498,3947,0.05,8.16488872,159,629832,84.0,0.057239897549152374,0.0001,157432
7499,3947,0.05,8.21089212,159,629916,84.0,2.368846893310547,0.0001,157453
7500,3948,0.05,8.180181170000001,159,630000,84.0,2.594512939453125,0.0001,157474
7501,3949,0.05,8.084770010000002,159,630084,84.0,0.11515235900878906,0.0001,157495
7502,3949,0.05,8.065343130000002,159,630168,84.0,4.6053972244262695,0.0001,157516
7503,3950,0.05,8.097152370000002,159,630252,84.0,2.4051387310028076,0.0001,157537
7504,3951,0.05,8.077491460000001,159,630336,84.0,2.4359898567199707,0.0001,157558
7505,3951,0.05,8.072444320000002,159,630420,84.0,2.343036651611328,0.0001,157579
7506,3952,0.05,8.04387104,159,630504,84.0,2.449791431427002,0.0001,157600
7507,3952,0.05,8.235951200000002,159,630588,84.0,2.334075927734375,0.0001,157621
7508,3953,0.05,8.23958927,159,630672,84.0,0.10694027692079544,0.0001,157642
7509,3954,0.05,8.08584206,159,630756,84.0,0.05057479068636894,0.0001,157663
7510,3954,0.05,8.06982101,159,630840,84.0,0.06198491156101227,0.0001,157684
7511,3955,0.05,8.01029147,159,630924,84.0,0.11583904176950455,0.0001,157705
7512,3956,0.05,8.058939119999998,159,631008,84.0,2.412353038787842,0.0001,157726
7513,3956,0.05,8.02955938,159,631092,84.0,0.07261745631694794,0.0001,157747
7514,3957,0.05,7.987064749999999,159,631176,84.0,2.4134953022003174,0.0001,157768
7515,3958,0.05,7.97601625,159,631260,84.0,0.048327501863241196,0.0001,157789
7516,3958,0.05,8.04359307,159,631344,84.0,2.490764617919922,0.0001,157810
7517,3959,0.05,8.01996215,159,631428,84.0,0.01717873476445675,0.0001,157831
7518,3960,0.05,8.01517091,159,631512,84.0,2.451155662536621,0.0001,157852
7519,3960,0.05,8.034318449999999,159,631596,84.0,0.03595909848809242,0.0001,157873
7520,3961,0.05,8.02988507,159,631680,84.0,0.08994802832603455,0.0001,157894
7521,3962,0.05,8.05858248,159,631764,84.0,0.05631571635603905,0.0001,157915
7522,3963,0.05,8.08334511,159,631848,84.0,0.017191126942634583,0.0001,157936
7523,3963,0.05,8.03749121,159,631932,84.0,0.03464754670858383,0.0001,157957
7524,3964,0.05,8.019388479999998,159,632016,84.0,2.5637407302856445,0.0001,157978
7525,3965,0.05,8.0052581,159,632100,84.0,4.927243232727051,0.0001,157999
7526,3966,0.05,8.039170050000001,159,632184,84.0,0.05400799959897995,0.0001,158020
7527,3966,0.05,8.00932052,159,632268,84.0,0.08508482575416565,0.0001,158041
7528,3967,0.05,8.01925785,159,632352,84.0,0.024765904992818832,0.0001,158062
7529,3968,0.05,8.01391908,159,632436,84.0,0.06399001181125641,0.0001,158083
7530,3968,0.05,7.912330460000001,159,632520,84.0,5.031796932220459,0.0001,158104
7531,3969,0.05,7.85601424,159,632604,84.0,4.661085605621338,0.0001,158125
7532,3970,0.05,7.858287460000001,159,632688,84.0,2.4012763500213623,0.0001,158146
7533,3970,0.05,7.84615583,159,632772,84.0,0.061696767807006836,0.0001,158167
7534,3971,0.05,7.836308920000001,159,632856,84.0,0.06521058082580566,0.0001,158188
7535,3972,0.05,7.830232120000001,159,632940,84.0,0.052736859768629074,0.0001,158209
7536,3972,0.05,7.878638310000001,159,633024,84.0,0.06682199984788895,0.0001,158230
7537,3973,0.05,7.83633522,159,633108,84.0,0.05654497444629669,0.0001,158251
7538,3974,0.05,7.874496499999999,159,633192,84.0,0.0511883869767189,0.0001,158272
7539,3974,0.05,7.842811499999999,159,633276,84.0,0.03946339339017868,0.0001,158293
7540,3975,0.05,7.975684179999998,159,633360,84.0,0.08124623447656631,0.0001,158314
7541,3975,0.05,7.973109869999998,159,633444,84.0,4.734306812286377,0.0001,158335
7542,3976,0.05,7.991624919999998,159,633528,84.0,0.09865649044513702,0.0001,158356
7543,3977,0.05,7.983365649999999,159,633612,84.0,0.080952949821949,0.0001,158377
7544,3977,0.05,7.9763128499999985,159,633696,84.0,0.10262958705425262,0.0001,158398
7545,3978,0.05,8.006276699999999,159,633780,84.0,0.04566066339612007,0.0001,158419
7546,3979,0.05,8.017011219999999,159,633864,84.0,0.047779910266399384,0.0001,158440
7547,3979,0.05,7.96914309,159,633948,84.0,0.05169088393449783,0.0001,158461
7548,3980,0.05,7.96086607,159,634032,84.0,0.03982693701982498,0.0001,158482
7549,3981,0.05,7.83558949,159,634116,84.0,2.4755496978759766,0.0001,158503
7550,3981,0.05,7.8330458,159,634200,84.0,0.05849819257855415,0.0001,158524
7551,3982,0.05,7.862258900000001,159,634284,84.0,2.4218177795410156,0.0001,158545
7552,3983,0.05,7.87578203,159,634368,84.0,0.03330429643392563,0.0001,158566
7553,3983,0.05,7.9451627600000005,159,634452,84.0,0.0693734809756279,0.0001,158587
7554,3984,0.05,7.944824680000002,159,634536,84.0,0.030141498893499374,0.0001,158608
7555,3985,0.05,7.903608880000003,159,634620,84.0,0.043019190430641174,0.0001,158629
7556,3985,0.05,7.919383580000001,159,634704,84.0,0.062268562614917755,0.0001,158650
7557,3986,0.05,7.9217651400000015,159,634788,84.0,2.407109498977661,0.0001,158671
7558,3987,0.05,7.91752158,159,634872,84.0,2.5787806510925293,0.0001,158692
7559,3988,0.05,7.978606880000001,159,634956,84.0,2.4047887325286865,0.0001,158713
7560,3988,0.05,8.006528650000002,159,635040,84.0,0.03533066436648369,0.0001,158734
7561,3989,0.05,8.06219246,159,635124,84.0,0.03424868360161781,0.0001,158755
7562,3990,0.05,7.98755604,159,635208,84.0,0.046721212565898895,0.0001,158776
7563,3990,0.05,7.907955100000001,159,635292,84.0,7.458697319030762,0.0001,158797
7564,3991,0.05,7.92462361,159,635376,84.0,0.059372853487730026,0.0001,158818
7565,3992,0.05,7.89535436,159,635460,84.0,2.513390064239502,0.0001,158839
7566,3993,0.05,7.91782098,159,635544,84.0,0.07633134722709656,0.0001,158860
7567,3994,0.05,7.980210179999999,159,635628,84.0,0.07182241231203079,0.0001,158881
7568,3995,0.05,8.048121470000002,159,635712,84.0,0.011662108823657036,0.0001,158902
7569,3996,0.05,8.02529903,159,635796,84.0,0.09226773679256439,0.0001,158923
7570,3997,0.05,8.01709419,159,635880,84.0,0.03440472483634949,0.0001,158944
7571,3997,0.05,7.9629954199999995,159,635964,84.0,2.422640085220337,0.0001,158965
7572,3998,0.05,7.980552479999999,159,636048,84.0,0.03521274775266647,0.0001,158986
7573,3999,0.05,8.0701663,159,636132,84.0,2.4903697967529297,0.0001,159007
7574,4000,0.05,8.09683956,159,636216,84.0,0.09122403711080551,0.0001,159028
7575,4001,0.05,8.08472692,159,636300,84.0,0.02367550879716873,0.0001,159049
7576,4002,0.05,8.07090056,158,636384,84.0,0.026868760585784912,0.0001,159070
7577,4003,0.05,8.075905380000002,158,636468,84.0,0.08391745388507843,0.0001,159091
7578,4004,0.05,8.11971246,158,636552,84.0,0.07053845375776291,0.0001,159112
7579,4004,0.05,8.164510790000001,158,636636,84.0,0.04948905482888222,0.0001,159133
7580,4005,0.05,8.06140942,158,636720,84.0,2.561114549636841,0.0001,159154
7581,4006,0.05,8.16079454,158,636804,84.0,0.0821835994720459,0.0001,159175
7582,4007,0.05,8.183703219999998,158,636888,84.0,2.4174506664276123,0.0001,159196
7583,4007,0.05,8.12177415,158,636972,84.0,0.055141303688287735,0.0001,159217
7584,4008,0.05,8.19174505,158,637056,84.0,0.04430355876684189,0.0001,159238
7585,4009,0.05,8.209418860000001,158,637140,84.0,2.2501659393310547,0.0001,159259
7586,4009,0.05,8.2762264,158,637224,84.0,0.07264794409275055,0.0001,159280
7587,4010,0.05,8.32186304,158,637308,84.0,2.3953073024749756,0.0001,159301
7588,4011,0.05,8.33755181,158,637392,84.0,4.808657169342041,0.0001,159322
7589,4012,0.05,8.369706890000002,158,637476,84.0,0.06573666632175446,0.0001,159343
7590,4012,0.05,8.350563970000001,158,637560,84.0,0.0430787093937397,0.0001,159364
7591,4013,0.05,8.342207929999999,158,637644,84.0,0.07602165639400482,0.0001,159385
7592,4014,0.05,8.38129485,158,637728,84.0,0.07721278071403503,0.0001,159406
7593,4015,0.05,8.355834649999998,158,637812,84.0,0.027097515761852264,0.0001,159427
7594,4015,0.05,8.247992519999999,158,637896,84.0,0.03325335681438446,0.0001,159448
7595,4016,0.05,8.22245689,158,637980,84.0,0.08924511075019836,0.0001,159469
7596,4017,0.05,8.36871114,158,638064,84.0,0.10718127340078354,0.0001,159490
7597,4018,0.05,8.37954757,158,638148,84.0,0.0463852733373642,0.0001,159511
7598,4019,0.05,8.417481380000002,158,638232,84.0,4.802469730377197,0.0001,159532
7599,4019,0.05,8.379285090000002,158,638316,84.0,0.15292857587337494,0.0001,159553
7600,4020,0.05,8.43582371,158,638400,84.0,0.06316184997558594,0.0001,159574
7601,4021,0.05,8.473498720000002,158,638484,84.0,2.3058764934539795,0.0001,159595
7602,4022,0.05,8.46394829,158,638568,84.0,0.1051940843462944,0.0001,159616
7603,4023,0.05,8.43681072,158,638652,84.0,4.810070037841797,0.0001,159637
7604,4024,0.05,8.44184686,158,638736,84.0,0.07588602602481842,0.0001,159658
7605,4025,0.05,8.429019420000001,158,638820,84.0,2.376441240310669,0.0001,159679
7606,4025,0.05,8.43297662,158,638904,84.0,5.119292736053467,0.0001,159700
7607,4026,0.05,8.319195409999999,158,638988,84.0,2.400825262069702,0.0001,159721
7608,4027,0.05,8.23298668,158,639072,84.0,0.035652417689561844,0.0001,159742
7609,4028,0.05,8.270823819999999,158,639156,84.0,0.15093255043029785,0.0001,159763
7610,4029,0.05,8.185179519999998,158,639240,84.0,0.08435077965259552,0.0001,159784
7611,4030,0.05,8.12305436,158,639324,84.0,0.034212857484817505,0.0001,159805
7612,4031,0.05,8.12413996,158,639408,84.0,0.047207269817590714,0.0001,159826
7613,4032,0.05,8.1506844,158,639492,84.0,2.4572396278381348,0.0001,159847
7614,4033,0.05,8.15174857,158,639576,84.0,0.05392053723335266,0.0001,159868
7615,4035,0.05,8.10113568,158,639660,84.0,0.1266508847475052,0.0001,159889
7616,4036,0.05,8.17956156,158,639744,84.0,0.048454463481903076,0.0001,159910
7617,4037,0.05,8.19882659,158,639828,84.0,0.03876740485429764,0.0001,159931
7618,4038,0.05,8.18232166,158,639912,84.0,0.0521024651825428,0.0001,159952
7619,4039,0.05,8.18418225,158,639996,84.0,0.04155544191598892,0.0001,159973
7620,4040,0.05,8.21932674,158,640080,84.0,0.06121261790394783,0.0001,159994
7621,4041,0.05,8.15615109,158,640164,84.0,0.07522577792406082,0.0001,160015
7622,4043,0.05,8.1436332,158,640248,84.0,0.06906454265117645,0.0001,160036
7623,4044,0.05,8.17640473,158,640332,84.0,0.09454382956027985,0.0001,160057
7624,4045,0.05,8.18596312,158,640416,84.0,2.405550241470337,0.0001,160078
7625,4046,0.05,8.19089461,158,640500,84.0,0.0625622421503067,0.0001,160099
7626,4047,0.05,8.1816305,158,640584,84.0,0.06527923047542572,0.0001,160120
7627,4048,0.05,8.25633678,158,640668,84.0,2.456976890563965,0.0001,160141
7628,4049,0.05,8.28764432,158,640752,84.0,2.44327449798584,0.0001,160162
7629,4051,0.05,8.25252617,158,640836,84.0,4.674513816833496,0.0001,160183
7630,4053,0.05,8.29132273,158,640920,84.0,4.891417026519775,0.0001,160204
7631,4054,0.05,8.34930088,158,641004,84.0,0.05609024316072464,0.0001,160225
7632,4055,0.05,8.3558471,158,641088,84.0,0.07764466106891632,0.0001,160246
7633,4057,0.05,8.55720457,158,641172,84.0,0.02863335981965065,0.0001,160267
7634,4058,0.05,8.53005737,158,641256,84.0,0.055540911853313446,0.0001,160288
7635,4060,0.05,8.54651411,157,641340,84.0,2.361220359802246,0.0001,160309
7636,4062,0.05,8.495690100000001,157,641424,84.0,0.07073711603879929,0.0001,160330
7637,4064,0.05,8.533847110000002,157,641508,84.0,0.05928490310907364,0.0001,160351
7638,4066,0.05,8.4872475,157,641592,84.0,2.561697006225586,0.0001,160372
7639,4068,0.05,8.500346640000002,157,641676,84.0,0.09984808415174484,0.0001,160393
7640,4069,0.05,8.380177770000001,157,641760,84.0,0.1131255179643631,0.0001,160414
7641,4071,0.05,8.43625433,157,641844,84.0,0.08288818597793579,0.0001,160435
7642,4072,0.05,8.42393842,157,641928,84.0,0.035343654453754425,0.0001,160456
7643,4073,0.05,8.46607938,157,642012,84.0,2.3984405994415283,0.0001,160477
7644,4074,0.05,8.47505626,157,642096,84.0,0.0828239694237709,0.0001,160498
7645,4075,0.05,8.49471888,157,642180,84.0,0.06494924426078796,0.0001,160519
7646,4076,0.05,8.437324620000002,157,642264,84.0,0.046226855367422104,0.0001,160540
7647,4078,0.05,8.33593507,157,642348,84.0,2.2853667736053467,0.0001,160561
7648,4079,0.05,8.34822484,157,642432,84.0,0.06629553437232971,0.0001,160582
7649,4081,0.05,8.394664059999998,157,642516,84.0,0.0629258081316948,0.0001,160603
7650,4082,0.05,8.41632683,157,642600,84.0,0.07576145231723785,0.0001,160624
7651,4084,0.05,8.41262375,157,642684,84.0,0.06481572985649109,0.0001,160645
7652,4085,0.05,8.37299921,157,642768,84.0,0.07063502073287964,0.0001,160666
7653,4087,0.05,8.41223433,157,642852,84.0,0.09135103225708008,0.0001,160687
7654,4088,0.05,8.404413360000001,157,642936,84.0,0.028407765552401543,0.0001,160708
7655,4090,0.05,8.423271280000002,157,643020,84.0,2.4250922203063965,0.0001,160729
7656,4091,0.05,8.448091280000002,157,643104,84.0,2.5892586708068848,0.0001,160750
7657,4092,0.05,8.422704140000002,157,643188,84.0,0.05105337128043175,0.0001,160771
7658,4094,0.05,8.540053770000002,157,643272,84.0,0.0635640025138855,0.0001,160792
7659,4095,0.05,8.53923926,157,643356,84.0,2.410003900527954,0.0001,160813
7660,4097,0.05,8.52916962,157,643440,84.0,0.049446675926446915,0.0001,160834
7661,4098,0.05,8.48690891,157,643524,84.0,2.3356666564941406,0.0001,160855
7662,4100,0.05,8.53325135,156,643608,84.0,2.30230712890625,0.0001,160876
7663,4101,0.05,8.5314671,156,643692,84.0,0.06572820246219635,0.0001,160897
7664,4102,0.05,8.55021084,156,643776,84.0,4.941527366638184,0.0001,160918
7665,4104,0.05,8.60058063,156,643860,84.0,2.420983076095581,0.0001,160939
7666,4106,0.05,8.60513473,156,643944,84.0,0.051030971109867096,0.0001,160960
7667,4107,0.05,8.550892919999999,156,644028,84.0,2.430799961090088,0.0001,160981
7668,4108,0.05,8.48583893,156,644112,84.0,0.03779630362987518,0.0001,161002
7669,4110,0.05,8.50152188,156,644196,84.0,0.04745229333639145,0.0001,161023
7670,4111,0.05,8.48555177,156,644280,84.0,4.882754325866699,0.0001,161044
7671,4112,0.05,8.537178220000001,156,644364,84.0,0.11336220800876617,0.0001,161065
7672,4114,0.05,8.59197673,156,644448,84.0,4.768634796142578,0.0001,161086
7673,4115,0.05,8.49838959,156,644532,84.0,0.030704233795404434,0.0001,161107
7674,4116,0.05,8.55583684,156,644616,84.0,2.395289421081543,0.0001,161128
7675,4118,0.05,8.54641314,156,644700,84.0,0.05639462172985077,0.0001,161149
7676,4119,0.05,8.5436148,156,644784,84.0,2.187202215194702,0.0001,161170
7677,4121,0.05,8.5673725,156,644868,84.0,0.048014167696237564,0.0001,161191
7678,4122,0.05,8.561206550000001,156,644952,84.0,0.042674046009778976,0.0001,161212
7679,4124,0.05,8.557346079999999,156,645036,84.0,2.4427075386047363,0.0001,161233
7680,4126,0.05,8.580502630000002,156,645120,84.0,0.03793288767337799,0.0001,161254
7681,4127,0.05,8.45499941,156,645204,84.0,0.040614452213048935,0.0001,161275
7682,4128,0.05,8.44857777,156,645288,84.0,0.10360601544380188,0.0001,161296
7683,4129,0.05,8.470676239999998,156,645372,84.0,0.049210384488105774,0.0001,161317
7684,4131,0.05,8.300703259999999,156,645456,84.0,0.03182540088891983,0.0001,161338
7685,4132,0.05,8.285980379999998,156,645540,84.0,2.4537084102630615,0.0001,161359
7686,4133,0.05,8.33749383,156,645624,84.0,0.037807710468769073,0.0001,161380
7687,4135,0.05,8.31273049,156,645708,84.0,0.05493098497390747,0.0001,161401
7688,4136,0.05,8.28780034,156,645792,84.0,2.5991666316986084,0.0001,161422
7689,4137,0.05,8.29075515,156,645876,84.0,2.316373825073242,0.0001,161443
7690,4139,0.05,8.28851936,156,645960,84.0,2.5379021167755127,0.0001,161464
7691,4140,0.05,8.26187099,156,646044,84.0,0.09358756989240646,0.0001,161485
7692,4141,0.05,8.243546229999998,156,646128,84.0,0.02917441911995411,0.0001,161506
7693,4142,0.05,8.213119189999999,155,646212,84.0,0.16397708654403687,0.0001,161527
7694,4143,0.05,8.24843168,155,646296,84.0,0.09549909830093384,0.0001,161548
7695,4145,0.05,8.30220598,155,646380,84.0,0.059116337448358536,0.0001,161569
7696,4146,0.05,8.166624079999998,155,646464,84.0,0.0416511632502079,0.0001,161590
7697,4147,0.05,8.149444019999999,155,646548,84.0,2.3147363662719727,0.0001,161611
7698,4148,0.05,8.08966407,155,646632,84.0,2.329575777053833,0.0001,161632
7699,4149,0.05,8.10104609,155,646716,84.0,2.466578960418701,0.0001,161653
7700,4151,0.05,8.060798749999998,155,646800,84.0,2.3855936527252197,0.0001,161674
7701,4152,0.05,8.047074519999999,155,646884,84.0,0.04980365186929703,0.0001,161695
7702,4153,0.05,8.13249136,155,646968,84.0,2.2959978580474854,0.0001,161716
7703,4154,0.05,8.12942148,155,647052,84.0,0.0393909253180027,0.0001,161737
7704,4156,0.05,8.13863255,155,647136,84.0,0.029568955302238464,0.0001,161758
7705,4157,0.05,8.145902829999999,155,647220,84.0,0.029302723705768585,0.0001,161779
7706,4158,0.05,8.10544899,155,647304,84.0,2.408172130584717,0.0001,161800
7707,4159,0.05,8.054385349999999,155,647388,84.0,2.2699406147003174,0.0001,161821
7708,4160,0.05,8.133506839999999,155,647472,84.0,0.07736976444721222,0.0001,161842
7709,4161,0.05,8.140888799999999,155,647556,84.0,0.05696108192205429,0.0001,161863
7710,4163,0.05,8.231145179999999,155,647640,84.0,0.05065479129552841,0.0001,161884
7711,4164,0.05,8.314625269999999,155,647724,84.0,0.03506668657064438,0.0001,161905
7712,4165,0.05,8.341619699999999,155,647808,84.0,2.3093581199645996,0.0001,161926
7713,4166,0.05,8.3484629,155,647892,84.0,0.05132371932268143,0.0001,161947
7714,4167,0.05,8.368889209999999,155,647976,84.0,2.384615898132324,0.0001,161968
7715,4168,0.05,8.25650108,155,648060,84.0,0.06130341440439224,0.0001,161989
7716,4169,0.05,8.145154699999999,155,648144,84.0,0.09673574566841125,0.0001,162010
7717,4171,0.05,8.16757113,155,648228,84.0,4.665926456451416,0.0001,162031
7718,4172,0.05,8.181694290000001,155,648312,84.0,0.06281997263431549,0.0001,162052
7719,4173,0.05,8.1432126,155,648396,84.0,0.20495295524597168,0.0001,162073
7720,4174,0.05,8.09146488,155,648480,84.0,2.3423726558685303,0.0001,162094
7721,4175,0.05,8.10086499,155,648564,84.0,0.07728438079357147,0.0001,162115
7722,4176,0.05,8.07820613,155,648648,84.0,0.0631025955080986,0.0001,162136
7723,4177,0.05,8.12738165,155,648732,84.0,0.02826649509370327,0.0001,162157
7724,4179,0.05,8.12317894,155,648816,84.0,0.07186521589756012,0.0001,162178
7725,4180,0.05,8.12348012,155,648900,84.0,0.08007027208805084,0.0001,162199
7726,4181,0.05,8.09266512,155,648984,84.0,2.4065518379211426,0.0001,162220
7727,4182,0.05,8.03939328,155,649068,84.0,2.46047306060791,0.0001,162241
7728,4183,0.05,7.99205522,155,649152,84.0,0.055329903960227966,0.0001,162262
7729,4184,0.05,7.93528985,155,649236,84.0,0.06209765002131462,0.0001,162283
7730,4186,0.05,7.92490537,155,649320,84.0,0.04304499179124832,0.0001,162304
7731,4187,0.05,7.981281530000001,155,649404,84.0,2.3858888149261475,0.0001,162325
7732,4188,0.05,7.968512110000002,155,649488,84.0,0.05114910006523132,0.0001,162346
7733,4189,0.05,7.919575390000001,155,649572,84.0,0.04494208097457886,0.0001,162367
7734,4190,0.05,8.026990740000002,155,649656,84.0,0.03623896837234497,0.0001,162388
7735,4191,0.05,8.030851640000002,155,649740,84.0,2.3735504150390625,0.0001,162409
7736,4192,0.05,8.067241310000002,154,649824,84.0,0.04650089144706726,0.0001,162430
7737,4194,0.05,8.049912740000002,154,649908,84.0,2.504209041595459,0.0001,162451
7738,4195,0.05,8.093605470000002,154,649992,84.0,6.907350540161133,0.0001,162472
7739,4196,0.05,8.094737610000003,154,650076,84.0,0.16577322781085968,0.0001,162493
7740,4197,0.05,8.138157800000002,154,650160,84.0,0.07198981940746307,0.0001,162514
7741,4198,0.05,8.05441349,154,650244,84.0,2.2922170162200928,0.0001,162535
7742,4199,0.05,8.095416890000001,154,650328,84.0,0.049322161823511124,0.0001,162556
7743,4201,0.05,8.0731318,154,650412,84.0,2.4788687229156494,0.0001,162577
7744,4202,0.05,8.073886349999999,154,650496,84.0,0.04062049463391304,0.0001,162598
7745,4203,0.05,8.052632410000001,154,650580,84.0,0.19078971445560455,0.0001,162619
7746,4204,0.05,8.108412820000002,154,650664,84.0,4.571301460266113,0.0001,162640
7747,4205,0.05,8.14781154,154,650748,84.0,0.06030604615807533,0.0001,162661
7748,4207,0.05,8.16023015,154,650832,84.0,0.04532952606678009,0.0001,162682
7749,4208,0.05,8.15263493,154,650916,84.0,2.3448004722595215,0.0001,162703
7750,4210,0.05,8.129937210000001,154,651000,84.0,0.0568094365298748,0.0001,162724
7751,4211,0.05,8.144449980000001,154,651084,84.0,0.13753646612167358,0.0001,162745
7752,4212,0.05,8.18591907,154,651168,84.0,0.03457638621330261,0.0001,162766
7753,4214,0.05,8.25296167,154,651252,84.0,4.732673645019531,0.0001,162787
7754,4215,0.05,8.278388590000002,154,651336,84.0,2.3745572566986084,0.0001,162808
7755,4216,0.05,8.2855669,154,651420,84.0,2.285865306854248,0.0001,162829
7756,4218,0.05,8.27035639,154,651504,84.0,0.07738742232322693,0.0001,162850
7757,4219,0.05,8.26231903,154,651588,84.0,0.05131569132208824,0.0001,162871
7758,4220,0.05,8.154548040000002,154,651672,84.0,0.10444766283035278,0.0001,162892
7759,4221,0.05,8.16745061,154,651756,84.0,0.042314402759075165,0.0001,162913
7760,4222,0.05,8.178674270000002,154,651840,84.0,0.09263702481985092,0.0001,162934
7761,4223,0.05,8.199215760000001,154,651924,84.0,4.383374214172363,0.0001,162955
7762,4224,0.05,8.22611321,154,652008,84.0,0.08933649957180023,0.0001,162976
7763,4225,0.05,8.24068501,154,652092,84.0,0.016661930829286575,0.0001,162997
7764,4226,0.05,8.1926197,154,652176,84.0,2.3127799034118652,0.0001,163018
7765,4227,0.05,8.19813187,154,652260,84.0,0.05771404504776001,0.0001,163039
7766,4229,0.05,8.24334438,154,652344,84.0,0.09366123378276825,0.0001,163060
7767,4230,0.05,8.397000890000001,154,652428,84.0,0.05000085011124611,0.0001,163081
7768,4231,0.05,8.42678828,154,652512,84.0,0.044480811804533005,0.0001,163102
7769,4232,0.05,8.43200376,154,652596,84.0,0.06061926484107971,0.0001,163123
7770,4233,0.05,8.410080930000001,154,652680,84.0,0.15933828055858612,0.0001,163144
7771,4234,0.05,8.400633580000001,154,652764,84.0,0.04531482234597206,0.0001,163165
7772,4236,0.05,8.37220568,154,652848,84.0,0.044763077050447464,0.0001,163186
7773,4237,0.05,8.360412590000001,154,652932,84.0,2.413390874862671,0.0001,163207
7774,4238,0.05,8.35236403,154,653016,84.0,0.012112375348806381,0.0001,163228
7775,4239,0.05,8.37162208,154,653100,84.0,0.056350722908973694,0.0001,163249
7776,4240,0.05,8.36412424,154,653184,84.0,0.03590390458703041,0.0001,163270
7777,4241,0.05,8.307565850000001,154,653268,84.0,0.04333311319351196,0.0001,163291
7778,4243,0.05,8.3073359,153,653352,84.0,2.29736328125,0.0001,163312
7779,4244,0.05,8.317861970000001,153,653436,84.0,4.535573959350586,0.0001,163333
7780,4245,0.05,8.32619011,153,653520,84.0,2.3054161071777344,0.0001,163354
7781,4246,0.05,8.380972490000001,153,653604,84.0,0.09516465663909912,0.0001,163375
7782,4247,0.05,8.363472810000001,153,653688,84.0,0.027320608496665955,0.0001,163396
7783,4248,0.05,8.354401420000002,153,653772,84.0,0.042070239782333374,0.0001,163417
7784,4250,0.05,8.503708040000001,153,653856,84.0,0.12271954119205475,0.0001,163438
7785,4251,0.05,8.527815850000001,153,653940,84.0,2.4955286979675293,0.0001,163459
7786,4252,0.05,8.376580730000002,153,654024,84.0,2.4648921489715576,0.0001,163480
7787,4253,0.05,8.38716348,153,654108,84.0,0.06165314465761185,0.0001,163501
7788,4254,0.05,8.38541142,153,654192,84.0,4.751241683959961,0.0001,163522
7789,4255,0.05,8.36844175,153,654276,84.0,0.07559390366077423,0.0001,163543
7790,4257,0.05,8.334861400000001,153,654360,84.0,0.04961921647191048,0.0001,163564
7791,4258,0.05,8.28811145,153,654444,84.0,0.06224781274795532,0.0001,163585
7792,4259,0.05,8.30729129,153,654528,84.0,2.4383580684661865,0.0001,163606
7793,4260,0.05,8.3449434,153,654612,84.0,0.05629900097846985,0.0001,163627
7794,4261,0.05,8.50284055,153,654696,84.0,0.12387488782405853,0.0001,163648
7795,4262,0.05,8.47136915,153,654780,84.0,0.06531669199466705,0.0001,163669
7796,4264,0.05,8.41427206,153,654864,84.0,2.359313726425171,0.0001,163690
7797,4265,0.05,8.4653978,153,654948,84.0,4.697973251342773,0.0001,163711
7798,4266,0.05,8.52636027,153,655032,84.0,4.642267227172852,0.0001,163732
7799,4267,0.05,8.493073759999998,153,655116,84.0,2.205932378768921,0.0001,163753
7800,4268,0.05,8.43631717,153,655200,84.0,2.387878894805908,0.0001,163774
7801,4270,0.05,8.43698864,153,655284,84.0,4.8992533683776855,0.0001,163795
7802,4271,0.05,8.468605189999998,153,655368,84.0,0.08338338136672974,0.0001,163816
7803,4272,0.05,8.519592379999999,153,655452,84.0,0.0529797188937664,0.0001,163837
7804,4273,0.05,8.54991025,153,655536,84.0,0.04136741906404495,0.0001,163858
7805,4274,0.05,8.60263068,153,655620,84.0,0.053242944180965424,0.0001,163879
7806,4275,0.05,8.665589500000001,153,655704,84.0,0.1076635792851448,0.0001,163900
7807,4277,0.05,8.733415220000001,153,655788,84.0,0.06423300504684448,0.0001,163921
7808,4278,0.05,8.754536730000002,153,655872,84.0,2.3419742584228516,0.0001,163942
7809,4279,0.05,8.753046880000001,153,655956,84.0,0.037262167781591415,0.0001,163963
7810,4280,0.05,8.762679559999999,153,656040,84.0,0.043422915041446686,0.0001,163984
7811,4281,0.05,8.807828549999998,153,656124,84.0,0.04347023740410805,0.0001,164005
7812,4282,0.05,8.73842604,153,656208,84.0,2.382185935974121,0.0001,164026
7813,4284,0.05,8.721148119999999,153,656292,84.0,0.032620977610349655,0.0001,164047
7814,4285,0.05,8.69876956,153,656376,84.0,0.015839330852031708,0.0001,164068
7815,4286,0.05,8.73633822,153,656460,84.0,2.464604616165161,0.0001,164089
7816,4287,0.05,8.726622510000002,153,656544,84.0,0.031987518072128296,0.0001,164110
7817,4288,0.05,8.673909440000003,153,656628,84.0,0.02419302985072136,0.0001,164131
7818,4289,0.05,8.683793180000002,153,656712,84.0,0.10079357773065567,0.0001,164152
7819,4290,0.05,8.735737080000002,153,656796,84.0,2.4864048957824707,0.0001,164173
7820,4292,0.05,8.77155265,153,656880,84.0,0.026234641671180725,0.0001,164194
7821,4293,0.05,8.81490126,153,656964,84.0,0.028469836339354515,0.0001,164215
7822,4294,0.05,8.81851879,153,657048,84.0,0.04683171212673187,0.0001,164236
7823,4295,0.05,8.77672939,152,657132,84.0,0.06235206872224808,0.0001,164257
7824,4296,0.05,8.7614563,152,657216,84.0,0.035691700875759125,0.0001,164278
7825,4297,0.05,8.736722180000001,152,657300,84.0,0.021053466945886612,0.0001,164299
7826,4299,0.05,8.79410417,152,657384,84.0,0.03010600432753563,0.0001,164320
7827,4300,0.05,8.82370058,152,657468,84.0,0.04033839330077171,0.0001,164341
7828,4301,0.05,8.87970562,152,657552,84.0,0.07036356627941132,0.0001,164362
7829,4302,0.05,9.0134729,152,657636,84.0,2.3686821460723877,0.0001,164383
7830,4304,0.05,8.98435394,152,657720,84.0,0.05499373376369476,0.0001,164404
7831,4305,0.05,8.911190920000001,152,657804,84.0,2.473841428756714,0.0001,164425
7832,4306,0.05,9.01811405,152,657888,84.0,0.04793903976678848,0.0001,164446
7833,4307,0.05,8.91338301,152,657972,84.0,2.339536190032959,0.0001,164467
7834,4308,0.05,8.89513169,152,658056,84.0,0.08366574347019196,0.0001,164488
7835,4309,0.05,8.92196485,152,658140,84.0,2.3017585277557373,0.0001,164509
7836,4310,0.05,8.93423433,152,658224,84.0,0.07874317467212677,0.0001,164530
7837,4311,0.05,8.937052210000001,152,658308,84.0,0.11020122468471527,0.0001,164551
7838,4313,0.05,8.927664730000002,152,658392,84.0,0.2634412348270416,0.0001,164572
7839,4314,0.05,8.9770428,152,658476,84.0,2.369823455810547,0.0001,164593
7840,4315,0.05,8.94672465,152,658560,84.0,2.60217022895813,0.0001,164614
7841,4316,0.05,9.015139229999999,152,658644,84.0,0.04779454693198204,0.0001,164635
7842,4317,0.05,9.04633193,152,658728,84.0,0.0647139623761177,0.0001,164656
7843,4318,0.05,9.043362949999999,152,658812,84.0,0.047521401196718216,0.0001,164677
7844,4319,0.05,8.93753214,152,658896,84.0,2.432016611099243,0.0001,164698
7845,4320,0.05,8.92584099,152,658980,84.0,0.06711563467979431,0.0001,164719
7846,4321,0.05,8.84141754,152,659064,84.0,2.420743703842163,0.0001,164740
7847,4323,0.05,8.86132953,152,659148,84.0,0.16680610179901123,0.0001,164761
7848,4324,0.05,8.83480086,152,659232,84.0,2.349950075149536,0.0001,164782
7849,4325,0.05,8.78147837,152,659316,84.0,0.05265500396490097,0.0001,164803
7850,4327,0.05,8.79526633,152,659400,84.0,0.08335453271865845,0.0001,164824
7851,4328,0.05,8.74829389,152,659484,84.0,0.03647826239466667,0.0001,164845
7852,4329,0.05,8.83288447,152,659568,84.0,0.08218707889318466,0.0001,164866
7853,4330,0.05,8.74428464,152,659652,84.0,2.2972042560577393,0.0001,164887
7854,4331,0.05,8.727376979999999,152,659736,84.0,2.366360664367676,0.0001,164908
7855,4332,0.05,8.72921592,152,659820,84.0,4.740085601806641,0.0001,164929
7856,4334,0.05,8.725004859999999,152,659904,84.0,0.042647190392017365,0.0001,164950
7857,4335,0.05,8.7628133,152,659988,84.0,0.05047115683555603,0.0001,164971
7858,4336,0.05,8.74866854,152,660072,84.0,0.039952799677848816,0.0001,164992
7859,4337,0.05,8.73756404,152,660156,84.0,0.03184419125318527,0.0001,165013
7860,4338,0.05,8.72963866,152,660240,84.0,0.05488216131925583,0.0001,165034
7861,4340,0.05,8.73972916,152,660324,84.0,0.10878525674343109,0.0001,165055
7862,4341,0.05,8.73399063,152,660408,84.0,0.07838913798332214,0.0001,165076
7863,4342,0.05,8.725125859999999,152,660492,84.0,0.1070440262556076,0.0001,165097
7864,4344,0.05,8.73212564,152,660576,84.0,0.02994511090219021,0.0001,165118
7865,4345,0.05,8.7346714,152,660660,84.0,0.03671824932098389,0.0001,165139
7866,4346,0.05,8.70046606,152,660744,84.0,0.03717748820781708,0.0001,165160
7867,4347,0.05,8.58933852,151,660828,84.0,0.11193382740020752,0.0001,165181
7868,4348,0.05,8.55356594,151,660912,84.0,0.03376638889312744,0.0001,165202
7869,4349,0.05,8.54209797,151,660996,84.0,0.058146730065345764,0.0001,165223
7870,4351,0.05,8.5233197,151,661080,84.0,0.029714403674006462,0.0001,165244
7871,4352,0.05,8.51927429,151,661164,84.0,0.07265377789735794,0.0001,165265
7872,4353,0.05,8.4996614,151,661248,84.0,0.04301338642835617,0.0001,165286
7873,4354,0.05,8.516741640000001,151,661332,84.0,0.2004377394914627,0.0001,165307
7874,4355,0.05,8.533447590000002,151,661416,84.0,0.17336931824684143,0.0001,165328
7875,4356,0.05,8.52461098,151,661500,84.0,0.055544350296258926,0.0001,165349
7876,4357,0.05,8.524001599999998,151,661584,84.0,0.0575103759765625,0.0001,165370
7877,4359,0.05,8.5825573,151,661668,84.0,0.04745914041996002,0.0001,165391
7878,4360,0.05,8.58494543,151,661752,84.0,0.07944308966398239,0.0001,165412
7879,4361,0.05,8.608491059999999,151,661836,84.0,0.09599115699529648,0.0001,165433
7880,4362,0.05,8.59737756,151,661920,84.0,0.061371106654405594,0.0001,165454
7881,4363,0.05,8.73014171,151,662004,84.0,0.05468054488301277,0.0001,165475
7882,4364,0.05,8.75988596,151,662088,84.0,2.2800323963165283,0.0001,165496
7883,4366,0.05,8.75124294,151,662172,84.0,2.482487916946411,0.0001,165517
7884,4367,0.05,8.706437699999999,151,662256,84.0,0.036546818912029266,0.0001,165538
7885,4368,0.05,8.699519870000001,151,662340,84.0,4.677371501922607,0.0001,165559
7886,4369,0.05,8.80063009,151,662424,84.0,0.09984499216079712,0.0001,165580
7887,4370,0.05,8.82536844,151,662508,84.0,0.131382018327713,0.0001,165601
7888,4372,0.05,8.84494755,151,662592,84.0,2.3033385276794434,0.0001,165622
7889,4373,0.05,8.874529339999999,151,662676,84.0,0.07004906982183456,0.0001,165643
7890,4374,0.05,8.90241315,151,662760,84.0,0.01893865317106247,0.0001,165664
7891,4375,0.05,8.97145921,151,662844,84.0,2.30991792678833,0.0001,165685
7892,4376,0.05,8.936441910000003,151,662928,84.0,0.05862889438867569,0.0001,165706
7893,4377,0.05,8.93783337,151,663012,84.0,0.048589371144771576,0.0001,165727
7894,4378,0.05,8.744445680000002,151,663096,84.0,0.06002098694443703,0.0001,165748
7895,4380,0.05,8.82276208,151,663180,84.0,0.08754405379295349,0.0001,165769
7896,4381,0.05,8.89817661,151,663264,84.0,0.028287358582019806,0.0001,165790
7897,4382,0.05,8.84296052,151,663348,84.0,2.5553226470947266,0.0001,165811
7898,4383,0.05,8.84134212,151,663432,84.0,0.03334316611289978,0.0001,165832
7899,4384,0.05,8.869073949999999,151,663516,84.0,2.393272876739502,0.0001,165853
7900,4385,0.05,8.96589242,151,663600,84.0,2.393872022628784,0.0001,165874
7901,4386,0.05,8.9497649,151,663684,84.0,2.2747747898101807,0.0001,165895
7902,4387,0.05,8.84727563,151,663768,84.0,0.038528427481651306,0.0001,165916
7903,4389,0.05,8.8075506,151,663852,84.0,0.039394862949848175,0.0001,165937
7904,4390,0.05,8.75750017,151,663936,84.0,0.08376120775938034,0.0001,165958
7905,4391,0.05,8.7229692,151,664020,84.0,2.298823833465576,0.0001,165979
7906,4392,0.05,8.731835819999999,151,664104,84.0,2.337984085083008,0.0001,166000
7907,4393,0.05,8.754971920000001,151,664188,84.0,0.05439393222332001,0.0001,166021
7908,4395,0.05,8.717219149999998,151,664272,84.0,0.035213615745306015,0.0001,166042
7909,4396,0.05,8.65530719,151,664356,84.0,0.08512567728757858,0.0001,166063
7910,4397,0.05,8.75594301,151,664440,84.0,0.02961297705769539,0.0001,166084
7911,4398,0.05,8.775034549999999,151,664524,84.0,4.675001621246338,0.0001,166105
7912,4399,0.05,8.7555304,151,664608,84.0,2.402564764022827,0.0001,166126
7913,4401,0.05,8.725289880000002,151,664692,84.0,0.0519179031252861,0.0001,166147
7914,4402,0.05,8.88957956,151,664776,84.0,4.812209606170654,0.0001,166168
7915,4403,0.05,8.98236123,150,664860,84.0,2.628274440765381,0.0001,166189
7916,4404,0.05,9.00723071,150,664944,84.0,2.3070032596588135,0.0001,166210
7917,4405,0.05,9.05240921,150,665028,84.0,0.047893546521663666,0.0001,166231
7918,4406,0.05,9.06161392,150,665112,84.0,0.0899057537317276,0.0001,166252
7919,4408,0.05,9.08170512,150,665196,84.0,0.10991911590099335,0.0001,166273
7920,4409,0.05,9.07897588,150,665280,84.0,0.16205456852912903,0.0001,166294
7921,4410,0.05,9.071874919999999,150,665364,84.0,0.09949489682912827,0.0001,166315
7922,4412,0.05,9.1000341,150,665448,84.0,0.08579258620738983,0.0001,166336
7923,4413,0.05,9.113787449999998,150,665532,84.0,0.05871294438838959,0.0001,166357
7924,4414,0.05,9.125451949999999,150,665616,84.0,2.3801348209381104,0.0001,166378
7925,4416,0.05,9.150977569999998,150,665700,84.0,2.353954792022705,0.0001,166399
7926,4417,0.05,9.136033,150,665784,84.0,0.09950859844684601,0.0001,166420
7927,4418,0.05,9.15933852,150,665868,84.0,2.5623021125793457,0.0001,166441
7928,4419,0.05,9.14907932,150,665952,84.0,0.02202293649315834,0.0001,166462
7929,4420,0.05,9.11565383,150,666036,84.0,2.3773295879364014,0.0001,166483
7930,4421,0.05,9.134751490000001,150,666120,84.0,0.021402625367045403,0.0001,166504
7931,4422,0.05,9.13538477,150,666204,84.0,0.022116636857390404,0.0001,166525
7932,4424,0.05,9.053460850000002,150,666288,84.0,0.031887236982584,0.0001,166546
7933,4425,0.05,9.011017040000002,150,666372,84.0,0.03866870701313019,0.0001,166567
7934,4426,0.05,8.918913780000002,150,666456,84.0,0.038367852568626404,0.0001,166588
7935,4427,0.05,8.90451134,150,666540,84.0,4.611181735992432,0.0001,166609
7936,4428,0.05,8.861375850000002,150,666624,84.0,2.381437301635742,0.0001,166630
7937,4429,0.05,8.867611660000001,150,666708,84.0,0.09015941619873047,0.0001,166651
7938,4430,0.05,8.87975169,150,666792,84.0,0.08249837160110474,0.0001,166672
7939,4432,0.05,8.81775816,150,666876,84.0,2.3355441093444824,0.0001,166693
7940,4433,0.05,8.77002188,150,666960,84.0,0.06262000650167465,0.0001,166714
7941,4434,0.05,8.771060199999999,150,667044,84.0,0.08574794232845306,0.0001,166735
7942,4435,0.05,8.78258022,150,667128,84.0,2.451371669769287,0.0001,166756
7943,4436,0.05,8.91212831,150,667212,84.0,2.478139877319336,0.0001,166777
7944,4437,0.05,8.98279563,150,667296,84.0,0.05963726341724396,0.0001,166798
7945,4439,0.05,9.01265446,150,667380,84.0,0.031239181756973267,0.0001,166819
7946,4440,0.05,9.165547120000001,150,667464,84.0,0.022852037101984024,0.0001,166840
7947,4441,0.05,9.092971590000001,150,667548,84.0,0.04510559141635895,0.0001,166861
7948,4443,0.05,9.20193253,150,667632,84.0,0.04690707474946976,0.0001,166882
7949,4444,0.05,9.259091719999999,150,667716,84.0,0.07512187957763672,0.0001,166903
7950,4445,0.05,9.265353150000001,150,667800,84.0,0.03273790329694748,0.0001,166924
7951,4447,0.05,9.29586555,150,667884,84.0,0.0386212021112442,0.0001,166945
7952,4449,0.05,9.18991104,150,667968,84.0,0.1055135726928711,0.0001,166966
7953,4450,0.05,9.19167764,150,668052,84.0,0.04331319034099579,0.0001,166987
7954,4452,0.05,9.190681649999998,150,668136,84.0,2.3863892555236816,0.0001,167008
7955,4453,0.05,9.22094051,150,668220,84.0,2.430398464202881,0.0001,167029
7956,4455,0.05,9.197199439999999,150,668304,84.0,0.06435307115316391,0.0001,167050
7957,4457,0.05,9.21640995,149,668388,84.0,0.05835724249482155,0.0001,167071
7958,4459,0.05,9.21523591,149,668472,84.0,2.3728671073913574,0.0001,167092
7959,4460,0.05,9.19025597,149,668556,84.0,0.06025223806500435,0.0001,167113
7960,4461,0.05,9.201294729999999,149,668640,84.0,0.03927753120660782,0.0001,167134
7961,4462,0.05,9.32154129,149,668724,84.0,0.022072140127420425,0.0001,167155
7962,4464,0.05,9.3201908,149,668808,84.0,0.06245134770870209,0.0001,167176
7963,4465,0.05,9.272791060000001,149,668892,84.0,0.03478370979428291,0.0001,167197
7964,4466,0.05,9.317946180000002,149,668976,84.0,4.711009979248047,0.0001,167218
7965,4468,0.05,9.377288270000001,149,669060,84.0,0.04668769612908363,0.0001,167239
7966,4469,0.05,9.37048901,149,669144,84.0,2.362410306930542,0.0001,167260
7967,4470,0.05,9.368687640000001,149,669228,84.0,0.04766165092587471,0.0001,167281
7968,4472,0.05,9.37777981,149,669312,84.0,0.024730302393436432,0.0001,167302
7969,4473,0.05,9.43763163,149,669396,84.0,2.4533228874206543,0.0001,167323
7970,4474,0.05,9.6408921,149,669480,84.0,0.18829196691513062,0.0001,167344
7971,4476,0.05,9.62037383,149,669564,84.0,0.05856924504041672,0.0001,167365
7972,4477,0.05,9.61561096,149,669648,84.0,0.04092618077993393,0.0001,167386
7973,4478,0.05,9.539503300000002,149,669732,84.0,2.409865617752075,0.0001,167407
7974,4479,0.05,9.494789,149,669816,84.0,4.6567559242248535,0.0001,167428
7975,4481,0.05,9.50032455,149,669900,84.0,2.3246946334838867,0.0001,167449
7976,4482,0.05,9.56809699,149,669984,84.0,0.014905251562595367,0.0001,167470
7977,4483,0.05,9.53166725,149,670068,84.0,0.14044089615345,0.0001,167491
7978,4485,0.05,9.51098835,149,670152,84.0,2.2153847217559814,0.0001,167512
7979,4486,0.05,9.503681239999999,149,670236,84.0,0.04341551661491394,0.0001,167533
7980,4487,0.05,9.513165160000002,149,670320,84.0,0.16610608994960785,0.0001,167554
7981,4488,0.05,9.39201115,149,670404,84.0,2.4653382301330566,0.0001,167575
7982,4490,0.05,9.355624859999999,149,670488,84.0,2.3438799381256104,0.0001,167596
7983,4491,0.05,9.334420699999999,149,670572,84.0,2.3150761127471924,0.0001,167617
7984,4493,0.05,9.304724369999999,149,670656,84.0,0.034035131335258484,0.0001,167638
7985,4494,0.05,9.29285847,149,670740,84.0,0.027411427348852158,0.0001,167659
7986,4495,0.05,9.34702261,149,670824,84.0,0.05816876143217087,0.0001,167680
7987,4496,0.05,9.355466850000001,149,670908,84.0,0.04000968113541603,0.0001,167701
7988,4498,0.05,9.311089749999999,149,670992,84.0,0.0700826644897461,0.0001,167722
7989,4499,0.05,9.3290659,149,671076,84.0,0.01779751107096672,0.0001,167743
7990,4501,0.05,9.32821731,149,671160,84.0,2.3101274967193604,0.0001,167764
7991,4502,0.05,9.34100972,149,671244,84.0,2.345036506652832,0.0001,167785
7992,4504,0.05,9.35193971,149,671328,84.0,0.0771857425570488,0.0001,167806
7993,4505,0.05,9.348167609999999,149,671412,84.0,2.3024563789367676,0.0001,167827
7994,4506,0.05,9.397307410000002,149,671496,84.0,2.320990562438965,0.0001,167848
7995,4507,0.05,9.303977640000001,148,671580,84.0,0.07730990648269653,0.0001,167869
7996,4508,0.05,9.260350070000001,148,671664,84.0,0.04271917790174484,0.0001,167890
7997,4510,0.05,9.247738290000001,148,671748,84.0,0.040686335414648056,0.0001,167911
7998,4511,0.05,9.252511100000001,148,671832,84.0,2.3492472171783447,0.0001,167932
7999,4512,0.05,9.21512893,148,671916,84.0,0.07544481754302979,0.0001,167953
8000,4513,0.05,9.199044160000001,148,672000,84.0,0.03641974925994873,0.0001,167974
8001,4515,0.05,9.216077890000001,148,672084,84.0,2.326422929763794,0.0001,167995
8002,4516,0.05,9.22475793,148,672168,84.0,2.441108465194702,0.0001,168016
8003,4517,0.05,9.23230976,148,672252,84.0,0.07072126120328903,0.0001,168037
8004,4518,0.05,9.24653348,148,672336,84.0,0.07580028474330902,0.0001,168058
8005,4519,0.05,9.250010660000001,148,672420,84.0,0.03813254088163376,0.0001,168079
8006,4520,0.05,9.22890993,148,672504,84.0,0.03211569786071777,0.0001,168100
8007,4522,0.05,9.228177120000002,148,672588,84.0,2.39493989944458,0.0001,168121
8008,4523,0.05,9.242912720000001,148,672672,84.0,0.10051815211772919,0.0001,168142
8009,4524,0.05,9.317312390000001,148,672756,84.0,0.04357653856277466,0.0001,168163
8010,4525,0.05,9.144156920000002,148,672840,84.0,2.441174268722534,0.0001,168184
8011,4527,0.05,9.11473059,148,672924,84.0,0.02923860214650631,0.0001,168205
8012,4528,0.05,9.150387490000002,148,673008,84.0,0.0355876088142395,0.0001,168226
8013,4529,0.05,9.17225385,148,673092,84.0,0.05194352567195892,0.0001,168247
8014,4531,0.05,9.11820656,148,673176,84.0,0.06273192167282104,0.0001,168268
8015,4532,0.05,9.174913329999999,148,673260,84.0,0.03233525529503822,0.0001,168289
8016,4533,0.05,9.17931381,148,673344,84.0,0.034663427621126175,0.0001,168310
8017,4534,0.05,9.183555489999998,148,673428,84.0,0.031929291784763336,0.0001,168331
8018,4536,0.05,9.209032399999998,148,673512,84.0,0.06908360123634338,0.0001,168352
8019,4537,0.05,9.332985829999998,148,673596,84.0,0.05756296589970589,0.0001,168373
8020,4538,0.05,9.399733029999998,148,673680,84.0,2.342785120010376,0.0001,168394
8021,4539,0.05,9.422830389999998,148,673764,84.0,2.400906801223755,0.0001,168415
8022,4540,0.05,9.39743817,148,673848,84.0,2.415842294692993,0.0001,168436
8023,4542,0.05,9.40082734,148,673932,84.0,2.54162335395813,0.0001,168457
8024,4543,0.05,9.405356419999999,148,674016,84.0,0.0732373520731926,0.0001,168478
8025,4544,0.05,9.4131058,148,674100,84.0,0.04461442679166794,0.0001,168499
8026,4545,0.05,9.435487949999999,148,674184,84.0,0.017110100015997887,0.0001,168520
8027,4547,0.05,9.446111039999998,148,674268,84.0,0.03645794838666916,0.0001,168541
8028,4548,0.05,9.452858209999999,148,674352,84.0,4.64495325088501,0.0001,168562
8029,4549,0.05,9.42326959,148,674436,84.0,2.3265416622161865,0.0001,168583
8030,4550,0.05,9.449936460000002,148,674520,84.0,2.3495535850524902,0.0001,168604
8031,4552,0.05,9.464231410000002,148,674604,84.0,2.3985795974731445,0.0001,168625
8032,4553,0.05,9.51884894,148,674688,84.0,2.4041247367858887,0.0001,168646
8033,4554,0.05,9.525370980000002,148,674772,84.0,2.358403444290161,0.0001,168667
8034,4555,0.05,9.53581683,148,674856,84.0,0.030629605054855347,0.0001,168688
8035,4556,0.05,9.61786836,148,674940,84.0,0.042793937027454376,0.0001,168709
8036,4557,0.05,9.678708460000001,148,675024,84.0,0.030594147741794586,0.0001,168730
8037,4559,0.05,9.651325,148,675108,84.0,4.674479961395264,0.0001,168751
8038,4560,0.05,9.66670792,148,675192,84.0,0.024876505136489868,0.0001,168772
8039,4561,0.05,9.722486400000001,148,675276,84.0,2.3259694576263428,0.0001,168793
8040,4562,0.05,9.76859819,148,675360,84.0,4.607526779174805,0.0001,168814
8041,4563,0.05,9.836942300000002,147,675444,84.0,0.0467158704996109,0.0001,168835
8042,4564,0.05,9.82137285,147,675528,84.0,0.07529202848672867,0.0001,168856
8043,4565,0.05,9.80696957,147,675612,84.0,0.06675107032060623,0.0001,168877
8044,4566,0.05,9.83541982,147,675696,84.0,0.06665784120559692,0.0001,168898
8045,4567,0.05,9.922559469999998,147,675780,84.0,2.3737826347351074,0.0001,168919
8046,4568,0.05,9.924294879999998,147,675864,84.0,0.05169151723384857,0.0001,168940
8047,4569,0.05,9.979647409999998,147,675948,84.0,2.320187568664551,0.0001,168961
8048,4570,0.05,9.85719508,147,676032,84.0,2.330909490585327,0.0001,168982
8049,4571,0.05,9.85227658,147,676116,84.0,0.09370259940624237,0.0001,169003
8050,4572,0.05,9.83798258,147,676200,84.0,0.0792197734117508,0.0001,169024
8051,4574,0.05,9.83260588,147,676284,84.0,0.03999676555395126,0.0001,169045
8052,4575,0.05,9.83517706,147,676368,84.0,2.3992722034454346,0.0001,169066
8053,4576,0.05,9.81860022,147,676452,84.0,0.026923324912786484,0.0001,169087
8054,4577,0.05,9.820501010000001,147,676536,84.0,0.024036873131990433,0.0001,169108
8055,4578,0.05,9.788465200000001,147,676620,84.0,2.327692747116089,0.0001,169129
8056,4579,0.05,9.81876968,147,676704,84.0,0.13399258255958557,0.0001,169150
8057,4581,0.05,9.830736700000001,147,676788,84.0,2.4605088233947754,0.0001,169171
8058,4582,0.05,9.93837158,147,676872,84.0,2.4254848957061768,0.0001,169192
8059,4583,0.05,9.971255140000002,147,676956,84.0,0.01954725757241249,0.0001,169213
8060,4584,0.05,9.985404560000001,147,677040,84.0,2.456317901611328,0.0001,169234
8061,4585,0.05,9.80927348,147,677124,84.0,0.045941080898046494,0.0001,169255
8062,4586,0.05,9.85188145,147,677208,84.0,0.060581695288419724,0.0001,169276
8063,4588,0.05,9.914127619999999,147,677292,84.0,0.06328260898590088,0.0001,169297
8064,4589,0.05,9.919528519999998,147,677376,84.0,0.0268993079662323,0.0001,169318
8065,4590,0.05,9.850785559999998,147,677460,84.0,0.08895381540060043,0.0001,169339
8066,4592,0.05,9.86290802,147,677544,84.0,2.361971616744995,0.0001,169360
8067,4593,0.05,9.821390370000001,147,677628,84.0,2.308302879333496,0.0001,169381
8068,4595,0.05,9.833241230000002,147,677712,84.0,0.06395526230335236,0.0001,169402
8069,4596,0.05,9.79211692,147,677796,84.0,2.2679672241210938,0.0001,169423
8070,4597,0.05,9.659408919999999,147,677880,84.0,0.08082510530948639,0.0001,169444
8071,4598,0.05,9.69890903,147,677964,84.0,0.05190093815326691,0.0001,169465
8072,4599,0.05,9.73610394,147,678048,84.0,0.05269306153059006,0.0001,169486
8073,4601,0.05,9.81612253,147,678132,84.0,0.03902995586395264,0.0001,169507
8074,4602,0.05,9.85211772,147,678216,84.0,2.3748505115509033,0.0001,169528
8075,4603,0.05,9.828292029999998,147,678300,84.0,0.07586786895990372,0.0001,169549
8076,4604,0.05,9.79961162,147,678384,84.0,0.06198851019144058,0.0001,169570
8077,4606,0.05,9.844035609999999,147,678468,84.0,0.03508400544524193,0.0001,169591
8078,4607,0.05,9.856515810000001,147,678552,84.0,0.062611885368824,0.0001,169612
8079,4608,0.05,9.867109630000002,147,678636,84.0,0.06283052265644073,0.0001,169633
8080,4609,0.05,9.91081044,147,678720,84.0,0.03542201966047287,0.0001,169654
8081,4611,0.05,9.838383510000002,147,678804,84.0,0.026075975969433784,0.0001,169675
8082,4612,0.05,9.86641445,147,678888,84.0,0.030453892424702644,0.0001,169696
8083,4613,0.05,9.88029592,147,678972,84.0,2.6051158905029297,0.0001,169717
8084,4614,0.05,9.84847299,147,679056,84.0,4.671681880950928,0.0001,169738
8085,4615,0.05,9.84062933,147,679140,84.0,0.043474696576595306,0.0001,169759
8086,4616,0.05,9.78368124,147,679224,84.0,2.394106864929199,0.0001,169780
8087,4618,0.05,9.792951590000001,147,679308,84.0,2.3867783546447754,0.0001,169801
8088,4619,0.05,9.84694429,147,679392,84.0,2.3766300678253174,0.0001,169822
8089,4620,0.05,9.82321041,147,679476,84.0,0.06825456768274307,0.0001,169843
8090,4621,0.05,9.96245404,147,679560,84.0,0.02788880467414856,0.0001,169864
8091,4622,0.05,9.967698729999999,147,679644,84.0,0.043175987899303436,0.0001,169885
8092,4624,0.05,9.951530939999998,146,679728,84.0,0.030529431998729706,0.0001,169906
8093,4625,0.05,9.96087433,146,679812,84.0,4.621819972991943,0.0001,169927
8094,4626,0.05,9.999203569999999,146,679896,84.0,0.04970865696668625,0.0001,169948
8095,4627,0.05,10.04343924,146,679980,84.0,4.839184284210205,0.0001,169969
8096,4629,0.05,10.07359045,146,680064,84.0,0.035754039883613586,0.0001,169990
8097,4630,0.05,10.119200819999998,146,680148,84.0,0.11530571430921555,0.0001,170011
8098,4631,0.05,10.08627067,146,680232,84.0,2.3342058658599854,0.0001,170032
8099,4632,0.05,10.12171418,146,680316,84.0,2.2745490074157715,0.0001,170053
8100,4633,0.05,10.108661439999999,146,680400,84.0,0.022709932178258896,0.0001,170074
8101,4635,0.05,10.10235776,146,680484,84.0,0.023536263033747673,0.0001,170095
8102,4636,0.05,10.12153222,146,680568,84.0,2.272242784500122,0.0001,170116
8103,4637,0.05,10.08501369,146,680652,84.0,0.033331871032714844,0.0001,170137
8104,4638,0.05,10.096822999999999,146,680736,84.0,4.5867533683776855,0.0001,170158
8105,4640,0.05,10.038065770000001,146,680820,84.0,0.10248306393623352,0.0001,170179
8106,4641,0.05,10.12979782,146,680904,84.0,0.026134373620152473,0.0001,170200
8107,4642,0.05,10.12497102,146,680988,84.0,0.04332220181822777,0.0001,170221
8108,4643,0.05,10.112813230000002,146,681072,84.0,4.5887451171875,0.0001,170242
8109,4645,0.05,10.099558720000001,146,681156,84.0,2.4196345806121826,0.0001,170263
8110,4646,0.05,10.16739912,146,681240,84.0,0.028178879991173744,0.0001,170284
8111,4647,0.05,10.1705246,146,681324,84.0,2.3135180473327637,0.0001,170305
8112,4648,0.05,10.19550881,146,681408,84.0,0.05859742313623428,0.0001,170326
8113,4649,0.05,10.19517046,146,681492,84.0,4.597123146057129,0.0001,170347
8114,4651,0.05,10.12075486,146,681576,84.0,2.5489609241485596,0.0001,170368
8115,4652,0.05,10.038678590000002,146,681660,84.0,2.375967264175415,0.0001,170389
8116,4653,0.05,10.050830390000002,146,681744,84.0,0.1412646472454071,0.0001,170410
8117,4654,0.05,10.081073400000001,146,681828,84.0,0.03975119814276695,0.0001,170431
8118,4656,0.05,10.06160354,146,681912,84.0,2.492640972137451,0.0001,170452
8119,4657,0.05,9.93523157,146,681996,84.0,0.0573447123169899,0.0001,170473
8120,4658,0.05,9.90196851,146,682080,84.0,2.3156824111938477,0.0001,170494
8121,4659,0.05,9.885849339999998,146,682164,84.0,0.09147731959819794,0.0001,170515
8122,4660,0.05,9.89722742,146,682248,84.0,2.3306570053100586,0.0001,170536
8123,4662,0.05,9.900167499999998,146,682332,84.0,4.693192481994629,0.0001,170557
8124,4663,0.05,9.925147599999999,146,682416,84.0,0.13156500458717346,0.0001,170578
8125,4664,0.05,9.912223349999998,146,682500,84.0,0.03825303167104721,0.0001,170599
8126,4665,0.05,9.872135519999997,146,682584,84.0,0.06094386428594589,0.0001,170620
8127,4667,0.05,9.868116639999997,146,682668,84.0,0.03223135322332382,0.0001,170641
8128,4668,0.05,9.883268319999997,146,682752,84.0,0.06611371040344238,0.0001,170662
8129,4669,0.05,9.880753489999998,146,682836,84.0,2.3249337673187256,0.0001,170683
8130,4670,0.05,9.918583079999998,146,682920,84.0,0.07850167155265808,0.0001,170704
8131,4671,0.05,9.91269957,146,683004,84.0,0.050867579877376556,0.0001,170725
8132,4673,0.05,9.81479046,146,683088,84.0,0.1654718667268753,0.0001,170746
8133,4674,0.05,9.83852552,146,683172,84.0,0.07418283820152283,0.0001,170767
8134,4675,0.05,9.83672137,146,683256,84.0,0.052606724202632904,0.0001,170788
8135,4676,0.05,9.74570697,146,683340,84.0,0.06396479904651642,0.0001,170809
8136,4677,0.05,9.757595160000001,146,683424,84.0,0.045602332800626755,0.0001,170830
8137,4678,0.05,9.77072302,146,683508,84.0,0.05137848109006882,0.0001,170851
8138,4680,0.05,9.75917072,146,683592,84.0,0.048982053995132446,0.0001,170872
8139,4681,0.05,9.64673994,146,683676,84.0,2.369288444519043,0.0001,170893
8140,4682,0.05,9.607956989999998,146,683760,84.0,0.052768006920814514,0.0001,170914
8141,4683,0.05,9.541328049999999,146,683844,84.0,9.214582443237305,0.0001,170935
8142,4684,0.05,9.54534754,145,683928,84.0,0.10391957312822342,0.0001,170956
8143,4685,0.05,9.416540430000001,145,684012,84.0,0.12320701777935028,0.0001,170977
8144,4687,0.05,9.4071949,145,684096,84.0,2.2964155673980713,0.0001,170998
8145,4688,0.05,9.31688431,145,684180,84.0,2.354924201965332,0.0001,171019
8146,4689,0.05,9.262299060000002,145,684264,84.0,2.383777618408203,0.0001,171040
8147,4690,0.05,9.2607496,145,684348,84.0,2.307675361633301,0.0001,171061
8148,4691,0.05,9.296574,145,684432,84.0,0.09210269898176193,0.0001,171082
8149,4693,0.05,9.273335249999999,145,684516,84.0,2.32511830329895,0.0001,171103
8150,4694,0.05,9.37022554,145,684600,84.0,2.3083980083465576,0.0001,171124
8151,4695,0.05,9.52073405,145,684684,84.0,0.1665993332862854,0.0001,171145
8152,4697,0.05,9.5302288,145,684768,84.0,0.09669694304466248,0.0001,171166
8153,4698,0.05,9.576700409999999,145,684852,84.0,0.030870534479618073,0.0001,171187
8154,4699,0.05,9.58291675,145,684936,84.0,0.039229921996593475,0.0001,171208
8155,4700,0.05,9.57333032,145,685020,84.0,2.4363670349121094,0.0001,171229
8156,4701,0.05,9.57803944,145,685104,84.0,2.311150312423706,0.0001,171250
8157,4702,0.05,9.545528249999998,145,685188,84.0,2.455983877182007,0.0001,171271
8158,4704,0.05,9.46157133,145,685272,84.0,0.07275526225566864,0.0001,171292
8159,4705,0.05,9.441878749999999,145,685356,84.0,0.03704089671373367,0.0001,171313
8160,4706,0.05,9.367162029999998,145,685440,84.0,0.1446824073791504,0.0001,171334
8161,4707,0.05,9.451707529999998,145,685524,84.0,0.06399564445018768,0.0001,171355
8162,4709,0.05,9.37262958,145,685608,84.0,0.049595195800065994,0.0001,171376
8163,4710,0.05,9.31906482,145,685692,84.0,0.06710357964038849,0.0001,171397
8164,4711,0.05,9.29760576,145,685776,84.0,0.047679781913757324,0.0001,171418
8165,4712,0.05,9.148466970000001,145,685860,84.0,2.332624912261963,0.0001,171439
8166,4713,0.05,9.117288140000001,145,685944,84.0,0.05510946363210678,0.0001,171460
8167,4715,0.05,9.153187860000001,145,686028,84.0,0.1607246994972229,0.0001,171481
8168,4716,0.05,9.169223469999999,145,686112,84.0,0.022125814110040665,0.0001,171502
8169,4717,0.05,9.209660880000001,145,686196,84.0,0.13028603792190552,0.0001,171523
8170,4718,0.05,9.21194219,145,686280,84.0,2.3669447898864746,0.0001,171544
8171,4719,0.05,9.20697736,145,686364,84.0,0.03423584997653961,0.0001,171565
8172,4721,0.05,9.14982683,145,686448,84.0,2.4084696769714355,0.0001,171586
8173,4722,0.05,9.126122140000001,145,686532,84.0,2.3273561000823975,0.0001,171607
8174,4723,0.05,9.1113275,145,686616,84.0,0.06198616325855255,0.0001,171628
8175,4724,0.05,9.13860216,145,686700,84.0,0.08932648599147797,0.0001,171649
8176,4726,0.05,9.111712050000001,145,686784,84.0,0.0894928127527237,0.0001,171670
8177,4727,0.05,9.18637139,145,686868,84.0,0.031426794826984406,0.0001,171691
8178,4728,0.05,9.11192861,145,686952,84.0,0.04611877351999283,0.0001,171712
8179,4729,0.05,9.120403959999999,145,687036,84.0,4.565067291259766,0.0001,171733
8180,4730,0.05,9.045875419999998,145,687120,84.0,0.03463839367032051,0.0001,171754
8181,4731,0.05,9.10398884,145,687204,84.0,0.060177840292453766,0.0001,171775
8182,4733,0.05,9.06760869,145,687288,84.0,0.08428075909614563,0.0001,171796
8183,4734,0.05,9.14586299,145,687372,84.0,0.09263673424720764,0.0001,171817
8184,4735,0.05,9.17134369,145,687456,84.0,0.039704903960227966,0.0001,171838
8185,4736,0.05,9.176177189999999,145,687540,84.0,0.037583377212285995,0.0001,171859
8186,4738,0.05,9.113480919999999,145,687624,84.0,2.306689977645874,0.0001,171880
8187,4739,0.05,9.01279726,145,687708,84.0,0.05396154150366783,0.0001,171901
8188,4740,0.05,8.976271910000001,145,687792,84.0,0.15957210958003998,0.0001,171922
8189,4741,0.05,8.9308083,145,687876,84.0,4.607574462890625,0.0001,171943
8190,4742,0.05,8.805274350000001,145,687960,84.0,2.3229284286499023,0.0001,171964
8191,4743,0.05,8.80673103,145,688044,84.0,0.016138019040226936,0.0001,171985
8192,4744,0.05,8.82119258,145,688128,84.0,0.03273420035839081,0.0001,172006
8193,4746,0.05,8.81994561,145,688212,84.0,0.08560247719287872,0.0001,172027
8194,4747,0.05,8.81352928,144,688296,84.0,0.052013251930475235,0.0001,172048
8195,4748,0.05,8.761015570000001,144,688380,84.0,2.318976879119873,0.0001,172069
8196,4749,0.05,8.70530875,144,688464,84.0,0.041316308081150055,0.0001,172090
8197,4750,0.05,8.69569026,144,688548,84.0,2.317784547805786,0.0001,172111
8198,4752,0.05,8.702316139999999,144,688632,84.0,2.2034072875976562,0.0001,172132
8199,4753,0.05,8.734197499999999,144,688716,84.0,0.04948408901691437,0.0001,172153
8200,4754,0.05,8.732130629999999,144,688800,84.0,0.05705009400844574,0.0001,172174
8201,4755,0.05,8.63767855,144,688884,84.0,0.059995345771312714,0.0001,172195
8202,4756,0.05,8.63038007,144,688968,84.0,0.07305943965911865,0.0001,172216
8203,4757,0.05,8.67014356,144,689052,84.0,2.299917221069336,0.0001,172237
8204,4758,0.05,8.62399499,144,689136,84.0,0.013415936380624771,0.0001,172258
8205,4760,0.05,8.664324820000001,144,689220,84.0,0.2583085596561432,0.0001,172279
8206,4761,0.05,8.54477228,144,689304,84.0,0.05233798548579216,0.0001,172300
8207,4762,0.05,8.53884232,144,689388,84.0,0.08167960494756699,0.0001,172321
8208,4763,0.05,8.52773897,144,689472,84.0,0.10381411015987396,0.0001,172342
8209,4764,0.05,8.50766365,144,689556,84.0,0.08565341681241989,0.0001,172363
8210,4766,0.05,8.49920896,144,689640,84.0,2.2801942825317383,0.0001,172384
8211,4767,0.05,8.52552052,144,689724,84.0,0.050509870052337646,0.0001,172405
8212,4768,0.05,8.52302974,144,689808,84.0,0.05183032900094986,0.0001,172426
8213,4769,0.05,8.52221992,144,689892,84.0,0.03498794138431549,0.0001,172447
8214,4770,0.05,8.53112363,144,689976,84.0,0.06428911536931992,0.0001,172468
8215,4771,0.05,8.37202027,144,690060,84.0,0.055539749562740326,0.0001,172489
8216,4773,0.05,8.372539549999999,144,690144,84.0,2.2912943363189697,0.0001,172510
8217,4774,0.05,8.30455218,144,690228,84.0,0.06557530164718628,0.0001,172531
8218,4775,0.05,8.28460878,144,690312,84.0,0.04937688261270523,0.0001,172552
8219,4776,0.05,8.26981852,144,690396,84.0,2.5158493518829346,0.0001,172573
8220,4777,0.05,8.26148014,144,690480,84.0,0.046718887984752655,0.0001,172594
8221,4778,0.05,8.2626852,144,690564,84.0,0.0710132047533989,0.0001,172615
8222,4779,0.05,8.2775446,144,690648,84.0,0.05918405205011368,0.0001,172636
8223,4780,0.05,8.247056100000002,144,690732,84.0,0.08987404406070709,0.0001,172657
8224,4782,0.05,8.264982620000001,144,690816,84.0,0.08215731382369995,0.0001,172678
8225,4783,0.05,8.27146232,144,690900,84.0,0.038871560245752335,0.0001,172699
8226,4784,0.05,8.29256397,144,690984,84.0,2.324683666229248,0.0001,172720
8227,4785,0.05,8.311877699999998,144,691068,84.0,0.05219908803701401,0.0001,172741
8228,4786,0.05,8.28672353,144,691152,84.0,2.2502267360687256,0.0001,172762
8229,4787,0.05,8.289559959999998,144,691236,84.0,2.3091320991516113,0.0001,172783
8230,4789,0.05,8.25961529,144,691320,84.0,0.03805452957749367,0.0001,172804
8231,4790,0.05,8.291574189999999,144,691404,84.0,0.03772091865539551,0.0001,172825
8232,4791,0.05,8.34638135,144,691488,84.0,0.04638918861746788,0.0001,172846
8233,4792,0.05,8.38261053,144,691572,84.0,0.10602910816669464,0.0001,172867
8234,4793,0.05,8.39013087,144,691656,84.0,0.07636697590351105,0.0001,172888
8235,4795,0.05,8.36538961,144,691740,84.0,0.019671572372317314,0.0001,172909
8236,4796,0.05,8.32459635,144,691824,84.0,0.06384500861167908,0.0001,172930
8237,4798,0.05,8.33559286,144,691908,84.0,2.1047699451446533,0.0001,172951
8238,4799,0.05,8.38368944,144,691992,84.0,4.561369895935059,0.0001,172972
8239,4800,0.05,8.3942689,144,692076,84.0,2.462658166885376,0.0001,172993
8240,4802,0.05,8.42052913,144,692160,84.0,0.022894181311130524,0.0001,173014
8241,4803,0.05,8.432680499999998,144,692244,84.0,0.049544259905815125,0.0001,173035
8242,4804,0.05,8.48448975,144,692328,84.0,0.05415384843945503,0.0001,173056
8243,4806,0.05,8.503376569999999,144,692412,84.0,4.707988739013672,0.0001,173077
8244,4807,0.05,8.538056019999999,144,692496,84.0,2.074779748916626,0.0001,173098
8245,4809,0.05,8.52802286,144,692580,84.0,0.0456807017326355,0.0001,173119
8246,4810,0.05,8.44905048,143,692664,84.0,0.08325176686048508,0.0001,173140
8247,4811,0.05,8.460516960000001,143,692748,84.0,2.3659675121307373,0.0001,173161
8248,4812,0.05,8.45242639,143,692832,84.0,0.09451690316200256,0.0001,173182
8249,4814,0.05,8.58338021,143,692916,84.0,0.03952857106924057,0.0001,173203
8250,4815,0.05,8.499203560000002,143,693000,84.0,0.05469588562846184,0.0001,173224
8251,4817,0.05,8.44774453,143,693084,84.0,0.12862995266914368,0.0001,173245
8252,4818,0.05,8.35437275,143,693168,84.0,0.04176446050405502,0.0001,173266
8253,4819,0.05,8.240794269999999,143,693252,84.0,2.4732930660247803,0.0001,173287
8254,4820,0.05,8.22296879,143,693336,84.0,4.644586563110352,0.0001,173308
8255,4822,0.05,8.24401736,143,693420,84.0,0.03739594668149948,0.0001,173329
8256,4823,0.05,8.2389935,143,693504,84.0,0.04752803593873978,0.0001,173350
8257,4824,0.05,8.20505932,143,693588,84.0,0.025967229157686234,0.0001,173371
8258,4825,0.05,8.17944318,143,693672,84.0,0.11496239900588989,0.0001,173392
8259,4826,0.05,8.15935172,143,693756,84.0,0.10678917914628983,0.0001,173413
8260,4827,0.05,8.130800220000001,143,693840,84.0,2.277946710586548,0.0001,173434
8261,4829,0.05,8.20366735,143,693924,84.0,2.3733301162719727,0.0001,173455
8262,4830,0.05,8.22419188,143,694008,84.0,0.048552535474300385,0.0001,173476
8263,4831,0.05,8.325627110000001,143,694092,84.0,0.05089036375284195,0.0001,173497
8264,4832,0.05,8.32843798,143,694176,84.0,2.287602663040161,0.0001,173518
8265,4833,0.05,8.491751549999998,143,694260,84.0,0.07173016667366028,0.0001,173539
8266,4834,0.05,8.599205549999999,143,694344,84.0,2.3235883712768555,0.0001,173560
8267,4836,0.05,8.60446172,143,694428,84.0,2.3842761516571045,0.0001,173581
8268,4837,0.05,8.57626555,143,694512,84.0,2.5984628200531006,0.0001,173602
8269,4838,0.05,8.53906022,143,694596,84.0,0.06900770217180252,0.0001,173623
8270,4839,0.05,8.52983739,143,694680,84.0,0.06101066619157791,0.0001,173644
8271,4841,0.05,8.60160996,143,694764,84.0,6.874593257904053,0.0001,173665
8272,4842,0.05,8.62244341,143,694848,84.0,0.09506772458553314,0.0001,173686
8273,4843,0.05,8.54982995,143,694932,84.0,0.04082265868782997,0.0001,173707
8274,4844,0.05,8.54821855,143,695016,84.0,2.3466553688049316,0.0001,173728
8275,4845,0.05,8.55147938,143,695100,84.0,0.026207642629742622,0.0001,173749
8276,4847,0.05,8.5655089,143,695184,84.0,2.3813018798828125,0.0001,173770
8277,4848,0.05,8.478530469999999,143,695268,84.0,0.05077749863266945,0.0001,173791
8278,4849,0.05,8.53476274,143,695352,84.0,0.05463479831814766,0.0001,173812
8279,4850,0.05,8.50998284,143,695436,84.0,0.05110102519392967,0.0001,173833
8280,4852,0.05,8.53625912,143,695520,84.0,2.3332924842834473,0.0001,173854
8281,4853,0.05,8.45470351,143,695604,84.0,0.04594951495528221,0.0001,173875
8282,4854,0.05,8.49023084,143,695688,84.0,0.08939050137996674,0.0001,173896
8283,4855,0.05,8.41917687,143,695772,84.0,0.02637161873281002,0.0001,173917
8284,4856,0.05,8.48199115,143,695856,84.0,0.13204830884933472,0.0001,173938
8285,4858,0.05,8.500776380000001,143,695940,84.0,4.914486408233643,0.0001,173959
8286,4859,0.05,8.655606120000002,143,696024,84.0,0.04154404252767563,0.0001,173980
8287,4860,0.05,8.72047324,143,696108,84.0,2.306246280670166,0.0001,174001
8288,4861,0.05,8.73119023,143,696192,84.0,2.314359426498413,0.0001,174022
8289,4863,0.05,8.78031522,143,696276,84.0,0.02934216521680355,0.0001,174043
8290,4864,0.05,8.747620849999999,143,696360,84.0,0.022662896662950516,0.0001,174064
8291,4865,0.05,8.796406549999999,143,696444,84.0,0.02251477725803852,0.0001,174085
8292,4866,0.05,8.81572417,143,696528,84.0,0.0654543787240982,0.0001,174106
8293,4867,0.05,8.80828066,143,696612,84.0,0.026000933721661568,0.0001,174127
8294,4869,0.05,8.831411179999998,143,696696,84.0,0.019090570509433746,0.0001,174148
8295,4870,0.05,8.84840411,143,696780,84.0,2.301223039627075,0.0001,174169
8296,4871,0.05,8.90882527,143,696864,84.0,0.04383988678455353,0.0001,174190
8297,4873,0.05,8.93953201,143,696948,84.0,2.409182071685791,0.0001,174211
8298,4874,0.05,8.92797562,143,697032,84.0,0.0856877863407135,0.0001,174232
8299,4875,0.05,8.92687719,142,697116,84.0,0.044803254306316376,0.0001,174253
8300,4876,0.05,8.89594975,142,697200,84.0,2.286458730697632,0.0001,174274
8301,4877,0.05,9.00109288,142,697284,84.0,0.0180450901389122,0.0001,174295
8302,4879,0.05,8.94595675,142,697368,84.0,0.024893920868635178,0.0001,174316
8303,4880,0.05,8.948242099999998,142,697452,84.0,0.06382405757904053,0.0001,174337
8304,4881,0.05,8.98559109,142,697536,84.0,0.033284809440374374,0.0001,174358
8305,4882,0.05,8.961440379999999,142,697620,84.0,0.04180914908647537,0.0001,174379
8306,4883,0.05,8.990092240000001,142,697704,84.0,0.029582712799310684,0.0001,174400
8307,4884,0.05,8.99726207,142,697788,84.0,2.279475450515747,0.0001,174421
8308,4885,0.05,9.01704426,142,697872,84.0,0.026820097118616104,0.0001,174442
8309,4886,0.05,9.051967119999999,142,697956,84.0,0.047052714973688126,0.0001,174463
8310,4888,0.05,9.06064287,142,698040,84.0,0.029162662103772163,0.0001,174484
8311,4889,0.05,9.000800309999999,142,698124,84.0,0.1068965494632721,0.0001,174505
8312,4890,0.05,8.999832770000001,142,698208,84.0,0.12838099896907806,0.0001,174526
8313,4891,0.05,9.01480742,142,698292,84.0,2.233825922012329,0.0001,174547
8314,4892,0.05,9.02192052,142,698376,84.0,0.044719260185956955,0.0001,174568
8315,4894,0.05,9.203161549999999,142,698460,84.0,2.3374032974243164,0.0001,174589
8316,4895,0.05,9.218750439999999,142,698544,84.0,2.2742133140563965,0.0001,174610
8317,4896,0.05,9.186299129999998,142,698628,84.0,0.02578054368495941,0.0001,174631
8318,4897,0.05,9.196655669999998,142,698712,84.0,0.07548360526561737,0.0001,174652
8319,4898,0.05,9.242738679999997,142,698796,84.0,0.02889329195022583,0.0001,174673
8320,4899,0.05,9.251385909999998,142,698880,84.0,0.040567465126514435,0.0001,174694
8321,4900,0.05,9.328666459999999,142,698964,84.0,2.33984112739563,0.0001,174715
8322,4902,0.05,9.300117189999998,142,699048,84.0,0.026271656155586243,0.0001,174736
8323,4903,0.05,9.314957790000001,142,699132,84.0,2.3455374240875244,0.0001,174757
8324,4904,0.05,9.29607607,142,699216,84.0,2.2844858169555664,0.0001,174778
8325,4905,0.05,9.29153933,142,699300,84.0,0.06984947621822357,0.0001,174799
8326,4906,0.05,9.32353314,142,699384,84.0,2.279785633087158,0.0001,174820
8327,4907,0.05,9.35157956,142,699468,84.0,0.0458960235118866,0.0001,174841
8328,4909,0.05,9.3685286,142,699552,84.0,0.08484677225351334,0.0001,174862
8329,4910,0.05,9.38316529,142,699636,84.0,0.025326767936348915,0.0001,174883
8330,4911,0.05,9.386386850000001,142,699720,84.0,0.07759559154510498,0.0001,174904
8331,4912,0.05,9.42149639,142,699804,84.0,2.328362226486206,0.0001,174925
8332,4913,0.05,9.45838881,142,699888,84.0,4.8221235275268555,0.0001,174946
8333,4914,0.05,9.42988668,142,699972,84.0,0.06593801081180573,0.0001,174967
8334,4916,0.05,9.463749669999999,142,700056,84.0,2.3744943141937256,0.0001,174988
8335,4917,0.05,9.464885970000001,142,700140,84.0,0.01774139329791069,0.0001,175009
8336,4918,0.05,9.41362355,142,700224,84.0,0.0359598845243454,0.0001,175030
8337,4919,0.05,9.41192881,142,700308,84.0,2.2230167388916016,0.0001,175051
8338,4920,0.05,9.37988662,142,700392,84.0,2.3696112632751465,0.0001,175072
8339,4922,0.05,9.42925772,142,700476,84.0,0.06484346091747284,0.0001,175093
8340,4923,0.05,9.4635755,142,700560,84.0,0.041584715247154236,0.0001,175114
8341,4924,0.05,9.47647155,142,700644,84.0,4.456533432006836,0.0001,175135
8342,4925,0.05,9.42259239,142,700728,84.0,2.2935705184936523,0.0001,175156
8343,4926,0.05,9.420207790000001,142,700812,84.0,4.5738630294799805,0.0001,175177
8344,4928,0.05,9.40925378,142,700896,84.0,0.08357591181993484,0.0001,175198
8345,4929,0.05,9.38397615,142,700980,84.0,2.3508424758911133,0.0001,175219
8346,4930,0.05,9.44331815,142,701064,84.0,0.11554954946041107,0.0001,175240
8347,4931,0.05,9.4361374,142,701148,84.0,2.2783010005950928,0.0001,175261
8348,4932,0.05,9.46257225,142,701232,84.0,0.052831344306468964,0.0001,175282
8349,4934,0.05,9.34727921,142,701316,84.0,0.02757718786597252,0.0001,175303
8350,4935,0.05,9.38751134,142,701400,84.0,0.04083144664764404,0.0001,175324
8351,4936,0.05,9.285787879999999,142,701484,84.0,0.16028417646884918,0.0001,175345
8352,4937,0.05,9.398530639999999,142,701568,84.0,2.2517306804656982,0.0001,175366
8353,4938,0.05,9.469870279999999,142,701652,84.0,0.04038763791322708,0.0001,175387
8354,4940,0.05,9.47374864,142,701736,84.0,2.4312024116516113,0.0001,175408
8355,4941,0.05,9.442673300000001,142,701820,84.0,0.07940865308046341,0.0001,175429
8356,4942,0.05,9.402260160000003,142,701904,84.0,0.07177747786045074,0.0001,175450
8357,4943,0.05,9.47232885,142,701988,84.0,0.040200281888246536,0.0001,175471
8358,4944,0.05,9.497710080000001,141,702072,84.0,4.479802131652832,0.0001,175492
8359,4946,0.05,9.55726092,141,702156,84.0,0.040004707872867584,0.0001,175513
8360,4947,0.05,9.660884509999999,141,702240,84.0,0.05980786681175232,0.0001,175534
8361,4948,0.05,9.57728993,141,702324,84.0,2.26342511177063,0.0001,175555
8362,4949,0.05,9.55310419,141,702408,84.0,0.07253560423851013,0.0001,175576
8363,4950,0.05,9.45834738,141,702492,84.0,0.07247816026210785,0.0001,175597
8364,4952,0.05,9.45970947,141,702576,84.0,0.1707594394683838,0.0001,175618
8365,4953,0.05,9.486699,141,702660,84.0,2.288419246673584,0.0001,175639
8366,4954,0.05,9.410081969999998,141,702744,84.0,0.05939337611198425,0.0001,175660
8367,4955,0.05,9.40507148,141,702828,84.0,0.04285411909222603,0.0001,175681
8368,4956,0.05,9.391153099999999,141,702912,84.0,2.3123018741607666,0.0001,175702
8369,4957,0.05,9.390266529999998,141,702996,84.0,0.03118545562028885,0.0001,175723
8370,4959,0.05,9.378657809999998,141,703080,84.0,6.929348468780518,0.0001,175744
8371,4960,0.05,9.26051237,141,703164,84.0,0.04131963476538658,0.0001,175765
8372,4961,0.05,9.30354563,141,703248,84.0,4.5552473068237305,0.0001,175786
8373,4962,0.05,9.39237649,141,703332,84.0,2.230384349822998,0.0001,175807
8374,4964,0.05,9.35174327,141,703416,84.0,0.08080990612506866,0.0001,175828
8375,4965,0.05,9.33235596,141,703500,84.0,0.0738527774810791,0.0001,175849
8376,4966,0.05,9.34136093,141,703584,84.0,0.03960459679365158,0.0001,175870
8377,4968,0.05,9.36881853,141,703668,84.0,2.3052027225494385,0.0001,175891
8378,4969,0.05,9.43827633,141,703752,84.0,0.15731416642665863,0.0001,175912
8379,4970,0.05,9.44477311,141,703836,84.0,2.356187105178833,0.0001,175933
8380,4972,0.05,9.44979983,141,703920,84.0,2.271451473236084,0.0001,175954
8381,4973,0.05,9.465900710000001,141,704004,84.0,2.324251651763916,0.0001,175975
8382,4974,0.05,9.445996869999998,141,704088,84.0,0.023787595331668854,0.0001,175996
8383,4975,0.05,9.421946839999999,141,704172,84.0,0.07044479250907898,0.0001,176017
8384,4976,0.05,9.35922486,141,704256,84.0,2.2825348377227783,0.0001,176038
8385,4978,0.05,9.34002737,141,704340,84.0,0.1024637222290039,0.0001,176059
8386,4979,0.05,9.2403054,141,704424,84.0,0.01934850588440895,0.0001,176080
8387,4980,0.05,9.258845189999999,141,704508,84.0,0.05900220572948456,0.0001,176101
8388,4981,0.05,9.245152919999999,141,704592,84.0,0.06837046146392822,0.0001,176122
8389,4982,0.05,9.23879201,141,704676,84.0,2.320239305496216,0.0001,176143
8390,4983,0.05,9.306851989999998,141,704760,84.0,0.04354953020811081,0.0001,176164
8391,4985,0.05,9.25971186,141,704844,84.0,0.048802927136421204,0.0001,176185
8392,4986,0.05,9.23572958,141,704928,84.0,2.325901985168457,0.0001,176206
8393,4987,0.05,9.23442871,141,705012,84.0,2.448397636413574,0.0001,176227
8394,4988,0.05,9.2234316,141,705096,84.0,0.09888999164104462,0.0001,176248
8395,4989,0.05,9.31029262,141,705180,84.0,0.04014705866575241,0.0001,176269
8396,4991,0.05,9.27886316,141,705264,84.0,0.09398797899484634,0.0001,176290
8397,4992,0.05,9.26244684,141,705348,84.0,0.1584121435880661,0.0001,176311
8398,4993,0.05,9.31560982,141,705432,84.0,0.11252346634864807,0.0001,176332
8399,4994,0.05,9.31299197,141,705516,84.0,0.03222201019525528,0.0001,176353
8400,4995,0.05,9.36238986,141,705600,84.0,0.05660032480955124,0.0001,176374
8401,4997,0.05,9.325828809999999,141,705684,84.0,0.053353145718574524,0.0001,176395
8402,4998,0.05,9.47737191,141,705768,84.0,0.08645258843898773,0.0001,176416
8403,4999,0.05,9.46282231,141,705852,84.0,2.2997324466705322,0.0001,176437
8404,5000,0.05,9.41618063,141,705936,84.0,0.04091419652104378,0.0001,176458
8405,5002,0.05,9.38531414,141,706020,84.0,2.2715091705322266,0.0001,176479
8406,5003,0.05,9.37107787,141,706104,84.0,2.4466710090637207,0.0001,176500
8407,5004,0.05,9.363691270000002,141,706188,84.0,2.284759998321533,0.0001,176521
8408,5005,0.05,9.378611190000003,141,706272,84.0,0.03632728010416031,0.0001,176542
8409,5006,0.05,9.362568210000001,141,706356,84.0,0.07974779605865479,0.0001,176563
8410,5008,0.05,9.333136000000001,141,706440,84.0,0.061997249722480774,0.0001,176584
8411,5009,0.05,9.391225620000002,141,706524,84.0,4.540606498718262,0.0001,176605
8412,5010,0.05,9.370799520000002,141,706608,84.0,0.08077913522720337,0.0001,176626
8413,5011,0.05,9.377881140000001,141,706692,84.0,0.048303842544555664,0.0001,176647
8414,5012,0.05,9.334607029999999,140,706776,84.0,2.3196635246276855,0.0001,176668
8415,5013,0.05,9.30593305,140,706860,84.0,0.10540296137332916,0.0001,176689
8416,5015,0.05,9.27560725,140,706944,84.0,2.2550032138824463,0.0001,176710
8417,5016,0.05,9.334638320000002,140,707028,84.0,2.3694710731506348,0.0001,176731
8418,5017,0.05,9.319989740000002,140,707112,84.0,0.07937601208686829,0.0001,176752
8419,5018,0.05,9.289538240000002,140,707196,84.0,0.027028493583202362,0.0001,176773
8420,5019,0.05,9.254058910000001,140,707280,84.0,0.041267476975917816,0.0001,176794
8421,5020,0.05,9.218919900000001,140,707364,84.0,0.03875040262937546,0.0001,176815
8422,5022,0.05,9.28542434,140,707448,84.0,0.13500624895095825,0.0001,176836
8423,5023,0.05,9.40507085,140,707532,84.0,2.3142099380493164,0.0001,176857
8424,5024,0.05,9.4271163,140,707616,84.0,0.09167499840259552,0.0001,176878
8425,5025,0.05,9.402539119999998,140,707700,84.0,2.4904212951660156,0.0001,176899
8426,5026,0.05,9.392380549999999,140,707784,84.0,0.10191882401704788,0.0001,176920
8427,5027,0.05,9.359735010000001,140,707868,84.0,0.08526165783405304,0.0001,176941
8428,5029,0.05,9.34778803,140,707952,84.0,0.03598138689994812,0.0001,176962
8429,5030,0.05,9.34055248,140,708036,84.0,0.07336796820163727,0.0001,176983
8430,5031,0.05,9.35645731,140,708120,84.0,0.03840196132659912,0.0001,177004
8431,5032,0.05,9.29239432,140,708204,84.0,0.09311060607433319,0.0001,177025
8432,5033,0.05,9.23928465,140,708288,84.0,0.06891041994094849,0.0001,177046
8433,5035,0.05,9.25315972,140,708372,84.0,0.05893487483263016,0.0001,177067
8434,5036,0.05,9.33213175,140,708456,84.0,2.292081832885742,0.0001,177088
8435,5037,0.05,9.373508710000001,140,708540,84.0,0.06561260670423508,0.0001,177109
8436,5038,0.05,9.49538055,140,708624,84.0,2.3523831367492676,0.0001,177130
8437,5039,0.05,9.48163868,140,708708,84.0,6.784304618835449,0.0001,177151
8438,5040,0.05,9.50780723,140,708792,84.0,2.2274482250213623,0.0001,177172
8439,5042,0.05,9.51427238,140,708876,84.0,0.03451293706893921,0.0001,177193
8440,5043,0.05,9.56005574,140,708960,84.0,0.02680545672774315,0.0001,177214
8441,5044,0.05,9.5461622,140,709044,84.0,1.994693636894226,0.0001,177235
8442,5045,0.05,9.516334849999998,140,709128,84.0,0.07407883554697037,0.0001,177256
8443,5046,0.05,9.61279397,140,709212,84.0,0.078117735683918,0.0001,177277
8444,5048,0.05,9.585878369999998,140,709296,84.0,0.03768979758024216,0.0001,177298
8445,5049,0.05,9.632953599999999,140,709380,84.0,0.05607517063617706,0.0001,177319
8446,5050,0.05,9.6398575,140,709464,84.0,0.04134859889745712,0.0001,177340
8447,5051,0.05,9.631393390000001,140,709548,84.0,0.11061065644025803,0.0001,177361
8448,5052,0.05,9.570677619999998,140,709632,84.0,0.026998968794941902,0.0001,177382
8449,5054,0.05,9.576405539999998,140,709716,84.0,0.10576483607292175,0.0001,177403
8450,5055,0.05,9.57053798,140,709800,84.0,0.04558428376913071,0.0001,177424
8451,5056,0.05,9.50961562,140,709884,84.0,0.024019934237003326,0.0001,177445
8452,5057,0.05,9.49862722,140,709968,84.0,2.5970563888549805,0.0001,177466
8453,5058,0.05,9.60629015,140,710052,84.0,0.049363262951374054,0.0001,177487
8454,5059,0.05,9.67274312,140,710136,84.0,0.06902779638767242,0.0001,177508
8455,5060,0.05,9.70320429,140,710220,84.0,0.0631154477596283,0.0001,177529
8456,5062,0.05,9.74373824,140,710304,84.0,0.053050726652145386,0.0001,177550
8457,5063,0.05,9.73654053,140,710388,84.0,0.21645689010620117,0.0001,177571
8458,5064,0.05,9.809609400000001,140,710472,84.0,2.2346107959747314,0.0001,177592
8459,5065,0.05,9.68449053,140,710556,84.0,0.06771476566791534,0.0001,177613
8460,5066,0.05,9.66092281,140,710640,84.0,0.05746888741850853,0.0001,177634
8461,5068,0.05,9.65557556,140,710724,84.0,0.07386547327041626,0.0001,177655
8462,5069,0.05,9.686810430000001,140,710808,84.0,0.04601067677140236,0.0001,177676
8463,5070,0.05,9.73786857,140,710892,84.0,0.033133409917354584,0.0001,177697
8464,5071,0.05,9.70912635,140,710976,84.0,0.037195153534412384,0.0001,177718
8465,5072,0.05,9.68067586,140,711060,84.0,0.06897401809692383,0.0001,177739
8466,5074,0.05,9.60944086,140,711144,84.0,0.05947130173444748,0.0001,177760
8467,5075,0.05,9.63093206,140,711228,84.0,2.3457419872283936,0.0001,177781
8468,5076,0.05,9.63217392,140,711312,84.0,2.235391139984131,0.0001,177802
8469,5077,0.05,9.640292659999998,140,711396,84.0,0.03804091364145279,0.0001,177823
8470,5078,0.05,9.63756647,140,711480,84.0,2.4464051723480225,0.0001,177844
8471,5080,0.05,9.62223231,140,711564,84.0,0.0884811282157898,0.0001,177865
8472,5081,0.05,9.59439809,140,711648,84.0,0.037986427545547485,0.0001,177886
8473,5082,0.05,9.60880397,140,711732,84.0,0.06927913427352905,0.0001,177907
8474,5083,0.05,9.65342542,140,711816,84.0,2.261584520339966,0.0001,177928
8475,5084,0.05,9.64698644,140,711900,84.0,0.044881682842969894,0.0001,177949
8476,5086,0.05,9.719275790000001,139,711984,84.0,2.3778984546661377,0.0001,177970
8477,5087,0.05,9.69301282,139,712068,84.0,2.34637713432312,0.0001,177991
8478,5088,0.05,9.645822330000001,139,712152,84.0,2.303239583969116,0.0001,178012
8479,5089,0.05,9.59757339,139,712236,84.0,0.0685289055109024,0.0001,178033
8480,5090,0.05,9.65007168,139,712320,84.0,0.028430234640836716,0.0001,178054
8481,5091,0.05,9.726046310000001,139,712404,84.0,0.041966795921325684,0.0001,178075
8482,5093,0.05,9.75787191,139,712488,84.0,0.07663897424936295,0.0001,178096
8483,5094,0.05,9.790196349999999,139,712572,84.0,0.04070217162370682,0.0001,178117
8484,5095,0.05,9.81716823,139,712656,84.0,0.027220413088798523,0.0001,178138
8485,5096,0.05,9.7985216,139,712740,84.0,0.04783729091286659,0.0001,178159
8486,5097,0.05,9.78572857,139,712824,84.0,0.05434238910675049,0.0001,178180
8487,5099,0.05,9.78474171,139,712908,84.0,0.11322538554668427,0.0001,178201
8488,5100,0.05,9.870868050000002,139,712992,84.0,2.2812492847442627,0.0001,178222
8489,5101,0.05,9.875181510000003,139,713076,84.0,2.357029438018799,0.0001,178243
8490,5102,0.05,9.856144890000001,139,713160,84.0,0.1411285549402237,0.0001,178264
8491,5103,0.05,9.84539333,139,713244,84.0,0.03126499801874161,0.0001,178285
8492,5104,0.05,9.94636593,139,713328,84.0,0.020298369228839874,0.0001,178306
8493,5105,0.05,9.952348469999999,139,713412,84.0,0.0388387069106102,0.0001,178327
8494,5107,0.05,9.96212593,139,713496,84.0,0.07589797675609589,0.0001,178348
8495,5108,0.05,9.87680683,139,713580,84.0,0.11726545542478561,0.0001,178369
8496,5109,0.05,9.962217710000001,139,713664,84.0,0.03579885512590408,0.0001,178390
8497,5110,0.05,9.95920682,139,713748,84.0,0.0794590562582016,0.0001,178411
8498,5111,0.05,9.95835804,139,713832,84.0,0.04957444220781326,0.0001,178432
8499,5112,0.05,9.948680569999999,139,713916,84.0,0.0687003880739212,0.0001,178453
8500,5113,0.05,9.936052080000001,139,714000,84.0,0.05243102088570595,0.0001,178474
8501,5114,0.05,9.98270317,139,714084,84.0,0.05640660598874092,0.0001,178495
8502,5115,0.05,9.85916064,139,714168,84.0,0.05115126073360443,0.0001,178516
8503,5117,0.05,9.86319394,139,714252,84.0,0.06573659181594849,0.0001,178537
8504,5118,0.05,9.913479820000001,139,714336,84.0,0.09038148820400238,0.0001,178558
8505,5119,0.05,9.99647692,139,714420,84.0,0.044926322996616364,0.0001,178579
8506,5120,0.05,10.02146392,139,714504,84.0,0.08270611613988876,0.0001,178600
8507,5121,0.05,10.04132321,139,714588,84.0,2.3221328258514404,0.0001,178621
8508,5123,0.05,10.05967049,139,714672,84.0,0.020182369276881218,0.0001,178642
8509,5124,0.05,9.9262068,139,714756,84.0,0.05613655969500542,0.0001,178663
8510,5125,0.05,9.959719159999999,139,714840,84.0,0.09703519940376282,0.0001,178684
8511,5126,0.05,9.95561369,139,714924,84.0,0.07157571613788605,0.0001,178705
8512,5127,0.05,9.976640410000002,139,715008,84.0,2.287719488143921,0.0001,178726
8513,5129,0.05,9.965371710000001,139,715092,84.0,0.0483844019472599,0.0001,178747
8514,5130,0.05,9.992508590000002,139,715176,84.0,0.05262676998972893,0.0001,178768
8515,5131,0.05,9.98461617,139,715260,84.0,2.249850273132324,0.0001,178789
8516,5132,0.05,9.98698535,139,715344,84.0,0.05637802556157112,0.0001,178810
8517,5133,0.05,10.062575189999999,139,715428,84.0,0.0386485680937767,0.0001,178831
8518,5134,0.05,10.044250199999999,139,715512,84.0,0.04497905820608139,0.0001,178852
8519,5136,0.05,10.05589622,139,715596,84.0,2.2788145542144775,0.0001,178873
8520,5137,0.05,10.07922637,139,715680,84.0,2.2320752143859863,0.0001,178894
8521,5138,0.05,10.14020397,139,715764,84.0,0.10659532248973846,0.0001,178915
8522,5140,0.05,10.046208960000001,139,715848,84.0,0.05275629460811615,0.0001,178936
8523,5141,0.05,10.04113546,139,715932,84.0,0.080040343105793,0.0001,178957
8524,5142,0.05,9.99015466,139,716016,84.0,0.037818096578121185,0.0001,178978
8525,5144,0.05,9.843317220000001,139,716100,84.0,0.1611734926700592,0.0001,178999
8526,5145,0.05,9.81355119,139,716184,84.0,2.2993366718292236,0.0001,179020
8527,5146,0.05,9.77579339,139,716268,84.0,2.2455015182495117,0.0001,179041
8528,5147,0.05,9.70558658,139,716352,84.0,2.3346827030181885,0.0001,179062
8529,5148,0.05,9.666196939999999,139,716436,84.0,0.03276876360177994,0.0001,179083
8530,5148,0.05,9.56630208,139,716520,84.0,0.06107977777719498,0.0001,179104
8531,5149,0.05,9.542693989999998,139,716604,84.0,0.04937145486474037,0.0001,179125
8532,5150,0.05,9.4849491,139,716688,84.0,2.306581497192383,0.0001,179146
8533,5151,0.05,9.468730739999998,139,716772,84.0,2.356229305267334,0.0001,179167
8534,5151,0.05,9.357384879999998,139,716856,84.0,2.2864577770233154,0.0001,179188
8535,5152,0.05,9.3405972,139,716940,84.0,2.3111050128936768,0.0001,179209
8536,5152,0.05,9.28373572,139,717024,84.0,2.2287771701812744,0.0001,179230
8537,5153,0.05,9.32835277,139,717108,84.0,0.06410279870033264,0.0001,179251
8538,5153,0.05,9.326208229999999,139,717192,84.0,2.403191089630127,0.0001,179272
8539,5154,0.05,9.37042139,139,717276,84.0,0.08450397849082947,0.0001,179293
8540,5155,0.05,9.30517092,139,717360,84.0,0.02449847385287285,0.0001,179314
8541,5156,0.05,9.27926652,139,717444,84.0,2.3696064949035645,0.0001,179335
8542,5156,0.05,9.442904969999999,139,717528,84.0,0.08432206511497498,0.0001,179356
8543,5157,0.05,9.35886483,139,717612,84.0,0.04221033304929733,0.0001,179377
8544,5157,0.05,9.38253362,139,717696,84.0,0.12077555060386658,0.0001,179398
8545,5158,0.05,9.30770081,139,717780,84.0,0.08386281132698059,0.0001,179419
8546,5159,0.05,9.268984260000002,139,717864,84.0,0.07527810335159302,0.0001,179440
8547,5160,0.05,9.23401567,139,717948,84.0,0.051401227712631226,0.0001,179461
8548,5160,0.05,9.253220079999998,139,718032,84.0,0.07094632089138031,0.0001,179482
8549,5161,0.05,9.35285843,139,718116,84.0,2.2780086994171143,0.0001,179503
8550,5161,0.05,9.185368989999999,139,718200,84.0,0.016596714034676552,0.0001,179524
8551,5162,0.05,9.15732377,139,718284,84.0,2.3206584453582764,0.0001,179545
8552,5162,0.05,9.137948170000001,139,718368,84.0,2.2936172485351562,0.0001,179566
8553,5163,0.05,9.047581690000001,139,718452,84.0,0.03947478160262108,0.0001,179587
8554,5163,0.05,8.94511974,139,718536,84.0,0.039908312261104584,0.0001,179608
8555,5164,0.05,8.9425585,139,718620,84.0,0.06685169786214828,0.0001,179629
8556,5164,0.05,8.803939889999999,139,718704,84.0,0.04179883748292923,0.0001,179650
8557,5165,0.05,8.72362308,139,718788,84.0,0.03654807060956955,0.0001,179671
8558,5165,0.05,8.603597769999999,139,718872,84.0,2.3694210052490234,0.0001,179692
8559,5166,0.05,8.711428619999998,139,718956,84.0,0.03706899657845497,0.0001,179713
8560,5166,0.05,8.661943179999998,139,719040,84.0,0.0901230052113533,0.0001,179734
8561,5167,0.05,8.70591151,139,719124,84.0,2.2647531032562256,0.0001,179755
8562,5168,0.05,8.696524299999998,139,719208,84.0,0.03890248388051987,0.0001,179776
8563,5168,0.05,8.63774321,139,719292,84.0,0.11358911544084549,0.0001,179797
8564,5168,0.05,8.686607709999999,139,719376,84.0,2.2571678161621094,0.0001,179818
8565,5169,0.05,8.694543659999999,139,719460,84.0,0.029743827879428864,0.0001,179839
8566,5170,0.05,8.719081099999999,139,719544,84.0,0.03309433534741402,0.0001,179860
8567,5170,0.05,8.823904879999999,139,719628,84.0,0.10471008718013763,0.0001,179881
8568,5171,0.05,8.79697766,139,719712,84.0,0.03653527423739433,0.0001,179902
8569,5171,0.05,8.7431548,139,719796,84.0,0.016018666326999664,0.0001,179923
8570,5172,0.05,8.757223819999998,139,719880,84.0,2.2925000190734863,0.0001,179944
8571,5172,0.05,8.798571809999999,139,719964,84.0,0.08109086751937866,0.0001,179965
8572,5173,0.05,8.649794449999996,139,720048,84.0,0.057575397193431854,0.0001,179986
8573,5173,0.05,8.602537489999998,139,720132,84.0,0.12143371999263763,0.0001,180007
8574,5174,0.05,8.61662294,139,720216,84.0,2.2977535724639893,0.0001,180028
8575,5174,0.05,8.64060665,139,720300,84.0,0.03502461314201355,0.0001,180049
8576,5175,0.05,8.55756435,139,720384,84.0,0.024715814739465714,0.0001,180070
8577,5176,0.05,8.498715699999998,139,720468,84.0,0.05663509666919708,0.0001,180091
8578,5176,0.05,8.595311169999999,139,720552,84.0,0.04899606108665466,0.0001,180112
8579,5177,0.05,8.660462339999999,139,720636,84.0,0.08649047464132309,0.0001,180133
8580,5177,0.05,8.58840323,139,720720,84.0,0.12208147346973419,0.0001,180154
8581,5178,0.05,8.60359806,139,720804,84.0,0.1285807341337204,0.0001,180175
8582,5178,0.05,8.579154489999999,139,720888,84.0,0.04215143620967865,0.0001,180196
8583,5179,0.05,8.564734139999999,139,720972,84.0,0.0502520427107811,0.0001,180217
8584,5179,0.05,8.564570490000001,139,721056,84.0,0.04124411940574646,0.0001,180238
8585,5180,0.05,8.662358090000001,139,721140,84.0,2.3264899253845215,0.0001,180259
8586,5180,0.05,8.700444730000001,139,721224,84.0,0.051321059465408325,0.0001,180280
8587,5181,0.05,8.712663809999999,139,721308,84.0,0.07445041835308075,0.0001,180301
8588,5181,0.05,8.645560699999999,139,721392,84.0,0.05737941339612007,0.0001,180322
8589,5182,0.05,8.649148319999998,139,721476,84.0,2.281109094619751,0.0001,180343
8590,5182,0.05,8.6489642,139,721560,84.0,0.05823040008544922,0.0001,180364
8591,5183,0.05,8.73071676,139,721644,84.0,0.04529738053679466,0.0001,180385
8592,5183,0.05,8.6503811,139,721728,84.0,0.04338754341006279,0.0001,180406
8593,5184,0.05,8.644154949999999,139,721812,84.0,2.2512588500976562,0.0001,180427
8594,5185,0.05,8.62007468,139,721896,84.0,0.05840331315994263,0.0001,180448
8595,5185,0.05,8.783069849999999,139,721980,84.0,4.509421348571777,0.0001,180469
8596,5186,0.05,8.73129935,139,722064,84.0,0.11288788169622421,0.0001,180490
8597,5186,0.05,8.746598650000001,139,722148,84.0,0.0348186120390892,0.0001,180511
8598,5187,0.05,8.74227974,139,722232,84.0,2.2365078926086426,0.0001,180532
8599,5188,0.05,8.75750451,139,722316,84.0,2.380476474761963,0.0001,180553
8600,5188,0.05,8.744180450000002,139,722400,84.0,0.06682151556015015,0.0001,180574
8601,5189,0.05,8.72824185,139,722484,84.0,0.02996058762073517,0.0001,180595
8602,5190,0.05,8.70173108,139,722568,84.0,0.17689701914787292,0.0001,180616
8603,5190,0.05,8.732276730000002,139,722652,84.0,0.04555383697152138,0.0001,180637
8604,5191,0.05,8.734187870000001,139,722736,84.0,0.015485940501093864,0.0001,180658
8605,5191,0.05,8.733742410000001,139,722820,84.0,0.11887182295322418,0.0001,180679
8606,5192,0.05,8.74149783,139,722904,84.0,0.08128117769956589,0.0001,180700
8607,5193,0.05,8.739546540000001,139,722988,84.0,0.07792393863201141,0.0001,180721
8608,5193,0.05,8.670051970000001,139,723072,84.0,0.05103559419512749,0.0001,180742
8609,5194,0.05,8.789202770000001,139,723156,84.0,0.07680150121450424,0.0001,180763
8610,5195,0.05,8.787177550000001,139,723240,84.0,0.03526712954044342,0.0001,180784
8611,5195,0.05,8.77974346,139,723324,84.0,2.2784030437469482,0.0001,180805
8612,5196,0.05,8.784701320000002,139,723408,84.0,2.35876202583313,0.0001,180826
8613,5197,0.05,8.7898446,139,723492,84.0,2.304973840713501,0.0001,180847
8614,5197,0.05,8.737950210000001,139,723576,84.0,0.04070860892534256,0.0001,180868
8615,5198,0.05,8.71430463,139,723660,84.0,0.06980007886886597,0.0001,180889
8616,5198,0.05,8.70132757,139,723744,84.0,0.09671425819396973,0.0001,180910
8617,5199,0.05,8.71309476,139,723828,84.0,2.195065975189209,0.0001,180931
8618,5199,0.05,8.74366144,139,723912,84.0,0.09205923229455948,0.0001,180952
8619,5200,0.05,8.75083507,139,723996,84.0,0.06551377475261688,0.0001,180973
8620,5200,0.05,8.67114606,139,724080,84.0,2.2842485904693604,0.0001,180994
8621,5201,0.05,8.56546251,139,724164,84.0,0.03318016976118088,0.0001,181015
8622,5202,0.05,8.609062970000002,139,724248,84.0,2.5256848335266113,0.0001,181036
8623,5203,0.05,8.533111420000001,139,724332,84.0,0.05237073078751564,0.0001,181057
8624,5204,0.05,8.551060820000002,139,724416,84.0,0.036922574043273926,0.0001,181078
8625,5204,0.05,8.70724072,139,724500,84.0,2.2522482872009277,0.0001,181099
8626,5205,0.05,8.7325444,139,724584,84.0,0.1699795424938202,0.0001,181120
8627,5206,0.05,8.75277397,139,724668,84.0,0.033943504095077515,0.0001,181141
8628,5207,0.05,8.78475916,139,724752,84.0,0.027891965582966805,0.0001,181162
8629,5208,0.05,8.842954480000001,139,724836,84.0,0.031231611967086792,0.0001,181183
8630,5208,0.05,8.93713569,139,724920,84.0,2.4122111797332764,0.0001,181204
8631,5209,0.05,9.019189030000001,139,725004,84.0,0.032555125653743744,0.0001,181225
8632,5210,0.05,9.05328971,139,725088,84.0,0.08996982872486115,0.0001,181246
8633,5210,0.05,9.05187014,139,725172,84.0,0.027848588302731514,0.0001,181267
8634,5211,0.05,9.06778318,139,725256,84.0,2.291558265686035,0.0001,181288
8635,5212,0.05,9.03904736,139,725340,84.0,0.07935631275177002,0.0001,181309
8636,5212,0.05,9.0405421,139,725424,84.0,0.006098043639212847,0.0001,181330
8637,5213,0.05,8.93827982,139,725508,84.0,0.04329615458846092,0.0001,181351
8638,5213,0.05,8.88944991,139,725592,84.0,2.2577028274536133,0.0001,181372
8639,5214,0.05,8.841470610000002,139,725676,84.0,0.03280244767665863,0.0001,181393
8640,5215,0.05,8.846889440000002,139,725760,84.0,6.816760063171387,0.0001,181414
8641,5215,0.05,8.84793842,139,725844,84.0,0.12878967821598053,0.0001,181435
8642,5216,0.05,8.734295340000001,139,725928,84.0,0.08902303874492645,0.0001,181456
8643,5217,0.05,8.77183028,139,726012,84.0,2.2777092456817627,0.0001,181477
8644,5217,0.05,8.758205129999999,139,726096,84.0,0.02709253504872322,0.0001,181498
8645,5218,0.05,8.82379978,139,726180,84.0,0.053227636963129044,0.0001,181519
8646,5219,0.05,8.86159669,139,726264,84.0,2.2486488819122314,0.0001,181540
8647,5219,0.05,8.85632983,139,726348,84.0,0.06665271520614624,0.0001,181561
8648,5220,0.05,8.88626159,139,726432,84.0,0.053301017731428146,0.0001,181582
8649,5221,0.05,8.76720113,139,726516,84.0,0.04110404849052429,0.0001,181603
8650,5221,0.05,8.906602459999998,139,726600,84.0,0.029806477949023247,0.0001,181624
8651,5222,0.05,9.0046104,139,726684,84.0,2.212801218032837,0.0001,181645
8652,5222,0.05,8.951701669999999,139,726768,84.0,0.05295070260763168,0.0001,181666
8653,5223,0.05,8.96334432,139,726852,84.0,2.2658302783966064,0.0001,181687
8654,5223,0.05,8.98197372,139,726936,84.0,2.2641992568969727,0.0001,181708
8655,5224,0.05,9.09178016,139,727020,84.0,2.2669265270233154,0.0001,181729
8656,5224,0.05,9.21455373,139,727104,84.0,0.05229339748620987,0.0001,181750
8657,5225,0.05,9.2267219,139,727188,84.0,0.03201515972614288,0.0001,181771
8658,5226,0.05,9.22521485,139,727272,84.0,0.06980639696121216,0.0001,181792
8659,5226,0.05,9.28339832,139,727356,84.0,0.06128396838903427,0.0001,181813
8660,5227,0.05,9.315694290000001,139,727440,84.0,0.03590437024831772,0.0001,181834
8661,5227,0.05,9.261979239999999,139,727524,84.0,2.2597177028656006,0.0001,181855
8662,5228,0.05,9.26450923,139,727608,84.0,0.03265228122472763,0.0001,181876
8663,5229,0.05,9.21809813,139,727692,84.0,0.07929335534572601,0.0001,181897
8664,5229,0.05,9.301227220000001,139,727776,84.0,4.487889766693115,0.0001,181918
8665,5230,0.05,9.28329261,139,727860,84.0,0.07904796302318573,0.0001,181939
8666,5231,0.05,9.26159372,139,727944,84.0,0.06682940572500229,0.0001,181960
8667,5231,0.05,9.15107303,139,728028,84.0,2.308349847793579,0.0001,181981
8668,5232,0.05,9.208310419999998,139,728112,84.0,0.06581531465053558,0.0001,182002
8669,5232,0.05,9.264916529999999,139,728196,84.0,0.059662505984306335,0.0001,182023
8670,5233,0.05,9.23253661,139,728280,84.0,0.05823953449726105,0.0001,182044
8671,5233,0.05,9.243127059999999,139,728364,84.0,2.242542028427124,0.0001,182065
8672,5234,0.05,9.3803646,139,728448,84.0,0.09096674621105194,0.0001,182086
8673,5234,0.05,9.49945762,139,728532,84.0,0.0994279757142067,0.0001,182107
8674,5235,0.05,9.479056399999997,139,728616,84.0,0.04103866592049599,0.0001,182128
8675,5235,0.05,9.46832821,139,728700,84.0,2.2438390254974365,0.0001,182149
8676,5236,0.05,9.4551986,139,728784,84.0,0.0938931554555893,0.0001,182170
8677,5237,0.05,9.53250965,139,728868,84.0,0.04414841905236244,0.0001,182191
8678,5237,0.05,9.435684989999999,139,728952,84.0,2.2665257453918457,0.0001,182212
8679,5238,0.05,9.442556,139,729036,84.0,2.2600996494293213,0.0001,182233
8680,5239,0.05,9.44268695,139,729120,84.0,0.06086965650320053,0.0001,182254
8681,5239,0.05,9.54107439,139,729204,84.0,0.04030502215027809,0.0001,182275
8682,5240,0.05,9.50899731,139,729288,84.0,0.10689013451337814,0.0001,182296
8683,5240,0.05,9.51336236,139,729372,84.0,0.035748422145843506,0.0001,182317
8684,5241,0.05,9.45467192,139,729456,84.0,0.045953765511512756,0.0001,182338
8685,5242,0.05,9.386767650000001,139,729540,84.0,0.05716985464096069,0.0001,182359
8686,5242,0.05,9.30335333,139,729624,84.0,0.046563684940338135,0.0001,182380
8687,5243,0.05,9.40810609,139,729708,84.0,0.09190147370100021,0.0001,182401
8688,5244,0.05,9.52031474,139,729792,84.0,0.06870219111442566,0.0001,182422
8689,5244,0.05,9.54023123,139,729876,84.0,0.030922038480639458,0.0001,182443
8690,5245,0.05,9.48969516,139,729960,84.0,0.028678957372903824,0.0001,182464
8691,5245,0.05,9.493608210000001,139,730044,84.0,0.052696384489536285,0.0001,182485
8692,5246,0.05,9.568872550000002,139,730128,84.0,0.07102654874324799,0.0001,182506
8693,5246,0.05,9.62802213,139,730212,84.0,0.0588500015437603,0.0001,182527
8694,5247,0.05,9.752726359999999,139,730296,84.0,0.07493727654218674,0.0001,182548
8695,5247,0.05,9.58343615,139,730380,84.0,0.04170576483011246,0.0001,182569
8696,5248,0.05,9.58303482,139,730464,84.0,0.03525078296661377,0.0001,182590
8697,5248,0.05,9.568553500000002,139,730548,84.0,0.07142896950244904,0.0001,182611
8698,5249,0.05,9.559741820000001,139,730632,84.0,0.0743463784456253,0.0001,182632
8699,5249,0.05,9.496635930000002,139,730716,84.0,2.2261104583740234,0.0001,182653
8700,5250,0.05,9.489503090000001,139,730800,84.0,2.278397560119629,0.0001,182674
8701,5251,0.05,9.487320640000002,139,730884,84.0,0.08990053832530975,0.0001,182695
8702,5251,0.05,9.511123330000002,139,730968,84.0,0.07206231355667114,0.0001,182716
8703,5252,0.05,9.55535299,139,731052,84.0,2.3128457069396973,0.0001,182737
8704,5252,0.05,9.54878382,139,731136,84.0,0.03569406270980835,0.0001,182758
8705,5253,0.05,9.559674489999999,139,731220,84.0,2.2294929027557373,0.0001,182779
8706,5253,0.05,9.53366443,139,731304,84.0,0.02712157741189003,0.0001,182800
8707,5254,0.05,9.508125210000001,139,731388,84.0,2.207368850708008,0.0001,182821
8708,5254,0.05,9.530970130000002,139,731472,84.0,0.061139240860939026,0.0001,182842
8709,5255,0.05,9.568217700000002,139,731556,84.0,0.07278276234865189,0.0001,182863
8710,5255,0.05,9.56533647,139,731640,84.0,4.38675594329834,0.0001,182884
8711,5256,0.05,9.525968570000002,139,731724,84.0,0.11524468660354614,0.0001,182905
8712,5256,0.05,9.60738302,139,731808,84.0,0.047797881066799164,0.0001,182926
8713,5257,0.05,9.60262514,139,731892,84.0,0.038315169513225555,0.0001,182947
8714,5257,0.05,9.63352226,139,731976,84.0,0.02848616987466812,0.0001,182968
8715,5258,0.05,9.61113785,139,732060,84.0,0.02294084057211876,0.0001,182989
8716,5258,0.05,9.657707720000001,139,732144,84.0,2.2861390113830566,0.0001,183010
8717,5259,0.05,9.575051199999999,139,732228,84.0,0.02890639752149582,0.0001,183031
8718,5259,0.05,9.54679439,139,732312,84.0,2.2510664463043213,0.0001,183052
8719,5260,0.05,9.534613219999997,139,732396,84.0,0.02343560755252838,0.0001,183073
8720,5260,0.05,9.627370469999999,139,732480,84.0,2.262420892715454,0.0001,183094
8721,5261,0.05,9.629134599999997,139,732564,84.0,0.07326401025056839,0.0001,183115
8722,5261,0.05,9.64444851,139,732648,84.0,2.2273738384246826,0.0001,183136
8723,5262,0.05,9.63648388,139,732732,84.0,2.3559675216674805,0.0001,183157
8724,5263,0.05,9.637152139999998,139,732816,84.0,0.25233930349349976,0.0001,183178
8725,5263,0.05,9.623444339999999,139,732900,84.0,0.038873352110385895,0.0001,183199
8726,5264,0.05,9.62476985,139,732984,84.0,0.017219766974449158,0.0001,183220
8727,5264,0.05,9.6198545,139,733068,84.0,2.228605031967163,0.0001,183241
8728,5264,0.05,9.71854707,139,733152,84.0,0.10645182430744171,0.0001,183262
8729,5265,0.05,9.733457859999998,139,733236,84.0,0.0788518562912941,0.0001,183283
8730,5266,0.05,9.69558483,139,733320,84.0,2.257801055908203,0.0001,183304
8731,5266,0.05,9.64418991,139,733404,84.0,0.047481611371040344,0.0001,183325
8732,5267,0.05,9.68432737,139,733488,84.0,2.408792018890381,0.0001,183346
8733,5267,0.05,9.68811404,139,733572,84.0,2.274829864501953,0.0001,183367
8734,5268,0.05,9.63312917,139,733656,84.0,0.08236582577228546,0.0001,183388
8735,5268,0.05,9.640510560000001,139,733740,84.0,2.4360220432281494,0.0001,183409
8736,5269,0.05,9.62914767,139,733824,84.0,0.05477612093091011,0.0001,183430
8737,5269,0.05,9.71872256,139,733908,84.0,2.260266065597534,0.0001,183451
8738,5270,0.05,9.68464071,139,733992,84.0,2.087703227996826,0.0001,183472
8739,5270,0.05,9.70430646,139,734076,84.0,0.07153663039207458,0.0001,183493
8740,5271,0.05,9.78962514,139,734160,84.0,2.182828664779663,0.0001,183514
8741,5271,0.05,9.81562412,139,734244,84.0,4.382791519165039,0.0001,183535
8742,5272,0.05,9.79871632,139,734328,84.0,0.04950258508324623,0.0001,183556
8743,5273,0.05,9.71630626,139,734412,84.0,2.1691012382507324,0.0001,183577
8744,5273,0.05,9.73004557,139,734496,84.0,2.233261823654175,0.0001,183598
8745,5274,0.05,9.770629139999999,139,734580,84.0,0.023049434646964073,0.0001,183619
8746,5275,0.05,9.82564572,139,734664,84.0,0.07512810081243515,0.0001,183640
8747,5275,0.05,9.86345859,139,734748,84.0,0.01965451054275036,0.0001,183661
8748,5276,0.05,9.860776640000001,139,734832,84.0,0.022930730134248734,0.0001,183682
8749,5277,0.05,9.90080438,139,734916,84.0,0.04883776977658272,0.0001,183703
8750,5277,0.05,9.89068232,139,735000,84.0,0.06245256960391998,0.0001,183724
8751,5278,0.05,9.8843897,139,735084,84.0,0.027913689613342285,0.0001,183745
8752,5279,0.05,9.99840737,139,735168,84.0,4.429691791534424,0.0001,183766
8753,5279,0.05,9.97100493,139,735252,84.0,0.032210227102041245,0.0001,183787
8754,5280,0.05,9.96826062,139,735336,84.0,2.1831271648406982,0.0001,183808
8755,5281,0.05,9.86880447,139,735420,84.0,0.026769423857331276,0.0001,183829
8756,5281,0.05,9.86957359,139,735504,84.0,0.051807135343551636,0.0001,183850
8757,5282,0.05,9.922397710000002,139,735588,84.0,0.05063784867525101,0.0001,183871
8758,5282,0.05,9.93740998,139,735672,84.0,0.01879800856113434,0.0001,183892
8759,5283,0.05,9.81655795,139,735756,84.0,0.0717499703168869,0.0001,183913
8760,5284,0.05,9.85804533,139,735840,84.0,4.453424453735352,0.0001,183934
8761,5284,0.05,9.96240437,139,735924,84.0,0.03938700258731842,0.0001,183955
8762,5285,0.05,9.98036288,139,736008,84.0,2.1989858150482178,0.0001,183976
8763,5285,0.05,10.182962150000002,139,736092,84.0,0.0744740217924118,0.0001,183997
8764,5286,0.05,10.085931,139,736176,84.0,0.022419828921556473,0.0001,184018
8765,5286,0.05,10.1707726,139,736260,84.0,0.062491193413734436,0.0001,184039
8766,5287,0.05,10.23837567,139,736344,84.0,0.03482453525066376,0.0001,184060
8767,5287,0.05,10.235992620000001,139,736428,84.0,0.047396522015333176,0.0001,184081
8768,5288,0.05,10.256615349999999,139,736512,84.0,0.07526078075170517,0.0001,184102
8769,5288,0.05,10.24720597,139,736596,84.0,4.493582248687744,0.0001,184123
8770,5289,0.05,10.43950321,139,736680,84.0,0.03263331949710846,0.0001,184144
8771,5290,0.05,10.521166569999998,139,736764,84.0,0.0384054072201252,0.0001,184165
8772,5290,0.05,10.569682169999998,139,736848,84.0,0.26899492740631104,0.0001,184186
8773,5291,0.05,10.49046768,139,736932,84.0,4.408191680908203,0.0001,184207
8774,5292,0.05,10.570201930000001,139,737016,84.0,2.377322196960449,0.0001,184228
8775,5292,0.05,10.64716275,139,737100,84.0,0.051711030304431915,0.0001,184249
8776,5293,0.05,10.640534,139,737184,84.0,0.07765108346939087,0.0001,184270
8777,5293,0.05,10.65779308,139,737268,84.0,2.217179536819458,0.0001,184291
8778,5294,0.05,10.66997176,139,737352,84.0,0.06193070858716965,0.0001,184312
8779,5295,0.05,10.808598380000001,139,737436,84.0,0.10853028297424316,0.0001,184333
8780,5295,0.05,10.829564059999997,139,737520,84.0,2.2650997638702393,0.0001,184354
8781,5296,0.05,10.705386370000001,139,737604,84.0,0.02787095308303833,0.0001,184375
8782,5296,0.05,10.75276889,139,737688,84.0,0.1853858232498169,0.0001,184396
8783,5297,0.05,10.757982849999998,139,737772,84.0,0.02860761061310768,0.0001,184417
8784,5297,0.05,10.815491450000001,139,737856,84.0,0.08520561456680298,0.0001,184438
8785,5298,0.05,10.798670609999999,139,737940,84.0,0.17667435109615326,0.0001,184459
8786,5298,0.05,10.8548233,139,738024,84.0,0.03188762813806534,0.0001,184480
8787,5299,0.05,10.744492979999997,139,738108,84.0,2.2534830570220947,0.0001,184501
8788,5299,0.05,10.644192949999999,139,738192,84.0,2.278496742248535,0.0001,184522
8789,5300,0.05,10.631003159999999,139,738276,84.0,0.12441518157720566,0.0001,184543
8790,5300,0.05,10.770931739999998,139,738360,84.0,2.334916353225708,0.0001,184564
8791,5301,0.05,10.672634469999998,139,738444,84.0,2.2017133235931396,0.0001,184585
8792,5302,0.05,10.45613809,139,738528,84.0,2.2622156143188477,0.0001,184606
8793,5302,0.05,10.40381854,139,738612,84.0,0.02771378494799137,0.0001,184627
8794,5303,0.05,10.362955589999999,139,738696,84.0,0.060053061693906784,0.0001,184648
8795,5303,0.05,10.366276759999998,139,738780,84.0,0.049893878400325775,0.0001,184669
8796,5304,0.05,10.301917329999998,139,738864,84.0,0.04015617072582245,0.0001,184690
8797,5304,0.05,10.291233010000001,139,738948,84.0,0.04713049158453941,0.0001,184711
8798,5305,0.05,10.272842390000001,139,739032,84.0,4.377549648284912,0.0001,184732
8799,5305,0.05,10.32515128,139,739116,84.0,0.08898422122001648,0.0001,184753
8800,5306,0.05,10.318981440000002,139,739200,84.0,0.035166747868061066,0.0001,184774
8801,5306,0.05,10.325801839999999,139,739284,84.0,2.2977662086486816,0.0001,184795
8802,5307,0.05,10.33475778,139,739368,84.0,0.03335995227098465,0.0001,184816
8803,5308,0.05,10.26333413,139,739452,84.0,2.2718305587768555,0.0001,184837
8804,5308,0.05,10.271320810000002,139,739536,84.0,0.04573429375886917,0.0001,184858
8805,5309,0.05,10.23443699,139,739620,84.0,2.2791261672973633,0.0001,184879
8806,5309,0.05,10.28114148,139,739704,84.0,0.0245094932615757,0.0001,184900
8807,5310,0.05,10.310559809999999,139,739788,84.0,0.029546432197093964,0.0001,184921
8808,5310,0.05,10.32772929,139,739872,84.0,0.04145554453134537,0.0001,184942
8809,5311,0.05,10.26416514,139,739956,84.0,0.01677132025361061,0.0001,184963
8810,5311,0.05,10.26834861,139,740040,84.0,0.07958471775054932,0.0001,184984
8811,5312,0.05,10.30948648,139,740124,84.0,2.3784873485565186,0.0001,185005
8812,5313,0.05,10.270072359999999,139,740208,84.0,2.2146801948547363,0.0001,185026
8813,5313,0.05,10.252567989999998,139,740292,84.0,2.2340242862701416,0.0001,185047
8814,5314,0.05,10.244973499999999,139,740376,84.0,2.255589008331299,0.0001,185068
8815,5314,0.05,10.29053927,139,740460,84.0,0.02816510759294033,0.0001,185089
8816,5315,0.05,10.26704741,139,740544,84.0,2.290747880935669,0.0001,185110
8817,5315,0.05,10.276209119999999,139,740628,84.0,0.0916508212685585,0.0001,185131
8818,5316,0.05,10.310883689999999,139,740712,84.0,2.2140204906463623,0.0001,185152
8819,5316,0.05,10.276479770000002,139,740796,84.0,4.375692367553711,0.0001,185173
8820,5317,0.05,10.218692729999999,139,740880,84.0,0.05274698883295059,0.0001,185194
8821,5317,0.05,10.228317109999999,139,740964,84.0,2.2145745754241943,0.0001,185215
8822,5318,0.05,10.221928609999999,139,741048,84.0,0.039277464151382446,0.0001,185236
8823,5318,0.05,10.198406929999999,139,741132,84.0,2.229623794555664,0.0001,185257
8824,5319,0.05,10.179326179999999,139,741216,84.0,2.2115814685821533,0.0001,185278
8825,5319,0.05,10.171773940000001,139,741300,84.0,0.04332253709435463,0.0001,185299
8826,5320,0.05,10.18082157,139,741384,84.0,2.1617188453674316,0.0001,185320
8827,5321,0.05,10.197083580000001,139,741468,84.0,0.06144757568836212,0.0001,185341
8828,5321,0.05,10.17375365,139,741552,84.0,4.466891288757324,0.0001,185362
8829,5322,0.05,10.18919087,139,741636,84.0,0.03985922038555145,0.0001,185383
8830,5323,0.05,10.277614269999999,139,741720,84.0,0.036347873508930206,0.0001,185404
8831,5323,0.05,10.387612129999997,139,741804,84.0,2.271362066268921,0.0001,185425
8832,5324,0.05,10.386357699999998,139,741888,84.0,0.06666061282157898,0.0001,185446
8833,5324,0.05,10.398144129999999,139,741972,84.0,0.041941747069358826,0.0001,185467
8834,5325,0.05,10.468197180000002,139,742056,84.0,2.201814651489258,0.0001,185488
8835,5326,0.05,10.45436404,139,742140,84.0,0.12607620656490326,0.0001,185509
8836,5326,0.05,10.44413771,139,742224,84.0,0.07498982548713684,0.0001,185530
8837,5327,0.05,10.355489720000001,139,742308,84.0,0.12029020488262177,0.0001,185551
8838,5327,0.05,10.37524839,139,742392,84.0,0.11149993538856506,0.0001,185572
8839,5328,0.05,10.236456939999998,139,742476,84.0,0.023421231657266617,0.0001,185593
8840,5329,0.05,10.143039819999998,139,742560,84.0,2.397709846496582,0.0001,185614
8841,5329,0.05,10.161897719999999,139,742644,84.0,2.2124955654144287,0.0001,185635
8842,5330,0.05,10.149355769999998,139,742728,84.0,2.173274278640747,0.0001,185656
8843,5330,0.05,10.2419862,139,742812,84.0,6.599250316619873,0.0001,185677
8844,5331,0.05,10.241139679999998,139,742896,84.0,0.02616293728351593,0.0001,185698
8845,5331,0.05,10.18246987,139,742980,84.0,2.2572696208953857,0.0001,185719
8846,5332,0.05,10.16936304,139,743064,84.0,0.03870917856693268,0.0001,185740
8847,5333,0.05,10.17062786,139,743148,84.0,0.01644754409790039,0.0001,185761
8848,5333,0.05,10.12752501,139,743232,84.0,0.1032591462135315,0.0001,185782
8849,5334,0.05,10.11584444,139,743316,84.0,0.02067497745156288,0.0001,185803
8850,5334,0.05,10.08894667,139,743400,84.0,0.04658719152212143,0.0001,185824
8851,5335,0.05,10.06319496,139,743484,84.0,2.169731616973877,0.0001,185845
8852,5336,0.05,10.00271736,139,743568,84.0,2.2325117588043213,0.0001,185866
8853,5336,0.05,10.0198902,139,743652,84.0,0.03545486181974411,0.0001,185887
8854,5337,0.05,10.040025960000001,139,743736,84.0,0.05008550360798836,0.0001,185908
8855,5337,0.05,10.10499749,139,743820,84.0,0.038902442902326584,0.0001,185929
8856,5338,0.05,10.11618265,139,743904,84.0,2.1881771087646484,0.0001,185950
8857,5339,0.05,10.13190383,139,743988,84.0,0.042416613548994064,0.0001,185971
8858,5339,0.05,10.261686500000001,139,744072,84.0,2.220590591430664,0.0001,185992
8859,5340,0.05,10.310498099999997,139,744156,84.0,0.10829107463359833,0.0001,186013
8860,5340,0.05,10.30036767,139,744240,84.0,4.382891654968262,0.0001,186034
8861,5341,0.05,10.193461419999998,139,744324,84.0,0.05518627539277077,0.0001,186055
8862,5341,0.05,10.10737923,139,744408,84.0,0.0658615231513977,0.0001,186076
8863,5342,0.05,9.99568205,139,744492,84.0,4.386445045471191,0.0001,186097
8864,5342,0.05,9.95575633,139,744576,84.0,0.10338931530714035,0.0001,186118
8865,5343,0.05,9.77222489,139,744660,84.0,0.0541658028960228,0.0001,186139
8866,5344,0.05,9.869578080000002,139,744744,84.0,2.2548789978027344,0.0001,186160
8867,5344,0.05,9.879602089999999,139,744828,84.0,0.06240221485495567,0.0001,186181
8868,5345,0.05,9.94307581,139,744912,84.0,0.2404133677482605,0.0001,186202
8869,5346,0.05,9.95245256,139,744996,84.0,0.13534106314182281,0.0001,186223
8870,5346,0.05,9.79395486,139,745080,84.0,0.09976878017187119,0.0001,186244
8871,5347,0.05,9.66864596,139,745164,84.0,0.057358428835868835,0.0001,186265
8872,5348,0.05,9.623723570000001,139,745248,84.0,0.11500389873981476,0.0001,186286
8873,5348,0.05,9.61750759,139,745332,84.0,0.08921761810779572,0.0001,186307
8874,5349,0.05,9.52598506,139,745416,84.0,0.027629518881440163,0.0001,186328
8875,5349,0.05,9.45793174,139,745500,84.0,0.045925527811050415,0.0001,186349
8876,5350,0.05,9.45741666,139,745584,84.0,0.03113785944879055,0.0001,186370
8877,5351,0.05,9.41482712,139,745668,84.0,0.07646981626749039,0.0001,186391
8878,5351,0.05,9.414118649999999,139,745752,84.0,0.04526350647211075,0.0001,186412
8879,5352,0.05,9.26169465,139,745836,84.0,0.1552775800228119,0.0001,186433
8880,5352,0.05,9.302405349999999,139,745920,84.0,0.01573267951607704,0.0001,186454
8881,5353,0.05,9.28246623,139,746004,84.0,0.084332674741745,0.0001,186475
8882,5353,0.05,9.23573717,139,746088,84.0,0.05221972241997719,0.0001,186496
8883,5354,0.05,9.148123739999999,139,746172,84.0,4.410102844238281,0.0001,186517
8884,5354,0.05,9.17166797,139,746256,84.0,0.0217735655605793,0.0001,186538
8885,5355,0.05,9.120704289999999,139,746340,84.0,0.048986949026584625,0.0001,186559
8886,5355,0.05,9.03738234,139,746424,84.0,2.2885167598724365,0.0001,186580
8887,5356,0.05,9.039523240000001,139,746508,84.0,2.245474100112915,0.0001,186601
8888,5357,0.05,9.03926242,139,746592,84.0,0.03831663727760315,0.0001,186622
8889,5357,0.05,9.05293732,139,746676,84.0,2.210921287536621,0.0001,186643
8890,5358,0.05,8.915104250000002,139,746760,84.0,0.03941990062594414,0.0001,186664
8891,5358,0.05,8.92654018,139,746844,84.0,0.0751580148935318,0.0001,186685
8892,5359,0.05,9.05073527,139,746928,84.0,2.160878896713257,0.0001,186706
8893,5359,0.05,8.992623140000001,139,747012,84.0,0.04849247261881828,0.0001,186727
8894,5360,0.05,8.91907942,139,747096,84.0,2.4080963134765625,0.0001,186748
8895,5360,0.05,8.93231556,139,747180,84.0,0.06836973875761032,0.0001,186769
8896,5361,0.05,8.97224928,139,747264,84.0,0.05025533214211464,0.0001,186790
8897,5362,0.05,8.9820006,139,747348,84.0,2.2340457439422607,0.0001,186811
8898,5362,0.05,8.97405754,139,747432,84.0,0.028933346271514893,0.0001,186832
8899,5363,0.05,9.1074248,139,747516,84.0,4.43463134765625,0.0001,186853
8900,5363,0.05,9.11675692,139,747600,84.0,0.05102711543440819,0.0001,186874
8901,5364,0.05,9.124169980000001,139,747684,84.0,0.09122885018587112,0.0001,186895
8902,5364,0.05,9.14003355,139,747768,84.0,2.24351167678833,0.0001,186916
8903,5365,0.05,9.13168003,139,747852,84.0,2.2013609409332275,0.0001,186937
8904,5365,0.05,9.10862197,139,747936,84.0,0.037689946591854095,0.0001,186958
8905,5366,0.05,9.12373719,139,748020,84.0,2.2318811416625977,0.0001,186979
8906,5366,0.05,9.0423293,139,748104,84.0,0.028763629496097565,0.0001,187000
8907,5367,0.05,9.023761610000001,139,748188,84.0,0.058223508298397064,0.0001,187021
8908,5368,0.05,8.91428692,139,748272,84.0,0.03066776692867279,0.0001,187042
8909,5368,0.05,9.019799509999999,139,748356,84.0,0.13104674220085144,0.0001,187063
8910,5369,0.05,8.98413553,139,748440,84.0,2.214846134185791,0.0001,187084
8911,5369,0.05,8.944430789999998,139,748524,84.0,0.10416031628847122,0.0001,187105
8912,5370,0.05,8.892177,139,748608,84.0,2.233870267868042,0.0001,187126
8913,5371,0.05,9.02862599,139,748692,84.0,0.02782689966261387,0.0001,187147
8914,5371,0.05,9.06042942,139,748776,84.0,2.247328996658325,0.0001,187168
8915,5372,0.05,9.095927009999999,139,748860,84.0,2.3466460704803467,0.0001,187189
8916,5372,0.05,9.16998045,139,748944,84.0,0.07057370990514755,0.0001,187210
8917,5373,0.05,9.168944089999998,139,749028,84.0,0.08401226997375488,0.0001,187231
8918,5374,0.05,9.154282449999998,139,749112,84.0,0.04873456433415413,0.0001,187252
8919,5374,0.05,9.178006479999999,139,749196,84.0,2.2768502235412598,0.0001,187273
8920,5375,0.05,9.18890685,139,749280,84.0,2.328803062438965,0.0001,187294
8921,5376,0.05,9.186898500000002,139,749364,84.0,0.12735071778297424,0.0001,187315
8922,5376,0.05,9.231045060000001,139,749448,84.0,2.176481008529663,0.0001,187336
8923,5377,0.05,9.25703019,139,749532,84.0,0.040587522089481354,0.0001,187357
8924,5378,0.05,9.253489459999999,139,749616,84.0,0.057327739894390106,0.0001,187378
8925,5379,0.05,9.296823410000002,139,749700,84.0,0.03294429928064346,0.0001,187399
8926,5379,0.05,9.23032437,139,749784,84.0,0.02828149124979973,0.0001,187420
8927,5380,0.05,9.20393432,139,749868,84.0,0.08548600971698761,0.0001,187441
8928,5381,0.05,9.18228841,139,749952,84.0,0.0529634989798069,0.0001,187462
8929,5381,0.05,9.09519385,139,750036,84.0,2.211890935897827,0.0001,187483
8930,5382,0.05,9.07625668,139,750120,84.0,0.07303209602832794,0.0001,187504
8931,5382,0.05,8.973997950000001,139,750204,84.0,2.1534221172332764,0.0001,187525
8932,5383,0.05,9.12660947,139,750288,84.0,0.12323252856731415,0.0001,187546
8933,5384,0.05,9.0943425,139,750372,84.0,0.04732111096382141,0.0001,187567
8934,5384,0.05,9.08332107,139,750456,84.0,0.07169241458177567,0.0001,187588
8935,5385,0.05,9.18396105,139,750540,84.0,2.2145423889160156,0.0001,187609
8936,5385,0.05,9.20738895,139,750624,84.0,0.04449740797281265,0.0001,187630
8937,5386,0.05,9.268171559999999,139,750708,84.0,0.10614098608493805,0.0001,187651
8938,5386,0.05,9.290346119999999,139,750792,84.0,0.04379947483539581,0.0001,187672
8939,5387,0.05,9.44742041,139,750876,84.0,0.0691777765750885,0.0001,187693
8940,5388,0.05,9.474302369999998,139,750960,84.0,0.06843508780002594,0.0001,187714
8941,5388,0.05,9.43924139,139,751044,84.0,0.09996367990970612,0.0001,187735
8942,5389,0.05,9.527216180000002,139,751128,84.0,0.04604058712720871,0.0001,187756
8943,5389,0.05,9.44773456,139,751212,84.0,0.3559745252132416,0.0001,187777
8944,5390,0.05,9.50321933,139,751296,84.0,0.07606896758079529,0.0001,187798
8945,5391,0.05,9.501750170000001,139,751380,84.0,4.482107639312744,0.0001,187819
8946,5391,0.05,9.440026510000001,139,751464,84.0,2.2013604640960693,0.0001,187840
8947,5392,0.05,9.45667587,139,751548,84.0,2.2404680252075195,0.0001,187861
8948,5392,0.05,9.51462183,139,751632,84.0,0.07520358264446259,0.0001,187882
8949,5393,0.05,9.63392363,139,751716,84.0,0.0689307227730751,0.0001,187903
8950,5393,0.05,9.73652489,139,751800,84.0,0.0339030921459198,0.0001,187924
8951,5394,0.05,9.730466850000001,139,751884,84.0,0.07385433465242386,0.0001,187945
8952,5394,0.05,9.808350449999999,139,751968,84.0,0.06479720771312714,0.0001,187966
8953,5395,0.05,9.83500134,139,752052,84.0,4.322919845581055,0.0001,187987
8954,5395,0.05,9.8061915,139,752136,84.0,0.03500640019774437,0.0001,188008
8955,5396,0.05,9.74067301,139,752220,84.0,2.159249782562256,0.0001,188029
8956,5397,0.05,9.72341773,139,752304,84.0,2.196589231491089,0.0001,188050
8957,5397,0.05,9.70179988,139,752388,84.0,0.0665162205696106,0.0001,188071
8958,5398,0.05,9.6016152,139,752472,84.0,0.06623829901218414,0.0001,188092
8959,5398,0.05,9.586372820000001,139,752556,84.0,0.07682009041309357,0.0001,188113
8960,5399,0.05,9.5112324,139,752640,84.0,0.05582081899046898,0.0001,188134
8961,5399,0.05,9.529072890000002,139,752724,84.0,2.2417409420013428,0.0001,188155
8962,5400,0.05,9.52716491,139,752808,84.0,2.2200536727905273,0.0001,188176
8963,5401,0.05,9.546328670000001,139,752892,84.0,0.06141812726855278,0.0001,188197
8964,5401,0.05,9.58308542,139,752976,84.0,0.044789351522922516,0.0001,188218
8965,5402,0.05,9.713556089999999,139,753060,84.0,0.049750275909900665,0.0001,188239
8966,5403,0.05,9.606440229999999,139,753144,84.0,0.023849695920944214,0.0001,188260
8967,5403,0.05,9.58822487,139,753228,84.0,0.03630056977272034,0.0001,188281
8968,5404,0.05,9.49266182,139,753312,84.0,0.08901557326316833,0.0001,188302
8969,5404,0.05,9.42625827,139,753396,84.0,0.0445203073322773,0.0001,188323
8970,5405,0.05,9.4140829,139,753480,84.0,2.133915662765503,0.0001,188344
8971,5405,0.05,9.41550835,139,753564,84.0,0.07853396236896515,0.0001,188365
8972,5406,0.05,9.498771239999998,139,753648,84.0,2.2590553760528564,0.0001,188386
8973,5406,0.05,9.58440108,139,753732,84.0,0.020234951749444008,0.0001,188407
8974,5407,0.05,9.588329469999998,139,753816,84.0,0.03448228910565376,0.0001,188428
8975,5408,0.05,9.637657899999999,139,753900,84.0,2.2024753093719482,0.0001,188449
8976,5408,0.05,9.679407930000002,139,753984,84.0,0.03482832387089729,0.0001,188470
8977,5409,0.05,9.69401639,139,754068,84.0,0.12914779782295227,0.0001,188491
8978,5409,0.05,9.69802076,139,754152,84.0,0.0318504199385643,0.0001,188512
8979,5410,0.05,9.701404360000002,139,754236,84.0,0.043874017894268036,0.0001,188533
8980,5410,0.05,9.664071810000001,139,754320,84.0,0.0595783106982708,0.0001,188554
8981,5411,0.05,9.642993299999999,139,754404,84.0,0.04390644654631615,0.0001,188575
8982,5412,0.05,9.69866553,139,754488,84.0,4.380478858947754,0.0001,188596
8983,5412,0.05,9.796763709999999,139,754572,84.0,0.03103793039917946,0.0001,188617
8984,5413,0.05,9.77601164,139,754656,84.0,0.07089212536811829,0.0001,188638
8985,5413,0.05,9.843720209999999,139,754740,84.0,0.023356810212135315,0.0001,188659
8986,5414,0.05,9.9459527,139,754824,84.0,0.02352110669016838,0.0001,188680
8987,5414,0.05,9.91016972,139,754908,84.0,0.09932197630405426,0.0001,188701
8988,5415,0.05,9.898119839999998,139,754992,84.0,0.07819849997758865,0.0001,188722
8989,5416,0.05,9.88835072,139,755076,84.0,0.05825377255678177,0.0001,188743
8990,5416,0.05,9.93012506,139,755160,84.0,0.050714850425720215,0.0001,188764
8991,5417,0.05,9.93953969,139,755244,84.0,0.014462949708104134,0.0001,188785
8992,5417,0.05,9.96631183,139,755328,84.0,2.263110637664795,0.0001,188806
8993,5418,0.05,10.010493480000001,139,755412,84.0,0.13216646015644073,0.0001,188827
8994,5419,0.05,10.14397009,139,755496,84.0,0.025999018922448158,0.0001,188848
8995,5419,0.05,10.111523649999999,139,755580,84.0,2.2197890281677246,0.0001,188869
8996,5420,0.05,10.133543490000001,139,755664,84.0,0.03159436583518982,0.0001,188890
8997,5420,0.05,10.145857939999999,139,755748,84.0,0.09128245711326599,0.0001,188911
8998,5421,0.05,10.15663945,139,755832,84.0,2.2038159370422363,0.0001,188932
8999,5422,0.05,10.03752068,139,755916,84.0,0.025086775422096252,0.0001,188953
9000,5422,0.05,10.09270282,139,756000,84.0,0.05191219598054886,0.0001,188974
9001,5423,0.05,10.07159777,139,756084,84.0,0.10648839175701141,0.0001,188995
9002,5423,0.05,10.16069838,139,756168,84.0,0.024978864938020706,0.0001,189016
9003,5424,0.05,10.168099940000001,139,756252,84.0,0.05082238093018532,0.0001,189037
9004,5424,0.05,10.2059919,139,756336,84.0,2.230079174041748,0.0001,189058
9005,5425,0.05,10.170628670000001,139,756420,84.0,2.1904983520507812,0.0001,189079
9006,5426,0.05,10.21173899,139,756504,84.0,0.06397689878940582,0.0001,189100
9007,5426,0.05,10.13767777,139,756588,84.0,0.031350694596767426,0.0001,189121
9008,5427,0.05,10.26493322,139,756672,84.0,2.1632587909698486,0.0001,189142
9009,5427,0.05,10.213421649999999,139,756756,84.0,0.04614150524139404,0.0001,189163
9010,5428,0.05,10.20493378,139,756840,84.0,0.05247317627072334,0.0001,189184
9011,5429,0.05,10.23829674,139,756924,84.0,2.1705493927001953,0.0001,189205
9012,5429,0.05,10.277289490000001,139,757008,84.0,0.08782385289669037,0.0001,189226
9013,5430,0.05,10.15780309,139,757092,84.0,0.01908855326473713,0.0001,189247
9014,5430,0.05,10.16170291,139,757176,84.0,0.136184960603714,0.0001,189268
9015,5431,0.05,10.13065855,139,757260,84.0,0.049886442720890045,0.0001,189289
9016,5431,0.05,10.05842434,139,757344,84.0,0.07721534371376038,0.0001,189310
9017,5432,0.05,10.04323586,139,757428,84.0,0.05363055318593979,0.0001,189331
9018,5433,0.05,10.03714306,139,757512,84.0,2.205591917037964,0.0001,189352
9019,5433,0.05,10.05546896,139,757596,84.0,2.1333208084106445,0.0001,189373
9020,5434,0.05,10.047260150000001,139,757680,84.0,0.04998443275690079,0.0001,189394
9021,5434,0.05,9.99451822,139,757764,84.0,0.09316368401050568,0.0001,189415
9022,5435,0.05,10.034221800000001,139,757848,84.0,0.03905153274536133,0.0001,189436
9023,5436,0.05,10.03236879,139,757932,84.0,0.022610310465097427,0.0001,189457
9024,5436,0.05,10.01508099,139,758016,84.0,0.052486635744571686,0.0001,189478
9025,5437,0.05,10.03777361,139,758100,84.0,0.030073605477809906,0.0001,189499
9026,5437,0.05,10.08859086,139,758184,84.0,0.040383338928222656,0.0001,189520
9027,5438,0.05,10.09918,139,758268,84.0,0.06613388657569885,0.0001,189541
9028,5438,0.05,10.20137149,139,758352,84.0,2.199960231781006,0.0001,189562
9029,5439,0.05,10.25855256,139,758436,84.0,0.04577255994081497,0.0001,189583
9030,5439,0.05,10.23760858,139,758520,84.0,0.039199601858854294,0.0001,189604
9031,5440,0.05,10.22152061,139,758604,84.0,0.05936203524470329,0.0001,189625
9032,5440,0.05,10.066873509999999,139,758688,84.0,0.08572513610124588,0.0001,189646
9033,5441,0.05,10.184800649999998,139,758772,84.0,0.050479285418987274,0.0001,189667
9034,5442,0.05,10.174365619999998,139,758856,84.0,0.061860233545303345,0.0001,189688
9035,5442,0.05,10.09650533,139,758940,84.0,2.2057862281799316,0.0001,189709
9036,5443,0.05,10.095676309999998,139,759024,84.0,0.04194795340299606,0.0001,189730
9037,5444,0.05,10.12241349,139,759108,84.0,2.2375800609588623,0.0001,189751
9038,5444,0.05,10.133750189999999,139,759192,84.0,0.04620569571852684,0.0001,189772
9039,5445,0.05,10.093545220000001,139,759276,84.0,0.06430883705615997,0.0001,189793
9040,5446,0.05,10.1819582,139,759360,84.0,0.04243747517466545,0.0001,189814
9041,5446,0.05,10.29235296,139,759444,84.0,0.13182610273361206,0.0001,189835
9042,5447,0.05,10.25259671,139,759528,84.0,0.04684813320636749,0.0001,189856
9043,5447,0.05,10.23811858,139,759612,84.0,2.218958854675293,0.0001,189877
9044,5448,0.05,10.15850052,139,759696,84.0,0.09917657822370529,0.0001,189898
9045,5448,0.05,10.17684584,139,759780,84.0,0.06625419855117798,0.0001,189919
9046,5449,0.05,10.20082161,139,759864,84.0,0.11835873126983643,0.0001,189940
9047,5449,0.05,10.23632263,139,759948,84.0,2.211745500564575,0.0001,189961
9048,5450,0.05,10.20507826,139,760032,84.0,2.1880385875701904,0.0001,189982
9049,5451,0.05,10.09429797,139,760116,84.0,2.172715187072754,0.0001,190003
9050,5451,0.05,10.0059123,139,760200,84.0,0.0644294023513794,0.0001,190024
9051,5452,0.05,10.03793654,139,760284,84.0,2.1941709518432617,0.0001,190045
9052,5452,0.05,9.966684690000001,139,760368,84.0,0.0675126165151596,0.0001,190066
9053,5453,0.05,9.95968874,139,760452,84.0,0.03337046876549721,0.0001,190087
9054,5454,0.05,9.99851511,139,760536,84.0,2.1614153385162354,0.0001,190108
9055,5454,0.05,10.03926703,139,760620,84.0,0.023991668596863747,0.0001,190129
9056,5455,0.05,10.04753946,139,760704,84.0,0.04174618422985077,0.0001,190150
9057,5455,0.05,10.06336728,139,760788,84.0,0.08854980021715164,0.0001,190171
9058,5456,0.05,10.07644867,139,760872,84.0,2.2226357460021973,0.0001,190192
9059,5457,0.05,10.08044159,139,760956,84.0,2.145153760910034,0.0001,190213
9060,5457,0.05,10.14591897,139,761040,84.0,2.1879265308380127,0.0001,190234
9061,5458,0.05,10.1936973,139,761124,84.0,2.154258966445923,0.0001,190255
9062,5458,0.05,10.40489762,139,761208,84.0,0.03474762290716171,0.0001,190276
9063,5459,0.05,10.414519969999999,139,761292,84.0,2.192368507385254,0.0001,190297
9064,5459,0.05,10.40194589,139,761376,84.0,0.047706663608551025,0.0001,190318
9065,5460,0.05,10.28481956,139,761460,84.0,0.054940685629844666,0.0001,190339
9066,5461,0.05,10.21425996,139,761544,84.0,0.04888146370649338,0.0001,190360
9067,5461,0.05,10.22598514,139,761628,84.0,0.022840358316898346,0.0001,190381
9068,5462,0.05,10.250192810000001,139,761712,84.0,0.022140158340334892,0.0001,190402
9069,5462,0.05,10.32934625,139,761796,84.0,2.173856019973755,0.0001,190423
9070,5463,0.05,10.384290809999998,139,761880,84.0,0.06312763690948486,0.0001,190444
9071,5463,0.05,10.538993469999998,139,761964,84.0,0.037477556616067886,0.0001,190465
9072,5464,0.05,10.4711626,139,762048,84.0,0.050386689603328705,0.0001,190486
9073,5465,0.05,10.384588189999999,139,762132,84.0,0.05969850718975067,0.0001,190507
9074,5465,0.05,10.440727679999998,139,762216,84.0,0.09746870398521423,0.0001,190528
9075,5466,0.05,10.409807579999999,139,762300,84.0,0.0391620472073555,0.0001,190549
9076,5466,0.05,10.375666270000002,139,762384,84.0,2.184937000274658,0.0001,190570
9077,5467,0.05,10.39317282,139,762468,84.0,0.07975691556930542,0.0001,190591
9078,5467,0.05,10.38730806,139,762552,84.0,2.2580959796905518,0.0001,190612
9079,5468,0.05,10.35800139,139,762636,84.0,0.00910164788365364,0.0001,190633
9080,5469,0.05,10.360239539999998,139,762720,84.0,0.05311325564980507,0.0001,190654
9081,5469,0.05,10.41262201,139,762804,84.0,0.025860728695988655,0.0001,190675
9082,5470,0.05,10.414753470000003,139,762888,84.0,0.09019026160240173,0.0001,190696
9083,5470,0.05,10.42881531,139,762972,84.0,2.219125270843506,0.0001,190717
9084,5471,0.05,10.439771330000001,139,763056,84.0,2.2139229774475098,0.0001,190738
9085,5471,0.05,10.521988080000002,139,763140,84.0,2.1678521633148193,0.0001,190759
9086,5472,0.05,10.557130650000001,139,763224,84.0,0.09322135150432587,0.0001,190780
9087,5472,0.05,10.67616988,139,763308,84.0,2.1547396183013916,0.0001,190801
9088,5473,0.05,10.77510796,139,763392,84.0,0.04113578423857689,0.0001,190822
9089,5474,0.05,10.74494729,139,763476,84.0,2.1718649864196777,0.0001,190843
9090,5474,0.05,10.70532285,139,763560,84.0,2.189795732498169,0.0001,190864
9091,5475,0.05,10.697427569999997,139,763644,84.0,2.242368221282959,0.0001,190885
9092,5475,0.05,10.655517189999998,139,763728,84.0,0.0977337583899498,0.0001,190906
9093,5476,0.05,10.667978369999998,139,763812,84.0,2.222766160964966,0.0001,190927
9094,5477,0.05,10.546795340000001,139,763896,84.0,0.07098345458507538,0.0001,190948
9095,5477,0.05,10.592994280000003,139,763980,84.0,0.024906788021326065,0.0001,190969
9096,5478,0.05,10.595436670000002,139,764064,84.0,0.05886981263756752,0.0001,190990
9097,5478,0.05,10.6158942,139,764148,84.0,0.04167128726840019,0.0001,191011
9098,5479,0.05,10.63037744,139,764232,84.0,0.08660978823900223,0.0001,191032
9099,5479,0.05,10.646814579999997,139,764316,84.0,2.119403123855591,0.0001,191053
9100,5480,0.05,10.50703849,139,764400,84.0,0.01963091641664505,0.0001,191074
9101,5480,0.05,10.57686385,139,764484,84.0,0.06410059332847595,0.0001,191095
9102,5481,0.05,10.50232297,139,764568,84.0,0.13638557493686676,0.0001,191116
9103,5481,0.05,10.508974649999997,139,764652,84.0,0.027705859392881393,0.0001,191137
9104,5482,0.05,10.499989580000001,139,764736,84.0,0.12506935000419617,0.0001,191158
9105,5482,0.05,10.57591116,139,764820,84.0,0.06284436583518982,0.0001,191179
9106,5483,0.05,10.58738162,139,764904,84.0,0.08602012693881989,0.0001,191200
9107,5483,0.05,10.67651857,139,764988,84.0,0.04332815110683441,0.0001,191221
9108,5484,0.05,10.669573129999998,139,765072,84.0,0.024309556931257248,0.0001,191242
9109,5484,0.05,10.648546809999997,139,765156,84.0,2.1562998294830322,0.0001,191263
9110,5485,0.05,10.69829871,139,765240,84.0,0.0585465207695961,0.0001,191284
9111,5486,0.05,10.695838069999997,139,765324,84.0,2.204078197479248,0.0001,191305
9112,5486,0.05,10.76298954,139,765408,84.0,2.2005844116210938,0.0001,191326
9113,5487,0.05,10.730282229999998,139,765492,84.0,0.031197423115372658,0.0001,191347
9114,5487,0.05,10.733395219999998,139,765576,84.0,0.03313855826854706,0.0001,191368
9115,5488,0.05,10.79102116,139,765660,84.0,2.3055412769317627,0.0001,191389
9116,5488,0.05,10.775537809999996,139,765744,84.0,2.16444730758667,0.0001,191410
9117,5489,0.05,11.01360752,139,765828,84.0,0.17261119186878204,0.0001,191431
9118,5489,0.05,11.021532289999998,139,765912,84.0,0.1635223627090454,0.0001,191452
9119,5490,0.05,11.019212979999999,139,765996,84.0,2.2213709354400635,0.0001,191473
9120,5491,0.05,11.06743434,139,766080,84.0,0.06621898710727692,0.0001,191494
9121,5491,0.05,11.23066983,139,766164,84.0,0.07770999521017075,0.0001,191515
9122,5492,0.05,11.15804586,139,766248,84.0,6.491373538970947,0.0001,191536
9123,5492,0.05,11.1195117,139,766332,84.0,0.10299122333526611,0.0001,191557
9124,5493,0.05,11.160433790000003,139,766416,84.0,2.081369400024414,0.0001,191578
9125,5493,0.05,11.153739470000003,139,766500,84.0,0.02590171806514263,0.0001,191599
9126,5494,0.05,11.149686240000003,139,766584,84.0,0.04448239505290985,0.0001,191620
9127,5494,0.05,11.286298060000002,139,766668,84.0,0.040700796991586685,0.0001,191641
9128,5495,0.05,11.24770765,139,766752,84.0,0.020487992092967033,0.0001,191662
9129,5495,0.05,11.233929719999999,139,766836,84.0,0.058611124753952026,0.0001,191683
9130,5496,0.05,11.250705609999997,139,766920,84.0,0.05283799394965172,0.0001,191704
9131,5497,0.05,11.277050189999997,139,767004,84.0,0.09451384842395782,0.0001,191725
9132,5497,0.05,11.263287660000001,139,767088,84.0,0.02466682903468609,0.0001,191746
9133,5498,0.05,11.21625265,139,767172,84.0,0.07507406175136566,0.0001,191767
9134,5498,0.05,11.22743947,139,767256,84.0,2.1784489154815674,0.0001,191788
9135,5499,0.05,11.249802379999998,139,767340,84.0,2.1569883823394775,0.0001,191809
9136,5500,0.05,11.250205289999998,139,767424,84.0,0.04044978320598602,0.0001,191830
9137,5500,0.05,11.1830354,139,767508,84.0,0.04125973582267761,0.0001,191851
9138,5501,0.05,11.197342059999997,139,767592,84.0,4.38885498046875,0.0001,191872
9139,5501,0.05,11.184576999999997,139,767676,84.0,2.1485087871551514,0.0001,191893
9140,5502,0.05,11.094525579999997,139,767760,84.0,0.04493720456957817,0.0001,191914
9141,5502,0.05,11.006713569999999,139,767844,84.0,0.04510100930929184,0.0001,191935
9142,5503,0.05,11.05560289,139,767928,84.0,2.178349256515503,0.0001,191956
9143,5504,0.05,11.05578156,139,768012,84.0,0.06334561854600906,0.0001,191977
9144,5504,0.05,11.07590841,139,768096,84.0,0.03879527747631073,0.0001,191998
9145,5505,0.05,11.07182433,139,768180,84.0,0.053374286741018295,0.0001,192019
9146,5505,0.05,11.120368059999999,139,768264,84.0,2.1505343914031982,0.0001,192040
9147,5506,0.05,11.07007005,139,768348,84.0,2.2226006984710693,0.0001,192061
9148,5507,0.05,11.075817990000001,139,768432,84.0,0.11892250925302505,0.0001,192082
9149,5507,0.05,11.064565420000001,139,768516,84.0,0.07647575438022614,0.0001,192103
9150,5508,0.05,11.09561919,139,768600,84.0,0.02092743292450905,0.0001,192124
9151,5508,0.05,11.052624880000002,139,768684,84.0,0.07066845893859863,0.0001,192145
9152,5509,0.05,11.070308390000001,139,768768,84.0,0.07878315448760986,0.0001,192166
9153,5510,0.05,11.09851386,139,768852,84.0,0.06432313472032547,0.0001,192187
9154,5510,0.05,11.1645577,139,768936,84.0,2.269185781478882,0.0001,192208
9155,5511,0.05,11.107425679999999,139,769020,84.0,2.1761488914489746,0.0001,192229
9156,5511,0.05,11.20133724,139,769104,84.0,2.1414847373962402,0.0001,192250
9157,5512,0.05,11.19634498,139,769188,84.0,2.160088300704956,0.0001,192271
9158,5512,0.05,11.168029829999998,139,769272,84.0,0.13956773281097412,0.0001,192292
9159,5513,0.05,11.20808492,139,769356,84.0,2.171602964401245,0.0001,192313
9160,5513,0.05,11.198107290000001,139,769440,84.0,0.023345764726400375,0.0001,192334
9161,5514,0.05,11.230624109999999,139,769524,84.0,2.174349546432495,0.0001,192355
9162,5514,0.05,11.098971980000002,139,769608,84.0,0.05202142149209976,0.0001,192376
9163,5515,0.05,11.064954010000001,139,769692,84.0,2.216233730316162,0.0001,192397
9164,5515,0.05,11.11717617,139,769776,84.0,0.036128900945186615,0.0001,192418
9165,5516,0.05,11.208037439999998,139,769860,84.0,0.014777175150811672,0.0001,192439
9166,5516,0.05,11.293708279999999,139,769944,84.0,0.06192583590745926,0.0001,192460
9167,5517,0.05,11.31599909,139,770028,84.0,0.0467965230345726,0.0001,192481
9168,5517,0.05,11.332939699999999,139,770112,84.0,0.06684747338294983,0.0001,192502
9169,5518,0.05,11.25413008,139,770196,84.0,2.2158093452453613,0.0001,192523
9170,5518,0.05,11.19453399,139,770280,84.0,2.165849447250366,0.0001,192544
9171,5519,0.05,11.065749019999998,139,770364,84.0,0.03215809166431427,0.0001,192565
9172,5519,0.05,11.039909540000002,139,770448,84.0,0.07288546860218048,0.0001,192586
9173,5520,0.05,11.037473140000001,139,770532,84.0,0.09447266161441803,0.0001,192607
9174,5521,0.05,11.00473028,139,770616,84.0,0.05880516394972801,0.0001,192628
9175,5521,0.05,10.996212560000002,139,770700,84.0,0.06929126381874084,0.0001,192649
9176,5522,0.05,11.04274046,139,770784,84.0,0.03102659061551094,0.0001,192670
9177,5522,0.05,11.10467888,139,770868,84.0,0.12758620083332062,0.0001,192691
9178,5523,0.05,11.10030758,139,770952,84.0,2.330940008163452,0.0001,192712
9179,5523,0.05,11.16098348,139,771036,84.0,2.2127022743225098,0.0001,192733
9180,5524,0.05,11.151848530000002,139,771120,84.0,2.1621265411376953,0.0001,192754
9181,5524,0.05,11.146221780000001,139,771204,84.0,2.209110736846924,0.0001,192775
9182,5525,0.05,11.132702180000003,139,771288,84.0,0.040647558867931366,0.0001,192796
9183,5525,0.05,11.161004320000004,139,771372,84.0,0.021536804735660553,0.0001,192817
9184,5526,0.05,11.153860120000001,139,771456,84.0,2.2468972206115723,0.0001,192838
9185,5526,0.05,11.07837946,139,771540,84.0,0.10309474170207977,0.0001,192859
9186,5527,0.05,11.05061554,139,771624,84.0,0.22363613545894623,0.0001,192880
9187,5527,0.05,10.99874371,139,771708,84.0,2.1923258304595947,0.0001,192901
9188,5528,0.05,10.910602039999999,139,771792,84.0,0.04135508835315704,0.0001,192922
9189,5528,0.05,10.93436301,139,771876,84.0,0.04200189560651779,0.0001,192943
9190,5529,0.05,10.965682200000002,139,771960,84.0,2.2127468585968018,0.0001,192964
9191,5529,0.05,11.04719957,139,772044,84.0,0.020975835621356964,0.0001,192985
9192,5530,0.05,11.070765110000002,139,772128,84.0,2.141343832015991,0.0001,193006
9193,5530,0.05,11.036682410000001,139,772212,84.0,0.0649293065071106,0.0001,193027
9194,5531,0.05,11.053327010000002,139,772296,84.0,0.10919533669948578,0.0001,193048
9195,5532,0.05,11.07022991,139,772380,84.0,0.026970621198415756,0.0001,193069
9196,5532,0.05,11.019776160000001,139,772464,84.0,0.049048326909542084,0.0001,193090
9197,5533,0.05,10.989904090000003,139,772548,84.0,0.06457136571407318,0.0001,193111
9198,5533,0.05,11.005268309999998,139,772632,84.0,0.03199766203761101,0.0001,193132
9199,5534,0.05,10.981332530000001,139,772716,84.0,0.05563252791762352,0.0001,193153
9200,5534,0.05,11.1838303,139,772800,84.0,0.10567236691713333,0.0001,193174
9201,5535,0.05,11.141929419999999,139,772884,84.0,0.0347047820687294,0.0001,193195
9202,5536,0.05,11.129983060000002,139,772968,84.0,0.030535796657204628,0.0001,193216
9203,5536,0.05,11.24367798,139,773052,84.0,0.028905650600790977,0.0001,193237
9204,5537,0.05,11.244685710000004,139,773136,84.0,2.210298538208008,0.0001,193258
9205,5537,0.05,11.29147283,139,773220,84.0,2.2404661178588867,0.0001,193279
9206,5538,0.05,11.29445203,139,773304,84.0,2.2238388061523438,0.0001,193300
9207,5538,0.05,11.279827340000002,139,773388,84.0,0.02329203486442566,0.0001,193321
9208,5539,0.05,11.29799923,139,773472,84.0,2.220400094985962,0.0001,193342
9209,5540,0.05,11.315657010000002,139,773556,84.0,0.09705302119255066,0.0001,193363
9210,5540,0.05,11.309708900000002,139,773640,84.0,0.032392460852861404,0.0001,193384
9211,5541,0.05,11.313540360000001,139,773724,84.0,2.166236639022827,0.0001,193405
9212,5541,0.05,11.194905170000004,139,773808,84.0,0.06983284652233124,0.0001,193426
9213,5542,0.05,11.159774680000003,139,773892,84.0,2.0352210998535156,0.0001,193447
9214,5543,0.05,11.157131090000002,139,773976,84.0,2.2318544387817383,0.0001,193468
9215,5543,0.05,11.10108308,139,774060,84.0,0.036598771810531616,0.0001,193489
9216,5544,0.05,11.201147549999998,139,774144,84.0,0.025593558326363564,0.0001,193510
9217,5544,0.05,10.96262122,139,774228,84.0,0.03624670207500458,0.0001,193531
9218,5545,0.05,10.97364795,139,774312,84.0,0.013119189068675041,0.0001,193552
9219,5546,0.05,10.939265110000001,139,774396,84.0,2.228564739227295,0.0001,193573
9220,5546,0.05,10.912317340000001,139,774480,84.0,0.039129916578531265,0.0001,193594
9221,5547,0.05,10.84915521,139,774564,84.0,0.07885798066854477,0.0001,193615
9222,5547,0.05,10.83210752,139,774648,84.0,2.1697444915771484,0.0001,193636
9223,5548,0.05,10.87171774,139,774732,84.0,2.220959424972534,0.0001,193657
9224,5548,0.05,10.922547729999998,139,774816,84.0,0.056840818375349045,0.0001,193678
9225,5549,0.05,10.912428830000001,139,774900,84.0,0.05752789229154587,0.0001,193699
9226,5549,0.05,11.04341776,139,774984,84.0,0.031349413096904755,0.0001,193720
9227,5550,0.05,10.893368179999998,139,775068,84.0,0.1113484650850296,0.0001,193741
9228,5551,0.05,10.80663769,139,775152,84.0,2.153076648712158,0.0001,193762
9229,5551,0.05,10.797140739999998,139,775236,84.0,0.32309937477111816,0.0001,193783
9230,5552,0.05,10.708875059999999,139,775320,84.0,0.056073807179927826,0.0001,193804
9231,5552,0.05,10.67658092,139,775404,84.0,0.08140641450881958,0.0001,193825
9232,5553,0.05,10.654371040000001,139,775488,84.0,0.03870254382491112,0.0001,193846
9233,5553,0.05,10.58867885,139,775572,84.0,4.3734130859375,0.0001,193867
9234,5554,0.05,10.61476432,139,775656,84.0,0.05575297027826309,0.0001,193888
9235,5554,0.05,10.59967396,139,775740,84.0,0.028407149016857147,0.0001,193909
9236,5555,0.05,10.63735009,139,775824,84.0,2.2102487087249756,0.0001,193930
9237,5555,0.05,10.700477209999999,139,775908,84.0,0.041323691606521606,0.0001,193951
9238,5556,0.05,10.69118739,139,775992,84.0,4.2985734939575195,0.0001,193972
9239,5557,0.05,10.833398490000002,139,776076,84.0,0.020836055278778076,0.0001,193993
9240,5557,0.05,10.840652180000001,139,776160,84.0,0.02623331919312477,0.0001,194014
9241,5558,0.05,10.827578120000004,139,776244,84.0,0.04854072630405426,0.0001,194035
9242,5558,0.05,10.85575178,139,776328,84.0,0.08874363452196121,0.0001,194056
9243,5559,0.05,10.90128109,139,776412,84.0,0.07002344727516174,0.0001,194077
9244,5559,0.05,10.937087330000002,139,776496,84.0,0.04061530530452728,0.0001,194098
9245,5560,0.05,11.03645193,139,776580,84.0,0.031572215259075165,0.0001,194119
9246,5560,0.05,10.98686408,139,776664,84.0,0.03155623376369476,0.0001,194140
9247,5561,0.05,11.05209789,139,776748,84.0,2.181450843811035,0.0001,194161
9248,5562,0.05,11.06260567,139,776832,84.0,2.2320401668548584,0.0001,194182
9249,5562,0.05,11.09676142,139,776916,84.0,2.2122750282287598,0.0001,194203
9250,5563,0.05,11.05822286,139,777000,84.0,2.2146732807159424,0.0001,194224
9251,5563,0.05,11.11544661,139,777084,84.0,2.1327197551727295,0.0001,194245
9252,5564,0.05,11.08641379,139,777168,84.0,0.0902608186006546,0.0001,194266
9253,5564,0.05,11.14830844,139,777252,84.0,0.0378367118537426,0.0001,194287
9254,5565,0.05,11.08549779,139,777336,84.0,0.030676759779453278,0.0001,194308
9255,5566,0.05,11.09392739,139,777420,84.0,0.030007541179656982,0.0001,194329
9256,5566,0.05,10.988638419999997,139,777504,84.0,0.05174441263079643,0.0001,194350
9257,5567,0.05,10.992270119999999,139,777588,84.0,2.1691200733184814,0.0001,194371
9258,5567,0.05,11.03388129,139,777672,84.0,0.04670783504843712,0.0001,194392
9259,5568,0.05,11.029168320000002,139,777756,84.0,2.1644561290740967,0.0001,194413
9260,5568,0.05,11.030388560000004,139,777840,84.0,2.1827242374420166,0.0001,194434
9261,5569,0.05,11.042594270000002,139,777924,84.0,0.057442717254161835,0.0001,194455
9262,5569,0.05,11.054636110000004,139,778008,84.0,0.05383127182722092,0.0001,194476
9263,5570,0.05,11.07390842,139,778092,84.0,0.10917969048023224,0.0001,194497
9264,5570,0.05,11.03779385,139,778176,84.0,0.049536898732185364,0.0001,194518
9265,5571,0.05,11.03344406,139,778260,84.0,0.0389193594455719,0.0001,194539
9266,5572,0.05,11.032988430000003,139,778344,84.0,2.1524782180786133,0.0001,194560
9267,5572,0.05,10.98679038,139,778428,84.0,0.027911853045225143,0.0001,194581
9268,5573,0.05,10.989724990000003,139,778512,84.0,2.2141788005828857,0.0001,194602
9269,5573,0.05,11.058590630000001,139,778596,84.0,0.07140807807445526,0.0001,194623
9270,5574,0.05,11.06995854,139,778680,84.0,2.1557416915893555,0.0001,194644
9271,5575,0.05,11.09501276,139,778764,84.0,0.16202779114246368,0.0001,194665
9272,5575,0.05,11.175129909999999,139,778848,84.0,0.21781080961227417,0.0001,194686
9273,5576,0.05,11.24120947,139,778932,84.0,0.05251259356737137,0.0001,194707
9274,5576,0.05,11.246916199999998,139,779016,84.0,0.06883525103330612,0.0001,194728
9275,5577,0.05,11.32534494,139,779100,84.0,0.07892434298992157,0.0001,194749
9276,5577,0.05,11.403268319999997,139,779184,84.0,0.06451274454593658,0.0001,194770
9277,5578,0.05,11.3268553,139,779268,84.0,0.0452585369348526,0.0001,194791
9278,5578,0.05,11.32560786,139,779352,84.0,0.029792632907629013,0.0001,194812
9279,5579,0.05,11.29082107,139,779436,84.0,0.052223071455955505,0.0001,194833
9280,5580,0.05,11.270423050000002,139,779520,84.0,4.304061412811279,0.0001,194854
9281,5580,0.05,11.21074667,139,779604,84.0,2.1773359775543213,0.0001,194875
9282,5580,0.05,11.222281390000001,139,779688,84.0,0.04913421347737312,0.0001,194896
9283,5581,0.05,11.17156826,139,779772,84.0,0.08307788521051407,0.0001,194917
9284,5582,0.05,11.16422092,139,779856,84.0,4.282444000244141,0.0001,194938
9285,5582,0.05,11.168496110000001,139,779940,84.0,2.2745962142944336,0.0001,194959
9286,5583,0.05,11.11327659,139,780024,84.0,0.12274402379989624,0.0001,194980
9287,5583,0.05,11.03363392,139,780108,84.0,0.04808758199214935,0.0001,195001
9288,5584,0.05,11.035187170000002,139,780192,84.0,2.195230722427368,0.0001,195022
9289,5584,0.05,11.03479572,139,780276,84.0,2.1811351776123047,0.0001,195043
9290,5585,0.05,11.052030460000001,139,780360,84.0,4.227292537689209,0.0001,195064
9291,5586,0.05,10.94614024,139,780444,84.0,0.026216883212327957,0.0001,195085
9292,5586,0.05,10.981116279999997,139,780528,84.0,0.05220486596226692,0.0001,195106
9293,5587,0.05,11.132624899999998,139,780612,84.0,2.213017225265503,0.0001,195127
9294,5587,0.05,11.225481039999998,139,780696,84.0,0.1358094960451126,0.0001,195148
9295,5588,0.05,11.200933829999999,139,780780,84.0,2.1923775672912598,0.0001,195169
9296,5588,0.05,11.243770159999999,139,780864,84.0,0.0504273883998394,0.0001,195190
9297,5589,0.05,11.342223039999999,139,780948,84.0,0.09659619629383087,0.0001,195211
9298,5589,0.05,11.32786329,139,781032,84.0,0.021128160879015923,0.0001,195232
9299,5590,0.05,11.30516666,139,781116,84.0,0.14046765863895416,0.0001,195253
9300,5590,0.05,11.195879929999997,139,781200,84.0,0.016722679138183594,0.0001,195274
9301,5591,0.05,11.198967079999997,139,781284,84.0,0.038387231528759,0.0001,195295
9302,5592,0.05,11.204598019999997,139,781368,84.0,0.03166941925883293,0.0001,195316
9303,5592,0.05,11.08181432,139,781452,84.0,0.024455448612570763,0.0001,195337
9304,5593,0.05,11.045402529999997,139,781536,84.0,0.1795845329761505,0.0001,195358
9305,5593,0.05,10.985928619999997,139,781620,84.0,0.023333637043833733,0.0001,195379
9306,5594,0.05,11.047725819999998,139,781704,84.0,2.23972225189209,0.0001,195400
9307,5594,0.05,11.061122860000001,139,781788,84.0,0.08771806955337524,0.0001,195421
9308,5595,0.05,11.05007609,139,781872,84.0,2.1507179737091064,0.0001,195442
9309,5595,0.05,11.045647150000002,139,781956,84.0,2.0014679431915283,0.0001,195463
9310,5596,0.05,11.005791580000002,139,782040,84.0,2.160033941268921,0.0001,195484
9311,5597,0.05,11.099345670000002,139,782124,84.0,0.11514357477426529,0.0001,195505
9312,5597,0.05,11.093154020000002,139,782208,84.0,0.09018337726593018,0.0001,195526
9313,5598,0.05,11.248057830000002,139,782292,84.0,2.15350341796875,0.0001,195547
9314,5598,0.05,11.35319853,139,782376,84.0,2.144803762435913,0.0001,195568
9315,5599,0.05,11.36157334,139,782460,84.0,0.06453590095043182,0.0001,195589
9316,5599,0.05,11.27621159,139,782544,84.0,0.08450618386268616,0.0001,195610
9317,5600,0.05,11.25826315,139,782628,84.0,4.375826835632324,0.0001,195631
9318,5600,0.05,11.195925640000002,139,782712,84.0,0.1434161365032196,0.0001,195652
9319,5601,0.05,11.23353387,139,782796,84.0,0.0163843035697937,0.0001,195673
9320,5602,0.05,11.254615020000003,139,782880,84.0,2.484945297241211,0.0001,195694
9321,5602,0.05,11.260651250000002,139,782964,84.0,0.028943773359060287,0.0001,195715
9322,5603,0.05,11.350690040000002,139,783048,84.0,0.026036836206912994,0.0001,195736
9323,5604,0.05,11.405924360000002,139,783132,84.0,2.1812312602996826,0.0001,195757
9324,5604,0.05,11.3598862,139,783216,84.0,2.1192004680633545,0.0001,195778
9325,5605,0.05,11.36529983,139,783300,84.0,0.029629923403263092,0.0001,195799
9326,5606,0.05,11.18910376,139,783384,84.0,0.06381566822528839,0.0001,195820
9327,5606,0.05,11.20046988,139,783468,84.0,0.040168311446905136,0.0001,195841
9328,5607,0.05,11.19142519,139,783552,84.0,2.1764702796936035,0.0001,195862
9329,5607,0.05,11.21165113,139,783636,84.0,0.04292209818959236,0.0001,195883
9330,5608,0.05,11.283345099999998,139,783720,84.0,0.11609818786382675,0.0001,195904
9331,5608,0.05,11.281783810000002,139,783804,84.0,2.1559982299804688,0.0001,195925
9332,5609,0.05,11.303791680000002,139,783888,84.0,2.183108329772949,0.0001,195946
9333,5609,0.05,11.25613406,139,783972,84.0,2.3641998767852783,0.0001,195967
9334,5610,0.05,11.237399590000003,139,784056,84.0,0.08808821439743042,0.0001,195988
9335,5610,0.05,11.245632780000001,139,784140,84.0,0.12519407272338867,0.0001,196009
9336,5611,0.05,11.23855861,139,784224,84.0,0.12905022501945496,0.0001,196030
9337,5611,0.05,11.229634150000003,139,784308,84.0,2.175915479660034,0.0001,196051
9338,5612,0.05,11.245969630000001,139,784392,84.0,2.176057815551758,0.0001,196072
9339,5613,0.05,11.145938809999997,139,784476,84.0,0.02582244575023651,0.0001,196093
9340,5613,0.05,11.254927930000001,139,784560,84.0,0.022284261882305145,0.0001,196114
9341,5614,0.05,11.26750946,139,784644,84.0,0.20598794519901276,0.0001,196135
9342,5614,0.05,11.256379039999997,139,784728,84.0,0.09380364418029785,0.0001,196156
9343,5615,0.05,11.222738389999996,139,784812,84.0,0.07308240979909897,0.0001,196177
9344,5615,0.05,11.188116909999998,139,784896,84.0,0.03771103918552399,0.0001,196198
9345,5616,0.05,11.059162489999999,139,784980,84.0,2.1406455039978027,0.0001,196219
9346,5616,0.05,11.06920645,139,785064,84.0,0.04769522696733475,0.0001,196240
9347,5617,0.05,11.020362709999999,139,785148,84.0,2.199141502380371,0.0001,196261
9348,5617,0.05,10.98410175,139,785232,84.0,0.031579043716192245,0.0001,196282
9349,5618,0.05,11.036574800000004,139,785316,84.0,0.04721478372812271,0.0001,196303
9350,5618,0.05,11.04462301,139,785400,84.0,0.04130818322300911,0.0001,196324
9351,5619,0.05,11.034308319999997,139,785484,84.0,0.020114844664931297,0.0001,196345
9352,5619,0.05,11.055895239999998,139,785568,84.0,0.05440804362297058,0.0001,196366
9353,5620,0.05,11.137060729999998,139,785652,84.0,0.053521085530519485,0.0001,196387
9354,5620,0.05,11.100031959999997,139,785736,84.0,0.03436131775379181,0.0001,196408
9355,5621,0.05,11.229887120000003,139,785820,84.0,0.06000223383307457,0.0001,196429
9356,5621,0.05,11.256938450000002,139,785904,84.0,0.06608235090970993,0.0001,196450
9357,5622,0.05,11.263244220000004,139,785988,84.0,0.0708993524312973,0.0001,196471
9358,5622,0.05,11.330303820000001,139,786072,84.0,2.1624701023101807,0.0001,196492
9359,5623,0.05,11.38011106,139,786156,84.0,0.039550427347421646,0.0001,196513
9360,5623,0.05,11.38196397,139,786240,84.0,0.027269892394542694,0.0001,196534
9361,5624,0.05,11.269670520000002,139,786324,84.0,0.03647184371948242,0.0001,196555
9362,5625,0.05,11.265225820000003,139,786408,84.0,0.021123738959431648,0.0001,196576
9363,5625,0.05,11.266372920000004,139,786492,84.0,0.03477883338928223,0.0001,196597
9364,5626,0.05,11.262900360000001,139,786576,84.0,0.07461133599281311,0.0001,196618
9365,5626,0.05,11.27954064,139,786660,84.0,0.04958648979663849,0.0001,196639
9366,5627,0.05,11.235264480000001,139,786744,84.0,0.05373821407556534,0.0001,196660
9367,5627,0.05,11.271820489999998,139,786828,84.0,4.364559173583984,0.0001,196681
9368,5628,0.05,11.22252985,139,786912,84.0,0.0571308359503746,0.0001,196702
9369,5628,0.05,11.22567523,139,786996,84.0,0.030342698097229004,0.0001,196723
9370,5629,0.05,11.235582379999999,139,787080,84.0,0.028443709015846252,0.0001,196744
9371,5629,0.05,11.26654155,139,787164,84.0,0.015013374388217926,0.0001,196765
9372,5630,0.05,11.25964095,139,787248,84.0,0.06313532590866089,0.0001,196786
9373,5630,0.05,11.19314711,139,787332,84.0,0.03811004012823105,0.0001,196807
9374,5631,0.05,11.19824604,139,787416,84.0,0.026523806154727936,0.0001,196828
9375,5631,0.05,11.10909329,139,787500,84.0,0.0700741857290268,0.0001,196849
9376,5632,0.05,10.997412120000002,139,787584,84.0,0.07917244732379913,0.0001,196870
9377,5632,0.05,10.98978365,139,787668,84.0,0.10227776318788528,0.0001,196891
9378,5633,0.05,10.986665720000001,139,787752,84.0,0.07989417761564255,0.0001,196912
9379,5633,0.05,10.974343109999998,139,787836,84.0,2.13303542137146,0.0001,196933
9380,5634,0.05,11.019477700000003,139,787920,84.0,0.05706121772527695,0.0001,196954
9381,5635,0.05,11.138660569999999,139,788004,84.0,0.03856690973043442,0.0001,196975
9382,5635,0.05,11.163524189999999,139,788088,84.0,0.05330934375524521,0.0001,196996
9383,5636,0.05,11.041309439999997,139,788172,84.0,0.06276548653841019,0.0001,197017
9384,5636,0.05,11.161825019999998,139,788256,84.0,2.1465816497802734,0.0001,197038
9385,5637,0.05,11.16212427,139,788340,84.0,2.1941583156585693,0.0001,197059
9386,5638,0.05,11.127828499999998,139,788424,84.0,0.04741929471492767,0.0001,197080
9387,5638,0.05,11.176506960000001,139,788508,84.0,0.01592767983675003,0.0001,197101
9388,5639,0.05,11.19235809,139,788592,84.0,2.152194023132324,0.0001,197122
9389,5639,0.05,11.298386800000001,139,788676,84.0,0.028969602659344673,0.0001,197143
9390,5640,0.05,11.28450621,139,788760,84.0,2.278703212738037,0.0001,197164
9391,5641,0.05,11.227296619999995,139,788844,84.0,0.059961214661598206,0.0001,197185
9392,5641,0.05,11.156128169999997,139,788928,84.0,0.09503701329231262,0.0001,197206
9393,5642,0.05,11.03944477,139,789012,84.0,0.14252421259880066,0.0001,197227
9394,5642,0.05,11.067724119999998,139,789096,84.0,2.1669580936431885,0.0001,197248
9395,5643,0.05,11.04804441,139,789180,84.0,0.08297064900398254,0.0001,197269
9396,5643,0.05,11.060343990000002,139,789264,84.0,2.1620090007781982,0.0001,197290
9397,5644,0.05,11.051239119999998,139,789348,84.0,2.1721951961517334,0.0001,197311
9398,5644,0.05,11.043876829999999,139,789432,84.0,0.07184457778930664,0.0001,197332
9399,5645,0.05,11.05963958,139,789516,84.0,0.03388376906514168,0.0001,197353
9400,5646,0.05,11.132608399999999,139,789600,84.0,0.06248777359724045,0.0001,197374
9401,5646,0.05,11.13104704,139,789684,84.0,0.04985971748828888,0.0001,197395
9402,5647,0.05,11.082212419999998,139,789768,84.0,0.05368323624134064,0.0001,197416
9403,5647,0.05,11.085197749999999,139,789852,84.0,0.052609678357839584,0.0001,197437
9404,5648,0.05,11.106500169999999,139,789936,84.0,0.04340407997369766,0.0001,197458
9405,5649,0.05,11.092564059999999,139,790020,84.0,0.1563757210969925,0.0001,197479
9406,5649,0.05,11.013034500000002,139,790104,84.0,2.2496538162231445,0.0001,197500
9407,5650,0.05,11.07046361,139,790188,84.0,2.161653995513916,0.0001,197521
9408,5650,0.05,11.15851101,139,790272,84.0,0.04536040127277374,0.0001,197542
9409,5651,0.05,11.167337629999999,139,790356,84.0,2.1348536014556885,0.0001,197563
9410,5652,0.05,11.217237959999999,139,790440,84.0,2.1666178703308105,0.0001,197584
9411,5652,0.05,11.12423096,139,790524,84.0,0.06166015565395355,0.0001,197605
9412,5653,0.05,11.105766229999999,139,790608,84.0,0.049630872905254364,0.0001,197626
9413,5653,0.05,11.02233485,139,790692,84.0,0.055796168744564056,0.0001,197647
9414,5654,0.05,10.922605410000003,139,790776,84.0,0.05609764903783798,0.0001,197668
9415,5654,0.05,10.89554304,139,790860,84.0,0.1388118863105774,0.0001,197689
9416,5655,0.05,10.993148910000002,139,790944,84.0,2.2333567142486572,0.0001,197710
9417,5656,0.05,11.009488959999999,139,791028,84.0,0.0507044643163681,0.0001,197731
9418,5656,0.05,11.074654059999999,139,791112,84.0,2.1985809803009033,0.0001,197752
9419,5657,0.05,11.05986939,139,791196,84.0,2.165437698364258,0.0001,197773
9420,5658,0.05,11.072012050000001,139,791280,84.0,0.0581677109003067,0.0001,197794
9421,5658,0.05,11.030329110000002,139,791364,84.0,0.06441628932952881,0.0001,197815
9422,5659,0.05,10.835504850000001,139,791448,84.0,2.1660914421081543,0.0001,197836
9423,5659,0.05,10.839897230000002,139,791532,84.0,0.06934896856546402,0.0001,197857
9424,5660,0.05,10.835630790000003,139,791616,84.0,0.06718280166387558,0.0001,197878
9425,5660,0.05,10.90554744,139,791700,84.0,2.142854928970337,0.0001,197899
9426,5661,0.05,11.060151350000003,139,791784,84.0,0.04534633457660675,0.0001,197920
9427,5662,0.05,11.145441330000004,139,791868,84.0,0.06307108700275421,0.0001,197941
9428,5662,0.05,11.267974900000002,139,791952,84.0,2.1991539001464844,0.0001,197962
9429,5663,0.05,11.37573005,139,792036,84.0,0.022354817017912865,0.0001,197983
9430,5663,0.05,11.35681296,139,792120,84.0,0.042265914380550385,0.0001,198004
9431,5664,0.05,11.39879458,139,792204,84.0,2.127561569213867,0.0001,198025
9432,5664,0.05,11.46303401,139,792288,84.0,2.179574966430664,0.0001,198046
9433,5665,0.05,11.609439390000002,139,792372,84.0,0.04435103386640549,0.0001,198067
9434,5665,0.05,11.60893549,139,792456,84.0,0.04738250747323036,0.0001,198088
9435,5666,0.05,11.60569676,139,792540,84.0,2.1319456100463867,0.0001,198109
9436,5667,0.05,11.7459502,139,792624,84.0,0.06345690041780472,0.0001,198130
9437,5667,0.05,11.768879359999998,139,792708,84.0,2.262481689453125,0.0001,198151
9438,5668,0.05,11.74085939,139,792792,84.0,0.05922646075487137,0.0001,198172
9439,5668,0.05,11.77858473,139,792876,84.0,0.07091499119997025,0.0001,198193
9440,5669,0.05,11.594481029999999,139,792960,84.0,0.03530731052160263,0.0001,198214
9441,5669,0.05,11.498758680000002,139,793044,84.0,0.0728481113910675,0.0001,198235
9442,5670,0.05,11.575669029999998,139,793128,84.0,2.1573243141174316,0.0001,198256
9443,5671,0.05,11.593535359999999,139,793212,84.0,0.06729010492563248,0.0001,198277
9444,5671,0.05,11.592850369999999,139,793296,84.0,0.013635714538395405,0.0001,198298
9445,5672,0.05,11.63300696,139,793380,84.0,2.2415380477905273,0.0001,198319
9446,5672,0.05,11.614046940000001,139,793464,84.0,0.02565665729343891,0.0001,198340
9447,5673,0.05,11.58171306,139,793548,84.0,2.1660237312316895,0.0001,198361
9448,5673,0.05,11.625201530000002,139,793632,84.0,0.02848639152944088,0.0001,198382
9449,5674,0.05,11.55311486,139,793716,84.0,4.208586692810059,0.0001,198403
9450,5674,0.05,11.56111625,139,793800,84.0,0.03429215028882027,0.0001,198424
9451,5675,0.05,11.5634969,139,793884,84.0,0.031962692737579346,0.0001,198445
9452,5675,0.05,11.618519280000001,139,793968,84.0,2.1919453144073486,0.0001,198466
9453,5676,0.05,11.554331240000002,139,794052,84.0,0.029420115053653717,0.0001,198487
9454,5677,0.05,11.559502729999998,139,794136,84.0,0.13810467720031738,0.0001,198508
9455,5677,0.05,11.40454899,139,794220,84.0,0.12055175006389618,0.0001,198529
9456,5678,0.05,11.423152210000001,139,794304,84.0,0.23316675424575806,0.0001,198550
9457,5678,0.05,11.523272100000002,139,794388,84.0,2.163985013961792,0.0001,198571
9458,5679,0.05,11.430801460000003,139,794472,84.0,0.10014849901199341,0.0001,198592
9459,5679,0.05,11.360945910000003,139,794556,84.0,2.1659493446350098,0.0001,198613
9460,5680,0.05,11.390645130000003,139,794640,84.0,0.0599641278386116,0.0001,198634
9461,5681,0.05,11.409992070000001,139,794724,84.0,0.012301212176680565,0.0001,198655
9462,5681,0.05,11.432699090000002,139,794808,84.0,0.0897209644317627,0.0001,198676
9463,5682,0.05,11.53659548,139,794892,84.0,0.06902825832366943,0.0001,198697
9464,5682,0.05,11.592025689999998,139,794976,84.0,0.055838339030742645,0.0001,198718
9465,5683,0.05,11.691034069999999,139,795060,84.0,0.0640631839632988,0.0001,198739
9466,5683,0.05,11.86859128,139,795144,84.0,0.14417114853858948,0.0001,198760
9467,5684,0.05,11.899242499999998,139,795228,84.0,0.07747755199670792,0.0001,198781
9468,5684,0.05,11.92153846,139,795312,84.0,0.019943024963140488,0.0001,198802
9469,5685,0.05,11.932287089999999,139,795396,84.0,4.215353012084961,0.0001,198823
9470,5686,0.05,11.962082589999998,139,795480,84.0,0.0173908993601799,0.0001,198844
9471,5686,0.05,12.017512269999997,139,795564,84.0,2.1591973304748535,0.0001,198865
9472,5687,0.05,11.955107289999996,139,795648,84.0,0.0316755585372448,0.0001,198886
9473,5687,0.05,11.944873639999999,139,795732,84.0,2.153455972671509,0.0001,198907
9474,5688,0.05,11.98442176,139,795816,84.0,2.1878273487091064,0.0001,198928
9475,5688,0.05,11.996385969999999,139,795900,84.0,0.07123991847038269,0.0001,198949
9476,5689,0.05,11.99791554,139,795984,84.0,0.06382378190755844,0.0001,198970
9477,5690,0.05,12.08336495,139,796068,84.0,0.10006678104400635,0.0001,198991
9478,5690,0.05,12.088286259999997,139,796152,84.0,0.019990894943475723,0.0001,199012
9479,5691,0.05,12.130008439999997,139,796236,84.0,0.050510115921497345,0.0001,199033
9480,5691,0.05,12.1035773,139,796320,84.0,0.046520404517650604,0.0001,199054
9481,5692,0.05,11.90871389,139,796404,84.0,0.06593558192253113,0.0001,199075
9482,5692,0.05,11.9060439,139,796488,84.0,2.1531217098236084,0.0001,199096
9483,5693,0.05,12.035337239999999,139,796572,84.0,2.170987606048584,0.0001,199117
9484,5693,0.05,11.89605904,139,796656,84.0,0.06900283694267273,0.0001,199138
9485,5694,0.05,11.832892410000001,139,796740,84.0,0.26232075691223145,0.0001,199159
9486,5694,0.05,12.049479410000002,139,796824,84.0,0.17743635177612305,0.0001,199180
9487,5695,0.05,12.04433652,139,796908,84.0,0.17905738949775696,0.0001,199201
9488,5696,0.05,12.06015347,139,796992,84.0,2.1851937770843506,0.0001,199222
9489,5696,0.05,12.034913259999998,139,797076,84.0,0.02391320839524269,0.0001,199243
9490,5696,0.05,12.09341154,139,797160,84.0,0.044174350798130035,0.0001,199264
9491,5697,0.05,12.106060789999997,139,797244,84.0,2.137160539627075,0.0001,199285
9492,5697,0.05,12.1744753,139,797328,84.0,0.05261797457933426,0.0001,199306
9493,5698,0.05,12.18597664,139,797412,84.0,0.06419385969638824,0.0001,199327
9494,5699,0.05,12.17470466,139,797496,84.0,2.151038408279419,0.0001,199348
9495,5699,0.05,12.18274013,139,797580,84.0,0.03448142856359482,0.0001,199369
9496,5700,0.05,12.17993022,139,797664,84.0,0.126939058303833,0.0001,199390
9497,5700,0.05,12.173818139999998,139,797748,84.0,2.174119234085083,0.0001,199411
9498,5701,0.05,12.17125453,139,797832,84.0,0.1398039013147354,0.0001,199432
9499,5701,0.05,12.179138459999999,139,797916,84.0,0.036228716373443604,0.0001,199453
9500,5702,0.05,12.124098630000002,139,798000,84.0,2.1416335105895996,0.0001,199474
9501,5703,0.05,12.160624649999999,139,798084,84.0,0.05571507662534714,0.0001,199495
9502,5703,0.05,12.20819751,139,798168,84.0,2.1139893531799316,0.0001,199516
9503,5704,0.05,12.20774811,139,798252,84.0,0.016779985278844833,0.0001,199537
9504,5704,0.05,12.29824557,139,798336,84.0,0.03804192319512367,0.0001,199558
9505,5705,0.05,12.308069090000002,139,798420,84.0,0.036159057170152664,0.0001,199579
9506,5705,0.05,12.399551310000001,139,798504,84.0,2.151817560195923,0.0001,199600
9507,5706,0.05,12.31275193,139,798588,84.0,0.027951348572969437,0.0001,199621
9508,5706,0.05,12.21460828,139,798672,84.0,0.0843629390001297,0.0001,199642
9509,5707,0.05,12.217841500000002,139,798756,84.0,0.0353655144572258,0.0001,199663
9510,5707,0.05,12.242114309999998,139,798840,84.0,0.03776542842388153,0.0001,199684
9511,5708,0.05,12.195763179999998,139,798924,84.0,0.03321696072816849,0.0001,199705
9512,5709,0.05,12.27098002,139,799008,84.0,2.216871500015259,0.0001,199726
9513,5709,0.05,12.294481820000001,139,799092,84.0,0.03491578996181488,0.0001,199747
9514,5710,0.05,12.301356680000001,139,799176,84.0,0.10630388557910919,0.0001,199768
9515,5710,0.05,12.3533342,139,799260,84.0,0.07323974370956421,0.0001,199789
9516,5711,0.05,12.205932769999999,139,799344,84.0,2.237720251083374,0.0001,199810
9517,5711,0.05,12.220583790000001,139,799428,84.0,0.154804527759552,0.0001,199831
9518,5712,0.05,12.228089009999998,139,799512,84.0,0.07904772460460663,0.0001,199852
9519,5713,0.05,12.212550160000003,139,799596,84.0,0.08629199862480164,0.0001,199873
9520,5713,0.05,12.25054963,139,799680,84.0,0.0587138757109642,0.0001,199894
9521,5714,0.05,12.340061570000003,139,799764,84.0,0.03813980892300606,0.0001,199915
9522,5714,0.05,12.46379529,139,799848,84.0,2.124505043029785,0.0001,199936
9523,5715,0.05,12.405022069999998,139,799932,84.0,2.1402602195739746,0.0001,199957
9524,5715,0.05,12.401395019999997,139,800016,84.0,2.1751813888549805,0.0001,199978
9525,5716,0.05,12.304115079999999,139,800100,84.0,0.22157473862171173,0.0001,199999
9526,5716,0.05,12.23401031,139,800184,84.0,2.146243095397949,0.0001,200020
9527,5717,0.05,12.17390409,139,800268,84.0,0.03797735646367073,0.0001,200041
9528,5717,0.05,12.06411668,139,800352,84.0,4.16544771194458,0.0001,200062
9529,5718,0.05,11.916993810000001,139,800436,84.0,0.05373276025056839,0.0001,200083
9530,5718,0.05,11.88563145,139,800520,84.0,0.055088479071855545,0.0001,200104
9531,5719,0.05,11.862443380000002,139,800604,84.0,2.128939390182495,0.0001,200125
9532,5719,0.05,11.812027630000003,139,800688,84.0,0.04115213081240654,0.0001,200146
9533,5720,0.05,11.763470120000001,139,800772,84.0,0.05597611516714096,0.0001,200167
9534,5721,0.05,11.83815058,139,800856,84.0,0.02155297063291073,0.0001,200188
9535,5721,0.05,11.838401660000002,139,800940,84.0,0.04019793123006821,0.0001,200209
9536,5722,0.05,11.805842689999999,139,801024,84.0,2.0929603576660156,0.0001,200230
9537,5722,0.05,11.836834699999999,139,801108,84.0,0.062234580516815186,0.0001,200251
9538,5723,0.05,11.89692561,139,801192,84.0,0.1481322944164276,0.0001,200272
9539,5723,0.05,11.87235983,139,801276,84.0,0.03263603150844574,0.0001,200293
9540,5724,0.05,11.965215190000002,139,801360,84.0,0.06464141607284546,0.0001,200314
9541,5725,0.05,12.024195389999997,139,801444,84.0,0.027592966333031654,0.0001,200335
9542,5725,0.05,11.946607969999997,139,801528,84.0,2.1841788291931152,0.0001,200356
9543,5726,0.05,11.964095379999998,139,801612,84.0,2.0929973125457764,0.0001,200377
9544,5726,0.05,12.06380171,139,801696,84.0,0.09784672409296036,0.0001,200398
9545,5727,0.05,12.03373129,139,801780,84.0,0.05261508375406265,0.0001,200419
9546,5727,0.05,12.03495857,139,801864,84.0,2.0936317443847656,0.0001,200440
9547,5728,0.05,12.055899210000002,139,801948,84.0,2.145996332168579,0.0001,200461
9548,5729,0.05,12.056486620000001,139,802032,84.0,0.10829386115074158,0.0001,200482
9549,5729,0.05,12.061628690000003,139,802116,84.0,0.0477512963116169,0.0001,200503
9550,5730,0.05,12.074464730000003,139,802200,84.0,0.0899701714515686,0.0001,200524
9551,5730,0.05,12.063823170000001,140,802284,84.0,2.130908250808716,0.0001,200545
9552,5731,0.05,12.09643906,140,802368,84.0,0.04904479160904884,0.0001,200566
9553,5731,0.05,11.95606701,140,802452,84.0,2.155930280685425,0.0001,200587
9554,5732,0.05,11.98815444,140,802536,84.0,2.2201828956604004,0.0001,200608
9555,5732,0.05,12.02102422,140,802620,84.0,0.09641925245523453,0.0001,200629
9556,5733,0.05,12.066366059999998,140,802704,84.0,4.166533470153809,0.0001,200650
9557,5733,0.05,11.98910412,140,802788,84.0,0.041374124586582184,0.0001,200671
9558,5734,0.05,11.99472023,140,802872,84.0,0.018326014280319214,0.0001,200692
9559,5735,0.05,12.008871899999997,140,802956,84.0,2.1132760047912598,0.0001,200713
9560,5735,0.05,11.996154149999997,140,803040,84.0,2.267639398574829,0.0001,200734
9561,5736,0.05,11.943653099999997,140,803124,84.0,2.2335686683654785,0.0001,200755
9562,5736,0.05,11.983416609999997,140,803208,84.0,0.07662884891033173,0.0001,200776
9563,5737,0.05,11.8935629,140,803292,84.0,0.06655150651931763,0.0001,200797
9564,5737,0.05,11.89643419,140,803376,84.0,0.027921011671423912,0.0001,200818
9565,5738,0.05,11.803606389999997,140,803460,84.0,0.05328034982085228,0.0001,200839
9566,5738,0.05,11.708816040000002,140,803544,84.0,2.14241623878479,0.0001,200860
9567,5739,0.05,11.67093998,140,803628,84.0,2.174065351486206,0.0001,200881
9568,5739,0.05,11.67949345,140,803712,84.0,0.0722678154706955,0.0001,200902
9569,5740,0.05,11.654536690000002,140,803796,84.0,2.1325740814208984,0.0001,200923
9570,5740,0.05,11.612730450000004,140,803880,84.0,0.01637779176235199,0.0001,200944
9571,5741,0.05,11.633338530000001,140,803964,84.0,2.1315386295318604,0.0001,200965
9572,5742,0.05,11.642854500000004,140,804048,84.0,0.023862559348344803,0.0001,200986
9573,5742,0.05,11.73973488,140,804132,84.0,0.047046490013599396,0.0001,201007
9574,5743,0.05,11.702135779999999,140,804216,84.0,4.195375919342041,0.0001,201028
9575,5743,0.05,11.701248929999998,140,804300,84.0,0.0570916011929512,0.0001,201049
9576,5744,0.05,11.807804890000002,140,804384,84.0,0.02816055528819561,0.0001,201070
9577,5744,0.05,11.72577088,140,804468,84.0,2.0381295680999756,0.0001,201091
9578,5745,0.05,11.728368459999999,140,804552,84.0,2.159327745437622,0.0001,201112
9579,5746,0.05,11.83622084,140,804636,84.0,2.066847324371338,0.0001,201133
9580,5746,0.05,11.967308169999997,140,804720,84.0,0.03355098515748978,0.0001,201154
9581,5747,0.05,12.11533936,140,804804,84.0,2.1457624435424805,0.0001,201175
9582,5748,0.05,12.163844039999999,140,804888,84.0,0.04274141043424606,0.0001,201196
9583,5748,0.05,12.196221370000004,140,804972,84.0,4.207844257354736,0.0001,201217
9584,5748,0.05,12.223406789999999,140,805056,84.0,2.199911117553711,0.0001,201238
9585,5749,0.05,12.40109405,140,805140,84.0,2.1572048664093018,0.0001,201259
9586,5750,0.05,12.252442389999997,140,805224,84.0,2.1098499298095703,0.0001,201280
9587,5750,0.05,12.34701969,140,805308,84.0,2.1329188346862793,0.0001,201301
9588,5751,0.05,12.32515384,140,805392,84.0,0.046355824917554855,0.0001,201322
9589,5751,0.05,12.2832138,140,805476,84.0,2.085897207260132,0.0001,201343
9590,5752,0.05,12.232804350000002,140,805560,84.0,0.04840151593089104,0.0001,201364
9591,5752,0.05,12.292872550000002,140,805644,84.0,2.163465976715088,0.0001,201385
9592,5753,0.05,12.28376434,140,805728,84.0,2.138295888900757,0.0001,201406
9593,5753,0.05,12.27350848,140,805812,84.0,2.217790126800537,0.0001,201427
9594,5754,0.05,12.131756009999998,140,805896,84.0,2.097623825073242,0.0001,201448
9595,5754,0.05,12.141005029999997,140,805980,84.0,0.032247696071863174,0.0001,201469
9596,5755,0.05,12.123242859999998,140,806064,84.0,0.0603410005569458,0.0001,201490
9597,5755,0.05,12.116390149999999,140,806148,84.0,0.06257175654172897,0.0001,201511
9598,5756,0.05,12.128398270000002,140,806232,84.0,0.05658292770385742,0.0001,201532
9599,5756,0.05,12.12760461,140,806316,84.0,0.019525768235325813,0.0001,201553
9600,5757,0.05,12.199638619999998,140,806400,84.0,0.06053655967116356,0.0001,201574
9601,5757,0.05,12.15665937,140,806484,84.0,0.046434514224529266,0.0001,201595
9602,5758,0.05,12.241477359999998,140,806568,84.0,0.21574752032756805,0.0001,201616
9603,5758,0.05,12.254436349999999,140,806652,84.0,2.0834832191467285,0.0001,201637
9604,5759,0.05,12.23085085,140,806736,84.0,0.03609132021665573,0.0001,201658
9605,5760,0.05,12.20611623,140,806820,84.0,0.034163620322942734,0.0001,201679
9606,5760,0.05,12.12308894,140,806904,84.0,2.114135265350342,0.0001,201700
9607,5761,0.05,12.23486613,140,806988,84.0,0.022689953446388245,0.0001,201721
9608,5761,0.05,12.342876419999998,140,807072,84.0,2.172783374786377,0.0001,201742
9609,5762,0.05,12.343165529999998,140,807156,84.0,2.1548917293548584,0.0001,201763
9610,5762,0.05,12.31057864,140,807240,84.0,0.04526764154434204,0.0001,201784
9611,5763,0.05,12.349936490000003,140,807324,84.0,0.16274979710578918,0.0001,201805
9612,5763,0.05,12.334500720000001,140,807408,84.0,0.19084212183952332,0.0001,201826
9613,5764,0.05,12.30735322,140,807492,84.0,2.1582157611846924,0.0001,201847
9614,5765,0.05,12.25688131,140,807576,84.0,0.02384524792432785,0.0001,201868
9615,5765,0.05,12.199512190000002,140,807660,84.0,0.05587904155254364,0.0001,201889
9616,5766,0.05,12.18179738,140,807744,84.0,0.042423512786626816,0.0001,201910
9617,5766,0.05,12.17472501,140,807828,84.0,2.1185407638549805,0.0001,201931
9618,5767,0.05,12.16125898,140,807912,84.0,0.05404513329267502,0.0001,201952
9619,5767,0.05,12.190939210000002,140,807996,84.0,0.12549294531345367,0.0001,201973
9620,5768,0.05,12.14829856,140,808080,84.0,0.10618472099304199,0.0001,201994
9621,5769,0.05,11.98677377,140,808164,84.0,2.115359306335449,0.0001,202015
9622,5769,0.05,11.985676839999998,140,808248,84.0,0.019929513335227966,0.0001,202036
9623,5770,0.05,11.989003919999998,140,808332,84.0,0.03229185938835144,0.0001,202057
9624,5770,0.05,12.1124332,140,808416,84.0,2.1017184257507324,0.0001,202078
9625,5771,0.05,12.22908477,140,808500,84.0,2.0132596492767334,0.0001,202099
9626,5771,0.05,12.225719159999999,140,808584,84.0,0.10656381398439407,0.0001,202120
9627,5772,0.05,12.157508309999999,140,808668,84.0,2.1283321380615234,0.0001,202141
9628,5772,0.05,12.166074779999997,140,808752,84.0,6.316884517669678,0.0001,202162
9629,5773,0.05,12.199428229999997,140,808836,84.0,0.06148212403059006,0.0001,202183
9630,5773,0.05,12.350592139999996,140,808920,84.0,0.06987137347459793,0.0001,202204
9631,5774,0.05,12.35209898,140,809004,84.0,0.14669430255889893,0.0001,202225
9632,5775,0.05,12.35415368,140,809088,84.0,2.130002975463867,0.0001,202246
9633,5775,0.05,12.292754040000002,140,809172,84.0,0.1263999044895172,0.0001,202267
9634,5776,0.05,12.1785609,140,809256,84.0,2.0576539039611816,0.0001,202288
9635,5776,0.05,12.186780149999999,140,809340,84.0,2.1358182430267334,0.0001,202309
9636,5777,0.05,12.04895063,140,809424,84.0,0.06201513111591339,0.0001,202330
9637,5777,0.05,12.09567904,140,809508,84.0,0.06514241546392441,0.0001,202351
9638,5778,0.05,12.241585709999999,140,809592,84.0,0.03568179905414581,0.0001,202372
9639,5778,0.05,12.217357390000002,140,809676,84.0,0.0821390151977539,0.0001,202393
9640,5779,0.05,12.18014908,140,809760,84.0,2.1401278972625732,0.0001,202414
9641,5780,0.05,12.151239629999997,140,809844,84.0,2.122258424758911,0.0001,202435
9642,5780,0.05,12.068494860000001,140,809928,84.0,0.02740640752017498,0.0001,202456
9643,5781,0.05,12.083958580000001,140,810012,84.0,2.129809617996216,0.0001,202477
9644,5781,0.05,12.03538485,140,810096,84.0,0.03924079239368439,0.0001,202498
9645,5782,0.05,12.031790690000003,140,810180,84.0,0.05095863342285156,0.0001,202519
9646,5782,0.05,12.031208320000003,140,810264,84.0,0.049585603177547455,0.0001,202540
9647,5783,0.05,12.01555199,140,810348,84.0,0.047569721937179565,0.0001,202561
9648,5783,0.05,12.06191794,140,810432,84.0,2.063084363937378,0.0001,202582
9649,5784,0.05,12.048616220000001,140,810516,84.0,0.10380363464355469,0.0001,202603
9650,5785,0.05,12.147758689999998,140,810600,84.0,0.030759163200855255,0.0001,202624
9651,5785,0.05,12.1751897,140,810684,84.0,2.090649366378784,0.0001,202645
9652,5786,0.05,12.096226629999999,140,810768,84.0,0.027786599472165108,0.0001,202666
9653,5786,0.05,12.15401739,140,810852,84.0,0.07356402277946472,0.0001,202687
9654,5787,0.05,12.114667850000004,140,810936,84.0,0.04652871936559677,0.0001,202708
9655,5788,0.05,12.118694849999999,140,811020,84.0,2.0513899326324463,0.0001,202729
9656,5788,0.05,12.006403940000002,140,811104,84.0,0.09749200940132141,0.0001,202750
9657,5789,0.05,11.93765371,140,811188,84.0,0.02780500426888466,0.0001,202771
9658,5789,0.05,11.96382045,140,811272,84.0,2.16080379486084,0.0001,202792
9659,5790,0.05,11.99804218,140,811356,84.0,0.04833900183439255,0.0001,202813
9660,5790,0.05,11.994807040000003,140,811440,84.0,0.03004562109708786,0.0001,202834
9661,5791,0.05,12.058782670000003,140,811524,84.0,0.014477741904556751,0.0001,202855
9662,5791,0.05,12.051745850000001,140,811608,84.0,2.0743253231048584,0.0001,202876
9663,5792,0.05,12.141943740000002,140,811692,84.0,0.014000114984810352,0.0001,202897
9664,5793,0.05,12.176637920000003,140,811776,84.0,0.044375188648700714,0.0001,202918
9665,5793,0.05,12.17032723,140,811860,84.0,0.024805039167404175,0.0001,202939
9666,5794,0.05,12.121226460000003,140,811944,84.0,0.03621327131986618,0.0001,202960
9667,5794,0.05,12.135564210000002,140,812028,84.0,0.019681591540575027,0.0001,202981
9668,5795,0.05,12.131925570000003,140,812112,84.0,0.02413206547498703,0.0001,203002
9669,5795,0.05,12.143680280000002,140,812196,84.0,0.0863889753818512,0.0001,203023
9670,5796,0.05,12.151948220000001,140,812280,84.0,0.041202109307050705,0.0001,203044
9671,5796,0.05,12.12491781,140,812364,84.0,2.135885238647461,0.0001,203065
9672,5797,0.05,12.067597279999998,140,812448,84.0,2.113884687423706,0.0001,203086
9673,5797,0.05,11.930951749999997,140,812532,84.0,0.025044932961463928,0.0001,203107
9674,5798,0.05,11.930960709999999,140,812616,84.0,0.06423178315162659,0.0001,203128
9675,5799,0.05,11.98908925,140,812700,84.0,0.04602585732936859,0.0001,203149
9676,5799,0.05,11.972167889999998,140,812784,84.0,4.135080337524414,0.0001,203170
9677,5800,0.05,12.04791467,140,812868,84.0,0.046566158533096313,0.0001,203191
9678,5800,0.05,12.04155122,140,812952,84.0,4.132193088531494,0.0001,203212
9679,5801,0.05,12.01632143,140,813036,84.0,0.040355876088142395,0.0001,203233
9680,5801,0.05,11.88504542,140,813120,84.0,4.103350639343262,0.0001,203254
9681,5802,0.05,11.869319279999997,140,813204,84.0,0.025525584816932678,0.0001,203275
9682,5802,0.05,11.80854915,140,813288,84.0,0.06202608346939087,0.0001,203296
9683,5803,0.05,11.78142975,140,813372,84.0,0.040786467492580414,0.0001,203317
9684,5804,0.05,11.865467559999999,140,813456,84.0,0.013621407561004162,0.0001,203338
9685,5804,0.05,11.897319699999999,140,813540,84.0,2.169039011001587,0.0001,203359
9686,5805,0.05,11.86737781,140,813624,84.0,0.16712746024131775,0.0001,203380
9687,5805,0.05,11.9020336,140,813708,84.0,0.08423997461795807,0.0001,203401
9688,5806,0.05,11.88839282,140,813792,84.0,2.0787887573242188,0.0001,203422
9689,5806,0.05,11.915128879999997,140,813876,84.0,0.04120136797428131,0.0001,203443
9690,5807,0.05,11.89785929,140,813960,84.0,0.07215479016304016,0.0001,203464
9691,5808,0.05,11.98048094,140,814044,84.0,2.140625476837158,0.0001,203485
9692,5808,0.05,12.15274801,140,814128,84.0,2.089689016342163,0.0001,203506
9693,5809,0.05,12.15464099,140,814212,84.0,0.07013794779777527,0.0001,203527
9694,5809,0.05,12.09522548,140,814296,84.0,0.03287143260240555,0.0001,203548
9695,5810,0.05,12.06632703,140,814380,84.0,0.021225478500127792,0.0001,203569
9696,5810,0.05,12.014874859999999,140,814464,84.0,2.108607530593872,0.0001,203590
9697,5811,0.05,11.981768720000002,140,814548,84.0,0.03415248543024063,0.0001,203611
9698,5812,0.05,11.969683950000004,140,814632,84.0,2.0921571254730225,0.0001,203632
9699,5812,0.05,12.064796840000001,140,814716,84.0,0.03888249397277832,0.0001,203653
9700,5813,0.05,11.981909289999999,140,814800,84.0,0.019941171631217003,0.0001,203674
9701,5813,0.05,11.979323939999999,140,814884,84.0,0.043530404567718506,0.0001,203695
9702,5814,0.05,11.89160548,140,814968,84.0,2.102494716644287,0.0001,203716
9703,5814,0.05,11.84430049,140,815052,84.0,0.07205671072006226,0.0001,203737
9704,5815,0.05,11.883145110000001,140,815136,84.0,0.037362754344940186,0.0001,203758
9705,5815,0.05,11.870897720000002,140,815220,84.0,0.01823228970170021,0.0001,203779
9706,5816,0.05,11.899401940000002,140,815304,84.0,0.038048822432756424,0.0001,203800
9707,5816,0.05,11.851355850000003,140,815388,84.0,0.08109159767627716,0.0001,203821
9708,5817,0.05,11.74147174,140,815472,84.0,2.176746129989624,0.0001,203842
9709,5817,0.05,11.751295559999999,140,815556,84.0,0.022128742188215256,0.0001,203863
9710,5818,0.05,11.715926689999996,140,815640,84.0,0.048663247376680374,0.0001,203884
9711,5818,0.05,11.732340950000001,140,815724,84.0,0.048880185931921005,0.0001,203905
9712,5819,0.05,11.78256194,140,815808,84.0,0.0314759686589241,0.0001,203926
9713,5819,0.05,11.801063729999996,140,815892,84.0,0.03697353973984718,0.0001,203947
9714,5820,0.05,11.844339349999998,140,815976,84.0,0.12586525082588196,0.0001,203968
9715,5821,0.05,11.98973688,140,816060,84.0,2.0900397300720215,0.0001,203989
9716,5821,0.05,12.059031749999999,140,816144,84.0,0.02654663845896721,0.0001,204010
9717,5822,0.05,12.156463939999998,140,816228,84.0,2.0562331676483154,0.0001,204031
9718,5822,0.05,12.21282523,140,816312,84.0,0.03009890206158161,0.0001,204052
9719,5823,0.05,12.25771986,140,816396,84.0,4.201292037963867,0.0001,204073
9720,5823,0.05,12.261610640000004,140,816480,84.0,0.028292890638113022,0.0001,204094
9721,5824,0.05,12.36599153,140,816564,84.0,0.051360636949539185,0.0001,204115
9722,5824,0.05,12.492452830000005,140,816648,84.0,2.1021203994750977,0.0001,204136
9723,5825,0.05,12.48106474,140,816732,84.0,2.1235828399658203,0.0001,204157
9724,5825,0.05,12.370296500000002,140,816816,84.0,0.06577901542186737,0.0001,204178
9725,5826,0.05,12.323892550000004,140,816900,84.0,0.0516367182135582,0.0001,204199
9726,5826,0.05,12.144010970000002,140,816984,84.0,0.19752292335033417,0.0001,204220
9727,5827,0.05,12.213169280000002,140,817068,84.0,0.025480320677161217,0.0001,204241
9728,5827,0.05,12.208066940000002,140,817152,84.0,0.01466169860213995,0.0001,204262
9729,5828,0.05,12.211985199999999,140,817236,84.0,0.03563609719276428,0.0001,204283
9730,5828,0.05,12.184051399999998,140,817320,84.0,0.06815271079540253,0.0001,204304
9731,5829,0.05,12.182440029999999,140,817404,84.0,0.03830420598387718,0.0001,204325
9732,5829,0.05,12.159886859999999,140,817488,84.0,0.057696666568517685,0.0001,204346
9733,5830,0.05,12.18624198,140,817572,84.0,0.027312740683555603,0.0001,204367
9734,5830,0.05,12.22475766,140,817656,84.0,0.030209939926862717,0.0001,204388
9735,5831,0.05,12.30650339,140,817740,84.0,0.01895713433623314,0.0001,204409
9736,5831,0.05,12.306907900000004,140,817824,84.0,0.05281886085867882,0.0001,204430
9737,5832,0.05,12.15913229,140,817908,84.0,0.029887739568948746,0.0001,204451
9738,5832,0.05,12.0284977,140,817992,84.0,0.027859799563884735,0.0001,204472
9739,5833,0.05,12.032260849999998,140,818076,84.0,0.0634283646941185,0.0001,204493
9740,5833,0.05,12.0448952,140,818160,84.0,0.038317978382110596,0.0001,204514
9741,5834,0.05,12.09526981,140,818244,84.0,0.05134965479373932,0.0001,204535
9742,5834,0.05,12.078556249999998,140,818328,84.0,0.026696186512708664,0.0001,204556
9743,5835,0.05,12.044205889999999,140,818412,84.0,0.07722245156764984,0.0001,204577
9744,5835,0.05,12.00292367,140,818496,84.0,0.06159532070159912,0.0001,204598
9745,5836,0.05,12.024747029999999,140,818580,84.0,4.181966781616211,0.0001,204619
9746,5836,0.05,12.0279718,140,818664,84.0,2.067891836166382,0.0001,204640
9747,5837,0.05,12.108869890000001,140,818748,84.0,0.07644106447696686,0.0001,204661
9748,5837,0.05,12.06425458,140,818832,84.0,0.17652057111263275,0.0001,204682
9749,5838,0.05,12.07163223,140,818916,84.0,4.134047508239746,0.0001,204703
9750,5838,0.05,11.960273799999998,140,819000,84.0,0.025357026606798172,0.0001,204724
9751,5839,0.05,11.950992529999999,140,819084,84.0,2.06249737739563,0.0001,204745
9752,5840,0.05,11.965765079999999,140,819168,84.0,0.013729985803365707,0.0001,204766
9753,5840,0.05,12.041483179999998,140,819252,84.0,0.0736725926399231,0.0001,204787
9754,5841,0.05,12.093174189999997,140,819336,84.0,0.08105260878801346,0.0001,204808
9755,5842,0.05,12.091594549999998,140,819420,84.0,2.117264986038208,0.0001,204829
9756,5842,0.05,12.13014439,140,819504,84.0,2.0793404579162598,0.0001,204850
9757,5843,0.05,12.181590000000002,140,819588,84.0,0.06420561671257019,0.0001,204871
9758,5844,0.05,12.16880997,140,819672,84.0,0.06609116494655609,0.0001,204892
9759,5844,0.05,12.14093469,140,819756,84.0,2.1039695739746094,0.0001,204913
9760,5845,0.05,12.19339855,140,819840,84.0,2.0978481769561768,0.0001,204934
9761,5845,0.05,12.10810629,140,819924,84.0,0.08989317715167999,0.0001,204955
9762,5846,0.05,12.037451710000003,140,820008,84.0,0.06525344401597977,0.0001,204976
9763,5847,0.05,11.9267752,140,820092,84.0,2.160656690597534,0.0001,204997
9764,5847,0.05,11.819846679999998,140,820176,84.0,0.05858577787876129,0.0001,205018
9765,5848,0.05,11.805539680000003,140,820260,84.0,0.0804193764925003,0.0001,205039
9766,5848,0.05,11.836393489999999,140,820344,84.0,0.09006300568580627,0.0001,205060
9767,5849,0.05,11.93382135,140,820428,84.0,0.018767904490232468,0.0001,205081
9768,5849,0.05,11.93651995,140,820512,84.0,2.090636968612671,0.0001,205102
9769,5850,0.05,12.029213249999998,140,820596,84.0,0.255279004573822,0.0001,205123
9770,5850,0.05,12.01329017,140,820680,84.0,0.04068551957607269,0.0001,205144
9771,5851,0.05,11.93851776,140,820764,84.0,2.087256669998169,0.0001,205165
9772,5852,0.05,12.000937049999997,140,820848,84.0,4.1344380378723145,0.0001,205186
9773,5852,0.05,12.089136869999997,140,820932,84.0,0.021596699953079224,0.0001,205207
9774,5853,0.05,12.089644459999999,140,821016,84.0,0.08997792750597,0.0001,205228
9775,5854,0.05,11.926533009999998,140,821100,84.0,2.1651647090911865,0.0001,205249
9776,5854,0.05,11.84150418,140,821184,84.0,0.03719130903482437,0.0001,205270
9777,5855,0.05,11.77894654,140,821268,84.0,2.1262338161468506,0.0001,205291
9778,5856,0.05,11.943073000000002,140,821352,84.0,0.04793701693415642,0.0001,205312
9779,5856,0.05,12.03433855,140,821436,84.0,0.04117109254002571,0.0001,205333
9780,5857,0.05,12.059143759999998,140,821520,84.0,0.021052654832601547,0.0001,205354
9781,5857,0.05,12.054687619999997,140,821604,84.0,2.0925729274749756,0.0001,205375
9782,5858,0.05,12.051079099999997,140,821688,84.0,0.052827976644039154,0.0001,205396
9783,5859,0.05,12.141966539999999,140,821772,84.0,2.0815207958221436,0.0001,205417
9784,5859,0.05,12.146804190000001,140,821856,84.0,0.03633033484220505,0.0001,205438
9785,5860,0.05,11.947319259999999,140,821940,84.0,0.022242894396185875,0.0001,205459
9786,5860,0.05,11.992606520000002,140,822024,84.0,0.025592654943466187,0.0001,205480
9787,5861,0.05,11.90701014,140,822108,84.0,0.035046495497226715,0.0001,205501
9788,5862,0.05,11.937049430000002,140,822192,84.0,0.022628450766205788,0.0001,205522
9789,5862,0.05,11.83591632,140,822276,84.0,4.136940956115723,0.0001,205543
9790,5863,0.05,11.953887380000001,140,822360,84.0,0.11188357323408127,0.0001,205564
9791,5863,0.05,12.01901715,140,822444,84.0,0.045518819242715836,0.0001,205585
9792,5864,0.05,11.88959729,140,822528,84.0,0.07373650372028351,0.0001,205606
9793,5865,0.05,11.899807939999999,140,822612,84.0,0.021667994558811188,0.0001,205627
9794,5865,0.05,12.08292383,140,822696,84.0,2.0756430625915527,0.0001,205648
9795,5866,0.05,12.098171379999998,140,822780,84.0,0.02097269333899021,0.0001,205669
9796,5866,0.05,12.18065306,140,822864,84.0,0.14892548322677612,0.0001,205690
9797,5867,0.05,12.132620269999997,140,822948,84.0,2.0749053955078125,0.0001,205711
9798,5868,0.05,12.222347709999998,140,823032,84.0,0.030718550086021423,0.0001,205732
9799,5868,0.05,12.128339999999998,140,823116,84.0,0.05681721866130829,0.0001,205753
9800,5869,0.05,12.14310975,140,823200,84.0,0.012405164539813995,0.0001,205774
9801,5869,0.05,12.140736140000001,140,823284,84.0,2.0977091789245605,0.0001,205795
9802,5870,0.05,12.09422861,140,823368,84.0,0.010376228019595146,0.0001,205816
9803,5871,0.05,12.18913313,140,823452,84.0,0.05742180719971657,0.0001,205837
9804,5871,0.05,12.095198930000002,140,823536,84.0,2.2034456729888916,0.0001,205858
9805,5872,0.05,12.15876902,140,823620,84.0,0.020822852849960327,0.0001,205879
9806,5873,0.05,12.172194529999999,140,823704,84.0,0.04066503793001175,0.0001,205900
9807,5873,0.05,12.27492876,140,823788,84.0,0.11318669468164444,0.0001,205921
9808,5874,0.05,12.435153589999997,140,823872,84.0,0.04673291742801666,0.0001,205942
9809,5875,0.05,12.421365789999998,140,823956,84.0,0.04873869568109512,0.0001,205963
9810,5875,0.05,12.483602749999998,140,824040,84.0,0.050869520753622055,0.0001,205984
9811,5876,0.05,12.48548166,140,824124,84.0,0.022184966132044792,0.0001,206005
9812,5876,0.05,12.37762697,140,824208,84.0,2.0505449771881104,0.0001,206026
9813,5877,0.05,12.341083679999999,140,824292,84.0,2.0885214805603027,0.0001,206047
9814,5877,0.05,12.34822416,140,824376,84.0,2.11098575592041,0.0001,206068
9815,5878,0.05,12.29029544,140,824460,84.0,0.05497097969055176,0.0001,206089
9816,5879,0.05,12.279744820000001,140,824544,84.0,0.03280697017908096,0.0001,206110
9817,5879,0.05,12.27230344,140,824628,84.0,0.01544321421533823,0.0001,206131
9818,5880,0.05,12.23677843,140,824712,84.0,0.06289748847484589,0.0001,206152
9819,5880,0.05,12.22151074,140,824796,84.0,2.101152181625366,0.0001,206173
9820,5881,0.05,12.194268019999997,140,824880,84.0,0.0794612467288971,0.0001,206194
9821,5881,0.05,12.152555369999998,140,824964,84.0,0.04185023903846741,0.0001,206215
9822,5882,0.05,12.004321009999998,140,825048,84.0,2.085719108581543,0.0001,206236
9823,5882,0.05,12.012692569999999,140,825132,84.0,4.167398452758789,0.0001,206257
9824,5883,0.05,11.89042813,140,825216,84.0,0.034302495419979095,0.0001,206278
9825,5884,0.05,11.930519879999999,140,825300,84.0,0.07805821299552917,0.0001,206299
9826,5884,0.05,12.105559239999998,140,825384,84.0,0.019331403076648712,0.0001,206320
9827,5885,0.05,12.231851069999998,140,825468,84.0,4.081211566925049,0.0001,206341
9828,5886,0.05,12.23996316,140,825552,84.0,0.08749015629291534,0.0001,206362
9829,5886,0.05,12.270867139999998,140,825636,84.0,0.07059715688228607,0.0001,206383
9830,5887,0.05,12.239006249999997,140,825720,84.0,2.1434326171875,0.0001,206404
9831,5887,0.05,12.16614952,140,825804,84.0,0.016991887241601944,0.0001,206425
9832,5888,0.05,12.27635568,140,825888,84.0,0.021595537662506104,0.0001,206446
9833,5889,0.05,12.20791302,140,825972,84.0,0.1951514482498169,0.0001,206467
9834,5889,0.05,12.218053379999999,140,826056,84.0,2.0835769176483154,0.0001,206488
9835,5890,0.05,12.216665760000001,140,826140,84.0,0.056544773280620575,0.0001,206509
9836,5890,0.05,12.22931321,140,826224,84.0,2.075092315673828,0.0001,206530
9837,5891,0.05,12.22849411,140,826308,84.0,0.03999314457178116,0.0001,206551
9838,5892,0.05,12.150201979999999,140,826392,84.0,0.058612726628780365,0.0001,206572
9839,5892,0.05,12.1649995,140,826476,84.0,0.06671944260597229,0.0001,206593
9840,5893,0.05,12.07620811,140,826560,84.0,0.07914581894874573,0.0001,206614
9841,5893,0.05,12.01883372,140,826644,84.0,0.1159367635846138,0.0001,206635
9842,5894,0.05,12.04786856,140,826728,84.0,0.0455312505364418,0.0001,206656
9843,5894,0.05,12.08851487,140,826812,84.0,0.07326023280620575,0.0001,206677
9844,5895,0.05,12.166849979999995,140,826896,84.0,2.1306040287017822,0.0001,206698
9845,5895,0.05,12.184646749999997,140,826980,84.0,0.03424331545829773,0.0001,206719
9846,5896,0.05,12.200210409999997,140,827064,84.0,0.06276504695415497,0.0001,206740
9847,5896,0.05,12.21195365,140,827148,84.0,0.04196203500032425,0.0001,206761
9848,5897,0.05,12.166804860000003,140,827232,84.0,2.1431498527526855,0.0001,206782
9849,5897,0.05,12.132597310000003,140,827316,84.0,0.028996136039495468,0.0001,206803
9850,5898,0.05,12.166064589999998,140,827400,84.0,0.09051680564880371,0.0001,206824
9851,5898,0.05,12.294371190000001,140,827484,84.0,4.052811622619629,0.0001,206845
9852,5899,0.05,12.44816195,140,827568,84.0,2.050860643386841,0.0001,206866
9853,5899,0.05,12.29358729,140,827652,84.0,4.133641242980957,0.0001,206887
9854,5900,0.05,12.377104079999999,140,827736,84.0,4.280818939208984,0.0001,206908
9855,5900,0.05,12.372972449999999,140,827820,84.0,0.33049166202545166,0.0001,206929
9856,5901,0.05,12.379483940000002,140,827904,84.0,2.0819082260131836,0.0001,206950
9857,5901,0.05,12.376796200000003,140,827988,84.0,0.016233060508966446,0.0001,206971
9858,5902,0.05,12.36397406,140,828072,84.0,0.02992674708366394,0.0001,206992
9859,5902,0.05,12.39554556,140,828156,84.0,2.048658847808838,0.0001,207013
9860,5903,0.05,12.46524488,140,828240,84.0,0.03545142710208893,0.0001,207034
9861,5904,0.05,12.53103669,140,828324,84.0,0.02629128098487854,0.0001,207055
9862,5904,0.05,12.543662009999998,140,828408,84.0,0.08572898060083389,0.0001,207076
9863,5905,0.05,12.647922490000001,140,828492,84.0,0.032631151378154755,0.0001,207097
9864,5905,0.05,12.661086769999999,140,828576,84.0,2.0956802368164062,0.0001,207118
9865,5906,0.05,12.669808500000002,140,828660,84.0,0.04495725780725479,0.0001,207139
9866,5906,0.05,12.66254843,140,828744,84.0,2.078068733215332,0.0001,207160
9867,5907,0.05,12.622345769999999,140,828828,84.0,2.037865161895752,0.0001,207181
9868,5908,0.05,12.6153921,140,828912,84.0,0.05798792839050293,0.0001,207202
9869,5908,0.05,12.62790041,140,828996,84.0,0.0863659679889679,0.0001,207223
9870,5909,0.05,12.680420349999999,140,829080,84.0,0.02268635854125023,0.0001,207244
9871,5909,0.05,12.647367099999999,140,829164,84.0,4.132833480834961,0.0001,207265
9872,5910,0.05,12.643919190000002,140,829248,84.0,0.06739108264446259,0.0001,207286
9873,5910,0.05,12.586788960000002,140,829332,84.0,0.12192012369632721,0.0001,207307
9874,5911,0.05,12.57857653,140,829416,84.0,2.15047287940979,0.0001,207328
9875,5911,0.05,12.679077209999997,140,829500,84.0,2.0707194805145264,0.0001,207349
9876,5912,0.05,12.6574365,140,829584,84.0,0.03380633145570755,0.0001,207370
9877,5912,0.05,12.66007008,140,829668,84.0,0.05791611224412918,0.0001,207391
9878,5913,0.05,12.494211540000004,140,829752,84.0,0.037538960576057434,0.0001,207412
9879,5913,0.05,12.17969453,140,829836,84.0,0.02240953966975212,0.0001,207433
9880,5914,0.05,12.16296653,140,829920,84.0,2.092430591583252,0.0001,207454
9881,5914,0.05,12.34866156,140,830004,84.0,0.12311738729476929,0.0001,207475
9882,5915,0.05,12.33279025,140,830088,84.0,2.120025873184204,0.0001,207496
9883,5916,0.05,12.22088523,140,830172,84.0,2.1291909217834473,0.0001,207517
9884,5916,0.05,12.133017130000002,140,830256,84.0,0.06546911597251892,0.0001,207538
9885,5917,0.05,12.14346282,140,830340,84.0,0.10231152921915054,0.0001,207559
9886,5917,0.05,12.09668264,140,830424,84.0,0.08019104599952698,0.0001,207580
9887,5918,0.05,11.891319739999998,140,830508,84.0,0.02377154491841793,0.0001,207601
9888,5918,0.05,11.854792089999997,140,830592,84.0,0.02448391169309616,0.0001,207622
9889,5919,0.05,11.87779067,140,830676,84.0,2.1261634826660156,0.0001,207643
9890,5919,0.05,11.753884099999999,140,830760,84.0,0.023284120485186577,0.0001,207664
9891,5920,0.05,11.61700926,140,830844,84.0,0.07364922761917114,0.0001,207685
9892,5920,0.05,11.567100649999997,140,830928,84.0,0.011549457907676697,0.0001,207706
9893,5921,0.05,11.450988930000001,140,831012,84.0,0.049378473311662674,0.0001,207727
9894,5921,0.05,11.333436769999997,140,831096,84.0,2.0647895336151123,0.0001,207748
9895,5922,0.05,11.33626192,140,831180,84.0,0.019516460597515106,0.0001,207769
9896,5923,0.05,11.15508119,140,831264,84.0,0.039561234414577484,0.0001,207790
9897,5923,0.05,11.208246330000001,140,831348,84.0,0.07026389241218567,0.0001,207811
9898,5924,0.05,11.111957840000002,140,831432,84.0,2.089128255844116,0.0001,207832
9899,5924,0.05,11.12040917,140,831516,84.0,0.0375165194272995,0.0001,207853
9900,5925,0.05,11.091601739999998,140,831600,84.0,0.04414026439189911,0.0001,207874
9901,5925,0.05,11.173214259999998,140,831684,84.0,0.057091180235147476,0.0001,207895
9902,5926,0.05,11.291001290000002,140,831768,84.0,0.039109308272600174,0.0001,207916
9903,5926,0.05,11.22742221,140,831852,84.0,0.07793498039245605,0.0001,207937
9904,5927,0.05,11.20924952,140,831936,84.0,0.0419248528778553,0.0001,207958
9905,5927,0.05,11.154006539999997,140,832020,84.0,0.06803709268569946,0.0001,207979
9906,5928,0.05,11.13523311,140,832104,84.0,0.0553424209356308,0.0001,208000
9907,5928,0.05,10.994382960000001,140,832188,84.0,2.0663537979125977,0.0001,208021
9908,5929,0.05,10.821299790000001,140,832272,84.0,0.02733796089887619,0.0001,208042
9909,5929,0.05,10.812002910000004,140,832356,84.0,0.04712241142988205,0.0001,208063
9910,5930,0.05,10.85708743,140,832440,84.0,0.028731580823659897,0.0001,208084
9911,5930,0.05,10.86099523,140,832524,84.0,0.060442738234996796,0.0001,208105
9912,5931,0.05,10.932007119999998,140,832608,84.0,0.06401745229959488,0.0001,208126
9913,5932,0.05,11.08365013,140,832692,84.0,0.026577938348054886,0.0001,208147
9914,5932,0.05,11.068587010000002,140,832776,84.0,2.140326499938965,0.0001,208168
9915,5933,0.05,11.016693960000003,140,832860,84.0,0.06403885036706924,0.0001,208189
9916,5933,0.05,11.1181867,140,832944,84.0,0.02763948030769825,0.0001,208210
9917,5934,0.05,11.031033490000002,140,833028,84.0,0.05214837193489075,0.0001,208231
9918,5934,0.05,11.004772050000001,140,833112,84.0,2.0451831817626953,0.0001,208252
9919,5935,0.05,10.972924690000005,140,833196,84.0,2.1813464164733887,0.0001,208273
9920,5936,0.05,11.091899560000002,140,833280,84.0,2.1923828125,0.0001,208294
9921,5936,0.05,11.188254980000002,140,833364,84.0,0.05360425263643265,0.0001,208315
9922,5937,0.05,11.30487482,140,833448,84.0,0.04176071286201477,0.0001,208336
9923,5937,0.05,11.294884649999998,140,833532,84.0,2.1246118545532227,0.0001,208357
9924,5938,0.05,11.386221209999999,140,833616,84.0,2.0558676719665527,0.0001,208378
9925,5938,0.05,11.312736949999998,140,833700,84.0,2.098527193069458,0.0001,208399
9926,5939,0.05,11.307811399999999,140,833784,84.0,0.06945714354515076,0.0001,208420
9927,5939,0.05,11.192082749999997,140,833868,84.0,2.0579705238342285,0.0001,208441
9928,5940,0.05,11.28371625,140,833952,84.0,0.030445557087659836,0.0001,208462
9929,5941,0.05,11.25095411,140,834036,84.0,2.1278438568115234,0.0001,208483
9930,5941,0.05,11.187963400000003,140,834120,84.0,2.167856216430664,0.0001,208504
9931,5941,0.05,11.342779510000003,140,834204,84.0,2.0681440830230713,0.0001,208525
9932,5942,0.05,11.27483879,140,834288,84.0,0.03128177672624588,0.0001,208546
9933,5943,0.05,11.346101290000002,140,834372,84.0,0.03359854966402054,0.0001,208567
9934,5943,0.05,11.335054650000002,140,834456,84.0,2.0786726474761963,0.0001,208588
9935,5944,0.05,11.233431920000001,140,834540,84.0,0.038880929350852966,0.0001,208609
9936,5944,0.05,11.345103070000002,140,834624,84.0,0.039757758378982544,0.0001,208630
9937,5945,0.05,11.38243286,140,834708,84.0,0.03271216154098511,0.0001,208651
9938,5946,0.05,11.37920606,140,834792,84.0,0.042468003928661346,0.0001,208672
9939,5946,0.05,11.350819689999998,140,834876,84.0,0.06238206475973129,0.0001,208693
9940,5947,0.05,11.417691939999997,140,834960,84.0,0.02417929284274578,0.0001,208714
9941,5948,0.05,11.461301909999998,140,835044,84.0,0.034686505794525146,0.0001,208735
9942,5948,0.05,11.48424286,140,835128,84.0,0.04529009386897087,0.0001,208756
9943,5949,0.05,11.601863320000001,140,835212,84.0,0.015235391445457935,0.0001,208777
9944,5950,0.05,11.578832060000002,140,835296,84.0,0.03271576762199402,0.0001,208798
9945,5950,0.05,11.568588390000002,140,835380,84.0,2.2317614555358887,0.0001,208819
9946,5951,0.05,11.627043160000001,140,835464,84.0,2.107633113861084,0.0001,208840
9947,5951,0.05,11.64267949,140,835548,84.0,2.056673288345337,0.0001,208861
9948,5952,0.05,11.65245979,140,835632,84.0,0.07564050704240799,0.0001,208882
9949,5952,0.05,11.68172735,140,835716,84.0,0.04631748050451279,0.0001,208903
9950,5953,0.05,11.720630250000001,140,835800,84.0,0.017722897231578827,0.0001,208924
9951,5954,0.05,11.58989223,140,835884,84.0,0.03831414133310318,0.0001,208945
9952,5954,0.05,11.39122352,140,835968,84.0,0.08526410162448883,0.0001,208966
9953,5955,0.05,11.45862979,140,836052,84.0,0.06866150349378586,0.0001,208987
9954,5955,0.05,11.374594830000001,140,836136,84.0,0.031570568680763245,0.0001,209008
9955,5956,0.05,11.505730889999997,140,836220,84.0,0.021175380796194077,0.0001,209029
9956,5956,0.05,11.589745249999998,140,836304,84.0,2.0575387477874756,0.0001,209050
9957,5957,0.05,11.632676409999998,140,836388,84.0,0.025286469608545303,0.0001,209071
9958,5957,0.05,11.67606573,140,836472,84.0,2.0490427017211914,0.0001,209092
9959,5958,0.05,11.654098579999998,140,836556,84.0,2.066880464553833,0.0001,209113
9960,5959,0.05,11.540885639999999,140,836640,84.0,0.05013096332550049,0.0001,209134
9961,5959,0.05,11.54470337,140,836724,84.0,0.022167351096868515,0.0001,209155
9962,5960,0.05,11.522344949999999,140,836808,84.0,0.10123400390148163,0.0001,209176
9963,5960,0.05,11.41072991,140,836892,84.0,0.028091641142964363,0.0001,209197
9964,5961,0.05,11.398339960000003,140,836976,84.0,2.163978338241577,0.0001,209218
9965,5961,0.05,11.395109750000001,140,837060,84.0,0.10820942372083664,0.0001,209239
9966,5962,0.05,11.456926280000005,140,837144,84.0,2.2009472846984863,0.0001,209260
9967,5963,0.05,11.50054313,140,837228,84.0,2.0718367099761963,0.0001,209281
9968,5963,0.05,11.48425039,140,837312,84.0,0.03768832981586456,0.0001,209302
9969,5964,0.05,11.496494069999999,140,837396,84.0,2.104801893234253,0.0001,209323
9970,5964,0.05,11.471781909999997,140,837480,84.0,0.05481252074241638,0.0001,209344
9971,5965,0.05,11.49001005,140,837564,84.0,2.0892791748046875,0.0001,209365
9972,5965,0.05,11.51075022,140,837648,84.0,0.022457964718341827,0.0001,209386
9973,5966,0.05,11.621520559999999,140,837732,84.0,0.04639767110347748,0.0001,209407
9974,5966,0.05,11.59115658,140,837816,84.0,0.04188185930252075,0.0001,209428
9975,5967,0.05,11.591323809999999,140,837900,84.0,0.02662530541419983,0.0001,209449
9976,5967,0.05,11.61075744,140,837984,84.0,0.04908839613199234,0.0001,209470
9977,5968,0.05,11.599716129999997,140,838068,84.0,0.21429769694805145,0.0001,209491
9978,5969,0.05,11.605556499999999,140,838152,84.0,2.0405447483062744,0.0001,209512
9979,5969,0.05,11.829869039999998,140,838236,84.0,0.06024371087551117,0.0001,209533
9980,5970,0.05,11.94626848,140,838320,84.0,0.037644267082214355,0.0001,209554
9981,5970,0.05,11.861052130000003,140,838404,84.0,2.1787774562835693,0.0001,209575
9982,5971,0.05,11.916075800000002,140,838488,84.0,0.10778969526290894,0.0001,209596
9983,5971,0.05,12.014029500000003,140,838572,84.0,2.131903886795044,0.0001,209617
9984,5972,0.05,11.935665300000004,140,838656,84.0,0.04528412967920303,0.0001,209638
9985,5973,0.05,11.974098900000001,140,838740,84.0,0.13062986731529236,0.0001,209659
9986,5973,0.05,11.979125699999999,140,838824,84.0,0.037630870938301086,0.0001,209680
9987,5974,0.05,12.218431729999999,140,838908,84.0,0.033941153436899185,0.0001,209701
9988,5974,0.05,12.314916519999999,140,838992,84.0,2.170074939727783,0.0001,209722
9989,5975,0.05,12.33227532,140,839076,84.0,0.13424795866012573,0.0001,209743
9990,5975,0.05,12.346360100000002,140,839160,84.0,2.106997489929199,0.0001,209764
9991,5976,0.05,12.358655510000004,140,839244,84.0,2.078993082046509,0.0001,209785
9992,5977,0.05,12.391806320000002,140,839328,84.0,0.042614419013261795,0.0001,209806
9993,5977,0.05,12.522521290000002,140,839412,84.0,0.04127051308751106,0.0001,209827
9994,5978,0.05,12.62727611,140,839496,84.0,0.10983390361070633,0.0001,209848
9995,5978,0.05,12.73822966,140,839580,84.0,0.033912621438503265,0.0001,209869
9996,5979,0.05,12.89840194,140,839664,84.0,0.039426229894161224,0.0001,209890
9997,5979,0.05,12.855377649999998,140,839748,84.0,0.034830108284950256,0.0001,209911
9998,5980,0.05,12.873619459999997,140,839832,84.0,0.017957014963030815,0.0001,209932
9999,5981,0.05,12.95640103,140,839916,84.0,0.03571418300271034,0.0001,209953
10000,5981,0.05,12.976567119999997,140,840000,84.0,2.0875988006591797,0.0001,209974
10001,5982,0.05,12.889255519999999,140,840084,84.0,0.030638525262475014,0.0001,209995
10002,5982,0.05,12.83170251,140,840168,84.0,2.123511791229248,0.0001,210016
10003,5983,0.05,12.816455830000002,140,840252,84.0,2.0210185050964355,0.0001,210037
10004,5983,0.05,12.84672863,140,840336,84.0,2.0801103115081787,0.0001,210058
10005,5984,0.05,12.902793420000002,140,840420,84.0,2.043071985244751,0.0001,210079
10006,5984,0.05,12.85775738,140,840504,84.0,0.12499739229679108,0.0001,210100
10007,5985,0.05,12.838167260000002,140,840588,84.0,0.05112593248486519,0.0001,210121
10008,5985,0.05,12.903455670000001,140,840672,84.0,0.11761491000652313,0.0001,210142
10009,5986,0.05,12.885977680000003,140,840756,84.0,2.1277050971984863,0.0001,210163
10010,5986,0.05,12.813596670000003,140,840840,84.0,2.1766860485076904,0.0001,210184
10011,5987,0.05,12.792786420000002,140,840924,84.0,0.021416056901216507,0.0001,210205
10012,5987,0.05,12.723123660000004,140,841008,84.0,0.02651279605925083,0.0001,210226
10013,5988,0.05,12.64013918,140,841092,84.0,2.0369646549224854,0.0001,210247
10014,5988,0.05,12.73274611,140,841176,84.0,0.06595776230096817,0.0001,210268
10015,5989,0.05,12.734522340000002,140,841260,84.0,0.035484615713357925,0.0001,210289
10016,5989,0.05,12.640566960000001,140,841344,84.0,2.0971646308898926,0.0001,210310
10017,5990,0.05,12.65787611,140,841428,84.0,4.044690132141113,0.0001,210331
10018,5991,0.05,12.671724820000003,140,841512,84.0,0.03511159121990204,0.0001,210352
10019,5991,0.05,12.669422000000004,140,841596,84.0,0.14601247012615204,0.0001,210373
10020,5992,0.05,12.577558390000004,140,841680,84.0,0.0315498448908329,0.0001,210394
10021,5992,0.05,12.470336630000002,140,841764,84.0,0.036169007420539856,0.0001,210415
10022,5993,0.05,12.33309537,140,841848,84.0,0.06352480500936508,0.0001,210436
10023,5993,0.05,12.336388350000002,140,841932,84.0,0.054430898278951645,0.0001,210457
10024,5994,0.05,12.343840680000001,140,842016,84.0,0.031341198831796646,0.0001,210478
10025,5994,0.05,12.328991939999998,140,842100,84.0,0.05027666687965393,0.0001,210499
10026,5995,0.05,12.35090488,140,842184,84.0,0.03370766341686249,0.0001,210520
10027,5995,0.05,12.347028139999999,140,842268,84.0,0.053265225142240524,0.0001,210541
10028,5996,0.05,12.21196687,140,842352,84.0,4.057243824005127,0.0001,210562
10029,5997,0.05,12.28447467,140,842436,84.0,2.087430000305176,0.0001,210583
10030,5997,0.05,12.29400131,140,842520,84.0,0.022758375853300095,0.0001,210604
10031,5998,0.05,12.333451729999997,140,842604,84.0,0.03388677164912224,0.0001,210625
10032,5998,0.05,12.321680559999997,140,842688,84.0,2.030500650405884,0.0001,210646
10033,5999,0.05,12.350003529999997,140,842772,84.0,4.107116222381592,0.0001,210667
10034,6000,0.05,12.403641859999999,140,842856,84.0,0.05361565202474594,0.0001,210688
10035,6000,0.05,12.425417149999998,140,842940,84.0,2.15427565574646,0.0001,210709
10036,6001,0.05,12.468221559999996,140,843024,84.0,0.060316234827041626,0.0001,210730
10037,6002,0.05,12.495337579999996,140,843108,84.0,0.3909251093864441,0.0001,210751
10038,6002,0.05,12.5795996,140,843192,84.0,0.099843829870224,0.0001,210772
10039,6003,0.05,12.71689517,140,843276,84.0,2.183657646179199,0.0001,210793
10040,6004,0.05,12.748700649999998,140,843360,84.0,0.17890867590904236,0.0001,210814
10041,6004,0.05,12.89223946,140,843444,84.0,0.13294517993927002,0.0001,210835
10042,6005,0.05,12.833359459999999,140,843528,84.0,4.152246475219727,0.0001,210856
10043,6006,0.05,12.68781379,140,843612,84.0,0.07292201370000839,0.0001,210877
10044,6006,0.05,12.63219365,140,843696,84.0,2.120462417602539,0.0001,210898
10045,6007,0.05,12.720965930000002,140,843780,84.0,4.085901737213135,0.0001,210919
10046,6007,0.05,12.785313070000003,140,843864,84.0,0.048055507242679596,0.0001,210940
10047,6008,0.05,12.716511670000003,140,843948,84.0,0.0179586224257946,0.0001,210961
10048,6009,0.05,12.706427110000002,140,844032,84.0,0.03497713431715965,0.0001,210982
10049,6009,0.05,12.761747090000002,140,844116,84.0,0.0286024808883667,0.0001,211003
10050,6010,0.05,12.702709490000002,140,844200,84.0,0.03796595335006714,0.0001,211024
10051,6011,0.05,12.71941604,140,844284,84.0,0.1016114354133606,0.0001,211045
10052,6011,0.05,12.809135860000001,140,844368,84.0,0.343310683965683,0.0001,211066
10053,6012,0.05,12.90916829,140,844452,84.0,0.06576348841190338,0.0001,211087
10054,6012,0.05,12.892406729999998,140,844536,84.0,0.19013413786888123,0.0001,211108
10055,6013,0.05,12.850956209999998,140,844620,84.0,2.028907537460327,0.0001,211129
10056,6014,0.05,12.75882292,140,844704,84.0,0.041830092668533325,0.0001,211150
10057,6014,0.05,12.813407100000001,140,844788,84.0,6.124996185302734,0.0001,211171
10058,6015,0.05,12.803298530000001,140,844872,84.0,2.061589479446411,0.0001,211192
10059,6015,0.05,12.806068830000001,140,844956,84.0,0.06657089293003082,0.0001,211213
10060,6016,0.05,12.79209107,140,845040,84.0,0.012573901563882828,0.0001,211234
10061,6016,0.05,12.762900929999999,140,845124,84.0,0.10275135934352875,0.0001,211255
10062,6017,0.05,12.80659788,140,845208,84.0,0.036905378103256226,0.0001,211276
10063,6018,0.05,12.858294609999998,140,845292,84.0,0.017993338406085968,0.0001,211297
10064,6018,0.05,12.884098960000001,140,845376,84.0,4.065084457397461,0.0001,211318
10065,6019,0.05,12.88309046,140,845460,84.0,0.07069960236549377,0.0001,211339
10066,6019,0.05,12.797913959999999,140,845544,84.0,0.11727869510650635,0.0001,211360
10067,6020,0.05,12.676236639999999,140,845628,84.0,0.056076157838106155,0.0001,211381
10068,6021,0.05,12.80725529,140,845712,84.0,2.062880277633667,0.0001,211402
10069,6021,0.05,12.68361878,140,845796,84.0,0.06717907637357712,0.0001,211423
10070,6022,0.05,12.64880395,140,845880,84.0,0.07721517235040665,0.0001,211444
10071,6023,0.05,12.63369684,140,845964,84.0,0.03439389169216156,0.0001,211465
10072,6023,0.05,12.58303822,140,846048,84.0,0.026605118066072464,0.0001,211486
10073,6024,0.05,12.53718927,140,846132,84.0,0.06431892514228821,0.0001,211507
10074,6024,0.05,12.542841980000002,140,846216,84.0,0.05839608609676361,0.0001,211528
10075,6025,0.05,12.490256470000002,140,846300,84.0,0.08899148553609848,0.0001,211549
10076,6026,0.05,12.51106592,140,846384,84.0,0.14541934430599213,0.0001,211570
10077,6026,0.05,12.487889340000002,140,846468,84.0,0.04306773841381073,0.0001,211591
10078,6027,0.05,12.49788653,140,846552,84.0,2.1054115295410156,0.0001,211612
10079,6027,0.05,12.38231401,140,846636,84.0,2.0950944423675537,0.0001,211633
10080,6028,0.05,12.252558819999999,140,846720,84.0,2.0368945598602295,0.0001,211654
10081,6028,0.05,12.379905240000001,140,846804,84.0,0.06380650401115417,0.0001,211675
10082,6029,0.05,12.41269426,140,846888,84.0,0.05857668071985245,0.0001,211696
10083,6030,0.05,12.447537009999996,140,846972,84.0,4.060674667358398,0.0001,211717
10084,6030,0.05,12.527003889999996,140,847056,84.0,0.026539186015725136,0.0001,211738
10085,6031,0.05,12.52232225,140,847140,84.0,0.0692715123295784,0.0001,211759
10086,6032,0.05,12.5651893,140,847224,84.0,0.10384006798267365,0.0001,211780
10087,6032,0.05,12.529396899999997,140,847308,84.0,0.035674139857292175,0.0001,211801
10088,6033,0.05,12.440166320000001,140,847392,84.0,2.0554068088531494,0.0001,211822
10089,6033,0.05,12.40424508,140,847476,84.0,0.07704287022352219,0.0001,211843
10090,6034,0.05,12.402386730000003,140,847560,84.0,0.017576079815626144,0.0001,211864
10091,6035,0.05,12.324705550000003,140,847644,84.0,2.165165424346924,0.0001,211885
10092,6035,0.05,12.240458430000004,140,847728,84.0,0.04360366612672806,0.0001,211906
10093,6036,0.05,12.2671002,140,847812,84.0,0.021888431161642075,0.0001,211927
10094,6036,0.05,12.17430204,140,847896,84.0,2.0893805027008057,0.0001,211948
10095,6037,0.05,12.08322809,140,847980,84.0,0.06065506860613823,0.0001,211969
10096,6038,0.05,12.027174589999998,140,848064,84.0,2.0102555751800537,0.0001,211990
10097,6038,0.05,11.993384429999999,140,848148,84.0,0.022967219352722168,0.0001,212011
10098,6039,0.05,12.068282349999997,140,848232,84.0,0.0526776947081089,0.0001,212032
10099,6039,0.05,12.07712369,140,848316,84.0,0.04248783364892006,0.0001,212053
10100,6040,0.05,12.080238659999997,140,848400,84.0,4.156116008758545,0.0001,212074
10101,6041,0.05,12.123935269999999,140,848484,84.0,0.08111289143562317,0.0001,212095
10102,6041,0.05,12.107820049999997,140,848568,84.0,2.0811874866485596,0.0001,212116
10103,6042,0.05,12.23221184,140,848652,84.0,0.060105979442596436,0.0001,212137
10104,6043,0.05,12.22690169,140,848736,84.0,0.050525132566690445,0.0001,212158
10105,6043,0.05,12.185065999999999,140,848820,84.0,0.051725588738918304,0.0001,212179
10106,6044,0.05,12.184337090000001,140,848904,84.0,0.11654789745807648,0.0001,212200
10107,6044,0.05,12.314084470000001,140,848988,84.0,2.085010528564453,0.0001,212221
10108,6045,0.05,12.246534879999997,140,849072,84.0,2.036173105239868,0.0001,212242
10109,6046,0.05,12.42004063,140,849156,84.0,0.023097677156329155,0.0001,212263
10110,6046,0.05,12.42250993,140,849240,84.0,0.17618459463119507,0.0001,212284
10111,6047,0.05,12.43724651,140,849324,84.0,0.03768988326191902,0.0001,212305
10112,6048,0.05,12.480127929999998,140,849408,84.0,2.109722852706909,0.0001,212326
10113,6048,0.05,12.43243289,140,849492,84.0,2.0940747261047363,0.0001,212347
10114,6049,0.05,12.34024047,140,849576,84.0,2.1088380813598633,0.0001,212368
10115,6049,0.05,12.401724029999999,140,849660,84.0,2.074136972427368,0.0001,212389
10116,6050,0.05,12.515369609999999,140,849744,84.0,0.07667402178049088,0.0001,212410
10117,6050,0.05,12.526763400000002,140,849828,84.0,2.081772804260254,0.0001,212431
10118,6051,0.05,12.52416138,140,849912,84.0,4.050646781921387,0.0001,212452
10119,6052,0.05,12.508746720000001,140,849996,84.0,0.04603493586182594,0.0001,212473
10120,6052,0.05,12.496029549999998,140,850080,84.0,0.0326804518699646,0.0001,212494
10121,6053,0.05,12.618553859999999,140,850164,84.0,4.067679405212402,0.0001,212515
10122,6054,0.05,12.78794422,140,850248,84.0,0.03639864921569824,0.0001,212536
10123,6054,0.05,12.788475600000002,140,850332,84.0,0.022004930302500725,0.0001,212557
10124,6055,0.05,12.810621500000002,140,850416,84.0,0.08267144858837128,0.0001,212578
10125,6055,0.05,12.858372469999999,140,850500,84.0,0.02615559846162796,0.0001,212599
10126,6056,0.05,12.827332929999997,140,850584,84.0,2.0376477241516113,0.0001,212620
10127,6057,0.05,12.80234097,140,850668,84.0,2.0312366485595703,0.0001,212641
10128,6057,0.05,12.829303419999999,140,850752,84.0,0.036477986723184586,0.0001,212662
10129,6058,0.05,12.777429739999997,140,850836,84.0,2.202253580093384,0.0001,212683
10130,6059,0.05,12.82464264,140,850920,84.0,2.1060781478881836,0.0001,212704
10131,6059,0.05,12.703232109999998,140,851004,84.0,0.0453115850687027,0.0001,212725
10132,6060,0.05,12.690147929999998,140,851088,84.0,0.0232299342751503,0.0001,212746
10133,6060,0.05,12.689592529999997,140,851172,84.0,0.0342283770442009,0.0001,212767
10134,6061,0.05,12.620629180000002,140,851256,84.0,2.0782840251922607,0.0001,212788
10135,6061,0.05,12.596867799999998,140,851340,84.0,0.05823705717921257,0.0001,212809
10136,6062,0.05,12.49416409,140,851424,84.0,0.13325291872024536,0.0001,212830
10137,6063,0.05,12.495765899999999,140,851508,84.0,4.064826965332031,0.0001,212851
10138,6063,0.05,12.481514590000002,140,851592,84.0,2.05009126663208,0.0001,212872
10139,6064,0.05,12.370779950000001,140,851676,84.0,2.0969185829162598,0.0001,212893
10140,6064,0.05,12.364829020000002,140,851760,84.0,0.031443893909454346,0.0001,212914
10141,6065,0.05,12.23567982,140,851844,84.0,2.014399528503418,0.0001,212935
10142,6065,0.05,12.259575790000001,140,851928,84.0,0.041489847004413605,0.0001,212956
10143,6066,0.05,12.31739286,140,852012,84.0,0.07706159353256226,0.0001,212977
10144,6067,0.05,12.31837632,140,852096,84.0,0.026644663885235786,0.0001,212998
10145,6067,0.05,12.276133119999997,140,852180,84.0,0.02596690133213997,0.0001,213019
10146,6068,0.05,12.299648349999998,140,852264,84.0,0.060296088457107544,0.0001,213040
10147,6068,0.05,12.368137699999998,140,852348,84.0,2.0870471000671387,0.0001,213061
10148,6069,0.05,12.428338359999998,140,852432,84.0,6.215566635131836,0.0001,213082
10149,6070,0.05,12.371458389999997,140,852516,84.0,0.07032560557126999,0.0001,213103
10150,6070,0.05,12.36040673,140,852600,84.0,0.043928928673267365,0.0001,213124
10151,6071,0.05,12.481000999999997,140,852684,84.0,2.100166082382202,0.0001,213145
10152,6071,0.05,12.349159639999996,140,852768,84.0,0.0390799306333065,0.0001,213166
10153,6072,0.05,12.241148879999999,140,852852,84.0,0.04315175116062164,0.0001,213187
10154,6073,0.05,12.251414659999998,140,852936,84.0,2.073868751525879,0.0001,213208
10155,6073,0.05,12.185437449999997,140,853020,84.0,0.03578842431306839,0.0001,213229
10156,6074,0.05,12.177587269999997,140,853104,84.0,0.03697670251131058,0.0001,213250
10157,6074,0.05,12.13787186,140,853188,84.0,0.02944832295179367,0.0001,213271
10158,6075,0.05,12.114667509999999,140,853272,84.0,0.04509168490767479,0.0001,213292
10159,6076,0.05,12.11937671,140,853356,84.0,0.06439188867807388,0.0001,213313
10160,6076,0.05,12.16027751,140,853440,84.0,4.062353134155273,0.0001,213334
10161,6077,0.05,12.320474260000001,140,853524,84.0,0.024909676983952522,0.0001,213355
10162,6078,0.05,12.26451431,140,853608,84.0,2.0749757289886475,0.0001,213376
10163,6078,0.05,12.091757530000002,140,853692,84.0,0.18269473314285278,0.0001,213397
10164,6079,0.05,12.074618090000001,140,853776,84.0,0.01974845863878727,0.0001,213418
10165,6079,0.05,12.07909513,140,853860,84.0,0.07205665856599808,0.0001,213439
10166,6080,0.05,12.276676150000004,140,853944,84.0,0.12389209866523743,0.0001,213460
10167,6080,0.05,12.307494890000003,140,854028,84.0,0.12081098556518555,0.0001,213481
10168,6081,0.05,12.18693755,140,854112,84.0,0.049194686114788055,0.0001,213502
10169,6081,0.05,12.188783960000002,140,854196,84.0,0.07224935293197632,0.0001,213523
10170,6082,0.05,12.22576499,140,854280,84.0,0.054246753454208374,0.0001,213544
10171,6082,0.05,12.37643781,140,854364,84.0,2.0483767986297607,0.0001,213565
10172,6083,0.05,12.427760669999998,140,854448,84.0,4.095566749572754,0.0001,213586
10173,6084,0.05,12.446010270000002,140,854532,84.0,0.06542646884918213,0.0001,213607
10174,6084,0.05,12.521684890000001,140,854616,84.0,0.0898214653134346,0.0001,213628
10175,6085,0.05,12.671733720000004,140,854700,84.0,0.025102145969867706,0.0001,213649
10176,6085,0.05,12.65381426,140,854784,84.0,0.08501694351434708,0.0001,213670
10177,6086,0.05,12.825660980000002,140,854868,84.0,0.01912730000913143,0.0001,213691
10178,6086,0.05,12.821151669999999,140,854952,84.0,0.05473364144563675,0.0001,213712
10179,6087,0.05,12.908919120000002,140,855036,84.0,0.04053935036063194,0.0001,213733
10180,6087,0.05,12.98831414,140,855120,84.0,2.0422143936157227,0.0001,213754
10181,6088,0.05,12.86633202,140,855204,84.0,0.07180002331733704,0.0001,213775
10182,6089,0.05,12.798832469999997,140,855288,84.0,0.06269324570894241,0.0001,213796
10183,6089,0.05,12.664013639999999,140,855372,84.0,2.069788694381714,0.0001,213817
10184,6090,0.05,12.759410059999995,140,855456,84.0,0.10841111838817596,0.0001,213838
10185,6090,0.05,12.89050131,140,855540,84.0,1.9838963747024536,0.0001,213859
10186,6091,0.05,12.86405853,140,855624,84.0,0.025732172653079033,0.0001,213880
10187,6091,0.05,12.825103049999997,140,855708,84.0,0.08607256412506104,0.0001,213901
10188,6092,0.05,12.922212179999999,140,855792,84.0,2.129997968673706,0.0001,213922
10189,6092,0.05,12.93177079,140,855876,84.0,2.0460588932037354,0.0001,213943
10190,6093,0.05,12.939617559999999,140,855960,84.0,0.30212849378585815,0.0001,213964
10191,6093,0.05,13.104586999999999,140,856044,84.0,0.04550626873970032,0.0001,213985
10192,6094,0.05,13.1544618,140,856128,84.0,2.065072774887085,0.0001,214006
10193,6095,0.05,13.11101582,140,856212,84.0,2.0735695362091064,0.0001,214027
10194,6095,0.05,13.24927549,140,856296,84.0,0.020132744684815407,0.0001,214048
10195,6096,0.05,13.31383931,140,856380,84.0,4.083949089050293,0.0001,214069
10196,6096,0.05,13.3680641,140,856464,84.0,2.1409130096435547,0.0001,214090
10197,6097,0.05,13.402610090000001,140,856548,84.0,0.13650274276733398,0.0001,214111
10198,6097,0.05,13.358444920000002,140,856632,84.0,0.027969853952527046,0.0001,214132
10199,6098,0.05,13.357287239999998,140,856716,84.0,0.04703383892774582,0.0001,214153
10200,6098,0.05,13.39190704,140,856800,84.0,0.042670682072639465,0.0001,214174
10201,6099,0.05,13.367341510000001,140,856884,84.0,0.03473585844039917,0.0001,214195
10202,6100,0.05,13.44048527,140,856968,84.0,0.03298138827085495,0.0001,214216
10203,6100,0.05,13.45826117,140,857052,84.0,0.21591292321681976,0.0001,214237
10204,6101,0.05,13.410331,140,857136,84.0,0.01734687015414238,0.0001,214258
10205,6101,0.05,13.3795549,140,857220,84.0,0.04278825223445892,0.0001,214279
10206,6102,0.05,13.432306430000004,140,857304,84.0,0.026811936870217323,0.0001,214300
10207,6102,0.05,13.421316630000003,140,857388,84.0,0.11234873533248901,0.0001,214321
10208,6103,0.05,13.243241340000003,140,857472,84.0,2.0808448791503906,0.0001,214342
10209,6103,0.05,12.988256450000002,140,857556,84.0,0.028672948479652405,0.0001,214363
10210,6104,0.05,12.962485949999998,140,857640,84.0,2.064662218093872,0.0001,214384
10211,6105,0.05,12.97494271,140,857724,84.0,0.050776101648807526,0.0001,214405
10212,6105,0.05,13.01206594,140,857808,84.0,4.1549577713012695,0.0001,214426
10213,6106,0.05,13.119953309999998,140,857892,84.0,2.0705440044403076,0.0001,214447
10214,6106,0.05,13.117287949999998,140,857976,84.0,0.033841248601675034,0.0001,214468
10215,6107,0.05,13.06143144,140,858060,84.0,0.03712179511785507,0.0001,214489
10216,6108,0.05,12.93539114,140,858144,84.0,0.04114001989364624,0.0001,214510
10217,6108,0.05,12.897789190000001,140,858228,84.0,0.01983032561838627,0.0001,214531
10218,6109,0.05,12.879103350000001,140,858312,84.0,2.029844284057617,0.0001,214552
10219,6109,0.05,12.974602809999999,140,858396,84.0,2.0464823246002197,0.0001,214573
10220,6110,0.05,13.059041920000004,140,858480,84.0,4.201999664306641,0.0001,214594
10221,6111,0.05,12.956114090000002,140,858564,84.0,0.01888352259993553,0.0001,214615
10222,6111,0.05,12.79093156,140,858648,84.0,2.1487205028533936,0.0001,214636
10223,6112,0.05,12.91555328,140,858732,84.0,0.18655019998550415,0.0001,214657
10224,6113,0.05,12.917226000000001,140,858816,84.0,0.0943877100944519,0.0001,214678
10225,6113,0.05,12.845334419999999,140,858900,84.0,0.02568655088543892,0.0001,214699
10226,6114,0.05,12.824393780000003,140,858984,84.0,0.12431976944208145,0.0001,214720
10227,6114,0.05,12.80206742,140,859068,84.0,2.1104896068573,0.0001,214741
10228,6115,0.05,12.810510530000004,140,859152,84.0,0.012011577375233173,0.0001,214762
10229,6115,0.05,12.828845780000002,140,859236,84.0,0.023517902940511703,0.0001,214783
10230,6116,0.05,12.746381290000002,140,859320,84.0,0.05200045555830002,0.0001,214804
10231,6117,0.05,12.82890435,140,859404,84.0,2.0230300426483154,0.0001,214825
10232,6117,0.05,12.81335799,140,859488,84.0,0.03216641768813133,0.0001,214846
10233,6118,0.05,12.87458324,140,859572,84.0,2.064846992492676,0.0001,214867
10234,6118,0.05,12.84827192,140,859656,84.0,2.0187482833862305,0.0001,214888
10235,6119,0.05,12.880057020000002,140,859740,84.0,2.050259828567505,0.0001,214909
10236,6119,0.05,12.81624843,140,859824,84.0,0.032139673829078674,0.0001,214930
10237,6120,0.05,12.88861938,140,859908,84.0,0.03413833677768707,0.0001,214951
10238,6120,0.05,12.82727774,140,859992,84.0,0.04655070602893829,0.0001,214972
10239,6121,0.05,12.864896139999999,140,860076,84.0,0.020039808005094528,0.0001,214993
10240,6121,0.05,12.875039039999999,140,860160,84.0,0.100291907787323,0.0001,215014
10241,6122,0.05,12.99770176,140,860244,84.0,0.041494883596897125,0.0001,215035
10242,6122,0.05,12.89599348,140,860328,84.0,4.081957817077637,0.0001,215056
10243,6123,0.05,12.848510249999999,140,860412,84.0,0.03928561881184578,0.0001,215077
10244,6124,0.05,12.836969310000002,140,860496,84.0,0.03138996660709381,0.0001,215098
10245,6124,0.05,12.87482765,140,860580,84.0,0.17431104183197021,0.0001,215119
10246,6125,0.05,12.663442869999999,140,860664,84.0,2.044172525405884,0.0001,215140
10247,6125,0.05,12.707617610000002,140,860748,84.0,2.1300599575042725,0.0001,215161
10248,6126,0.05,12.83584913,140,860832,84.0,0.030675148591399193,0.0001,215182
10249,6126,0.05,12.7922148,140,860916,84.0,2.008930206298828,0.0001,215203
10250,6127,0.05,12.876516199999996,140,861000,84.0,0.030798641964793205,0.0001,215224
10251,6127,0.05,12.730793519999999,140,861084,84.0,2.052238941192627,0.0001,215245
10252,6128,0.05,12.803531849999997,140,861168,84.0,0.07029736042022705,0.0001,215266
10253,6129,0.05,12.869318459999997,140,861252,84.0,0.03904610499739647,0.0001,215287
10254,6129,0.05,12.893506569999998,140,861336,84.0,2.036543369293213,0.0001,215308
10255,6130,0.05,13.003541279999997,140,861420,84.0,0.048394057899713516,0.0001,215329
10256,6130,0.05,13.094118279999998,140,861504,84.0,0.05899777263402939,0.0001,215350
10257,6131,0.05,12.994010259999998,140,861588,84.0,0.04434805363416672,0.0001,215371
10258,6131,0.05,13.04776781,140,861672,84.0,4.047837257385254,0.0001,215392
10259,6132,0.05,13.064920029999998,140,861756,84.0,2.0885133743286133,0.0001,215413
10260,6132,0.05,13.012573609999999,140,861840,84.0,0.04541688784956932,0.0001,215434
10261,6133,0.05,12.850302859999998,140,861924,84.0,0.0571148619055748,0.0001,215455
10262,6133,0.05,12.89183939,140,862008,84.0,0.04100700840353966,0.0001,215476
10263,6134,0.05,13.014016360000001,140,862092,84.0,0.035592496395111084,0.0001,215497
10264,6134,0.05,13.036889730000002,140,862176,84.0,0.059249382466077805,0.0001,215518
10265,6135,0.05,13.073255240000003,140,862260,84.0,0.07826286554336548,0.0001,215539
10266,6135,0.05,12.98091719,140,862344,84.0,0.06105957180261612,0.0001,215560
10267,6136,0.05,12.95983651,140,862428,84.0,0.04559463635087013,0.0001,215581
10268,6136,0.05,12.99292054,140,862512,84.0,4.006592750549316,0.0001,215602
10269,6137,0.05,13.065716630000002,140,862596,84.0,4.05292272567749,0.0001,215623
10270,6138,0.05,13.15557847,140,862680,84.0,0.025523215532302856,0.0001,215644
10271,6138,0.05,13.090650390000002,140,862764,84.0,0.032996468245983124,0.0001,215665
10272,6138,0.05,13.148250200000001,140,862848,84.0,2.1215929985046387,0.0001,215686
10273,6139,0.05,13.0774649,140,862932,84.0,2.1692962646484375,0.0001,215707
10274,6139,0.05,13.03654102,140,863016,84.0,0.1316613256931305,0.0001,215728
10275,6140,0.05,12.97243585,140,863100,84.0,0.020478874444961548,0.0001,215749
10276,6140,0.05,12.961522800000001,140,863184,84.0,0.015141845680773258,0.0001,215770
10277,6141,0.05,12.828464489999998,140,863268,84.0,0.03128776326775551,0.0001,215791
10278,6142,0.05,12.864781350000001,140,863352,84.0,0.049379024654626846,0.0001,215812
10279,6142,0.05,12.777124589999998,140,863436,84.0,0.03022834286093712,0.0001,215833
10280,6143,0.05,12.763467320000002,140,863520,84.0,0.0357065387070179,0.0001,215854
10281,6144,0.05,12.6631357,140,863604,84.0,0.059429630637168884,0.0001,215875
10282,6144,0.05,12.718962600000003,140,863688,84.0,0.055113691836595535,0.0001,215896
10283,6145,0.05,12.722732220000001,140,863772,84.0,0.024504974484443665,0.0001,215917
10284,6145,0.05,12.53084585,140,863856,84.0,2.233633041381836,0.0001,215938
10285,6146,0.05,12.37550359,140,863940,84.0,6.047308444976807,0.0001,215959
10286,6146,0.05,12.375558899999998,140,864024,84.0,0.06136094406247139,0.0001,215980
10287,6147,0.05,12.382400289999998,140,864108,84.0,4.075048923492432,0.0001,216001
10288,6148,0.05,12.29725737,140,864192,84.0,0.031611643731594086,0.0001,216022
10289,6148,0.05,12.32455032,140,864276,84.0,0.0790635421872139,0.0001,216043
10290,6149,0.05,12.468547350000001,140,864360,84.0,0.026522759348154068,0.0001,216064
10291,6150,0.05,12.37165798,140,864444,84.0,0.054259054362773895,0.0001,216085
10292,6151,0.05,12.284050420000002,140,864528,84.0,0.08393171429634094,0.0001,216106
10293,6151,0.05,12.321137470000002,140,864612,84.0,2.0412330627441406,0.0001,216127
10294,6152,0.05,12.170454959999999,140,864696,84.0,0.05825486406683922,0.0001,216148
10295,6152,0.05,12.07804317,140,864780,84.0,0.0560523122549057,0.0001,216169
10296,6153,0.05,12.11794534,140,864864,84.0,0.10959600657224655,0.0001,216190
10297,6154,0.05,12.154366510000003,140,864948,84.0,0.060473378747701645,0.0001,216211
10298,6154,0.05,12.20963837,140,865032,84.0,0.08427704870700836,0.0001,216232
10299,6155,0.05,12.085370059999997,140,865116,84.0,0.06404043734073639,0.0001,216253
10300,6156,0.05,12.019442759999997,140,865200,84.0,0.05867300182580948,0.0001,216274
10301,6156,0.05,11.982126809999995,140,865284,84.0,4.032688617706299,0.0001,216295
10302,6157,0.05,12.036384159999997,140,865368,84.0,0.1195761114358902,0.0001,216316
10303,6158,0.05,11.926469299999997,140,865452,84.0,2.2172210216522217,0.0001,216337
10304,6158,0.05,11.97399762,140,865536,84.0,2.0631346702575684,0.0001,216358
10305,6159,0.05,12.108083240000001,140,865620,84.0,0.05696066468954086,0.0001,216379
10306,6160,0.05,12.08900901,140,865704,84.0,0.11984185129404068,0.0001,216400
10307,6161,0.05,11.995968889999999,140,865788,84.0,0.11385674774646759,0.0001,216421
10308,6161,0.05,12.285718600000001,140,865872,84.0,2.120851516723633,0.0001,216442
10309,6162,0.05,12.44994321,140,865956,84.0,0.10143581032752991,0.0001,216463
10310,6162,0.05,12.485308140000003,140,866040,84.0,2.0511999130249023,0.0001,216484
10311,6163,0.05,12.552188440000002,140,866124,84.0,2.0753777027130127,0.0001,216505
10312,6164,0.05,12.502221530000002,140,866208,84.0,0.0410284548997879,0.0001,216526
10313,6164,0.05,12.406426370000002,140,866292,84.0,2.027639865875244,0.0001,216547
10314,6165,0.05,12.44993938,140,866376,84.0,0.08231182396411896,0.0001,216568
10315,6165,0.05,12.39146826,140,866460,84.0,0.021225186064839363,0.0001,216589
10316,6166,0.05,12.39200863,140,866544,84.0,0.0793839693069458,0.0001,216610
10317,6166,0.05,12.509952550000001,140,866628,84.0,2.038080930709839,0.0001,216631
10318,6167,0.05,12.47873233,140,866712,84.0,2.0636370182037354,0.0001,216652
10319,6168,0.05,12.40148815,140,866796,84.0,0.028833750635385513,0.0001,216673
10320,6168,0.05,12.34847961,140,866880,84.0,0.04537954553961754,0.0001,216694
10321,6169,0.05,12.343070350000003,140,866964,84.0,2.0586748123168945,0.0001,216715
10322,6169,0.05,12.43297026,140,867048,84.0,2.026737928390503,0.0001,216736
10323,6170,0.05,12.331989469999998,140,867132,84.0,0.08095921576023102,0.0001,216757
10324,6170,0.05,12.334670719999998,140,867216,84.0,0.11687203496694565,0.0001,216778
10325,6171,0.05,12.36235903,140,867300,84.0,0.0602680966258049,0.0001,216799
10326,6171,0.05,12.362764949999999,140,867384,84.0,2.03979754447937,0.0001,216820
10327,6172,0.05,12.40336683,140,867468,84.0,0.03255351632833481,0.0001,216841
10328,6172,0.05,12.4944326,140,867552,84.0,0.016901709139347076,0.0001,216862
10329,6173,0.05,12.42181755,140,867636,84.0,2.048766613006592,0.0001,216883
10330,6173,0.05,12.506400350000002,140,867720,84.0,0.013451267033815384,0.0001,216904
10331,6174,0.05,12.455624249999998,140,867804,84.0,0.03804036229848862,0.0001,216925
10332,6174,0.05,12.552799119999998,140,867888,84.0,0.03240923956036568,0.0001,216946
10333,6175,0.05,12.586097889999998,140,867972,84.0,0.04258913919329643,0.0001,216967
10334,6175,0.05,12.639410439999999,140,868056,84.0,2.1185712814331055,0.0001,216988
10335,6176,0.05,12.631068820000001,140,868140,84.0,0.04304106533527374,0.0001,217009
10336,6176,0.05,12.604880660000001,140,868224,84.0,0.01886299066245556,0.0001,217030
10337,6177,0.05,12.53139538,140,868308,84.0,0.08443236351013184,0.0001,217051
10338,6177,0.05,12.55807528,140,868392,84.0,0.03613501787185669,0.0001,217072
10339,6177,0.05,12.53721167,140,868476,84.0,2.11523699760437,0.0001,217093
10340,6178,0.05,12.773891240000001,140,868560,84.0,0.010711422190070152,0.0001,217114
10341,6178,0.05,12.62941891,140,868644,84.0,0.030947888270020485,0.0001,217135
10342,6179,0.05,12.720132369999998,140,868728,84.0,0.04859563708305359,0.0001,217156
10343,6179,0.05,12.80734135,140,868812,84.0,0.08436369895935059,0.0001,217177
10344,6180,0.05,12.83254547,140,868896,84.0,2.0304794311523438,0.0001,217198
10345,6180,0.05,12.74930376,140,868980,84.0,2.0537843704223633,0.0001,217219
10346,6181,0.05,12.81026317,140,869064,84.0,2.1703948974609375,0.0001,217240
10347,6181,0.05,12.699979390000001,140,869148,84.0,0.07281845808029175,0.0001,217261
10348,6182,0.05,12.661044420000001,140,869232,84.0,0.08187200129032135,0.0001,217282
10349,6182,0.05,12.664362609999998,140,869316,84.0,0.08298155665397644,0.0001,217303
10350,6183,0.05,12.759294869999998,140,869400,84.0,0.07764507830142975,0.0001,217324
10351,6183,0.05,12.769081399999997,140,869484,84.0,0.04252247512340546,0.0001,217345
10352,6184,0.05,12.85015727,140,869568,84.0,0.06615351140499115,0.0001,217366
10353,6184,0.05,12.81726251,140,869652,84.0,2.031628370285034,0.0001,217387
10354,6185,0.05,12.721151720000002,140,869736,84.0,0.05365977808833122,0.0001,217408
10355,6185,0.05,12.64959435,140,869820,84.0,0.018682368099689484,0.0001,217429
10356,6186,0.05,12.669629100000002,140,869904,84.0,4.0358147621154785,0.0001,217450
10357,6186,0.05,12.71564374,140,869988,84.0,2.0219955444335938,0.0001,217471
10358,6186,0.05,12.641769700000003,140,870072,84.0,0.05964730307459831,0.0001,217492
10359,6187,0.05,12.611002370000001,140,870156,84.0,0.03337191417813301,0.0001,217513
10360,6187,0.05,12.643519410000001,140,870240,84.0,0.12729506194591522,0.0001,217534
10361,6188,0.05,12.7843081,140,870324,84.0,0.05572899430990219,0.0001,217555
10362,6188,0.05,12.78516402,140,870408,84.0,2.0846168994903564,0.0001,217576
10363,6189,0.05,12.83547232,140,870492,84.0,0.02328907698392868,0.0001,217597
10364,6189,0.05,12.897994029999998,140,870576,84.0,4.032095432281494,0.0001,217618
10365,6190,0.05,12.84613341,140,870660,84.0,0.09422562271356583,0.0001,217639
10366,6190,0.05,12.95032871,140,870744,84.0,0.08694211393594742,0.0001,217660
10367,6191,0.05,12.9327981,140,870828,84.0,4.0486602783203125,0.0001,217681
10368,6191,0.05,12.944245320000002,140,870912,84.0,0.2051803320646286,0.0001,217702
10369,6192,0.05,12.824924250000004,140,870996,84.0,0.06115814298391342,0.0001,217723
10370,6192,0.05,12.698523680000003,140,871080,84.0,3.983996629714966,0.0001,217744
10371,6193,0.05,12.65693592,140,871164,84.0,0.014475323259830475,0.0001,217765
10372,6193,0.05,12.5510728,140,871248,84.0,0.023827385157346725,0.0001,217786
10373,6194,0.05,12.573574879999999,140,871332,84.0,0.04862568527460098,0.0001,217807
10374,6194,0.05,12.541605059999997,140,871416,84.0,0.05396636575460434,0.0001,217828
10375,6195,0.05,12.51930713,140,871500,84.0,0.03124544769525528,0.0001,217849
10376,6195,0.05,12.521088139999996,140,871584,84.0,4.085925579071045,0.0001,217870
10377,6196,0.05,12.588972159999996,140,871668,84.0,0.08463336527347565,0.0001,217891
10378,6196,0.05,12.577240789999998,140,871752,84.0,0.1269664466381073,0.0001,217912
10379,6197,0.05,12.591790329999997,140,871836,84.0,4.107392311096191,0.0001,217933
10380,6197,0.05,12.628345499999998,140,871920,84.0,0.08311057090759277,0.0001,217954
10381,6198,0.05,12.642781540000001,140,872004,84.0,0.10339123755693436,0.0001,217975
10382,6198,0.05,12.57602852,140,872088,84.0,0.0825616866350174,0.0001,217996
10383,6199,0.05,12.579024610000001,140,872172,84.0,0.038814298808574677,0.0001,218017
10384,6199,0.05,12.669316010000003,140,872256,84.0,0.05324874073266983,0.0001,218038
10385,6200,0.05,12.707842960000002,140,872340,84.0,4.03004264831543,0.0001,218059
10386,6200,0.05,12.72447472,140,872424,84.0,0.05666704103350639,0.0001,218080
10387,6201,0.05,12.725155940000002,140,872508,84.0,0.0681471973657608,0.0001,218101
10388,6201,0.05,12.793440290000001,140,872592,84.0,2.2416317462921143,0.0001,218122
10389,6202,0.05,12.940211099999999,140,872676,84.0,0.06540843844413757,0.0001,218143
10390,6202,0.05,12.80806397,140,872760,84.0,2.0667710304260254,0.0001,218164
10391,6203,0.05,12.720698139999998,140,872844,84.0,2.056915521621704,0.0001,218185
10392,6203,0.05,12.819182509999996,140,872928,84.0,2.030104637145996,0.0001,218206
10393,6204,0.05,12.780152199999998,140,873012,84.0,0.1512099802494049,0.0001,218227
10394,6204,0.05,12.81381461,140,873096,84.0,2.034498691558838,0.0001,218248
10395,6205,0.05,12.836533899999997,140,873180,84.0,2.0767643451690674,0.0001,218269
10396,6205,0.05,12.85260973,140,873264,84.0,2.0569117069244385,0.0001,218290
10397,6206,0.05,12.89116801,140,873348,84.0,0.030438652262091637,0.0001,218311
10398,6206,0.05,12.81239444,140,873432,84.0,0.03586893528699875,0.0001,218332
10399,6206,0.05,12.96470061,140,873516,84.0,2.049833059310913,0.0001,218353
10400,6207,0.05,12.965113170000002,140,873600,84.0,0.06713072955608368,0.0001,218374
10401,6207,0.05,13.024828940000003,140,873684,84.0,0.148832768201828,0.0001,218395
10402,6208,0.05,12.906728410000001,140,873768,84.0,2.054565906524658,0.0001,218416
10403,6208,0.05,12.91319176,140,873852,84.0,2.0336010456085205,0.0001,218437
10404,6209,0.05,12.90482851,140,873936,84.0,0.04788249358534813,0.0001,218458
10405,6209,0.05,12.79058191,140,874020,84.0,2.065464735031128,0.0001,218479
10406,6210,0.05,12.95255803,140,874104,84.0,0.022822203114628792,0.0001,218500
10407,6211,0.05,13.02004929,140,874188,84.0,2.042022228240967,0.0001,218521
10408,6211,0.05,12.93213556,140,874272,84.0,0.039734311401844025,0.0001,218542
10409,6212,0.05,12.84789006,140,874356,84.0,0.024364938959479332,0.0001,218563
10410,6212,0.05,12.947388580000002,140,874440,84.0,0.041566941887140274,0.0001,218584
10411,6213,0.05,12.85585166,140,874524,84.0,0.06248132139444351,0.0001,218605
10412,6213,0.05,12.828914730000001,140,874608,84.0,0.03984159231185913,0.0001,218626
10413,6213,0.05,12.83726466,140,874692,84.0,0.06033644080162048,0.0001,218647
10414,6214,0.05,12.88774422,140,874776,84.0,0.04616837576031685,0.0001,218668
10415,6215,0.05,12.928173300000001,140,874860,84.0,0.06840436905622482,0.0001,218689
10416,6215,0.05,12.94467727,140,874944,84.0,0.03580683097243309,0.0001,218710
10417,6215,0.05,12.928161539999998,140,875028,84.0,2.0202789306640625,0.0001,218731
10418,6216,0.05,12.95310342,140,875112,84.0,0.17252609133720398,0.0001,218752
10419,6217,0.05,12.94366196,140,875196,84.0,2.058311700820923,0.0001,218773
10420,6217,0.05,12.924937159999999,140,875280,84.0,0.07498610764741898,0.0001,218794
10421,6217,0.05,12.970409199999999,140,875364,84.0,2.356025457382202,0.0001,218815
10422,6218,0.05,13.026708020000001,140,875448,84.0,2.0918290615081787,0.0001,218836
10423,6218,0.05,12.98938789,140,875532,84.0,0.03607679158449173,0.0001,218857
10424,6219,0.05,12.986229369999998,140,875616,84.0,2.0564827919006348,0.0001,218878
10425,6219,0.05,12.929255860000001,140,875700,84.0,0.1693083643913269,0.0001,218899
10426,6220,0.05,12.937452759999996,140,875784,84.0,0.06369875371456146,0.0001,218920
10427,6220,0.05,12.94607215,140,875868,84.0,0.044569749385118484,0.0001,218941
10428,6221,0.05,12.823788699999998,140,875952,84.0,0.014921828173100948,0.0001,218962
10429,6221,0.05,12.859579099999996,140,876036,84.0,3.964646339416504,0.0001,218983
10430,6222,0.05,12.893825949999997,140,876120,84.0,0.017117004841566086,0.0001,219004
10431,6222,0.05,12.84068894,140,876204,84.0,0.11339502036571503,0.0001,219025
10432,6223,0.05,12.762489209999998,140,876288,84.0,0.12140223383903503,0.0001,219046
10433,6223,0.05,12.645811920000002,140,876372,84.0,0.05357331037521362,0.0001,219067
10434,6224,0.05,12.638621490000002,140,876456,84.0,0.044815026223659515,0.0001,219088
10435,6224,0.05,12.621213150000003,140,876540,84.0,0.109969362616539,0.0001,219109
10436,6225,0.05,12.692345870000002,140,876624,84.0,0.061436139047145844,0.0001,219130
10437,6225,0.05,12.683308270000003,140,876708,84.0,2.0118916034698486,0.0001,219151
10438,6226,0.05,12.64583412,140,876792,84.0,2.0283262729644775,0.0001,219172
10439,6226,0.05,12.62624854,140,876876,84.0,0.03806271031498909,0.0001,219193
10440,6227,0.05,12.376454989999997,140,876960,84.0,4.016201496124268,0.0001,219214
10441,6227,0.05,12.392873369999997,140,877044,84.0,0.06316305696964264,0.0001,219235
10442,6228,0.05,12.526956449999998,140,877128,84.0,2.0545692443847656,0.0001,219256
10443,6228,0.05,12.439409269999999,140,877212,84.0,0.13744622468948364,0.0001,219277
10444,6229,0.05,12.57919985,140,877296,84.0,0.03344064950942993,0.0001,219298
10445,6229,0.05,12.57583798,140,877380,84.0,2.0816378593444824,0.0001,219319
10446,6230,0.05,12.73230646,140,877464,84.0,0.04978948086500168,0.0001,219340
10447,6230,0.05,12.811478319999999,140,877548,84.0,0.01965348981320858,0.0001,219361
10448,6231,0.05,12.707685319999998,140,877632,84.0,0.04344576969742775,0.0001,219382
10449,6231,0.05,12.76311959,140,877716,84.0,0.05621500313282013,0.0001,219403
10450,6232,0.05,12.64172867,140,877800,84.0,0.025532066822052002,0.0001,219424
10451,6232,0.05,12.75430147,140,877884,84.0,0.060345809906721115,0.0001,219445
10452,6233,0.05,12.66563041,140,877968,84.0,1.98117196559906,0.0001,219466
10453,6233,0.05,12.622820290000002,140,878052,84.0,0.06076423451304436,0.0001,219487
10454,6234,0.05,12.672950059999998,140,878136,84.0,0.06837759166955948,0.0001,219508
10455,6234,0.05,12.693990130000001,140,878220,84.0,0.1261635720729828,0.0001,219529
10456,6235,0.05,12.721171359999998,140,878304,84.0,0.041440874338150024,0.0001,219550
10457,6235,0.05,12.7140155,140,878388,84.0,2.1656877994537354,0.0001,219571
10458,6236,0.05,12.8123195,140,878472,84.0,0.034044794738292694,0.0001,219592
10459,6236,0.05,12.879041779999998,140,878556,84.0,0.04370955377817154,0.0001,219613
10460,6237,0.05,12.935065129999998,140,878640,84.0,0.04342038184404373,0.0001,219634
10461,6237,0.05,12.99361383,140,878724,84.0,0.025906091555953026,0.0001,219655
10462,6238,0.05,13.00546757,140,878808,84.0,2.113518476486206,0.0001,219676
10463,6238,0.05,12.9915982,140,878892,84.0,0.107578344643116,0.0001,219697
10464,6239,0.05,13.031571110000002,140,878976,84.0,0.046408385038375854,0.0001,219718
10465,6239,0.05,13.05114151,140,879060,84.0,2.0904300212860107,0.0001,219739
10466,6240,0.05,12.92038573,140,879144,84.0,0.02565685659646988,0.0001,219760
10467,6240,0.05,12.912997690000005,140,879228,84.0,2.043241024017334,0.0001,219781
10468,6241,0.05,12.88786615,140,879312,84.0,0.028393544256687164,0.0001,219802
10469,6241,0.05,12.93997147,140,879396,84.0,2.0498945713043213,0.0001,219823
10470,6241,0.05,12.978905039999999,140,879480,84.0,0.03021252155303955,0.0001,219844
10471,6242,0.05,13.129668180000001,140,879564,84.0,2.043646812438965,0.0001,219865
10472,6242,0.05,13.283150240000003,140,879648,84.0,0.033434271812438965,0.0001,219886
10473,6243,0.05,13.303682290000001,140,879732,84.0,2.0190017223358154,0.0001,219907
10474,6243,0.05,13.33104735,140,879816,84.0,2.0442357063293457,0.0001,219928
10475,6244,0.05,13.329453590000004,140,879900,84.0,0.10461302101612091,0.0001,219949
10476,6244,0.05,13.330573650000002,140,879984,84.0,0.061716437339782715,0.0001,219970
10477,6245,0.05,13.30654419,140,880068,84.0,0.15032069385051727,0.0001,219991
10478,6245,0.05,13.289411589999997,140,880152,84.0,2.0626461505889893,0.0001,220012
10479,6246,0.05,13.286442449999997,140,880236,84.0,0.10062061250209808,0.0001,220033
10480,6246,0.05,13.214982449999997,140,880320,84.0,2.0362391471862793,0.0001,220054
10481,6247,0.05,13.246093779999997,140,880404,84.0,0.043137744069099426,0.0001,220075
10482,6247,0.05,13.26066929,140,880488,84.0,0.047663647681474686,0.0001,220096
10483,6248,0.05,13.281764070000001,140,880572,84.0,2.218733787536621,0.0001,220117
10484,6248,0.05,13.263731980000003,140,880656,84.0,0.02903025969862938,0.0001,220138
10485,6249,0.05,13.246712060000002,140,880740,84.0,0.10044078528881073,0.0001,220159
10486,6249,0.05,13.27435104,140,880824,84.0,0.10225449502468109,0.0001,220180
10487,6250,0.05,13.4638646,140,880908,84.0,2.02817964553833,0.0001,220201
10488,6250,0.05,13.448033530000002,140,880992,84.0,2.0874691009521484,0.0001,220222
10489,6251,0.05,13.280374420000001,140,881076,84.0,0.1436558961868286,0.0001,220243
10490,6251,0.05,13.298777289999999,140,881160,84.0,0.02315349131822586,0.0001,220264
10491,6252,0.05,13.4920281,140,881244,84.0,0.04620464891195297,0.0001,220285
10492,6252,0.05,13.54424265,140,881328,84.0,0.030289560556411743,0.0001,220306
10493,6253,0.05,13.57183057,140,881412,84.0,0.06886039674282074,0.0001,220327
10494,6253,0.05,13.640937220000001,140,881496,84.0,1.9865275621414185,0.0001,220348
10495,6253,0.05,13.651707020000002,140,881580,84.0,4.057171821594238,0.0001,220369
10496,6254,0.05,13.593022220000002,140,881664,84.0,2.1621580123901367,0.0001,220390
10497,6254,0.05,13.497885000000002,140,881748,84.0,0.09908921271562576,0.0001,220411
10498,6255,0.05,13.490572460000001,140,881832,84.0,2.0909106731414795,0.0001,220432
10499,6255,0.05,13.420023149999999,140,881916,84.0,2.0337283611297607,0.0001,220453
10500,6256,0.05,13.45141122,140,882000,84.0,0.0470171794295311,0.0001,220474
10501,6256,0.05,13.496451809999998,140,882084,84.0,4.036661148071289,0.0001,220495
10502,6257,0.05,13.48107223,140,882168,84.0,0.023675348609685898,0.0001,220516
10503,6257,0.05,13.453325119999999,140,882252,84.0,0.04712719842791557,0.0001,220537
10504,6258,0.05,13.44174715,140,882336,84.0,2.0368425846099854,0.0001,220558
10505,6258,0.05,13.427844369999997,140,882420,84.0,0.024528823792934418,0.0001,220579
10506,6258,0.05,13.237142299999999,141,882504,84.0,0.06353800743818283,0.0001,220600
10507,6259,0.05,13.157382309999997,141,882588,84.0,0.0357353612780571,0.0001,220621
10508,6259,0.05,13.23899397,141,882672,84.0,0.025317687541246414,0.0001,220642
10509,6260,0.05,13.27228431,141,882756,84.0,2.0473875999450684,0.0001,220663
10510,6260,0.05,13.09305085,141,882840,84.0,1.9993175268173218,0.0001,220684
10511,6261,0.05,13.073214740000001,141,882924,84.0,0.024916110560297966,0.0001,220705
10512,6261,0.05,13.18605844,141,883008,84.0,0.05969042703509331,0.0001,220726
10513,6261,0.05,13.314676870000001,141,883092,84.0,0.018868032842874527,0.0001,220747
10514,6262,0.05,13.311380900000001,141,883176,84.0,0.0569947212934494,0.0001,220768
10515,6262,0.05,13.405147340000001,141,883260,84.0,0.018273646011948586,0.0001,220789
10516,6263,0.05,13.321855830000002,141,883344,84.0,0.023066390305757523,0.0001,220810
10517,6263,0.05,13.22786899,141,883428,84.0,0.09016729891300201,0.0001,220831
10518,6263,0.05,13.227302479999999,141,883512,84.0,2.020097255706787,0.0001,220852
10519,6264,0.05,13.16508454,141,883596,84.0,0.0548737570643425,0.0001,220873
10520,6264,0.05,13.16627167,141,883680,84.0,0.05111685022711754,0.0001,220894
10521,6265,0.05,13.118274550000002,141,883764,84.0,2.17787504196167,0.0001,220915
10522,6265,0.05,13.04580791,141,883848,84.0,0.029185689985752106,0.0001,220936
10523,6266,0.05,13.155001400000002,141,883932,84.0,0.029197124764323235,0.0001,220957
10524,6266,0.05,13.15016188,141,884016,84.0,0.03575562685728073,0.0001,220978
10525,6267,0.05,13.204865689999998,141,884100,84.0,0.04951716214418411,0.0001,220999
10526,6267,0.05,13.208797679999998,141,884184,84.0,0.057900600135326385,0.0001,221020
10527,6268,0.05,13.273074829999999,141,884268,84.0,0.061105042695999146,0.0001,221041
10528,6268,0.05,13.31062493,141,884352,84.0,5.975950717926025,0.0001,221062
10529,6268,0.05,13.303399389999997,141,884436,84.0,3.9576001167297363,0.0001,221083
10530,6269,0.05,13.244303309999998,141,884520,84.0,4.058342456817627,0.0001,221104
10531,6269,0.05,13.276276399999997,141,884604,84.0,0.037110231816768646,0.0001,221125
10532,6270,0.05,13.365801889999998,141,884688,84.0,2.064871072769165,0.0001,221146
10533,6270,0.05,13.404232010000001,141,884772,84.0,2.0328304767608643,0.0001,221167
10534,6271,0.05,13.479842269999999,141,884856,84.0,0.10448340326547623,0.0001,221188
10535,6271,0.05,13.44448375,141,884940,84.0,0.028825081884860992,0.0001,221209
10536,6272,0.05,13.541083569999998,141,885024,84.0,0.023799777030944824,0.0001,221230
10537,6272,0.05,13.527670129999999,141,885108,84.0,0.03700729086995125,0.0001,221251
10538,6272,0.05,13.550548,141,885192,84.0,2.0587387084960938,0.0001,221272
10539,6273,0.05,13.607006429999998,141,885276,84.0,0.1063849925994873,0.0001,221293
10540,6273,0.05,13.69753584,141,885360,84.0,0.1481325924396515,0.0001,221314
10541,6274,0.05,13.711294229999998,141,885444,84.0,0.040953945368528366,0.0001,221335
10542,6274,0.05,13.67324441,141,885528,84.0,0.06632007658481598,0.0001,221356
10543,6275,0.05,13.66647841,141,885612,84.0,0.02736988663673401,0.0001,221377
10544,6275,0.05,13.509662169999999,141,885696,84.0,2.0166993141174316,0.0001,221398
10545,6275,0.05,13.51168887,141,885780,84.0,0.0325201079249382,0.0001,221419
10546,6276,0.05,13.34277146,141,885864,84.0,0.039011552929878235,0.0001,221440
10547,6276,0.05,13.37826193,141,885948,84.0,0.0481901541352272,0.0001,221461
10548,6277,0.05,13.429727610000002,141,886032,84.0,0.04848597198724747,0.0001,221482
10549,6277,0.05,13.418418930000003,141,886116,84.0,0.04827467352151871,0.0001,221503
10550,6278,0.05,13.343214420000004,141,886200,84.0,0.07475308328866959,0.0001,221524
10551,6278,0.05,13.259884179999998,141,886284,84.0,0.04660602658987045,0.0001,221545
10552,6279,0.05,13.27271929,141,886368,84.0,0.10520751774311066,0.0001,221566
10553,6279,0.05,13.291758949999998,141,886452,84.0,0.0618288591504097,0.0001,221587
10554,6279,0.05,13.301295819999998,141,886536,84.0,0.02422390505671501,0.0001,221608
10555,6280,0.05,13.228238429999998,141,886620,84.0,0.022824184969067574,0.0001,221629
10556,6280,0.05,13.108223119999998,141,886704,84.0,0.01465350016951561,0.0001,221650
10557,6281,0.05,13.078332449999998,141,886788,84.0,0.09908394515514374,0.0001,221671
10558,6281,0.05,12.98419856,141,886872,84.0,0.031857930123806,0.0001,221692
10559,6282,0.05,12.942764400000002,141,886956,84.0,2.0592567920684814,0.0001,221713
10560,6282,0.05,12.99869801,141,887040,84.0,1.9951797723770142,0.0001,221734
10561,6282,0.05,12.941134669999999,141,887124,84.0,2.026822090148926,0.0001,221755
10562,6283,0.05,12.896606789999998,141,887208,84.0,0.15227043628692627,0.0001,221776
10563,6283,0.05,12.878900159999999,141,887292,84.0,0.11564001441001892,0.0001,221797
10564,6284,0.05,12.778446969999997,141,887376,84.0,0.05679238960146904,0.0001,221818
10565,6284,0.05,12.778257640000001,141,887460,84.0,0.07854390144348145,0.0001,221839
10566,6285,0.05,12.6823665,141,887544,84.0,0.03503642603754997,0.0001,221860
10567,6285,0.05,12.790300940000002,141,887628,84.0,0.18958812952041626,0.0001,221881
10568,6285,0.05,12.775356399999998,141,887712,84.0,0.05344138294458389,0.0001,221902
10569,6286,0.05,12.76989661,141,887796,84.0,0.041868582367897034,0.0001,221923
10570,6286,0.05,12.77963974,141,887880,84.0,1.9740538597106934,0.0001,221944
10571,6287,0.05,12.691466170000004,141,887964,84.0,0.03804170340299606,0.0001,221965
10572,6287,0.05,12.548793560000002,141,888048,84.0,0.025454673916101456,0.0001,221986
10573,6288,0.05,12.560217520000002,141,888132,84.0,2.0132670402526855,0.0001,222007
10574,6288,0.05,12.54110986,141,888216,84.0,0.05953412503004074,0.0001,222028
10575,6289,0.05,12.39775521,141,888300,84.0,0.04846280813217163,0.0001,222049
10576,6289,0.05,12.375093900000001,141,888384,84.0,0.07088266313076019,0.0001,222070
10577,6290,0.05,12.292667750000003,141,888468,84.0,0.03589934483170509,0.0001,222091
10578,6290,0.05,12.244881860000003,141,888552,84.0,0.06733478605747223,0.0001,222112
10579,6291,0.05,12.29581619,141,888636,84.0,0.0662996917963028,0.0001,222133
10580,6291,0.05,12.28416828,141,888720,84.0,2.045022964477539,0.0001,222154
10581,6292,0.05,12.252780299999998,141,888804,84.0,0.02342791110277176,0.0001,222175
10582,6292,0.05,12.209980729999998,141,888888,84.0,0.03289562463760376,0.0001,222196
10583,6292,0.05,12.174126589999998,141,888972,84.0,0.01715764030814171,0.0001,222217
10584,6293,0.05,12.268674220000001,141,889056,84.0,2.0219085216522217,0.0001,222238
10585,6293,0.05,12.271229859999998,141,889140,84.0,0.08092886954545975,0.0001,222259
10586,6294,0.05,12.36111417,141,889224,84.0,0.08302142471075058,0.0001,222280
10587,6294,0.05,12.16979346,141,889308,84.0,0.039243586361408234,0.0001,222301
10588,6295,0.05,12.070791309999997,141,889392,84.0,0.044711850583553314,0.0001,222322
10589,6295,0.05,12.091321979999998,141,889476,84.0,0.0426793247461319,0.0001,222343
10590,6296,0.05,12.02024121,141,889560,84.0,0.10478705167770386,0.0001,222364
10591,6296,0.05,12.050996719999999,141,889644,84.0,0.2473016232252121,0.0001,222385
10592,6297,0.05,12.071185640000001,141,889728,84.0,0.10996951907873154,0.0001,222406
10593,6297,0.05,11.982241080000001,141,889812,84.0,0.027716923505067825,0.0001,222427
10594,6298,0.05,11.801614820000003,141,889896,84.0,0.04383660852909088,0.0001,222448
10595,6299,0.05,11.842500120000002,141,889980,84.0,0.0313505157828331,0.0001,222469
10596,6299,0.05,11.83688958,141,890064,84.0,0.039013251662254333,0.0001,222490
10597,6300,0.05,11.845658509999998,141,890148,84.0,0.026958592236042023,0.0001,222511
10598,6300,0.05,11.870110309999998,141,890232,84.0,4.063305854797363,0.0001,222532
10599,6301,0.05,11.851396679999999,141,890316,84.0,0.10925742238759995,0.0001,222553
10600,6301,0.05,11.918484639999999,141,890400,84.0,0.05812228471040726,0.0001,222574
10601,6302,0.05,11.89515173,141,890484,84.0,0.10661254823207855,0.0001,222595
10602,6302,0.05,11.926480510000003,141,890568,84.0,0.08789046853780746,0.0001,222616
10603,6303,0.05,12.075262030000001,141,890652,84.0,0.07273336499929428,0.0001,222637
10604,6303,0.05,12.083304730000002,141,890736,84.0,4.08262825012207,0.0001,222658
10605,6304,0.05,12.30739018,141,890820,84.0,0.09935548901557922,0.0001,222679
10606,6304,0.05,12.32693941,141,890904,84.0,0.08390641212463379,0.0001,222700
10607,6305,0.05,12.32494268,141,890988,84.0,0.06528934091329575,0.0001,222721
10608,6305,0.05,12.346853860000001,141,891072,84.0,0.026001282036304474,0.0001,222742
10609,6306,0.05,12.323129339999996,141,891156,84.0,0.023789916187524796,0.0001,222763
10610,6306,0.05,12.501498949999998,141,891240,84.0,0.07849882543087006,0.0001,222784
10611,6307,0.05,12.634987579999999,141,891324,84.0,0.06156646087765694,0.0001,222805
10612,6307,0.05,12.564758069999998,141,891408,84.0,0.05550867319107056,0.0001,222826
10613,6307,0.05,12.431198219999999,141,891492,84.0,0.059052128344774246,0.0001,222847
10614,6308,0.05,12.349214359999998,141,891576,84.0,3.8914008140563965,0.0001,222868
10615,6308,0.05,12.48055673,141,891660,84.0,0.03021327778697014,0.0001,222889
10616,6309,0.05,12.638187740000001,141,891744,84.0,0.03443429619073868,0.0001,222910
10617,6309,0.05,12.650357740000002,141,891828,84.0,2.011533498764038,0.0001,222931
10618,6310,0.05,12.69568321,141,891912,84.0,0.06558224558830261,0.0001,222952
10619,6310,0.05,12.76589239,141,891996,84.0,0.05015714094042778,0.0001,222973
10620,6311,0.05,12.886349400000002,141,892080,84.0,1.9894065856933594,0.0001,222994
10621,6311,0.05,12.935695410000001,141,892164,84.0,2.041703462600708,0.0001,223015
10622,6312,0.05,13.02405191,141,892248,84.0,4.022602081298828,0.0001,223036
10623,6312,0.05,12.962184140000002,141,892332,84.0,2.026660680770874,0.0001,223057
10624,6313,0.05,13.04093111,141,892416,84.0,0.030226465314626694,0.0001,223078
10625,6313,0.05,13.187738290000002,141,892500,84.0,2.118893623352051,0.0001,223099
10626,6314,0.05,13.196253450000002,141,892584,84.0,0.020570095628499985,0.0001,223120
10627,6314,0.05,13.13934886,141,892668,84.0,0.02286246418952942,0.0001,223141
10628,6315,0.05,13.16577217,141,892752,84.0,0.07570648193359375,0.0001,223162
10629,6315,0.05,13.26322251,141,892836,84.0,0.02163822203874588,0.0001,223183
10630,6316,0.05,13.208718639999999,141,892920,84.0,0.04393523931503296,0.0001,223204
10631,6316,0.05,13.24005803,141,893004,84.0,2.1959197521209717,0.0001,223225
10632,6316,0.05,13.350121269999999,141,893088,84.0,3.9282126426696777,0.0001,223246
10633,6317,0.05,13.42643515,141,893172,84.0,0.07498892396688461,0.0001,223267
10634,6317,0.05,13.35046326,141,893256,84.0,0.09435249119997025,0.0001,223288
10635,6318,0.05,13.469551880000001,141,893340,84.0,2.0737345218658447,0.0001,223309
10636,6318,0.05,13.43692368,141,893424,84.0,0.12151992321014404,0.0001,223330
10637,6319,0.05,13.449541290000003,141,893508,84.0,0.016816234216094017,0.0001,223351
10638,6319,0.05,13.4536369,141,893592,84.0,2.067537307739258,0.0001,223372
10639,6319,0.05,13.38077361,141,893676,84.0,2.046110153198242,0.0001,223393
10640,6320,0.05,13.48951834,141,893760,84.0,0.07302150130271912,0.0001,223414
10641,6320,0.05,13.4871535,141,893844,84.0,0.04740116000175476,0.0001,223435
10642,6321,0.05,13.412857499999998,141,893928,84.0,0.05367625504732132,0.0001,223456
10643,6321,0.05,13.40226058,141,894012,84.0,0.036649614572525024,0.0001,223477
10644,6322,0.05,13.4178208,141,894096,84.0,0.03633242845535278,0.0001,223498
10645,6322,0.05,13.50882332,141,894180,84.0,0.03255263715982437,0.0001,223519
10646,6323,0.05,13.580282369999999,141,894264,84.0,2.0804524421691895,0.0001,223540
10647,6323,0.05,13.32708761,141,894348,84.0,2.0953660011291504,0.0001,223561
10648,6324,0.05,13.389760339999999,141,894432,84.0,2.1021029949188232,0.0001,223582
10649,6324,0.05,13.51048895,141,894516,84.0,2.0551376342773438,0.0001,223603
10650,6325,0.05,13.535349079999998,141,894600,84.0,2.0054306983947754,0.0001,223624
10651,6325,0.05,13.59552417,141,894684,84.0,2.0057828426361084,0.0001,223645
10652,6325,0.05,13.593288639999999,141,894768,84.0,3.982149600982666,0.0001,223666
10653,6326,0.05,13.644700979999998,141,894852,84.0,0.12470901012420654,0.0001,223687
10654,6326,0.05,13.646131719999998,141,894936,84.0,0.03625108301639557,0.0001,223708
10655,6327,0.05,13.626684309999998,141,895020,84.0,0.021300191059708595,0.0001,223729
10656,6327,0.05,13.634359609999999,141,895104,84.0,0.03746119886636734,0.0001,223750
10657,6328,0.05,13.720345419999996,141,895188,84.0,0.0434415228664875,0.0001,223771
10658,6328,0.05,13.755535939999998,141,895272,84.0,0.13866227865219116,0.0001,223792
10659,6329,0.05,13.828103989999999,141,895356,84.0,2.0645153522491455,0.0001,223813
10660,6329,0.05,13.691206090000001,141,895440,84.0,1.9973983764648438,0.0001,223834
10661,6329,0.05,13.720709170000003,141,895524,84.0,0.0744902566075325,0.0001,223855
10662,6330,0.05,13.835667110000001,141,895608,84.0,0.087276890873909,0.0001,223876
10663,6330,0.05,13.922168140000002,141,895692,84.0,0.11292725056409836,0.0001,223897
10664,6331,0.05,13.98433654,141,895776,84.0,0.08696204423904419,0.0001,223918
10665,6331,0.05,13.92917906,141,895860,84.0,0.04810811206698418,0.0001,223939
10666,6332,0.05,13.944543739999999,141,895944,84.0,0.06926804035902023,0.0001,223960
10667,6332,0.05,13.84586774,141,896028,84.0,0.04709196835756302,0.0001,223981
10668,6333,0.05,13.964982049999996,141,896112,84.0,2.1013200283050537,0.0001,224002
10669,6333,0.05,14.036026579999998,141,896196,84.0,0.05502302199602127,0.0001,224023
10670,6333,0.05,14.119970719999996,141,896280,84.0,0.16927362978458405,0.0001,224044
10671,6334,0.05,14.047127490000001,141,896364,84.0,0.06016266345977783,0.0001,224065
10672,6334,0.05,14.065180130000002,141,896448,84.0,0.03374933451414108,0.0001,224086
10673,6335,0.05,14.027487760000001,141,896532,84.0,0.14558471739292145,0.0001,224107
10674,6335,0.05,14.02654284,141,896616,84.0,2.191202402114868,0.0001,224128
10675,6336,0.05,14.28371619,141,896700,84.0,0.20081530511379242,0.0001,224149
10676,6336,0.05,14.40606682,141,896784,84.0,0.03412367403507233,0.0001,224170
10677,6337,0.05,14.597706159999998,141,896868,84.0,2.0346519947052,0.0001,224191
10678,6337,0.05,14.63413241,141,896952,84.0,0.03462820127606392,0.0001,224212
10679,6338,0.05,14.585544959999998,141,897036,84.0,2.012235403060913,0.0001,224233
10680,6338,0.05,14.82112071,141,897120,84.0,0.03636681288480759,0.0001,224254
10681,6339,0.05,14.830457219999998,141,897204,84.0,0.047377537935972214,0.0001,224275
10682,6339,0.05,14.935904719999996,141,897288,84.0,2.059027671813965,0.0001,224296
10683,6339,0.05,15.036827319999997,141,897372,84.0,0.04376707971096039,0.0001,224317
10684,6340,0.05,14.94355731,141,897456,84.0,2.0178563594818115,0.0001,224338
10685,6340,0.05,14.991101129999997,141,897540,84.0,1.9810707569122314,0.0001,224359
10686,6341,0.05,14.860318629999997,141,897624,84.0,0.09708480536937714,0.0001,224380
10687,6341,0.05,14.94403592,141,897708,84.0,1.9739911556243896,0.0001,224401
10688,6342,0.05,14.99407516,141,897792,84.0,0.01546639297157526,0.0001,224422
10689,6342,0.05,14.983818710000003,141,897876,84.0,0.025306137278676033,0.0001,224443
10690,6343,0.05,15.03110931,141,897960,84.0,0.06731945276260376,0.0001,224464
10691,6343,0.05,14.89799877,141,898044,84.0,2.041306495666504,0.0001,224485
10692,6344,0.05,14.90968575,141,898128,84.0,4.079423904418945,0.0001,224506
10693,6344,0.05,14.97559101,141,898212,84.0,0.08307034522294998,0.0001,224527
10694,6344,0.05,15.064370469999998,141,898296,84.0,0.09114521741867065,0.0001,224548
10695,6345,0.05,15.09417036,141,898380,84.0,0.046376608312129974,0.0001,224569
10696,6345,0.05,15.13085606,141,898464,84.0,2.080442190170288,0.0001,224590
10697,6346,0.05,15.046883009999998,141,898548,84.0,0.038526277989149094,0.0001,224611
10698,6346,0.05,15.025940769999998,141,898632,84.0,0.16127341985702515,0.0001,224632
10699,6347,0.05,15.016660690000002,141,898716,84.0,0.049609243869781494,0.0001,224653
10700,6347,0.05,14.921788659999999,141,898800,84.0,0.03817402571439743,0.0001,224674
10701,6348,0.05,15.001584899999997,141,898884,84.0,0.04224161058664322,0.0001,224695
10702,6348,0.05,14.994832059999997,141,898968,84.0,0.043533869087696075,0.0001,224716
10703,6348,0.05,14.840517289999998,141,899052,84.0,2.0891332626342773,0.0001,224737
10704,6349,0.05,14.834123209999998,141,899136,84.0,0.02267432026565075,0.0001,224758
10705,6349,0.05,14.671598959999999,141,899220,84.0,1.9911221265792847,0.0001,224779
10706,6350,0.05,14.68631787,141,899304,84.0,2.046313524246216,0.0001,224800
10707,6350,0.05,14.61872242,141,899388,84.0,0.05005683749914169,0.0001,224821
10708,6350,0.05,14.610710879999997,141,899472,84.0,0.0742437094449997,0.0001,224842
10709,6351,0.05,14.60312417,141,899556,84.0,0.026216521859169006,0.0001,224863
10710,6351,0.05,14.505011489999998,141,899640,84.0,0.13138732314109802,0.0001,224884
10711,6352,0.05,14.40601134,141,899724,84.0,0.11614362895488739,0.0001,224905
10712,6352,0.05,14.485884979999998,141,899808,84.0,2.04815936088562,0.0001,224926
10713,6353,0.05,14.584411419999999,141,899892,84.0,0.04120609909296036,0.0001,224947
10714,6353,0.05,14.583874649999998,141,899976,84.0,0.034794747829437256,0.0001,224968
