rollout/ep_rew_mean,rollout/exploration_rate,time/total_timesteps,rollout/ep_len_mean,time/fps,time/time_elapsed,time/episodes,train/learning_rate,train/n_updates,train/loss
-6.232137,0.998898,29,29.0,113,0,1,,,
36.322686000000004,0.9956679999999999,114,57.0,191,0,2,0.0001,3,98.53335571289062
23.109212666666668,0.9945279999999999,144,48.0,186,0,3,0.0001,10,80.682373046875
15.258568750000002,0.9934639999999998,172,43.0,182,0,4,0.0001,17,76.293701171875
12.316257600000002,0.9922099999999996,205,41.0,181,1,5,0.0001,26,67.01190948486328
22.993745166666667,0.9889799999999995,290,48.333333333333336,207,1,6,0.0001,47,46.910980224609375
30.586413714285715,0.9857500000000006,375,53.57142857142857,224,1,7,0.0001,68,43.426300048828125
26.627768500000002,0.9845340000000004,407,50.875,218,1,8,0.0001,76,42.13081359863281
22.554024222222225,0.9835080000000004,434,48.22222222222222,213,2,9,0.0001,83,32.76752471923828
29.9609343,0.9802780000000003,519,51.9,225,2,10,0.0001,104,31.606000900268555
27.453993636363638,0.9789860000000001,553,50.27272727272727,223,2,11,0.0001,113,23.702260971069336
31.373636833333336,0.9757560000000001,638,53.166666666666664,230,2,12,0.0001,134,21.799495697021484
28.774821461538465,0.9745779999999999,669,51.46153846153846,227,2,13,0.0001,142,21.041446685791016
26.34750885714286,0.9734379999999998,699,49.92857142857143,224,3,14,0.0001,149,16.87044906616211
30.425735066666668,0.9702079999999997,784,52.266666666666666,230,3,15,0.0001,170,10.366943359375
28.135697874999998,0.9691059999999997,813,50.8125,227,3,16,0.0001,178,10.227049827575684
26.28821,0.9679279999999996,844,49.64705882352941,224,3,17,0.0001,185,11.934778213500977
24.553653055555557,0.9667879999999995,874,48.55555555555556,222,3,18,0.0001,193,8.052959442138672
28.175938,0.9635580000000005,959,50.473684210526315,228,4,19,0.0001,214,7.0994977951049805
26.311249049999997,0.9625320000000005,986,49.3,224,4,20,0.0001,221,4.465084075927734
29.401741666666663,0.9593020000000004,1071,51.0,228,4,21,0.0001,242,6.870677471160889
30.646353318181813,0.9560720000000004,1156,52.54545454545455,231,4,22,0.0001,263,6.42650842666626
29.15493304347826,0.9548940000000002,1187,51.608695652173914,228,5,23,0.0001,271,7.973525524139404
27.671161499999997,0.9537920000000002,1216,50.666666666666664,226,5,24,0.0001,278,6.041821002960205
30.115999679999994,0.9505620000000001,1301,52.04,228,5,25,0.0001,300,3.401602268218994
32.865329653846146,0.9473320000000001,1386,53.30769230769231,231,5,26,0.0001,321,4.9369659423828125
31.461661851851847,0.9461919999999999,1416,52.44444444444444,229,6,27,0.0001,328,2.8903183937072754
32.95913421428571,0.9429619999999999,1501,53.607142857142854,232,6,28,0.0001,350,2.3286871910095215
31.582546310344824,0.9418599999999999,1530,52.758620689655174,230,6,29,0.0001,357,3.728168487548828
33.252726599999995,0.9386299999999999,1615,53.833333333333336,232,6,30,0.0001,378,5.151588439941406
34.27614561290323,0.9353999999999998,1700,54.83870967741935,234,7,31,0.0001,399,1.99197518825531
35.90973309375,0.9321699999999997,1785,55.78125,237,7,32,0.0001,421,3.2201545238494873
37.68035269696969,0.9289399999999997,1870,56.666666666666664,238,7,33,0.0001,442,1.6154009103775024
36.30063758823529,0.9279139999999997,1897,55.794117647058826,236,8,34,0.0001,449,2.1183228492736816
35.296658599999994,0.9266600000000005,1930,55.142857142857146,234,8,35,0.0001,457,3.517822027206421
36.492165111111106,0.9234300000000004,2015,55.97222222222222,236,8,36,0.0001,478,1.7795515060424805
37.43924656756756,0.9202000000000004,2100,56.75675675675676,237,8,37,0.0001,499,2.792074680328369
36.301298789473684,0.9190980000000003,2129,56.026315789473685,235,9,38,0.0001,507,1.0776395797729492
35.234057230769224,0.9179580000000003,2159,55.35897435897436,233,9,39,0.0001,514,3.231606960296631
34.14533865,0.9168560000000002,2188,54.7,232,9,40,0.0001,521,3.089416742324829
34.27312814634146,0.913626,2273,55.4390243902439,233,9,41,0.0001,543,4.549258232116699
33.75950888095238,0.9121439999999996,2312,55.04761904761905,232,9,42,0.0001,552,2.9869513511657715
32.98688279069768,0.9108900000000005,2345,54.53488372093023,231,10,43,0.0001,561,3.1478660106658936
32.15877193181819,0.9097120000000004,2376,54.0,230,10,44,0.0001,568,4.188906669616699
31.223824800000003,0.9086480000000005,2404,53.422222222222224,229,10,45,0.0001,575,1.1453394889831543
30.471321195652173,0.9075080000000003,2434,52.91304347826087,227,10,46,0.0001,583,0.7319043278694153
31.46460521276596,0.9042780000000002,2519,53.59574468085106,229,10,47,0.0001,604,0.9673078060150146
32.48962616666667,0.9010480000000002,2604,54.25,229,11,48,0.0001,625,0.5157201290130615
31.939535326530613,0.8997179999999999,2639,53.857142857142854,228,11,49,0.0001,634,0.7513666749000549
31.11177846,0.898654,2667,53.34,227,11,50,0.0001,641,0.7684757709503174
30.483385509803924,0.8974379999999997,2699,52.92156862745098,226,11,51,0.0001,649,0.9692604541778564
29.906868499999998,0.8961839999999995,2732,52.53846153846154,225,12,52,0.0001,657,3.128260612487793
30.80121309433962,0.8929539999999995,2817,53.15094339622642,226,12,53,0.0001,679,1.2921161651611328
30.097656518518516,0.8918520000000005,2846,52.7037037037037,225,12,54,0.0001,686,0.900442361831665
29.590362181818183,0.8905600000000002,2880,52.36363636363637,224,12,55,0.0001,694,0.7062764763832092
30.534309303571426,0.8873300000000002,2965,52.94642857142857,226,13,56,0.0001,716,1.0180728435516357
29.86725738596491,0.8862280000000001,2994,52.526315789473685,224,13,57,0.0001,723,1.008643627166748
29.297526948275856,0.88505,3025,52.1551724137931,223,13,58,0.0001,731,2.481276035308838
28.655341372881352,0.883986,3053,51.74576271186441,222,13,59,0.0001,738,0.5563278198242188
28.071757049999995,0.882884,3082,51.36666666666667,221,13,60,0.0001,745,0.9808926582336426
28.243895983606553,0.8796539999999999,3167,51.91803278688525,222,14,61,0.0001,766,2.829732894897461
27.651080822580642,0.8785899999999999,3195,51.53225806451613,221,14,62,0.0001,773,0.9173378944396973
27.149912238095236,0.8774119999999997,3226,51.20634920634921,220,14,63,0.0001,781,2.5189309120178223
28.038895859374996,0.8741819999999997,3311,51.734375,221,14,64,0.0001,802,2.878741979598999
27.608686907692302,0.8729659999999996,3343,51.43076923076923,220,15,65,0.0001,810,2.478485345840454
27.089818469696965,0.8718640000000005,3372,51.09090909090909,219,15,66,0.0001,817,2.4440689086914062
26.651683940298504,0.8706860000000004,3403,50.791044776119406,218,15,67,0.0001,825,2.75294828414917
26.148664132352938,0.8696220000000003,3431,50.455882352941174,217,15,68,0.0001,832,2.641427755355835
27.22286328985507,0.8663920000000004,3516,50.95652173913044,217,16,69,0.0001,853,0.9657009840011597
26.695691771428567,0.8653660000000003,3543,50.614285714285714,216,16,70,0.0001,860,5.697522163391113
27.352761943661967,0.8621360000000003,3628,51.098591549295776,217,16,71,0.0001,881,0.6025162935256958
26.85110195833333,0.8610720000000003,3656,50.77777777777778,216,16,72,0.0001,888,0.98531174659729
27.567144150684932,0.8578420000000002,3741,51.24657534246575,217,17,73,0.0001,910,0.5741926431655884
27.12525337837838,0.8567020000000002,3771,50.95945945945946,216,17,74,0.0001,917,2.566960334777832
26.714621440000002,0.8555240000000001,3802,50.693333333333335,215,17,75,0.0001,925,0.779603123664856
26.275112460526316,0.854422,3831,50.4078947368421,214,17,76,0.0001,932,2.5044960975646973
25.893646883116883,0.8532439999999999,3862,50.15584415584416,213,18,77,0.0001,940,0.840116024017334
25.496669256410257,0.8521039999999998,3892,49.8974358974359,211,18,78,0.0001,947,0.653298020362854
25.15411793670886,0.8508879999999996,3924,49.67088607594937,211,18,79,0.0001,955,0.8418377637863159
24.7930676625,0.8497100000000005,3955,49.4375,210,18,80,0.0001,963,0.7241739630699158
25.43123185185185,0.8464800000000005,4040,49.876543209876544,211,19,81,0.0001,984,1.1814296245574951
25.03650619512195,0.8453780000000004,4069,49.6219512195122,210,19,82,0.0001,992,0.6421942710876465
24.590458072289156,0.8443900000000005,4095,49.33734939759036,209,19,83,0.0001,998,0.735840916633606
24.2234315,0.8432880000000005,4124,49.095238095238095,208,19,84,0.0001,1005,2.239743709564209
23.91261857647059,0.8420720000000003,4156,48.89411764705882,207,19,85,0.0001,1013,4.193769931793213
23.6025826627907,0.8408940000000001,4187,48.68604651162791,207,20,86,0.0001,1021,0.9828692674636841
23.233915839080463,0.8397920000000001,4216,48.45977011494253,206,20,87,0.0001,1028,4.226974010467529
22.914046772727275,0.8386520000000001,4246,48.25,205,20,88,0.0001,1036,2.4631309509277344
23.703427629213483,0.835422,4331,48.662921348314605,206,20,89,0.0001,1057,0.6807051301002502
23.404093466666666,0.8342439999999999,4362,48.46666666666667,205,21,90,0.0001,1065,0.8353675603866577
23.071766945054947,0.8331419999999998,4391,48.252747252747255,205,21,91,0.0001,1072,2.5908989906311035
23.668705,0.8299119999999998,4476,48.65217391304348,206,21,92,0.0001,1093,0.8795078992843628
23.36451976344086,0.8287719999999996,4506,48.45161290322581,205,21,93,0.0001,1101,2.417872428894043
24.19657946808511,0.8255419999999996,4591,48.840425531914896,207,22,94,0.0001,1122,2.6288974285125732
24.04974425263158,0.8241360000000002,4628,48.71578947368421,206,22,95,0.0001,1131,0.7408727407455444
23.749851718749998,0.8229960000000002,4658,48.520833333333336,206,22,96,0.0001,1139,0.39465826749801636
24.223447845360827,0.8197660000000001,4743,48.896907216494846,207,22,97,0.0001,1160,0.48328089714050293
23.929169622448978,0.8186260000000001,4773,48.704081632653065,206,23,98,0.0001,1168,0.692731499671936
23.663006676767676,0.8174099999999999,4805,48.535353535353536,206,23,99,0.0001,1176,2.362003803253174
23.355924929999997,0.8163079999999998,4834,48.34,206,23,100,0.0001,1183,4.221670150756836
24.194086179999996,0.8130779999999997,4919,48.9,207,23,101,0.0001,1204,2.509589672088623
24.178376759999995,0.8098479999999997,5004,48.9,207,24,102,0.0001,1225,0.7867000102996826
24.2854724,0.8084420000000003,5041,48.97,207,24,103,0.0001,1235,1.0958269834518433
24.473917260000004,0.8070360000000001,5078,49.06,207,24,104,0.0001,1244,2.1822891235351562
24.41994692,0.805896,5108,49.03,207,24,105,0.0001,1251,4.010611534118652
23.57317888,0.804832,5136,48.46,206,24,106,0.0001,1258,0.8445515632629395
22.779756740000003,0.8036539999999999,5167,47.92,206,25,107,0.0001,1266,0.630354106426239
22.703783610000002,0.8025899999999998,5195,47.88,205,25,108,0.0001,1273,0.6569914817810059
22.771818460000006,0.8014119999999997,5226,47.92,205,25,109,0.0001,1281,2.380624294281006
21.74692316,0.8002719999999997,5256,47.37,204,25,110,0.0001,1288,2.2157156467437744
21.697166179999996,0.7990940000000005,5287,47.34,204,25,111,0.0001,1296,0.7303035259246826
20.932798659999992,0.7978780000000004,5319,46.81,204,26,112,0.0001,1304,2.1372413635253906
20.850232939999998,0.7968520000000004,5346,46.77,203,26,113,0.0001,1311,0.41898462176322937
20.82638876,0.7957500000000004,5375,46.76,203,26,114,0.0001,1318,0.7127891182899475
19.972384529999996,0.7944580000000001,5409,46.25,203,26,115,0.0001,1327,4.328487396240234
19.96796431,0.7933560000000001,5438,46.25,202,26,116,0.0001,1334,4.320461273193359
19.943169129999998,0.792216,5468,46.24,202,27,117,0.0001,1341,0.4146953225135803
19.924396180000002,0.7911139999999999,5497,46.23,201,27,118,0.0001,1349,4.009268760681152
18.95716999,0.7899359999999999,5528,45.69,201,27,119,0.0001,1356,2.5788981914520264
18.98683566,0.7888339999999998,5557,45.71,200,27,120,0.0001,1364,0.5891768932342529
18.703916919999998,0.7856039999999997,5642,45.71,201,28,121,0.0001,1385,0.9219773411750793
18.078468400000002,0.7844639999999996,5672,45.16,200,28,122,0.0001,1392,0.30278193950653076
18.041643210000004,0.7833619999999996,5701,45.14,200,28,123,0.0001,1400,2.444241762161255
18.100780840000002,0.7821460000000005,5733,45.17,199,28,124,0.0001,1408,0.6348779797554016
17.222689190000004,0.7808920000000003,5766,44.65,199,28,125,0.0001,1416,0.6131440997123718
16.15167084,0.7797520000000002,5796,44.1,199,29,126,0.0001,1423,0.3630647361278534
16.11085435,0.7786880000000002,5824,44.08,198,29,127,0.0001,1430,2.256195306777954
16.04765467,0.7754580000000001,5909,44.08,199,29,128,0.0001,1452,3.8766350746154785
16.04955384,0.774356,5938,44.08,198,29,129,0.0001,1459,2.282999277114868
15.147706010000002,0.773254,5967,43.52,198,30,130,0.0001,1466,0.5859341621398926
15.774780810000003,0.7700239999999999,6052,43.52,198,30,131,0.0001,1487,0.3891821801662445
14.838652190000003,0.7689219999999999,6081,42.96,198,30,132,0.0001,1495,0.8441731929779053
13.925618590000001,0.7676299999999996,6115,42.45,198,30,133,0.0001,1503,2.2722911834716797
13.984973490000002,0.7664519999999996,6146,42.49,197,31,134,0.0001,1511,0.6975587010383606
14.971248050000003,0.7632220000000005,6231,43.01,198,31,135,0.0001,1532,0.8288112878799438
14.124367860000001,0.7620820000000005,6261,42.46,198,31,136,0.0001,1540,0.5269739031791687
13.435159460000001,0.7607900000000002,6295,41.95,197,31,137,0.0001,1548,0.5647410154342651
13.434694930000003,0.7596880000000001,6324,41.95,197,32,138,0.0001,1555,0.6977770924568176
13.379205310000001,0.7586620000000002,6351,41.92,197,32,139,0.0001,1562,2.2556333541870117
14.164214920000001,0.7554320000000001,6436,42.48,197,32,140,0.0001,1583,0.5628058910369873
13.7069919,0.7542920000000001,6466,41.93,197,32,141,0.0001,1591,4.165907859802246
13.610020810000004,0.7529619999999997,6501,41.89,197,32,142,0.0001,1600,0.764896035194397
13.527823630000002,0.7518599999999998,6530,41.85,197,33,143,0.0001,1607,2.3465628623962402
13.49792364,0.7507579999999996,6559,41.83,196,33,144,0.0001,1614,0.38280269503593445
13.509030309999998,0.7496939999999996,6587,41.83,196,33,145,0.0001,1621,2.350297451019287
14.535701439999999,0.7464639999999996,6672,42.38,196,33,146,0.0001,1642,0.4878627359867096
13.716187149999998,0.7453240000000005,6702,41.83,196,34,147,0.0001,1650,0.29501408338546753
13.004616499999997,0.7439180000000002,6739,41.35,196,34,148,0.0001,1659,2.5107247829437256
12.855414719999997,0.7428540000000002,6767,41.28,195,34,149,0.0001,1666,2.576725482940674
12.931290939999998,0.741638,6799,41.32,195,34,150,0.0001,1674,3.999265670776367
12.876427009999997,0.7404979999999999,6829,41.3,195,34,151,0.0001,1682,0.4338339865207672
13.553281199999999,0.7372679999999999,6914,41.82,195,35,152,0.0001,1703,0.4415746033191681
12.741290979999997,0.7360899999999997,6945,41.28,195,35,153,0.0001,1711,2.6047797203063965
12.750568269999999,0.7349879999999998,6974,41.28,195,35,154,0.0001,1718,0.47754913568496704
12.673517169999998,0.7338479999999996,7004,41.24,195,35,155,0.0001,1725,3.943122386932373
11.75219731,0.7328219999999996,7031,40.66,195,36,156,0.0001,1732,0.4679170846939087
11.75441718,0.7317199999999997,7060,40.66,194,36,157,0.0001,1739,2.447570562362671
11.74070279,0.7305799999999996,7090,40.65,194,36,158,0.0001,1747,0.6832741498947144
11.7673767,0.7294400000000005,7120,40.67,194,36,159,0.0001,1754,2.490248918533325
11.762256420000002,0.7283380000000004,7149,40.67,194,36,160,0.0001,1762,0.6049240231513977
11.354268569999999,0.7271220000000003,7181,40.14,194,36,161,0.0001,1770,4.556569576263428
11.35744683,0.7260200000000002,7210,40.15,193,37,162,0.0001,1777,2.350397825241089
11.34487593,0.7248420000000001,7241,40.15,193,37,163,0.0001,1785,0.37492138147354126
10.47423693,0.7236640000000001,7272,39.61,193,37,164,0.0001,1792,2.138803482055664
10.445803439999997,0.7224479999999998,7304,39.61,193,37,165,0.0001,1800,0.6667274236679077
11.379666729999999,0.7192179999999997,7389,40.17,193,38,166,0.0001,1822,0.6343640685081482
11.326218710000001,0.7181159999999998,7418,40.15,193,38,167,0.0001,1829,0.5350875854492188
11.301952899999998,0.7170899999999998,7445,40.14,193,38,168,0.0001,1836,0.5081747770309448
10.316973479999996,0.7158359999999995,7478,39.62,192,38,169,0.0001,1844,4.132805824279785
10.346327429999997,0.7146960000000006,7508,39.65,192,39,170,0.0001,1851,0.5812117457389832
9.550414980000001,0.7135560000000004,7538,39.1,192,39,171,0.0001,1859,0.4949122369289398
9.63280474,0.7123020000000002,7571,39.15,192,39,172,0.0001,1867,2.38940691947937
8.7651734,0.7112380000000003,7599,38.58,191,39,173,0.0001,1874,2.5017879009246826
8.79655812,0.7100220000000002,7631,38.6,191,39,174,0.0001,1882,0.28448259830474854
8.76850342,0.70892,7660,38.58,191,39,175,0.0001,1889,2.4139232635498047
8.763767929999998,0.7078180000000001,7689,38.58,191,40,176,0.0001,1897,2.1736903190612793
8.76103647,0.7066399999999999,7720,38.58,191,40,177,0.0001,1904,2.6728787422180176
8.83175195,0.7053479999999996,7754,38.62,191,40,178,0.0001,1913,0.522516131401062
8.765744719999999,0.7042839999999996,7782,38.58,191,40,179,0.0001,1920,2.383429765701294
8.72219105,0.7032199999999996,7810,38.55,190,40,180,0.0001,1927,0.38099199533462524
8.902100579999999,0.6999900000000006,7895,38.55,191,41,181,0.0001,1948,0.3681778907775879
8.90771925,0.6988500000000005,7925,38.56,190,41,182,0.0001,1956,0.4965366721153259
8.946178269999999,0.6977480000000005,7954,38.59,190,41,183,0.0001,1963,2.4158544540405273
8.92438297,0.6966460000000004,7983,38.59,190,41,184,0.0001,1970,0.8133576512336731
8.8414854,0.6956200000000005,8010,38.54,190,42,185,0.0001,1977,0.8624379634857178
10.01003245,0.6923900000000003,8095,39.08,190,42,186,0.0001,1998,2.3363332748413086
11.02385225,0.6891600000000002,8180,39.64,191,42,187,0.0001,2019,0.2731742560863495
11.0090138,0.6880580000000003,8209,39.63,190,43,188,0.0001,2027,4.255544662475586
9.9923599,0.6869940000000003,8237,39.06,190,43,189,0.0001,2034,6.2257080078125
9.95684382,0.6858920000000002,8266,39.04,190,43,190,0.0001,2041,2.592344284057617
9.92767494,0.6848660000000002,8293,39.02,190,43,191,0.0001,2048,2.5933594703674316
9.33036608,0.6832699999999996,8335,38.59,190,43,192,0.0001,2058,2.169009208679199
9.726733959999999,0.681484,8382,38.76,190,44,193,0.0001,2070,0.39071711897850037
8.68613629,0.6803059999999999,8413,38.22,190,44,194,0.0001,2078,3.8780417442321777
8.51771672,0.6792039999999998,8442,38.14,190,44,195,0.0001,2085,0.46437686681747437
8.5888525,0.6779119999999996,8476,38.18,190,44,196,0.0001,2093,0.3986213207244873
7.87567816,0.6766960000000004,8508,37.65,189,44,197,0.0001,2101,2.200793981552124
7.86350008,0.6755560000000004,8538,37.65,189,45,198,0.0001,2109,2.2851078510284424
7.908364639999999,0.6742640000000002,8572,37.67,189,45,199,0.0001,2117,0.4453359842300415
8.751090920000001,0.6710340000000001,8657,38.23,190,45,200,0.0001,2139,2.630755662918091
7.934053059999999,0.669856,8688,37.69,190,45,201,0.0001,2146,4.327660083770752
7.125236979999999,0.6686779999999999,8719,37.15,189,45,202,0.0001,2154,2.681922674179077
6.963299449999998,0.6675759999999998,8748,37.07,189,46,203,0.0001,2161,2.289053201675415
6.75656795,0.6665499999999998,8775,36.97,189,46,204,0.0001,2168,2.0612411499023438
6.73714741,0.6654099999999998,8805,36.97,189,46,205,0.0001,2176,2.556610584259033
6.73761932,0.6643459999999997,8833,36.97,189,46,206,0.0001,2183,0.47568586468696594
6.707918429999999,0.6632059999999997,8863,36.96,189,46,207,0.0001,2190,2.2964863777160645
6.69528198,0.6621419999999996,8891,36.96,188,47,208,0.0001,2197,2.116365432739258
6.73429405,0.6608880000000005,8924,36.98,188,47,209,0.0001,2205,0.540308952331543
6.69505445,0.6598620000000006,8951,36.95,188,47,210,0.0001,2212,0.4690690040588379
6.676119850000001,0.6587220000000005,8981,36.94,188,47,211,0.0001,2220,0.597648024559021
6.689205980000001,0.6574680000000003,9014,36.95,188,47,212,0.0001,2228,4.133671760559082
6.7137475,0.6563660000000002,9043,36.97,188,48,213,0.0001,2235,0.6434416770935059
6.6843607800000004,0.6553400000000003,9070,36.95,187,48,214,0.0001,2242,0.5959538221359253
6.694678369999999,0.654048,9104,36.95,187,48,215,0.0001,2250,0.37797755002975464
6.73246105,0.6528699999999998,9135,36.97,187,48,216,0.0001,2258,0.6290180683135986
6.747778469999999,0.6516919999999997,9166,36.98,187,49,217,0.0001,2266,4.209556579589844
7.78110225,0.6484619999999996,9251,37.54,187,49,218,0.0001,2287,4.018126010894775
7.776591349999999,0.6472839999999995,9282,37.54,187,49,219,0.0001,2295,2.3583340644836426
7.72857507,0.6462579999999996,9309,37.52,186,49,220,0.0001,2302,3.9875082969665527
7.06849914,0.6450800000000005,9340,36.98,186,49,221,0.0001,2309,0.4693733751773834
7.06597744,0.6439400000000004,9370,36.98,186,50,222,0.0001,2317,0.31209081411361694
8.180446790000001,0.6407100000000003,9455,37.54,187,50,223,0.0001,2338,3.9693965911865234
8.19805788,0.6394560000000001,9488,37.55,187,50,224,0.0001,2346,0.6915255188941956
8.08379096,0.6384300000000003,9515,37.49,186,50,225,0.0001,2353,2.558595657348633
8.19470383,0.6371,9550,37.54,186,51,226,0.0001,2362,3.9360899925231934
8.209068499999999,0.6359979999999998,9579,37.55,186,51,227,0.0001,2369,2.3772382736206055
7.449781979999999,0.6348959999999999,9608,36.99,186,51,228,0.0001,2376,0.4954262971878052
7.444581979999998,0.6337939999999997,9637,36.99,186,51,229,0.0001,2384,0.40093088150024414
8.720919789999998,0.6305639999999997,9722,37.55,186,52,230,0.0001,2405,2.4091796875
7.414494719999997,0.6293479999999996,9754,37.02,186,52,231,0.0001,2413,5.770319938659668
7.3998034299999995,0.6282839999999996,9782,37.01,186,52,232,0.0001,2420,2.188234567642212
7.272166849999999,0.6272200000000006,9810,36.95,186,52,233,0.0001,2427,0.5106717348098755
7.35583893,0.6258900000000003,9845,36.99,186,52,234,0.0001,2436,2.350412607192993
6.390022509999999,0.62456,9880,36.49,186,53,235,0.0001,2444,2.3195061683654785
6.4109067799999995,0.6233819999999999,9911,36.5,186,53,236,0.0001,2452,0.5900748372077942
6.274423149999999,0.6223559999999999,9938,36.43,186,53,237,0.0001,2459,0.4464626908302307
6.42654238,0.6209499999999997,9975,36.51,186,53,238,0.0001,2468,0.39429157972335815
6.4320279099999995,0.6199239999999997,10002,36.51,185,53,239,0.0001,2475,6.854918479919434
5.685304659999999,0.6187840000000007,10032,35.96,185,54,240,0.0001,2482,2.953702926635742
5.76653271,0.6174920000000004,10066,36.0,185,54,241,0.0001,2491,1.2447483539581299
5.656819589999999,0.6163520000000002,10096,35.95,185,54,242,0.0001,2498,1.0530914068222046
6.594738489999998,0.6131220000000002,10181,36.51,185,55,243,0.0001,2520,2.998501777648926
6.54625464,0.6120960000000002,10208,36.49,184,55,244,0.0001,2526,2.567448616027832
6.63723074,0.610842,10241,36.54,184,55,245,0.0001,2535,2.3957595825195312
5.593600680000001,0.609664,10272,36.0,184,55,246,0.0001,2542,0.5097684860229492
5.531936890000001,0.608676,10298,35.96,184,55,247,0.0001,2549,6.099244117736816
5.50437498,0.6072699999999996,10335,35.96,183,56,248,0.0001,2558,0.7787685990333557
6.1858851900000005,0.6040399999999995,10420,36.53,184,56,249,0.0001,2579,2.3448519706726074
6.127919179999999,0.6029380000000005,10449,36.5,183,56,250,0.0001,2587,0.7302987575531006
6.91450751,0.5997080000000006,10534,37.05,183,57,251,0.0001,2608,2.5931692123413086
6.1987035399999995,0.5985300000000003,10565,36.51,183,57,252,0.0001,2616,2.7166473865509033
6.14858484,0.5974660000000003,10593,36.48,183,57,253,0.0001,2623,0.6720563173294067
7.422242349999999,0.5942360000000003,10678,37.04,183,58,254,0.0001,2644,4.850214004516602
7.369960329999999,0.5931720000000003,10706,37.02,183,58,255,0.0001,2651,0.8812276721000671
8.22554352,0.5899420000000002,10791,37.6,183,58,256,0.0001,2672,0.8344208598136902
8.330644150000001,0.5886119999999999,10826,37.66,183,59,257,0.0001,2681,0.8107068538665771
8.31409489,0.5875099999999999,10855,37.65,182,59,258,0.0001,2688,4.00348424911499
9.2040575,0.5848500000000004,10925,38.05,182,59,259,0.0001,2706,2.6867477893829346
9.262574619999999,0.5836340000000002,10957,38.08,182,59,260,0.0001,2714,4.585353374481201
9.208079889999999,0.5825320000000003,10986,38.05,182,60,261,0.0001,2721,4.512805938720703
9.21449828,0.5814300000000001,11015,38.05,182,60,262,0.0001,2728,0.8706376552581787
9.86816782,0.5782,11100,38.59,182,60,263,0.0001,2749,4.49608039855957
9.83548646,0.5770599999999999,11130,38.58,182,61,264,0.0001,2757,0.6978090405464172
9.870913259999998,0.5758439999999998,11162,38.58,181,61,265,0.0001,2765,0.9056148529052734
10.214506469999998,0.5726139999999997,11247,38.58,182,61,266,0.0001,2786,2.6218667030334473
10.195014380000002,0.5715499999999998,11275,38.57,181,61,267,0.0001,2793,0.8057753443717957
10.19665314,0.5704859999999997,11303,38.58,181,62,268,0.0001,2800,2.5394248962402344
10.091538830000001,0.5693839999999997,11332,38.54,181,62,269,0.0001,2807,2.6631996631622314
10.095972710000003,0.5682439999999995,11362,38.54,181,62,270,0.0001,2815,2.939242362976074
10.135540440000003,0.5670660000000005,11393,38.55,181,62,271,0.0001,2823,2.645247459411621
10.680517420000001,0.5638360000000004,11478,39.07,181,63,272,0.0001,2844,2.550487518310547
11.365185580000002,0.5615560000000004,11538,39.39,181,63,273,0.0001,2859,0.545565128326416
11.266946779999998,0.5605680000000004,11564,39.33,180,63,274,0.0001,2865,0.8195784091949463
11.253714969999997,0.5594660000000002,11593,39.33,180,64,275,0.0001,2873,4.391347885131836
11.199568529999995,0.5584780000000005,11619,39.3,180,64,276,0.0001,2879,2.3570711612701416
11.163727139999999,0.5573380000000003,11649,39.29,180,64,277,0.0001,2887,4.462209701538086
11.083941179999997,0.5561600000000002,11680,39.26,179,64,278,0.0001,2894,2.8959641456604004
11.092115309999997,0.555058,11709,39.27,179,65,279,0.0001,2902,0.7376787662506104
11.060922389999998,0.5540700000000003,11735,39.25,179,65,280,0.0001,2908,0.7228397727012634
10.021439759999998,0.5530060000000002,11763,38.68,179,65,281,0.0001,2915,2.5770606994628906
9.976671829999999,0.5520180000000003,11789,38.64,178,65,282,0.0001,2922,0.8258389234542847
9.93733163,0.5510300000000004,11815,38.61,178,66,283,0.0001,2928,0.6353482007980347
9.934578519999999,0.5499660000000003,11843,38.6,178,66,284,0.0001,2935,2.582427978515625
9.93962717,0.5489020000000003,11871,38.61,178,66,285,0.0001,2942,0.8011608123779297
8.74099509,0.5477620000000002,11901,38.06,178,66,286,0.0001,2950,0.6714743375778198
7.84992092,0.546432,11936,37.56,177,67,287,0.0001,2958,0.8195880651473999
7.85734208,0.5452919999999999,11966,37.57,177,67,288,0.0001,2966,2.6942710876464844
7.91211805,0.5440759999999997,11998,37.61,177,67,289,0.0001,2974,1.2059139013290405
9.14978164,0.5408459999999997,12083,38.17,177,67,290,0.0001,2995,0.6672565340995789
9.38349614,0.5393260000000002,12123,38.3,177,68,291,0.0001,3005,4.318831920623779
9.089811889999998,0.5383000000000002,12150,38.15,177,68,292,0.0001,3012,0.6369755268096924
8.64576321,0.5372740000000003,12177,37.95,177,68,293,0.0001,3019,2.749009609222412
8.59767827,0.5361720000000003,12206,37.93,177,68,294,0.0001,3026,2.629847764968872
8.56234124,0.5351460000000003,12233,37.91,176,69,295,0.0001,3033,2.4490535259246826
8.54387875,0.5339300000000001,12265,37.89,176,69,296,0.0001,3041,2.1718978881835938
8.49407826,0.5327900000000001,12295,37.87,176,69,297,0.0001,3048,4.366170883178711
8.554968759999998,0.5316119999999999,12326,37.88,176,69,298,0.0001,3056,5.975387096405029
8.51730351,0.5303959999999998,12358,37.86,176,70,299,0.0001,3064,4.243635177612305
7.704126630000001,0.5292179999999995,12389,37.32,176,70,300,0.0001,3072,0.48498964309692383
7.6379363,0.5281919999999997,12416,37.28,175,70,301,0.0001,3078,0.4857991337776184
7.621906739999999,0.5270140000000005,12447,37.28,175,70,302,0.0001,3086,2.4708034992218018
7.72275795,0.5257220000000004,12481,37.33,175,70,303,0.0001,3095,1.0577315092086792
7.872504589999998,0.524354,12517,37.42,175,71,304,0.0001,3104,0.6713147163391113
7.931219450000001,0.5230999999999999,12550,37.45,175,71,305,0.0001,3112,2.278528928756714
8.83383585,0.5198699999999997,12635,38.02,176,71,306,0.0001,3133,0.7853809595108032
8.82874415,0.5187679999999997,12664,38.01,176,71,307,0.0001,3140,2.613062858581543
8.83396411,0.5176659999999996,12693,38.02,176,72,308,0.0001,3148,0.693814218044281
8.695185310000001,0.5167159999999997,12718,37.94,176,72,309,0.0001,3154,0.7473626136779785
8.8798799,0.5153100000000004,12755,38.04,176,72,310,0.0001,3163,0.8335162401199341
8.80465985,0.5143220000000006,12781,38.0,176,72,311,0.0001,3170,4.453677654266357
8.737490949999998,0.5132200000000005,12810,37.96,175,72,312,0.0001,3177,6.260322570800781
8.744531219999997,0.5121180000000005,12839,37.96,175,72,313,0.0001,3184,4.384986400604248
8.76780864,0.5110160000000004,12868,37.98,175,73,314,0.0001,3191,2.8478503227233887
8.649816469999998,0.5099520000000004,12896,37.92,175,73,315,0.0001,3198,0.6703969240188599
8.64728763,0.5087360000000003,12928,37.93,175,73,316,0.0001,3206,0.6592879295349121
8.613884429999999,0.5075960000000002,12958,37.92,175,73,317,0.0001,3214,0.49201497435569763
7.540388449999999,0.5066080000000002,12984,37.33,175,73,318,0.0001,3220,0.7342321276664734
7.4513882,0.5056580000000004,13009,37.27,175,74,319,0.0001,3227,0.5252171158790588
7.474236429999999,0.5045560000000002,13038,37.29,175,74,320,0.0001,3234,0.6670361757278442
7.415711729999999,0.5034920000000003,13066,37.26,175,74,321,0.0001,3241,4.514145374298096
7.370687159999999,0.5024660000000003,13093,37.23,175,74,322,0.0001,3248,0.475170373916626
6.77187262,0.49923600000000024,13178,37.23,175,75,323,0.0001,3269,0.4196682274341583
6.6374007399999995,0.49824800000000025,13204,37.16,175,75,324,0.0001,3275,0.6508790850639343
6.6420729199999995,0.4971840000000003,13232,37.17,175,75,325,0.0001,3282,2.5423035621643066
6.48410893,0.4961580000000003,13259,37.09,175,75,326,0.0001,3289,0.7160886526107788
7.7743877800000005,0.49292800000000025,13344,37.65,175,75,327,0.0001,3310,0.5402856469154358
7.797536300000001,0.4918260000000002,13373,37.65,175,76,328,0.0001,3318,0.7453716993331909
7.82709146,0.4906480000000001,13404,37.67,175,76,329,0.0001,3325,0.6278289556503296
6.53171381,0.4896220000000001,13431,37.09,175,76,330,0.0001,3332,2.3991105556488037
6.47284169,0.48855800000000005,13459,37.05,175,76,331,0.0001,3339,2.6465823650360107
6.4548000000000005,0.4874940000000001,13487,37.05,175,76,332,0.0001,3346,0.5430271625518799
6.478402180000001,0.48635399999999995,13517,37.07,175,76,333,0.0001,3354,2.4596328735351562
7.38639856,0.483124,13602,37.57,176,77,334,0.0001,3375,0.54750657081604
7.273007310000001,0.48202199999999995,13631,37.51,176,77,335,0.0001,3382,0.7342485189437866
7.2487315,0.4809199999999999,13660,37.49,176,77,336,0.0001,3389,2.387845754623413
7.283166170000002,0.47981799999999986,13689,37.51,176,77,337,0.0001,3397,0.8121830224990845
7.166433940000002,0.47860199999999964,13721,37.46,176,77,338,0.0001,3405,0.5160688161849976
7.964222160000002,0.4753719999999996,13806,38.04,176,78,339,0.0001,3426,2.516906499862671
7.911038830000001,0.4743459999999996,13833,38.01,176,78,340,0.0001,3433,2.5351200103759766
7.75244341,0.4733959999999997,13858,37.92,176,78,341,0.0001,3439,2.7705745697021484
7.8257658900000004,0.4721420000000006,13891,37.95,176,78,342,0.0001,3447,0.9127638339996338
6.85098609,0.47115399999999963,13917,37.36,176,78,343,0.0001,3454,0.8003333210945129
6.8887025500000005,0.4700519999999996,13946,37.38,176,79,344,0.0001,3461,0.6759560704231262
6.8869567300000005,0.4687600000000003,13980,37.39,176,79,345,0.0001,3469,2.6432650089263916
6.80349553,0.4678100000000004,14005,37.33,176,79,346,0.0001,3476,0.9021052718162537
6.8471162,0.46667000000000036,14035,37.37,176,79,347,0.0001,3483,0.7182773947715759
6.667046010000002,0.4656820000000005,14061,37.26,175,79,348,0.0001,3490,2.6319761276245117
6.017327689999999,0.46454200000000034,14091,36.71,175,80,349,0.0001,3497,0.8581690192222595
5.99968837,0.4634780000000004,14119,36.7,175,80,350,0.0001,3504,4.678506374359131
5.17160488,0.4624520000000004,14146,36.12,175,80,351,0.0001,3511,2.5073375701904297
5.12203905,0.46138800000000035,14174,36.09,175,80,352,0.0001,3518,2.625079870223999
5.163421069999998,0.4602480000000003,14204,36.11,175,80,353,0.0001,3525,0.6402451992034912
3.82958774,0.45926000000000033,14230,35.52,175,81,354,0.0001,3532,2.3842482566833496
3.83981986,0.45823400000000036,14257,35.51,175,81,355,0.0001,3539,2.3370697498321533
2.9935979300000004,0.4571700000000003,14285,34.94,175,81,356,0.0001,3546,2.5303990840911865
2.86177157,0.45614400000000044,14312,34.86,175,81,357,0.0001,3552,0.8105700016021729
2.82827519,0.45511800000000047,14339,34.84,175,81,358,0.0001,3559,0.6206303834915161
1.963516720000001,0.45390200000000025,14371,34.46,175,82,359,0.0001,3567,2.646707773208618
1.928250990000001,0.4527620000000001,14401,34.44,175,82,360,0.0001,3575,4.574281692504883
1.9036510600000005,0.45173600000000025,14428,34.42,175,82,361,0.0001,3581,4.242898464202881
1.8660452200000006,0.4507100000000003,14455,34.4,174,82,362,0.0001,3588,2.697432279586792
1.1603166600000003,0.4496840000000002,14482,33.82,174,82,363,0.0001,3595,2.875149965286255
1.1372421400000006,0.44862000000000024,14510,33.8,174,83,364,0.0001,3602,0.8377366065979004
1.0320374400000005,0.44759400000000027,14537,33.75,174,83,365,0.0001,3609,6.2223052978515625
-0.2971350099999999,0.4466060000000004,14563,33.16,174,83,366,0.0001,3615,2.3965253829956055
-0.3091122599999999,0.4456180000000004,14589,33.14,174,83,367,0.0001,3622,2.585068464279175
-0.3088281099999996,0.44459200000000043,14616,33.13,174,83,368,0.0001,3628,2.394192695617676
-0.2783717299999993,0.4434520000000003,14646,33.14,174,83,369,0.0001,3636,2.558852195739746
-0.2770495399999996,0.4422740000000003,14677,33.15,174,84,370,0.0001,3644,0.8411814570426941
-0.16958585999999934,0.4408679999999998,14714,33.21,174,84,371,0.0001,3653,6.223144054412842
-0.7698131799999994,0.4396899999999998,14745,32.67,174,84,372,0.0001,3661,2.479069709777832
-1.464868679999999,0.43862599999999974,14773,32.35,174,84,373,0.0001,3668,2.387131690979004
-1.3842998999999998,0.43740999999999963,14805,32.41,174,85,374,0.0001,3676,1.1902426481246948
-1.3779238099999995,0.4363079999999996,14834,32.41,174,85,375,0.0001,3683,0.7849382162094116
-1.3373377799999997,0.43524400000000063,14862,32.43,173,85,376,0.0001,3690,0.7213129997253418
-1.3094094899999995,0.4341040000000005,14892,32.43,173,85,377,0.0001,3697,2.612905263900757
-1.10432508,0.43258399999999997,14932,32.52,173,85,378,0.0001,3707,2.3070805072784424
-1.1161557599999998,0.43152,14960,32.51,173,86,379,0.0001,3714,2.6143529415130615
-1.10342779,0.43049400000000004,14987,32.52,173,86,380,0.0001,3721,1.1050655841827393
-1.1000633599999998,0.4294300000000001,15015,32.52,173,86,381,0.0001,3728,0.6020328402519226
-1.0936242200000001,0.428404,15042,32.53,173,86,382,0.0001,3735,4.2908172607421875
-1.0703795100000004,0.42734000000000005,15070,32.55,173,86,383,0.0001,3742,4.370898723602295
-1.0466515700000003,0.426238,15099,32.56,173,87,384,0.0001,3749,0.7377544641494751
-1.05488708,0.42521200000000003,15126,32.55,173,87,385,0.0001,3756,2.348267078399658
-1.03498556,0.4239959999999998,15158,32.57,173,87,386,0.0001,3764,8.246329307556152
-1.1783159699999997,0.42296999999999996,15185,32.49,173,87,387,0.0001,3771,2.4946043491363525
-1.2072698400000001,0.4219059999999999,15213,32.47,173,87,388,0.0001,3778,4.54958438873291
-1.27273017,0.4208419999999998,15241,32.43,173,88,389,0.0001,3785,0.5303207635879517
-2.543786,0.41981599999999997,15268,31.85,173,88,390,0.0001,3791,0.8202080726623535
-2.6691640099999994,0.4185239999999997,15302,31.79,173,88,391,0.0001,3800,0.667799711227417
-2.62519139,0.41738399999999953,15332,31.82,172,88,392,0.0001,3807,1.0025004148483276
-2.6042938099999997,0.4162819999999995,15361,31.84,172,88,393,0.0001,3815,0.6211010217666626
-2.6029177199999998,0.41518000000000055,15390,31.84,172,89,394,0.0001,3822,2.4899561405181885
-2.5646317400000003,0.4140400000000005,15420,31.87,172,89,395,0.0001,3829,2.3743464946746826
-2.67328864,0.41301400000000044,15447,31.82,172,89,396,0.0001,3836,2.307494878768921
-2.5227808,0.4116080000000002,15484,31.89,172,89,397,0.0001,3845,0.7004420757293701
-2.6407384,0.4105820000000001,15511,31.85,172,89,398,0.0001,3852,0.41174912452697754
-2.75109983,0.40963200000000033,15536,31.78,172,90,399,0.0001,3858,4.378072738647461
-2.8273603499999997,0.40864400000000034,15562,31.73,172,90,400,0.0001,3865,2.5098321437835693
-2.75208027,0.40742800000000023,15594,31.78,172,90,401,0.0001,3873,0.47260531783103943
-2.8272483,0.40647800000000034,15619,31.72,172,90,402,0.0001,3879,2.4988064765930176
-2.92777048,0.4054140000000003,15647,31.66,172,90,403,0.0001,3886,2.611189365386963
-3.04183151,0.40427400000000024,15677,31.6,172,91,404,0.0001,3894,2.7049994468688965
-3.0952389599999997,0.4031340000000001,15707,31.57,172,91,405,0.0001,3901,0.9048725962638855
-3.3505699300000003,0.40093,15765,31.3,172,91,406,0.0001,3916,0.7351571321487427
-3.3639927199999993,0.39982799999999996,15794,31.3,172,91,407,0.0001,3923,0.6128688454627991
-3.3634615799999996,0.398764,15822,31.29,172,91,408,0.0001,3930,0.733202338218689
-3.3479049699999996,0.397776,15848,31.3,172,92,409,0.0001,3936,0.74700927734375
-3.55109749,0.39678800000000014,15874,31.19,172,92,410,0.0001,3943,0.9447834491729736
-3.48886707,0.395648,15904,31.23,172,92,411,0.0001,3950,4.5770487785339355
-3.40484849,0.3943559999999998,15938,31.28,172,92,412,0.0001,3959,2.65826416015625
-3.3996812199999997,0.39325399999999977,15967,31.28,171,92,413,0.0001,3966,4.813928604125977
-3.4328830299999997,0.3922659999999998,15993,31.25,171,93,414,0.0001,3973,0.5933850407600403
-3.40960538,0.39112599999999964,16023,31.27,171,93,415,0.0001,3980,4.738285541534424
-3.3436535099999998,0.3897960000000005,16058,31.3,171,93,416,0.0001,3989,4.763506889343262
-3.36066684,0.3887320000000005,16086,31.28,171,93,417,0.0001,3996,0.6694831252098083
-3.3465903100000003,0.38770600000000044,16113,31.29,171,93,418,0.0001,4003,0.6486315131187439
-3.25320839,0.38649000000000033,16145,31.36,171,94,419,0.0001,4011,4.509335517883301
-3.26792017,0.38546400000000036,16172,31.34,171,94,420,0.0001,4017,0.6709437370300293
-3.302593719999999,0.3844760000000005,16198,31.32,171,94,421,0.0001,4024,0.6121960282325745
-3.3113279799999993,0.3834880000000005,16224,31.31,171,94,422,0.0001,4030,3.113044500350952
-3.860859019999999,0.3825000000000006,16250,30.72,170,95,423,0.0001,4037,0.442513644695282
-3.87412052,0.3815499999999996,16275,30.71,170,95,424,0.0001,4043,2.745100975036621
-3.87833245,0.38052399999999964,16302,30.7,170,95,425,0.0001,4050,2.431366443634033
-3.87788054,0.37949799999999967,16329,30.7,170,95,426,0.0001,4057,2.423788070678711
-5.20018936,0.3784719999999997,16356,30.12,170,95,427,0.0001,4063,0.5885658264160156
-5.1692748900000005,0.3772940000000007,16387,30.14,170,96,428,0.0001,4071,2.4247827529907227
-5.21356192,0.3762299999999996,16415,30.11,170,96,429,0.0001,4078,0.7449383735656738
-5.20983858,0.37520399999999954,16442,30.11,170,96,430,0.0001,4085,2.6617276668548584
-5.25259745,0.37425399999999964,16467,30.08,170,96,431,0.0001,4091,0.7520157694816589
-5.2762109399999995,0.37330399999999986,16492,30.05,170,96,432,0.0001,4097,4.8054914474487305
-5.307066990000001,0.3722779999999999,16519,30.02,170,96,433,0.0001,4104,0.49588000774383545
-6.39910428,0.3713279999999999,16544,29.42,170,97,434,0.0001,4110,0.6309810876846313
-6.424270069999999,0.37034,16570,29.39,170,97,435,0.0001,4117,2.4640817642211914
-6.4715461,0.3693520000000001,16596,29.36,170,97,436,0.0001,4123,0.3797014057636261
-6.487369150000001,0.36828800000000006,16624,29.35,170,97,437,0.0001,4130,4.421239852905273
-6.563558349999999,0.367224,16652,29.31,170,97,438,0.0001,4137,1.0518698692321777
-7.367674490000001,0.36623600000000023,16678,28.72,170,98,439,0.0001,4144,2.7388405799865723
-6.36770122,0.36334800000000045,16754,29.21,170,98,440,0.0001,4163,4.501569747924805
-6.275916850000001,0.3621700000000002,16785,29.27,170,98,441,0.0001,4171,0.6577215790748596
-6.3701598200000005,0.36110600000000037,16813,29.22,170,98,442,0.0001,4178,2.4588913917541504
-6.33915978,0.3600420000000003,16841,29.24,170,99,443,0.0001,4185,0.4838074743747711
-6.36227777,0.35901600000000033,16868,29.22,169,99,444,0.0001,4191,0.9390463829040527
-6.4715353,0.35802800000000035,16894,29.14,169,99,445,0.0001,4198,0.5774641036987305
-6.309134780000002,0.3566980000000002,16929,29.24,169,99,446,0.0001,4207,4.794620513916016
-5.390256460000001,0.353468,17014,29.79,169,100,447,0.0001,4228,4.374662399291992
-4.6505164400000005,0.35088400000000064,17082,30.21,169,100,448,0.0001,4245,1.014214038848877
-4.6721603,0.3498199999999996,17110,30.19,169,100,449,0.0001,4252,0.5987734198570251
-4.711087459999999,0.34886999999999957,17135,30.16,169,101,450,0.0001,4258,0.7225967645645142
-4.72772734,0.3478819999999998,17161,30.15,169,101,451,0.0001,4265,4.777803421020508
-4.774450519999999,0.3469319999999998,17186,30.12,169,101,452,0.0001,4271,2.448040246963501
-4.852853310000001,0.3459819999999999,17211,30.07,169,101,453,0.0001,4277,0.6137182712554932
-4.845605449999999,0.344994,17237,30.07,169,101,454,0.0001,4284,0.8583172559738159
-4.80125062,0.343854,17267,30.1,169,102,455,0.0001,4291,2.897350311279297
-4.823572469999999,0.342866,17293,30.08,168,102,456,0.0001,4298,4.464072227478027
-4.8321570099999995,0.34184000000000003,17320,30.08,168,102,457,0.0001,4304,2.2747275829315186
-4.85823446,0.34085200000000004,17346,30.07,168,102,458,0.0001,4311,2.8187406063079834
-4.921629970000001,0.3398260000000002,17373,30.02,168,102,459,0.0001,4318,0.6103271842002869
-4.976161,0.3387620000000001,17401,30.0,168,103,460,0.0001,4325,0.8587301969528198
-4.98851628,0.33777400000000013,17427,29.99,168,103,461,0.0001,4331,0.5391043424606323
-5.0024932,0.33682400000000023,17452,29.97,168,103,462,0.0001,4337,0.6447728872299194
-5.000360229999999,0.33576000000000017,17480,29.98,168,103,463,0.0001,4344,0.9933596849441528
-5.007680919999999,0.3346960000000003,17508,29.98,168,104,464,0.0001,4351,0.8120366930961609
-5.042227479999999,0.3337460000000003,17533,29.96,168,104,465,0.0001,4358,4.747892379760742
-5.01339561,0.33268200000000037,17561,29.98,167,104,466,0.0001,4365,0.5746982097625732
-5.01143047,0.3316560000000003,17588,29.99,167,104,467,0.0001,4371,0.49257010221481323
-5.005916279999999,0.33059200000000033,17616,30.0,167,105,468,0.0001,4378,0.4792754650115967
-5.06649838,0.32960400000000045,17642,29.96,167,105,469,0.0001,4385,2.517052412033081
-5.112927579999999,0.3285780000000005,17669,29.92,167,105,470,0.0001,4392,2.5264174938201904
-5.32688704,0.3276280000000005,17694,29.8,167,105,471,0.0001,4398,0.44777101278305054
-5.37487883,0.3266020000000005,17721,29.76,167,106,472,0.0001,4405,2.656637668609619
-5.37942915,0.32553799999999955,17749,29.76,167,106,473,0.0001,4412,0.84285569190979
-5.4070557599999995,0.3243980000000004,17779,29.74,166,106,474,0.0001,4419,0.7531859278678894
-5.456462009999999,0.32340999999999953,17805,29.71,166,106,475,0.0001,4426,6.0731706619262695
-5.466454009999999,0.32238399999999956,17832,29.7,166,106,476,0.0001,4432,4.640560150146484
-5.543567919999999,0.32139600000000057,17858,29.66,166,107,477,0.0001,4439,0.5232491493225098
-5.815583029999999,0.3204079999999997,17884,29.52,166,107,478,0.0001,4445,0.6968276500701904
-5.83380148,0.3193819999999997,17911,29.51,166,107,479,0.0001,4452,0.634945273399353
-5.851326640000001,0.31839399999999973,17937,29.5,166,107,480,0.0001,4459,6.5291337966918945
-5.86867883,0.31736799999999976,17964,29.49,166,107,481,0.0001,4465,4.2600531578063965
-5.885831540000001,0.3163799999999999,17990,29.48,165,108,482,0.0001,4472,2.3857786655426025
-5.8823797,0.3153539999999999,18017,29.47,165,108,483,0.0001,4479,0.616733193397522
-5.93642466,0.3143659999999999,18043,29.44,165,108,484,0.0001,4485,0.46088892221450806
-5.91708009,0.31330199999999986,18071,29.45,165,109,485,0.0001,4492,0.8876111507415771
-6.015298469999999,0.3123520000000001,18096,29.38,165,109,486,0.0001,4498,2.3507797718048096
-6.0305779799999994,0.3113640000000001,18122,29.37,165,109,487,0.0001,4505,2.3648102283477783
-6.072395679999999,0.3104140000000002,18147,29.34,165,109,488,0.0001,4511,0.6776416897773743
-6.092941139999999,0.3094260000000003,18173,29.32,165,109,489,0.0001,4518,4.740921497344971
-6.104646849999999,0.3084380000000003,18199,29.31,165,110,490,0.0001,4524,4.6765007972717285
-6.170550589999998,0.3072600000000002,18230,29.28,165,110,491,0.0001,4532,2.808356285095215
-6.202655069999999,0.30623400000000023,18257,29.25,165,110,492,0.0001,4539,0.874457597732544
-6.2597052799999995,0.30528400000000033,18282,29.21,165,110,493,0.0001,4545,2.4964287281036377
-6.2805691,0.30422000000000027,18310,29.2,164,110,494,0.0001,4552,0.7262579202651978
-6.33633687,0.3032320000000004,18336,29.16,164,111,495,0.0001,4558,2.8511500358581543
-6.331532050000001,0.3022060000000004,18363,29.16,164,111,496,0.0001,4565,0.8160243034362793
-6.52037152,0.30118000000000045,18390,29.06,164,111,497,0.0001,4572,2.5573465824127197
-6.4960182699999995,0.3001160000000004,18418,29.07,164,111,498,0.0001,4579,0.6207836270332336
-6.487069049999999,0.2991280000000006,18444,29.08,164,112,499,0.0001,4585,4.498436450958252
-6.464902540000001,0.29810199999999953,18471,29.09,164,112,500,0.0001,4592,0.5305934548377991
-6.522831170000001,0.2970380000000006,18499,29.05,164,112,501,0.0001,4599,6.464011192321777
-6.507005330000001,0.2960120000000006,18526,29.07,164,112,502,0.0001,4606,2.46457576751709
-6.553499490000002,0.2950619999999997,18551,29.04,164,113,503,0.0001,4612,0.8081193566322327
-6.590999570000001,0.29403599999999963,18578,29.01,164,113,504,0.0001,4619,4.367916584014893
-6.656243220000001,0.29304799999999975,18604,28.97,163,113,505,0.0001,4625,4.428028106689453
-7.355061940000001,0.29209799999999975,18629,28.64,163,113,506,0.0001,4632,2.5941834449768066
-7.40757931,0.29114799999999996,18654,28.6,163,113,507,0.0001,4638,4.714592456817627
-7.42786438,0.29016,18680,28.58,163,114,508,0.0001,4644,2.8580870628356934
-7.410742439999999,0.289134,18707,28.59,163,114,509,0.0001,4651,0.7064297199249268
-7.43098785,0.2881840000000001,18732,28.58,163,114,510,0.0001,4657,2.4229254722595215
-7.500556329999999,0.2872340000000002,18757,28.53,163,114,511,0.0001,4664,6.583708763122559
-7.632861950000001,0.2862460000000002,18783,28.45,163,115,512,0.0001,4670,2.5668234825134277
-7.661634799999999,0.2851820000000004,18811,28.44,163,115,513,0.0001,4677,0.8740639090538025
-7.647401230000001,0.2841180000000003,18839,28.46,163,115,514,0.0001,4684,0.7928820848464966
-7.70382965,0.2831300000000003,18865,28.42,163,115,515,0.0001,4691,4.364809989929199
-7.846088989999999,0.28214200000000034,18891,28.33,163,115,516,0.0001,4697,0.6831725835800171
-7.86466983,0.28111600000000037,18918,28.32,162,116,517,0.0001,4704,4.66636848449707
-7.89936134,0.2801280000000005,18944,28.31,162,116,518,0.0001,4710,2.4004876613616943
-7.981251149999999,0.2791400000000006,18970,28.25,162,116,519,0.0001,4717,0.7640053629875183
-7.988997139999999,0.2781519999999995,18996,28.24,162,116,520,0.0001,4723,0.8469113111495972
-7.980062889999999,0.27716399999999963,19022,28.24,162,117,521,0.0001,4730,2.661086082458496
-7.99897246,0.27621399999999974,19047,28.23,162,117,522,0.0001,4736,2.615335702896118
-7.994586440000001,0.27518799999999977,19074,28.24,162,117,523,0.0001,4743,0.6011574268341064
-7.955315949999999,0.2741619999999999,19101,28.26,162,117,524,0.0001,4750,2.619925022125244
-7.96340107,0.2731739999999999,19127,28.25,162,117,525,0.0001,4756,4.458881378173828
-7.23538827,0.26994399999999985,19212,28.83,162,118,526,0.0001,4777,2.7660813331604004
-7.254858979999998,0.26899399999999984,19237,28.81,162,118,527,0.0001,4784,0.6814454793930054
-7.33970638,0.26800599999999997,19263,28.76,162,118,528,0.0001,4790,2.709311008453369
-7.3579443499999995,0.26698,19290,28.75,162,118,529,0.0001,4797,2.577554225921631
-7.350389359999999,0.26591600000000004,19318,28.76,162,119,530,0.0001,4804,6.125819206237793
-7.3444784499999995,0.26492800000000005,19344,28.77,162,119,531,0.0001,4810,0.754192590713501
-7.314145319999998,0.2639020000000002,19371,28.79,162,119,532,0.0001,4817,0.6390503644943237
-7.311786029999999,0.2628760000000001,19398,28.79,162,119,533,0.0001,4824,0.6887651681900024
-7.279183239999998,0.26181200000000016,19426,28.82,162,119,534,0.0001,4831,0.8593015670776367
-7.282450119999997,0.26082400000000017,19452,28.82,162,120,535,0.0001,4837,2.670348644256592
-7.278845829999997,0.2598360000000002,19478,28.82,161,120,536,0.0001,4844,0.8860039710998535
-7.3187300199999985,0.2588860000000004,19503,28.79,161,120,537,0.0001,4850,0.5435352325439453
-7.335691429999998,0.2578980000000004,19529,28.77,161,120,538,0.0001,4857,2.6575236320495605
-7.33527086,0.2569100000000004,19555,28.77,161,120,539,0.0001,4863,0.4046555757522583
-8.321562960000001,0.25580800000000037,19584,28.3,161,121,540,0.0001,4870,0.8138769865036011
-8.39202277,0.2548200000000005,19610,28.25,161,121,541,0.0001,4877,0.7222766280174255
-8.418224420000001,0.2538699999999995,19635,28.22,161,121,542,0.0001,4883,2.6906516551971436
-8.46381543,0.2529199999999997,19660,28.19,161,121,543,0.0001,4889,0.7846196889877319
-8.478786209999999,0.2519319999999997,19686,28.18,161,122,544,0.0001,4896,2.4119815826416016
-8.50455885,0.2509819999999998,19711,28.17,161,122,545,0.0001,4902,0.6416703462600708
-8.66524568,0.2500319999999999,19736,28.07,160,122,546,0.0001,4908,4.619659900665283
-9.64636451,0.24908200000000003,19761,27.47,160,122,547,0.0001,4915,0.7226808071136475
-10.384598169999999,0.24809400000000004,19787,27.05,160,123,548,0.0001,4921,4.472659587860107
-10.42986918,0.24714400000000025,19812,27.02,160,123,549,0.0001,4927,0.9282765984535217
-10.388879750000001,0.2460420000000002,19841,27.06,160,123,550,0.0001,4935,4.247931003570557
-10.38341639,0.24505400000000022,19867,27.06,160,123,551,0.0001,4941,0.7620140314102173
-10.33653847,0.24399000000000015,19895,27.09,160,123,552,0.0001,4948,4.471341609954834
-10.291673580000001,0.2429260000000002,19923,27.12,160,124,553,0.0001,4955,10.330520629882812
-10.271358560000001,0.24190000000000034,19950,27.13,160,124,554,0.0001,4962,2.5184414386749268
-10.337205220000001,0.24091200000000035,19976,27.09,160,124,555,0.0001,4968,0.6577883958816528
-10.34366734,0.23992400000000036,20002,27.09,160,124,556,0.0001,4975,2.9112613201141357
-10.361099929999998,0.23893600000000037,20028,27.08,160,125,557,0.0001,4981,2.896568536758423
-10.368208009999998,0.23798600000000059,20053,27.07,159,125,558,0.0001,4988,1.0008727312088013
-10.381319609999998,0.23696000000000061,20080,27.07,159,125,559,0.0001,4994,5.175060272216797
-10.3953325,0.23597199999999952,20106,27.05,159,125,560,0.0001,5001,1.4353501796722412
-10.32402275,0.23475600000000052,20138,27.11,159,126,561,0.0001,5009,2.913914442062378
-10.29781937,0.23373000000000044,20165,27.13,159,126,562,0.0001,5016,0.7830076217651367
-10.29983888,0.23270400000000047,20192,27.12,159,126,563,0.0001,5022,6.797428607940674
-10.332612820000001,0.23175400000000068,20217,27.09,159,126,564,0.0001,5029,5.12489652633667
-10.279581280000002,0.23065200000000063,20246,27.13,159,126,565,0.0001,5036,1.5303312540054321
-10.304027770000003,0.22966399999999954,20272,27.11,159,127,566,0.0001,5042,2.825023651123047
-10.301142379999998,0.22863799999999956,20299,27.11,159,127,567,0.0001,5049,2.7924160957336426
-10.335568799999999,0.22768799999999978,20324,27.08,159,127,568,0.0001,5055,8.732976913452148
-10.16366234,0.22628200000000043,20361,27.19,159,127,569,0.0001,5065,1.2134000062942505
-10.18315604,0.22533199999999942,20386,27.17,159,128,570,0.0001,5071,2.851123332977295
-10.14918038,0.22423000000000048,20415,27.21,159,128,571,0.0001,5078,1.0045990943908691
-10.112921899999998,0.22316600000000042,20443,27.22,158,128,572,0.0001,5085,0.8009451627731323
-10.11067783,0.22210200000000058,20471,27.22,158,128,573,0.0001,5092,1.130389928817749
-10.167189319999999,0.2211140000000006,20497,27.18,158,129,574,0.0001,5099,1.3128056526184082
-9.793529549999999,0.21788400000000052,20582,27.77,159,129,575,0.0001,5120,1.409422755241394
-9.825160109999999,0.21693400000000052,20607,27.75,158,129,576,0.0001,5126,2.893941879272461
-9.847288260000001,0.21598399999999962,20632,27.74,158,129,577,0.0001,5132,4.690406322479248
-9.84659158,0.21503399999999973,20657,27.73,158,130,578,0.0001,5139,5.116401195526123
-9.852488079999999,0.21404599999999985,20683,27.72,158,130,579,0.0001,5145,1.0447430610656738
-9.867601650000001,0.21309599999999995,20708,27.71,158,130,580,0.0001,5151,0.6217943429946899
-9.88627958,0.21214599999999995,20733,27.69,158,130,581,0.0001,5158,2.9404451847076416
-9.878136410000002,0.21115800000000007,20759,27.69,158,130,582,0.0001,5164,2.722404956817627
-9.816504160000001,0.20994199999999985,20791,27.74,158,131,583,0.0001,5172,0.739150881767273
-9.80642277,0.20895399999999997,20817,27.74,158,131,584,0.0001,5179,2.6715099811553955
-9.27151001,0.2057239999999999,20902,28.31,158,131,585,0.0001,5200,4.926573753356934
-9.22044779,0.20462199999999986,20931,28.35,158,131,586,0.0001,5207,2.8875222206115723
-8.431675629999999,0.20184800000000025,21004,28.82,158,132,587,0.0001,5225,0.8521802425384521
-8.414474660000002,0.20086000000000037,21030,28.83,158,132,588,0.0001,5232,2.6647253036499023
-8.41169983,0.1998340000000004,21057,28.84,158,132,589,0.0001,5239,1.0228387117385864
-8.408333740000002,0.1988460000000004,21083,28.84,158,133,590,0.0001,5245,0.7713683247566223
-8.48539203,0.19789600000000063,21108,28.78,158,133,591,0.0001,5251,0.9232334494590759
-8.51797895,0.19694599999999962,21133,28.76,158,133,592,0.0001,5258,0.8603242635726929
-8.52452684,0.19599599999999961,21158,28.76,158,133,593,0.0001,5264,2.6483592987060547
-8.21382627,0.19432400000000016,21202,28.92,158,133,594,0.0001,5275,4.6643757820129395
-8.20731474,0.19333600000000017,21228,28.92,158,134,595,0.0001,5281,0.7208691239356995
-8.188490100000001,0.19223400000000013,21257,28.94,158,134,596,0.0001,5289,1.073889136314392
-8.15326506,0.1910940000000001,21287,28.97,158,134,597,0.0001,5296,0.897128701210022
-8.17036252,0.19006800000000001,21314,28.96,158,134,598,0.0001,5303,3.0192623138427734
-8.057397559999998,0.18877599999999983,21348,29.04,158,135,599,0.0001,5311,4.847517967224121
-8.06823775,0.18778799999999995,21374,29.03,157,135,600,0.0001,5318,2.9263768196105957
-7.26064315,0.18478600000000012,21453,29.54,158,135,601,0.0001,5338,0.9289488792419434
-7.25099426,0.18376000000000015,21480,29.54,158,135,602,0.0001,5344,0.7691726684570312
-7.25382866,0.18281000000000014,21505,29.54,157,136,603,0.0001,5351,2.8960394859313965
-7.278984210000001,0.18186000000000035,21530,29.52,157,136,604,0.0001,5357,2.8518495559692383
-6.974405549999999,0.18026399999999987,21572,29.68,157,136,605,0.0001,5367,6.493530750274658
-6.925419679999997,0.17916199999999982,21601,29.72,157,136,606,0.0001,5375,2.6636533737182617
-6.90300778,0.17817399999999983,21627,29.73,157,137,607,0.0001,5381,2.9485678672790527
-6.9159884499999995,0.17722399999999983,21652,29.72,157,137,608,0.0001,5387,2.8628201484680176
-6.830469219999998,0.17593199999999964,21686,29.79,157,137,609,0.0001,5396,0.913561224937439
-6.820444699999999,0.17494399999999977,21712,29.8,157,137,610,0.0001,5402,0.9671167135238647
-6.819045149999998,0.17399399999999976,21737,29.8,157,138,611,0.0001,5409,1.090381145477295
-6.795794549999998,0.17292999999999992,21765,29.82,157,138,612,0.0001,5416,0.792036235332489
-6.8254132599999995,0.1719799999999999,21790,29.79,157,138,613,0.0001,5422,2.6963396072387695
-6.844207499999999,0.17099199999999992,21816,29.77,157,138,614,0.0001,5428,0.9453299641609192
-6.851178369999999,0.17000400000000015,21842,29.77,157,138,615,0.0001,5435,0.9242275953292847
-6.878113109999999,0.16905400000000015,21867,29.76,157,139,616,0.0001,5441,0.8264796137809753
-6.89365255,0.16810400000000025,21892,29.74,157,139,617,0.0001,5447,0.8717992305755615
-6.87580778,0.16711600000000038,21918,29.74,156,139,618,0.0001,5454,3.21366024017334
-6.88773466,0.16616600000000048,21943,29.73,156,139,619,0.0001,5460,4.607577323913574
-6.71235224,0.1647980000000001,21979,29.83,156,140,620,0.0001,5469,1.0936472415924072
-6.73377174,0.16384800000000022,22004,29.82,156,140,621,0.0001,5475,2.805471420288086
-6.6965566999999995,0.16278400000000026,22032,29.85,156,140,622,0.0001,5482,2.731196880340576
-6.723041330000001,0.16179600000000027,22058,29.84,156,140,623,0.0001,5489,2.7689051628112793
-6.20049855,0.1595540000000002,22117,30.16,156,141,624,0.0001,5504,4.8954973220825195
-6.195186259999999,0.1585280000000001,22144,30.17,156,141,625,0.0001,5510,0.9513611197471619
-6.924009739999999,0.15750200000000014,22171,29.59,156,141,626,0.0001,5517,0.8148010969161987
-6.490372809999999,0.1555260000000004,22223,29.86,156,141,627,0.0001,5530,2.780536413192749
-6.498966039999998,0.1545380000000004,22249,29.86,156,141,628,0.0001,5537,4.515551567077637
-6.5197813,0.1535880000000005,22274,29.84,156,142,629,0.0001,5543,4.745187282562256
-6.10430238,0.15035800000000044,22359,30.41,156,142,630,0.0001,5564,0.6398806571960449
-6.097710060000001,0.14937000000000045,22385,30.41,156,142,631,0.0001,5571,2.850083351135254
-6.140793980000001,0.14842000000000066,22410,30.39,156,142,632,0.0001,5577,0.8576517105102539
-6.130742350000002,0.1473559999999996,22438,30.4,156,143,633,0.0001,5584,3.0340614318847656
-6.088473950000001,0.14617800000000059,22469,30.43,156,143,634,0.0001,5592,4.786706447601318
-6.110618970000001,0.14522799999999958,22494,30.42,156,143,635,0.0001,5598,5.001955986022949
-6.046510610000001,0.14408800000000055,22524,30.46,156,143,636,0.0001,5605,0.9391740560531616
-5.469930080000001,0.14188400000000045,22582,30.79,156,143,637,0.0001,5620,0.953052282333374
-5.43789703,0.1407820000000004,22611,30.82,156,144,638,0.0001,5627,4.950262546539307
-5.451719740000001,0.13979400000000042,22637,30.82,156,144,639,0.0001,5634,2.7783734798431396
-5.50284905,0.13884399999999952,22662,30.78,156,144,640,0.0001,5640,1.0681917667388916
-5.452686780000001,0.1377420000000006,22691,30.81,156,144,641,0.0001,5647,1.2204397916793823
-4.985150680000001,0.1345120000000004,22776,31.41,156,145,642,0.0001,5668,0.81614089012146
-4.94901271,0.13341000000000036,22805,31.45,156,145,643,0.0001,5676,0.8652068972587585
-4.9470905300000005,0.13242200000000048,22831,31.45,156,145,644,0.0001,5682,2.5695571899414062
-4.770514490000001,0.1291920000000003,22916,32.05,156,146,645,0.0001,5703,4.435395240783691
-4.765801960000001,0.12824200000000052,22941,32.05,156,146,646,0.0001,5710,3.0750348567962646
-4.764534050000001,0.12729200000000063,22966,32.05,156,146,647,0.0001,5716,0.9097071886062622
-4.7650274900000005,0.12626600000000054,22993,32.06,156,146,648,0.0001,5723,0.9610377550125122
-4.766752360000001,0.12531599999999965,23018,32.06,156,146,649,0.0001,5729,3.0372889041900635
-4.801785500000001,0.12436599999999975,23043,32.02,156,147,650,0.0001,5735,0.8202412128448486
-4.771762740000001,0.12330199999999969,23071,32.04,156,147,651,0.0001,5742,4.949451446533203
-4.80225965,0.12227599999999972,23098,32.03,156,147,652,0.0001,5749,3.106738567352295
-4.85210001,0.12132599999999993,23123,32.0,156,147,653,0.0001,5755,2.7972302436828613
-4.86440352,0.12026199999999987,23151,32.01,156,148,654,0.0001,5762,2.908506393432617
-4.865075790000001,0.11927399999999988,23177,32.01,156,148,655,0.0001,5769,0.9206015467643738
-4.8556783,0.11828600000000011,23203,32.01,156,148,656,0.0001,5775,2.9603664875030518
-4.8604181,0.1173360000000001,23228,32.0,156,148,657,0.0001,5781,0.47869712114334106
-4.84815615,0.11634800000000012,23254,32.01,156,148,658,0.0001,5788,2.753234386444092
-4.85202892,0.11532200000000015,23281,32.01,156,149,659,0.0001,5795,4.616077423095703
-4.8642919099999995,0.11437200000000036,23306,32.0,155,149,660,0.0001,5801,2.733762264251709
-4.962408529999999,0.11342200000000036,23331,31.93,155,149,661,0.0001,5807,6.3783674240112305
-4.99440087,0.11247200000000057,23356,31.91,155,149,662,0.0001,5813,0.7381082773208618
-4.856721930000001,0.1111040000000002,23392,32.0,155,150,663,0.0001,5822,0.8872895240783691
-4.852866599999999,0.11011600000000021,23418,32.01,155,150,664,0.0001,5829,2.921776294708252
-4.857735519999999,0.10897600000000018,23448,32.02,155,150,665,0.0001,5836,2.8482742309570312
-4.878391059999999,0.1080260000000004,23473,32.01,155,150,666,0.0001,5843,1.1442663669586182
-4.903841079999999,0.1070760000000004,23498,31.99,155,150,667,0.0001,5849,6.552594184875488
-4.87912563,0.10601200000000044,23526,32.02,155,151,668,0.0001,5856,0.7656058073043823
-5.06071926,0.10506200000000043,23551,31.9,155,151,669,0.0001,5862,4.660971641540527
-5.05903718,0.10411200000000065,23576,31.9,155,151,670,0.0001,5868,1.2387646436691284
-5.034419789999999,0.10297200000000062,23606,31.91,155,151,671,0.0001,5876,1.1120271682739258
-5.085436959999999,0.10198400000000063,23632,31.89,155,152,672,0.0001,5882,4.322958469390869
-5.123194959999999,0.10103399999999974,23657,31.86,155,152,673,0.0001,5889,2.578824281692505
-5.128417139999999,0.10008399999999973,23682,31.85,155,152,674,0.0001,5895,4.713626861572266
-5.50758487,0.09913399999999983,23707,31.25,155,152,675,0.0001,5901,0.7715423107147217
-5.4897610399999985,0.09810799999999997,23734,31.27,155,152,676,0.0001,5908,3.3183059692382812
-5.4757075099999994,0.09715799999999997,23759,31.27,155,153,677,0.0001,5914,2.542880058288574
-5.46343305,0.09617000000000009,23785,31.28,155,153,678,0.0001,5921,2.5121119022369385
-5.480978769999999,0.0952200000000002,23810,31.27,155,153,679,0.0001,5927,4.577754020690918
-5.46212038,0.0942320000000002,23836,31.28,154,153,680,0.0001,5933,1.0132579803466797
-5.460735839999999,0.09328200000000031,23861,31.28,154,154,681,0.0001,5940,4.946294784545898
-5.470971560000001,0.09229400000000043,23887,31.28,154,154,682,0.0001,5946,1.0100830793380737
-5.564486529999999,0.09134400000000054,23912,31.21,154,154,683,0.0001,5952,2.8646271228790283
-5.57258577,0.09035599999999944,23938,31.21,154,154,684,0.0001,5959,8.761292457580566
-6.14566217,0.08940599999999965,23963,30.61,154,154,685,0.0001,5965,2.5732603073120117
-6.201237,0.08845599999999976,23988,30.57,154,155,686,0.0001,5971,2.8529982566833496
-7.005657349999999,0.08750599999999986,24013,30.09,154,155,687,0.0001,5978,2.5407509803771973
-7.0244968399999985,0.08655599999999997,24038,30.08,154,155,688,0.0001,5984,2.632195234298706
-7.037116269999998,0.08560599999999996,24063,30.06,154,155,689,0.0001,5990,2.88335919380188
-7.053428569999999,0.08465600000000018,24088,30.05,154,155,690,0.0001,5996,4.88914680480957
-7.047894759999999,0.08370600000000028,24113,30.05,154,156,691,0.0001,6003,0.9603077173233032
-7.04223789,0.08275600000000038,24138,30.05,154,156,692,0.0001,6009,0.9580116271972656
-7.031921219999999,0.08180600000000049,24163,30.05,154,156,693,0.0001,6015,3.3655757904052734
-7.379719710000001,0.08085600000000048,24188,29.86,154,156,694,0.0001,6021,1.0813806056976318
-7.38003002,0.07983000000000062,24215,29.87,154,157,695,0.0001,6028,1.1521294116973877
-7.413657520000002,0.07884199999999963,24241,29.84,154,157,696,0.0001,6035,3.2108194828033447
-7.47035591,0.07789199999999963,24266,29.79,154,157,697,0.0001,6041,6.672462463378906
-7.4658291199999995,0.07690399999999986,24292,29.78,154,157,698,0.0001,6047,3.036405086517334
-7.581626820000001,0.07591599999999987,24318,29.7,154,157,699,0.0001,6054,2.805896520614624
-7.577986409999999,0.07485199999999981,24346,29.72,153,158,700,0.0001,6061,1.345644474029541
-8.40569787,0.07378799999999985,24374,29.21,153,158,701,0.0001,6068,6.532414436340332
-8.432393059999999,0.07283799999999996,24399,29.19,153,158,702,0.0001,6074,0.7738742828369141
-8.421415750000001,0.07188800000000006,24424,29.19,153,158,703,0.0001,6080,3.105252742767334
-8.419147689999999,0.07093800000000006,24449,29.19,153,159,704,0.0001,6087,1.1455167531967163
-8.668629070000001,0.06979800000000003,24479,29.07,153,159,705,0.0001,6094,4.794490814208984
-8.621402530000001,0.06858199999999992,24511,29.1,153,159,706,0.0001,6102,0.7189321517944336
-8.62467544,0.06759399999999993,24537,29.1,153,159,707,0.0001,6109,0.9718866348266602
-8.62469705,0.06664400000000015,24562,29.1,153,159,708,0.0001,6115,2.714249849319458
-8.73777696,0.06569400000000014,24587,29.01,153,160,709,0.0001,6121,4.70522928237915
-8.713355519999999,0.06466800000000017,24614,29.02,153,160,710,0.0001,6128,8.240092277526855
-8.71691871,0.06371800000000039,24639,29.02,153,160,711,0.0001,6134,0.8401641845703125
-8.755831869999998,0.06276800000000038,24664,28.99,153,160,712,0.0001,6140,8.869385719299316
-8.75854786,0.061818000000000595,24689,28.99,153,161,713,0.0001,6147,2.826707124710083
-8.752353699999999,0.060830000000000606,24715,28.99,153,161,714,0.0001,6153,0.9101424217224121
-8.76135847,0.0598799999999996,24740,28.98,153,161,715,0.0001,6159,2.9173762798309326
-8.72972948,0.05885399999999974,24767,29.0,153,161,716,0.0001,6166,2.543708324432373
-8.74246343,0.05790399999999973,24792,29.0,153,161,717,0.0001,6172,2.718937397003174
-8.743908870000002,0.056915999999999856,24818,29.0,153,162,718,0.0001,6179,4.955859184265137
-8.74330234,0.05596599999999996,24843,29.0,153,162,719,0.0001,6185,2.7378475666046143
-8.937910440000001,0.055016000000000065,24868,28.89,153,162,720,0.0001,6191,2.850111722946167
-8.91349981,0.053990000000000093,24895,28.91,152,162,721,0.0001,6198,3.088926076889038
-8.936332669999999,0.053002000000000216,24921,28.89,152,162,722,0.0001,6205,6.720081806182861
-8.92090623,0.051976000000000244,24948,28.9,152,163,723,0.0001,6211,2.8732752799987793
-9.47337701,0.05102600000000024,24973,28.56,152,163,724,0.0001,6218,0.6857898235321045
-9.49360033,0.050076000000000453,24998,28.54,152,163,725,0.0001,6224,0.6769708395004272
-9.51968896,0.05,25023,28.52,152,163,726,0.0001,6230,0.9738447666168213
-9.95340062,0.05,25048,28.25,152,164,727,0.0001,6236,4.718356132507324
-9.903647459999998,0.05,25078,28.29,152,164,728,0.0001,6244,0.7744158506393433
-9.90403451,0.05,25103,28.29,152,164,729,0.0001,6250,0.8047999143600464
-10.296222250000001,0.05,25133,27.74,152,164,730,0.0001,6258,2.6938960552215576
-10.29135344,0.05,25160,27.75,152,164,731,0.0001,6264,3.0132765769958496
-10.27849812,0.05,25185,27.75,152,165,732,0.0001,6271,0.7887461185455322
-10.31230902,0.05,25210,27.72,152,165,733,0.0001,6277,4.75274133682251
-10.36632808,0.05,25236,27.67,152,165,734,0.0001,6283,2.5981626510620117
-10.346348429999999,0.05,25262,27.68,152,165,735,0.0001,6290,1.0801212787628174
-10.426835529999998,0.05,25287,27.63,152,166,736,0.0001,6296,1.20381760597229
-10.99919049,0.05,25312,27.3,152,166,737,0.0001,6302,8.971519470214844
-10.975738709999998,0.05,25342,27.31,152,166,738,0.0001,6310,4.425485134124756
-10.98062977,0.05,25367,27.3,152,166,739,0.0001,6316,0.6607513427734375
-10.97211111,0.05,25392,27.3,152,166,740,0.0001,6322,2.9253921508789062
-11.01645199,0.05,25418,27.27,152,167,741,0.0001,6329,4.669992446899414
-11.484093010000002,0.05,25443,26.67,152,167,742,0.0001,6335,2.872276782989502
-11.507788400000003,0.05,25469,26.64,151,167,743,0.0001,6342,0.5726204514503479
-11.52542327,0.05,25494,26.63,151,167,744,0.0001,6348,2.69441819190979
-11.694437469999999,0.05,25519,26.03,151,168,745,0.0001,6354,0.9463561177253723
-11.693503459999999,0.05,25544,26.03,151,168,746,0.0001,6360,3.3117575645446777
-11.58943949,0.05,25577,26.11,151,168,747,0.0001,6369,3.1863327026367188
-11.614494390000003,0.05,25602,26.09,151,168,748,0.0001,6375,2.7995402812957764
-11.610473330000001,0.05,25627,26.09,151,168,749,0.0001,6381,0.8624326586723328
-11.546417490000001,0.05,25658,26.15,151,169,750,0.0001,6389,2.800992012023926
-11.486977719999997,0.05,25691,26.2,151,169,751,0.0001,6397,10.635339736938477
-11.499492769999996,0.05,25716,26.18,151,169,752,0.0001,6403,0.9856036901473999
-11.494616169999997,0.05,25741,26.18,151,169,753,0.0001,6410,0.8944944143295288
-11.41805349,0.05,25774,26.23,151,170,754,0.0001,6418,0.9456226825714111
-11.41136978,0.05,25800,26.23,151,170,755,0.0001,6424,2.633669376373291
-11.430552169999999,0.05,25825,26.22,151,170,756,0.0001,6431,2.8178586959838867
-11.42827032,0.05,25851,26.23,151,170,757,0.0001,6437,4.677184104919434
-11.306898729999999,0.05,25886,26.32,151,171,758,0.0001,6446,5.0214457511901855
-11.319195529999996,0.05,25911,26.3,151,171,759,0.0001,6452,2.714594841003418
-11.319895859999999,0.05,25936,26.3,151,171,760,0.0001,6458,2.9719018936157227
-11.306079189999998,0.05,25962,26.31,151,171,761,0.0001,6465,2.787177801132202
-11.30750674,0.05,25987,26.31,150,172,762,0.0001,6471,0.7814435958862305
-11.45489437,0.05,26013,26.21,150,172,763,0.0001,6478,0.7077115178108215
-11.43970732,0.05,26039,26.21,150,172,764,0.0001,6484,2.7211475372314453
-11.05031989,0.05,26089,26.41,150,172,765,0.0001,6497,1.0783233642578125
-11.04294079,0.05,26114,26.41,150,173,766,0.0001,6503,2.801016330718994
-11.041313350000003,0.05,26139,26.41,150,173,767,0.0001,6509,0.6759963631629944
-11.052411950000003,0.05,26166,26.4,150,173,768,0.0001,6516,1.128847599029541
-11.038786750000002,0.05,26192,26.41,150,173,769,0.0001,6522,4.592037200927734
-11.039837830000003,0.05,26217,26.41,150,173,770,0.0001,6529,2.841829776763916
-11.102198000000003,0.05,26242,26.36,150,174,771,0.0001,6535,7.098847389221191
-11.105892680000004,0.05,26267,26.35,150,174,772,0.0001,6541,0.7197828888893127
-11.105069020000004,0.05,26292,26.35,150,174,773,0.0001,6547,0.7719172239303589
-11.104067370000003,0.05,26317,26.35,150,174,774,0.0001,6554,4.67023229598999
-11.10547628,0.05,26343,26.36,150,174,775,0.0001,6560,0.6958191394805908
-10.523618949999998,0.05,26428,26.94,150,175,776,0.0001,6581,2.6681058406829834
-10.53056858,0.05,26453,26.94,150,175,777,0.0001,6588,1.2276058197021484
-10.5041695,0.05,26482,26.97,150,175,778,0.0001,6595,6.767477989196777
-10.50385444,0.05,26507,26.97,150,175,779,0.0001,6601,2.6802468299865723
-10.516774289999999,0.05,26532,26.96,150,176,780,0.0001,6607,3.0029525756835938
-10.49734272,0.05,26617,27.56,150,176,781,0.0001,6629,0.5856615304946899
-10.51453077,0.05,26642,27.55,150,176,782,0.0001,6635,2.6409201622009277
-10.52288184,0.05,26667,27.55,150,176,783,0.0001,6641,0.724493145942688
-10.534574130000001,0.05,26692,27.54,150,177,784,0.0001,6647,4.585365295410156
-10.546492500000001,0.05,26717,27.54,150,177,785,0.0001,6654,2.8765649795532227
-10.53196635,0.05,26742,27.54,150,177,786,0.0001,6660,2.559864044189453
-10.521662629999998,0.05,26767,27.54,150,177,787,0.0001,6666,2.5134506225585938
-10.51966032,0.05,26792,27.54,150,177,788,0.0001,6672,2.6103100776672363
-10.5206365,0.05,26817,27.54,150,178,789,0.0001,6679,0.7390753030776978
-10.52363568,0.05,26842,27.54,150,178,790,0.0001,6685,2.7570712566375732
-10.523268740000002,0.05,26867,27.54,150,178,791,0.0001,6691,2.8431475162506104
-10.510706050000001,0.05,26893,27.55,150,178,792,0.0001,6698,2.5907983779907227
-10.520874660000002,0.05,26918,27.55,150,179,793,0.0001,6704,2.571544647216797
-10.521720019999998,0.05,26943,27.55,150,179,794,0.0001,6710,4.846709251403809
-10.5361285,0.05,26968,27.53,150,179,795,0.0001,6716,2.732255458831787
-10.548669690000002,0.05,26993,27.52,150,179,796,0.0001,6723,2.6594297885894775
-10.54909231,0.05,27018,27.52,150,179,797,0.0001,6729,2.478903293609619
-10.5058098,0.05,27049,27.57,150,180,798,0.0001,6737,4.520668983459473
-10.51047677,0.05,27074,27.56,150,180,799,0.0001,6743,4.883618354797363
-10.534203770000001,0.05,27099,27.53,150,180,800,0.0001,6749,2.655207872390747
-10.551033209999998,0.05,27124,27.5,149,180,801,0.0001,6755,2.912801742553711
-10.530040419999999,0.05,27150,27.51,149,181,802,0.0001,6762,0.746950626373291
-10.53096966,0.05,27175,27.51,149,181,803,0.0001,6768,4.85930061340332
-10.53202074,0.05,27200,27.51,149,181,804,0.0001,6774,0.6119461059570312
-10.59358351,0.05,27225,27.46,149,181,805,0.0001,6781,2.9777047634124756
-10.68248716,0.05,27250,27.39,149,182,806,0.0001,6787,0.8420904874801636
-10.667051270000002,0.05,27277,27.4,149,182,807,0.0001,6794,0.7710613012313843
-9.929912060000001,0.05,27362,28.0,149,182,808,0.0001,6815,0.979560375213623
-9.01502443,0.05,27447,28.6,149,183,809,0.0001,6836,2.9933528900146484
-9.038791170000001,0.05,27472,28.58,149,183,810,0.0001,6842,2.698624610900879
-9.013271510000001,0.05,27499,28.6,149,183,811,0.0001,6849,0.776568591594696
-8.96493179,0.05,27528,28.64,149,183,812,0.0001,6856,4.713622093200684
-8.94810493,0.05,27554,28.65,149,184,813,0.0001,6863,0.9114634394645691
-8.960429809999999,0.05,27579,28.64,149,184,814,0.0001,6869,3.0251030921936035
-7.878684989999999,0.05,27664,29.24,149,184,815,0.0001,6890,1.016798973083496
-7.8759503,0.05,27692,29.25,149,184,816,0.0001,6897,2.756192445755005
-7.74640016,0.05,27726,29.34,149,185,817,0.0001,6906,1.1838932037353516
-7.747498560000001,0.05,27752,29.34,149,185,818,0.0001,6912,0.8161194324493408
-7.789929570000002,0.05,27837,29.94,149,185,819,0.0001,6934,0.8048152923583984
-7.789074949999999,0.05,27862,29.94,149,185,820,0.0001,6940,0.7748706340789795
-7.8173430999999995,0.05,27887,29.92,149,186,821,0.0001,6946,0.8729846477508545
-7.83218932,0.05,27912,29.91,149,186,822,0.0001,6952,2.9299187660217285
-7.8510963700000005,0.05,27937,29.89,149,186,823,0.0001,6959,2.6178290843963623
-7.8522087,0.05,27962,29.89,149,186,824,0.0001,6965,2.908996820449829
-7.8522087,0.05,27987,29.89,149,187,825,0.0001,6971,2.909268379211426
-7.784862959999998,0.05,28017,29.94,149,187,826,0.0001,6979,0.7784558534622192
-7.7706823499999995,0.05,28044,29.96,149,187,827,0.0001,6985,3.0997061729431152
-7.818552339999999,0.05,28069,29.91,149,187,828,0.0001,6992,4.785123825073242
-7.805302539999999,0.05,28096,29.93,149,188,829,0.0001,6998,4.523543357849121
-7.863587269999999,0.05,28122,29.89,149,188,830,0.0001,7005,0.648744523525238
-7.839127209999999,0.05,28151,29.91,149,188,831,0.0001,7012,0.8990412950515747
-7.828019350000001,0.05,28177,29.92,149,188,832,0.0001,7019,2.6574673652648926
-7.8288396,0.05,28202,29.92,149,188,833,0.0001,7025,2.897022247314453
-7.85187907,0.05,28227,29.91,149,189,834,0.0001,7031,6.649911403656006
-7.73752443,0.05,28262,30.0,149,189,835,0.0001,7040,2.4738614559173584
-7.737335379999999,0.05,28287,30.0,149,189,836,0.0001,7046,4.548880577087402
-7.741885749999998,0.05,28312,30.0,149,189,837,0.0001,7052,2.81813907623291
-7.81020993,0.05,28337,29.95,149,190,838,0.0001,7059,0.857371985912323
-7.8093097899999995,0.05,28362,29.95,149,190,839,0.0001,7065,4.956055641174316
-7.8202361300000005,0.05,28387,29.95,148,190,840,0.0001,7071,4.46866512298584
-7.83268359,0.05,28412,29.94,148,190,841,0.0001,7077,6.58261775970459
-7.832756820000001,0.05,28437,29.94,148,190,842,0.0001,7084,4.645910263061523
-7.842838410000001,0.05,28462,29.93,148,191,843,0.0001,7090,0.8079119920730591
-7.84064912,0.05,28487,29.93,148,191,844,0.0001,7096,4.414275646209717
-7.8279766099999994,0.05,28513,29.94,148,191,845,0.0001,7103,4.594238758087158
-7.8279766099999994,0.05,28538,29.94,148,191,846,0.0001,7109,6.286281585693359
-7.917345019999999,0.05,28565,29.88,148,192,847,0.0001,7116,0.6724817752838135
-7.907708099999999,0.05,28590,29.88,148,192,848,0.0001,7122,2.90505313873291
-7.91001089,0.05,28615,29.88,148,192,849,0.0001,7128,4.525332927703857
-7.973634519999999,0.05,28640,29.82,148,192,850,0.0001,7134,3.1791577339172363
-8.0733893,0.05,28665,29.74,148,192,851,0.0001,7141,0.7725874185562134
-8.081340970000001,0.05,28690,29.74,148,193,852,0.0001,7147,2.6369240283966064
-8.08215605,0.05,28715,29.74,148,193,853,0.0001,7153,3.0514883995056152
-8.15983597,0.05,28742,29.68,148,193,854,0.0001,7160,2.8592677116394043
-8.17750106,0.05,28767,29.67,148,193,855,0.0001,7166,2.559319496154785
-8.17846091,0.05,28792,29.67,148,194,856,0.0001,7172,0.8818267583847046
-8.17757678,0.05,28817,29.66,148,194,857,0.0001,7179,0.6667647361755371
-8.30968387,0.05,28842,29.56,148,194,858,0.0001,7185,0.7336621880531311
-8.31081547,0.05,28868,29.57,148,194,859,0.0001,7191,6.665637016296387
-8.31081547,0.05,28893,29.57,148,195,860,0.0001,7198,2.7841567993164062
-7.714890359999998,0.05,28957,29.95,148,195,861,0.0001,7214,2.9672670364379883
-7.707332149999998,0.05,28982,29.95,148,195,862,0.0001,7220,0.5824061036109924
-7.721508579999998,0.05,29007,29.94,148,195,863,0.0001,7226,0.7457192540168762
-7.741799279999999,0.05,29033,29.94,148,195,864,0.0001,7233,1.2796101570129395
-8.173324939999999,0.05,29058,29.69,148,196,865,0.0001,7239,2.7568793296813965
-8.1728188,0.05,29083,29.69,148,196,866,0.0001,7245,0.6717754006385803
-8.17325075,0.05,29108,29.69,147,196,867,0.0001,7251,0.7544832229614258
-8.18704915,0.05,29133,29.67,147,196,868,0.0001,7258,0.8352047204971313
-8.21387154,0.05,29158,29.66,147,197,869,0.0001,7264,2.707334280014038
-8.21387154,0.05,29183,29.66,147,197,870,0.0001,7270,2.9834582805633545
-8.21507404,0.05,29208,29.66,147,197,871,0.0001,7276,0.9935847520828247
-8.22360161,0.05,29233,29.66,147,197,872,0.0001,7283,1.0390452146530151
-8.209297009999998,0.05,29259,29.67,147,197,873,0.0001,7289,6.543834209442139
-8.191929579999998,0.05,29285,29.68,147,198,874,0.0001,7296,2.748699426651001
-8.12420957,0.05,29316,29.73,147,198,875,0.0001,7303,4.75819206237793
-8.72526046,0.05,29341,29.13,147,198,876,0.0001,7310,10.25905990600586
-8.71846231,0.05,29366,29.13,147,198,877,0.0001,7316,0.734728217124939
-8.771903589999999,0.05,29391,29.09,147,199,878,0.0001,7322,1.0150988101959229
-8.78276533,0.05,29416,29.09,147,199,879,0.0001,7328,2.7402892112731934
-8.764062569999998,0.05,29442,29.1,147,199,880,0.0001,7335,2.721628189086914
-8.785333549999997,0.05,29468,28.51,147,199,881,0.0001,7341,2.7125306129455566
-8.775083069999999,0.05,29493,28.51,147,199,882,0.0001,7348,3.297131061553955
-8.76778308,0.05,29518,28.51,147,200,883,0.0001,7354,0.9349515438079834
-8.72634179,0.05,29547,28.55,147,200,884,0.0001,7361,0.8323418498039246
-8.70114393,0.05,29573,28.56,147,200,885,0.0001,7368,0.6631289720535278
-8.63331713,0.05,29602,28.6,147,200,886,0.0001,7375,0.6488746404647827
-8.61738964,0.05,29628,28.61,147,201,887,0.0001,7381,2.489227533340454
-8.617392259999999,0.05,29653,28.61,147,201,888,0.0001,7388,0.9695037603378296
-8.61735049,0.05,29678,28.61,147,201,889,0.0001,7394,3.0402445793151855
-8.614404969999999,0.05,29703,28.61,147,201,890,0.0001,7400,6.563270568847656
-8.572317489999998,0.05,29732,28.65,147,201,891,0.0001,7407,4.770382404327393
-8.539641449999998,0.05,29762,28.69,147,202,892,0.0001,7415,0.9983224272727966
-8.531065929999999,0.05,29788,28.7,147,202,893,0.0001,7421,1.2280900478363037
-8.527706939999998,0.05,29813,28.7,147,202,894,0.0001,7428,0.7812734842300415
-8.52770694,0.05,29838,28.7,147,202,895,0.0001,7434,0.7617309093475342
-8.23723344,0.05,29881,28.88,147,203,896,0.0001,7445,2.504575729370117
-8.01697416,0.05,29966,29.48,147,203,897,0.0001,7466,2.917262554168701
-8.08342012,0.05,29991,29.42,147,203,898,0.0001,7472,4.937930107116699
-8.084260740000001,0.05,30016,29.42,147,204,899,0.0001,7478,1.3570557832717896
-8.090227030000001,0.05,30041,29.42,147,204,900,0.0001,7485,1.0147104263305664
-8.09344202,0.05,30066,29.42,147,204,901,0.0001,7491,4.987061023712158
-8.06979246,0.05,30095,29.45,147,204,902,0.0001,7498,1.5629994869232178
-7.9627785100000015,0.05,30128,29.53,147,204,903,0.0001,7506,4.643093109130859
-7.94576798,0.05,30154,29.54,147,205,904,0.0001,7513,3.0857772827148438
-7.842733650000001,0.05,30187,29.62,147,205,905,0.0001,7521,0.9041996002197266
-7.8524633,0.05,30212,29.62,146,205,906,0.0001,7527,2.903519630432129
-7.887724360000001,0.05,30237,29.6,146,205,907,0.0001,7534,1.099643588066101
-8.62587053,0.05,30262,29.0,146,205,908,0.0001,7540,2.958458423614502
-9.540758160000001,0.05,30287,28.4,146,206,909,0.0001,7546,3.115403175354004
-9.54095548,0.05,30312,28.4,146,206,910,0.0001,7552,0.9741314649581909
-8.86032293,0.05,30397,28.98,146,206,911,0.0001,7574,3.1999058723449707
-8.88167648,0.05,30423,28.95,146,207,912,0.0001,7580,1.0394655466079712
-8.854620989999999,0.05,30451,28.97,146,207,913,0.0001,7587,0.7907139658927917
-8.84229612,0.05,30477,28.98,146,207,914,0.0001,7594,1.0361206531524658
-9.91454719,0.05,30502,28.38,146,207,915,0.0001,7600,4.837307929992676
-9.943043679999999,0.05,30528,28.36,146,208,916,0.0001,7606,3.1622562408447266
-10.04706606,0.05,30555,28.29,146,208,917,0.0001,7613,3.026026964187622
-10.06050424,0.05,30580,28.28,146,208,918,0.0001,7619,2.910834550857544
-10.000940020000002,0.05,30608,27.71,146,208,919,0.0001,7626,0.876044511795044
-9.99935263,0.05,30633,27.71,146,208,920,0.0001,7633,1.3087345361709595
-9.66292487,0.05,30718,28.31,146,209,921,0.0001,7654,3.3238089084625244
-9.663414280000001,0.05,30743,28.31,146,209,922,0.0001,7660,2.811769723892212
-9.627281349999999,0.05,30828,28.91,146,209,923,0.0001,7681,1.300359845161438
-9.63097923,0.05,30853,28.91,146,209,924,0.0001,7688,0.8634142875671387
-9.59825012,0.05,30882,28.95,146,210,925,0.0001,7695,2.898339033126831
-9.6441786,0.05,30967,29.5,146,210,926,0.0001,7716,2.6877493858337402
-9.643451109999999,0.05,30993,29.49,146,210,927,0.0001,7723,1.0990010499954224
-9.631192089999999,0.05,31020,29.51,146,211,928,0.0001,7729,3.015564441680908
-9.629934589999998,0.05,31046,29.5,146,211,929,0.0001,7736,2.968480110168457
-9.629196219999997,0.05,31071,29.49,146,211,930,0.0001,7742,5.189136028289795
-9.666806119999999,0.05,31096,29.45,146,211,931,0.0001,7748,4.966909408569336
-9.616973739999999,0.05,31126,29.49,146,212,932,0.0001,7756,4.957232475280762
-9.61923845,0.05,31152,29.5,146,212,933,0.0001,7762,2.965634346008301
-9.61040733,0.05,31178,29.51,146,212,934,0.0001,7769,0.7534777522087097
-9.72179027,0.05,31205,29.43,146,212,935,0.0001,7776,0.6809337139129639
-9.611651129999998,0.05,31239,29.52,146,212,936,0.0001,7784,6.804379463195801
-9.593300880000001,0.05,31265,29.53,146,213,937,0.0001,7791,2.9820361137390137
-9.59113963,0.05,31290,29.53,146,213,938,0.0001,7797,3.3549082279205322
-9.59015342,0.05,31315,29.53,146,213,939,0.0001,7803,0.9583642482757568
-9.55526527,0.05,31342,29.55,146,213,940,0.0001,7810,1.1264519691467285
-9.556193760000001,0.05,31367,29.55,146,214,941,0.0001,7816,2.943603992462158
-9.55619376,0.05,31392,29.55,146,214,942,0.0001,7822,5.056607723236084
-8.874144249999999,0.05,31477,30.15,146,214,943,0.0001,7844,2.866410255432129
-8.873640069999999,0.05,31502,30.15,146,215,944,0.0001,7850,0.9157819747924805
-7.999379429999999,0.05,31587,30.74,146,215,945,0.0001,7871,0.8698422908782959
-7.998323289999999,0.05,31612,30.74,146,215,946,0.0001,7877,2.8783881664276123
-8.001669849999999,0.05,31638,30.73,146,215,947,0.0001,7884,2.862091064453125
-7.87977716,0.05,31671,30.81,146,216,948,0.0001,7892,1.1343789100646973
-7.12480048,0.05,31756,31.41,146,216,949,0.0001,7913,3.1051273345947266
-6.44746484,0.05,31841,32.01,146,216,950,0.0001,7935,1.2562658786773682
-6.447247669999999,0.05,31866,32.01,146,216,951,0.0001,7941,7.177337646484375
-6.443693540000001,0.05,31891,32.01,146,217,952,0.0001,7947,4.843921184539795
-5.73362457,0.05,31951,32.36,146,217,953,0.0001,7962,7.251193523406982
-5.72788453,0.05,31978,32.36,146,217,954,0.0001,7969,6.790740013122559
-5.69796904,0.05,32006,32.39,146,217,955,0.0001,7976,3.1902897357940674
-5.69818621,0.05,32031,32.39,146,218,956,0.0001,7982,4.881289482116699
-5.69811653,0.05,32056,32.39,146,218,957,0.0001,7988,2.9537432193756104
-5.172622370000002,0.05,32134,32.92,146,218,958,0.0001,8008,3.2673933506011963
-5.17171578,0.05,32159,32.91,146,218,959,0.0001,8014,4.976446151733398
-5.1461051499999995,0.05,32187,32.94,146,219,960,0.0001,8021,4.9583635330200195
-5.69782083,0.05,32216,32.59,146,219,961,0.0001,8028,2.781723976135254
-5.1885587,0.05,32277,32.95,147,219,962,0.0001,8044,4.974484443664551
-5.19372349,0.05,32302,32.95,146,219,963,0.0001,8050,3.3326849937438965
-5.193406620000001,0.05,32327,32.94,146,220,964,0.0001,8056,0.9472430944442749
-5.20785663,0.05,32352,32.94,146,220,965,0.0001,8062,2.781564712524414
-5.20731169,0.05,32377,32.94,146,220,966,0.0001,8069,4.886165142059326
-5.20215725,0.05,32403,32.95,146,220,967,0.0001,8075,0.8746490478515625
-4.78507821,0.05,32454,33.21,146,220,968,0.0001,8088,1.433024287223816
-4.39255893,0.05,32504,33.46,146,221,969,0.0001,8100,2.893364429473877
-3.78963338,0.05,32561,33.78,147,221,970,0.0001,8115,0.8745853900909424
-3.78227331,0.05,32586,33.78,147,221,971,0.0001,8121,2.876580238342285
-3.7736009800000003,0.05,32611,33.78,147,221,972,0.0001,8127,3.160396099090576
-3.7915319,0.05,32636,33.77,147,221,973,0.0001,8133,0.9341399669647217
-3.8099009800000005,0.05,32661,33.76,146,222,974,0.0001,8140,2.911043167114258
-3.88090009,0.05,32686,33.7,146,222,975,0.0001,8146,4.752535343170166
-3.70308743,0.05,32721,33.8,146,222,976,0.0001,8155,2.896794319152832
-3.69006221,0.05,32748,33.82,146,222,977,0.0001,8161,1.130079746246338
-3.6762571699999995,0.05,32773,33.82,146,223,978,0.0001,8168,3.0725159645080566
-3.67158108,0.05,32798,33.82,146,223,979,0.0001,8174,1.261038064956665
-3.5853694199999997,0.05,32831,33.89,146,223,980,0.0001,8182,4.609719753265381
-3.0268181700000003,0.05,32916,34.48,146,224,981,0.0001,8203,1.1994659900665283
-3.02553581,0.05,32941,34.48,146,224,982,0.0001,8210,0.952831506729126
-2.9942636400000002,0.05,33026,35.08,146,224,983,0.0001,8231,5.196290969848633
-3.02617877,0.05,33052,35.05,146,225,984,0.0001,8237,4.732077598571777
-2.9252582,0.05,33086,35.13,146,225,985,0.0001,8246,0.9038211107254028
-2.9941652600000004,0.05,33111,35.09,146,225,986,0.0001,8252,2.822026491165161
-3.01114299,0.05,33136,35.08,146,225,987,0.0001,8258,1.0634007453918457
-3.0111429900000006,0.05,33161,35.08,146,225,988,0.0001,8265,2.6179451942443848
-2.9947009200000014,0.05,33187,35.09,146,226,989,0.0001,8271,0.7216139435768127
-2.9966755100000007,0.05,33213,35.1,146,226,990,0.0001,8278,3.192986011505127
-3.0395124799999995,0.05,33238,35.06,146,226,991,0.0001,8284,6.891204833984375
-3.0130136700000003,0.05,33269,35.07,146,226,992,0.0001,8292,2.849496603012085
-2.5525198400000004,0.05,33326,35.38,146,227,993,0.0001,8306,2.641364097595215
-2.5533220400000003,0.05,33351,35.38,146,227,994,0.0001,8312,0.914198637008667
-2.5533320900000005,0.05,33376,35.38,146,227,995,0.0001,8318,4.672435760498047
-2.760454680000001,0.05,33408,35.27,146,227,996,0.0001,8326,1.1332616806030273
-2.9948129500000005,0.05,33433,34.67,146,228,997,0.0001,8333,1.0244252681732178
-2.9950333700000003,0.05,33458,34.67,146,228,998,0.0001,8339,4.855560302734375
-3.002017620000001,0.05,33483,34.67,146,228,999,0.0001,8345,2.8754496574401855
-2.9837111800000007,0.05,33509,34.68,146,228,1000,0.0001,8352,3.0684638023376465
-2.36580028,0.05,33594,35.28,146,229,1001,0.0001,8373,0.8069037199020386
-2.1300454100000006,0.05,33638,35.43,146,229,1002,0.0001,8384,0.8703690767288208
-2.250503330000001,0.05,33663,35.35,146,229,1003,0.0001,8390,1.1015172004699707
-2.2729493800000005,0.05,33688,35.34,146,229,1004,0.0001,8396,2.9470982551574707
-2.36848978,0.05,33713,35.26,146,230,1005,0.0001,8403,3.0646610260009766
-2.35958717,0.05,33738,35.26,146,230,1006,0.0001,8409,3.104795455932617
-2.3397677100000003,0.05,33764,35.27,146,230,1007,0.0001,8415,0.9990606904029846
-2.33876075,0.05,33789,35.27,146,230,1008,0.0001,8422,2.752284526824951
-2.33885413,0.05,33814,35.27,146,230,1009,0.0001,8428,2.9429054260253906
-2.33966235,0.05,33839,35.27,146,231,1010,0.0001,8434,3.2970292568206787
-3.0439634300000007,0.05,33864,34.67,146,231,1011,0.0001,8440,0.8366522192955017
-3.0548420600000004,0.05,33890,34.67,146,231,1012,0.0001,8447,3.117497682571411
-3.093671010000001,0.05,33915,34.64,146,231,1013,0.0001,8453,3.021135091781616
-3.10704696,0.05,33940,34.63,146,231,1014,0.0001,8459,0.9494515657424927
-3.012830520000001,0.05,33973,34.71,146,232,1015,0.0001,8468,0.8451066017150879
-3.011113830000001,0.05,33998,34.7,146,232,1016,0.0001,8474,0.7984870672225952
-3.023300450000001,0.05,34023,34.68,146,232,1017,0.0001,8480,4.65399694442749
-3.02264713,0.05,34048,34.68,146,232,1018,0.0001,8486,2.783109664916992
-2.8894792800000006,0.05,34084,34.76,146,233,1019,0.0001,8495,0.8086602687835693
-2.83498469,0.05,34114,34.81,146,233,1020,0.0001,8503,2.853196382522583
-3.1265407599999997,0.05,34142,34.24,146,233,1021,0.0001,8510,6.913784027099609
-2.97945096,0.05,34177,34.34,146,233,1022,0.0001,8519,6.91676139831543
-2.9967449500000005,0.05,34203,33.75,146,234,1023,0.0001,8525,4.94051456451416
-2.968618700000001,0.05,34230,33.77,146,234,1024,0.0001,8532,0.9987605810165405
-3.0013478000000005,0.05,34255,33.73,146,234,1025,0.0001,8538,5.052524566650391
-3.020382350000001,0.05,34280,33.13,146,234,1026,0.0001,8544,4.420557022094727
-3.047345960000001,0.05,34305,33.12,146,234,1027,0.0001,8551,1.0675339698791504
-3.03006758,0.05,34334,33.14,145,235,1028,0.0001,8558,4.675050735473633
-2.9537232,0.05,34419,33.73,146,235,1029,0.0001,8579,4.80487585067749
-2.95340799,0.05,34445,33.74,145,235,1030,0.0001,8586,1.207685947418213
-2.9587017799999997,0.05,34470,33.74,145,236,1031,0.0001,8592,0.9396459460258484
-3.0265242299999993,0.05,34495,33.69,145,236,1032,0.0001,8598,0.9123318791389465
-2.7464282499999992,0.05,34537,33.85,145,236,1033,0.0001,8609,0.9901151061058044
-2.74587741,0.05,34562,33.84,145,236,1034,0.0001,8615,4.644800186157227
-2.763905,0.05,34587,33.82,145,237,1035,0.0001,8621,3.2462339401245117
-2.87405232,0.05,34612,33.73,145,237,1036,0.0001,8627,0.9900212287902832
-2.9439764899999994,0.05,34697,34.32,145,237,1037,0.0001,8649,0.8074336647987366
-2.94585263,0.05,34722,34.32,145,238,1038,0.0001,8655,2.893345832824707
-2.946172419999999,0.05,34747,34.32,145,238,1039,0.0001,8661,1.0474495887756348
-2.943792989999999,0.05,34775,34.33,145,238,1040,0.0001,8668,3.0365519523620605
-2.9253517399999986,0.05,34802,34.35,145,238,1041,0.0001,8675,0.9734395146369934
-2.911975789999999,0.05,34828,34.36,145,239,1042,0.0001,8681,0.9681700468063354
-3.5803605399999996,0.05,34855,33.78,145,239,1043,0.0001,8688,1.0780832767486572
-3.5852790299999997,0.05,34880,33.78,145,239,1044,0.0001,8694,0.7882611751556396
-4.475240919999999,0.05,34905,33.18,145,239,1045,0.0001,8701,1.2217391729354858
-4.07811733,0.05,34957,33.45,145,240,1046,0.0001,8714,6.851015567779541
-4.09383649,0.05,34982,33.44,145,240,1047,0.0001,8720,0.7496976852416992
-4.215047350000001,0.05,35007,33.36,145,240,1048,0.0001,8726,2.965395927429199
-4.9680151100000005,0.05,35032,32.76,145,241,1049,0.0001,8732,0.7279490232467651
-5.602369020000001,0.05,35061,32.2,145,241,1050,0.0001,8740,2.984163999557495
-5.60236902,0.05,35086,32.2,145,241,1051,0.0001,8746,7.010439872741699
-5.555285639999999,0.05,35116,32.25,145,241,1052,0.0001,8753,1.12380051612854
-6.221975229999999,0.05,35146,31.95,145,241,1053,0.0001,8761,1.1852340698242188
-6.25332375,0.05,35171,31.93,145,242,1054,0.0001,8767,4.796064853668213
-6.25751092,0.05,35199,31.93,145,242,1055,0.0001,8774,0.7634320259094238
-6.243917799999999,0.05,35225,31.94,145,242,1056,0.0001,8781,2.8377726078033447
-6.20834384,0.05,35252,31.96,145,242,1057,0.0001,8787,2.9483139514923096
-6.657027960000001,0.05,35284,31.5,145,242,1058,0.0001,8795,4.657641410827637
-6.657109460000002,0.05,35309,31.5,145,243,1059,0.0001,8802,3.118624210357666
-6.681746880000002,0.05,35334,31.47,145,243,1060,0.0001,8808,2.9862170219421387
-6.725231080000001,0.05,35359,31.43,145,243,1061,0.0001,8814,2.907458782196045
-7.035668600000001,0.05,35397,31.2,145,243,1062,0.0001,8824,2.798569440841675
-7.029850140000001,0.05,35422,31.2,145,244,1063,0.0001,8830,1.0845837593078613
-7.02943893,0.05,35448,31.21,145,244,1064,0.0001,8836,2.7413992881774902
-7.014943690000001,0.05,35473,31.21,145,244,1065,0.0001,8843,2.925178050994873
-7.024531630000001,0.05,35498,31.21,145,244,1066,0.0001,8849,2.781282901763916
-7.029802440000001,0.05,35523,31.2,145,244,1067,0.0001,8855,0.7488900423049927
-7.4289366900000005,0.05,35549,30.95,144,245,1068,0.0001,8862,0.7950244545936584
-7.815358700000001,0.05,35574,30.7,144,245,1069,0.0001,8868,1.0787737369537354
-8.418284250000001,0.05,35599,30.38,144,245,1070,0.0001,8874,2.9052469730377197
-8.35252759,0.05,35630,30.44,144,245,1071,0.0001,8882,0.6756897568702698
-8.352449889999999,0.05,35655,30.44,144,246,1072,0.0001,8888,0.9147208333015442
-8.349759429999999,0.05,35680,30.44,144,246,1073,0.0001,8894,4.834646701812744
-8.350741079999999,0.05,35706,30.45,144,246,1074,0.0001,8901,5.004204750061035
-7.76319646,0.05,35774,30.88,144,246,1075,0.0001,8918,2.85969614982605
-7.939813629999998,0.05,35799,30.78,144,246,1076,0.0001,8924,2.9882164001464844
-7.92374181,0.05,35827,30.79,144,247,1077,0.0001,8931,2.8798398971557617
-7.884658020000001,0.05,35856,30.83,144,247,1078,0.0001,8938,2.9035513401031494
-7.880894299999999,0.05,35881,30.83,144,247,1079,0.0001,8945,0.9244842529296875
-7.91306786,0.05,35912,30.81,144,247,1080,0.0001,8952,1.03557288646698
-8.455214940000001,0.05,35939,30.23,144,248,1081,0.0001,8959,1.005595326423645
-8.455210090000001,0.05,35964,30.23,144,248,1082,0.0001,8965,1.269083857536316
-8.48543118,0.05,35989,29.63,144,248,1083,0.0001,8972,4.877964019775391
-8.49498868,0.05,36014,29.62,144,248,1084,0.0001,8978,1.2943791151046753
-8.59373852,0.05,36041,29.55,144,248,1085,0.0001,8985,4.914242744445801
-8.60010373,0.05,36066,29.55,144,249,1086,0.0001,8991,1.056182861328125
-7.99081936,0.05,36141,30.05,144,249,1087,0.0001,9010,1.1576838493347168
-7.992101719999999,0.05,36166,30.05,144,249,1088,0.0001,9016,6.707721710205078
-8.00211811,0.05,36192,30.05,144,249,1089,0.0001,9022,1.4791674613952637
-8.0010762,0.05,36217,30.04,144,250,1090,0.0001,9029,1.2536401748657227
-8.00103015,0.05,36242,30.04,144,250,1091,0.0001,9035,4.983664512634277
-7.566210299999999,0.05,36302,30.33,144,250,1092,0.0001,9050,2.80718731880188
-8.1975716,0.05,36387,30.61,144,251,1093,0.0001,9071,7.086188316345215
-8.19606596,0.05,36412,30.61,144,251,1094,0.0001,9077,0.8551761507987976
-8.19605591,0.05,36437,30.61,144,251,1095,0.0001,9084,1.3166580200195312
-8.28045393,0.05,36462,30.54,144,251,1096,0.0001,9090,0.7774121761322021
-8.23028825,0.05,36490,30.57,144,252,1097,0.0001,9097,1.2296366691589355
-8.21745819,0.05,36516,30.58,144,252,1098,0.0001,9103,1.3192508220672607
-8.209646280000001,0.05,36541,30.58,144,252,1099,0.0001,9110,5.177824020385742
-8.20999453,0.05,36568,30.59,144,252,1100,0.0001,9116,0.8657563924789429
-8.734984690000001,0.05,36600,30.06,144,252,1101,0.0001,9124,0.9264178276062012
-9.01953799,0.05,36625,29.87,144,253,1102,0.0001,9131,3.313933849334717
-9.006096639999999,0.05,36650,29.87,144,253,1103,0.0001,9137,4.950254440307617
-8.9823743,0.05,36677,29.89,144,253,1104,0.0001,9144,4.856839656829834
-9.07940556,0.05,36762,30.49,144,253,1105,0.0001,9165,2.777949333190918
-9.09263727,0.05,36787,30.49,144,254,1106,0.0001,9171,1.138472318649292
-9.106013220000001,0.05,36812,30.48,144,254,1107,0.0001,9177,0.6835486888885498
-9.10601322,0.05,36837,30.48,144,254,1108,0.0001,9184,1.0908626317977905
-9.1144567,0.05,36862,30.48,144,254,1109,0.0001,9190,2.6938765048980713
-9.11511037,0.05,36887,30.48,144,254,1110,0.0001,9196,4.4829206466674805
-9.08253062,0.05,36916,30.52,144,255,1111,0.0001,9203,3.1960675716400146
-9.0881087,0.05,36941,30.51,144,255,1112,0.0001,9210,0.8330918550491333
-9.08823071,0.05,36966,30.51,144,255,1113,0.0001,9216,0.9218273758888245
-9.087872619999999,0.05,36991,30.51,144,255,1114,0.0001,9222,3.02480411529541
-9.140524789999999,0.05,37020,30.47,144,255,1115,0.0001,9229,1.013324499130249
-9.144103009999998,0.05,37045,30.47,144,256,1116,0.0001,9236,4.834237575531006
-9.14484078,0.05,37070,30.47,144,256,1117,0.0001,9242,2.8895680904388428
-9.14543188,0.05,37095,30.47,144,256,1118,0.0001,9248,1.4325836896896362
-9.295911339999998,0.05,37120,30.36,144,256,1119,0.0001,9254,2.984571933746338
-9.30881188,0.05,37149,30.35,144,256,1120,0.0001,9262,2.421743631362915
-9.340827389999998,0.05,37174,30.32,144,257,1121,0.0001,9268,3.1247313022613525
-9.43846703,0.05,37203,30.26,144,257,1122,0.0001,9275,1.0957112312316895
-9.45143551,0.05,37228,30.25,144,257,1123,0.0001,9281,2.8859000205993652
-8.294659649999998,0.05,37313,30.83,144,258,1124,0.0001,9303,0.8787000179290771
-8.294691579999999,0.05,37338,30.83,144,258,1125,0.0001,9309,2.6893136501312256
-8.262151770000001,0.05,37366,30.86,144,258,1126,0.0001,9316,3.141745090484619
-8.24870533,0.05,37391,30.86,144,258,1127,0.0001,9322,0.9564615488052368
-8.26439662,0.05,37418,30.84,144,259,1128,0.0001,9329,4.60325813293457
-8.35513953,0.05,37443,30.24,144,259,1129,0.0001,9335,0.6996305584907532
-8.35544308,0.05,37468,30.23,144,259,1130,0.0001,9341,1.0934648513793945
-8.35152358,0.05,37494,30.24,144,259,1131,0.0001,9348,4.593804836273193
-8.34554076,0.05,37520,30.25,144,259,1132,0.0001,9354,3.302962303161621
-8.62360286,0.05,37545,30.08,144,260,1133,0.0001,9361,0.7418803572654724
-8.155242220000002,0.05,37630,30.68,144,260,1134,0.0001,9382,0.8004575967788696
-8.156223870000002,0.05,37656,30.69,144,260,1135,0.0001,9388,2.8180108070373535
-7.8622749999999995,0.05,37741,31.29,144,261,1136,0.0001,9410,2.615051031112671
-7.80572678,0.05,37766,30.69,144,261,1137,0.0001,9416,0.9625376462936401
-7.80389002,0.05,37791,30.69,144,261,1138,0.0001,9422,0.8513475656509399
-7.790204979999999,0.05,37817,30.7,144,261,1139,0.0001,9429,4.559164047241211
-7.803170269999998,0.05,37843,30.68,144,261,1140,0.0001,9435,1.337815761566162
-7.821611519999998,0.05,37868,30.66,144,262,1141,0.0001,9441,1.1169782876968384
-6.8503079599999985,0.05,37953,31.25,144,262,1142,0.0001,9463,2.8264968395233154
-6.7332246699999985,0.05,37988,31.33,144,262,1143,0.0001,9471,2.724621295928955
-6.71668638,0.05,38015,31.35,144,263,1144,0.0001,9478,2.6048741340637207
-6.0262772899999995,0.05,38100,31.95,144,263,1145,0.0001,9499,3.1841139793395996
-6.271561070000001,0.05,38136,31.79,144,263,1146,0.0001,9508,3.1521167755126953
-6.26703458,0.05,38161,31.79,144,263,1147,0.0001,9515,2.7506704330444336
-6.144318290000001,0.05,38195,31.88,144,264,1148,0.0001,9523,8.370147705078125
-6.10193568,0.05,38224,31.92,144,264,1149,0.0001,9530,6.713791847229004
-6.145123219999999,0.05,38249,31.88,144,264,1150,0.0001,9537,2.681762933731079
-6.1493293399999995,0.05,38274,31.88,144,264,1151,0.0001,9543,0.6923854947090149
-5.682433739999999,0.05,38337,32.21,144,265,1152,0.0001,9559,4.540698528289795
-5.725814109999999,0.05,38362,32.16,144,265,1153,0.0001,9565,2.9806973934173584
-5.711271529999999,0.05,38388,32.17,144,265,1154,0.0001,9571,3.0336897373199463
-5.668151429999999,0.05,38419,32.2,144,265,1155,0.0001,9579,0.7590295076370239
-5.680476299999999,0.05,38444,32.19,144,266,1156,0.0001,9585,4.909670829772949
-5.7156138,0.05,38469,32.17,144,266,1157,0.0001,9592,0.9233839511871338
-5.77917037,0.05,38496,32.12,144,266,1158,0.0001,9598,4.974793434143066
-5.778943420000001,0.05,38521,32.12,144,266,1159,0.0001,9605,3.2827939987182617
-5.589398960000002,0.05,38559,32.25,144,267,1160,0.0001,9614,5.099855422973633
-5.590391830000001,0.05,38584,32.25,144,267,1161,0.0001,9620,0.966312825679779
-5.778349310000002,0.05,38611,32.14,144,267,1162,0.0001,9627,0.7931767702102661
-5.7778659600000015,0.05,38636,32.14,144,267,1163,0.0001,9633,8.642440795898438
-5.7638379099999995,0.05,38662,32.14,144,267,1164,0.0001,9640,6.517102241516113
-5.737483210000001,0.05,38690,32.17,144,268,1165,0.0001,9647,5.059145450592041
-5.72894635,0.05,38715,32.17,144,268,1166,0.0001,9653,6.560748100280762
-5.72882998,0.05,38740,32.17,144,268,1167,0.0001,9659,0.9878295063972473
-5.7467708,0.05,38765,32.16,144,268,1168,0.0001,9666,3.0700418949127197
-5.690674960000001,0.05,38795,32.21,144,268,1169,0.0001,9673,2.950698137283325
-5.690674960000001,0.05,38820,32.21,144,269,1170,0.0001,9679,2.912123918533325
-5.677203350000001,0.05,38852,32.22,144,269,1171,0.0001,9687,1.0335556268692017
-5.67742581,0.05,38877,32.22,144,269,1172,0.0001,9694,2.8069920539855957
-5.677425809999999,0.05,38902,32.22,144,269,1173,0.0001,9700,2.784058094024658
-5.460209989999999,0.05,38942,32.36,144,270,1174,0.0001,9710,0.8312031030654907
-6.043493859999999,0.05,38967,31.93,144,270,1175,0.0001,9716,4.690432548522949
-5.99535004,0.05,39052,32.53,144,270,1176,0.0001,9737,0.9125251770019531
-6.02445845,0.05,39077,32.5,144,270,1177,0.0001,9744,1.0022395849227905
-6.063542269999999,0.05,39102,32.46,144,271,1178,0.0001,9750,1.0723075866699219
-6.06557431,0.05,39127,32.46,144,271,1179,0.0001,9756,0.6090694069862366
-6.139281269999999,0.05,39152,32.4,144,271,1180,0.0001,9762,0.8158597946166992
-6.15490579,0.05,39177,32.38,144,271,1181,0.0001,9769,0.7219325304031372
-6.154941980000001,0.05,39202,32.38,144,271,1182,0.0001,9775,2.788743019104004
-6.155801950000001,0.05,39227,32.38,144,272,1183,0.0001,9781,2.430924654006958
-6.15590008,0.05,39252,32.38,144,272,1184,0.0001,9787,2.948206901550293
-6.17146344,0.05,39277,32.36,144,272,1185,0.0001,9794,3.1865475177764893
-5.93967562,0.05,39317,32.51,144,272,1186,0.0001,9804,2.8156542778015137
-6.483563930000002,0.05,39348,32.07,144,272,1187,0.0001,9811,5.0465264320373535
-6.489695770000001,0.05,39373,32.07,144,273,1188,0.0001,9818,0.8914238810539246
-6.496121460000001,0.05,39398,32.06,144,273,1189,0.0001,9824,3.0523409843444824
-6.484557700000002,0.05,39424,32.07,144,273,1190,0.0001,9830,2.772761583328247
-6.4845577,0.05,39449,32.07,144,273,1191,0.0001,9837,0.8900003433227539
-6.9908829799999985,0.05,39474,31.72,144,273,1192,0.0001,9843,0.9720181822776794
-6.818074780000001,0.05,39499,31.12,144,274,1193,0.0001,9849,3.102391004562378
-6.817822759999999,0.05,39524,31.12,144,274,1194,0.0001,9855,4.819765567779541
-6.823464899999999,0.05,39549,31.12,144,274,1195,0.0001,9862,0.7221832275390625
-6.83691022,0.05,39574,31.12,144,274,1196,0.0001,9868,1.2568700313568115
-6.8740241300000005,0.05,39599,31.09,144,274,1197,0.0001,9874,4.791923522949219
-6.8898204,0.05,39624,31.08,143,275,1198,0.0001,9880,0.902832567691803
-6.8598608500000005,0.05,39652,31.11,143,275,1199,0.0001,9887,0.8605828285217285
-6.872902989999999,0.05,39677,31.09,143,275,1200,0.0001,9894,0.7891078591346741
-6.963580539999999,0.05,39703,31.03,143,275,1201,0.0001,9900,0.7233866453170776
-6.964047750000001,0.05,39728,31.03,143,276,1202,0.0001,9906,4.817760467529297
-6.964264629999999,0.05,39753,31.03,143,276,1203,0.0001,9913,0.8062281608581543
-6.37913649,0.05,39811,31.34,143,276,1204,0.0001,9927,0.7639212012290955
-6.28224999,0.05,39836,30.74,143,276,1205,0.0001,9933,2.7764763832092285
-6.24006279,0.05,39864,30.77,143,276,1206,0.0001,9940,3.01700758934021
-6.24412332,0.05,39889,30.77,143,277,1207,0.0001,9947,2.853177070617676
-5.764625040000001,0.05,39947,31.1,143,277,1208,0.0001,9961,0.9350857138633728
-5.6799130700000005,0.05,39979,31.17,143,277,1209,0.0001,9969,4.829165458679199
-5.667537440000001,0.05,40005,31.18,143,277,1210,0.0001,9976,5.3285932540893555
-5.701487370000001,0.05,40030,31.14,143,278,1211,0.0001,9982,3.2927370071411133
-6.00214975,0.05,40115,31.74,144,278,1212,0.0001,10003,5.147879600524902
-5.846724279999998,0.05,40151,31.85,144,278,1213,0.0001,10012,5.280032157897949
-5.817600119999998,0.05,40179,31.88,143,279,1214,0.0001,10019,5.021756172180176
-5.860035249999998,0.05,40204,31.84,143,279,1215,0.0001,10025,0.8639246225357056
-5.376224099999999,0.05,40289,32.44,144,279,1216,0.0001,10047,5.015929222106934
-5.3517053599999995,0.05,40316,32.46,144,279,1217,0.0001,10053,3.075465679168701
-5.2581420900000015,0.05,40349,32.54,144,280,1218,0.0001,10062,1.210831642150879
-5.24444879,0.05,40375,32.55,144,280,1219,0.0001,10068,3.1140828132629395
-5.287810500000002,0.05,40400,32.51,144,280,1220,0.0001,10074,1.0684187412261963
-5.28722024,0.05,40425,32.51,144,280,1221,0.0001,10081,1.4504566192626953
-4.860837830000001,0.05,40510,33.07,144,281,1222,0.0001,10102,3.2065505981445312
-4.861814380000001,0.05,40536,33.08,144,281,1223,0.0001,10108,8.761449813842773
-6.0286762399999985,0.05,40562,32.49,144,281,1224,0.0001,10115,7.127565383911133
-6.02864432,0.05,40587,32.49,143,281,1225,0.0001,10121,5.0505805015563965
-5.98581278,0.05,40619,32.53,143,282,1226,0.0001,10129,1.1882743835449219
-5.95003418,0.05,40648,32.57,144,282,1227,0.0001,10136,1.1996135711669922
-5.3782492,0.05,40733,33.15,144,282,1228,0.0001,10158,0.8833537101745605
-5.378239150000001,0.05,40758,33.15,144,282,1229,0.0001,10164,1.0670697689056396
-5.33716855,0.05,40787,33.19,144,283,1230,0.0001,10171,3.2142796516418457
-5.3004466200000016,0.05,40815,33.21,144,283,1231,0.0001,10178,6.981612682342529
-4.323234210000001,0.05,40900,33.8,144,283,1232,0.0001,10199,0.7997081279754639
-4.281723610000001,0.05,40929,33.84,144,283,1233,0.0001,10207,0.9488415122032166
-4.75179828,0.05,40955,33.25,144,283,1234,0.0001,10213,1.080169677734375
-4.732384570000001,0.05,40981,33.25,144,284,1235,0.0001,10220,1.2791988849639893
-4.894299870000001,0.05,41015,32.74,144,284,1236,0.0001,10228,1.0078961849212646
-4.880923920000002,0.05,41041,32.75,144,284,1237,0.0001,10235,5.054243087768555
-4.852412270000001,0.05,41069,32.78,144,284,1238,0.0001,10242,3.0709609985351562
-4.865776580000001,0.05,41094,32.77,144,285,1239,0.0001,10248,6.8024492263793945
-4.786558970000001,0.05,41126,32.83,144,285,1240,0.0001,10256,1.1322532892227173
-4.62059008,0.05,41163,32.95,144,285,1241,0.0001,10265,3.6530346870422363
-5.605269590000002,0.05,41188,32.35,144,285,1242,0.0001,10271,2.7406506538391113
-5.736562620000001,0.05,41213,32.25,144,285,1243,0.0001,10278,3.1743335723876953
-5.74890234,0.05,41238,32.23,144,286,1244,0.0001,10284,2.9299888610839844
-6.375047310000001,0.05,41323,32.23,144,286,1245,0.0001,10305,2.9319007396698
-6.53641313,0.05,41348,32.12,144,286,1246,0.0001,10311,2.792844772338867
-6.536569460000001,0.05,41373,32.12,144,286,1247,0.0001,10318,5.078812599182129
-6.66071666,0.05,41398,32.03,144,287,1248,0.0001,10324,0.9758762121200562
-6.623503400000001,0.05,41430,32.06,144,287,1249,0.0001,10332,0.9859613180160522
-6.62352005,0.05,41455,32.06,144,287,1250,0.0001,10338,3.3482322692871094
-6.71694465,0.05,41540,32.66,144,288,1251,0.0001,10359,5.05402946472168
-7.22001795,0.05,41566,32.29,144,288,1252,0.0001,10366,5.326764106750488
-7.220017950000002,0.05,41591,32.29,144,288,1253,0.0001,10372,1.098987340927124
-7.2315216200000005,0.05,41616,32.28,144,288,1254,0.0001,10378,2.7190425395965576
-7.253681170000001,0.05,41646,32.27,144,289,1255,0.0001,10386,2.9174680709838867
-7.25473225,0.05,41671,32.27,144,289,1256,0.0001,10392,4.655984878540039
-7.2422018,0.05,41698,32.29,144,289,1257,0.0001,10399,3.24122953414917
-7.163756850000001,0.05,41731,32.35,143,289,1258,0.0001,10407,1.0937285423278809
-6.72040632,0.05,41785,32.64,144,290,1259,0.0001,10421,0.7399358749389648
-6.9109239900000015,0.05,41810,32.51,143,290,1260,0.0001,10427,0.9496818780899048
-6.87720188,0.05,41838,32.54,143,290,1261,0.0001,10434,5.142175674438477
-6.8882914699999995,0.05,41863,32.52,143,290,1262,0.0001,10440,4.66605806350708
-6.888774819999998,0.05,41888,32.52,143,291,1263,0.0001,10446,3.158932685852051
-6.903215069999999,0.05,41913,32.51,143,291,1264,0.0001,10453,0.8432812094688416
-6.917431479999999,0.05,41940,32.5,143,291,1265,0.0001,10459,3.149993658065796
-6.904055519999998,0.05,41966,32.51,143,291,1266,0.0001,10466,1.333651065826416
-6.90648634,0.05,41992,32.52,143,292,1267,0.0001,10472,7.180460453033447
-6.91937684,0.05,42077,33.12,143,292,1268,0.0001,10494,3.112342596054077
-6.981564850000001,0.05,42102,33.07,143,292,1269,0.0001,10500,3.0388123989105225
-6.98156485,0.05,42127,33.07,143,293,1270,0.0001,10506,1.1766102313995361
-6.89952799,0.05,42163,33.11,143,293,1271,0.0001,10515,1.183992624282837
-6.900203389999999,0.05,42189,33.12,143,293,1272,0.0001,10522,2.395928382873535
-6.900143129999999,0.05,42214,33.12,143,293,1273,0.0001,10528,1.168837547302246
-7.1163773,0.05,42239,32.97,143,294,1274,0.0001,10534,0.8215965628623962
-6.68962099,0.05,42286,33.19,143,294,1275,0.0001,10546,2.9792094230651855
-6.7163676599999995,0.05,42312,32.6,143,294,1276,0.0001,10552,0.9483404159545898
-6.716186760000002,0.05,42337,32.6,143,294,1277,0.0001,10559,1.0435714721679688
-6.722064300000002,0.05,42362,32.6,143,295,1278,0.0001,10565,3.176999092102051
-6.129164790000001,0.05,42447,33.2,143,295,1279,0.0001,10586,0.9144892692565918
-6.11223818,0.05,42473,33.21,143,295,1280,0.0001,10593,2.871005058288574
-6.11620168,0.05,42498,33.21,143,295,1281,0.0001,10599,5.357907772064209
-6.11617034,0.05,42523,33.21,143,296,1282,0.0001,10605,3.2385454177856445
-5.97930736,0.05,42608,33.81,143,296,1283,0.0001,10626,7.042857646942139
-5.97755199,0.05,42634,33.82,143,296,1284,0.0001,10633,3.268521308898926
-5.8538729100000015,0.05,42719,34.42,143,297,1285,0.0001,10654,5.167044162750244
-5.859371430000001,0.05,42759,34.42,143,297,1286,0.0001,10664,1.0790870189666748
-5.9257484000000025,0.05,42785,34.37,143,297,1287,0.0001,10671,2.6921441555023193
-5.90501411,0.05,42811,34.38,143,298,1288,0.0001,10677,3.007194995880127
-5.44913659,0.05,42896,34.98,143,298,1289,0.0001,10698,3.094625949859619
-5.466803649999999,0.05,42921,34.97,143,298,1290,0.0001,10705,4.830790996551514
-5.44806767,0.05,42947,34.98,143,299,1291,0.0001,10711,7.12191104888916
-5.376360389999999,0.05,42978,35.04,143,299,1292,0.0001,10719,3.2919795513153076
-5.37766004,0.05,43003,35.04,143,299,1293,0.0001,10725,1.8250141143798828
-5.3642270199999995,0.05,43029,35.05,143,299,1294,0.0001,10732,1.079017162322998
-4.6672894000000005,0.05,43101,35.52,143,300,1295,0.0001,10750,6.924686431884766
-4.572679740000001,0.05,43133,35.59,143,300,1296,0.0001,10758,1.2700275182724
-4.564958290000001,0.05,43159,35.6,143,301,1297,0.0001,10764,2.885258197784424
-4.5432862400000005,0.05,43185,35.61,143,301,1298,0.0001,10771,3.18094539642334
-4.576283610000001,0.05,43210,35.58,143,301,1299,0.0001,10777,0.8881651759147644
-4.57845275,0.05,43236,35.59,143,301,1300,0.0001,10783,3.164865493774414
-4.5688984900000005,0.05,43262,35.59,143,301,1301,0.0001,10790,0.9238454103469849
-4.446039160000001,0.05,43296,35.68,143,302,1302,0.0001,10798,1.0914287567138672
-4.44523118,0.05,43321,35.68,143,302,1303,0.0001,10805,4.818091869354248
-5.057124940000001,0.05,43346,35.35,143,302,1304,0.0001,10811,5.197772979736328
-4.8561775,0.05,43431,35.95,143,303,1305,0.0001,10832,4.975400924682617
-4.88457043,0.05,43456,35.92,143,303,1306,0.0001,10838,8.955168724060059
-4.86747331,0.05,43483,35.94,143,303,1307,0.0001,10845,1.3485288619995117
-5.24863758,0.05,43516,35.69,143,303,1308,0.0001,10853,2.8408074378967285
-4.95923549,0.05,43563,35.84,143,304,1309,0.0001,10865,0.9965512156486511
-4.487427909999999,0.05,43625,36.2,143,304,1310,0.0001,10881,6.91848087310791
-3.4948953599999997,0.05,43710,36.8,143,304,1311,0.0001,10902,5.035338401794434
-3.15787947,0.05,43739,36.24,143,305,1312,0.0001,10909,1.1156227588653564
-3.2909441200000007,0.05,43767,36.16,143,305,1313,0.0001,10916,4.855797290802002
-3.2257678800000007,0.05,43799,36.2,143,305,1314,0.0001,10924,3.612368106842041
-3.149855570000001,0.05,43831,36.27,143,305,1315,0.0001,10932,2.799656629562378
-3.628722530000001,0.05,43857,35.68,143,306,1316,0.0001,10939,3.27482008934021
-3.233550960000001,0.05,43906,35.9,143,306,1317,0.0001,10951,4.924517631530762
-3.3395339900000005,0.05,43931,35.82,143,306,1318,0.0001,10957,3.0324552059173584
-3.3532492200000004,0.05,43956,35.81,143,306,1319,0.0001,10963,0.8036857843399048
-3.2157682999999997,0.05,43991,35.91,143,307,1320,0.0001,10972,2.9666624069213867
-3.20754465,0.05,44017,35.92,143,307,1321,0.0001,10979,6.723706245422363
-3.6765904400000005,0.05,44042,35.32,143,307,1322,0.0001,10985,2.4979286193847656
-3.6756138900000006,0.05,44067,35.31,143,307,1323,0.0001,10991,0.9806529879570007
-3.6896300600000003,0.05,44092,35.3,143,308,1324,0.0001,10997,0.9302455186843872
-3.6651747900000005,0.05,44120,35.33,143,308,1325,0.0001,11004,2.6169376373291016
-3.7182381600000003,0.05,44147,35.28,143,308,1326,0.0001,11011,5.15408182144165
-3.7625104999999994,0.05,44172,35.24,143,308,1327,0.0001,11017,1.1122674942016602
-4.350733159999999,0.05,44197,34.64,143,308,1328,0.0001,11024,2.919520854949951
-3.629199159999999,0.05,44264,35.06,143,309,1329,0.0001,11040,0.8287681341171265
-3.6702560399999995,0.05,44289,35.02,143,309,1330,0.0001,11047,3.1285691261291504
-3.6992381399999994,0.05,44315,35.0,143,309,1331,0.0001,11053,1.230218529701233
-4.58014737,0.05,44347,34.47,143,310,1332,0.0001,11061,0.9643044471740723
-4.6206068899999995,0.05,44372,34.43,143,310,1333,0.0001,11067,2.707721471786499
-4.6261125,0.05,44397,34.42,142,310,1334,0.0001,11074,2.926050901412964
-4.63120605,0.05,44423,34.42,142,310,1335,0.0001,11080,4.918269157409668
-4.74654941,0.05,44451,34.36,142,310,1336,0.0001,11087,3.1012091636657715
-4.75988991,0.05,44476,34.35,142,311,1337,0.0001,11093,4.844714164733887
-4.795577359999999,0.05,44501,34.32,142,311,1338,0.0001,11100,2.769151449203491
-4.07302018,0.05,44586,34.92,142,311,1339,0.0001,11121,0.882129430770874
-4.166268110000001,0.05,44611,34.85,142,312,1340,0.0001,11127,1.114892601966858
-4.332237000000001,0.05,44636,34.73,142,312,1341,0.0001,11133,3.073029041290283
-4.17405521,0.05,44672,34.84,142,312,1342,0.0001,11142,0.9534261226654053
-4.17437024,0.05,44697,34.84,142,312,1343,0.0001,11149,1.1248281002044678
-4.17412585,0.05,44722,34.84,142,312,1344,0.0001,11155,1.0262203216552734
-4.236043459999999,0.05,44748,34.25,142,313,1345,0.0001,11161,0.8371764421463013
-4.090395239999999,0.05,44833,34.85,142,313,1346,0.0001,11183,0.9274422526359558
-4.073014789999999,0.05,44859,34.86,142,313,1347,0.0001,11189,2.9237799644470215
-3.9716073599999993,0.05,44892,34.94,142,314,1348,0.0001,11197,3.3825950622558594
-4.051247569999999,0.05,44917,34.87,142,314,1349,0.0001,11204,0.9779695272445679
-4.05124757,0.05,44942,34.87,142,314,1350,0.0001,11210,0.9930940866470337
-3.95343281,0.05,44967,34.27,142,314,1351,0.0001,11216,2.891810894012451
-3.96468349,0.05,44992,34.26,142,314,1352,0.0001,11222,2.858253240585327
-3.964683489999999,0.05,45017,34.26,142,315,1353,0.0001,11229,3.020071029663086
-3.6700557899999997,0.05,45102,34.86,142,315,1354,0.0001,11250,0.927160382270813
-3.6520338299999997,0.05,45132,34.86,142,316,1355,0.0001,11257,4.8532609939575195
-3.2034324200000004,0.05,45187,35.16,142,316,1356,0.0001,11271,0.6371222734451294
-2.380674149999999,0.05,45272,35.74,142,316,1357,0.0001,11292,1.2961664199829102
-2.4721556899999997,0.05,45297,35.66,142,317,1358,0.0001,11299,2.9234776496887207
-2.92293429,0.05,45322,35.37,142,317,1359,0.0001,11305,1.0595309734344482
-2.7480856399999998,0.05,45358,35.48,142,317,1360,0.0001,11314,3.021799087524414
-2.5412031699999997,0.05,45399,35.61,142,317,1361,0.0001,11324,0.8771007061004639
-2.1225815199999998,0.05,45451,35.88,142,318,1362,0.0001,11337,3.3370118141174316
-1.96283473,0.05,45487,35.99,142,318,1363,0.0001,11346,0.8699393272399902
-1.9622436299999995,0.05,45512,35.99,142,318,1364,0.0001,11352,3.141446590423584
-1.9755375999999998,0.05,45537,35.97,142,318,1365,0.0001,11359,1.0563075542449951
-1.9889236099999998,0.05,45562,35.96,142,318,1366,0.0001,11365,3.3080127239227295
-1.9698698299999997,0.05,45588,35.96,142,319,1367,0.0001,11371,4.962360382080078
-1.9573312900000002,0.05,45613,35.36,142,319,1368,0.0001,11378,0.6612377166748047
-1.9449373600000002,0.05,45638,35.36,142,319,1369,0.0001,11384,4.818434238433838
-1.9442339200000003,0.05,45663,35.36,142,319,1370,0.0001,11390,0.9518873691558838
-2.10549905,0.05,45688,35.25,142,320,1371,0.0001,11396,2.970745325088501
-2.1063087900000004,0.05,45713,35.24,142,320,1372,0.0001,11403,3.132307291030884
-2.1156397499999997,0.05,45738,35.24,142,320,1373,0.0001,11409,0.9039204716682434
-2.03734914,0.05,45770,35.31,142,320,1374,0.0001,11417,1.2628846168518066
-2.46432233,0.05,45795,35.09,142,320,1375,0.0001,11423,0.8545203804969788
-2.4857049900000003,0.05,45820,35.08,142,321,1376,0.0001,11429,7.061618804931641
-2.37130358,0.05,45854,35.17,142,321,1377,0.0001,11438,5.152795314788818
-2.3654260099999997,0.05,45879,35.17,142,321,1378,0.0001,11444,2.759594440460205
-2.8769088400000005,0.05,45911,34.64,142,321,1379,0.0001,11452,2.952028751373291
-2.8949992200000003,0.05,45937,34.64,142,321,1380,0.0001,11459,4.65775728225708
-2.76179902,0.05,45971,34.73,142,322,1381,0.0001,11467,0.9668643474578857
-2.7616181199999996,0.05,45996,34.73,142,322,1382,0.0001,11473,0.7714468240737915
-2.8228059500000002,0.05,46028,34.2,142,322,1383,0.0001,11481,0.8666220903396606
-2.7967038000000004,0.05,46056,34.22,142,322,1384,0.0001,11488,9.08277702331543
-2.92038288,0.05,46081,33.62,142,322,1385,0.0001,11495,2.7747080326080322
-3.146117940000001,0.05,46106,33.47,142,323,1386,0.0001,11501,2.953554153442383
-3.144085950000001,0.05,46131,33.46,142,323,1387,0.0001,11507,0.8400408029556274
-3.157462100000001,0.05,46156,33.45,142,323,1388,0.0001,11513,0.840045690536499
-3.6143212700000005,0.05,46182,32.86,142,323,1389,0.0001,11520,2.8804821968078613
-3.5411140200000006,0.05,46213,32.92,142,324,1390,0.0001,11528,5.230579376220703
-3.546445990000001,0.05,46240,32.93,142,324,1391,0.0001,11534,1.0905542373657227
-3.6192043500000004,0.05,46265,32.87,142,324,1392,0.0001,11541,2.9039595127105713
-3.6206458300000004,0.05,46290,32.87,142,324,1393,0.0001,11547,1.1029261350631714
-3.1591234000000004,0.05,46375,33.46,142,325,1394,0.0001,11568,1.1083582639694214
-3.8529957000000006,0.05,46400,32.99,142,325,1395,0.0001,11574,5.447968482971191
-3.92436758,0.05,46426,32.93,142,325,1396,0.0001,11581,1.063096046447754
-3.93492431,0.05,46451,32.92,142,325,1397,0.0001,11587,0.8828441500663757
-3.8541834699999997,0.05,46484,32.99,142,325,1398,0.0001,11595,1.258814811706543
-3.85218377,0.05,46509,32.99,142,326,1399,0.0001,11602,0.7997468709945679
-3.86246179,0.05,46534,32.98,142,326,1400,0.0001,11608,0.7086671590805054
-3.8664523099999997,0.05,46560,32.98,142,326,1401,0.0001,11614,2.8435449600219727
-3.98443605,0.05,46586,32.9,142,326,1402,0.0001,11621,0.7429386377334595
-3.9848351799999993,0.05,46612,32.91,142,326,1403,0.0001,11627,2.951345443725586
-3.97635638,0.05,46637,32.91,142,327,1404,0.0001,11634,0.897444486618042
-4.17771423,0.05,46662,32.31,142,327,1405,0.0001,11640,0.9477264881134033
-4.17771423,0.05,46687,32.31,142,327,1406,0.0001,11646,4.744834899902344
-4.19303137,0.05,46712,32.29,142,327,1407,0.0001,11652,1.0505056381225586
-4.291396720000001,0.05,46737,32.21,142,328,1408,0.0001,11659,1.2351524829864502
-4.65721265,0.05,46762,31.99,142,328,1409,0.0001,11665,2.9952147006988525
-4.92544071,0.05,46847,32.22,142,328,1410,0.0001,11686,5.0801777839660645
-5.901280869999999,0.05,46873,31.63,142,328,1411,0.0001,11693,1.146859884262085
-5.924473839999999,0.05,46900,31.61,142,329,1412,0.0001,11699,7.012672424316406
-5.932700179999999,0.05,46926,31.59,142,329,1413,0.0001,11706,0.7829787135124207
-6.027166699999998,0.05,46952,31.53,142,329,1414,0.0001,11712,0.9203683733940125
-6.103079009999998,0.05,46977,31.46,142,329,1415,0.0001,11719,2.775930643081665
-6.023200839999999,0.05,47009,31.52,142,329,1416,0.0001,11727,6.892075538635254
-6.429410239999999,0.05,47035,31.29,142,330,1417,0.0001,11733,7.421521186828613
-6.397250829999999,0.05,47061,31.3,142,330,1418,0.0001,11740,1.1773393154144287
-6.3972289,0.05,47086,31.3,142,330,1419,0.0001,11746,3.1614444255828857
-5.98631989,0.05,47148,31.57,142,330,1420,0.0001,11761,3.236268997192383
-5.9030895999999995,0.05,47181,31.64,142,331,1421,0.0001,11770,5.07243537902832
-5.908027229999999,0.05,47206,31.64,142,331,1422,0.0001,11776,0.7728073596954346
-5.908038049999999,0.05,47231,31.64,142,331,1423,0.0001,11782,3.082655906677246
-5.764006139999999,0.05,47267,31.75,142,332,1424,0.0001,11791,4.890876770019531
-5.789443059999999,0.05,47293,31.73,142,332,1425,0.0001,11798,6.871892929077148
-5.814575679999998,0.05,47318,31.71,142,332,1426,0.0001,11804,1.086026668548584
-5.806081939999999,0.05,47343,31.71,142,332,1427,0.0001,11810,4.8446149826049805
-5.766326929999999,0.05,47372,31.75,142,332,1428,0.0001,11817,3.0519189834594727
-6.445787289999999,0.05,47401,31.37,142,333,1429,0.0001,11825,2.9089062213897705
-6.45154373,0.05,47426,31.37,142,333,1430,0.0001,11831,1.3646184206008911
-6.404939890000001,0.05,47456,31.41,142,333,1431,0.0001,11838,3.1625640392303467
-6.13532738,0.05,47541,31.94,142,333,1432,0.0001,11860,2.9585258960723877
-6.103573260000001,0.05,47570,31.98,142,334,1433,0.0001,11867,1.127934455871582
-6.103078470000001,0.05,47595,31.98,142,334,1434,0.0001,11873,14.789155960083008
-6.080471130000001,0.05,47624,32.01,142,334,1435,0.0001,11880,1.0190303325653076
-6.07190711,0.05,47652,32.01,142,334,1436,0.0001,11887,0.6785463094711304
-5.8847618599999985,0.05,47688,32.12,142,335,1437,0.0001,11896,4.803841590881348
-5.815494449999999,0.05,47719,32.18,142,335,1438,0.0001,11904,2.8048150539398193
-6.043862039999999,0.05,47772,31.86,142,335,1439,0.0001,11917,1.1811105012893677
-6.043207669999998,0.05,47797,31.86,142,335,1440,0.0001,11924,2.8448729515075684
-6.043207669999999,0.05,47822,31.86,142,336,1441,0.0001,11930,5.017827987670898
-5.361427819999999,0.05,47907,32.35,142,336,1442,0.0001,11951,0.92513507604599
-5.357029029999999,0.05,47933,32.36,142,336,1443,0.0001,11958,4.927621841430664
-5.357248870000001,0.05,47958,32.36,142,336,1444,0.0001,11964,2.8276307582855225
-5.358755260000001,0.05,47983,32.35,142,337,1445,0.0001,11970,5.005126953125
-5.495342510000001,0.05,48008,31.75,142,337,1446,0.0001,11976,6.558069229125977
-5.498079780000001,0.05,48034,31.75,142,337,1447,0.0001,11983,4.710766315460205
-5.599640230000001,0.05,48059,31.67,142,337,1448,0.0001,11989,3.217215061187744
-5.477572640000001,0.05,48093,31.76,142,338,1449,0.0001,11998,0.862047553062439
-5.32016361,0.05,48126,31.84,142,338,1450,0.0001,12006,0.8764688372612
-5.146037549999999,0.05,48163,31.96,142,338,1451,0.0001,12015,3.0272555351257324
-5.142875330000001,0.05,48188,31.96,142,338,1452,0.0001,12021,4.770339488983154
-5.1428056600000005,0.05,48213,31.96,142,339,1453,0.0001,12028,1.1929216384887695
-5.433182130000001,0.05,48238,31.36,142,339,1454,0.0001,12034,3.0471456050872803
-4.83031051,0.05,48306,31.74,142,339,1455,0.0001,12051,7.13861083984375
-5.2789119200000005,0.05,48331,31.44,142,339,1456,0.0001,12057,1.012751579284668
-6.114235819999999,0.05,48356,30.84,142,340,1457,0.0001,12063,4.745946884155273
-6.1131977,0.05,48381,30.84,142,340,1458,0.0001,12070,0.6686651110649109
-6.105950499999999,0.05,48406,30.84,142,340,1459,0.0001,12076,1.0926711559295654
-6.280799149999999,0.05,48431,30.73,142,340,1460,0.0001,12082,1.2414865493774414
-6.44137191,0.05,48463,30.64,142,341,1461,0.0001,12090,2.7846732139587402
-6.8599935599999995,0.05,48488,30.37,142,341,1462,0.0001,12096,2.724961996078491
-7.019740339999999,0.05,48513,30.26,142,341,1463,0.0001,12103,0.7199574708938599
-7.030907339999999,0.05,48538,30.26,142,341,1464,0.0001,12109,0.7745625972747803
-6.77027664,0.05,48623,30.86,142,342,1465,0.0001,12130,3.1497609615325928
-6.7702626200000005,0.05,48648,30.86,142,342,1466,0.0001,12136,0.6863933205604553
-6.700618300000001,0.05,48680,30.92,142,342,1467,0.0001,12144,0.8749535083770752
-6.700280950000002,0.05,48705,30.92,142,342,1468,0.0001,12151,2.8981094360351562
-6.702470580000002,0.05,48730,30.92,142,342,1469,0.0001,12157,5.186330795288086
-6.087294420000001,0.05,48792,31.29,142,343,1470,0.0001,12172,2.8159403800964355
-6.031498720000001,0.05,48822,31.34,142,343,1471,0.0001,12180,2.7641682624816895
-6.01663192,0.05,48848,31.35,142,343,1472,0.0001,12186,1.4433400630950928
-6.00736122,0.05,48873,31.35,142,344,1473,0.0001,12193,1.0173598527908325
-5.30577314,0.05,48942,31.72,142,344,1474,0.0001,12210,0.9182602167129517
-5.305496000000001,0.05,48967,31.72,142,344,1475,0.0001,12216,7.19598388671875
-5.306954730000001,0.05,48992,31.72,142,344,1476,0.0001,12222,2.832859992980957
-5.415579980000001,0.05,49018,31.64,142,345,1477,0.0001,12229,8.451349258422852
-5.41557998,0.05,49043,31.64,142,345,1478,0.0001,12235,3.3822531700134277
-5.50240129,0.05,49068,31.57,142,345,1479,0.0001,12241,0.7040185928344727
-5.508526870000001,0.05,49093,31.56,142,345,1480,0.0001,12248,0.6725131273269653
-5.637666540000001,0.05,49118,31.47,142,345,1481,0.0001,12254,2.895585060119629
-5.5694732799999995,0.05,49149,31.53,141,346,1482,0.0001,12262,4.943809509277344
-5.54227038,0.05,49182,31.54,141,346,1483,0.0001,12270,2.7041757106781006
-5.492309209999999,0.05,49214,31.58,141,346,1484,0.0001,12278,0.5892758369445801
-5.4922489500000005,0.05,49239,31.58,141,346,1485,0.0001,12284,1.1136263608932495
-4.86040396,0.05,49304,31.98,142,347,1486,0.0001,12300,2.6878247261047363
-4.111764300000001,0.05,49389,32.58,142,347,1487,0.0001,12322,6.861155033111572
-4.31050962,0.05,49474,33.18,142,347,1488,0.0001,12343,6.602516174316406
-4.32209497,0.05,49499,33.17,142,348,1489,0.0001,12349,4.729378700256348
-4.38970167,0.05,49524,33.11,142,348,1490,0.0001,12355,2.9575939178466797
-4.388773030000001,0.05,49550,33.1,142,348,1491,0.0001,12362,3.0839450359344482
-4.288706550000001,0.05,49583,33.18,142,348,1492,0.0001,12370,4.946372032165527
-4.291121670000001,0.05,49608,33.18,142,348,1493,0.0001,12376,2.8171350955963135
-4.767088640000001,0.05,49633,32.58,142,349,1494,0.0001,12383,0.8312337398529053
-4.77181181,0.05,49658,32.58,142,349,1495,0.0001,12389,7.267507553100586
-4.100544740000001,0.05,49731,33.05,142,349,1496,0.0001,12407,3.12130069732666
-4.081680360000001,0.05,49757,33.06,142,349,1497,0.0001,12414,2.78041410446167
-4.1802038,0.05,49782,32.98,142,350,1498,0.0001,12420,3.029446601867676
-4.180014720000001,0.05,49807,32.98,142,350,1499,0.0001,12426,2.8348183631896973
-4.16753211,0.05,49832,32.98,142,350,1500,0.0001,12432,2.635751247406006
-4.1601440300000005,0.05,49858,32.98,142,350,1501,0.0001,12439,2.7746801376342773
-4.1600927500000004,0.05,49884,32.98,142,351,1502,0.0001,12445,0.6301797032356262
-4.160284720000001,0.05,49909,32.97,142,351,1503,0.0001,12452,0.8477798104286194
-4.137157470000002,0.05,49936,32.99,142,351,1504,0.0001,12458,0.7861736416816711
-4.136747060000001,0.05,49961,32.99,142,351,1505,0.0001,12465,2.7682220935821533
-4.019816440000001,0.05,49995,33.08,142,351,1506,0.0001,12473,0.9053621292114258
-4.017442680000001,0.05,50020,33.08,142,352,1507,0.0001,12479,7.167016506195068
-4.0174113400000016,0.05,50045,33.08,142,352,1508,0.0001,12486,3.202449321746826
-3.9562555300000013,0.05,50075,33.13,142,352,1509,0.0001,12493,2.826378583908081
-3.8375989400000003,0.05,50160,33.13,142,353,1510,0.0001,12514,2.9164674282073975
-3.79727017,0.05,50245,33.72,142,353,1511,0.0001,12536,3.590029001235962
-3.7007909800000003,0.05,50278,33.78,142,353,1512,0.0001,12544,3.2008023262023926
-3.7024165,0.05,50304,33.78,142,353,1513,0.0001,12550,1.0822714567184448
-3.42773732,0.05,50347,33.95,142,354,1514,0.0001,12561,4.889679431915283
-3.016439860000001,0.05,50399,34.22,142,354,1515,0.0001,12574,2.9780168533325195
-2.9380993600000007,0.05,50484,34.75,142,354,1516,0.0001,12595,5.27678108215332
-2.9508764400000005,0.05,50509,34.74,142,354,1517,0.0001,12602,1.4054877758026123
-2.9575795,0.05,50536,34.75,142,355,1518,0.0001,12608,4.953112602233887
-2.92886696,0.05,50564,34.78,142,355,1519,0.0001,12615,2.732346773147583
-3.3561189599999994,0.05,50598,34.5,142,355,1520,0.0001,12624,3.492875099182129
-3.41962307,0.05,50626,34.45,142,355,1521,0.0001,12631,3.354747772216797
-3.3555936400000004,0.05,50656,34.5,142,356,1522,0.0001,12638,2.96274733543396
-3.2350995200000012,0.05,50741,35.1,142,356,1523,0.0001,12660,1.3837764263153076
-3.1828783200000004,0.05,50780,35.13,142,356,1524,0.0001,12669,3.075038433074951
-3.181751910000001,0.05,50805,35.12,142,356,1525,0.0001,12676,5.01755952835083
-3.16665437,0.05,50832,35.14,142,357,1526,0.0001,12682,3.0065462589263916
-3.1665412,0.05,50858,35.15,142,357,1527,0.0001,12689,1.1029099225997925
-3.20728854,0.05,50883,35.11,142,357,1528,0.0001,12695,3.00943660736084
-3.2363993699999996,0.05,50909,35.08,142,357,1529,0.0001,12702,1.0819027423858643
-3.2306566500000002,0.05,50934,35.08,142,357,1530,0.0001,12708,4.961309432983398
-3.25589939,0.05,50962,35.06,142,358,1531,0.0001,12715,3.229518413543701
-3.62102789,0.05,50987,34.46,142,358,1532,0.0001,12721,3.416762351989746
-3.56544658,0.05,51020,34.5,142,358,1533,0.0001,12729,4.827582359313965
-3.56377524,0.05,51045,34.5,142,358,1534,0.0001,12736,5.097602367401123
-3.59977715,0.05,51070,34.46,142,358,1535,0.0001,12742,7.345182418823242
-3.6135188499999997,0.05,51096,34.44,142,358,1536,0.0001,12748,0.7628434896469116
-3.81115332,0.05,51121,34.33,142,359,1537,0.0001,12755,1.0343477725982666
-3.7020639000000006,0.05,51206,34.87,142,359,1538,0.0001,12776,2.961442232131958
-4.14919812,0.05,51236,34.64,142,359,1539,0.0001,12783,3.391098976135254
-4.09263356,0.05,51266,34.69,142,359,1540,0.0001,12791,2.799741268157959
-4.014850860000001,0.05,51298,34.76,142,360,1541,0.0001,12799,2.902805805206299
-4.838871940000001,0.05,51324,34.17,142,360,1542,0.0001,12805,5.269856929779053
-4.830097070000001,0.05,51409,34.76,142,360,1543,0.0001,12827,3.035334348678589
-4.829918790000001,0.05,51434,34.76,142,360,1544,0.0001,12833,0.8000325560569763
-4.82824453,0.05,51459,34.76,142,361,1545,0.0001,12839,4.9337615966796875
-4.82884548,0.05,51484,34.76,142,361,1546,0.0001,12845,2.8935346603393555
-4.821513739999999,0.05,51510,34.76,142,361,1547,0.0001,12852,4.715241432189941
-4.83099504,0.05,51535,34.76,142,361,1548,0.0001,12858,1.049407958984375
-4.95302091,0.05,51560,34.67,142,361,1549,0.0001,12864,0.8394070863723755
-4.361310710000001,0.05,51645,35.19,142,362,1550,0.0001,12886,5.424686431884766
-3.6498045500000007,0.05,51730,35.67,142,362,1551,0.0001,12907,2.8522276878356934
-3.5764985600000005,0.05,51815,36.27,142,362,1552,0.0001,12928,0.8195699453353882
-3.57657828,0.05,51840,36.27,142,363,1553,0.0001,12934,3.145411729812622
-3.1789264999999993,0.05,51925,36.87,142,363,1554,0.0001,12956,0.8333910703659058
-3.78804447,0.05,51955,36.49,142,363,1555,0.0001,12963,3.0079421997070312
-3.44917421,0.05,51997,36.66,142,363,1556,0.0001,12974,1.0625507831573486
-3.4496451700000006,0.05,52022,36.66,142,363,1557,0.0001,12980,3.3910622596740723
-2.1393363900000004,0.05,52107,37.26,143,364,1558,0.0001,13001,4.867062568664551
-2.099727110000001,0.05,52192,37.86,143,364,1559,0.0001,13022,3.1757373809814453
-2.10382416,0.05,52217,37.86,143,364,1560,0.0001,13029,0.9065954685211182
-2.15425472,0.05,52246,37.83,143,365,1561,0.0001,13036,0.8345871567726135
-2.11918047,0.05,52275,37.87,143,365,1562,0.0001,13043,5.418761253356934
-1.85432715,0.05,52360,38.47,143,365,1563,0.0001,13064,1.1964229345321655
-1.8437611099999993,0.05,52385,38.47,143,365,1564,0.0001,13071,0.7738018035888672
-2.0915434999999998,0.05,52411,37.88,143,366,1565,0.0001,13077,3.0159552097320557
-2.0529393799999998,0.05,52496,38.48,143,366,1566,0.0001,13098,2.9518139362335205
-1.4091744499999996,0.05,52581,39.01,143,366,1567,0.0001,13120,4.880304336547852
-1.3375494500000003,0.05,52612,39.07,143,367,1568,0.0001,13127,0.8433888554573059
-1.3224822400000003,0.05,52638,39.08,143,367,1569,0.0001,13134,4.791947364807129
-1.7600727500000004,0.05,52723,39.31,143,367,1570,0.0001,13155,0.8221964240074158
-1.8156256700000006,0.05,52748,39.26,143,367,1571,0.0001,13161,3.292181968688965
-1.65711566,0.05,52785,39.37,143,367,1572,0.0001,13171,1.1634721755981445
-1.6571156600000003,0.05,52810,39.37,143,368,1573,0.0001,13177,2.98506760597229
-2.43699435,0.05,52835,38.93,143,368,1574,0.0001,13183,0.9330310225486755
-2.2070511199999996,0.05,52875,39.08,143,368,1575,0.0001,13193,3.154320240020752
-2.2056068799999995,0.05,52900,39.08,143,368,1576,0.0001,13199,3.1397979259490967
-2.11492771,0.05,52933,39.15,143,369,1577,0.0001,13208,0.5799910426139832
-2.10189115,0.05,52960,39.17,143,369,1578,0.0001,13214,2.9254229068756104
-2.09740076,0.05,52985,39.17,143,369,1579,0.0001,13221,3.6079607009887695
-2.0564967700000003,0.05,53014,39.21,143,369,1580,0.0001,13228,2.8590869903564453
-2.0563056600000005,0.05,53039,39.21,143,369,1581,0.0001,13234,2.9838802814483643
-2.12465821,0.05,53064,39.15,143,370,1582,0.0001,13240,3.0766944885253906
-2.2171037,0.05,53090,39.08,143,370,1583,0.0001,13247,5.170291900634766
-2.2264673700000004,0.05,53121,39.07,143,370,1584,0.0001,13255,4.762792110443115
-2.2265912900000004,0.05,53146,39.07,143,370,1585,0.0001,13261,0.857364296913147
-2.85263536,0.05,53171,38.67,143,370,1586,0.0001,13267,6.833040237426758
-3.52920135,0.05,53202,38.13,143,371,1587,0.0001,13275,1.031869888305664
-3.3024557199999998,0.05,53230,37.56,143,371,1588,0.0001,13282,3.1315600872039795
-3.2783814700000007,0.05,53256,37.57,143,371,1589,0.0001,13288,6.790742874145508
-3.23214621,0.05,53285,37.61,143,371,1590,0.0001,13296,2.9836602210998535
-3.21908006,0.05,53313,37.63,143,371,1591,0.0001,13303,2.7840940952301025
-3.3191095600000007,0.05,53338,37.55,143,372,1592,0.0001,13309,2.8233652114868164
-3.3016227299999996,0.05,53364,37.56,143,372,1593,0.0001,13315,0.9821338653564453
-3.2705957599999995,0.05,53392,37.59,143,372,1594,0.0001,13322,1.2315151691436768
-2.6911021999999996,0.05,53457,37.99,143,372,1595,0.0001,13339,1.0392608642578125
-3.29265257,0.05,53489,37.58,143,373,1596,0.0001,13347,3.6259307861328125
-3.2523301,0.05,53574,38.17,143,373,1597,0.0001,13368,7.020395278930664
-3.2339416400000003,0.05,53602,38.2,143,373,1598,0.0001,13375,1.1787540912628174
-3.2409476600000007,0.05,53627,38.2,143,373,1599,0.0001,13381,6.765735149383545
-3.2418148,0.05,53653,38.21,143,373,1600,0.0001,13388,0.69481360912323
-2.9275894800000004,0.05,53698,38.4,143,374,1601,0.0001,13399,2.7369911670684814
-2.926576640000001,0.05,53724,38.4,143,374,1602,0.0001,13405,1.083106279373169
-2.780772220000001,0.05,53758,38.49,143,374,1603,0.0001,13414,4.839312553405762
-1.9390953600000005,0.05,53843,39.07,143,375,1604,0.0001,13435,1.0936293601989746
-1.8724603200000005,0.05,53874,39.13,143,375,1605,0.0001,13443,5.201202392578125
-1.9903257700000003,0.05,53899,39.04,143,375,1606,0.0001,13449,2.707343339920044
-1.9910084400000008,0.05,53924,39.04,143,375,1607,0.0001,13455,3.043773651123047
-1.4712647700000006,0.05,53980,39.35,143,375,1608,0.0001,13469,8.510085105895996
-1.5330529900000005,0.05,54006,39.31,143,376,1609,0.0001,13476,2.909031391143799
-1.8704480400000008,0.05,54031,38.71,143,376,1610,0.0001,13482,7.272550582885742
-1.9119743400000004,0.05,54057,38.12,143,376,1611,0.0001,13489,1.0436581373214722
-1.3818867300000006,0.05,54142,38.64,143,376,1612,0.0001,13510,2.7786951065063477
-1.3819269900000004,0.05,54168,38.64,143,377,1613,0.0001,13516,0.9477758407592773
-1.5910225000000002,0.05,54199,38.52,143,377,1614,0.0001,13524,2.748816967010498
-2.00387772,0.05,54224,38.25,143,377,1615,0.0001,13530,2.9380621910095215
-1.7916881800000004,0.05,54309,38.25,143,377,1616,0.0001,13552,3.2355074882507324
-1.7310907000000002,0.05,54339,38.3,143,378,1617,0.0001,13559,3.0545225143432617
-1.7307513400000003,0.05,54365,38.29,143,378,1618,0.0001,13566,4.948166847229004
-1.7594638800000004,0.05,54390,38.26,143,378,1619,0.0001,13572,4.7930216789245605
-1.7852034900000004,0.05,54423,38.25,143,378,1620,0.0001,13580,4.822978496551514
-1.806666,0.05,54449,38.23,143,378,1621,0.0001,13587,1.1998368501663208
-1.8655687200000006,0.05,54474,38.18,143,379,1622,0.0001,13593,5.127181053161621
-1.9831185900000003,0.05,54500,37.59,143,379,1623,0.0001,13599,0.9181094169616699
-2.1519680500000002,0.05,54528,37.48,143,379,1624,0.0001,13606,0.8884776830673218
-2.0854291000000007,0.05,54559,37.54,143,379,1625,0.0001,13614,0.9163088798522949
-2.0807710800000003,0.05,54586,37.54,143,379,1626,0.0001,13621,0.7553151845932007
-2.0888383900000003,0.05,54611,37.53,143,379,1627,0.0001,13627,3.0569546222686768
-2.0902660400000004,0.05,54636,37.53,143,380,1628,0.0001,13633,2.6052277088165283
-2.0513040300000003,0.05,54665,37.56,143,380,1629,0.0001,13641,3.078606605529785
-1.9649838300000002,0.05,54697,37.63,143,380,1630,0.0001,13649,3.5086801052093506
-1.63929384,0.05,54743,37.81,143,380,1631,0.0001,13660,2.84390926361084
-1.6392938399999997,0.05,54768,37.81,143,381,1632,0.0001,13666,2.923135757446289
-1.67937317,0.05,54798,37.78,143,381,1633,0.0001,13674,0.9051272869110107
-1.6620247399999994,0.05,54825,37.8,143,381,1634,0.0001,13681,4.961976051330566
-0.9858639499999995,0.05,54889,38.19,143,381,1635,0.0001,13697,0.8869222402572632
-0.9975573799999996,0.05,54914,38.18,143,381,1636,0.0001,13703,5.176229000091553
-0.9965346399999997,0.05,54939,38.18,143,382,1637,0.0001,13709,0.8218282461166382
-0.45793073999999967,0.05,55024,38.18,143,382,1638,0.0001,13730,4.756664276123047
-0.5060102799999997,0.05,55049,38.13,143,382,1639,0.0001,13737,3.149801254272461
-0.5625748399999996,0.05,55074,38.08,143,382,1640,0.0001,13743,1.0718063116073608
-0.07482391999999968,0.05,55159,38.61,143,383,1641,0.0001,13764,2.897920846939087
-0.006356659999999507,0.05,55190,38.66,143,383,1642,0.0001,13772,2.80564546585083
0.3354782600000003,0.05,55236,38.27,143,383,1643,0.0001,13783,0.9926490187644958
0.36487027000000033,0.05,55264,38.3,143,383,1644,0.0001,13790,1.098187804222107
0.36487230000000026,0.05,55289,38.3,143,384,1645,0.0001,13797,2.9934215545654297
1.0751329200000002,0.05,55368,38.84,144,384,1646,0.0001,13816,5.0575032234191895
1.0577584700000005,0.05,55394,38.84,144,384,1647,0.0001,13823,2.984574556350708
1.0681212500000004,0.05,55419,38.84,144,384,1648,0.0001,13829,0.6671732664108276
1.0815029100000007,0.05,55445,38.85,144,384,1649,0.0001,13836,2.815382957458496
0.3379588599999998,0.05,55471,38.26,144,385,1650,0.0001,13842,0.8385144472122192
0.11259893000000006,0.05,55556,38.26,144,385,1651,0.0001,13863,1.0628517866134644
0.18249016000000004,0.05,55641,38.26,144,385,1652,0.0001,13885,0.9063018560409546
0.19688869000000017,0.05,55667,38.27,144,386,1653,0.0001,13891,2.8822731971740723
-0.12643805000000014,0.05,55698,37.73,144,386,1654,0.0001,13899,3.0604658126831055
-0.06901096000000011,0.05,55732,37.77,144,386,1655,0.0001,13907,2.8045973777770996
-0.23966417999999998,0.05,55769,37.72,144,386,1656,0.0001,13917,2.882874011993408
-0.22488840000000004,0.05,55796,37.74,144,386,1657,0.0001,13923,3.1486644744873047
-1.5362326799999997,0.05,55821,37.14,144,387,1658,0.0001,13930,0.7469196915626526
-1.5767753099999995,0.05,55847,36.55,144,387,1659,0.0001,13936,5.157963752746582
-1.4842917499999997,0.05,55880,36.63,144,387,1660,0.0001,13944,2.8407225608825684
-1.2715213599999997,0.05,55919,36.73,144,387,1661,0.0001,13954,4.744731426239014
-1.2157281499999997,0.05,55952,36.77,144,387,1662,0.0001,13962,4.720599174499512
-1.4814518799999994,0.05,55978,36.18,144,388,1663,0.0001,13969,0.6308066844940186
-1.4814420199999996,0.05,56003,36.18,144,388,1664,0.0001,13975,0.8235067129135132
-0.53472533,0.05,56088,36.77,144,388,1665,0.0001,13996,0.7489728927612305
-0.5703463900000001,0.05,56114,36.18,144,388,1666,0.0001,14003,1.1261835098266602
-1.2117326400000001,0.05,56146,35.65,144,389,1667,0.0001,14011,3.043254852294922
-0.9380975400000002,0.05,56231,36.19,144,389,1668,0.0001,14032,1.072401762008667
-0.8972633200000004,0.05,56316,36.78,144,389,1669,0.0001,14053,1.057403326034546
-0.41305568999999975,0.05,56380,36.57,144,390,1670,0.0001,14069,0.6306378841400146
-0.4028683699999999,0.05,56406,36.58,144,390,1671,0.0001,14076,4.65237283706665
-0.5192868700000004,0.05,56436,36.51,144,390,1672,0.0001,14083,2.799633026123047
-0.5190039800000004,0.05,56461,36.51,144,390,1673,0.0001,14090,0.9641678333282471
-0.5188972200000004,0.05,56486,36.51,144,390,1674,0.0001,14096,2.9670422077178955
-0.7489007100000002,0.05,56511,36.36,144,391,1675,0.0001,14102,4.925961017608643
-0.7209299500000002,0.05,56538,36.38,144,391,1676,0.0001,14109,8.526153564453125
-0.81756618,0.05,56563,36.3,144,391,1677,0.0001,14115,2.671935558319092
-0.8306487699999999,0.05,56588,36.28,144,391,1678,0.0001,14121,0.8290508985519409
-0.8255956300000001,0.05,56613,36.28,144,391,1679,0.0001,14128,2.8723771572113037
-0.02853597000000022,0.05,56698,36.84,144,392,1680,0.0001,14149,5.3158979415893555
-0.021595590000000192,0.05,56725,36.86,144,392,1681,0.0001,14156,4.642871856689453
0.02299660999999956,0.05,56755,36.91,144,392,1682,0.0001,14163,2.505671977996826
0.1038988799999996,0.05,56788,36.98,144,392,1683,0.0001,14171,0.7065644264221191
0.06396625999999951,0.05,56816,36.95,144,392,1684,0.0001,14178,3.0041086673736572
0.06402991999999935,0.05,56841,36.95,144,393,1685,0.0001,14185,6.973581314086914
0.19813458999999894,0.05,56874,37.03,144,393,1686,0.0001,14193,2.917179822921753
0.4931371399999993,0.05,56922,37.2,144,393,1687,0.0001,14205,5.413901329040527
0.4587095099999993,0.05,56947,37.17,144,393,1688,0.0001,14211,5.051480293273926
0.8931476099999992,0.05,56999,37.43,144,394,1689,0.0001,14224,2.903005599975586
0.9472112699999993,0.05,57032,37.47,144,394,1690,0.0001,14232,2.7990517616271973
1.0007916299999993,0.05,57064,37.51,144,394,1691,0.0001,14240,1.1071053743362427
1.7280119699999994,0.05,57133,37.95,144,394,1692,0.0001,14258,6.836636066436768
1.9649989499999991,0.05,57173,38.09,144,395,1693,0.0001,14268,2.684422731399536
1.9291119899999993,0.05,57198,38.06,144,395,1694,0.0001,14274,4.927891254425049
1.3541491899999993,0.05,57223,37.66,144,395,1695,0.0001,14280,4.688510894775391
1.276519819999999,0.05,57249,37.6,144,395,1696,0.0001,14287,5.45114803314209
1.2777116599999991,0.05,57279,37.05,144,395,1697,0.0001,14294,2.8328843116760254
1.3632668799999994,0.05,57312,37.1,144,396,1698,0.0001,14302,0.7053338289260864
1.3759244499999994,0.05,57338,37.11,144,396,1699,0.0001,14309,0.978699803352356
1.614681739999999,0.05,57379,37.26,144,396,1700,0.0001,14319,5.235236167907715
1.2882472099999989,0.05,57404,37.06,144,396,1701,0.0001,14325,4.89436149597168
1.301162529999999,0.05,57431,37.07,144,396,1702,0.0001,14332,4.826864719390869
1.5792240499999992,0.05,57482,37.24,144,397,1703,0.0001,14345,0.8435254096984863
0.7143748999999998,0.05,57507,36.64,144,397,1704,0.0001,14351,0.9831812977790833
0.6609003999999998,0.05,57534,36.6,144,397,1705,0.0001,14358,2.7883734703063965
0.9898724300000004,0.05,57580,36.81,144,397,1706,0.0001,14369,0.8066297173500061
1.0374807700000002,0.05,57610,36.86,144,398,1707,0.0001,14377,2.380751848220825
0.5177197300000002,0.05,57635,36.55,144,398,1708,0.0001,14383,4.9109954833984375
1.3002812500000003,0.05,57720,37.14,144,398,1709,0.0001,14404,0.811457097530365
1.5486188900000002,0.05,57759,37.28,144,398,1710,0.0001,14414,0.945936918258667
1.8265366099999998,0.05,57803,37.46,144,399,1711,0.0001,14425,0.806444525718689
1.1864380799999998,0.05,57828,36.86,144,399,1712,0.0001,14431,4.941689968109131
1.1730985199999997,0.05,57853,36.85,144,399,1713,0.0001,14438,2.856377124786377
1.107322879999999,0.05,57878,36.79,144,399,1714,0.0001,14444,1.0095683336257935
1.4416654099999995,0.05,57963,37.39,144,399,1715,0.0001,14465,0.6611270308494568
1.1227295999999996,0.05,57993,36.84,144,400,1716,0.0001,14473,4.734734535217285
1.1241325599999996,0.05,58023,36.84,144,400,1717,0.0001,14480,4.819203853607178
2.0778404299999993,0.05,58108,37.43,145,400,1718,0.0001,14501,0.9354913234710693
2.1469903899999996,0.05,58139,37.49,145,400,1719,0.0001,14509,10.972475051879883
2.1531545899999993,0.05,58172,37.49,145,401,1720,0.0001,14517,0.7441129684448242
2.1600431199999997,0.05,58198,37.49,144,401,1721,0.0001,14524,2.9593002796173096
2.1731823199999996,0.05,58224,37.5,144,401,1722,0.0001,14530,0.6127530336380005
2.22737773,0.05,58254,37.54,144,401,1723,0.0001,14538,4.797595024108887
2.1950783300000003,0.05,58279,37.51,144,401,1724,0.0001,14544,4.99277400970459
2.1935394900000005,0.05,58310,37.51,144,402,1725,0.0001,14552,4.47286319732666
2.19244101,0.05,58337,37.51,144,402,1726,0.0001,14559,2.832111358642578
2.19939368,0.05,58363,37.52,144,402,1727,0.0001,14565,4.821009635925293
2.2684903000000003,0.05,58394,37.58,144,402,1728,0.0001,14573,2.889798164367676
2.38738348,0.05,58479,38.14,145,403,1729,0.0001,14594,0.8564803600311279
2.30019214,0.05,58505,38.08,145,403,1730,0.0001,14601,4.874852180480957
2.1914204799999997,0.05,58590,38.47,145,403,1731,0.0001,14622,0.7680525779724121
2.760066029999999,0.05,58651,38.83,145,404,1732,0.0001,14637,1.1372268199920654
2.71134553,0.05,58676,38.78,145,404,1733,0.0001,14643,0.6017004251480103
2.69819622,0.05,58701,38.76,145,404,1734,0.0001,14650,8.459718704223633
2.0171256,0.05,58726,38.37,145,404,1735,0.0001,14656,3.014328718185425
2.0201274899999997,0.05,58811,38.97,145,404,1736,0.0001,14677,0.8087981343269348
2.9781215799999994,0.05,58896,39.57,145,405,1737,0.0001,14698,2.902897834777832
2.28996942,0.05,58924,39.0,145,405,1738,0.0001,14705,1.0985468626022339
2.28996942,0.05,58949,39.0,145,405,1739,0.0001,14712,0.7725912928581238
2.6895477700000003,0.05,59034,39.6,145,406,1740,0.0001,14733,0.5821748375892639
2.12460628,0.05,59059,39.0,145,406,1741,0.0001,14739,0.7468966245651245
2.053359,0.05,59086,38.96,145,406,1742,0.0001,14746,2.8980259895324707
1.7848584299999997,0.05,59118,38.82,145,406,1743,0.0001,14754,4.467469215393066
2.88622836,0.05,59203,39.39,145,407,1744,0.0001,14775,4.666558265686035
2.9611251399999996,0.05,59235,39.46,145,407,1745,0.0001,14783,2.6344902515411377
2.2382998199999995,0.05,59260,38.92,145,407,1746,0.0001,14789,5.535757064819336
2.2760604499999992,0.05,59289,38.95,145,407,1747,0.0001,14797,2.4116733074188232
2.2760594599999995,0.05,59314,38.95,145,407,1748,0.0001,14803,4.699819087982178
2.2642615499999996,0.05,59340,38.95,145,407,1749,0.0001,14809,5.0761566162109375
2.2824652499999996,0.05,59367,38.96,145,408,1750,0.0001,14816,0.6482571363449097
1.6353905799999995,0.05,59393,38.37,145,408,1751,0.0001,14823,0.8641157150268555
1.5964527899999996,0.05,59426,37.85,145,408,1752,0.0001,14831,3.1382663249969482
1.6754647199999997,0.05,59458,37.91,145,408,1753,0.0001,14839,0.9335896968841553
1.6457535799999996,0.05,59488,37.9,145,409,1754,0.0001,14846,2.4299566745758057
1.8802064599999995,0.05,59532,38.0,145,409,1755,0.0001,14857,0.7955780029296875
1.7544193199999996,0.05,59561,37.92,145,409,1756,0.0001,14865,8.730606079101562
2.007260649999999,0.05,59646,38.5,145,409,1757,0.0001,14886,4.801853179931641
2.2070494699999994,0.05,59685,38.64,145,410,1758,0.0001,14896,2.4362645149230957
2.361922309999999,0.05,59721,38.74,145,410,1759,0.0001,14905,2.7412614822387695
2.5521156799999996,0.05,59764,38.84,145,410,1760,0.0001,14915,5.222659587860107
2.5494796399999995,0.05,59805,38.86,145,410,1761,0.0001,14926,2.8020713329315186
2.4571148899999993,0.05,59830,38.78,145,410,1762,0.0001,14932,8.704316139221191
2.4511794499999993,0.05,59855,38.77,145,411,1763,0.0001,14938,0.9148524403572083
2.46428245,0.05,59882,38.79,145,411,1764,0.0001,14945,0.7225499153137207
1.79507094,0.05,59924,38.36,145,411,1765,0.0001,14955,0.7421531081199646
1.8229489799999996,0.05,59953,38.39,145,411,1766,0.0001,14963,0.8242782354354858
1.7597041499999997,0.05,59980,38.34,145,412,1767,0.0001,14969,2.8314127922058105
1.4915445599999992,0.05,60012,37.81,145,412,1768,0.0001,14977,3.467301845550537
1.6855407899999995,0.05,60097,37.81,145,412,1769,0.0001,14999,3.1472158432006836
1.02492783,0.05,60123,37.43,145,412,1770,0.0001,15005,1.1610265970230103
1.0364906999999997,0.05,60151,37.45,145,412,1771,0.0001,15012,3.2007434368133545
1.0134973699999996,0.05,60180,37.44,145,413,1772,0.0001,15019,3.128573179244995
1.00818558,0.05,60205,37.44,145,413,1773,0.0001,15026,0.7865699529647827
1.09951113,0.05,60237,37.51,145,413,1774,0.0001,15034,5.343307018280029
1.1128870800000001,0.05,60263,37.52,145,413,1775,0.0001,15040,0.7404128313064575
1.08491632,0.05,60288,37.5,145,413,1776,0.0001,15046,1.3665584325790405
1.09600512,0.05,60314,37.51,145,414,1777,0.0001,15053,3.176816463470459
1.11910506,0.05,60341,37.53,145,414,1778,0.0001,15060,0.9438706040382385
1.1315787400000001,0.05,60367,37.54,145,414,1779,0.0001,15066,3.311500072479248
0.3019395999999998,0.05,60392,36.94,145,414,1780,0.0001,15072,0.8327881097793579
0.28982770999999957,0.05,60417,36.92,145,414,1781,0.0001,15079,1.0775519609451294
0.8166109099999995,0.05,60502,37.47,145,415,1782,0.0001,15100,3.7434747219085693
1.6336707099999996,0.05,60587,37.99,145,415,1783,0.0001,15121,1.0927810668945312
1.6052777799999998,0.05,60612,37.96,145,415,1784,0.0001,15127,3.211808204650879
1.7047609699999997,0.05,60645,38.04,145,416,1785,0.0001,15136,1.1388158798217773
1.8812532499999997,0.05,60690,38.16,145,416,1786,0.0001,15147,5.410680294036865
1.5131259499999998,0.05,60715,37.93,145,416,1787,0.0001,15153,5.12578010559082
2.02876585,0.05,60774,38.27,145,416,1788,0.0001,15168,3.2159948348999023
1.62620088,0.05,60804,38.05,145,417,1789,0.0001,15175,5.0431976318359375
2.46882191,0.05,60889,38.57,145,417,1790,0.0001,15197,5.868109703063965
2.77798321,0.05,60937,38.73,145,417,1791,0.0001,15209,1.3505828380584717
2.0506562699999993,0.05,60963,38.3,145,417,1792,0.0001,15215,3.789303779602051
1.7981384799999995,0.05,60989,38.16,145,418,1793,0.0001,15222,3.082643985748291
1.8790497399999992,0.05,61020,38.22,145,418,1794,0.0001,15229,3.414562463760376
1.8950864399999994,0.05,61046,38.23,145,418,1795,0.0001,15236,0.8938589692115784
2.0419120299999993,0.05,61131,38.82,145,418,1796,0.0001,15257,3.219273090362549
2.0126912699999995,0.05,61159,38.8,145,418,1797,0.0001,15264,7.612979412078857
1.9213100399999996,0.05,61185,38.73,145,419,1798,0.0001,15271,3.3774099349975586
1.8031158799999998,0.05,61270,39.32,146,419,1799,0.0001,15292,0.9334023594856262
1.9443664299999994,0.05,61318,39.39,146,419,1800,0.0001,15304,3.2848594188690186
1.9581562799999994,0.05,61344,39.4,146,419,1801,0.0001,15310,3.038893222808838
1.9442485499999995,0.05,61370,39.39,146,420,1802,0.0001,15317,5.071133613586426
1.5158539799999995,0.05,61395,39.13,146,420,1803,0.0001,15323,0.9717000722885132
1.5254492299999998,0.05,61421,39.14,146,420,1804,0.0001,15330,5.149415493011475
1.7480441299999998,0.05,61462,39.28,146,420,1805,0.0001,15340,3.2912566661834717
1.6820455400000003,0.05,61505,39.25,146,420,1806,0.0001,15351,2.8108022212982178
1.67821439,0.05,61535,39.25,146,421,1807,0.0001,15358,4.88278865814209
1.7007743900000003,0.05,61562,39.27,146,421,1808,0.0001,15365,7.103790283203125
1.0759442300000004,0.05,61597,38.77,146,421,1809,0.0001,15374,3.1806344985961914
0.8542914700000004,0.05,61625,38.66,146,421,1810,0.0001,15381,5.475207328796387
0.5727913,0.05,61652,38.49,146,421,1811,0.0001,15387,0.7529373168945312
0.6490287500000003,0.05,61684,38.56,146,422,1812,0.0001,15395,3.214418411254883
0.6818521400000006,0.05,61712,38.59,146,422,1813,0.0001,15402,3.664311170578003
1.7864765600000003,0.05,61797,39.19,146,422,1814,0.0001,15424,3.266291856765747
1.41554174,0.05,61882,39.19,146,422,1815,0.0001,15445,1.2012603282928467
1.48661881,0.05,61916,39.23,146,422,1816,0.0001,15453,3.039618492126465
1.4795453800000005,0.05,61946,39.23,146,423,1817,0.0001,15461,3.2383644580841064
0.5258432200000003,0.05,61972,38.64,146,423,1818,0.0001,15467,0.5522003173828125
0.7083367000000004,0.05,62012,38.73,146,423,1819,0.0001,15477,0.8790227174758911
0.6887832199999999,0.05,62044,38.72,146,423,1820,0.0001,15485,4.87547492980957
1.8331209300000004,0.05,62129,39.31,146,424,1821,0.0001,15507,1.1912336349487305
1.83408191,0.05,62156,39.32,146,424,1822,0.0001,15513,2.944659471511841
1.7758544299999997,0.05,62182,39.28,146,424,1823,0.0001,15520,2.7460594177246094
2.66631202,0.05,62267,39.88,146,424,1824,0.0001,15541,5.785504341125488
2.6771089800000003,0.05,62299,39.89,146,425,1825,0.0001,15549,1.2579779624938965
3.0672782900000004,0.05,62349,40.12,146,425,1826,0.0001,15562,3.0011398792266846
3.0813163500000007,0.05,62376,40.13,146,425,1827,0.0001,15568,3.3404998779296875
3.569427320000001,0.05,62433,40.39,146,425,1828,0.0001,15583,1.49916672706604
3.488640190000001,0.05,62466,39.87,146,425,1829,0.0001,15591,1.2724573612213135
3.54495898,0.05,62496,39.91,146,426,1830,0.0001,15598,0.883306622505188
3.3133442500000005,0.05,62523,39.33,146,426,1831,0.0001,15605,3.1851720809936523
2.7437115400000005,0.05,62549,38.98,146,426,1832,0.0001,15612,3.153874397277832
2.8908255700000014,0.05,62585,39.09,146,426,1833,0.0001,15621,5.071931838989258
2.9313455200000003,0.05,62670,39.69,146,427,1834,0.0001,15642,1.0356628894805908
3.0319211100000003,0.05,62703,39.77,146,427,1835,0.0001,15650,0.7836360335350037
3.0661167799999998,0.05,62731,39.2,146,427,1836,0.0001,15657,5.349778652191162
2.2413988600000008,0.05,62816,39.2,146,428,1837,0.0001,15678,4.660186767578125
2.2197660900000007,0.05,62841,39.17,146,428,1838,0.0001,15685,1.2382636070251465
2.2864840200000005,0.05,62872,39.23,146,428,1839,0.0001,15692,5.419914722442627
1.8818711300000004,0.05,62897,38.63,146,428,1840,0.0001,15699,0.8560528755187988
1.8816932300000007,0.05,62923,38.64,146,428,1841,0.0001,15705,0.9328525066375732
1.9030594900000002,0.05,62951,38.65,146,428,1842,0.0001,15712,0.8798206448554993
2.6624275900000005,0.05,63021,39.03,146,429,1843,0.0001,15730,1.1756930351257324
1.7456746800000005,0.05,63059,38.56,146,429,1844,0.0001,15739,1.1095027923583984
1.686820360000001,0.05,63086,38.51,146,429,1845,0.0001,15746,1.1874159574508667
1.7981719600000006,0.05,63119,38.59,146,429,1846,0.0001,15754,5.3235955238342285
1.7593523100000004,0.05,63145,38.56,146,430,1847,0.0001,15761,0.865841805934906
1.7584811700000003,0.05,63171,38.57,146,430,1848,0.0001,15767,0.8167302012443542
2.1204328300000004,0.05,63220,38.8,146,430,1849,0.0001,15779,1.1099504232406616
2.11005894,0.05,63247,38.8,146,430,1850,0.0001,15786,7.2298784255981445
2.0957432700000003,0.05,63272,38.79,146,430,1851,0.0001,15792,3.1590230464935303
2.013986360000001,0.05,63300,38.74,146,431,1852,0.0001,15799,0.962429404258728
2.0315916500000006,0.05,63334,38.76,146,431,1853,0.0001,15808,2.780543327331543
1.9872342900000006,0.05,63360,38.72,146,431,1854,0.0001,15814,4.691356658935547
1.6825835600000003,0.05,63389,38.57,146,431,1855,0.0001,15822,1.2551696300506592
1.6401536600000006,0.05,63414,38.53,146,431,1856,0.0001,15828,5.3655104637146
1.3720396800000003,0.05,63440,37.94,146,432,1857,0.0001,15834,4.921146869659424
1.1935828000000006,0.05,63468,37.83,146,432,1858,0.0001,15841,1.1744647026062012
1.0386105100000007,0.05,63494,37.73,146,432,1859,0.0001,15848,1.181624412536621
0.7590489800000003,0.05,63520,37.56,146,432,1860,0.0001,15854,5.66656494140625
0.7478685700000005,0.05,63560,37.55,146,433,1861,0.0001,15864,3.020219326019287
0.7858365100000007,0.05,63589,37.59,146,433,1862,0.0001,15872,2.8401665687561035
0.7926449700000009,0.05,63614,37.59,146,433,1863,0.0001,15878,3.2445592880249023
0.7928702500000004,0.05,63640,37.58,146,433,1864,0.0001,15884,0.786467432975769
0.5026343200000006,0.05,63665,37.41,146,433,1865,0.0001,15891,4.971610069274902
0.48329447000000036,0.05,63692,37.39,146,434,1866,0.0001,15897,3.2359347343444824
0.5003232400000003,0.05,63721,37.41,146,434,1867,0.0001,15905,3.0713231563568115
0.4362699600000003,0.05,63748,37.36,146,434,1868,0.0001,15911,3.3613553047180176
0.26397216000000034,0.05,63779,36.82,146,434,1869,0.0001,15919,1.138725757598877
0.45800961000000023,0.05,63818,36.95,146,435,1870,0.0001,15929,0.8499166965484619
0.43886664000000036,0.05,63844,36.93,146,435,1871,0.0001,15935,7.2574357986450195
0.4072883200000002,0.05,63869,36.89,146,435,1872,0.0001,15942,3.103868246078491
0.7370741000000004,0.05,63954,37.49,146,435,1873,0.0001,15963,4.891050815582275
0.6586611800000004,0.05,63981,37.44,146,436,1874,0.0001,15970,3.2878270149230957
0.6452852300000004,0.05,64006,37.43,146,436,1875,0.0001,15976,5.151203155517578
0.6599967200000006,0.05,64032,37.44,146,436,1876,0.0001,15982,3.026461601257324
0.6480367800000004,0.05,64058,37.44,146,436,1877,0.0001,15989,3.0725672245025635
0.6249828400000005,0.05,64083,37.42,146,437,1878,0.0001,15995,5.570515155792236
0.6125091600000002,0.05,64108,37.41,146,437,1879,0.0001,16001,1.162156105041504
0.6114846400000004,0.05,64133,37.41,146,437,1880,0.0001,16008,1.059945821762085
0.6164650400000006,0.05,64158,37.41,146,437,1881,0.0001,16014,3.230099678039551
0.045068030000000744,0.05,64183,36.81,146,437,1882,0.0001,16020,3.0219950675964355
-0.8228459699999994,0.05,64212,36.25,146,438,1883,0.0001,16027,3.303079605102539
-0.7795363799999996,0.05,64241,36.29,146,438,1884,0.0001,16035,1.039355754852295
-0.8800012199999991,0.05,64267,36.22,146,438,1885,0.0001,16041,5.131135940551758
-1.1025120699999997,0.05,64300,36.1,146,438,1886,0.0001,16049,3.433685302734375
-1.1025094499999992,0.05,64325,36.1,146,439,1887,0.0001,16056,3.0760879516601562
-1.6116766099999995,0.05,64350,35.76,146,439,1888,0.0001,16062,1.2553460597991943
-1.6560386399999998,0.05,64376,35.72,146,439,1889,0.0001,16068,3.4139676094055176
-2.5193042700000006,0.05,64408,35.19,146,439,1890,0.0001,16076,3.0080342292785645
-2.879863859999999,0.05,64436,34.99,146,439,1891,0.0001,16083,3.328645706176758
-2.8795260099999997,0.05,64462,34.99,146,440,1892,0.0001,16090,0.9128131866455078
-2.87738691,0.05,64487,34.98,146,440,1893,0.0001,16096,0.5574305057525635
-2.8562910299999995,0.05,64520,35.0,146,440,1894,0.0001,16104,3.404207706451416
-2.8495182999999997,0.05,64548,35.02,146,440,1895,0.0001,16111,2.8101940155029297
-2.97993842,0.05,64575,34.44,146,440,1896,0.0001,16118,5.0315728187561035
-3.0078714899999994,0.05,64600,34.41,146,441,1897,0.0001,16124,0.8841162919998169
-3.0213258399999994,0.05,64625,34.4,146,441,1898,0.0001,16131,5.379945278167725
-2.5980713699999995,0.05,64710,34.4,146,441,1899,0.0001,16152,5.3369598388671875
-2.34246754,0.05,64773,34.55,146,442,1900,0.0001,16168,4.592733383178711
-2.34265137,0.05,64799,34.55,146,442,1901,0.0001,16174,2.716052770614624
-2.3438275999999996,0.05,64825,34.55,146,442,1902,0.0001,16181,2.802821159362793
-2.3142214099999996,0.05,64852,34.57,146,442,1903,0.0001,16187,5.502316951751709
-2.3103899599999993,0.05,64878,34.57,146,443,1904,0.0001,16194,1.005587100982666
-2.4801412299999996,0.05,64909,34.47,146,443,1905,0.0001,16202,0.900765061378479
-2.4006232499999998,0.05,64955,34.5,146,443,1906,0.0001,16213,2.8935604095458984
-2.4307933399999997,0.05,64981,34.46,146,443,1907,0.0001,16220,7.019073486328125
-2.34200564,0.05,65014,34.52,146,444,1908,0.0001,16228,1.3887100219726562
-1.93519794,0.05,65072,34.75,146,444,1909,0.0001,16242,1.2946349382400513
-1.7395700699999999,0.05,65111,34.86,146,444,1910,0.0001,16252,2.965031862258911
-1.65734895,0.05,65144,34.92,146,444,1911,0.0001,16260,4.84713888168335
-1.7332152099999993,0.05,65169,34.85,146,445,1912,0.0001,16267,0.8665915727615356
-1.7525214299999994,0.05,65195,34.83,146,445,1913,0.0001,16273,3.149184226989746
-2.858023409999999,0.05,65221,34.24,146,445,1914,0.0001,16280,3.1063661575317383
-2.6204458999999996,0.05,65260,33.78,146,445,1915,0.0001,16289,0.9588799476623535
-2.6440250599999997,0.05,65293,33.77,146,446,1916,0.0001,16298,3.2090163230895996
-2.6747642,0.05,65321,33.75,146,446,1917,0.0001,16305,3.1718485355377197
-2.594112569999999,0.05,65354,33.82,146,446,1918,0.0001,16313,7.8904876708984375
-2.8097769399999994,0.05,65439,34.27,146,447,1919,0.0001,16334,0.6412544846534729
-2.8071866599999993,0.05,65471,34.27,146,447,1920,0.0001,16342,3.067706823348999
-3.901230199999999,0.05,65502,33.73,146,447,1921,0.0001,16350,4.67151403427124
-3.9155194600000005,0.05,65527,33.71,146,447,1922,0.0001,16356,3.1927549839019775
-3.921769990000001,0.05,65552,33.7,146,448,1923,0.0001,16362,3.0143609046936035
-4.74942827,0.05,65582,33.15,146,448,1924,0.0001,16370,7.027993202209473
-4.65455982,0.05,65619,33.2,146,448,1925,0.0001,16379,1.2226197719573975
-4.897188400000001,0.05,65704,33.55,146,448,1926,0.0001,16400,5.229016304016113
-4.557853110000001,0.05,65752,33.76,146,449,1927,0.0001,16412,1.1359578371047974
-4.54445821,0.05,65837,34.04,146,449,1928,0.0001,16434,1.791374683380127
-4.2885494,0.05,65922,34.56,146,450,1929,0.0001,16455,3.040961980819702
-3.499083070000001,0.05,66007,35.11,146,450,1930,0.0001,16476,2.876326322555542
-3.498347020000001,0.05,66033,35.1,146,450,1931,0.0001,16483,5.029333114624023
-2.8597230200000006,0.05,66118,35.69,146,450,1932,0.0001,16504,2.741490364074707
-3.00729487,0.05,66144,35.59,146,451,1933,0.0001,16510,7.339536666870117
-2.7769452600000006,0.05,66185,35.15,146,451,1934,0.0001,16521,3.122101306915283
-2.852065,0.05,66211,35.08,146,451,1935,0.0001,16527,2.78847074508667
-2.8467451599999998,0.05,66240,35.09,146,451,1936,0.0001,16534,2.8322625160217285
-2.721178329999999,0.05,66281,34.65,146,452,1937,0.0001,16545,7.218230247497559
-2.2790432,0.05,66332,34.91,146,452,1938,0.0001,16557,0.7387744188308716
-2.3293006900000006,0.05,66359,34.87,146,452,1939,0.0001,16564,2.7783098220825195
-2.32426353,0.05,66384,34.87,146,452,1940,0.0001,16570,5.2320098876953125
-2.24824503,0.05,66416,34.93,146,452,1941,0.0001,16578,1.0573911666870117
-2.26939598,0.05,66442,34.91,146,453,1942,0.0001,16585,2.828451156616211
-3.0982477299999993,0.05,66469,34.48,146,453,1943,0.0001,16592,0.8249646425247192
-3.31244849,0.05,66494,34.35,146,453,1944,0.0001,16598,7.501736640930176
-3.3286794399999997,0.05,66519,34.33,146,453,1945,0.0001,16604,2.672177791595459
-3.4268933199999996,0.05,66544,34.25,146,453,1946,0.0001,16610,5.411130428314209
-3.43051394,0.05,66569,34.24,146,454,1947,0.0001,16617,0.7899646759033203
-3.21679067,0.05,66607,34.36,146,454,1948,0.0001,16626,2.8477256298065186
-3.56697024,0.05,66633,34.13,146,454,1949,0.0001,16633,2.8489739894866943
-3.25683007,0.05,66678,34.31,146,454,1950,0.0001,16644,0.6382879018783569
-3.192381330000001,0.05,66709,34.37,146,454,1951,0.0001,16652,0.8322871923446655
-3.22123441,0.05,66734,34.34,146,455,1952,0.0001,16658,2.949159860610962
-3.3322401100000003,0.05,66759,34.25,146,455,1953,0.0001,16664,4.872498035430908
-3.3193224199999998,0.05,66785,34.25,146,455,1954,0.0001,16671,0.6804670095443726
-2.91580979,0.05,66838,34.49,146,455,1955,0.0001,16684,3.1760377883911133
-2.2591855000000005,0.05,66923,35.09,146,456,1956,0.0001,16705,1.1217362880706787
-2.25869868,0.05,66948,35.08,146,456,1957,0.0001,16711,0.549116849899292
-2.28004329,0.05,66973,35.05,146,456,1958,0.0001,16718,1.053454875946045
-2.2790079000000003,0.05,66998,35.04,146,456,1959,0.0001,16724,4.779521465301514
-2.2780262500000004,0.05,67023,35.03,146,457,1960,0.0001,16730,1.2201838493347168
-1.4186271400000003,0.05,67108,35.48,146,457,1961,0.0001,16751,0.7701953649520874
-1.4484924900000002,0.05,67134,35.45,146,457,1962,0.0001,16758,0.7855895161628723
-1.44849511,0.05,67159,35.45,146,457,1963,0.0001,16764,0.9465356469154358
-1.30088672,0.05,67196,35.56,146,458,1964,0.0001,16773,3.285614252090454
-1.1263983100000001,0.05,67233,35.68,146,458,1965,0.0001,16783,3.1700432300567627
-1.12243415,0.05,67259,35.67,146,458,1966,0.0001,16789,1.0275777578353882
-1.1358802600000002,0.05,67287,35.66,146,458,1967,0.0001,16796,2.7384982109069824
-0.98671336,0.05,67323,35.75,146,459,1968,0.0001,16805,0.7789433002471924
-0.59178013,0.05,67376,35.97,146,459,1969,0.0001,16818,0.924778163433075
-0.55467744,0.05,67416,35.98,146,459,1970,0.0001,16828,5.223978042602539
-0.5643201200000001,0.05,67441,35.97,146,459,1971,0.0001,16835,0.571159839630127
-0.4994986100000005,0.05,67472,36.03,146,460,1972,0.0001,16842,3.445125102996826
-0.7599259400000001,0.05,67503,35.49,146,460,1973,0.0001,16850,3.0059762001037598
-0.7597162100000004,0.05,67530,35.49,146,460,1974,0.0001,16857,7.1885576248168945
-0.9129397300000001,0.05,67615,36.09,146,460,1975,0.0001,16878,2.8775079250335693
-0.5177691400000003,0.05,67700,36.68,146,461,1976,0.0001,16899,0.675489068031311
-0.5052017500000003,0.05,67726,36.68,146,461,1977,0.0001,16906,1.1613017320632935
-0.4921194800000002,0.05,67753,36.7,146,461,1978,0.0001,16913,0.6104166507720947
-0.47563433000000005,0.05,67781,36.73,146,462,1979,0.0001,16920,1.3546473979949951
-0.4379536,0.05,67810,36.77,146,462,1980,0.0001,16927,0.7805912494659424
-0.43774656999999983,0.05,67835,36.77,146,462,1981,0.0001,16933,3.1290364265441895
-0.4201909299999997,0.05,67862,36.79,146,462,1982,0.0001,16940,0.6217917203903198
-0.2699359699999998,0.05,67900,36.88,146,462,1983,0.0001,16949,4.667542934417725
0.17977621999999976,0.05,67957,37.16,146,463,1984,0.0001,16964,9.046791076660156
0.19964467999999982,0.05,67984,37.17,146,463,1985,0.0001,16970,0.853611946105957
0.1922995299999998,0.05,68016,37.16,146,463,1986,0.0001,16978,4.540249347686768
0.24775766000000007,0.05,68046,37.21,146,463,1987,0.0001,16986,3.9055051803588867
0.26253968000000005,0.05,68072,37.22,146,464,1988,0.0001,16992,4.86632776260376
0.26376410999999994,0.05,68097,37.21,146,464,1989,0.0001,16999,5.403386116027832
0.18914605,0.05,68123,37.15,146,464,1990,0.0001,17005,6.88986873626709
0.2935583300000001,0.05,68158,37.22,146,464,1991,0.0001,17014,2.86794376373291
0.3077686500000001,0.05,68184,37.22,146,465,1992,0.0001,17020,2.7327210903167725
0.3077786999999999,0.05,68209,37.22,146,465,1993,0.0001,17027,1.4646000862121582
0.21068761000000003,0.05,68234,37.14,146,465,1994,0.0001,17033,5.057073593139648
0.20503588999999992,0.05,68260,37.12,146,465,1995,0.0001,17039,3.3174374103546143
0.1692858499999999,0.05,68345,37.7,146,466,1996,0.0001,17061,0.802661657333374
0.7430673499999998,0.05,68405,38.05,146,466,1997,0.0001,17076,2.918989419937134
0.7693611399999996,0.05,68433,38.08,146,466,1998,0.0001,17083,5.174943923950195
0.47184185999999967,0.05,68459,37.49,146,466,1999,0.0001,17089,7.547815322875977
-0.14990153000000017,0.05,68486,37.13,146,467,2000,0.0001,17096,4.799102306365967
-0.16326851,0.05,68511,37.12,146,467,2001,0.0001,17102,0.5109520554542542
0.7367579099999998,0.05,68596,37.71,146,467,2002,0.0001,17123,2.812192678451538
0.7106986999999997,0.05,68622,37.7,146,467,2003,0.0001,17130,3.0284175872802734
0.7121627099999995,0.05,68648,37.7,146,468,2004,0.0001,17136,0.9668356776237488
0.6480688699999995,0.05,68674,37.65,146,468,2005,0.0001,17143,0.8770723938941956
0.37405718999999976,0.05,68705,37.5,146,468,2006,0.0001,17151,2.884190082550049
0.3609699299999998,0.05,68731,37.5,146,468,2007,0.0001,17157,2.9784727096557617
0.26300981999999956,0.05,68757,37.43,146,469,2008,0.0001,17164,0.8939968943595886
-0.2809968600000001,0.05,68784,37.12,146,469,2009,0.0001,17170,0.7218149304389954
-0.4864883800000003,0.05,68810,36.99,146,469,2010,0.0001,17177,2.9401369094848633
-0.9121590899999998,0.05,68895,37.51,146,469,2011,0.0001,17198,0.6824338436126709
-0.08801097000000013,0.05,68980,38.11,146,470,2012,0.0001,17219,4.9207444190979
-0.037884429999999726,0.05,69011,38.16,146,470,2013,0.0001,17227,3.2377052307128906
-0.019695260000000037,0.05,69039,38.18,146,470,2014,0.0001,17234,0.7787573337554932
-0.1679568899999996,0.05,69124,38.64,146,471,2015,0.0001,17255,3.5825302600860596
-0.3844039999999999,0.05,69209,39.16,146,471,2016,0.0001,17277,1.3239307403564453
-0.3524245199999998,0.05,69239,39.18,146,471,2017,0.0001,17284,2.7397594451904297
-0.36528254,0.05,69271,39.17,146,472,2018,0.0001,17292,2.986764907836914
-0.3128750999999998,0.05,69304,38.65,146,472,2019,0.0001,17300,2.7131309509277344
-0.39657694,0.05,69329,38.58,146,472,2020,0.0001,17307,1.2338380813598633
-0.2885582200000002,0.05,69366,38.64,146,472,2021,0.0001,17316,7.512391567230225
-0.20181348000000007,0.05,69398,38.71,146,473,2022,0.0001,17324,3.0757555961608887
0.11635063999999982,0.05,69441,38.89,146,473,2023,0.0001,17335,4.656011581420898
0.07315962000000001,0.05,69468,38.86,146,473,2024,0.0001,17341,0.7738058567047119
0.3853941299999997,0.05,69553,39.34,146,474,2025,0.0001,17363,3.1431331634521484
0.29043906999999997,0.05,69584,38.8,146,474,2026,0.0001,17370,4.670083999633789
0.5114098799999995,0.05,69651,38.99,146,474,2027,0.0001,17387,0.8949838280677795
-0.03771203999999985,0.05,69679,38.42,146,474,2028,0.0001,17394,5.1757941246032715
-0.23340667000000032,0.05,69715,37.93,146,475,2029,0.0001,17403,2.8793411254882812
-1.0646641600000002,0.05,69741,37.34,146,475,2030,0.0001,17410,4.757753372192383
-0.9815669100000004,0.05,69774,37.41,146,475,2031,0.0001,17418,2.8699169158935547
-0.8132921900000004,0.05,69859,37.41,146,476,2032,0.0001,17439,2.834239959716797
-0.6079183100000003,0.05,69898,37.54,146,476,2033,0.0001,17449,0.8669734001159668
-0.8787878700000006,0.05,69923,37.38,146,476,2034,0.0001,17455,0.8784448504447937
-0.90230649,0.05,69948,37.37,146,476,2035,0.0001,17461,2.567063570022583
-0.9265237100000001,0.05,69975,37.35,146,476,2036,0.0001,17468,1.1655443906784058
-0.9645926599999999,0.05,70014,37.33,146,477,2037,0.0001,17478,1.9657196998596191
-1.3617863399999999,0.05,70043,37.11,146,477,2038,0.0001,17485,7.027299880981445
-1.4439943499999999,0.05,70128,37.69,146,477,2039,0.0001,17506,7.241658687591553
-1.34533824,0.05,70161,37.77,146,477,2040,0.0001,17515,3.180197238922119
-1.3408655200000001,0.05,70193,37.77,146,478,2041,0.0001,17523,1.4706190824508667
-0.92580353,0.05,70247,38.05,146,478,2042,0.0001,17536,3.188002824783325
-0.92150305,0.05,70275,38.06,146,478,2043,0.0001,17543,5.609859943389893
-0.8900739099999998,0.05,70304,38.1,146,478,2044,0.0001,17550,7.1508989334106445
-0.8724730100000001,0.05,70332,38.13,146,479,2045,0.0001,17557,2.8097972869873047
-0.8584435100000001,0.05,70359,38.15,146,479,2046,0.0001,17564,1.3710869550704956
-0.7620484700000003,0.05,70392,38.23,146,479,2047,0.0001,17572,5.489910125732422
-0.8950125699999998,0.05,70424,38.17,146,479,2048,0.0001,17580,3.020961284637451
-0.7214586100000001,0.05,70461,38.28,146,479,2049,0.0001,17590,3.5142698287963867
-0.9768212500000003,0.05,70492,38.14,146,480,2050,0.0001,17597,1.2626619338989258
-0.41805996000000023,0.05,70555,38.46,146,480,2051,0.0001,17613,1.3674334287643433
-0.05331717000000033,0.05,70640,39.06,146,480,2052,0.0001,17634,7.815240383148193
-0.05358364,0.05,70666,39.07,146,481,2053,0.0001,17641,3.2827036380767822
-0.04283243000000013,0.05,70693,39.08,146,481,2054,0.0001,17648,7.279043674468994
-0.3859669099999997,0.05,70778,39.4,146,481,2055,0.0001,17669,0.6458017230033875
-0.9618191300000001,0.05,70810,38.87,146,481,2056,0.0001,17677,3.092963695526123
-0.37554382,0.05,70869,39.21,146,482,2057,0.0001,17692,5.070361137390137
0.1054784800000003,0.05,70922,39.49,146,482,2058,0.0001,17705,2.930091142654419
0.2560142700000002,0.05,70958,39.6,146,482,2059,0.0001,17714,2.7963335514068604
0.26180986000000017,0.05,70984,39.61,146,483,2060,0.0001,17720,5.262045860290527
-0.3647583899999999,0.05,71034,39.26,146,483,2061,0.0001,17733,0.6795505285263062
-0.3157178799999999,0.05,71064,39.3,146,483,2062,0.0001,17740,0.9486923217773438
-0.29984129000000015,0.05,71090,39.31,146,483,2063,0.0001,17747,3.0800788402557373
0.53796136,0.05,71175,39.79,146,484,2064,0.0001,17768,1.0710632801055908
0.44739646000000005,0.05,71207,39.74,146,484,2065,0.0001,17776,2.6281588077545166
1.4325399700000003,0.05,71292,40.33,147,484,2066,0.0001,17797,0.6720024943351746
1.5026033199999997,0.05,71325,40.38,147,485,2067,0.0001,17806,0.8474942445755005
1.4208462800000004,0.05,71357,40.34,147,485,2068,0.0001,17814,2.997307777404785
1.13828078,0.05,71395,40.19,147,485,2069,0.0001,17823,4.7523627281188965
1.4564770999999999,0.05,71480,40.64,147,486,2070,0.0001,17844,4.968109607696533
2.65079286,0.05,71565,41.24,147,486,2071,0.0001,17866,3.040707588195801
2.59823037,0.05,71592,41.2,147,486,2072,0.0001,17872,0.7691853046417236
3.0108233099999997,0.05,71646,41.43,147,486,2073,0.0001,17886,0.8309506177902222
3.6249768499999995,0.05,71715,41.85,147,487,2074,0.0001,17903,3.425489902496338
4.24872407,0.05,71800,41.85,147,487,2075,0.0001,17924,0.6787910461425781
3.8842043599999996,0.05,71829,41.29,147,487,2076,0.0001,17932,0.830997884273529
4.0172208099999995,0.05,71865,41.39,147,488,2077,0.0001,17941,7.279613494873047
4.062436959999999,0.05,71950,41.97,147,488,2078,0.0001,17962,4.647574424743652
4.42946135,0.05,71997,42.16,147,488,2079,0.0001,17974,5.0155348777771
4.5982059600000005,0.05,72036,42.26,147,489,2080,0.0001,17983,7.553306579589844
4.6250838100000005,0.05,72064,42.29,147,489,2081,0.0001,17990,0.7998582720756531
4.67862477,0.05,72095,42.33,147,489,2082,0.0001,17998,2.9220619201660156
4.52278557,0.05,72124,42.24,147,489,2083,0.0001,18005,5.000314712524414
4.10973974,0.05,72156,41.99,147,490,2084,0.0001,18013,3.1541030406951904
4.11997434,0.05,72184,42.0,147,490,2085,0.0001,18020,0.9635762572288513
4.028661630000001,0.05,72209,41.93,147,490,2086,0.0001,18027,2.5549979209899902
4.90431944,0.05,72294,42.48,147,490,2087,0.0001,18048,3.1370298862457275
4.944869000000001,0.05,72324,42.52,147,491,2088,0.0001,18055,0.7460224628448486
5.472760030000001,0.05,72409,43.12,147,491,2089,0.0001,18077,1.0365960597991943
5.98939026,0.05,72494,43.71,147,491,2090,0.0001,18098,2.8771209716796875
5.911939529999999,0.05,72524,43.66,147,492,2091,0.0001,18105,4.850442886352539
5.99209865,0.05,72556,43.72,147,492,2092,0.0001,18113,3.100585460662842
6.2757511,0.05,72597,43.88,147,492,2093,0.0001,18124,2.947371244430542
6.37276174,0.05,72629,43.95,147,492,2094,0.0001,18132,3.1113173961639404
6.41148066,0.05,72659,43.99,147,493,2095,0.0001,18139,0.8630357384681702
6.507792740000001,0.05,72691,43.46,147,493,2096,0.0001,18147,5.704687118530273
6.3043137100000015,0.05,72738,43.33,147,493,2097,0.0001,18159,5.173650741577148
6.30155365,0.05,72766,43.33,147,493,2098,0.0001,18166,7.511731147766113
6.71238671,0.05,72851,43.92,147,494,2099,0.0001,18187,7.402369022369385
6.85340871,0.05,72887,44.01,147,494,2100,0.0001,18196,3.686976432800293
7.017873800000001,0.05,72924,44.13,147,494,2101,0.0001,18205,2.960631847381592
6.338833480000002,0.05,72962,43.66,147,494,2102,0.0001,18215,2.8612966537475586
6.726515910000001,0.05,73012,43.9,147,495,2103,0.0001,18227,1.0811302661895752
7.013240420000002,0.05,73056,44.08,147,495,2104,0.0001,18238,0.5682846903800964
7.5110827,0.05,73110,44.36,147,495,2105,0.0001,18252,7.320237636566162
7.837265980000001,0.05,73160,44.55,147,496,2106,0.0001,18264,3.0065107345581055
8.05574609,0.05,73200,44.69,147,496,2107,0.0001,18274,1.0281561613082886
8.67166085,0.05,73259,45.02,147,496,2108,0.0001,18289,2.8119051456451416
8.74004431,0.05,73291,45.07,147,497,2109,0.0001,18297,2.900845527648926
8.759322670000001,0.05,73320,45.1,147,497,2110,0.0001,18304,5.013805389404297
9.45364113,0.05,73365,44.7,147,497,2111,0.0001,18316,2.625429391860962
8.648427669999998,0.05,73393,44.13,147,497,2112,0.0001,18323,4.364120006561279
8.59219354,0.05,73419,44.08,147,497,2113,0.0001,18329,5.342307090759277
8.802604460000001,0.05,73459,44.2,147,498,2114,0.0001,18339,2.718348264694214
8.815276149999999,0.05,73490,43.66,147,498,2115,0.0001,18347,2.771381139755249
8.977385349999999,0.05,73520,43.11,147,498,2116,0.0001,18354,0.6686049699783325
8.965472279999998,0.05,73549,43.1,147,498,2117,0.0001,18362,0.6562114357948303
8.97313409,0.05,73581,43.1,147,499,2118,0.0001,18370,1.075981855392456
9.23876302,0.05,73627,43.23,147,499,2119,0.0001,18381,2.7572696208953857
9.501303969999999,0.05,73667,43.38,147,499,2120,0.0001,18391,2.718351125717163
9.440487309999998,0.05,73700,43.34,147,499,2121,0.0001,18399,2.938300371170044
9.78382825,0.05,73785,43.87,147,500,2122,0.0001,18421,2.5806472301483154
9.521134439999999,0.05,73815,43.74,147,500,2123,0.0001,18428,3.169552803039551
9.629610679999999,0.05,73849,43.81,147,500,2124,0.0001,18437,2.7678894996643066
9.202906279999997,0.05,73879,43.26,147,501,2125,0.0001,18444,0.7645279169082642
9.446198959999998,0.05,73923,43.39,147,501,2126,0.0001,18455,1.2287055253982544
9.857602029999999,0.05,74008,43.57,147,501,2127,0.0001,18476,0.6394850611686707
9.927098909999998,0.05,74040,43.61,147,501,2128,0.0001,18484,3.151721954345703
9.911576759999999,0.05,74074,43.59,147,502,2129,0.0001,18493,0.6902416944503784
10.00125213,0.05,74107,43.66,147,502,2130,0.0001,18501,2.820180892944336
9.983958809999999,0.05,74139,43.65,147,502,2131,0.0001,18509,0.7071784734725952
9.811010079999999,0.05,74198,43.39,147,502,2132,0.0001,18524,0.9316918849945068
9.666669289999998,0.05,74283,43.85,147,503,2133,0.0001,18545,3.4936952590942383
9.679829609999997,0.05,74310,43.87,147,503,2134,0.0001,18552,4.895840167999268
10.28035845,0.05,74368,44.2,147,503,2135,0.0001,18566,2.8128199577331543
10.34199778,0.05,74400,44.25,147,504,2136,0.0001,18574,4.979589462280273
10.150644100000001,0.05,74428,44.14,147,504,2137,0.0001,18581,0.6901395320892334
10.595015120000001,0.05,74483,44.4,147,504,2138,0.0001,18595,3.1827144622802734
11.326949649999996,0.05,74549,44.21,147,504,2139,0.0001,18612,2.9173059463500977
11.452485139999999,0.05,74589,44.28,147,505,2140,0.0001,18622,4.7335405349731445
11.389099719999997,0.05,74616,44.23,147,505,2141,0.0001,18628,5.150052070617676
11.003679749999998,0.05,74645,43.98,147,505,2142,0.0001,18636,0.7107712030410767
11.069131840000002,0.05,74677,44.02,147,505,2143,0.0001,18644,1.013358473777771
11.928632290000001,0.05,74762,44.58,147,506,2144,0.0001,18665,2.8890914916992188
11.982163400000001,0.05,74793,44.61,147,506,2145,0.0001,18673,0.45408326387405396
12.069752609999998,0.05,74826,44.67,147,506,2146,0.0001,18681,0.6045297384262085
12.015919540000002,0.05,74855,44.63,147,507,2147,0.0001,18688,5.125555992126465
12.265134890000002,0.05,74902,44.78,147,507,2148,0.0001,18700,2.8925466537475586
12.141098980000002,0.05,74987,45.26,147,507,2149,0.0001,18721,9.419642448425293
12.11753207,0.05,75016,45.24,147,508,2150,0.0001,18728,2.7172224521636963
11.72203498,0.05,75055,45.0,147,508,2151,0.0001,18738,1.1307201385498047
11.433267190000002,0.05,75086,44.46,147,508,2152,0.0001,18746,0.665532112121582
11.90356132,0.05,75141,44.75,147,508,2153,0.0001,18760,5.387072563171387
12.13338258,0.05,75183,44.9,147,509,2154,0.0001,18770,2.677131175994873
12.061751789999999,0.05,75212,44.34,147,509,2155,0.0001,18777,0.8572936654090881
12.441447799999999,0.05,75265,44.55,147,509,2156,0.0001,18791,7.103919982910156
11.91911453,0.05,75296,44.27,147,510,2157,0.0001,18798,0.5753252506256104
11.795358549999998,0.05,75343,44.21,147,510,2158,0.0001,18810,2.7784101963043213
11.759905530000001,0.05,75428,44.7,147,510,2159,0.0001,18831,3.07777738571167
12.2950622,0.05,75482,44.98,147,511,2160,0.0001,18845,0.8546364903450012
12.66340612,0.05,75567,45.33,147,511,2161,0.0001,18866,4.80341911315918
12.924515410000001,0.05,75611,45.47,147,511,2162,0.0001,18877,0.5945640206336975
13.18121812,0.05,75653,45.63,147,511,2163,0.0001,18888,5.059694290161133
12.68286189,0.05,75708,45.33,147,512,2164,0.0001,18901,3.329704523086548
12.838736249999997,0.05,75748,45.41,147,512,2165,0.0001,18911,4.653247356414795
11.969270519999995,0.05,75782,44.9,147,512,2166,0.0001,18920,2.9713261127471924
12.843081080000001,0.05,75867,45.42,147,513,2167,0.0001,18941,2.774641990661621
12.77995828,0.05,75895,45.38,147,513,2168,0.0001,18948,2.635476589202881
12.592981379999996,0.05,75921,45.26,147,513,2169,0.0001,18955,2.477316379547119
12.20608545,0.05,75958,44.78,147,513,2170,0.0001,18964,2.7661972045898438
11.035873980000003,0.05,75986,44.21,147,514,2171,0.0001,18971,5.107468128204346
11.481863910000005,0.05,76071,44.79,147,514,2172,0.0001,18992,3.0747923851013184
11.183607940000003,0.05,76107,44.61,147,514,2173,0.0001,19001,2.649150848388672
10.603660150000005,0.05,76137,44.22,147,514,2174,0.0001,19009,0.5119069218635559
10.142871010000002,0.05,76164,43.64,147,515,2175,0.0001,19015,5.030925750732422
10.161335580000003,0.05,76195,43.66,147,515,2176,0.0001,19023,0.47090789675712585
10.062685290000001,0.05,76224,43.59,147,515,2177,0.0001,19030,0.5260670781135559
10.290026830000002,0.05,76267,43.17,147,515,2178,0.0001,19041,0.8864037990570068
9.987398270000002,0.05,76299,43.02,147,515,2179,0.0001,19049,2.8479723930358887
9.85842934,0.05,76331,42.95,147,516,2180,0.0001,19057,4.890896320343018
9.883496610000002,0.05,76361,42.97,147,516,2181,0.0001,19065,0.9593411087989807
10.391445290000002,0.05,76446,43.51,147,516,2182,0.0001,19086,0.701406717300415
10.40669353,0.05,76476,43.52,147,516,2183,0.0001,19093,0.6570982336997986
10.44471317,0.05,76510,43.54,147,517,2184,0.0001,19102,0.5895227193832397
10.533451710000001,0.05,76544,43.6,147,517,2185,0.0001,19110,3.001016616821289
10.942402180000002,0.05,76590,43.81,147,517,2186,0.0001,19122,2.490175724029541
10.211290609999999,0.05,76628,43.34,147,517,2187,0.0001,19131,5.075647830963135
10.2223054,0.05,76659,43.35,147,518,2188,0.0001,19139,0.6564384698867798
9.77272984,0.05,76691,42.82,147,518,2189,0.0001,19147,0.5759247541427612
9.89208193,0.05,76755,42.61,148,518,2190,0.0001,19163,3.0324482917785645
9.91562439,0.05,76787,42.63,148,518,2191,0.0001,19171,0.7214750051498413
9.88141476,0.05,76818,42.62,148,518,2192,0.0001,19179,0.46345236897468567
9.6597557,0.05,76848,42.51,148,519,2193,0.0001,19186,5.254566192626953
10.381382210000002,0.05,76933,43.04,148,519,2194,0.0001,19208,2.9863240718841553
10.37166201,0.05,76963,43.04,148,519,2195,0.0001,19215,0.9526067972183228
11.218558669999998,0.05,77048,43.57,148,520,2196,0.0001,19236,0.8321837782859802
10.94344624,0.05,77081,43.43,148,520,2197,0.0001,19245,0.4991287589073181
11.453528789999998,0.05,77138,43.72,148,520,2198,0.0001,19259,0.5909779071807861
11.190672969999998,0.05,77173,43.22,148,520,2199,0.0001,19268,2.8754100799560547
11.29835407,0.05,77215,43.28,148,521,2200,0.0001,19278,2.5007121562957764
11.17464529,0.05,77244,43.2,148,521,2201,0.0001,19285,0.8495171070098877
11.020817520000003,0.05,77275,43.13,148,521,2202,0.0001,19293,2.8879737854003906
10.718483080000004,0.05,77307,42.95,148,521,2203,0.0001,19301,3.1692609786987305
10.469297180000003,0.05,77337,42.81,148,521,2204,0.0001,19309,0.9351939558982849
10.046246539999997,0.05,77369,42.59,148,522,2205,0.0001,19317,3.299713134765625
10.325503729999998,0.05,77429,42.69,148,522,2206,0.0001,19332,0.7504681348800659
10.28326513,0.05,77465,42.65,148,522,2207,0.0001,19341,2.668703556060791
9.731626759999997,0.05,77497,42.38,148,522,2208,0.0001,19349,4.991405963897705
10.499595079999999,0.05,77582,42.91,148,523,2209,0.0001,19370,1.0188764333724976
11.074605849999998,0.05,77640,43.2,148,523,2210,0.0001,19384,2.9526286125183105
10.76173247,0.05,77670,43.05,148,523,2211,0.0001,19392,0.35704636573791504
10.79374124,0.05,77700,43.07,148,523,2212,0.0001,19399,2.913353204727173
10.84094153,0.05,77730,43.11,148,524,2213,0.0001,19407,0.48234617710113525
11.39825421,0.05,77807,43.48,148,524,2214,0.0001,19426,0.9865497946739197
11.452459689999998,0.05,77840,43.5,148,524,2215,0.0001,19434,0.3644081652164459
11.55969535,0.05,77875,43.55,148,524,2216,0.0001,19443,0.9128786325454712
12.108234969999996,0.05,77938,43.89,148,525,2217,0.0001,19459,0.5671662092208862
12.165794039999998,0.05,77974,43.93,148,525,2218,0.0001,19468,3.1636524200439453
11.96582068,0.05,78010,43.83,148,525,2219,0.0001,19477,3.0054562091827393
12.0823903,0.05,78095,44.28,148,525,2220,0.0001,19498,0.6210948824882507
12.527493299999998,0.05,78180,44.8,148,526,2221,0.0001,19519,1.4525861740112305
12.17787465,0.05,78212,44.27,148,526,2222,0.0001,19527,2.7144317626953125
12.298211189999996,0.05,78249,44.34,148,526,2223,0.0001,19537,2.929811477661133
12.256201549999997,0.05,78281,44.32,148,527,2224,0.0001,19545,0.8188680410385132
12.636138639999999,0.05,78331,44.52,148,527,2225,0.0001,19557,2.9986393451690674
12.63344979,0.05,78376,44.53,148,527,2226,0.0001,19568,0.79212486743927
12.188151659999999,0.05,78435,44.27,148,527,2227,0.0001,19583,4.651405334472656
12.201674999999998,0.05,78468,44.28,148,528,2228,0.0001,19591,0.5310707688331604
12.079922669999998,0.05,78495,44.21,148,528,2229,0.0001,19598,0.7119275331497192
12.071514719999998,0.05,78527,44.2,148,528,2230,0.0001,19606,2.9573488235473633
12.047274659999998,0.05,78557,44.18,148,528,2231,0.0001,19614,0.7738349437713623
11.488340709999997,0.05,78588,43.9,148,528,2232,0.0001,19621,0.7290155291557312
11.471444809999998,0.05,78618,43.35,148,529,2233,0.0001,19629,0.6486713886260986
11.58551513,0.05,78652,43.42,148,529,2234,0.0001,19637,0.6935321092605591
11.095543069999998,0.05,78685,43.17,148,529,2235,0.0001,19646,0.6018243432044983
11.243281629999998,0.05,78770,43.7,148,529,2236,0.0001,19667,2.849095344543457
11.354809300000001,0.05,78804,43.76,148,530,2237,0.0001,19675,4.752749443054199
10.973935149999999,0.05,78837,43.54,148,530,2238,0.0001,19684,5.093692779541016
10.48527435,0.05,78922,43.73,148,530,2239,0.0001,19705,0.43491607904434204
10.616867749999997,0.05,78968,43.79,148,530,2240,0.0001,19716,2.380080461502075
10.64629862,0.05,78998,43.82,148,531,2241,0.0001,19724,2.692838668823242
10.680394830000001,0.05,79030,43.85,148,531,2242,0.0001,19732,4.526700973510742
10.784418890000001,0.05,79068,43.91,148,531,2243,0.0001,19741,4.95612096786499
9.98469936,0.05,79101,43.39,148,531,2244,0.0001,19750,5.411672592163086
10.021038690000001,0.05,79135,43.42,148,532,2245,0.0001,19758,0.6650730967521667
9.96163984,0.05,79164,43.38,148,532,2246,0.0001,19765,2.6684558391571045
9.96673087,0.05,79194,43.39,148,532,2247,0.0001,19773,2.9712109565734863
9.697251000000001,0.05,79224,43.22,148,532,2248,0.0001,19780,5.126214981079102
9.95088551,0.05,79269,42.82,148,532,2249,0.0001,19792,2.663273572921753
10.227586180000001,0.05,79313,42.97,148,533,2250,0.0001,19803,0.6410561800003052
10.102210030000002,0.05,79346,42.91,148,533,2251,0.0001,19811,0.8479459285736084
10.307535040000003,0.05,79389,43.03,148,533,2252,0.0001,19822,5.179540157318115
9.91895941,0.05,79421,42.8,148,533,2253,0.0001,19830,2.452150821685791
9.711789889999999,0.05,79451,42.68,148,533,2254,0.0001,19837,0.6167915463447571
10.05576266,0.05,79536,43.24,148,534,2255,0.0001,19858,5.029325485229492
9.674069789999999,0.05,79568,43.03,148,534,2256,0.0001,19866,0.47019216418266296
9.69373709,0.05,79600,43.04,148,534,2257,0.0001,19874,5.1095476150512695
9.379629079999999,0.05,79629,42.86,148,534,2258,0.0001,19882,5.066801071166992
9.39148973,0.05,79664,42.36,148,534,2259,0.0001,19890,0.6703179478645325
9.311423699999999,0.05,79715,42.33,148,535,2260,0.0001,19903,4.973571300506592
9.06952922,0.05,79784,42.17,149,535,2261,0.0001,19920,0.6631715297698975
8.95880004,0.05,79822,42.11,149,535,2262,0.0001,19930,0.8434324264526367
9.17062671,0.05,79877,42.24,149,535,2263,0.0001,19944,0.46631860733032227
8.893706249999997,0.05,79916,42.08,149,536,2264,0.0001,19953,0.8573170900344849
8.781680989999998,0.05,79951,42.03,149,536,2265,0.0001,19962,0.872412383556366
8.731638879999998,0.05,79983,42.01,149,536,2266,0.0001,19970,0.6002492308616638
7.843503249999999,0.05,80015,41.48,149,536,2267,0.0001,19978,9.826627731323242
7.96457024,0.05,80050,41.55,149,536,2268,0.0001,19987,5.747136116027832
8.1097873,0.05,80085,41.64,149,537,2269,0.0001,19996,1.6362278461456299
8.049380330000002,0.05,80118,41.6,149,537,2270,0.0001,20004,3.074244976043701
8.120010000000002,0.05,80151,41.65,149,537,2271,0.0001,20012,7.818202972412109
7.737739210000001,0.05,80182,41.11,149,537,2272,0.0001,20020,0.6427186727523804
7.74728988,0.05,80220,41.13,149,538,2273,0.0001,20029,1.5163450241088867
7.7465753799999995,0.05,80250,41.13,149,538,2274,0.0001,20037,3.309098720550537
7.81930506,0.05,80282,41.18,149,538,2275,0.0001,20045,3.020078659057617
8.069029899999999,0.05,80327,41.32,149,538,2276,0.0001,20056,2.855234384536743
8.23487035,0.05,80366,41.42,149,538,2277,0.0001,20066,0.7890452742576599
8.403240160000001,0.05,80416,41.49,149,539,2278,0.0001,20078,0.6595028042793274
8.490578370000001,0.05,80453,41.54,149,539,2279,0.0001,20088,5.424820899963379
8.456502330000001,0.05,80483,41.52,149,539,2280,0.0001,20095,3.057047128677368
9.257865120000002,0.05,80554,41.93,149,539,2281,0.0001,20113,0.8578193187713623
8.758536240000002,0.05,80586,41.4,149,540,2282,0.0001,20121,3.401414155960083
8.87152269,0.05,80623,41.47,149,540,2283,0.0001,20130,2.958969831466675
8.864564360000001,0.05,80657,41.47,149,540,2284,0.0001,20139,3.489715576171875
8.83486397,0.05,80690,41.46,149,540,2285,0.0001,20147,3.1406097412109375
9.02881478,0.05,80775,41.85,149,541,2286,0.0001,20168,7.213241100311279
8.852871899999998,0.05,80803,41.75,149,541,2287,0.0001,20175,2.7730865478515625
9.06508302,0.05,80846,41.87,149,541,2288,0.0001,20186,1.3311468362808228
9.11626792,0.05,80881,41.9,149,541,2289,0.0001,20195,0.8366597890853882
8.51808568,0.05,80910,41.55,149,541,2290,0.0001,20202,0.7926284074783325
8.6537747,0.05,80949,41.62,149,542,2291,0.0001,20212,3.1467719078063965
8.680881789999999,0.05,80981,41.63,149,542,2292,0.0001,20220,3.710585594177246
8.72292195,0.05,81014,41.66,149,542,2293,0.0001,20228,5.787447929382324
7.973085469999998,0.05,81045,41.12,149,542,2294,0.0001,20236,1.3763829469680786
7.95784362,0.05,81073,41.1,149,543,2295,0.0001,20243,2.911550521850586
7.045123739999999,0.05,81100,40.52,149,543,2296,0.0001,20249,1.0810847282409668
7.21629381,0.05,81185,41.04,149,543,2297,0.0001,20271,0.8835593461990356
6.72703349,0.05,81214,40.76,149,544,2298,0.0001,20278,2.564875841140747
6.6515713299999994,0.05,81246,40.73,149,544,2299,0.0001,20286,5.770662784576416
6.82417145,0.05,81331,41.16,149,544,2300,0.0001,20307,2.637331247329712
6.89570401,0.05,81365,41.21,149,544,2301,0.0001,20316,0.6307467222213745
7.401722380000001,0.05,81450,41.75,149,545,2302,0.0001,20337,5.063511371612549
7.4937539000000015,0.05,81486,41.79,149,545,2303,0.0001,20346,0.5376144647598267
7.810386760000001,0.05,81533,41.96,149,545,2304,0.0001,20358,3.424121856689453
7.753387620000001,0.05,81561,41.92,149,545,2305,0.0001,20365,5.003662586212158
7.127388450000001,0.05,81590,41.61,149,545,2306,0.0001,20372,2.826784372329712
7.325311800000001,0.05,81638,41.73,149,546,2307,0.0001,20384,0.5028157830238342
7.277337640000001,0.05,81667,41.7,149,546,2308,0.0001,20391,5.130793571472168
6.6119699700000005,0.05,81705,41.23,149,546,2309,0.0001,20401,7.263258457183838
6.070970089999999,0.05,81736,40.96,149,546,2310,0.0001,20408,0.47736620903015137
6.12589566,0.05,81769,40.99,149,546,2311,0.0001,20417,3.2759547233581543
5.9719377,0.05,81854,41.54,149,547,2312,0.0001,20438,0.6939517259597778
5.98495697,0.05,81885,41.55,149,547,2313,0.0001,20446,2.942899465560913
5.266574609999999,0.05,81916,41.09,149,547,2314,0.0001,20453,3.0875232219696045
5.216391249999998,0.05,81947,41.07,149,547,2315,0.0001,20461,2.9138050079345703
5.105807549999998,0.05,81976,41.01,149,547,2316,0.0001,20468,0.7729562520980835
4.578071250000001,0.05,82007,40.69,149,548,2317,0.0001,20476,3.4085593223571777
4.449016640000001,0.05,82035,40.61,149,548,2318,0.0001,20483,0.7794399261474609
4.345608620000001,0.05,82065,40.55,149,548,2319,0.0001,20491,3.0376334190368652
4.217501340000001,0.05,82107,40.12,149,548,2320,0.0001,20501,0.8469682931900024
3.7392977500000004,0.05,82139,39.59,149,548,2321,0.0001,20509,0.9381229877471924
4.587152390000001,0.05,82224,40.12,149,549,2322,0.0001,20530,2.5632212162017822
4.5021115400000005,0.05,82256,40.07,149,549,2323,0.0001,20538,3.209254026412964
5.54608116,0.05,82341,40.6,149,549,2324,0.0001,20560,2.555382013320923
5.1924264,0.05,82373,40.42,149,550,2325,0.0001,20568,0.9025884866714478
6.212687069999999,0.05,82458,40.82,149,550,2326,0.0001,20589,0.9325574636459351
6.068141000000001,0.05,82508,40.73,149,550,2327,0.0001,20601,2.7808895111083984
6.04891855,0.05,82540,40.72,149,550,2328,0.0001,20609,1.0606753826141357
6.1129329299999995,0.05,82572,40.77,149,551,2329,0.0001,20617,4.979691028594971
6.173784820000001,0.05,82608,40.81,149,551,2330,0.0001,20626,3.102712869644165
6.135794330000001,0.05,82636,40.79,149,551,2331,0.0001,20633,7.675524711608887
6.075792410000002,0.05,82663,40.75,149,551,2332,0.0001,20640,0.888901948928833
6.231873550000001,0.05,82702,40.84,149,551,2333,0.0001,20650,2.976527452468872
6.135592470000001,0.05,82731,40.79,149,552,2334,0.0001,20657,3.026426076889038
6.52196972,0.05,82816,41.31,149,552,2335,0.0001,20678,3.0455875396728516
6.7811330199999995,0.05,82872,41.02,149,552,2336,0.0001,20692,9.608673095703125
7.00243295,0.05,82917,41.13,149,553,2337,0.0001,20704,2.6488327980041504
6.979100370000001,0.05,82949,41.12,149,553,2338,0.0001,20712,5.329716682434082
6.9017025000000025,0.05,82982,40.6,149,553,2339,0.0001,20720,0.6958374977111816
6.971860369999999,0.05,83033,40.65,149,553,2340,0.0001,20733,5.291534423828125
6.948944060000001,0.05,83061,40.63,149,553,2341,0.0001,20740,3.8960633277893066
7.419866610000001,0.05,83119,40.89,149,554,2342,0.0001,20754,3.1204018592834473
7.340458100000001,0.05,83153,40.85,149,554,2343,0.0001,20763,1.1221325397491455
7.379546160000001,0.05,83187,40.86,149,554,2344,0.0001,20771,3.2472591400146484
7.3316443300000005,0.05,83218,40.83,149,554,2345,0.0001,20779,0.8164780139923096
7.309786610000002,0.05,83245,40.81,149,555,2346,0.0001,20786,5.4595255851745605
7.292116580000002,0.05,83273,40.79,149,555,2347,0.0001,20793,0.635684072971344
7.73902905,0.05,83330,41.06,149,555,2348,0.0001,20807,2.839703321456909
7.510857670000003,0.05,83363,40.94,149,555,2349,0.0001,20815,3.06894588470459
7.285135630000001,0.05,83396,40.83,149,556,2350,0.0001,20823,1.3027443885803223
7.295248190000002,0.05,83430,40.84,149,556,2351,0.0001,20832,0.7043427228927612
7.05081027,0.05,83458,40.69,149,556,2352,0.0001,20839,5.202669143676758
6.987833670000001,0.05,83486,40.65,149,556,2353,0.0001,20846,0.9287629127502441
7.133357500000002,0.05,83524,40.73,149,556,2354,0.0001,20855,2.802842617034912
6.962257610000002,0.05,83563,40.27,149,557,2355,0.0001,20865,0.5227420330047607
6.991903510000001,0.05,83597,40.29,149,557,2356,0.0001,20874,2.7311084270477295
6.9865542099999995,0.05,83629,40.29,149,557,2357,0.0001,20882,0.9004760980606079
7.604968789999999,0.05,83705,40.76,149,558,2358,0.0001,20901,4.871786594390869
7.57648105,0.05,83738,40.74,150,558,2359,0.0001,20909,3.478621006011963
7.1693142,0.05,83768,40.53,150,558,2360,0.0001,20916,3.113704204559326
6.70153038,0.05,83802,40.18,150,558,2361,0.0001,20925,0.7686319351196289
6.54713482,0.05,83832,40.1,150,558,2362,0.0001,20932,4.715969562530518
6.14231327,0.05,83864,39.87,150,559,2363,0.0001,20940,5.175395965576172
5.968467259999999,0.05,83894,39.78,150,559,2364,0.0001,20948,3.0364866256713867
5.8798891200000005,0.05,83979,40.28,150,559,2365,0.0001,20969,0.8583133220672607
5.8412355,0.05,84008,40.25,150,559,2366,0.0001,20976,0.5672800540924072
5.7850367799999995,0.05,84036,40.21,150,559,2367,0.0001,20983,1.0639567375183105
5.79136455,0.05,84072,40.22,150,560,2368,0.0001,20992,9.535140037536621
6.082514529999998,0.05,84123,40.38,150,560,2369,0.0001,21005,3.3540008068084717
6.153213929999998,0.05,84160,40.42,150,560,2370,0.0001,21014,7.054683685302734
6.2657810099999995,0.05,84199,40.48,150,560,2371,0.0001,21024,2.9066522121429443
6.263315719999998,0.05,84230,40.48,150,560,2372,0.0001,21032,0.5323658585548401
6.321034759999999,0.05,84270,40.5,150,561,2373,0.0001,21042,0.7861754894256592
6.534783100000001,0.05,84312,40.62,150,561,2374,0.0001,21052,2.979160785675049
6.5405342399999995,0.05,84345,40.63,150,561,2375,0.0001,21061,2.55410099029541
6.432960789999999,0.05,84383,40.56,150,561,2376,0.0001,21070,7.734313011169434
6.310991519999999,0.05,84415,40.49,150,561,2377,0.0001,21078,5.40750789642334
6.3515918199999994,0.05,84500,40.84,150,562,2378,0.0001,21099,0.7160657644271851
6.23734117,0.05,84530,40.77,150,562,2379,0.0001,21107,0.41342881321907043
6.41968245,0.05,84570,40.87,150,562,2380,0.0001,21117,0.8606444597244263
5.652081829999998,0.05,84602,40.48,150,562,2381,0.0001,21125,7.113770008087158
5.938642489999999,0.05,84649,40.63,150,563,2382,0.0001,21137,0.7617048621177673
5.954657719999999,0.05,84686,40.63,150,563,2383,0.0001,21146,3.032411575317383
6.13931475,0.05,84729,40.72,150,563,2384,0.0001,21157,2.92691969871521
6.19411815,0.05,84764,40.74,150,563,2385,0.0001,21165,2.763190507888794
5.69004712,0.05,84797,40.22,150,564,2386,0.0001,21174,5.121240139007568
6.048466740000001,0.05,84846,40.43,150,564,2387,0.0001,21186,2.9770281314849854
5.95489634,0.05,84884,40.38,150,564,2388,0.0001,21195,0.6053462624549866
5.915053330000001,0.05,84917,40.36,150,564,2389,0.0001,21204,4.735130310058594
5.986933620000001,0.05,84951,40.41,150,565,2390,0.0001,21212,4.780168533325195
5.80430289,0.05,84980,40.31,150,565,2391,0.0001,21219,2.896969795227051
5.761686880000001,0.05,85009,40.28,150,565,2392,0.0001,21227,0.7697219848632812
5.898468350000001,0.05,85094,40.8,150,565,2393,0.0001,21248,0.7435532808303833
6.0412664099999995,0.05,85133,40.88,150,566,2394,0.0001,21258,0.6095543503761292
6.083966939999999,0.05,85164,40.91,150,566,2395,0.0001,21265,5.539147853851318
6.203791580000001,0.05,85198,40.98,150,566,2396,0.0001,21274,0.5827675461769104
6.06323578,0.05,85232,40.47,150,566,2397,0.0001,21282,3.002594470977783
6.241752279999999,0.05,85271,40.57,150,566,2398,0.0001,21292,1.0880091190338135
6.284195489999999,0.05,85305,40.59,150,567,2399,0.0001,21301,0.9534820318222046
6.145303370000001,0.05,85348,40.17,150,567,2400,0.0001,21311,0.833081841468811
6.094774129999999,0.05,85379,40.14,150,567,2401,0.0001,21319,0.40728822350502014
6.104049009999999,0.05,85438,39.88,150,567,2402,0.0001,21334,0.6537883281707764
5.979344579999999,0.05,85468,39.82,150,568,2403,0.0001,21341,7.809455871582031
5.912936159999999,0.05,85512,39.79,150,568,2404,0.0001,21352,1.456671118736267
5.967379949999998,0.05,85543,39.82,150,568,2405,0.0001,21360,0.6060472726821899
6.060603439999999,0.05,85578,39.88,150,568,2406,0.0001,21369,0.7384641170501709
5.74387798,0.05,85608,39.7,150,569,2407,0.0001,21376,1.000349760055542
5.76599407,0.05,85638,39.71,150,569,2408,0.0001,21384,0.7294231653213501
5.64529358,0.05,85669,39.64,150,569,2409,0.0001,21392,4.993649482727051
6.16613245,0.05,85726,39.9,150,569,2410,0.0001,21406,5.338165283203125
6.273397030000001,0.05,85765,39.96,150,570,2411,0.0001,21416,0.6171410083770752
6.58286693,0.05,85804,39.5,150,570,2412,0.0001,21425,3.1965532302856445
6.72745026,0.05,85843,39.58,150,570,2413,0.0001,21435,3.210834503173828
7.0382986800000005,0.05,85891,39.75,150,570,2414,0.0001,21447,5.20552921295166
7.374546600000002,0.05,85976,40.29,150,571,2415,0.0001,21468,0.9171229600906372
7.475317330000001,0.05,86011,40.35,150,571,2416,0.0001,21477,0.9904175400733948
7.523078450000002,0.05,86045,40.38,150,571,2417,0.0001,21486,0.9541637897491455
8.517074740000002,0.05,86130,40.95,150,572,2418,0.0001,21507,0.8551203012466431
8.720573530000001,0.05,86172,41.07,150,572,2419,0.0001,21517,0.6688190698623657
8.606900340000003,0.05,86207,41.0,150,572,2420,0.0001,21526,2.679856061935425
8.66147106,0.05,86242,41.03,150,572,2421,0.0001,21535,5.033565521240234
7.817296399999999,0.05,86274,40.5,150,572,2422,0.0001,21543,3.1050949096679688
8.088090479999998,0.05,86322,40.66,150,573,2423,0.0001,21555,0.7772560119628906
7.0495921599999996,0.05,86354,40.13,150,573,2424,0.0001,21563,2.804082155227661
7.06807595,0.05,86387,40.14,150,573,2425,0.0001,21571,3.006045341491699
5.8484129199999995,0.05,86420,39.62,150,573,2426,0.0001,21579,3.255316734313965
5.569679420000001,0.05,86454,39.46,150,574,2427,0.0001,21588,0.663357138633728
5.59102107,0.05,86487,39.47,150,574,2428,0.0001,21596,0.8850913047790527
5.931531980000001,0.05,86538,39.66,150,574,2429,0.0001,21609,0.8130442500114441
6.26249579,0.05,86597,39.89,150,574,2430,0.0001,21624,0.791018009185791
6.309431159999999,0.05,86628,39.92,150,575,2431,0.0001,21631,0.5090811252593994
6.296801499999999,0.05,86713,40.5,150,575,2432,0.0001,21653,2.918518543243408
6.157131400000001,0.05,86744,40.42,150,575,2433,0.0001,21660,5.540541648864746
6.164938920000001,0.05,86773,40.42,150,575,2434,0.0001,21668,0.7862485647201538
5.769453019999999,0.05,86806,39.9,150,576,2435,0.0001,21676,0.8564828634262085
5.409418509999999,0.05,86841,39.69,150,576,2436,0.0001,21685,0.6570208072662354
5.154636319999998,0.05,86874,39.57,150,576,2437,0.0001,21693,0.8826143741607666
5.764288069999999,0.05,86959,40.1,150,576,2438,0.0001,21714,2.9241318702697754
6.05884253,0.05,87011,40.29,150,577,2439,0.0001,21727,0.4903143644332886
5.716060690000001,0.05,87043,40.1,150,577,2440,0.0001,21735,0.6246477365493774
5.94930103,0.05,87084,40.23,150,577,2441,0.0001,21745,4.9455766677856445
5.544570199999999,0.05,87119,40.0,150,578,2442,0.0001,21754,5.36871862411499
5.77635372,0.05,87165,40.12,150,578,2443,0.0001,21766,2.667454242706299
5.70266087,0.05,87195,40.08,150,578,2444,0.0001,21773,0.9302964210510254
5.98153652,0.05,87280,40.62,150,578,2445,0.0001,21794,0.7841362953186035
6.0859510599999975,0.05,87314,40.69,150,578,2446,0.0001,21803,3.0788607597351074
6.3043675100000005,0.05,87355,40.82,150,579,2447,0.0001,21813,2.85774827003479
5.893501119999999,0.05,87388,40.58,150,579,2448,0.0001,21821,4.888276100158691
6.211184489999999,0.05,87438,40.75,150,579,2449,0.0001,21834,0.537289023399353
6.22175853,0.05,87471,40.75,150,579,2450,0.0001,21842,1.017853021621704
6.358899310000001,0.05,87556,41.26,150,580,2451,0.0001,21863,3.24752140045166
6.388828589999999,0.05,87587,41.29,150,580,2452,0.0001,21871,1.0137821435928345
6.5830023,0.05,87626,41.4,150,580,2453,0.0001,21881,0.7773501873016357
6.45759489,0.05,87657,41.33,150,580,2454,0.0001,21889,0.6530840992927551
6.321478410000002,0.05,87688,41.25,150,580,2455,0.0001,21896,0.8784744739532471
6.27974105,0.05,87719,41.22,150,581,2456,0.0001,21904,0.6795566082000732
6.2737575900000015,0.05,87750,41.21,150,581,2457,0.0001,21912,0.8876731991767883
5.797573109999999,0.05,87835,41.3,151,581,2458,0.0001,21933,1.2211930751800537
5.79549009,0.05,87868,41.3,151,581,2459,0.0001,21941,0.6126104593276978
6.049615800000001,0.05,87912,41.44,151,582,2460,0.0001,21952,0.7363205552101135
6.08388361,0.05,87948,41.46,151,582,2461,0.0001,21961,2.5156917572021484
6.08653007,0.05,87978,41.46,151,582,2462,0.0001,21969,0.8039476871490479
6.0857852900000005,0.05,88010,41.46,151,582,2463,0.0001,21977,9.170267105102539
6.13453491,0.05,88043,41.49,151,583,2464,0.0001,21985,1.259690284729004
6.141938010000001,0.05,88073,40.94,150,583,2465,0.0001,21993,2.8415448665618896
6.233944100000001,0.05,88108,41.0,150,583,2466,0.0001,22001,7.589200019836426
6.421899780000001,0.05,88148,41.12,150,583,2467,0.0001,22011,3.2503223419189453
6.343902020000001,0.05,88179,41.07,150,584,2468,0.0001,22019,5.133676528930664
5.98660416,0.05,88211,40.88,150,584,2469,0.0001,22027,2.7670726776123047
6.174258109999999,0.05,88257,40.97,150,584,2470,0.0001,22039,0.6982417106628418
6.054950610000001,0.05,88289,40.9,150,584,2471,0.0001,22047,5.26292610168457
6.10004167,0.05,88323,40.93,150,585,2472,0.0001,22055,5.535187244415283
6.0337843200000005,0.05,88408,41.38,150,585,2473,0.0001,22076,2.7669129371643066
6.046787140000001,0.05,88450,41.38,150,585,2474,0.0001,22087,3.080401659011841
6.485005910000001,0.05,88535,41.9,151,586,2475,0.0001,22108,0.8130391240119934
6.38110843,0.05,88568,41.85,151,586,2476,0.0001,22116,4.821896553039551
6.431684680000001,0.05,88604,41.89,151,586,2477,0.0001,22125,0.8610005378723145
5.968078510000002,0.05,88633,41.33,151,586,2478,0.0001,22133,0.6501442193984985
5.95156699,0.05,88661,41.31,151,587,2479,0.0001,22140,2.579418897628784
5.813946739999999,0.05,88694,41.24,150,587,2480,0.0001,22148,2.6990444660186768
6.32528754,0.05,88779,41.77,151,587,2481,0.0001,22169,2.817168712615967
6.00922967,0.05,88809,41.6,151,588,2482,0.0001,22177,3.023942708969116
6.0008628,0.05,88894,42.08,151,588,2483,0.0001,22198,5.727664947509766
5.82178918,0.05,88928,41.99,151,588,2484,0.0001,22206,0.6426567435264587
5.7972607499999995,0.05,88962,41.98,151,589,2485,0.0001,22215,0.9458557367324829
5.914544090000001,0.05,89001,42.04,151,589,2486,0.0001,22225,0.46161311864852905
5.640909070000001,0.05,89035,41.89,151,589,2487,0.0001,22233,0.6357196569442749
5.51187363,0.05,89065,41.81,151,589,2488,0.0001,22241,2.89563250541687
5.546921190000001,0.05,89099,41.82,151,590,2489,0.0001,22249,0.5229480266571045
5.68703375,0.05,89141,41.9,151,590,2490,0.0001,22260,0.41975846886634827
5.6861634400000005,0.05,89170,41.9,150,590,2491,0.0001,22267,2.8757593631744385
5.72105601,0.05,89202,41.93,150,590,2492,0.0001,22275,6.990322113037109
5.61562551,0.05,89237,41.43,150,591,2493,0.0001,22284,3.052955150604248
5.448997739999999,0.05,89267,41.34,150,591,2494,0.0001,22291,5.327305316925049
5.491821879999999,0.05,89301,41.37,150,591,2495,0.0001,22300,2.6210060119628906
5.502795340000001,0.05,89337,41.39,150,591,2496,0.0001,22309,0.7670790553092957
5.514145119999999,0.05,89372,41.4,150,592,2497,0.0001,22317,0.6332582831382751
5.57076432,0.05,89457,41.86,151,592,2498,0.0001,22339,3.3800342082977295
5.663500879999999,0.05,89497,41.92,151,592,2499,0.0001,22349,0.6519757509231567
5.46748784,0.05,89530,41.82,150,592,2500,0.0001,22357,2.9234626293182373
5.4684149,0.05,89561,41.82,150,593,2501,0.0001,22365,4.646775245666504
5.1349518,0.05,89601,41.63,150,593,2502,0.0001,22375,7.109513282775879
5.310360800000001,0.05,89640,41.72,150,593,2503,0.0001,22384,5.151157379150391
5.119211840000001,0.05,89674,41.62,150,593,2504,0.0001,22393,5.077725887298584
5.099922590000001,0.05,89704,41.61,150,594,2505,0.0001,22400,2.736238956451416
5.173999700000001,0.05,89742,41.64,150,594,2506,0.0001,22410,2.719308853149414
5.230038980000002,0.05,89776,41.68,150,594,2507,0.0001,22418,2.840108633041382
5.292465590000002,0.05,89810,41.72,150,594,2508,0.0001,22427,2.7893126010894775
5.30924344,0.05,89842,41.73,150,595,2509,0.0001,22435,0.5514476299285889
4.83062947,0.05,89875,41.49,150,595,2510,0.0001,22443,3.0871992111206055
4.72845811,0.05,89908,41.43,150,595,2511,0.0001,22451,9.085759162902832
4.70571829,0.05,89946,41.42,150,595,2512,0.0001,22461,3.400862693786621
4.67162746,0.05,89983,41.4,150,596,2513,0.0001,22470,3.185176134109497
4.27233664,0.05,90068,41.77,150,596,2514,0.0001,22491,3.1021218299865723
3.92833725,0.05,90099,41.23,150,596,2515,0.0001,22499,5.463137149810791
3.8675459800000005,0.05,90131,41.2,150,597,2516,0.0001,22507,3.1749372482299805
3.88216959,0.05,90166,41.21,150,597,2517,0.0001,22516,3.94851016998291
3.0583922,0.05,90204,40.74,150,597,2518,0.0001,22525,2.964393377304077
3.00747927,0.05,90243,40.71,150,597,2519,0.0001,22535,7.250847816467285
2.950676,0.05,90275,40.68,150,598,2520,0.0001,22543,1.1905238628387451
2.85049681,0.05,90304,40.62,150,598,2521,0.0001,22550,4.939967155456543
2.8760387800000005,0.05,90338,40.64,150,598,2522,0.0001,22559,0.8428958654403687
2.6507185800000004,0.05,90373,40.51,150,598,2523,0.0001,22568,2.902099370956421
2.84390395,0.05,90414,40.6,150,599,2524,0.0001,22578,5.561131477355957
2.89329453,0.05,90450,40.63,150,599,2525,0.0001,22587,0.785568118095398
2.9496655599999997,0.05,90487,40.67,150,599,2526,0.0001,22596,2.6659903526306152
3.0094608999999997,0.05,90524,40.7,150,599,2527,0.0001,22605,3.3828513622283936
3.0169192,0.05,90558,40.71,150,600,2528,0.0001,22614,0.9117152094841003
2.68754865,0.05,90590,40.52,150,600,2529,0.0001,22622,0.8288315534591675
2.47740073,0.05,90633,40.36,150,600,2530,0.0001,22633,0.8645398616790771
2.5392318599999997,0.05,90668,40.4,150,600,2531,0.0001,22641,7.18035888671875
2.69190043,0.05,90704,39.91,150,601,2532,0.0001,22650,2.9703993797302246
2.7328477300000005,0.05,90737,39.93,150,601,2533,0.0001,22659,0.7625802755355835
2.8905931000000002,0.05,90775,40.02,150,601,2534,0.0001,22668,4.90707540512085
2.82464134,0.05,90804,39.98,150,601,2535,0.0001,22675,1.1444276571273804
2.9015342399999997,0.05,90843,40.02,150,602,2536,0.0001,22685,3.371384620666504
2.902874449999999,0.05,90876,40.02,150,602,2537,0.0001,22693,2.9337992668151855
2.4318242499999996,0.05,90914,39.55,150,602,2538,0.0001,22703,0.9152941703796387
2.0903206199999995,0.05,90944,39.33,150,602,2539,0.0001,22710,5.2793731689453125
2.1764715499999996,0.05,90981,39.38,150,603,2540,0.0001,22720,1.0115244388580322
1.9645773899999994,0.05,91011,39.27,150,603,2541,0.0001,22727,0.8295404314994812
2.9443707299999993,0.05,91096,39.77,150,603,2542,0.0001,22748,2.6257762908935547
2.66090102,0.05,91127,39.62,150,604,2543,0.0001,22756,1.353155255317688
3.4959442699999994,0.05,91212,40.17,150,604,2544,0.0001,22777,0.44572627544403076
3.3014973299999997,0.05,91248,39.68,150,604,2545,0.0001,22786,0.8546756505966187
3.2832828399999996,0.05,91281,39.67,150,605,2546,0.0001,22795,2.857881784439087
3.300369649999999,0.05,91324,39.69,150,605,2547,0.0001,22805,5.323026180267334
3.776914009999999,0.05,91376,39.88,150,605,2548,0.0001,22818,2.674757242202759
3.4806194999999995,0.05,91410,39.72,150,606,2549,0.0001,22827,3.50360369682312
4.2770507,0.05,91495,40.24,150,606,2550,0.0001,22848,1.0524630546569824
4.14512122,0.05,91529,39.73,150,606,2551,0.0001,22857,0.9321960210800171
4.71698407,0.05,91614,40.27,150,607,2552,0.0001,22878,0.9661135077476501
4.93072648,0.05,91665,40.39,150,607,2553,0.0001,22891,3.099418878555298
4.92758534,0.05,91696,40.39,150,607,2554,0.0001,22898,1.2056803703308105
4.994735639999999,0.05,91731,40.43,150,607,2555,0.0001,22907,3.449589252471924
4.97353319,0.05,91761,40.42,150,607,2556,0.0001,22915,1.0497126579284668
4.944745369999999,0.05,91791,40.41,150,608,2557,0.0001,22922,3.1940481662750244
4.84244828,0.05,91823,39.88,150,608,2558,0.0001,22930,3.3435566425323486
4.77642724,0.05,91852,39.84,150,608,2559,0.0001,22937,0.796438455581665
4.67040657,0.05,91890,39.78,150,608,2560,0.0001,22947,3.038071632385254
4.583700830000001,0.05,91921,39.73,150,609,2561,0.0001,22955,0.6525071263313293
4.43850766,0.05,92006,40.28,150,609,2562,0.0001,22976,9.516945838928223
4.61588619,0.05,92091,40.81,150,609,2563,0.0001,22997,0.8482784032821655
4.64282474,0.05,92125,40.82,150,610,2564,0.0001,23006,3.0950565338134766
5.0616292099999995,0.05,92178,41.05,150,610,2565,0.0001,23019,0.4733230769634247
5.73818374,0.05,92263,41.55,151,610,2566,0.0001,23040,5.342696189880371
5.56977599,0.05,92293,41.45,151,611,2567,0.0001,23048,2.872678756713867
5.55187374,0.05,92323,41.44,151,611,2568,0.0001,23055,3.389341354370117
5.4418303,0.05,92408,41.97,151,611,2569,0.0001,23076,0.8058192729949951
5.281298809999999,0.05,92446,41.89,151,611,2570,0.0001,23086,3.040940284729004
5.246726580000002,0.05,92475,41.86,151,612,2571,0.0001,23093,0.5624732375144958
5.2922183700000005,0.05,92511,41.88,151,612,2572,0.0001,23102,0.693257212638855
5.707940280000002,0.05,92596,41.88,151,612,2573,0.0001,23123,2.994962692260742
6.564639529999999,0.05,92681,42.31,151,613,2574,0.0001,23145,5.265530586242676
6.10484042,0.05,92712,41.77,151,613,2575,0.0001,23152,3.344475030899048
6.117692819999999,0.05,92746,41.78,151,613,2576,0.0001,23161,2.7565927505493164
6.26147754,0.05,92831,42.27,151,614,2577,0.0001,23182,5.254775047302246
6.44061202,0.05,92916,42.83,151,614,2578,0.0001,23203,3.110840320587158
6.462792489999999,0.05,92947,42.86,151,614,2579,0.0001,23211,3.1703171730041504
6.54884528,0.05,93032,43.38,151,615,2580,0.0001,23232,0.6252642869949341
6.04736178,0.05,93065,42.86,151,615,2581,0.0001,23241,3.0799784660339355
6.2991981599999995,0.05,93108,42.99,151,615,2582,0.0001,23251,0.41138261556625366
6.21939212,0.05,93193,42.99,151,615,2583,0.0001,23273,0.9070523977279663
6.33711963,0.05,93232,43.04,151,616,2584,0.0001,23282,0.713336706161499
6.316296239999999,0.05,93265,43.03,151,616,2585,0.0001,23291,2.79018235206604
6.290989959999998,0.05,93350,43.49,151,616,2586,0.0001,23312,5.604544162750244
6.296847209999998,0.05,93384,43.49,151,617,2587,0.0001,23320,2.831289768218994
6.316848029999997,0.05,93416,43.51,151,617,2588,0.0001,23328,8.047076225280762
6.260267639999999,0.05,93447,43.48,151,617,2589,0.0001,23336,7.408076286315918
6.20947242,0.05,93485,43.44,151,617,2590,0.0001,23346,5.082836151123047
6.39636645,0.05,93525,43.55,151,618,2591,0.0001,23356,2.8997092247009277
6.59134359,0.05,93610,44.08,151,618,2592,0.0001,23377,0.751882791519165
6.613057460000001,0.05,93646,44.09,151,618,2593,0.0001,23386,7.309579849243164
6.820559550000001,0.05,93687,44.2,151,618,2594,0.0001,23396,5.655306816101074
6.819834830000001,0.05,93720,44.19,151,619,2595,0.0001,23404,5.079709053039551
6.821888159999999,0.05,93756,44.19,151,619,2596,0.0001,23413,3.034370183944702
6.834367950000001,0.05,93792,44.2,151,619,2597,0.0001,23422,1.4105647802352905
6.60640578,0.05,93877,44.2,151,620,2598,0.0001,23444,2.695033073425293
7.38000645,0.05,93962,44.65,151,620,2599,0.0001,23465,2.789226770401001
7.3830562199999985,0.05,93995,44.65,151,620,2600,0.0001,23473,2.7909464836120605
7.720571529999998,0.05,94044,44.83,151,621,2601,0.0001,23485,0.6851209402084351
7.640009479999999,0.05,94081,44.8,151,621,2602,0.0001,23495,0.8296487331390381
7.504146269999999,0.05,94113,44.73,151,621,2603,0.0001,23503,0.9734529852867126
7.500839329999998,0.05,94146,44.72,151,621,2604,0.0001,23511,5.231569290161133
7.527136809999997,0.05,94178,44.74,151,622,2605,0.0001,23519,2.5538547039031982
7.411367429999998,0.05,94211,44.69,151,622,2606,0.0001,23527,0.49860653281211853
8.182905369999999,0.05,94282,45.06,151,622,2607,0.0001,23545,3.088789701461792
8.22067463,0.05,94318,45.08,151,623,2608,0.0001,23554,3.289572238922119
8.298027119999999,0.05,94355,45.13,151,623,2609,0.0001,23563,2.9631712436676025
8.38419926,0.05,94392,45.17,151,623,2610,0.0001,23572,0.9412419199943542
8.3615986,0.05,94424,45.16,151,623,2611,0.0001,23580,2.7203993797302246
8.294631129999999,0.05,94458,45.12,151,624,2612,0.0001,23589,5.163974285125732
8.204039389999998,0.05,94490,45.07,151,624,2613,0.0001,23597,0.7855535745620728
8.63160009,0.05,94575,45.07,151,624,2614,0.0001,23618,0.7568854093551636
8.666414,0.05,94608,45.09,151,625,2615,0.0001,23626,2.69846510887146
8.86072559,0.05,94650,45.19,151,625,2616,0.0001,23637,2.7935447692871094
8.79906844,0.05,94681,45.15,151,625,2617,0.0001,23645,0.390212744474411
8.70048544,0.05,94713,45.09,151,625,2618,0.0001,23653,0.8788560628890991
8.724670589999999,0.05,94753,45.1,151,626,2619,0.0001,23663,2.869443416595459
8.81587535,0.05,94790,45.15,151,626,2620,0.0001,23672,4.712419509887695
8.88572372,0.05,94823,45.19,151,626,2621,0.0001,23680,5.182644844055176
8.88591766,0.05,94857,45.19,151,626,2622,0.0001,23689,1.047476053237915
9.003607970000001,0.05,94898,45.25,151,627,2623,0.0001,23699,7.636407375335693
8.66140711,0.05,94983,45.69,151,627,2624,0.0001,23720,1.272918701171875
8.591846649999999,0.05,95015,45.65,151,627,2625,0.0001,23728,5.278074264526367
8.53456971,0.05,95048,45.61,151,628,2626,0.0001,23736,3.373915195465088
8.45275835,0.05,95081,45.57,151,628,2627,0.0001,23745,1.0977766513824463
8.42387982,0.05,95113,45.55,151,628,2628,0.0001,23753,3.205892324447632
8.394954209999998,0.05,95144,45.54,151,628,2629,0.0001,23760,2.666253089904785
8.20333749,0.05,95176,45.43,151,629,2630,0.0001,23768,2.829631805419922
8.155635529999998,0.05,95207,45.39,151,629,2631,0.0001,23776,5.473329067230225
8.223479079999999,0.05,95247,45.43,151,629,2632,0.0001,23786,2.7246885299682617
8.210934089999997,0.05,95279,45.42,151,629,2633,0.0001,23794,7.073273181915283
8.16029708,0.05,95315,45.4,151,630,2634,0.0001,23803,0.5014050602912903
8.39856161,0.05,95358,45.54,151,630,2635,0.0001,23814,0.9546463489532471
8.22801427,0.05,95387,45.44,151,630,2636,0.0001,23821,2.8937416076660156
9.262961350000001,0.05,95472,45.96,151,631,2637,0.0001,23842,5.324802398681641
8.999722579999998,0.05,95557,46.43,151,631,2638,0.0001,23864,2.7899861335754395
8.968218539999999,0.05,95642,46.98,151,631,2639,0.0001,23885,2.7073705196380615
9.046398109999998,0.05,95683,47.02,151,632,2640,0.0001,23895,2.885491371154785
9.054226700000001,0.05,95713,47.02,151,632,2641,0.0001,23903,1.3283624649047852
8.01864896,0.05,95745,46.49,151,632,2642,0.0001,23911,2.858567714691162
9.02031728,0.05,95830,47.03,151,633,2643,0.0001,23932,3.3649497032165527
8.86738995,0.05,95915,47.03,151,633,2644,0.0001,23953,4.828134536743164
9.50729677,0.05,96000,47.52,151,634,2645,0.0001,23974,3.110197067260742
9.55479124,0.05,96036,47.55,151,634,2646,0.0001,23983,0.5157846808433533
9.54701596,0.05,96077,47.53,151,634,2647,0.0001,23994,0.6358776092529297
9.20362336,0.05,96116,47.4,151,634,2648,0.0001,24003,4.8717851638793945
9.20786805,0.05,96150,47.4,151,635,2649,0.0001,24012,3.064549446105957
8.38746935,0.05,96182,46.87,151,635,2650,0.0001,24020,5.188620567321777
8.379904360000001,0.05,96216,46.87,151,635,2651,0.0001,24028,5.23950719833374
8.165597870000001,0.05,96263,46.49,151,635,2652,0.0001,24040,2.599414587020874
7.82282903,0.05,96295,46.3,151,636,2653,0.0001,24048,6.701262950897217
8.147364740000002,0.05,96342,46.46,151,636,2654,0.0001,24060,0.6982463598251343
8.089527620000002,0.05,96374,46.43,151,636,2655,0.0001,24068,3.3944568634033203
8.50914424,0.05,96422,46.61,151,637,2656,0.0001,24080,0.9046209454536438
8.8875511,0.05,96507,47.16,151,637,2657,0.0001,24101,0.44781339168548584
8.91311294,0.05,96592,47.69,151,637,2658,0.0001,24122,2.8444249629974365
8.999564450000001,0.05,96626,47.74,151,638,2659,0.0001,24131,3.2903664112091064
8.943041059999999,0.05,96662,47.72,151,638,2660,0.0001,24140,0.8598753213882446
9.19670772,0.05,96747,48.26,151,638,2661,0.0001,24161,0.6484615802764893
9.60032465,0.05,96832,48.26,151,639,2662,0.0001,24182,5.547343730926514
9.63217661,0.05,96917,48.26,151,639,2663,0.0001,24204,0.5739696025848389
9.73843704,0.05,97002,48.77,151,640,2664,0.0001,24225,3.3641085624694824
9.691630080000001,0.05,97051,48.73,151,640,2665,0.0001,24237,5.211353778839111
9.30630761,0.05,97101,48.38,151,640,2666,0.0001,24250,5.036165714263916
10.538129370000002,0.05,97186,48.93,151,641,2667,0.0001,24271,3.681556463241577
10.55311194,0.05,97217,48.94,151,641,2668,0.0001,24279,5.506392478942871
10.637348609999998,0.05,97247,48.39,151,641,2669,0.0001,24286,3.1866202354431152
10.602743279999997,0.05,97282,48.36,151,642,2670,0.0001,24295,0.7946292161941528
10.981578779999998,0.05,97367,48.92,151,642,2671,0.0001,24316,0.7475171089172363
11.002458939999999,0.05,97405,48.94,151,642,2672,0.0001,24326,2.7275609970092773
10.491887100000003,0.05,97437,48.41,151,642,2673,0.0001,24334,0.7565503716468811
9.433584530000001,0.05,97522,48.41,151,643,2674,0.0001,24355,0.7085589170455933
9.746552209999999,0.05,97571,48.59,151,643,2675,0.0001,24367,1.1584246158599854
9.9294004,0.05,97656,49.1,151,644,2676,0.0001,24388,3.1754660606384277
9.71580847,0.05,97687,48.56,151,644,2677,0.0001,24396,0.5213180780410767
9.64890489,0.05,97722,48.06,151,644,2678,0.0001,24405,0.48350784182548523
10.1793101,0.05,97782,48.35,151,644,2679,0.0001,24420,5.226070404052734
10.05397557,0.05,97812,47.8,151,645,2680,0.0001,24427,0.7342913150787354
10.020360029999999,0.05,97843,47.78,151,645,2681,0.0001,24435,0.7656897306442261
9.76625884,0.05,97873,47.65,151,645,2682,0.0001,24443,2.9771809577941895
9.69925397,0.05,97901,47.08,151,645,2683,0.0001,24450,3.2351458072662354
10.05503372,0.05,97986,47.54,151,646,2684,0.0001,24471,2.810621976852417
10.22488332,0.05,98029,47.64,151,646,2685,0.0001,24482,3.094231367111206
10.20943026,0.05,98066,47.16,151,646,2686,0.0001,24491,3.1797144412994385
10.652553390000001,0.05,98127,47.43,151,647,2687,0.0001,24506,2.662663459777832
10.840438899999999,0.05,98170,47.54,151,647,2688,0.0001,24517,0.971490740776062
10.8604581,0.05,98203,47.56,151,647,2689,0.0001,24525,2.9187755584716797
10.814703989999998,0.05,98238,47.53,151,647,2690,0.0001,24534,0.6954527497291565
10.907345309999998,0.05,98323,47.98,151,648,2691,0.0001,24555,5.61566686630249
10.706923069999998,0.05,98354,47.44,151,648,2692,0.0001,24563,0.5171220302581787
10.81683565,0.05,98439,47.93,151,649,2693,0.0001,24584,0.3735349774360657
10.702109150000002,0.05,98474,47.87,151,649,2694,0.0001,24593,0.5008151531219482
10.680901020000004,0.05,98506,47.86,151,649,2695,0.0001,24601,0.9458774328231812
10.670451280000004,0.05,98541,47.85,151,649,2696,0.0001,24610,0.5668456554412842
10.596683660000004,0.05,98573,47.81,151,650,2697,0.0001,24618,5.463015079498291
10.694897740000002,0.05,98608,47.31,151,650,2698,0.0001,24626,0.8017139434814453
9.96310604,0.05,98650,46.88,151,650,2699,0.0001,24637,0.8372045755386353
9.9798263,0.05,98684,46.89,151,650,2700,0.0001,24645,0.8098204731941223
9.68658144,0.05,98769,47.25,151,651,2701,0.0001,24667,2.9570412635803223
9.57428243,0.05,98799,47.18,151,651,2702,0.0001,24674,7.243233680725098
9.695837430000001,0.05,98838,47.25,151,651,2703,0.0001,24684,0.7351816296577454
9.61664085,0.05,98923,47.77,151,652,2704,0.0001,24705,0.7494038343429565
9.60933273,0.05,98955,47.77,151,652,2705,0.0001,24713,1.1305501461029053
9.59915232,0.05,98988,47.77,151,652,2706,0.0001,24721,2.9369969367980957
8.798074710000002,0.05,99020,47.38,151,652,2707,0.0001,24729,5.515146255493164
8.73219126,0.05,99052,47.34,151,653,2708,0.0001,24737,5.269265651702881
8.646924700000001,0.05,99084,47.29,151,653,2709,0.0001,24745,0.6138712763786316
8.55456034,0.05,99117,47.25,151,653,2710,0.0001,24754,8.299565315246582
8.577245730000001,0.05,99150,47.26,151,653,2711,0.0001,24762,0.5313169956207275
8.58393462,0.05,99184,47.26,151,654,2712,0.0001,24770,4.789723873138428
8.657262809999999,0.05,99220,47.3,151,654,2713,0.0001,24779,1.1202794313430786
8.918367929999999,0.05,99285,47.1,151,654,2714,0.0001,24796,0.8355812430381775
8.919256699999998,0.05,99318,47.1,151,654,2715,0.0001,24804,0.6424655318260193
8.88465962,0.05,99360,47.1,151,655,2716,0.0001,24814,7.490962982177734
8.99321828,0.05,99397,47.16,151,655,2717,0.0001,24824,1.1693603992462158
8.98048468,0.05,99429,47.16,151,655,2718,0.0001,24832,0.5529594421386719
8.83366777,0.05,99461,47.08,151,655,2719,0.0001,24840,0.41483980417251587
8.741639600000001,0.05,99493,47.03,151,656,2720,0.0001,24848,3.327723503112793
9.606317060000002,0.05,99578,47.55,151,656,2721,0.0001,24869,0.5681897401809692
9.59855741,0.05,99611,47.54,151,656,2722,0.0001,24877,0.7032989263534546
9.67439573,0.05,99656,47.58,151,656,2723,0.0001,24888,0.5889739990234375
9.811136340000001,0.05,99688,47.05,151,657,2724,0.0001,24896,0.8903884291648865
9.851646240000003,0.05,99722,47.07,151,657,2725,0.0001,24905,4.7018141746521
9.94653052,0.05,99807,47.59,151,657,2726,0.0001,24926,2.67399001121521
10.0340988,0.05,99845,47.64,151,658,2727,0.0001,24936,1.0410866737365723
10.05637567,0.05,99878,47.65,151,658,2728,0.0001,24944,2.6537022590637207
10.090603770000001,0.05,99911,47.67,151,658,2729,0.0001,24952,5.405843734741211
10.065142609999999,0.05,99942,47.66,151,658,2730,0.0001,24960,6.558225631713867
10.477816390000001,0.05,99994,47.87,151,659,2731,0.0001,24973,4.7753167152404785
10.4354094,0.05,100032,47.85,151,659,2732,0.0001,24982,0.7986376881599426
10.39921503,0.05,100062,47.83,151,659,2733,0.0001,24990,3.31168532371521
10.839587819999998,0.05,100123,48.08,151,660,2734,0.0001,25005,3.2540688514709473
10.64472306,0.05,100155,47.97,151,660,2735,0.0001,25013,1.0398668050765991
10.688752790000002,0.05,100187,48.0,151,660,2736,0.0001,25021,3.1695356369018555
10.11536861,0.05,100249,47.77,151,660,2737,0.0001,25037,3.30716872215271
10.465115270000002,0.05,100293,47.36,151,661,2738,0.0001,25048,2.843060255050659
10.542011259999999,0.05,100326,46.84,151,661,2739,0.0001,25056,2.9209189414978027
10.49876667,0.05,100365,46.82,151,661,2740,0.0001,25066,2.9437031745910645
10.524269830000001,0.05,100397,46.84,151,661,2741,0.0001,25074,2.90104079246521
10.54420171,0.05,100430,46.85,151,662,2742,0.0001,25082,1.1827224493026733
9.78194614,0.05,100474,46.44,151,662,2743,0.0001,25093,0.48682284355163574
9.149584139999998,0.05,100507,45.92,151,662,2744,0.0001,25101,3.3362786769866943
8.718664,0.05,100550,45.5,151,663,2745,0.0001,25112,1.17641019821167
8.577324059999999,0.05,100577,45.41,151,663,2746,0.0001,25119,3.4884567260742188
8.67644565,0.05,100624,45.47,151,663,2747,0.0001,25130,3.3742289543151855
9.07235786,0.05,100683,45.67,151,663,2748,0.0001,25145,3.5335118770599365
9.01860783,0.05,100714,45.64,151,664,2749,0.0001,25153,0.9125301837921143
8.96693868,0.05,100743,45.61,151,664,2750,0.0001,25160,3.044945240020752
9.31042167,0.05,100795,45.79,151,664,2751,0.0001,25173,8.022013664245605
9.06393724,0.05,100831,45.68,151,665,2752,0.0001,25182,3.400400161743164
9.379018049999999,0.05,100916,46.21,151,665,2753,0.0001,25203,5.672109603881836
9.530857259999998,0.05,101001,46.59,151,665,2754,0.0001,25225,3.2673661708831787
9.559806369999997,0.05,101034,46.6,151,666,2755,0.0001,25233,3.3446168899536133
9.195071319999998,0.05,101067,46.45,151,666,2756,0.0001,25241,7.985281944274902
8.84923057,0.05,101099,45.92,151,666,2757,0.0001,25249,5.662365913391113
8.76783938,0.05,101184,45.92,151,667,2758,0.0001,25270,3.0784919261932373
8.73591783,0.05,101216,45.9,151,667,2759,0.0001,25278,0.9884127378463745
8.79025582,0.05,101301,46.39,151,667,2760,0.0001,25300,0.5908728241920471
8.91502459,0.05,101355,46.08,151,668,2761,0.0001,25313,7.675649642944336
9.33308882,0.05,101440,46.08,151,668,2762,0.0001,25334,5.161166667938232
9.28797767,0.05,101481,45.64,151,668,2763,0.0001,25345,2.929537057876587
9.08474516,0.05,101566,45.64,151,669,2764,0.0001,25366,0.7592179775238037
8.797434939999999,0.05,101601,45.5,151,669,2765,0.0001,25375,0.7246282696723938
8.4088,0.05,101630,45.29,151,669,2766,0.0001,25382,0.5370999574661255
7.21380366,0.05,101662,44.76,151,669,2767,0.0001,25390,0.8088855743408203
7.28356085,0.05,101697,44.8,151,670,2768,0.0001,25399,3.2624869346618652
7.3626945599999996,0.05,101732,44.85,151,670,2769,0.0001,25407,3.2174410820007324
7.579140150000001,0.05,101817,45.35,151,670,2770,0.0001,25429,0.4916229248046875
7.4433327,0.05,101902,45.35,151,671,2771,0.0001,25450,0.8023960590362549
8.40800917,0.05,101987,45.82,151,671,2772,0.0001,25471,2.529827117919922
8.76361917,0.05,102072,46.35,151,672,2773,0.0001,25492,2.8907222747802734
9.03183562,0.05,102119,45.97,151,672,2774,0.0001,25504,0.5718320608139038
8.81970008,0.05,102156,45.85,151,672,2775,0.0001,25513,7.599069595336914
8.66779812,0.05,102192,45.36,151,672,2776,0.0001,25522,3.225956916809082
9.02590709,0.05,102244,45.57,151,673,2777,0.0001,25535,3.0265650749206543
9.02740463,0.05,102280,45.58,151,673,2778,0.0001,25544,5.51623010635376
8.52142031,0.05,102312,45.3,151,673,2779,0.0001,25552,5.527170658111572
8.56504367,0.05,102345,45.33,151,673,2780,0.0001,25561,0.8529057502746582
8.70339595,0.05,102384,45.41,151,674,2781,0.0001,25570,5.393161773681641
8.824419530000002,0.05,102421,45.48,151,674,2782,0.0001,25580,3.457137107849121
9.085801370000002,0.05,102463,45.62,151,674,2783,0.0001,25590,0.7176740169525146
8.59825705,0.05,102496,45.1,151,675,2784,0.0001,25598,0.5281708240509033
9.10556656,0.05,102581,45.52,151,675,2785,0.0001,25620,7.742111682891846
9.016341830000002,0.05,102613,45.47,151,675,2786,0.0001,25628,0.7565820217132568
8.62188952,0.05,102648,45.21,151,675,2787,0.0001,25636,1.0934754610061646
9.29871458,0.05,102733,45.63,151,676,2788,0.0001,25658,5.717639923095703
9.329873740000002,0.05,102818,46.15,151,676,2789,0.0001,25679,0.7318133115768433
9.25631925,0.05,102850,46.12,151,676,2790,0.0001,25687,5.656627178192139
9.326271260000002,0.05,102935,46.12,151,677,2791,0.0001,25708,0.841782808303833
9.332498220000002,0.05,102967,46.13,151,677,2792,0.0001,25716,0.7396005988121033
9.336202900000002,0.05,103008,45.69,151,677,2793,0.0001,25726,0.9239071607589722
9.36207336,0.05,103045,45.71,151,678,2794,0.0001,25736,3.361022710800171
9.46594524,0.05,103084,45.78,151,678,2795,0.0001,25745,3.063950300216675
9.68056478,0.05,103169,46.28,151,679,2796,0.0001,25767,5.773503303527832
9.79892948,0.05,103254,46.81,151,679,2797,0.0001,25788,1.1166632175445557
9.70759124,0.05,103284,46.76,151,679,2798,0.0001,25795,0.6002829670906067
10.02457181,0.05,103350,47.0,152,679,2799,0.0001,25812,0.7267903089523315
10.41648282,0.05,103435,47.51,152,680,2800,0.0001,25833,3.65633487701416
10.39384446,0.05,103467,46.98,152,680,2801,0.0001,25841,5.246004104614258
10.869683890000001,0.05,103524,47.25,152,680,2802,0.0001,25855,5.121385097503662
10.737337270000001,0.05,103556,47.18,152,680,2803,0.0001,25863,1.1046031713485718
11.484127820000001,0.05,103641,47.18,152,681,2804,0.0001,25885,0.9026387333869934
11.545274610000002,0.05,103676,47.21,152,681,2805,0.0001,25893,0.9317576289176941
11.59008407,0.05,103711,47.23,152,681,2806,0.0001,25902,1.398406982421875
12.03138713,0.05,103764,47.44,152,682,2807,0.0001,25915,3.158343553543091
12.39359869,0.05,103820,47.68,152,682,2808,0.0001,25929,0.8264855146408081
12.386232829999999,0.05,103851,47.67,152,682,2809,0.0001,25937,3.0897293090820312
12.403300239999998,0.05,103885,47.68,152,682,2810,0.0001,25946,2.5704727172851562
12.43130674,0.05,103920,47.7,152,683,2811,0.0001,25954,0.8426840901374817
12.430212449999999,0.05,104005,48.21,152,683,2812,0.0001,25976,1.0127965211868286
12.68481326,0.05,104058,48.38,152,683,2813,0.0001,25989,0.7874322533607483
12.271500490000001,0.05,104143,48.58,152,684,2814,0.0001,26010,0.6551374197006226
12.243918950000001,0.05,104174,48.56,152,684,2815,0.0001,26018,9.369285583496094
12.08391435,0.05,104206,48.46,152,684,2816,0.0001,26026,0.6022200584411621
12.10074756,0.05,104243,48.46,152,684,2817,0.0001,26035,0.8709981441497803
12.421582279999997,0.05,104295,48.66,152,685,2818,0.0001,26048,5.027781009674072
13.069248409999998,0.05,104380,49.19,152,685,2819,0.0001,26069,0.7156801223754883
14.147505409999997,0.05,104465,49.72,152,685,2820,0.0001,26091,3.4835095405578613
13.228904439999997,0.05,104495,49.17,152,686,2821,0.0001,26098,0.7007122039794922
13.305735059999996,0.05,104532,49.21,152,686,2822,0.0001,26107,0.861721932888031
13.04287271,0.05,104617,49.61,152,686,2823,0.0001,26129,0.9884558916091919
13.10663789,0.05,104652,49.64,152,687,2824,0.0001,26137,0.5064146518707275
13.950214599999999,0.05,104737,50.15,152,687,2825,0.0001,26159,5.322317600250244
13.86346828,0.05,104771,49.64,152,687,2826,0.0001,26167,1.2146368026733398
13.86785056,0.05,104856,50.11,152,688,2827,0.0001,26188,2.659609079360962
14.34521443,0.05,104921,50.43,152,688,2828,0.0001,26205,0.9489756226539612
14.631547410000001,0.05,105006,50.95,152,688,2829,0.0001,26226,0.7633991241455078
14.650336940000003,0.05,105038,50.96,152,689,2830,0.0001,26234,0.5983443260192871
14.252444989999999,0.05,105071,50.77,152,689,2831,0.0001,26242,3.0946197509765625
14.44579885,0.05,105156,51.24,152,689,2832,0.0001,26263,2.9320945739746094
14.874664039999995,0.05,105210,51.48,152,690,2833,0.0001,26277,2.6165084838867188
14.447321509999997,0.05,105295,51.72,152,690,2834,0.0001,26298,0.6585808992385864
14.490041479999997,0.05,105329,51.74,152,690,2835,0.0001,26307,3.0305886268615723
15.016785209999998,0.05,105394,52.07,152,691,2836,0.0001,26323,3.4575037956237793
15.20290749,0.05,105479,52.3,152,691,2837,0.0001,26344,0.5444474220275879
15.083719160000001,0.05,105517,52.24,152,691,2838,0.0001,26354,0.8379156589508057
15.094832290000001,0.05,105551,52.25,152,692,2839,0.0001,26362,5.492623805999756
15.9024745,0.05,105636,52.71,152,692,2840,0.0001,26383,0.7394832372665405
15.90507889,0.05,105668,52.71,152,692,2841,0.0001,26391,0.5687954425811768
15.789726489999998,0.05,105753,53.23,152,693,2842,0.0001,26413,0.6725980043411255
15.66648613,0.05,105791,53.17,152,693,2843,0.0001,26422,2.9322617053985596
15.825544829999998,0.05,105834,53.27,152,693,2844,0.0001,26433,0.5929540991783142
15.668786449999997,0.05,105873,53.23,152,693,2845,0.0001,26443,2.883072853088379
15.84445822,0.05,105910,53.33,152,694,2846,0.0001,26452,10.06845474243164
15.71566984,0.05,105951,53.27,152,694,2847,0.0001,26462,2.648728370666504
15.205818139999998,0.05,106036,53.53,152,694,2848,0.0001,26483,2.852635383605957
15.064501359999998,0.05,106121,54.07,152,695,2849,0.0001,26505,0.504025936126709
15.096014229999998,0.05,106152,54.09,152,695,2850,0.0001,26512,2.8491718769073486
15.16340315,0.05,106208,54.13,152,695,2851,0.0001,26526,2.556358575820923
15.189067520000002,0.05,106247,54.16,152,696,2852,0.0001,26536,0.3914242684841156
14.90110932,0.05,106332,54.16,152,696,2853,0.0001,26557,7.774554252624512
15.122670890000002,0.05,106417,54.16,152,696,2854,0.0001,26579,0.8619046807289124
15.098221400000002,0.05,106449,54.15,152,697,2855,0.0001,26587,1.1851484775543213
15.37532722,0.05,106534,54.67,152,697,2856,0.0001,26608,3.50958251953125
15.914398080000003,0.05,106619,55.2,152,697,2857,0.0001,26629,0.7192437648773193
16.15172507,0.05,106704,55.2,152,698,2858,0.0001,26650,2.8042993545532227
16.16227943,0.05,106737,55.21,152,698,2859,0.0001,26659,0.5342230796813965
16.31856196,0.05,106783,54.82,152,698,2860,0.0001,26670,2.9406399726867676
16.0765435,0.05,106868,55.13,152,699,2861,0.0001,26691,5.240117073059082
15.407044509999999,0.05,106899,54.59,152,699,2862,0.0001,26699,5.05764102935791
15.25848103,0.05,106932,54.51,152,699,2863,0.0001,26707,0.4076582193374634
15.35163519,0.05,106967,54.01,152,699,2864,0.0001,26716,2.990234136581421
15.049566279999999,0.05,107052,54.51,152,700,2865,0.0001,26737,0.6089069247245789
15.091171849999998,0.05,107084,54.54,152,700,2866,0.0001,26745,0.7934151887893677
15.152140589999997,0.05,107120,54.58,152,700,2867,0.0001,26754,0.7069131135940552
15.109941069999998,0.05,107152,54.55,152,701,2868,0.0001,26762,5.293684005737305
15.434457859999998,0.05,107208,54.76,152,701,2869,0.0001,26776,3.008052349090576
15.74910293,0.05,107293,54.76,152,701,2870,0.0001,26798,0.7837026715278625
16.04140175,0.05,107378,54.76,152,702,2871,0.0001,26819,6.321545600891113
15.08871769,0.05,107416,54.29,152,702,2872,0.0001,26828,0.7309484481811523
14.933878639999998,0.05,107459,53.87,152,702,2873,0.0001,26839,4.947993278503418
14.712033319999998,0.05,107544,54.25,152,702,2874,0.0001,26860,0.563712477684021
14.627079869999998,0.05,107576,54.2,152,703,2875,0.0001,26868,0.6488622426986694
14.725140499999998,0.05,107661,54.69,153,703,2876,0.0001,26890,0.5455970764160156
14.355908589999999,0.05,107692,54.48,152,703,2877,0.0001,26897,0.42186370491981506
14.254561629999998,0.05,107721,54.41,152,704,2878,0.0001,26905,2.947303056716919
15.196846780000001,0.05,107806,54.94,153,704,2879,0.0001,26926,0.7598592042922974
15.230014539999999,0.05,107840,54.95,153,704,2880,0.0001,26934,0.5534282922744751
15.52736683,0.05,107896,55.12,153,705,2881,0.0001,26948,5.750951766967773
15.427671310000003,0.05,107927,55.06,153,705,2882,0.0001,26956,0.8298969268798828
15.260839060000002,0.05,107961,54.98,152,705,2883,0.0001,26965,7.662008285522461
15.490434050000001,0.05,108006,55.1,153,705,2884,0.0001,26976,2.8969459533691406
14.8236798,0.05,108039,54.58,153,706,2885,0.0001,26984,2.6731762886047363
15.075227700000001,0.05,108084,54.71,153,706,2886,0.0001,26995,0.99452143907547
15.112281839999998,0.05,108169,55.21,153,706,2887,0.0001,27017,0.7419741153717041
14.230441820000003,0.05,108200,54.67,153,706,2888,0.0001,27024,3.6654577255249023
14.173374660000002,0.05,108231,54.13,153,707,2889,0.0001,27032,3.12019419670105
14.189418610000002,0.05,108264,54.14,153,707,2890,0.0001,27040,0.9553377628326416
13.875906760000003,0.05,108295,53.6,153,707,2891,0.0001,27048,0.5989304780960083
13.878014320000002,0.05,108327,53.6,153,707,2892,0.0001,27056,0.6408731937408447
13.669813720000002,0.05,108358,53.5,153,708,2893,0.0001,27064,3.422107458114624
13.554096490000001,0.05,108388,53.43,153,708,2894,0.0001,27071,5.502754211425781
13.48542768,0.05,108422,53.38,153,708,2895,0.0001,27080,0.6272370219230652
13.30109479,0.05,108459,52.9,153,708,2896,0.0001,27089,5.009020805358887
13.04355412,0.05,108544,52.9,153,709,2897,0.0001,27110,5.170392036437988
13.13704808,0.05,108629,53.45,153,709,2898,0.0001,27132,0.8160471320152283
12.70181126,0.05,108665,53.15,153,709,2899,0.0001,27141,0.6404448747634888
12.91016363,0.05,108750,53.15,153,710,2900,0.0001,27162,2.6662230491638184
13.511991130000002,0.05,108835,53.68,153,710,2901,0.0001,27183,0.5876081585884094
13.030370399999999,0.05,108865,53.41,153,711,2902,0.0001,27191,0.506767749786377
13.060971520000002,0.05,108898,53.42,153,711,2903,0.0001,27199,5.303334712982178
12.34712056,0.05,108929,52.88,153,711,2904,0.0001,27207,2.6889700889587402
12.496664920000002,0.05,108970,52.94,153,711,2905,0.0001,27217,6.120660781860352
12.694664320000001,0.05,109055,53.44,153,712,2906,0.0001,27238,1.1492266654968262
12.56591105,0.05,109104,53.4,153,712,2907,0.0001,27250,3.3731930255889893
12.284688039999999,0.05,109189,53.69,153,712,2908,0.0001,27272,0.6006308794021606
12.31173928,0.05,109222,53.71,153,713,2909,0.0001,27280,3.131096124649048
12.513734929999998,0.05,109307,54.22,153,713,2910,0.0001,27301,0.6502711176872253
12.53485126,0.05,109342,54.22,153,713,2911,0.0001,27310,3.4293437004089355
12.849733300000002,0.05,109394,53.89,153,714,2912,0.0001,27323,3.8750553131103516
12.500209090000004,0.05,109425,53.67,153,714,2913,0.0001,27331,3.4301116466522217
12.330174410000001,0.05,109457,53.14,153,714,2914,0.0001,27339,7.830281734466553
12.708072560000003,0.05,109504,53.3,153,714,2915,0.0001,27350,0.5986707210540771
13.02906504,0.05,109553,53.47,153,715,2916,0.0001,27363,0.8555611371994019
12.90055343,0.05,109584,53.41,153,715,2917,0.0001,27370,2.90600323677063
13.13639995,0.05,109647,53.52,153,715,2918,0.0001,27386,0.7291074395179749
12.540167100000001,0.05,109732,53.52,153,715,2919,0.0001,27407,3.8012585639953613
11.71710177,0.05,109778,53.13,153,716,2920,0.0001,27419,0.8573819398880005
11.72177638,0.05,109808,53.13,153,716,2921,0.0001,27426,5.405257701873779
11.862552249999998,0.05,109853,53.21,153,716,2922,0.0001,27438,5.294552803039551
11.84706035,0.05,109883,52.66,153,717,2923,0.0001,27445,3.248687505722046
11.79607878,0.05,109915,52.63,153,717,2924,0.0001,27453,0.6906310319900513
10.66971903,0.05,110000,52.63,153,717,2925,0.0001,27474,7.96435022354126
10.63896599,0.05,110032,52.61,153,718,2926,0.0001,27482,0.6488456726074219
10.52978824,0.05,110064,52.08,153,718,2927,0.0001,27490,0.7974568605422974
10.09505781,0.05,110098,51.77,153,718,2928,0.0001,27499,2.7771100997924805
9.791163009999998,0.05,110130,51.24,153,718,2929,0.0001,27507,0.4553099274635315
9.76165932,0.05,110160,51.22,153,719,2930,0.0001,27514,5.3942742347717285
9.98045416,0.05,110202,51.31,153,719,2931,0.0001,27525,1.4413998126983643
10.053106710000002,0.05,110250,50.94,153,719,2932,0.0001,27537,0.6944458484649658
10.380602810000001,0.05,110335,51.25,153,719,2933,0.0001,27558,5.15543270111084
10.3059382,0.05,110367,50.72,153,720,2934,0.0001,27566,0.7761297225952148
10.358746440000003,0.05,110404,50.75,153,720,2935,0.0001,27575,8.078088760375977
9.82949896,0.05,110436,50.42,153,720,2936,0.0001,27583,2.5140912532806396
9.14151719,0.05,110466,49.87,153,721,2937,0.0001,27591,2.953439950942993
9.241204369999998,0.05,110508,49.91,153,721,2938,0.0001,27601,3.514486312866211
10.00771457,0.05,110593,50.42,153,721,2939,0.0001,27623,0.7544692754745483
9.069659210000001,0.05,110625,49.89,153,721,2940,0.0001,27631,3.430095911026001
9.17047717,0.05,110663,49.95,153,722,2941,0.0001,27640,0.7706853747367859
9.27461659,0.05,110696,49.43,153,722,2942,0.0001,27648,2.979478597640991
9.18602774,0.05,110728,49.37,153,722,2943,0.0001,27656,0.48762214183807373
8.99656251,0.05,110760,49.26,153,722,2944,0.0001,27664,5.502919673919678
8.855035959999999,0.05,110790,49.17,153,723,2945,0.0001,27672,0.71294105052948
8.7218491,0.05,110820,49.1,153,723,2946,0.0001,27679,5.547324180603027
9.1458141,0.05,110905,49.54,153,723,2947,0.0001,27701,0.6814780235290527
9.277101600000002,0.05,110990,49.54,153,724,2948,0.0001,27722,3.552131414413452
9.420345500000002,0.05,111021,49.0,153,724,2949,0.0001,27730,2.899698257446289
9.46018111,0.05,111054,49.02,153,724,2950,0.0001,27738,5.445859432220459
9.003944780000001,0.05,111085,48.77,153,724,2951,0.0001,27746,1.3642692565917969
9.265937970000001,0.05,111141,48.94,153,725,2952,0.0001,27760,8.974248886108398
9.19857303,0.05,111171,48.39,153,725,2953,0.0001,27767,5.966783046722412
8.533666060000002,0.05,111256,48.39,153,726,2954,0.0001,27788,2.9757437705993652
8.56634901,0.05,111290,48.41,153,726,2955,0.0001,27797,5.694993019104004
8.26164303,0.05,111321,47.87,153,726,2956,0.0001,27805,3.2423791885375977
8.40487874,0.05,111406,47.87,153,727,2957,0.0001,27826,1.029998540878296
8.401792930000001,0.05,111448,47.44,153,727,2958,0.0001,27836,2.8236453533172607
8.04621621,0.05,111533,47.96,153,727,2959,0.0001,27858,5.025925636291504
8.02783588,0.05,111618,48.35,153,728,2960,0.0001,27879,5.034445762634277
7.93466179,0.05,111652,47.84,153,728,2961,0.0001,27887,3.272944450378418
7.90587581,0.05,111681,47.82,153,728,2962,0.0001,27895,0.9903024435043335
7.936351379999999,0.05,111715,47.83,153,728,2963,0.0001,27903,2.8952999114990234
7.9032015300000005,0.05,111748,47.81,153,729,2964,0.0001,27911,0.765006422996521
8.19133298,0.05,111781,47.29,153,729,2965,0.0001,27920,8.487458229064941
7.882799460000001,0.05,111866,47.82,153,729,2966,0.0001,27941,0.5442951917648315
7.882663089999999,0.05,111902,47.82,153,729,2967,0.0001,27950,0.9160071611404419
7.927597760000001,0.05,111987,48.35,153,730,2968,0.0001,27971,5.675905704498291
8.31809831,0.05,112072,48.64,153,730,2969,0.0001,27992,3.215433359146118
7.70071757,0.05,112104,48.11,153,730,2970,0.0001,28000,2.7325448989868164
7.201119609999999,0.05,112136,47.58,153,731,2971,0.0001,28008,3.3449511528015137
7.08274271,0.05,112168,47.52,153,731,2972,0.0001,28016,0.7367005348205566
6.962819660000001,0.05,112204,47.45,153,731,2973,0.0001,28025,5.555235385894775
7.167927549999999,0.05,112251,47.07,153,731,2974,0.0001,28037,3.0916662216186523
7.622445829999999,0.05,112312,47.36,153,732,2975,0.0001,28052,3.1812117099761963
7.323765519999999,0.05,112397,47.36,153,732,2976,0.0001,28074,5.54180383682251
7.095203259999998,0.05,112482,47.9,153,733,2977,0.0001,28095,0.5178384780883789
7.319043599999999,0.05,112524,48.03,153,733,2978,0.0001,28105,0.6045336723327637
6.44560029,0.05,112560,47.54,153,733,2979,0.0001,28114,2.5091919898986816
6.456327299999999,0.05,112595,47.55,153,733,2980,0.0001,28123,5.572952747344971
6.42727093,0.05,112680,47.84,153,734,2981,0.0001,28144,5.171154975891113
6.2528213699999995,0.05,112765,48.38,153,734,2982,0.0001,28166,5.676369667053223
6.176808880000001,0.05,112795,48.34,153,734,2983,0.0001,28173,0.6700155138969421
5.87429233,0.05,112824,48.18,153,734,2984,0.0001,28180,0.268611878156662
5.839385820000001,0.05,112855,48.16,153,735,2985,0.0001,28188,3.0944433212280273
5.80963842,0.05,112940,48.56,153,735,2986,0.0001,28209,4.991273880004883
5.80627128,0.05,112978,48.09,153,735,2987,0.0001,28219,0.7658050060272217
5.87028324,0.05,113012,48.12,153,735,2988,0.0001,28227,0.4329446852207184
5.980365000000002,0.05,113049,48.18,153,736,2989,0.0001,28237,0.9894474744796753
6.46340458,0.05,113113,48.49,153,736,2990,0.0001,28253,0.7939159870147705
6.4885489100000004,0.05,113145,48.5,153,736,2991,0.0001,28261,3.054734945297241
6.840538980000002,0.05,113199,48.72,153,737,2992,0.0001,28274,0.8208194971084595
6.83274267,0.05,113229,48.71,153,737,2993,0.0001,28282,0.5931810736656189
6.896313180000001,0.05,113263,48.75,153,737,2994,0.0001,28290,0.9281854629516602
6.87140536,0.05,113296,48.74,153,737,2995,0.0001,28298,5.681023597717285
6.80475099,0.05,113329,48.7,153,737,2996,0.0001,28307,0.6163306832313538
6.9763327,0.05,113363,48.19,153,738,2997,0.0001,28315,2.926889419555664
7.337164179999999,0.05,113415,47.86,153,738,2998,0.0001,28328,0.5277372598648071
7.53671518,0.05,113460,47.95,153,738,2999,0.0001,28339,3.1002652645111084
6.895137779999999,0.05,113492,47.42,153,739,3000,0.0001,28347,5.482661247253418
6.536948719999999,0.05,113538,47.03,153,739,3001,0.0001,28359,3.1868209838867188
7.45563241,0.05,113623,47.58,153,739,3002,0.0001,28380,0.46827569603919983
7.676947799999999,0.05,113669,47.71,153,740,3003,0.0001,28392,5.220016956329346
7.730055789999999,0.05,113703,47.74,153,740,3004,0.0001,28400,0.9788444638252258
8.09243206,0.05,113788,48.18,153,740,3005,0.0001,28421,5.6388325691223145
7.85739916,0.05,113821,47.66,153,740,3006,0.0001,28430,0.5015326142311096
7.52991719,0.05,113852,47.48,153,741,3007,0.0001,28437,3.5313329696655273
7.468195,0.05,113885,46.96,153,741,3008,0.0001,28446,2.9030323028564453
7.4833864399999985,0.05,113919,46.97,153,741,3009,0.0001,28454,2.8282902240753174
7.292401529999999,0.05,113954,46.47,153,741,3010,0.0001,28463,5.558170318603516
7.59642801,0.05,114039,46.97,153,742,3011,0.0001,28484,0.33633774518966675
7.520195,0.05,114087,46.93,153,742,3012,0.0001,28496,3.0989465713500977
7.47441095,0.05,114115,46.9,153,742,3013,0.0001,28503,0.7393378019332886
8.03989346,0.05,114200,47.43,153,743,3014,0.0001,28524,3.7438106536865234
7.72093441,0.05,114234,47.3,153,743,3015,0.0001,28533,2.999967336654663
7.448986289999999,0.05,114269,47.16,153,743,3016,0.0001,28542,5.23157262802124
8.444768309999999,0.05,114354,47.7,153,744,3017,0.0001,28563,2.7460312843322754
7.9449131799999995,0.05,114389,47.42,153,744,3018,0.0001,28572,0.5772382616996765
7.8716088200000005,0.05,114474,47.42,153,744,3019,0.0001,28593,0.4399243891239166
7.57985425,0.05,114504,47.26,153,745,3020,0.0001,28600,0.7999143004417419
7.66180295,0.05,114538,47.3,153,745,3021,0.0001,28609,0.8564786911010742
7.811282510000001,0.05,114592,47.39,153,745,3022,0.0001,28622,0.5501118898391724
7.882838770000001,0.05,114626,47.43,153,745,3023,0.0001,28631,0.4873560667037964
8.011993670000003,0.05,114711,47.96,153,746,3024,0.0001,28652,3.2532315254211426
8.49054092,0.05,114756,47.56,153,746,3025,0.0001,28663,5.192209243774414
8.524795390000001,0.05,114790,47.58,153,746,3026,0.0001,28672,0.7586318254470825
8.605830489999999,0.05,114875,48.11,153,747,3027,0.0001,28693,3.2258870601654053
8.94357787,0.05,114926,48.28,153,747,3028,0.0001,28706,3.063447952270508
9.28386126,0.05,114977,48.47,153,748,3029,0.0001,28719,7.720119953155518
9.392969090000001,0.05,115012,48.52,153,748,3030,0.0001,28727,0.48918554186820984
9.19482985,0.05,115046,48.44,153,748,3031,0.0001,28736,0.38321131467819214
8.968966439999999,0.05,115084,48.34,153,748,3032,0.0001,28745,3.5669772624969482
8.23981424,0.05,115116,47.81,153,748,3033,0.0001,28753,5.363531112670898
8.24649005,0.05,115148,47.81,153,749,3034,0.0001,28761,0.759395956993103
8.17077952,0.05,115181,47.77,153,749,3035,0.0001,28770,3.769282817840576
8.21168706,0.05,115215,47.79,153,749,3036,0.0001,28778,3.0723743438720703
7.99207088,0.05,115300,48.34,153,750,3037,0.0001,28799,0.43136075139045715
7.788199649999999,0.05,115332,48.24,153,750,3038,0.0001,28807,1.1289992332458496
6.976710790000001,0.05,115363,47.7,153,750,3039,0.0001,28815,2.9259095191955566
7.217618150000001,0.05,115407,47.82,153,750,3040,0.0001,28826,0.5756604075431824
6.909653370000001,0.05,115492,48.29,153,751,3041,0.0001,28847,2.921138286590576
6.9103809200000015,0.05,115525,48.29,153,751,3042,0.0001,28856,0.5152297019958496
6.88730452,0.05,115556,48.28,153,751,3043,0.0001,28863,5.04361629486084
6.901627050000001,0.05,115588,48.28,153,752,3044,0.0001,28871,3.2873895168304443
6.96188639,0.05,115622,48.32,153,752,3045,0.0001,28880,3.369154453277588
6.9869039299999995,0.05,115654,48.34,153,752,3046,0.0001,28888,3.234347343444824
6.963199069999999,0.05,115724,48.19,153,752,3047,0.0001,28905,7.932980537414551
6.899520579999998,0.05,115762,47.72,153,753,3048,0.0001,28915,3.6395652294158936
7.24182769,0.05,115808,47.87,153,753,3049,0.0001,28926,5.132336616516113
7.525786429999999,0.05,115893,48.39,153,753,3050,0.0001,28948,5.88204288482666
7.608974419999999,0.05,115929,48.44,153,754,3051,0.0001,28957,1.129908800125122
7.165117630000001,0.05,115956,48.15,153,754,3052,0.0001,28963,3.2497992515563965
7.185447650000001,0.05,115987,48.16,153,754,3053,0.0001,28971,5.335377216339111
7.208882569999999,0.05,116021,47.65,153,754,3054,0.0001,28980,2.670898675918579
7.15650956,0.05,116052,47.62,153,755,3055,0.0001,28987,10.489776611328125
7.483081889999999,0.05,116101,47.8,153,755,3056,0.0001,29000,1.022396445274353
7.087701809999999,0.05,116186,47.8,153,755,3057,0.0001,29021,5.053404808044434
6.954008299999999,0.05,116271,48.23,153,756,3058,0.0001,29042,0.46449270844459534
7.322107569999999,0.05,116304,47.71,153,756,3059,0.0001,29050,0.9968370795249939
7.11359862,0.05,116339,47.21,153,756,3060,0.0001,29059,2.9302432537078857
7.06633828,0.05,116370,47.18,153,756,3061,0.0001,29067,3.095858573913574
6.96519965,0.05,116455,47.74,153,757,3062,0.0001,29088,3.1626055240631104
6.983303499999998,0.05,116489,47.74,153,757,3063,0.0001,29097,3.0546042919158936
7.2616121899999975,0.05,116538,47.9,153,757,3064,0.0001,29109,3.190330743789673
7.226374839999998,0.05,116623,48.42,153,758,3065,0.0001,29130,3.045374870300293
7.638105519999999,0.05,116661,47.95,153,758,3066,0.0001,29140,5.398656368255615
8.01740776,0.05,116746,48.44,153,759,3067,0.0001,29161,0.6124812960624695
7.96324303,0.05,116778,47.91,153,759,3068,0.0001,29169,5.4770660400390625
7.592967089999999,0.05,116831,47.59,153,759,3069,0.0001,29182,3.297220230102539
7.42544947,0.05,116916,48.12,153,759,3070,0.0001,29203,3.022256851196289
7.84181857,0.05,116972,48.36,153,760,3071,0.0001,29217,3.6267571449279785
8.11973512,0.05,117017,48.49,153,760,3072,0.0001,29229,0.6156082153320312
8.47144703,0.05,117078,48.74,153,760,3073,0.0001,29244,7.706517219543457
8.61693011,0.05,117132,48.81,153,761,3074,0.0001,29257,3.004385232925415
8.254662590000002,0.05,117169,48.57,153,761,3075,0.0001,29267,3.573848247528076
8.7951739,0.05,117226,48.29,153,761,3076,0.0001,29281,2.845367670059204
9.17377705,0.05,117265,47.83,153,762,3077,0.0001,29291,0.46698176860809326
9.351298149999998,0.05,117350,48.26,153,762,3078,0.0001,29312,0.6688400506973267
9.300198789999998,0.05,117383,48.23,153,762,3079,0.0001,29320,4.980228424072266
9.290974199999999,0.05,117418,48.23,153,763,3080,0.0001,29329,0.6788138747215271
9.06049569,0.05,117503,48.23,153,763,3081,0.0001,29350,0.5985585451126099
9.48907412,0.05,117550,47.85,153,763,3082,0.0001,29362,2.763226270675659
9.66471417,0.05,117590,47.95,153,764,3083,0.0001,29372,5.385692119598389
9.691366859999999,0.05,117620,47.96,153,764,3084,0.0001,29379,5.395208835601807
10.45873464,0.05,117705,48.5,153,764,3085,0.0001,29401,2.790616035461426
10.230754189999999,0.05,117736,47.96,153,765,3086,0.0001,29408,8.044275283813477
10.27963491,0.05,117777,47.99,153,765,3087,0.0001,29419,5.852863788604736
10.303161140000002,0.05,117813,48.01,153,765,3088,0.0001,29428,0.6588351726531982
10.445898920000001,0.05,117858,48.09,153,766,3089,0.0001,29439,0.5493603944778442
10.438809240000001,0.05,117918,48.05,153,766,3090,0.0001,29454,2.63107967376709
10.45770985,0.05,117952,48.07,153,766,3091,0.0001,29462,6.232941627502441
10.94509089,0.05,118037,48.38,153,767,3092,0.0001,29484,0.7159949541091919
10.97885241,0.05,118122,48.93,153,767,3093,0.0001,29505,7.407293319702148
10.95799831,0.05,118154,48.91,153,767,3094,0.0001,29513,3.4865524768829346
11.408863039999998,0.05,118239,49.43,153,768,3095,0.0001,29534,3.4004650115966797
11.79191856,0.05,118304,49.75,153,768,3096,0.0001,29550,4.803969860076904
12.10908216,0.05,118354,49.91,153,768,3097,0.0001,29563,3.32307767868042
11.712797250000001,0.05,118388,49.73,153,769,3098,0.0001,29571,2.88602876663208
11.787253,0.05,118439,49.79,153,769,3099,0.0001,29584,0.7803914546966553
11.77666485,0.05,118470,49.78,153,769,3100,0.0001,29592,2.6247060298919678
12.281999330000001,0.05,118555,50.17,153,769,3101,0.0001,29613,5.303841590881348
11.88014392,0.05,118612,49.89,153,770,3102,0.0001,29627,2.694401979446411
11.825740960000001,0.05,118655,49.86,153,770,3103,0.0001,29638,5.372395038604736
12.354890379999999,0.05,118719,50.16,154,770,3104,0.0001,29654,7.5339250564575195
11.774214199999996,0.05,118750,49.62,154,771,3105,0.0001,29662,5.382838249206543
12.245904479999997,0.05,118803,49.82,154,771,3106,0.0001,29675,2.8126790523529053
12.830858549999999,0.05,118888,50.36,154,771,3107,0.0001,29696,2.932764768600464
13.145208899999998,0.05,118937,50.52,154,771,3108,0.0001,29709,0.6544409990310669
13.545875169999999,0.05,118992,50.73,154,772,3109,0.0001,29722,0.4450475871562958
13.683930579999998,0.05,119035,50.81,154,772,3110,0.0001,29733,0.32674676179885864
13.40609456,0.05,119073,50.34,154,772,3111,0.0001,29743,5.373648643493652
13.486080219999998,0.05,119123,50.36,154,772,3112,0.0001,29755,5.665789604187012
13.56793711,0.05,119156,50.41,154,773,3113,0.0001,29763,0.6509232521057129
12.981661399999998,0.05,119187,49.87,154,773,3114,0.0001,29771,1.228028416633606
12.931829639999998,0.05,119218,49.84,154,773,3115,0.0001,29779,0.47288960218429565
12.851620199999997,0.05,119248,49.79,154,773,3116,0.0001,29786,0.7289001941680908
12.81421147,0.05,119333,49.79,154,774,3117,0.0001,29808,2.8379597663879395
12.894921299999998,0.05,119371,49.82,154,774,3118,0.0001,29817,2.8071980476379395
13.222509480000001,0.05,119419,49.45,154,774,3119,0.0001,29829,0.35858768224716187
13.549974429999999,0.05,119467,49.63,154,774,3120,0.0001,29841,2.860492467880249
13.491196890000001,0.05,119499,49.61,154,775,3121,0.0001,29849,5.318604469299316
12.984218340000002,0.05,119584,49.92,154,775,3122,0.0001,29870,0.6873716115951538
13.188378690000002,0.05,119669,50.43,154,775,3123,0.0001,29892,2.941462278366089
13.12974501,0.05,119754,50.43,154,776,3124,0.0001,29913,7.376049041748047
13.455346860000002,0.05,119814,50.58,154,776,3125,0.0001,29928,0.8020926713943481
13.48383237,0.05,119850,50.6,154,776,3126,0.0001,29937,0.4709119498729706
13.529977580000002,0.05,119889,50.14,154,776,3127,0.0001,29947,5.292446136474609
13.43940799,0.05,119939,50.13,154,777,3128,0.0001,29959,3.266617774963379
13.44433241,0.05,119990,50.13,154,777,3129,0.0001,29972,5.323373794555664
13.626618969999999,0.05,120036,50.24,154,777,3130,0.0001,29983,0.8136681318283081
13.60595044,0.05,120069,50.23,154,777,3131,0.0001,29992,0.7134054899215698
13.88961098,0.05,120121,50.37,154,778,3132,0.0001,30005,0.563499927520752
14.04438382,0.05,120206,50.9,154,778,3133,0.0001,30026,1.2010221481323242
14.146027019999998,0.05,120291,51.43,154,778,3134,0.0001,30047,0.4991814196109772
14.449442769999997,0.05,120338,51.57,154,779,3135,0.0001,30059,3.4836325645446777
14.413810729999998,0.05,120370,51.55,154,779,3136,0.0001,30067,0.7024203538894653
15.76427045,0.05,120455,51.55,154,779,3137,0.0001,30088,0.6036772727966309
16.00968151,0.05,120500,51.68,154,779,3138,0.0001,30099,1.1743738651275635
16.02857579,0.05,120532,51.69,154,780,3139,0.0001,30107,2.513120412826538
15.9027298,0.05,120569,51.62,154,780,3140,0.0001,30117,3.0162675380706787
16.10082752,0.05,120601,51.09,154,780,3141,0.0001,30125,0.5311458706855774
16.07126099,0.05,120632,51.07,154,780,3142,0.0001,30132,3.028991460800171
16.096878590000003,0.05,120717,51.61,154,781,3143,0.0001,30154,3.1392507553100586
16.03342348,0.05,120802,52.14,154,781,3144,0.0001,30175,0.43652570247650146
16.003783670000004,0.05,120834,52.12,154,781,3145,0.0001,30183,0.82656329870224
16.021127130000004,0.05,120867,52.13,154,781,3146,0.0001,30191,0.680642306804657
15.332220560000003,0.05,120952,52.28,154,782,3147,0.0001,30212,0.4637410044670105
15.25912534,0.05,120985,52.23,154,782,3148,0.0001,30221,0.4380320906639099
14.989209700000002,0.05,121020,52.12,154,782,3149,0.0001,30229,5.664903163909912
14.706006570000001,0.05,121053,51.6,154,782,3150,0.0001,30238,5.157854080200195
14.709409019999999,0.05,121088,51.59,154,783,3151,0.0001,30246,1.1889541149139404
15.51770294,0.05,121173,52.17,154,783,3152,0.0001,30268,3.4645752906799316
16.486240119999998,0.05,121258,52.71,154,783,3153,0.0001,30289,2.517606019973755
16.42587056,0.05,121289,52.68,154,783,3154,0.0001,30297,0.6679547429084778
16.87680472,0.05,121374,53.22,154,784,3155,0.0001,30318,5.374495029449463
16.540770419999998,0.05,121405,53.04,154,784,3156,0.0001,30326,0.6021949648857117
16.2962553,0.05,121439,52.53,154,784,3157,0.0001,30334,0.7666096091270447
16.46588039,0.05,121524,52.53,154,785,3158,0.0001,30355,5.266262054443359
16.59589457,0.05,121609,53.05,154,785,3159,0.0001,30377,0.3185386657714844
16.642436900000003,0.05,121694,53.55,154,785,3160,0.0001,30398,5.365735054016113
17.11778021,0.05,121753,53.83,154,786,3161,0.0001,30413,7.7348127365112305
17.58352057,0.05,121838,53.83,154,786,3162,0.0001,30434,2.8411147594451904
17.48686866,0.05,121868,53.79,154,786,3163,0.0001,30441,0.5282024145126343
17.24112483,0.05,121902,53.64,154,786,3164,0.0001,30450,0.5338111519813538
17.269475879999998,0.05,121936,53.13,154,787,3165,0.0001,30458,8.421024322509766
17.56643512,0.05,121990,53.29,154,787,3166,0.0001,30472,3.394228935241699
17.12689488,0.05,122022,52.76,154,787,3167,0.0001,30480,0.4387331008911133
17.3114717,0.05,122107,53.29,155,787,3168,0.0001,30501,0.6786999702453613
17.443510579999998,0.05,122192,53.61,155,788,3169,0.0001,30522,3.512118339538574
17.77657855,0.05,122277,53.61,155,788,3170,0.0001,30544,0.6577969193458557
17.838371659999996,0.05,122362,53.9,155,788,3171,0.0001,30565,3.4970555305480957
17.426799589999998,0.05,122447,54.3,155,788,3172,0.0001,30586,5.518965721130371
17.27723968,0.05,122496,54.18,155,789,3173,0.0001,30598,7.932003021240234
16.90534393,0.05,122529,53.97,155,789,3174,0.0001,30607,0.5771217346191406
16.77599868,0.05,122559,53.9,155,789,3175,0.0001,30614,0.561775803565979
16.452618859999998,0.05,122595,53.69,155,789,3176,0.0001,30623,0.905024528503418
16.694803309999998,0.05,122680,54.15,155,790,3177,0.0001,30644,5.1230058670043945
16.94827592,0.05,122765,54.15,155,790,3178,0.0001,30666,0.48486408591270447
16.917881010000002,0.05,122796,54.13,155,790,3179,0.0001,30673,3.187268018722534
16.897355089999998,0.05,122881,54.63,155,791,3180,0.0001,30695,0.4746095836162567
16.77628704,0.05,122915,54.12,155,791,3181,0.0001,30703,5.322943210601807
16.838259779999998,0.05,122965,54.15,155,791,3182,0.0001,30716,0.5050549507141113
16.54731579,0.05,123050,54.6,155,792,3183,0.0001,30737,5.0627851486206055
16.555876369999996,0.05,123135,55.15,155,792,3184,0.0001,30758,0.5517641305923462
15.696341780000001,0.05,123220,55.15,155,792,3185,0.0001,30779,2.6946964263916016
16.43996839,0.05,123305,55.69,155,793,3186,0.0001,30801,3.112536907196045
16.252691190000004,0.05,123390,56.13,155,793,3187,0.0001,30822,5.721869945526123
16.35781406,0.05,123475,56.62,155,793,3188,0.0001,30843,2.658961534500122
16.10799573,0.05,123506,56.48,155,793,3189,0.0001,30851,5.534119129180908
15.70502441,0.05,123591,56.73,155,794,3190,0.0001,30872,1.1084116697311401
16.081587299999995,0.05,123642,56.9,155,794,3191,0.0001,30885,3.13153076171875
15.280868040000003,0.05,123676,56.39,155,794,3192,0.0001,30893,5.3633880615234375
15.47049401,0.05,123761,56.39,155,795,3193,0.0001,30915,5.148806095123291
15.520874290000002,0.05,123846,56.92,155,795,3194,0.0001,30936,5.099981307983398
15.071004569999998,0.05,123879,56.4,155,795,3195,0.0001,30944,5.679632186889648
14.85916597,0.05,123922,56.18,155,795,3196,0.0001,30955,3.292518138885498
14.499402629999999,0.05,123953,55.99,155,796,3197,0.0001,30963,0.7069978713989258
15.037118009999999,0.05,124020,56.32,155,796,3198,0.0001,30979,2.7685935497283936
14.829049770000001,0.05,124105,56.66,155,797,3199,0.0001,31001,0.49581411480903625
15.092847510000002,0.05,124150,56.8,155,797,3200,0.0001,31012,5.235220909118652
14.729542200000003,0.05,124204,56.49,155,797,3201,0.0001,31025,0.23001021146774292
14.292693630000004,0.05,124239,56.27,155,797,3202,0.0001,31034,0.7196601629257202
14.071096100000004,0.05,124270,56.15,155,798,3203,0.0001,31042,0.6610305309295654
13.829059510000002,0.05,124355,56.36,155,798,3204,0.0001,31063,3.7639427185058594
13.848454029999997,0.05,124387,56.37,155,798,3205,0.0001,31071,3.0114550590515137
14.588946909999999,0.05,124472,56.69,155,799,3206,0.0001,31092,0.6455583572387695
14.25303331,0.05,124517,56.29,155,799,3207,0.0001,31104,0.775606632232666
14.00949654,0.05,124553,56.16,155,799,3208,0.0001,31113,7.530292510986328
13.63233144,0.05,124588,55.96,155,800,3209,0.0001,31121,5.355177879333496
13.794866990000003,0.05,124673,56.38,155,800,3210,0.0001,31143,5.121039867401123
13.683469460000001,0.05,124704,56.31,155,800,3211,0.0001,31150,0.5627518892288208
13.54093025,0.05,124789,56.66,155,801,3212,0.0001,31172,0.5881609320640564
13.98238759,0.05,124874,57.18,155,801,3213,0.0001,31193,3.139009952545166
14.370940540000003,0.05,124926,57.39,155,801,3214,0.0001,31206,0.7706859111785889
15.022789970000002,0.05,125011,57.93,155,802,3215,0.0001,31227,5.507365703582764
15.318094330000003,0.05,125058,58.1,155,802,3216,0.0001,31239,2.7423627376556396
14.5151314,0.05,125098,57.65,155,802,3217,0.0001,31249,0.8056206703186035
14.738759940000001,0.05,125149,57.78,155,803,3218,0.0001,31262,5.103501319885254
14.451105570000003,0.05,125182,57.63,155,803,3219,0.0001,31270,0.9228789806365967
14.416813680000002,0.05,125267,58.0,155,803,3220,0.0001,31291,2.7403314113616943
14.893851200000002,0.05,125352,58.53,155,804,3221,0.0001,31312,5.937882423400879
15.497484860000002,0.05,125410,58.26,155,804,3222,0.0001,31327,3.245089292526245
15.253769640000003,0.05,125495,58.26,155,804,3223,0.0001,31348,3.362760066986084
15.16283581,0.05,125580,58.26,155,805,3224,0.0001,31369,0.7546432018280029
15.1248248,0.05,125641,58.27,156,805,3225,0.0001,31385,2.977668046951294
15.201999640000002,0.05,125679,58.29,156,805,3226,0.0001,31394,3.02351450920105
15.083063630000002,0.05,125711,58.22,156,805,3227,0.0001,31402,0.8909898996353149
15.023363670000002,0.05,125756,58.17,156,806,3228,0.0001,31413,2.8341565132141113
14.738519960000001,0.05,125791,58.01,156,806,3229,0.0001,31422,2.93070912361145
14.883400340000003,0.05,125876,58.4,156,806,3230,0.0001,31443,2.857109308242798
15.122996800000001,0.05,125961,58.92,156,807,3231,0.0001,31465,3.5489895343780518
14.71865268,0.05,125994,58.73,156,807,3232,0.0001,31473,2.68357253074646
15.476007220000001,0.05,126079,58.73,156,807,3233,0.0001,31494,0.41951465606689453
15.37106032,0.05,126111,58.2,156,807,3234,0.0001,31502,0.665764331817627
15.087719400000003,0.05,126144,58.06,156,808,3235,0.0001,31510,2.833548069000244
15.131394340000002,0.05,126178,58.08,156,808,3236,0.0001,31519,3.053732395172119
14.375280730000002,0.05,126231,57.76,156,808,3237,0.0001,31532,1.0216434001922607
14.75319649,0.05,126316,58.16,156,808,3238,0.0001,31553,7.768063545227051
14.783942230000003,0.05,126350,58.18,156,809,3239,0.0001,31562,0.8700546026229858
15.189432310000003,0.05,126435,58.66,156,809,3240,0.0001,31583,0.7995717525482178
15.280595960000003,0.05,126520,59.19,156,809,3241,0.0001,31604,7.448625087738037
15.365603770000002,0.05,126556,59.24,156,810,3242,0.0001,31613,2.9153661727905273
15.464557370000001,0.05,126641,59.24,156,810,3243,0.0001,31635,0.9661538600921631
15.592913880000001,0.05,126677,58.75,156,810,3244,0.0001,31644,3.204855442047119
15.677222619999998,0.05,126714,58.8,156,810,3245,0.0001,31653,1.486807107925415
16.04167557,0.05,126768,59.01,156,811,3246,0.0001,31666,2.9404449462890625
16.303901909999997,0.05,126807,58.55,156,811,3247,0.0001,31676,5.474822998046875
16.22373805,0.05,126892,59.07,156,811,3248,0.0001,31697,5.100616931915283
16.248349010000002,0.05,126928,59.08,156,811,3249,0.0001,31706,2.783977508544922
16.205415950000003,0.05,126959,59.06,156,812,3250,0.0001,31714,0.5377697944641113
17.08712345,0.05,127044,59.56,156,812,3251,0.0001,31735,2.9170446395874023
16.34448965,0.05,127076,59.03,156,812,3252,0.0001,31743,3.882721185684204
15.38274377,0.05,127107,58.49,156,812,3253,0.0001,31751,2.765502452850342
15.975291719999998,0.05,127172,58.83,156,813,3254,0.0001,31767,2.5799522399902344
15.53985125,0.05,127204,58.3,156,813,3255,0.0001,31775,5.286065101623535
15.872092109999999,0.05,127253,58.48,156,813,3256,0.0001,31788,0.3834666311740875
16.31933769,0.05,127318,58.79,156,814,3257,0.0001,31804,3.132054567337036
16.093129850000004,0.05,127349,58.25,156,814,3258,0.0001,31812,0.6333911418914795
16.00827165,0.05,127434,58.25,156,814,3259,0.0001,31833,3.0342774391174316
15.951565830000002,0.05,127467,57.73,156,814,3260,0.0001,31841,0.601926326751709
15.533324689999999,0.05,127552,57.99,156,815,3261,0.0001,31862,1.0934467315673828
15.769144610000001,0.05,127637,57.99,156,815,3262,0.0001,31884,1.2192553281784058
16.31059319,0.05,127704,58.36,156,815,3263,0.0001,31900,3.0540289878845215
16.30970052,0.05,127738,58.36,156,816,3264,0.0001,31909,2.965179920196533
16.38140803,0.05,127775,58.39,156,816,3265,0.0001,31918,2.966712713241577
16.27298157,0.05,127823,58.33,156,816,3266,0.0001,31930,3.236938953399658
17.18838544,0.05,127908,58.86,156,816,3267,0.0001,31951,0.5197306871414185
17.02388928,0.05,127941,58.34,156,817,3268,0.0001,31960,3.129706859588623
17.23766433,0.05,128026,58.34,156,817,3269,0.0001,31981,0.48321282863616943
17.66008552,0.05,128111,58.34,156,817,3270,0.0001,32002,0.5031049251556396
16.938893399999998,0.05,128196,58.34,156,818,3271,0.0001,32023,0.3754830062389374
17.10414822,0.05,128229,57.82,156,818,3272,0.0001,32032,3.096691370010376
17.08856619,0.05,128276,57.8,156,818,3273,0.0001,32043,0.5105265974998474
17.230341080000002,0.05,128317,57.88,156,818,3274,0.0001,32054,5.7437615394592285
17.24595533,0.05,128402,58.43,156,819,3275,0.0001,32075,0.6291522979736328
17.29351556,0.05,128441,58.46,156,819,3276,0.0001,32085,0.5209465026855469
17.74594712,0.05,128526,58.46,156,819,3277,0.0001,32106,0.39372527599334717
17.99070109,0.05,128611,58.46,156,820,3278,0.0001,32127,3.0956711769104004
18.19758698,0.05,128654,58.58,156,820,3279,0.0001,32138,0.5466281175613403
18.41395279,0.05,128700,58.19,156,820,3280,0.0001,32149,3.7537355422973633
18.72411396,0.05,128749,58.34,156,820,3281,0.0001,32162,0.27551162242889404
18.456170410000002,0.05,128834,58.69,156,821,3282,0.0001,32183,2.763596773147583
19.64666831,0.05,128919,58.69,156,821,3283,0.0001,32204,3.343330144882202
19.84290337,0.05,128961,58.26,156,821,3284,0.0001,32215,0.6632655262947083
19.925555389999996,0.05,128992,57.72,156,822,3285,0.0001,32222,0.440047025680542
19.388426149999997,0.05,129077,57.72,156,822,3286,0.0001,32244,0.5848547220230103
19.468316629999997,0.05,129111,57.21,156,822,3287,0.0001,32252,2.377270460128784
19.51603806,0.05,129152,56.77,156,822,3288,0.0001,32262,5.34935188293457
19.61863491,0.05,129189,56.83,156,823,3289,0.0001,32272,1.0629814863204956
19.93532101,0.05,129246,56.55,156,823,3290,0.0001,32286,2.8027074337005615
19.6355699,0.05,129284,56.42,156,823,3291,0.0001,32295,0.5475755929946899
19.78470898,0.05,129327,56.51,156,824,3292,0.0001,32306,0.49388712644577026
19.553618299999997,0.05,129412,56.51,156,824,3293,0.0001,32327,2.7292773723602295
19.644454110000005,0.05,129452,56.06,156,824,3294,0.0001,32337,3.198852777481079
19.908966190000005,0.05,129537,56.58,157,824,3295,0.0001,32359,5.683852672576904
20.113978950000003,0.05,129586,56.64,157,825,3296,0.0001,32371,0.3794473707675934
20.54285822,0.05,129639,56.86,157,825,3297,0.0001,32384,3.2268483638763428
20.35286912,0.05,129695,56.75,157,825,3298,0.0001,32398,3.5582261085510254
20.72938964,0.05,129761,56.56,157,825,3299,0.0001,32415,3.1655449867248535
20.787471250000003,0.05,129812,56.62,157,826,3300,0.0001,32427,10.4248046875
21.00613119,0.05,129897,56.93,157,826,3301,0.0001,32449,0.7176842093467712
21.288380120000003,0.05,129946,57.07,157,826,3302,0.0001,32461,0.3908228874206543
21.306970649999997,0.05,129978,57.08,157,826,3303,0.0001,32469,3.3289382457733154
21.824777139999995,0.05,130063,57.08,157,827,3304,0.0001,32490,10.823838233947754
21.785452760000002,0.05,130092,57.05,157,827,3305,0.0001,32497,6.055625915527344
20.541941560000005,0.05,130177,57.05,157,827,3306,0.0001,32519,3.23319935798645
20.453038330000002,0.05,130217,57.0,157,827,3307,0.0001,32529,3.2985873222351074
20.41055111,0.05,130252,56.99,157,828,3308,0.0001,32537,1.1250848770141602
20.85242099,0.05,130315,57.27,157,828,3309,0.0001,32553,3.4087705612182617
20.501436139999996,0.05,130347,56.74,157,828,3310,0.0001,32561,1.0423800945281982
20.691941639999996,0.05,130388,56.84,157,828,3311,0.0001,32571,0.7522703409194946
20.410378589999997,0.05,130473,56.84,157,829,3312,0.0001,32593,3.0204949378967285
19.720144689999998,0.05,130558,56.84,157,829,3313,0.0001,32614,0.7622600793838501
19.77398065,0.05,130615,56.89,157,829,3314,0.0001,32628,0.5395658016204834
19.126277220000002,0.05,130647,56.36,157,830,3315,0.0001,32636,0.6937350034713745
18.86653405,0.05,130679,56.21,157,830,3316,0.0001,32644,3.302955150604248
18.939403889999998,0.05,130724,56.26,157,830,3317,0.0001,32655,3.1519510746002197
18.846703729999998,0.05,130770,56.21,157,830,3318,0.0001,32667,0.8565317392349243
19.238590539999997,0.05,130826,56.44,157,831,3319,0.0001,32681,3.5645370483398438
19.15351221,0.05,130867,56.0,157,831,3320,0.0001,32691,3.269789457321167
19.751766619999998,0.05,130952,56.0,157,831,3321,0.0001,32712,3.217952251434326
19.554355809999997,0.05,131037,56.27,157,832,3322,0.0001,32734,0.8138337731361389
19.605692169999998,0.05,131072,55.77,157,832,3323,0.0001,32742,0.5922000408172607
19.633068559999998,0.05,131157,55.77,157,832,3324,0.0001,32764,3.7601258754730225
19.27105682,0.05,131198,55.57,157,833,3325,0.0001,32774,2.9902055263519287
19.194830389999996,0.05,131234,55.55,157,833,3326,0.0001,32783,0.6029280424118042
19.21395596,0.05,131267,55.56,157,833,3327,0.0001,32791,7.434748649597168
19.0479568,0.05,131352,55.96,157,833,3328,0.0001,32812,5.962782859802246
19.02282266,0.05,131385,55.94,157,834,3329,0.0001,32821,3.350860357284546
18.86169245,0.05,131431,55.55,157,834,3330,0.0001,32832,1.6719975471496582
18.691144679999997,0.05,131468,55.07,157,834,3331,0.0001,32841,2.5398941040039062
18.636872659999998,0.05,131553,55.59,157,834,3332,0.0001,32863,3.314570903778076
17.819997439999998,0.05,131590,55.11,157,835,3333,0.0001,32872,0.633746325969696
17.938410689999998,0.05,131675,55.64,157,835,3334,0.0001,32893,5.715813636779785
18.19202931,0.05,131760,56.16,157,835,3335,0.0001,32914,0.7724031209945679
18.61716874,0.05,131822,56.44,157,836,3336,0.0001,32930,3.141416311264038
19.142203600000006,0.05,131907,56.76,157,836,3337,0.0001,32951,2.8135411739349365
18.5491391,0.05,131992,56.76,157,837,3338,0.0001,32972,2.6852877140045166
18.613685220000004,0.05,132077,57.27,157,837,3339,0.0001,32994,7.988475322723389
17.896435270000005,0.05,132162,57.27,157,837,3340,0.0001,33015,1.2732362747192383
17.81573738,0.05,132194,56.74,157,838,3341,0.0001,33023,1.026824712753296
18.009807230000003,0.05,132241,56.85,157,838,3342,0.0001,33035,3.091369867324829
17.994963280000004,0.05,132278,56.37,157,838,3343,0.0001,33044,5.92475700378418
17.935515900000002,0.05,132311,56.34,157,838,3344,0.0001,33052,0.8105043768882751
17.825042570000004,0.05,132396,56.82,157,839,3345,0.0001,33073,0.43815505504608154
17.591108820000002,0.05,132481,57.13,157,839,3346,0.0001,33095,2.615490436553955
17.558786400000002,0.05,132566,57.59,157,839,3347,0.0001,33116,0.7625747919082642
17.646216730000003,0.05,132600,57.08,157,840,3348,0.0001,33124,3.0594558715820312
17.76362683,0.05,132643,57.15,157,840,3349,0.0001,33135,0.6950743794441223
18.476553470000002,0.05,132728,57.69,157,840,3350,0.0001,33156,3.093898296356201
17.51933581,0.05,132813,57.69,157,841,3351,0.0001,33178,0.45217907428741455
17.490511079999997,0.05,132898,58.22,157,841,3352,0.0001,33199,3.5984067916870117
17.94307328,0.05,132955,58.48,157,841,3353,0.0001,33213,0.7325942516326904
17.360971530000004,0.05,132986,58.14,157,842,3354,0.0001,33221,8.315606117248535
17.5559042,0.05,133071,58.67,157,842,3355,0.0001,33242,0.6176964640617371
17.76029335,0.05,133132,58.79,157,842,3356,0.0001,33257,5.91256856918335
17.319591650000003,0.05,133217,58.99,158,843,3357,0.0001,33279,5.627917766571045
17.405684000000004,0.05,133302,59.53,158,843,3358,0.0001,33300,0.8057659864425659
17.373879350000003,0.05,133336,59.02,158,843,3359,0.0001,33308,2.527531385421753
17.54479926,0.05,133421,59.54,158,843,3360,0.0001,33330,2.970236301422119
17.567077700000002,0.05,133456,59.04,158,844,3361,0.0001,33338,0.7174068689346313
17.176053500000002,0.05,133496,58.59,158,844,3362,0.0001,33348,3.423787832260132
16.4392719,0.05,133581,58.77,158,844,3363,0.0001,33370,0.5974555015563965
16.46949786,0.05,133666,59.28,158,845,3364,0.0001,33391,0.5758692026138306
16.8441845,0.05,133727,59.52,158,845,3365,0.0001,33406,3.320556640625
16.536757350000002,0.05,133758,59.35,158,845,3366,0.0001,33414,0.80824875831604
16.16921483,0.05,133843,59.35,158,846,3367,0.0001,33435,0.479616641998291
17.077574710000004,0.05,133928,59.87,158,846,3368,0.0001,33456,0.40178877115249634
16.54656369,0.05,134013,59.87,158,846,3369,0.0001,33478,0.46579259634017944
16.059839099999998,0.05,134098,59.87,158,847,3370,0.0001,33499,0.8831219673156738
16.291804589999998,0.05,134129,59.33,158,847,3371,0.0001,33507,3.696633815765381
16.33727992,0.05,134165,59.36,158,847,3372,0.0001,33516,0.6057552695274353
15.862983319999998,0.05,134250,59.74,158,848,3373,0.0001,33537,0.9121512174606323
15.95775609,0.05,134297,59.8,158,848,3374,0.0001,33549,7.844842910766602
16.04536903,0.05,134333,59.31,158,848,3375,0.0001,33558,2.408975601196289
16.10537362,0.05,134376,59.35,158,848,3376,0.0001,33568,0.8973814845085144
15.721250750000001,0.05,134432,59.06,158,849,3377,0.0001,33582,6.0509233474731445
14.948188680000001,0.05,134469,58.58,158,849,3378,0.0001,33592,2.811980962753296
15.52738832,0.05,134554,59.0,158,849,3379,0.0001,33613,3.1786699295043945
15.86478833,0.05,134620,59.2,158,850,3380,0.0001,33629,3.7330384254455566
15.423468989999998,0.05,134705,59.56,158,850,3381,0.0001,33651,8.38469123840332
15.49891116,0.05,134743,59.09,158,851,3382,0.0001,33660,6.7335968017578125
14.964563090000002,0.05,134806,58.87,158,851,3383,0.0001,33676,2.8570666313171387
14.785976830000003,0.05,134838,58.77,158,851,3384,0.0001,33684,3.0194363594055176
14.87377533,0.05,134873,58.81,158,851,3385,0.0001,33693,0.4179782569408417
14.71474792,0.05,134958,58.81,158,852,3386,0.0001,33714,2.9305837154388428
14.498594189999997,0.05,135043,59.32,158,852,3387,0.0001,33735,5.850228309631348
14.60960304,0.05,135093,59.41,158,852,3388,0.0001,33748,3.199492931365967
14.5174683,0.05,135125,59.36,158,853,3389,0.0001,33756,10.504181861877441
14.25307912,0.05,135210,59.64,158,853,3390,0.0001,33777,0.6686489582061768
14.026387210000003,0.05,135295,60.11,158,853,3391,0.0001,33798,3.220655918121338
14.156694720000003,0.05,135345,60.18,158,854,3392,0.0001,33811,5.105027198791504
14.221568540000003,0.05,135379,59.67,158,854,3393,0.0001,33819,2.8466455936431885
14.091606550000002,0.05,135412,59.6,158,854,3394,0.0001,33827,0.3698071241378784
13.858825940000004,0.05,135447,59.1,158,854,3395,0.0001,33836,0.7700703144073486
13.401508470000003,0.05,135532,59.46,158,855,3396,0.0001,33857,3.7606608867645264
13.17166023,0.05,135617,59.78,158,855,3397,0.0001,33879,3.0161731243133545
12.53986875,0.05,135702,60.07,158,855,3398,0.0001,33900,0.6899081468582153
12.564188619999998,0.05,135772,60.11,158,856,3399,0.0001,33917,5.227423667907715
11.978752749999998,0.05,135857,60.45,158,856,3400,0.0001,33939,3.770658016204834
11.462087299999999,0.05,135942,60.45,158,856,3401,0.0001,33960,1.2138488292694092
10.96689171,0.05,136027,60.81,158,857,3402,0.0001,33981,3.3520162105560303
10.9393488,0.05,136112,61.34,158,857,3403,0.0001,34002,3.3217568397521973
10.317267710000003,0.05,136157,60.94,158,857,3404,0.0001,34014,8.094514846801758
10.563687760000002,0.05,136242,61.5,158,858,3405,0.0001,34035,0.8050550818443298
10.93365651,0.05,136327,61.5,158,858,3406,0.0001,34056,0.5533828139305115
10.943825440000001,0.05,136412,61.95,158,858,3407,0.0001,34077,0.8525818586349487
11.281819989999999,0.05,136466,62.14,158,859,3408,0.0001,34091,1.215611457824707
11.78041729,0.05,136551,62.36,158,859,3409,0.0001,34112,1.0116487741470337
11.850066549999998,0.05,136587,62.4,158,859,3410,0.0001,34121,0.5153965950012207
11.593116309999997,0.05,136672,62.84,158,860,3411,0.0001,34142,0.7274636030197144
11.89585553,0.05,136757,62.84,158,860,3412,0.0001,34164,0.7080157399177551
11.95365072,0.05,136842,62.84,158,860,3413,0.0001,34185,5.7204084396362305
11.96387733,0.05,136902,62.87,158,861,3414,0.0001,34200,3.471818447113037
12.53785403,0.05,136987,63.4,158,861,3415,0.0001,34221,0.7898584008216858
12.270413360000003,0.05,137072,63.93,158,862,3416,0.0001,34242,0.5125159025192261
13.080224000000001,0.05,137157,64.33,159,862,3417,0.0001,34264,5.623671531677246
13.315143050000001,0.05,137224,64.54,159,862,3418,0.0001,34280,0.6833897829055786
12.741818960000003,0.05,137309,64.83,159,863,3419,0.0001,34302,3.226778030395508
12.791639200000002,0.05,137353,64.86,159,863,3420,0.0001,34313,0.656287670135498
11.767690750000002,0.05,137387,64.35,159,863,3421,0.0001,34321,0.8331018686294556
11.826683310000004,0.05,137472,64.35,159,863,3422,0.0001,34342,0.9611577987670898
11.761222960000003,0.05,137557,64.85,159,864,3423,0.0001,34364,0.6362277865409851
12.517993660000002,0.05,137642,64.85,159,864,3424,0.0001,34385,8.246384620666504
12.501946740000003,0.05,137727,65.29,159,864,3425,0.0001,34406,0.9902888536453247
12.350477610000002,0.05,137812,65.78,159,865,3426,0.0001,34427,0.71397864818573
12.299324880000002,0.05,137897,66.3,159,865,3427,0.0001,34449,0.840516209602356
12.315211080000001,0.05,137935,65.83,159,865,3428,0.0001,34458,7.809726715087891
12.46270062,0.05,137977,65.92,159,865,3429,0.0001,34469,0.49084651470184326
12.432809439999998,0.05,138062,66.31,159,866,3430,0.0001,34490,1.1223551034927368
12.375204919999998,0.05,138147,66.79,159,866,3431,0.0001,34511,0.7444873452186584
12.598895029999996,0.05,138232,66.79,159,866,3432,0.0001,34532,3.1369969844818115
12.939395649999996,0.05,138317,67.27,159,867,3433,0.0001,34554,0.6637912392616272
13.281980009999995,0.05,138379,67.04,159,867,3434,0.0001,34569,4.94083309173584
13.22278392,0.05,138464,67.04,159,867,3435,0.0001,34590,0.8761003017425537
12.81845034,0.05,138499,66.77,159,868,3436,0.0001,34599,3.8335115909576416
12.046403429999998,0.05,138584,66.77,159,868,3437,0.0001,34620,0.43928754329681396
11.992966139999998,0.05,138669,66.77,159,868,3438,0.0001,34642,3.7551865577697754
11.917784610000002,0.05,138702,66.25,159,869,3439,0.0001,34650,1.0049452781677246
12.146192430000003,0.05,138787,66.25,159,869,3440,0.0001,34671,0.5123045444488525
12.330066110000002,0.05,138829,66.35,159,869,3441,0.0001,34682,3.259814977645874
12.577136930000004,0.05,138914,66.73,159,870,3442,0.0001,34703,3.2094314098358154
12.965299730000003,0.05,138966,66.88,159,870,3443,0.0001,34716,3.1221938133239746
13.135559890000003,0.05,139051,67.4,159,870,3444,0.0001,34737,3.1962785720825195
13.128889440000002,0.05,139136,67.4,159,871,3445,0.0001,34758,0.7940165996551514
12.96729475,0.05,139221,67.4,159,871,3446,0.0001,34780,0.6211566925048828
13.1394425,0.05,139306,67.4,159,871,3447,0.0001,34801,0.547558069229126
12.749935419999996,0.05,139391,67.91,159,872,3448,0.0001,34822,3.177311897277832
12.71619164,0.05,139476,68.33,159,872,3449,0.0001,34843,3.358761787414551
12.888015119999999,0.05,139561,68.33,159,873,3450,0.0001,34865,0.32897716760635376
13.00303423,0.05,139599,67.86,159,873,3451,0.0001,34874,3.388176441192627
13.27465594,0.05,139644,67.46,159,873,3452,0.0001,34885,9.011188507080078
12.82974171,0.05,139729,67.74,159,873,3453,0.0001,34907,2.834495782852173
12.77179563,0.05,139814,68.28,159,874,3454,0.0001,34928,0.6157698631286621
12.583718499999998,0.05,139846,67.75,159,874,3455,0.0001,34936,7.583427906036377
12.092104189999997,0.05,139880,67.48,159,874,3456,0.0001,34944,0.6659709215164185
12.575866859999998,0.05,139965,67.48,159,875,3457,0.0001,34966,5.5084147453308105
12.704131129999999,0.05,140050,67.48,159,875,3458,0.0001,34987,5.394129753112793
13.392911769999998,0.05,140135,67.99,160,875,3459,0.0001,35008,5.483345031738281
13.258783059999999,0.05,140171,67.5,160,876,3460,0.0001,35017,4.125024795532227
13.23041148,0.05,140205,67.49,159,876,3461,0.0001,35026,6.140929698944092
13.09868196,0.05,140238,67.42,159,876,3462,0.0001,35034,3.520599842071533
13.605373359999998,0.05,140323,67.42,160,876,3463,0.0001,35055,0.6296507120132446
13.549750589999999,0.05,140356,66.9,160,877,3464,0.0001,35063,2.8785834312438965
13.07372084,0.05,140388,66.61,160,877,3465,0.0001,35071,0.9261090755462646
13.0928837,0.05,140420,66.62,160,877,3466,0.0001,35079,0.8600363731384277
12.640842359999999,0.05,140457,66.14,160,877,3467,0.0001,35089,5.431827068328857
11.7474408,0.05,140490,65.62,160,877,3468,0.0001,35097,3.9378442764282227
11.771221409999999,0.05,140575,65.62,160,878,3469,0.0001,35118,3.1620049476623535
11.67024181,0.05,140607,65.09,160,878,3470,0.0001,35126,3.2403314113616943
11.718318779999997,0.05,140641,65.12,160,878,3471,0.0001,35135,0.6763811111450195
11.71715581,0.05,140677,65.12,160,879,3472,0.0001,35144,0.8409098386764526
11.975476089999999,0.05,140712,64.62,160,879,3473,0.0001,35152,0.8470690250396729
11.47676827,0.05,140797,65.0,160,879,3474,0.0001,35174,6.3292083740234375
11.433503089999999,0.05,140830,64.97,160,879,3475,0.0001,35182,0.7248227596282959
11.4101358,0.05,140871,64.95,160,880,3476,0.0001,35192,0.7990683913230896
11.15564894,0.05,140913,64.81,160,880,3477,0.0001,35203,3.4486284255981445
11.027720859999999,0.05,140998,65.29,160,880,3478,0.0001,35224,0.6510756015777588
10.555145989999998,0.05,141048,64.94,160,880,3479,0.0001,35236,5.771323204040527
10.00446241,0.05,141081,64.61,160,881,3480,0.0001,35245,3.571793794631958
10.16784073,0.05,141117,64.12,160,881,3481,0.0001,35254,1.0053684711456299
10.160386519999998,0.05,141155,64.12,160,881,3482,0.0001,35263,3.0849156379699707
9.691951679999999,0.05,141189,63.83,160,881,3483,0.0001,35272,5.81608772277832
10.305923110000002,0.05,141257,64.19,160,882,3484,0.0001,35289,3.506460189819336
10.762265509999999,0.05,141342,64.69,160,882,3485,0.0001,35310,0.8071145415306091
11.481821499999999,0.05,141427,64.69,160,883,3486,0.0001,35331,0.7487441301345825
12.26742076,0.05,141512,64.69,160,883,3487,0.0001,35352,3.285024642944336
11.93931613,0.05,141544,64.51,160,883,3488,0.0001,35360,3.26615309715271
12.82725963,0.05,141629,65.04,160,883,3489,0.0001,35382,5.907317161560059
13.433369620000002,0.05,141714,65.04,160,884,3490,0.0001,35403,2.6682865619659424
13.596276840000003,0.05,141749,64.54,160,884,3491,0.0001,35412,0.9200294017791748
13.725426620000002,0.05,141834,64.89,160,884,3492,0.0001,35433,3.261596202850342
13.75704631,0.05,141869,64.9,160,885,3493,0.0001,35442,3.09352445602417
13.77455141,0.05,141903,64.91,160,885,3494,0.0001,35450,0.4164225459098816
14.147526580000001,0.05,141959,65.12,160,885,3495,0.0001,35464,0.9463998079299927
14.42324235,0.05,142001,64.69,160,885,3496,0.0001,35475,3.2987565994262695
14.206661339999998,0.05,142031,64.14,160,886,3497,0.0001,35482,3.19254732131958
14.48874721,0.05,142065,63.63,160,886,3498,0.0001,35491,6.02550745010376
14.04127581,0.05,142102,63.3,160,886,3499,0.0001,35500,5.6381731033325195
14.585855459999998,0.05,142148,62.91,160,886,3500,0.0001,35511,3.148226499557495
14.502249269999998,0.05,142181,62.39,160,887,3501,0.0001,35520,0.3507409691810608
14.680175809999998,0.05,142214,61.87,160,887,3502,0.0001,35528,3.082858085632324
14.94491472,0.05,142259,61.47,160,887,3503,0.0001,35539,0.9222127199172974
14.732689629999998,0.05,142291,61.34,160,887,3504,0.0001,35547,5.330965995788574
14.545414469999995,0.05,142324,60.82,160,887,3505,0.0001,35555,0.4389076828956604
14.206337689999996,0.05,142357,60.3,160,888,3506,0.0001,35564,0.41099798679351807
14.056914079999997,0.05,142389,59.77,160,888,3507,0.0001,35572,3.2163898944854736
13.81927647,0.05,142474,60.08,160,888,3508,0.0001,35593,3.323812961578369
12.832404279999999,0.05,142507,59.56,160,888,3509,0.0001,35601,1.0235841274261475
12.93828352,0.05,142592,60.05,160,889,3510,0.0001,35622,0.5725481510162354
13.18697346,0.05,142677,60.05,160,889,3511,0.0001,35644,0.6877507567405701
12.94634626,0.05,142709,59.52,160,889,3512,0.0001,35652,3.443732261657715
13.151826510000003,0.05,142743,59.01,160,890,3513,0.0001,35660,0.5385915040969849
12.743273470000002,0.05,142776,58.74,160,890,3514,0.0001,35668,1.0709352493286133
12.158879829999998,0.05,142807,58.2,160,890,3515,0.0001,35676,0.5376384854316711
12.801653819999999,0.05,142892,58.2,160,890,3516,0.0001,35697,0.7351593971252441
11.860848859999999,0.05,142977,58.2,160,891,3517,0.0001,35719,3.096991539001465
11.39328144,0.05,143011,57.87,160,891,3518,0.0001,35727,2.9152276515960693
11.55193409,0.05,143043,57.34,160,891,3519,0.0001,35735,2.771014451980591
11.730583110000003,0.05,143128,57.75,160,891,3520,0.0001,35756,8.836380004882812
11.769724150000002,0.05,143164,57.77,160,892,3521,0.0001,35765,2.932126045227051
11.715588610000003,0.05,143214,57.42,160,892,3522,0.0001,35778,0.865074634552002
12.1211393,0.05,143267,57.1,160,892,3523,0.0001,35791,3.5266623497009277
11.391409150000001,0.05,143301,56.59,160,892,3524,0.0001,35800,3.3104991912841797
11.411922619999999,0.05,143386,56.59,160,893,3525,0.0001,35821,5.325789928436279
11.97107886,0.05,143471,56.59,160,893,3526,0.0001,35842,2.756486177444458
12.0711576,0.05,143556,56.59,160,894,3527,0.0001,35863,5.263704299926758
11.98995165,0.05,143589,56.54,160,894,3528,0.0001,35872,0.5484380722045898
11.921561270000002,0.05,143627,56.5,160,894,3529,0.0001,35881,3.0163426399230957
11.72374326,0.05,143712,56.5,160,895,3530,0.0001,35902,0.5859406590461731
11.750744960000002,0.05,143747,56.0,160,895,3531,0.0001,35911,1.0198155641555786
11.55862443,0.05,143779,55.47,160,895,3532,0.0001,35919,6.198381423950195
11.22591412,0.05,143864,55.47,160,896,3533,0.0001,35940,0.7159377336502075
10.913240459999999,0.05,143905,55.26,160,896,3534,0.0001,35951,3.3204307556152344
10.7011536,0.05,143938,54.74,160,896,3535,0.0001,35959,0.5259039998054504
10.633789160000001,0.05,143970,54.71,160,896,3536,0.0001,35967,0.8939703702926636
10.60372569,0.05,144006,54.22,160,897,3537,0.0001,35976,3.0294811725616455
10.62643551,0.05,144038,53.69,160,897,3538,0.0001,35984,0.5309906005859375
10.653796300000002,0.05,144073,53.71,160,897,3539,0.0001,35993,1.617766261100769
10.639528780000003,0.05,144105,53.18,160,897,3540,0.0001,36001,5.830687522888184
11.15471048,0.05,144190,53.61,160,898,3541,0.0001,36022,0.9479191303253174
10.852782009999999,0.05,144234,53.2,160,898,3542,0.0001,36033,2.6290283203125
11.19665622,0.05,144319,53.53,160,898,3543,0.0001,36054,2.7739713191986084
10.992917519999999,0.05,144350,52.99,160,898,3544,0.0001,36062,0.4324151277542114
11.141431739999998,0.05,144435,52.99,160,899,3545,0.0001,36083,1.2212824821472168
11.33411374,0.05,144477,52.56,160,899,3546,0.0001,36094,5.454996585845947
11.068609769999998,0.05,144509,52.03,160,899,3547,0.0001,36102,0.707287073135376
11.628524639999998,0.05,144553,51.62,160,899,3548,0.0001,36113,0.35550618171691895
11.44938541,0.05,144584,51.08,160,900,3549,0.0001,36120,3.2943124771118164
10.748975979999997,0.05,144624,50.63,160,900,3550,0.0001,36130,0.7757870554924011
10.791470819999999,0.05,144709,51.1,160,900,3551,0.0001,36152,0.8652651309967041
10.58312655,0.05,144794,51.5,160,901,3552,0.0001,36173,2.7698917388916016
10.61571881,0.05,144828,50.99,160,901,3553,0.0001,36181,3.564779758453369
10.718572460000003,0.05,144862,50.48,160,901,3554,0.0001,36190,5.81149435043335
10.85804298,0.05,144947,51.01,160,901,3555,0.0001,36211,0.44893109798431396
10.833932490000002,0.05,144979,50.99,160,902,3556,0.0001,36219,0.525758683681488
10.49407514,0.05,145021,50.56,160,902,3557,0.0001,36230,2.8354969024658203
10.371005030000001,0.05,145058,50.08,160,902,3558,0.0001,36239,3.540442943572998
9.958852749999998,0.05,145108,49.73,160,902,3559,0.0001,36251,3.4911179542541504
9.904475730000001,0.05,145141,49.7,160,903,3560,0.0001,36260,6.209250450134277
10.242307310000001,0.05,145194,49.89,160,903,3561,0.0001,36273,3.4782516956329346
10.24100398,0.05,145228,49.9,160,903,3562,0.0001,36281,3.164608955383301
10.36007947,0.05,145313,49.9,160,904,3563,0.0001,36303,7.843822479248047
10.15485158,0.05,145398,50.42,160,904,3564,0.0001,36324,5.592963695526123
10.46726353,0.05,145483,50.95,160,904,3565,0.0001,36345,0.5887831449508667
10.6757455,0.05,145568,51.48,160,905,3566,0.0001,36366,0.4814232289791107
10.637009340000002,0.05,145603,51.46,160,905,3567,0.0001,36375,3.5320355892181396
10.807699300000001,0.05,145647,51.57,160,905,3568,0.0001,36386,3.0262367725372314
10.767726750000001,0.05,145689,51.14,160,906,3569,0.0001,36397,0.4962924122810364
10.5739497,0.05,145774,51.67,160,906,3570,0.0001,36418,0.6241274476051331
10.988367930000003,0.05,145859,52.18,160,906,3571,0.0001,36439,3.074035882949829
11.47774564,0.05,145944,52.67,160,907,3572,0.0001,36460,3.070220708847046
11.49621754,0.05,145980,52.68,160,907,3573,0.0001,36469,3.131061553955078
11.8471624,0.05,146018,52.21,160,908,3574,0.0001,36479,0.4161494970321655
11.80800318,0.05,146049,52.19,160,908,3575,0.0001,36487,0.532052755355835
11.698481919999999,0.05,146084,52.13,160,908,3576,0.0001,36495,0.45814049243927
11.51451931,0.05,146116,52.03,160,908,3577,0.0001,36503,3.033801555633545
12.216016830000001,0.05,146201,52.03,160,909,3578,0.0001,36525,5.766783714294434
12.132614510000002,0.05,146245,51.97,160,909,3579,0.0001,36536,3.194434881210327
12.08351164,0.05,146330,52.49,160,910,3580,0.0001,36557,3.3808162212371826
12.390224799999999,0.05,146383,52.66,160,910,3581,0.0001,36570,0.6565064787864685
13.070450139999998,0.05,146468,53.13,160,910,3582,0.0001,36591,0.6553466320037842
13.250092309999998,0.05,146512,53.23,160,911,3583,0.0001,36602,3.460221529006958
12.665141039999998,0.05,146546,52.89,160,911,3584,0.0001,36611,5.685825347900391
12.127178729999999,0.05,146631,52.89,160,911,3585,0.0001,36632,3.2972168922424316
11.493771450000002,0.05,146716,52.89,160,912,3586,0.0001,36653,5.0902252197265625
10.907849800000001,0.05,146750,52.38,160,912,3587,0.0001,36662,3.50671124458313
11.24931116,0.05,146835,52.91,160,912,3588,0.0001,36683,4.84161901473999
10.548747630000001,0.05,146920,52.91,160,913,3589,0.0001,36704,1.2141214609146118
10.062277820000002,0.05,147005,52.91,160,913,3590,0.0001,36726,4.968395709991455
11.086714060000002,0.05,147090,53.41,160,914,3591,0.0001,36747,6.68798303604126
10.99656729,0.05,147143,53.09,160,914,3592,0.0001,36760,3.1239120960235596
10.954947279999999,0.05,147176,53.07,160,914,3593,0.0001,36768,4.960739612579346
10.911679320000001,0.05,147208,53.05,160,914,3594,0.0001,36776,5.573056697845459
10.67496552,0.05,147251,52.92,160,915,3595,0.0001,36787,3.1125783920288086
10.792808860000001,0.05,147302,53.01,160,915,3596,0.0001,36800,5.611307144165039
10.878921,0.05,147337,53.06,160,915,3597,0.0001,36809,1.374479055404663
11.12559254,0.05,147385,53.2,160,916,3598,0.0001,36821,3.509415626525879
11.07640392,0.05,147419,53.17,160,916,3599,0.0001,36829,5.3212785720825195
10.893263059999999,0.05,147504,53.56,160,916,3600,0.0001,36850,5.808579921722412
11.015034200000002,0.05,147543,53.62,160,917,3601,0.0001,36860,0.8810654282569885
11.00950867,0.05,147575,53.61,160,917,3602,0.0001,36868,0.4896523654460907
10.91508423,0.05,147614,53.55,160,917,3603,0.0001,36878,2.5294766426086426
10.973462669999998,0.05,147699,54.08,160,918,3604,0.0001,36899,0.8836275935173035
11.138867959999997,0.05,147784,54.6,160,918,3605,0.0001,36920,5.009602069854736
11.25092346,0.05,147869,55.12,160,919,3606,0.0001,36942,0.8421939015388489
11.45869175,0.05,147910,55.21,160,919,3607,0.0001,36952,0.5680320262908936
11.74966593,0.05,147968,54.94,160,919,3608,0.0001,36966,0.314360111951828
11.957533419999999,0.05,148012,55.05,160,920,3609,0.0001,36977,0.9419410228729248
11.861148429999998,0.05,148097,55.05,160,920,3610,0.0001,36999,3.5130085945129395
11.75192727,0.05,148182,55.05,160,921,3611,0.0001,37020,0.44714176654815674
11.805630079999997,0.05,148217,55.08,160,921,3612,0.0001,37029,0.8560500144958496
11.789280319999998,0.05,148250,55.07,160,921,3613,0.0001,37037,0.8845139741897583
11.452022919999997,0.05,148335,55.59,160,922,3614,0.0001,37058,0.5200743675231934
11.535828079999996,0.05,148371,55.64,160,922,3615,0.0001,37067,0.5566806793212891
11.171645759999997,0.05,148404,55.12,160,922,3616,0.0001,37075,1.0194848775863647
11.631766059999995,0.05,148489,55.12,160,923,3617,0.0001,37097,0.8285466432571411
11.596967189999997,0.05,148521,55.1,160,923,3618,0.0001,37105,3.087390422821045
11.600628859999999,0.05,148606,55.63,160,923,3619,0.0001,37126,3.0864977836608887
11.473508120000002,0.05,148653,55.25,160,924,3620,0.0001,37138,2.665905714035034
11.6231705,0.05,148738,55.74,160,924,3621,0.0001,37159,3.1855077743530273
11.497815350000003,0.05,148779,55.65,160,924,3622,0.0001,37169,0.860444962978363
11.410646160000004,0.05,148864,55.97,160,925,3623,0.0001,37190,0.6005757451057434
11.435737180000004,0.05,148900,55.99,160,925,3624,0.0001,37199,3.2971739768981934
11.585118520000002,0.05,148949,55.63,160,925,3625,0.0001,37212,4.997556686401367
11.697503680000002,0.05,149034,55.63,160,925,3626,0.0001,37233,0.47092777490615845
11.69159663,0.05,149070,55.14,160,926,3627,0.0001,37242,3.6246843338012695
11.58036342,0.05,149155,55.66,160,926,3628,0.0001,37263,0.833106517791748
11.43052995,0.05,149240,56.13,160,927,3629,0.0001,37284,0.8409397602081299
11.464889269999999,0.05,149275,55.63,160,927,3630,0.0001,37293,3.0382375717163086
11.542966860000002,0.05,149314,55.67,160,927,3631,0.0001,37303,0.30541354417800903
11.551436630000001,0.05,149346,55.67,160,927,3632,0.0001,37311,3.162829875946045
12.57023833,0.05,149431,55.67,161,927,3633,0.0001,37332,0.23236441612243652
12.41432053,0.05,149463,55.58,161,928,3634,0.0001,37340,0.48551592230796814
12.555873110000002,0.05,149504,55.66,161,928,3635,0.0001,37350,0.6281328201293945
12.613223799999998,0.05,149539,55.69,161,928,3636,0.0001,37359,0.5068451166152954
12.547795189999999,0.05,149572,55.66,161,928,3637,0.0001,37367,2.636293888092041
12.6806219,0.05,149612,55.74,161,928,3638,0.0001,37377,3.0213794708251953
12.942898349999998,0.05,149662,55.89,161,929,3639,0.0001,37390,3.5281405448913574
13.0085519,0.05,149747,56.42,161,929,3640,0.0001,37411,0.922797441482544
12.32718092,0.05,149780,55.9,161,929,3641,0.0001,37419,5.994618892669678
12.144861360000002,0.05,149865,56.31,161,930,3642,0.0001,37441,3.183722972869873
11.680751090000001,0.05,149918,55.99,161,930,3643,0.0001,37454,3.0775232315063477
12.022282440000001,0.05,149965,56.15,161,930,3644,0.0001,37466,0.7589515447616577
11.882885060000001,0.05,149996,55.61,161,930,3645,0.0001,37473,0.541364312171936
11.70828909,0.05,150028,55.51,161,931,3646,0.0001,37481,0.6009001731872559
11.743880359999999,0.05,150061,55.52,161,931,3647,0.0001,37490,3.4998981952667236
11.610011639999998,0.05,150096,55.43,161,931,3648,0.0001,37498,6.044964790344238
11.648627709999998,0.05,150129,55.45,161,931,3649,0.0001,37507,0.7034612894058228
11.810935459999998,0.05,150176,55.52,161,932,3650,0.0001,37518,0.4463499188423157
12.059623209999998,0.05,150229,55.2,161,932,3651,0.0001,37532,0.838901937007904
12.03346866,0.05,150262,54.68,161,932,3652,0.0001,37540,0.3443302512168884
12.336486700000002,0.05,150313,54.85,161,932,3653,0.0001,37553,3.2428574562072754
12.320403990000003,0.05,150398,55.36,161,933,3654,0.0001,37574,5.910163879394531
12.332307400000001,0.05,150483,55.36,161,933,3655,0.0001,37595,5.8609185218811035
13.369093730000001,0.05,150568,55.89,161,934,3656,0.0001,37616,0.7136551141738892
13.65689091,0.05,150631,56.1,161,934,3657,0.0001,37632,0.7719488143920898
14.694001740000001,0.05,150716,56.58,161,934,3658,0.0001,37653,0.800142228603363
14.51149293,0.05,150801,56.93,161,935,3659,0.0001,37675,1.1710660457611084
14.588379960000003,0.05,150838,56.97,161,935,3660,0.0001,37684,0.4402482509613037
14.270178810000003,0.05,150873,56.79,161,935,3661,0.0001,37693,3.3337786197662354
14.318119950000003,0.05,150909,56.81,161,935,3662,0.0001,37702,1.065058708190918
13.965866920000002,0.05,150994,56.81,161,936,3663,0.0001,37723,5.5647430419921875
14.22895715,0.05,151030,56.32,161,936,3664,0.0001,37732,1.14522385597229
14.27934991,0.05,151083,56.0,161,936,3665,0.0001,37745,0.31815066933631897
14.03887474,0.05,151168,56.0,161,937,3666,0.0001,37766,3.258918285369873
14.62009515,0.05,151253,56.5,161,937,3667,0.0001,37788,0.688676655292511
15.42179361,0.05,151338,56.91,161,937,3668,0.0001,37809,3.274167776107788
15.29970301,0.05,151374,56.85,161,938,3669,0.0001,37818,0.42217952013015747
16.60672682,0.05,151459,56.85,161,938,3670,0.0001,37839,0.6331331133842468
16.09189066,0.05,151544,56.85,161,938,3671,0.0001,37860,0.8704574108123779
15.547527010000001,0.05,151577,56.33,161,939,3672,0.0001,37869,0.6839575171470642
15.67714943,0.05,151620,56.4,161,939,3673,0.0001,37879,3.8510589599609375
15.880819559999999,0.05,151705,56.87,161,939,3674,0.0001,37901,5.901539325714111
15.999654839999998,0.05,151743,56.94,161,940,3675,0.0001,37910,0.3788037896156311
17.02982973,0.05,151828,57.44,161,940,3676,0.0001,37931,0.49415910243988037
17.126583569999998,0.05,151865,57.49,161,940,3677,0.0001,37941,0.5126149654388428
17.37614952,0.05,151950,57.49,161,941,3678,0.0001,37962,0.8111957907676697
17.196305929999998,0.05,151984,57.39,161,941,3679,0.0001,37970,0.455977201461792
17.307709129999996,0.05,152021,56.91,161,941,3680,0.0001,37980,3.1793742179870605
16.981445869999998,0.05,152055,56.72,161,941,3681,0.0001,37988,3.070324182510376
16.26538185,0.05,152091,56.23,161,942,3682,0.0001,37997,0.26998963952064514
16.38165554,0.05,152138,56.26,161,942,3683,0.0001,38009,0.2283991277217865
16.684913650000002,0.05,152223,56.77,161,942,3684,0.0001,38030,0.5287504196166992
16.67176843,0.05,152254,56.23,161,942,3685,0.0001,38038,7.630819320678711
16.56505265,0.05,152287,55.71,161,943,3686,0.0001,38046,3.231102705001831
16.98866704,0.05,152372,56.22,161,943,3687,0.0001,38067,3.415271759033203
16.668226250000004,0.05,152405,55.7,161,943,3688,0.0001,38076,5.165102005004883
16.66221175,0.05,152447,55.27,161,943,3689,0.0001,38086,2.9725475311279297
16.3806606,0.05,152478,54.73,161,944,3690,0.0001,38094,3.2030129432678223
15.39922637,0.05,152515,54.25,161,944,3691,0.0001,38103,0.41056424379348755
15.076843839999999,0.05,152549,54.06,161,944,3692,0.0001,38112,2.3272924423217773
15.17814727,0.05,152588,54.12,161,944,3693,0.0001,38121,0.7431716918945312
15.1779061,0.05,152620,54.12,161,944,3694,0.0001,38129,6.189572334289551
15.150775079999999,0.05,152661,54.1,161,945,3695,0.0001,38140,0.8621213436126709
14.889023530000001,0.05,152697,53.95,161,945,3696,0.0001,38149,0.9666609764099121
14.83617851,0.05,152729,53.92,161,945,3697,0.0001,38157,3.732398509979248
14.58198339,0.05,152762,53.77,161,945,3698,0.0001,38165,2.1587395668029785
14.9917714,0.05,152826,54.07,161,946,3699,0.0001,38181,0.8509451746940613
14.98529755,0.05,152862,53.58,161,946,3700,0.0001,38190,1.0890628099441528
15.857294159999997,0.05,152947,54.04,161,946,3701,0.0001,38211,3.386697769165039
15.869243159999998,0.05,152980,54.05,161,946,3702,0.0001,38219,5.144862174987793
15.916336719999999,0.05,153022,54.08,161,947,3703,0.0001,38230,0.45951035618782043
15.959258980000001,0.05,153060,53.61,161,947,3704,0.0001,38239,8.196030616760254
15.818019629999998,0.05,153095,53.11,161,947,3705,0.0001,38248,0.3836406469345093
15.850440209999999,0.05,153136,52.67,161,947,3706,0.0001,38258,3.1410176753997803
15.665995320000002,0.05,153170,52.6,161,948,3707,0.0001,38267,2.8341996669769287
15.2369147,0.05,153203,52.35,161,948,3708,0.0001,38275,3.4300827980041504
14.99613409,0.05,153288,52.76,161,948,3709,0.0001,38296,3.5952870845794678
14.938197220000001,0.05,153321,52.24,161,948,3710,0.0001,38305,3.6769702434539795
15.983321240000002,0.05,153406,52.24,161,949,3711,0.0001,38326,3.259462594985962
16.15392349,0.05,153451,52.34,161,949,3712,0.0001,38337,0.8028152585029602
16.91580729,0.05,153536,52.86,161,950,3713,0.0001,38358,0.7552348375320435
17.30837512,0.05,153573,52.38,161,950,3714,0.0001,38368,2.994507074356079
17.32350371,0.05,153610,52.39,161,950,3715,0.0001,38377,5.054591178894043
17.3299173,0.05,153643,52.39,161,950,3716,0.0001,38385,0.3985033333301544
17.856750140000003,0.05,153728,52.39,161,951,3717,0.0001,38406,0.5419365167617798
17.88019281,0.05,153761,52.4,161,951,3718,0.0001,38415,0.24728743731975555
19.05810104,0.05,153846,52.4,161,951,3719,0.0001,38436,0.9183082580566406
18.9058313,0.05,153885,52.32,161,952,3720,0.0001,38446,3.3283042907714844
18.68941321,0.05,153918,51.8,161,952,3721,0.0001,38454,3.0607361793518066
18.713245139999998,0.05,153961,51.82,161,952,3722,0.0001,38465,0.8685835599899292
18.41381143,0.05,153993,51.29,161,952,3723,0.0001,38473,3.3429031372070312
18.367202119999998,0.05,154026,51.26,161,953,3724,0.0001,38481,3.3918347358703613
18.28310338,0.05,154071,51.22,161,953,3725,0.0001,38492,0.8232818841934204
17.73396671,0.05,154105,50.71,161,953,3726,0.0001,38501,1.4369466304779053
17.71425808,0.05,154140,50.7,161,953,3727,0.0001,38509,0.6755890846252441
17.98398011,0.05,154182,50.27,161,953,3728,0.0001,38520,0.7963610887527466
18.08892452,0.05,154267,50.27,161,954,3729,0.0001,38541,3.4747540950775146
18.30480916,0.05,154314,50.39,161,954,3730,0.0001,38553,0.8720024824142456
18.620295180000003,0.05,154372,50.58,161,954,3731,0.0001,38567,3.005793809890747
18.665503240000003,0.05,154407,50.61,161,955,3732,0.0001,38576,3.222722291946411
17.552590450000004,0.05,154439,50.08,161,955,3733,0.0001,38584,0.5488449335098267
17.591776990000003,0.05,154473,50.1,161,955,3734,0.0001,38593,3.690178394317627
17.891955820000003,0.05,154535,50.31,161,955,3735,0.0001,38608,0.3852930963039398
18.066283240000004,0.05,154580,50.41,161,956,3736,0.0001,38619,5.953526496887207
18.094123560000003,0.05,154614,50.42,161,956,3737,0.0001,38628,3.3824715614318848
18.169044130000003,0.05,154658,50.46,161,956,3738,0.0001,38639,0.5654128789901733
18.68552004,0.05,154736,50.74,161,957,3739,0.0001,38658,0.5074560046195984
19.49625221,0.05,154821,50.74,161,957,3740,0.0001,38680,0.7408739924430847
19.568882040000002,0.05,154906,51.26,161,957,3741,0.0001,38701,3.046316623687744
19.889166900000003,0.05,154957,50.92,161,958,3742,0.0001,38714,3.748013496398926
19.658690550000003,0.05,154996,50.78,161,958,3743,0.0001,38723,2.927091121673584
19.55393087,0.05,155081,51.16,161,958,3744,0.0001,38745,3.345651388168335
19.858444409999997,0.05,155129,51.33,161,959,3745,0.0001,38757,5.527401924133301
19.89717699,0.05,155163,51.35,161,959,3746,0.0001,38765,0.8962081670761108
20.055712359999994,0.05,155205,51.44,161,959,3747,0.0001,38776,2.6213412284851074
20.058568189999995,0.05,155290,51.94,161,959,3748,0.0001,38797,0.8551857471466064
20.654628369999998,0.05,155375,52.46,161,960,3749,0.0001,38818,2.7355637550354004
21.13835457,0.05,155442,52.66,161,960,3750,0.0001,38835,2.389214515686035
20.824172249999997,0.05,155527,52.98,161,960,3751,0.0001,38856,5.877131462097168
20.83166923,0.05,155560,52.98,161,961,3752,0.0001,38864,3.745781898498535
20.48213361,0.05,155591,52.78,161,961,3753,0.0001,38872,8.937080383300781
20.679932790000002,0.05,155634,52.36,161,961,3754,0.0001,38883,6.349560737609863
20.557009890000003,0.05,155667,51.84,161,961,3755,0.0001,38891,0.7373289465904236
19.560027350000002,0.05,155701,51.33,161,961,3756,0.0001,38900,3.1606454849243164
19.239032499999997,0.05,155786,51.55,161,962,3757,0.0001,38921,0.5120865106582642
18.1836553,0.05,155821,51.05,161,962,3758,0.0001,38930,4.892735481262207
18.096351960000003,0.05,155855,50.54,161,962,3759,0.0001,38938,0.5905258655548096
18.026527209999998,0.05,155889,50.51,161,962,3760,0.0001,38947,3.5690784454345703
17.94470177,0.05,155974,51.01,161,963,3761,0.0001,38968,3.6741414070129395
17.891248440000002,0.05,156007,50.98,161,963,3762,0.0001,38976,0.9022042751312256
18.028369220000002,0.05,156049,50.55,161,963,3763,0.0001,38987,0.6205580234527588
18.14985424,0.05,156092,50.62,161,963,3764,0.0001,38997,3.247688055038452
17.969457480000003,0.05,156134,50.51,161,964,3765,0.0001,39008,0.3554421067237854
18.063521310000002,0.05,156170,50.02,161,964,3766,0.0001,39017,3.069786548614502
17.609471470000003,0.05,156212,49.59,161,964,3767,0.0001,39027,0.7488139867782593
16.63488426,0.05,156246,49.08,161,964,3768,0.0001,39036,3.066054344177246
16.59470859,0.05,156331,49.57,161,965,3769,0.0001,39057,0.8519350290298462
15.524280560000001,0.05,156365,49.06,161,965,3770,0.0001,39066,0.6605667471885681
15.966623080000003,0.05,156450,49.06,161,965,3771,0.0001,39087,2.963179349899292
15.977358870000003,0.05,156484,49.07,161,966,3772,0.0001,39095,0.7530509233474731
15.827670720000004,0.05,156519,48.99,161,966,3773,0.0001,39104,3.517200469970703
15.81093132,0.05,156568,48.63,161,966,3774,0.0001,39116,6.001107215881348
15.759045330000003,0.05,156603,48.6,161,966,3775,0.0001,39125,0.7406865358352661
14.666850040000003,0.05,156635,48.07,161,966,3776,0.0001,39133,0.3595803380012512
14.576818460000002,0.05,156668,48.03,161,967,3777,0.0001,39141,3.4209342002868652
13.840415290000001,0.05,156710,47.6,161,967,3778,0.0001,39152,3.2302727699279785
13.794357280000002,0.05,156742,47.58,161,967,3779,0.0001,39160,3.243927240371704
13.63294349,0.05,156827,48.06,162,968,3780,0.0001,39181,2.4385035037994385
13.736941040000001,0.05,156912,48.57,162,968,3781,0.0001,39202,5.453321933746338
13.715179410000001,0.05,156947,48.56,162,968,3782,0.0001,39211,0.6077049374580383
13.57983023,0.05,156989,48.51,162,969,3783,0.0001,39222,0.733303964138031
13.58503093,0.05,157074,48.51,162,969,3784,0.0001,39243,5.957633972167969
14.30779179,0.05,157149,48.95,162,969,3785,0.0001,39262,0.48576104640960693
14.359780800000001,0.05,157234,49.47,162,969,3786,0.0001,39283,0.6583370566368103
13.9761782,0.05,157271,48.99,162,970,3787,0.0001,39292,0.45184028148651123
13.704745469999999,0.05,157356,49.51,162,970,3788,0.0001,39313,0.4770744740962982
13.78702135,0.05,157441,49.94,162,970,3789,0.0001,39335,0.6305725574493408
13.81779499,0.05,157474,49.96,162,971,3790,0.0001,39343,3.0875589847564697
14.148944079999996,0.05,157559,50.44,162,971,3791,0.0001,39364,5.626774311065674
14.729097670000002,0.05,157644,50.95,162,971,3792,0.0001,39385,0.5023000836372375
15.310100079999998,0.05,157729,51.41,162,972,3793,0.0001,39407,0.3473030626773834
15.423862360000003,0.05,157814,51.94,162,972,3794,0.0001,39428,6.285226821899414
15.333185019999998,0.05,157850,51.89,162,972,3795,0.0001,39437,0.6193698644638062
15.300859599999999,0.05,157884,51.87,162,972,3796,0.0001,39445,3.1633596420288086
15.565387429999998,0.05,157931,52.02,162,973,3797,0.0001,39457,2.5338053703308105
15.494592819999998,0.05,158016,52.54,162,973,3798,0.0001,39478,0.6159316301345825
15.103652609999997,0.05,158051,52.25,162,973,3799,0.0001,39487,0.9830100536346436
15.490259979999998,0.05,158116,52.54,162,973,3800,0.0001,39503,0.7356473803520203
14.5550255,0.05,158201,52.54,162,974,3801,0.0001,39525,0.38414615392684937
14.614863490000003,0.05,158237,52.57,162,974,3802,0.0001,39534,3.421783685684204
14.76004853,0.05,158322,53.0,162,974,3803,0.0001,39555,7.492921352386475
15.097138690000001,0.05,158375,53.15,162,975,3804,0.0001,39568,3.0462217330932617
15.102081890000001,0.05,158410,53.15,162,975,3805,0.0001,39577,0.26561233401298523
15.147207720000004,0.05,158453,53.17,162,975,3806,0.0001,39588,0.647669792175293
15.267446660000001,0.05,158538,53.68,162,975,3807,0.0001,39609,5.711111545562744
15.74243807,0.05,158603,54.0,162,976,3808,0.0001,39625,0.8509862422943115
15.781861270000002,0.05,158636,53.48,162,976,3809,0.0001,39633,10.403456687927246
16.11455318,0.05,158688,53.67,162,976,3810,0.0001,39646,2.5437071323394775
15.03651022,0.05,158722,53.16,162,977,3811,0.0001,39655,2.6117398738861084
15.01000549,0.05,158764,53.13,162,977,3812,0.0001,39665,0.7296361327171326
14.245381259999997,0.05,158797,52.61,162,977,3813,0.0001,39674,3.5602283477783203
14.256048779999997,0.05,158834,52.61,162,977,3814,0.0001,39683,0.5550444722175598
14.231981229999999,0.05,158870,52.6,162,977,3815,0.0001,39692,0.6821343302726746
14.24838375,0.05,158904,52.61,162,978,3816,0.0001,39700,8.239116668701172
13.64116424,0.05,158989,52.61,162,978,3817,0.0001,39722,5.5704193115234375
13.6580412,0.05,159023,52.62,162,978,3818,0.0001,39730,0.37579789757728577
12.60260962,0.05,159062,52.16,162,979,3819,0.0001,39740,5.617965221405029
12.492130609999998,0.05,159094,52.09,162,979,3820,0.0001,39748,3.4190869331359863
12.762539040000002,0.05,159143,52.25,162,979,3821,0.0001,39760,0.47423896193504333
13.383123659999999,0.05,159228,52.67,162,979,3822,0.0001,39781,3.1120407581329346
13.430482599999998,0.05,159263,52.7,162,980,3823,0.0001,39790,2.725139617919922
13.54110627,0.05,159302,52.76,162,980,3824,0.0001,39800,1.2958334684371948
13.568775549999998,0.05,159348,52.77,162,980,3825,0.0001,39811,5.57869815826416
13.642793639999997,0.05,159385,52.8,162,980,3826,0.0001,39821,5.063052177429199
13.699528329999996,0.05,159423,52.83,162,981,3827,0.0001,39830,0.3114641308784485
14.117370659999999,0.05,159508,53.26,162,981,3828,0.0001,39851,5.791574478149414
14.08906888,0.05,159593,53.26,162,981,3829,0.0001,39873,0.5373573303222656
13.849401129999999,0.05,159678,53.64,162,982,3830,0.0001,39894,0.4307172894477844
13.389481620000002,0.05,159709,53.37,162,982,3831,0.0001,39902,2.739611864089966
13.24822892,0.05,159794,53.87,162,982,3832,0.0001,39923,3.254819631576538
13.29754991,0.05,159879,54.4,162,982,3833,0.0001,39944,1.048797845840454
13.84287883,0.05,159964,54.91,162,983,3834,0.0001,39965,0.26386749744415283
13.417157629999998,0.05,159998,54.63,162,983,3835,0.0001,39974,0.5894174575805664
13.212138519999998,0.05,160031,54.51,162,983,3836,0.0001,39982,3.8972437381744385
13.379444,0.05,160073,54.59,162,984,3837,0.0001,39993,0.6671730279922485
13.361650940000002,0.05,160116,54.58,162,984,3838,0.0001,40003,3.5218024253845215
12.843414009999998,0.05,160201,54.65,162,984,3839,0.0001,40025,5.630093097686768
12.202136159999998,0.05,160247,54.26,162,984,3840,0.0001,40036,3.5508086681365967
12.566275209999997,0.05,160306,54.0,162,985,3841,0.0001,40051,0.9578573107719421
12.214727489999996,0.05,160338,53.81,162,985,3842,0.0001,40059,0.5497121810913086
12.112441309999998,0.05,160371,53.75,162,985,3843,0.0001,40067,3.6124930381774902
11.967030540000001,0.05,160407,53.26,162,985,3844,0.0001,40076,8.964115142822266
11.66430097,0.05,160438,53.09,162,986,3845,0.0001,40084,3.021074056625366
12.128718140000004,0.05,160523,53.6,162,986,3846,0.0001,40105,0.7201787829399109
11.996029440000003,0.05,160558,53.53,162,986,3847,0.0001,40114,3.148611545562744
12.42222557,0.05,160620,53.3,162,987,3848,0.0001,40129,2.6750741004943848
12.60636404,0.05,160705,53.3,162,987,3849,0.0001,40151,6.167505264282227
11.74294174,0.05,160790,53.48,162,987,3850,0.0001,40172,0.8389105796813965
11.62308405,0.05,160819,52.92,162,987,3851,0.0001,40179,0.8273086547851562
12.573080099999997,0.05,160904,53.44,162,988,3852,0.0001,40200,0.45336344838142395
12.87034687,0.05,160951,53.6,162,988,3853,0.0001,40212,3.0043506622314453
13.382332470000001,0.05,161036,54.02,162,988,3854,0.0001,40233,3.534431219100952
13.47754128,0.05,161075,54.08,162,989,3855,0.0001,40243,0.3767040967941284
13.53697641,0.05,161113,54.12,162,989,3856,0.0001,40253,3.617112636566162
13.368098650000002,0.05,161144,53.58,162,989,3857,0.0001,40260,0.553902804851532
13.574594470000001,0.05,161191,53.7,162,989,3858,0.0001,40272,0.9816904067993164
14.019786960000001,0.05,161276,54.21,162,990,3859,0.0001,40293,0.34732669591903687
13.998278789999999,0.05,161308,54.19,162,990,3860,0.0001,40301,3.103133201599121
14.029153720000002,0.05,161340,53.66,162,990,3861,0.0001,40309,0.8232417702674866
14.288535829999999,0.05,161386,53.79,162,990,3862,0.0001,40321,0.7174626588821411
14.17304394,0.05,161422,53.73,162,990,3863,0.0001,40330,3.005413055419922
14.73454969,0.05,161507,54.15,162,991,3864,0.0001,40351,0.649899959564209
14.667856650000001,0.05,161546,54.12,162,991,3865,0.0001,40361,3.2169947624206543
14.578947689999998,0.05,161576,54.06,162,991,3866,0.0001,40368,3.4412753582000732
14.418158700000001,0.05,161610,53.98,162,992,3867,0.0001,40377,3.396838426589966
14.36713556,0.05,161641,53.95,162,992,3868,0.0001,40385,3.253800630569458
14.95006844,0.05,161726,53.95,162,992,3869,0.0001,40406,0.7354816198348999
14.939988750000003,0.05,161760,53.95,162,992,3870,0.0001,40414,8.754142761230469
14.64877889,0.05,161797,53.47,162,993,3871,0.0001,40424,0.36613935232162476
14.882904730000002,0.05,161844,53.6,162,993,3872,0.0001,40435,0.7352932691574097
15.044602040000003,0.05,161888,53.69,162,993,3873,0.0001,40446,3.596423864364624
14.741688770000001,0.05,161973,54.05,162,993,3874,0.0001,40468,0.431954950094223
14.76401508,0.05,162009,54.06,162,994,3875,0.0001,40477,0.47164034843444824
14.821493579999999,0.05,162044,54.09,162,994,3876,0.0001,40485,3.3288607597351074
15.172255539999997,0.05,162129,54.61,162,994,3877,0.0001,40507,0.4091377556324005
15.172165449999998,0.05,162171,54.61,162,994,3878,0.0001,40517,0.9435234069824219
15.579114869999998,0.05,162256,55.14,163,995,3879,0.0001,40538,9.194459915161133
15.835750659999999,0.05,162298,54.71,163,995,3880,0.0001,40549,6.763038158416748
15.702009089999999,0.05,162331,54.19,163,995,3881,0.0001,40557,3.483104705810547
15.958652150000002,0.05,162416,54.69,163,996,3882,0.0001,40578,0.6419946551322937
15.802318490000003,0.05,162450,54.61,163,996,3883,0.0001,40587,0.3381069302558899
15.632729340000001,0.05,162491,54.17,163,996,3884,0.0001,40597,1.110079050064087
14.927121760000002,0.05,162576,54.27,163,997,3885,0.0001,40618,0.5511144399642944
15.277541440000002,0.05,162632,53.98,163,997,3886,0.0001,40632,2.446620225906372
15.18205636,0.05,162663,53.92,163,997,3887,0.0001,40640,0.9918160438537598
15.462235850000003,0.05,162697,53.41,163,997,3888,0.0001,40649,3.349015474319458
14.896721320000005,0.05,162782,53.41,163,998,3889,0.0001,40670,3.1231815814971924
15.297247400000002,0.05,162837,53.63,163,998,3890,0.0001,40684,0.3915444612503052
16.03757007,0.05,162922,53.63,163,998,3891,0.0001,40705,10.64145278930664
15.704617589999998,0.05,163007,53.63,163,999,3892,0.0001,40726,8.685198783874512
15.315171089999996,0.05,163056,53.27,163,999,3893,0.0001,40738,0.7089650630950928
15.586129689999998,0.05,163141,53.27,163,999,3894,0.0001,40760,2.8976707458496094
15.54998621,0.05,163175,53.25,163,1000,3895,0.0001,40768,3.2334980964660645
15.710395959999998,0.05,163218,53.34,163,1000,3896,0.0001,40779,0.3164424002170563
15.722793549999999,0.05,163263,53.32,163,1000,3897,0.0001,40790,5.34000825881958
16.71574935,0.05,163348,53.32,163,1000,3898,0.0001,40811,6.030584335327148
17.4337845,0.05,163433,53.82,163,1001,3899,0.0001,40833,6.772367000579834
17.906289949999998,0.05,163518,54.02,163,1001,3900,0.0001,40854,0.635735034942627
17.849312039999997,0.05,163550,53.49,163,1001,3901,0.0001,40862,6.068190574645996
18.00949982,0.05,163595,53.58,163,1001,3902,0.0001,40873,5.646817207336426
17.94651592,0.05,163680,53.58,163,1002,3903,0.0001,40894,3.0046775341033936
17.634758939999998,0.05,163765,53.9,163,1002,3904,0.0001,40916,0.5292133688926697
17.76169076,0.05,163850,54.4,163,1002,3905,0.0001,40937,2.4801712036132812
17.88970046,0.05,163935,54.82,163,1003,3906,0.0001,40958,2.8290534019470215
17.82427817,0.05,163972,54.34,163,1003,3907,0.0001,40967,3.1779277324676514
17.33629809,0.05,164004,54.01,163,1003,3908,0.0001,40975,0.7615537643432617
17.32675825,0.05,164036,54.0,163,1003,3909,0.0001,40983,0.8769141435623169
17.74919791,0.05,164121,54.33,163,1004,3910,0.0001,41005,0.6714749336242676
17.965347499999996,0.05,164168,54.46,163,1004,3911,0.0001,41016,2.7012600898742676
17.768559269999997,0.05,164200,54.36,163,1004,3912,0.0001,41024,6.357916831970215
18.562919459999996,0.05,164285,54.88,163,1005,3913,0.0001,41046,3.407832145690918
18.504263789999996,0.05,164319,54.85,163,1005,3914,0.0001,41054,3.4748528003692627
18.62932017,0.05,164404,55.34,163,1005,3915,0.0001,41075,1.240492343902588
19.392317329999997,0.05,164489,55.85,163,1005,3916,0.0001,41097,3.092599868774414
19.02999482,0.05,164574,55.85,163,1006,3917,0.0001,41118,0.487191379070282
19.015472839999997,0.05,164607,55.84,163,1006,3918,0.0001,41126,0.5758004188537598
19.2349899,0.05,164692,56.3,163,1006,3919,0.0001,41147,0.7222173810005188
19.38799598,0.05,164777,56.83,163,1007,3920,0.0001,41169,3.04337739944458
19.263506949999996,0.05,164862,57.19,163,1007,3921,0.0001,41190,0.8161818981170654
18.84547635,0.05,164947,57.19,163,1008,3922,0.0001,41211,6.192050933837891
18.883273199999998,0.05,164984,57.21,163,1008,3923,0.0001,41220,8.735335350036621
18.863456319999997,0.05,165022,57.2,163,1008,3924,0.0001,41230,0.8404349684715271
18.76569806,0.05,165063,57.15,163,1008,3925,0.0001,41240,0.6622738242149353
18.701508609999998,0.05,165098,57.13,163,1008,3926,0.0001,41249,0.6284385919570923
18.64955263,0.05,165133,57.1,163,1009,3927,0.0001,41258,3.0876755714416504
18.137815509999996,0.05,165170,56.62,163,1009,3928,0.0001,41267,0.549164891242981
18.860404159999998,0.05,165234,56.41,163,1009,3929,0.0001,41283,3.0372836589813232
18.86092614,0.05,165267,55.89,163,1010,3930,0.0001,41291,3.177901268005371
18.90148814,0.05,165301,55.92,163,1010,3931,0.0001,41300,0.5456031560897827
19.36706085,0.05,165386,55.92,163,1010,3932,0.0001,41321,5.872291088104248
19.771716150000003,0.05,165448,55.69,163,1011,3933,0.0001,41336,3.044743776321411
19.68383927,0.05,165531,55.67,163,1011,3934,0.0001,41357,8.800743103027344
20.12133725,0.05,165593,55.95,163,1011,3935,0.0001,41373,0.797505259513855
20.18487048,0.05,165630,55.99,163,1012,3936,0.0001,41382,0.5050097107887268
20.222469,0.05,165676,56.03,163,1012,3937,0.0001,41393,6.103011131286621
20.3885967,0.05,165730,56.14,163,1012,3938,0.0001,41407,0.5185219645500183
20.344322179999995,0.05,165777,55.76,163,1012,3939,0.0001,41419,2.8256869316101074
20.07341585,0.05,165807,55.6,163,1013,3940,0.0001,41426,3.3821463584899902
19.69325843,0.05,165843,55.37,163,1013,3941,0.0001,41435,8.812250137329102
19.71924598,0.05,165876,55.38,163,1013,3942,0.0001,41443,0.6398202180862427
19.70698654,0.05,165909,55.38,163,1013,3943,0.0001,41452,6.25252103805542
19.64510452,0.05,165942,55.35,163,1014,3944,0.0001,41460,0.8351675271987915
19.68204655,0.05,165975,55.37,163,1014,3945,0.0001,41468,2.985884189605713
19.282492410000003,0.05,166013,54.9,163,1014,3946,0.0001,41478,3.2530479431152344
19.209532940000003,0.05,166044,54.86,163,1014,3947,0.0001,41485,5.388679504394531
18.72169922,0.05,166077,54.57,163,1014,3948,0.0001,41494,3.7723493576049805
18.07362013,0.05,166162,54.57,163,1015,3949,0.0001,41515,0.570707380771637
18.16372635,0.05,166196,54.06,163,1015,3950,0.0001,41523,0.9717592000961304
18.42436214,0.05,166240,54.21,163,1015,3951,0.0001,41534,3.8128583431243896
17.51232845,0.05,166325,54.21,163,1016,3952,0.0001,41556,2.7916622161865234
17.266266820000002,0.05,166359,54.08,163,1016,3953,0.0001,41564,5.782824516296387
16.576596650000003,0.05,166393,53.57,163,1016,3954,0.0001,41573,6.405981063842773
16.75275825,0.05,166478,54.03,163,1016,3955,0.0001,41594,0.6871457099914551
17.09556977,0.05,166537,54.24,163,1017,3956,0.0001,41609,0.864134669303894
17.17024816,0.05,166622,54.78,163,1017,3957,0.0001,41630,5.284947395324707
17.12187267,0.05,166667,54.76,163,1017,3958,0.0001,41641,3.5093750953674316
16.92332841,0.05,166752,54.76,163,1018,3959,0.0001,41662,0.43791940808296204
17.20094441,0.05,166799,54.91,163,1018,3960,0.0001,41674,0.6038503050804138
17.30462872,0.05,166836,54.96,163,1018,3961,0.0001,41683,0.6725203990936279
16.814994070000004,0.05,166921,55.35,163,1019,3962,0.0001,41705,7.9438323974609375
16.673996550000002,0.05,167006,55.84,163,1019,3963,0.0001,41726,3.2833352088928223
16.36212974,0.05,167059,55.52,163,1019,3964,0.0001,41739,2.650460958480835
16.497537729999998,0.05,167144,55.98,163,1020,3965,0.0001,41760,0.817493200302124
16.56165023,0.05,167178,56.02,163,1020,3966,0.0001,41769,2.5397939682006836
17.022079939999998,0.05,167237,56.27,163,1020,3967,0.0001,41784,0.5776079297065735
17.210997289999998,0.05,167322,56.81,163,1021,3968,0.0001,41805,3.3894474506378174
17.67014509,0.05,167407,56.81,163,1021,3969,0.0001,41826,3.183717727661133
17.66901393,0.05,167441,56.81,163,1021,3970,0.0001,41835,0.5609674453735352
17.57094099,0.05,167526,57.29,163,1022,3971,0.0001,41856,0.692994236946106
17.306178,0.05,167558,57.14,163,1022,3972,0.0001,41864,8.252022743225098
17.37488107,0.05,167606,57.18,163,1022,3973,0.0001,41876,0.5730860829353333
17.640050109999997,0.05,167691,57.18,163,1022,3974,0.0001,41897,3.0097906589508057
18.07623743,0.05,167776,57.67,163,1023,3975,0.0001,41918,3.6489555835723877
18.032814870000003,0.05,167861,58.17,163,1023,3976,0.0001,41940,3.2956807613372803
17.67812359,0.05,167893,57.64,163,1023,3977,0.0001,41948,4.971755027770996
17.789375019999998,0.05,167941,57.7,163,1024,3978,0.0001,41960,3.3108348846435547
17.384966919999997,0.05,167973,57.17,163,1024,3979,0.0001,41968,0.8559897541999817
18.41543889,0.05,168058,57.6,164,1024,3980,0.0001,41989,0.7598236203193665
18.86058731,0.05,168122,57.91,164,1025,3981,0.0001,42005,0.4969344437122345
19.77774222,0.05,168207,57.91,164,1025,3982,0.0001,42026,5.80770206451416
20.781916780000003,0.05,168292,58.42,164,1025,3983,0.0001,42047,3.216874122619629
20.681658210000002,0.05,168328,58.37,164,1025,3984,0.0001,42056,2.7390499114990234
20.71022391,0.05,168361,57.85,164,1026,3985,0.0001,42065,0.45017796754837036
20.300547229999996,0.05,168394,57.62,164,1026,3986,0.0001,42073,6.075241565704346
20.63768731,0.05,168445,57.82,164,1026,3987,0.0001,42086,2.769155979156494
20.51584382,0.05,168530,58.33,164,1027,3988,0.0001,42107,3.2806801795959473
20.9131947,0.05,168567,57.85,164,1027,3989,0.0001,42116,0.6448742151260376
20.5293686,0.05,168601,57.64,164,1027,3990,0.0001,42125,0.6269449591636658
19.34942709,0.05,168632,57.1,164,1027,3991,0.0001,42132,3.2914600372314453
19.05698998,0.05,168663,56.56,164,1027,3992,0.0001,42140,0.5156952142715454
18.7698728,0.05,168748,56.92,164,1028,3993,0.0001,42161,0.6986570358276367
18.51395531,0.05,168833,56.92,164,1028,3994,0.0001,42183,3.107649564743042
19.08466858,0.05,168918,57.43,164,1029,3995,0.0001,42204,0.4298684895038605
19.55816951,0.05,168987,57.69,164,1029,3996,0.0001,42221,2.9931435585021973
19.90459229,0.05,169072,58.09,164,1029,3997,0.0001,42242,3.2221391201019287
18.7423244,0.05,169157,58.09,164,1030,3998,0.0001,42264,6.113064765930176
18.38534303,0.05,169215,57.82,164,1030,3999,0.0001,42278,0.4050702750682831
17.482890729999998,0.05,169249,57.31,164,1030,4000,0.0001,42287,2.955544948577881
18.33443754,0.05,169334,57.84,164,1030,4001,0.0001,42308,3.5641605854034424
18.2062297,0.05,169372,57.77,164,1031,4002,0.0001,42317,0.4498039186000824
18.0941713,0.05,169412,57.32,164,1031,4003,0.0001,42327,3.2697718143463135
17.67084603,0.05,169497,57.32,164,1031,4004,0.0001,42349,3.2423624992370605
17.543048130000003,0.05,169532,56.82,164,1031,4005,0.0001,42357,3.3457963466644287
17.471503740000003,0.05,169579,56.44,164,1032,4006,0.0001,42369,6.060076713562012
17.41222648,0.05,169613,56.41,164,1032,4007,0.0001,42378,3.4347548484802246
17.43078194,0.05,169646,56.42,164,1032,4008,0.0001,42386,5.856268405914307
17.448526400000002,0.05,169679,56.43,164,1032,4009,0.0001,42394,0.553072452545166
17.93422468,0.05,169764,56.43,164,1033,4010,0.0001,42415,3.116111993789673
18.144450839999998,0.05,169849,56.81,164,1033,4011,0.0001,42437,0.4931824803352356
18.213870849999996,0.05,169885,56.85,164,1033,4012,0.0001,42446,5.6013288497924805
18.2399757,0.05,169970,56.85,164,1034,4013,0.0001,42467,8.63051986694336
18.703606109999996,0.05,170037,57.18,164,1034,4014,0.0001,42484,2.536564350128174
18.49356335,0.05,170068,56.64,164,1034,4015,0.0001,42491,0.6986456513404846
17.674528140000003,0.05,170099,56.1,164,1034,4016,0.0001,42499,0.7544856071472168
17.581309149999996,0.05,170131,55.57,164,1035,4017,0.0001,42507,0.6247559785842896
17.73983898,0.05,170216,56.09,164,1035,4018,0.0001,42528,0.5551055073738098
17.404434459999997,0.05,170248,55.56,164,1035,4019,0.0001,42536,0.8120755553245544
17.213779,0.05,170278,55.01,164,1035,4020,0.0001,42544,0.9000047445297241
17.12729731,0.05,170314,54.52,164,1036,4021,0.0001,42553,3.4612762928009033
16.7555573,0.05,170347,54.0,164,1036,4022,0.0001,42561,3.232537031173706
16.912252569999996,0.05,170392,54.08,164,1036,4023,0.0001,42572,0.5518655776977539
16.892500379999998,0.05,170429,54.07,164,1036,4024,0.0001,42582,3.7682790756225586
17.126531649999997,0.05,170514,54.51,164,1037,4025,0.0001,42603,0.9086201786994934
17.492843799999996,0.05,170565,54.67,164,1037,4026,0.0001,42616,3.2452359199523926
17.22660628,0.05,170650,55.17,164,1037,4027,0.0001,42637,2.7483773231506348
17.175059879999996,0.05,170684,55.14,164,1038,4028,0.0001,42645,3.3145956993103027
16.435415149999997,0.05,170717,54.83,164,1038,4029,0.0001,42654,3.5795984268188477
16.4120648,0.05,170749,54.82,164,1038,4030,0.0001,42662,5.375312805175781
16.416449869999997,0.05,170783,54.82,164,1038,4031,0.0001,42670,3.1720027923583984
16.07345213,0.05,170817,54.31,164,1038,4032,0.0001,42679,2.259150505065918
15.618404819999997,0.05,170849,54.01,164,1039,4033,0.0001,42687,0.6806744337081909
15.333261849999996,0.05,170891,53.6,164,1039,4034,0.0001,42697,3.7790050506591797
14.943488089999999,0.05,170928,53.35,164,1039,4035,0.0001,42706,5.354715347290039
15.2604317,0.05,170997,53.67,164,1039,4036,0.0001,42724,0.5967175364494324
15.063988259999997,0.05,171032,53.56,164,1040,4037,0.0001,42732,6.246431350708008
14.724118849999998,0.05,171065,53.35,164,1040,4038,0.0001,42741,0.5934215784072876
14.638260469999995,0.05,171107,53.3,164,1040,4039,0.0001,42751,0.5880868434906006
14.742972989999998,0.05,171143,53.36,164,1040,4040,0.0001,42760,2.7203428745269775
14.71209974,0.05,171178,53.35,164,1041,4041,0.0001,42769,0.6581754684448242
14.671919370000001,0.05,171209,53.33,164,1041,4042,0.0001,42777,0.4369446635246277
14.69326039,0.05,171243,53.34,164,1041,4043,0.0001,42785,3.6692287921905518
15.23024302,0.05,171305,53.63,164,1041,4044,0.0001,42801,0.620293378829956
15.21040705,0.05,171337,53.62,164,1042,4045,0.0001,42809,3.3054192066192627
15.26191443,0.05,171422,54.09,164,1042,4046,0.0001,42830,0.4276579022407532
15.326965440000002,0.05,171457,54.13,164,1042,4047,0.0001,42839,0.44676393270492554
15.331213599999998,0.05,171490,54.13,164,1042,4048,0.0001,42847,0.5507899522781372
15.22295864,0.05,171524,53.62,164,1043,4049,0.0001,42855,3.5873241424560547
15.665543699999999,0.05,171585,53.89,164,1043,4050,0.0001,42871,2.410156726837158
15.511049480000002,0.05,171621,53.81,164,1043,4051,0.0001,42880,3.4564359188079834
15.488841360000002,0.05,171655,53.3,164,1043,4052,0.0001,42888,3.6849865913391113
15.4532015,0.05,171687,53.28,164,1044,4053,0.0001,42896,2.420320987701416
15.421109060000001,0.05,171719,53.26,164,1044,4054,0.0001,42904,3.6650991439819336
15.122561169999999,0.05,171751,52.73,164,1044,4055,0.0001,42912,0.2785142958164215
14.962669659999996,0.05,171836,52.99,164,1044,4056,0.0001,42933,0.7644516229629517
15.025639069999997,0.05,171874,52.52,164,1045,4057,0.0001,42943,0.9300158619880676
14.857518730000002,0.05,171909,52.42,164,1045,4058,0.0001,42952,3.5305488109588623
14.59080674,0.05,171942,51.9,164,1045,4059,0.0001,42960,3.678292751312256
14.390905539999999,0.05,171979,51.8,164,1045,4060,0.0001,42969,6.440037727355957
14.31767411,0.05,172013,51.77,164,1046,4061,0.0001,42978,3.2408878803253174
14.585087399999999,0.05,172048,51.27,164,1046,4062,0.0001,42986,3.223609209060669
15.1754129,0.05,172133,51.27,164,1046,4063,0.0001,43008,2.316953659057617
14.789176000000003,0.05,172168,51.09,164,1046,4064,0.0001,43016,3.3360862731933594
14.591790910000004,0.05,172203,50.59,164,1047,4065,0.0001,43025,0.6316256523132324
14.587195300000001,0.05,172237,50.59,164,1047,4066,0.0001,43034,3.3642001152038574
14.153313840000001,0.05,172272,50.35,164,1047,4067,0.0001,43042,0.5016398429870605
14.074109029999999,0.05,172309,49.87,164,1047,4068,0.0001,43052,6.759965896606445
13.17072004,0.05,172351,49.44,164,1048,4069,0.0001,43062,5.379509925842285
13.267314260000001,0.05,172390,49.49,164,1048,4070,0.0001,43072,0.25399935245513916
13.3171745,0.05,172424,48.98,164,1048,4071,0.0001,43080,3.4318389892578125
13.35229422,0.05,172458,49.0,164,1048,4072,0.0001,43089,3.287431001663208
13.209011639999998,0.05,172498,48.92,164,1048,4073,0.0001,43099,1.0246963500976562
13.502230619999999,0.05,172583,48.92,164,1049,4074,0.0001,43120,3.2467188835144043
12.974346639999997,0.05,172614,48.38,164,1049,4075,0.0001,43128,3.5237135887145996
13.659452409999997,0.05,172699,48.38,164,1049,4076,0.0001,43149,0.8479202389717102
13.685225659999997,0.05,172733,48.4,164,1050,4077,0.0001,43158,6.141964435577393
13.503144279999997,0.05,172771,48.3,164,1050,4078,0.0001,43167,3.5458931922912598
14.572588679999997,0.05,172856,48.83,164,1050,4079,0.0001,43188,0.7449465990066528
13.379412,0.05,172889,48.31,164,1050,4080,0.0001,43197,6.436399936676025
12.93165082,0.05,172922,48.0,164,1051,4081,0.0001,43205,0.8663849234580994
11.761557880000003,0.05,172957,47.5,164,1051,4082,0.0001,43214,0.5796420574188232
10.776435580000003,0.05,172992,47.0,164,1051,4083,0.0001,43222,0.5030487179756165
10.738359490000002,0.05,173026,46.98,164,1051,4084,0.0001,43231,3.359761953353882
10.727097860000004,0.05,173059,46.98,164,1052,4085,0.0001,43239,3.077622652053833
10.811178010000003,0.05,173095,47.01,164,1052,4086,0.0001,43248,0.3972371816635132
10.47729776,0.05,173126,46.81,164,1052,4087,0.0001,43256,3.1435177326202393
10.605770260000002,0.05,173160,46.3,164,1052,4088,0.0001,43264,3.6031949520111084
10.52861656,0.05,173192,46.25,164,1052,4089,0.0001,43272,3.1889586448669434
11.01242811,0.05,173277,46.76,164,1053,4090,0.0001,43294,0.5075362920761108
12.054141270000002,0.05,173362,47.3,164,1053,4091,0.0001,43315,0.5788348317146301
12.885593080000003,0.05,173434,47.71,164,1053,4092,0.0001,43333,9.12118911743164
12.972745270000003,0.05,173471,47.23,164,1054,4093,0.0001,43342,0.7711755633354187
13.396679920000002,0.05,173556,47.23,164,1054,4094,0.0001,43363,3.1842684745788574
12.80308739,0.05,173589,46.71,164,1054,4095,0.0001,43372,0.8303812146186829
12.592234840000001,0.05,173648,46.61,164,1055,4096,0.0001,43386,3.1434402465820312
11.98493465,0.05,173681,46.09,164,1055,4097,0.0001,43395,0.4051074683666229
12.249217619999998,0.05,173716,45.59,164,1055,4098,0.0001,43403,3.318655014038086
11.86561162,0.05,173750,45.35,164,1055,4099,0.0001,43412,3.6306233406066895
11.85111718,0.05,173783,45.34,164,1055,4100,0.0001,43420,5.390953540802002
10.95646308,0.05,173813,44.79,164,1056,4101,0.0001,43428,0.6520790457725525
10.822955649999999,0.05,173843,44.71,164,1056,4102,0.0001,43435,0.6836406588554382
10.819627679999998,0.05,173928,45.16,164,1056,4103,0.0001,43456,4.987447738647461
11.149732389999999,0.05,173962,44.65,164,1057,4104,0.0001,43465,0.6184452176094055
11.261089790000002,0.05,174003,44.71,164,1057,4105,0.0001,43475,3.400238037109375
11.572144480000002,0.05,174088,45.09,164,1057,4106,0.0001,43496,0.7694860696792603
11.573996600000001,0.05,174122,45.09,164,1057,4107,0.0001,43505,0.7860780954360962
11.85064703,0.05,174170,45.24,164,1058,4108,0.0001,43517,3.169631242752075
11.831479049999999,0.05,174202,45.23,164,1058,4109,0.0001,43525,0.8753161430358887
10.57307898,0.05,174234,44.7,164,1058,4110,0.0001,43533,8.552349090576172
10.632281720000002,0.05,174294,44.45,164,1058,4111,0.0001,43548,3.474013090133667
10.951323020000002,0.05,174346,44.61,164,1059,4112,0.0001,43561,2.581735610961914
10.12678892,0.05,174378,44.08,164,1059,4113,0.0001,43569,0.9006472229957581
9.82576212,0.05,174421,43.84,164,1059,4114,0.0001,43580,3.261629581451416
10.124991979999999,0.05,174468,44.0,164,1059,4115,0.0001,43591,0.48589402437210083
10.176847989999997,0.05,174502,44.03,164,1060,4116,0.0001,43600,2.4212563037872314
10.201033189999999,0.05,174536,44.05,164,1060,4117,0.0001,43608,1.0308685302734375
10.022533489999999,0.05,174568,43.52,164,1060,4118,0.0001,43616,5.8681559562683105
10.035025569999998,0.05,174601,43.53,164,1060,4119,0.0001,43625,6.314745903015137
10.17045977,0.05,174639,43.61,164,1061,4120,0.0001,43634,0.6326096653938293
10.10102814,0.05,174672,43.58,164,1061,4121,0.0001,43642,0.7297389507293701
10.067334930000001,0.05,174703,43.56,164,1061,4122,0.0001,43650,5.510222911834717
10.01619329,0.05,174745,43.53,164,1061,4123,0.0001,43661,0.4295955002307892
9.887765309999999,0.05,174830,44.01,164,1062,4124,0.0001,43682,3.3294506072998047
10.374641809999998,0.05,174915,44.01,164,1062,4125,0.0001,43703,3.7133820056915283
10.00456045,0.05,174949,43.84,164,1062,4126,0.0001,43712,0.6990965604782104
10.3770541,0.05,174989,43.39,164,1062,4127,0.0001,43722,0.7039523720741272
10.359904020000002,0.05,175022,43.38,164,1063,4128,0.0001,43730,6.136555194854736
10.349795590000001,0.05,175054,43.37,164,1063,4129,0.0001,43738,3.271174907684326
10.9126385,0.05,175115,43.66,164,1063,4130,0.0001,43753,0.7676053643226624
10.930684079999999,0.05,175150,43.67,164,1063,4131,0.0001,43762,3.4517552852630615
11.24011254,0.05,175199,43.82,164,1064,4132,0.0001,43774,0.6114826202392578
11.23731962,0.05,175231,43.82,164,1064,4133,0.0001,43782,3.4097633361816406
11.05208023,0.05,175264,43.73,164,1064,4134,0.0001,43790,0.6505354046821594
10.979836819999997,0.05,175296,43.68,164,1064,4135,0.0001,43798,3.502502202987671
10.629373179999998,0.05,175331,43.34,164,1065,4136,0.0001,43807,3.06533145904541
10.565050509999997,0.05,175362,43.3,164,1065,4137,0.0001,43815,6.2855072021484375
10.540006469999998,0.05,175394,43.29,164,1065,4138,0.0001,43823,5.839112758636475
10.881450019999999,0.05,175454,43.47,164,1065,4139,0.0001,43838,3.2131433486938477
10.97966154,0.05,175496,43.53,164,1066,4140,0.0001,43848,3.2551441192626953
10.982794659999998,0.05,175531,43.53,164,1066,4141,0.0001,43857,3.1012330055236816
11.051391719999996,0.05,175566,43.57,164,1066,4142,0.0001,43866,0.35710668563842773
11.048025560000001,0.05,175600,43.57,164,1066,4143,0.0001,43874,5.060239791870117
10.577285449999998,0.05,175636,43.31,164,1066,4144,0.0001,43883,3.06675386428833
10.656109569999998,0.05,175672,43.35,164,1067,4145,0.0001,43892,0.7064437866210938
10.887991139999997,0.05,175729,43.07,164,1067,4146,0.0001,43907,0.7727253437042236
10.889516729999999,0.05,175764,43.07,164,1067,4147,0.0001,43915,3.5522403717041016
10.926019649999999,0.05,175799,43.09,164,1067,4148,0.0001,43924,0.9758237600326538
10.936768989999997,0.05,175834,43.1,164,1068,4149,0.0001,43933,1.0849093198776245
10.5284757,0.05,175870,42.85,164,1068,4150,0.0001,43942,0.44067075848579407
10.456818190000002,0.05,175902,42.81,164,1068,4151,0.0001,43950,6.344921112060547
10.432503230000002,0.05,175934,42.79,164,1068,4152,0.0001,43958,3.2740015983581543
10.39674524,0.05,175964,42.77,164,1069,4153,0.0001,43965,0.8905377984046936
10.676990190000001,0.05,176049,43.3,164,1069,4154,0.0001,43987,0.68498694896698
10.72462833,0.05,176084,43.33,164,1069,4155,0.0001,43995,3.4500837326049805
10.45563944,0.05,176117,42.81,164,1069,4156,0.0001,44004,3.1195180416107178
10.40738326,0.05,176153,42.79,164,1070,4157,0.0001,44013,8.433478355407715
10.767083719999999,0.05,176214,43.05,164,1070,4158,0.0001,44028,6.0350236892700195
11.00998608,0.05,176262,43.2,164,1070,4159,0.0001,44040,3.096151351928711
11.069448499999998,0.05,176302,43.23,164,1070,4160,0.0001,44050,0.6943455934524536
11.941202019999999,0.05,176381,43.68,164,1071,4161,0.0001,44070,0.7075281143188477
11.862497629999998,0.05,176412,43.64,164,1071,4162,0.0001,44077,3.4463109970092773
11.508880479999998,0.05,176453,43.2,164,1071,4163,0.0001,44088,0.48927009105682373
11.649016559999998,0.05,176495,43.27,164,1071,4164,0.0001,44098,0.49085909128189087
11.58974897,0.05,176527,43.24,164,1072,4165,0.0001,44106,6.108654975891113
11.85985653,0.05,176573,43.36,164,1072,4166,0.0001,44118,0.5327149629592896
11.84847362,0.05,176607,43.35,164,1072,4167,0.0001,44126,3.2049999237060547
11.76051802,0.05,176639,43.3,164,1072,4168,0.0001,44134,0.7090475559234619
11.568171000000001,0.05,176670,43.19,164,1073,4169,0.0001,44142,0.5325472354888916
11.702834719999998,0.05,176716,43.26,164,1073,4170,0.0001,44153,0.6599987745285034
11.736364779999999,0.05,176752,43.28,164,1073,4171,0.0001,44162,0.5752687454223633
11.97838759,0.05,176800,43.42,164,1073,4172,0.0001,44174,3.592862844467163
11.841322810000001,0.05,176832,43.34,164,1074,4173,0.0001,44182,3.19313907623291
11.76709711,0.05,176884,43.01,164,1074,4174,0.0001,44195,0.43245023488998413
11.85672673,0.05,176920,43.06,164,1074,4175,0.0001,44204,0.7109100222587585
11.183147379999998,0.05,176953,42.54,164,1074,4176,0.0001,44213,3.5339345932006836
11.196774889999999,0.05,176987,42.54,164,1074,4177,0.0001,44221,11.163061141967773
11.137501989999999,0.05,177072,43.01,164,1075,4178,0.0001,44242,2.754246473312378
10.290935229999997,0.05,177116,42.6,164,1075,4179,0.0001,44253,0.4459317922592163
10.740677449999998,0.05,177178,42.89,164,1075,4180,0.0001,44269,0.5698950290679932
10.691561199999999,0.05,177208,42.86,164,1076,4181,0.0001,44276,5.534384727478027
10.928208249999997,0.05,177254,42.97,164,1076,4182,0.0001,44288,0.6171111464500427
10.987223649999999,0.05,177292,43.0,164,1076,4183,0.0001,44297,2.5488200187683105
11.42903276,0.05,177355,43.29,164,1076,4184,0.0001,44313,3.4228711128234863
11.758418009999998,0.05,177407,43.48,164,1077,4185,0.0001,44326,0.5283852219581604
11.969551979999997,0.05,177455,43.6,164,1077,4186,0.0001,44338,3.519709825515747
12.015978619999999,0.05,177489,43.63,164,1077,4187,0.0001,44347,0.7802791595458984
12.464524339999999,0.05,177574,44.14,164,1078,4188,0.0001,44368,3.435291051864624
12.499955609999999,0.05,177609,44.17,164,1078,4189,0.0001,44377,6.135889530181885
12.234791599999996,0.05,177654,43.77,164,1078,4190,0.0001,44388,0.5436593294143677
11.286323989999998,0.05,177690,43.28,164,1078,4191,0.0001,44397,3.148958206176758
10.5200272,0.05,177725,42.91,164,1079,4192,0.0001,44406,3.1017704010009766
10.40854678,0.05,177757,42.86,164,1079,4193,0.0001,44414,6.385953903198242
10.040304769999999,0.05,177799,42.43,164,1079,4194,0.0001,44424,0.45047613978385925
10.05273309,0.05,177832,42.43,164,1079,4195,0.0001,44432,4.844720363616943
9.684678550000001,0.05,177869,42.21,164,1079,4196,0.0001,44442,3.338070869445801
9.703520099999999,0.05,177903,42.22,164,1080,4197,0.0001,44450,0.7251452207565308
9.96095827,0.05,177953,42.37,164,1080,4198,0.0001,44463,0.37651729583740234
11.029132910000001,0.05,178038,42.88,164,1080,4199,0.0001,44484,0.48453617095947266
11.2394846,0.05,178083,43.0,164,1081,4200,0.0001,44495,0.6321353316307068
11.355645849999998,0.05,178119,43.06,164,1081,4201,0.0001,44504,0.7050789594650269
11.450089559999999,0.05,178155,43.12,164,1081,4202,0.0001,44513,3.3149750232696533
11.43533321,0.05,178194,42.66,164,1081,4203,0.0001,44523,0.6786919236183167
11.68131199,0.05,178242,42.8,164,1081,4204,0.0001,44535,3.2922542095184326
11.627322239999998,0.05,178280,42.77,164,1082,4205,0.0001,44544,5.318382263183594
11.087625379999999,0.05,178314,42.26,164,1082,4206,0.0001,44553,3.0772061347961426
11.36995314,0.05,178364,42.42,164,1082,4207,0.0001,44565,0.7027391791343689
11.931091720000001,0.05,178449,42.79,164,1083,4208,0.0001,44587,0.6456513404846191
12.021701720000001,0.05,178486,42.84,164,1083,4209,0.0001,44596,0.8699877262115479
12.02173509,0.05,178518,42.84,164,1083,4210,0.0001,44604,0.5211870074272156
11.504276319999999,0.05,178550,42.56,164,1083,4211,0.0001,44612,5.175173282623291
11.14479572,0.05,178584,42.38,164,1083,4212,0.0001,44620,0.4688352942466736
11.20136518,0.05,178620,42.42,164,1084,4213,0.0001,44629,3.3842368125915527
11.09421881,0.05,178657,42.36,164,1084,4214,0.0001,44639,0.514342188835144
11.00293811,0.05,178698,42.3,164,1084,4215,0.0001,44649,0.677605390548706
11.109186509999999,0.05,178738,42.36,164,1084,4216,0.0001,44659,3.9037647247314453
11.24290243,0.05,178779,42.43,164,1085,4217,0.0001,44669,0.5847742557525635
12.04568975,0.05,178864,42.96,164,1085,4218,0.0001,44690,1.1930053234100342
12.078234740000001,0.05,178899,42.98,164,1085,4219,0.0001,44699,3.204850435256958
12.389829319999999,0.05,178958,43.19,164,1086,4220,0.0001,44714,0.5749257802963257
12.39623607,0.05,178991,43.19,164,1086,4221,0.0001,44722,5.278909683227539
12.855463059999998,0.05,179047,43.44,164,1086,4222,0.0001,44736,9.21087646484375
12.73679169,0.05,179083,43.38,164,1086,4223,0.0001,44745,2.5687007904052734
12.797096619999998,0.05,179116,42.86,164,1086,4224,0.0001,44753,3.2054901123046875
12.112677899999996,0.05,179158,42.43,164,1087,4225,0.0001,44764,3.4426701068878174
12.296124279999997,0.05,179203,42.54,164,1087,4226,0.0001,44775,8.101578712463379
12.202518259999998,0.05,179239,42.5,164,1087,4227,0.0001,44784,0.553513765335083
12.562339019999998,0.05,179292,42.7,164,1087,4228,0.0001,44797,0.6611518859863281
12.536087249999998,0.05,179323,42.69,164,1088,4229,0.0001,44805,6.190482139587402
13.087775099999998,0.05,179408,42.93,164,1088,4230,0.0001,44826,0.7457308173179626
13.131881309999999,0.05,179445,42.95,164,1088,4231,0.0001,44836,0.16347414255142212
12.91512076,0.05,179484,42.85,164,1088,4232,0.0001,44845,0.3061930537223816
12.95921097,0.05,179519,42.88,164,1089,4233,0.0001,44854,0.456368625164032
13.00753158,0.05,179555,42.91,164,1089,4234,0.0001,44863,8.277276992797852
13.20835059,0.05,179640,43.44,164,1089,4235,0.0001,44884,3.0926201343536377
13.237128990000004,0.05,179677,43.46,164,1090,4236,0.0001,44894,7.970822334289551
13.67269447,0.05,179742,43.8,164,1090,4237,0.0001,44910,0.2925432026386261
13.742984900000002,0.05,179778,43.84,164,1090,4238,0.0001,44919,0.7889580726623535
13.30143555,0.05,179815,43.61,164,1090,4239,0.0001,44928,6.317138671875
13.738238030000002,0.05,179892,43.96,164,1091,4240,0.0001,44947,0.4689282774925232
14.00701164,0.05,179977,44.46,164,1091,4241,0.0001,44969,0.45336413383483887
14.468189970000001,0.05,180038,44.72,164,1091,4242,0.0001,44984,6.2989277839660645
14.41137011,0.05,180123,45.23,164,1092,4243,0.0001,45005,0.6127676963806152
14.418854580000001,0.05,180160,45.24,164,1092,4244,0.0001,45014,0.788093090057373
15.49274669,0.05,180245,45.73,164,1092,4245,0.0001,45036,3.0821356773376465
14.99953602,0.05,180330,46.01,164,1093,4246,0.0001,45057,0.9773217439651489
15.604578940000001,0.05,180415,46.51,164,1093,4247,0.0001,45078,6.2683515548706055
15.941222540000002,0.05,180468,46.69,164,1093,4248,0.0001,45091,0.8876082897186279
15.847794040000004,0.05,180498,46.64,164,1093,4249,0.0001,45099,2.7048499584198
15.588959200000001,0.05,180583,47.13,165,1094,4250,0.0001,45120,0.8119831681251526
16.72186647,0.05,180668,47.66,165,1094,4251,0.0001,45141,0.7110034823417664
16.73418307,0.05,180701,47.67,165,1094,4252,0.0001,45150,2.550015926361084
16.70097836,0.05,180786,48.22,165,1095,4253,0.0001,45171,0.7440311312675476
17.278320349999998,0.05,180870,48.21,165,1095,4254,0.0001,45192,0.6699862480163574
17.52130973,0.05,180918,48.34,165,1095,4255,0.0001,45204,0.5616798400878906
17.53979178,0.05,180952,48.35,165,1096,4256,0.0001,45212,10.961944580078125
17.95911757,0.05,181017,48.64,165,1096,4257,0.0001,45229,3.422361373901367
17.95978772,0.05,181070,48.56,165,1096,4258,0.0001,45242,3.365879535675049
17.94491686,0.05,181116,48.54,165,1097,4259,0.0001,45253,0.6778045892715454
18.371015800000006,0.05,181201,48.99,165,1097,4260,0.0001,45275,3.2867627143859863
17.565387180000002,0.05,181286,49.05,165,1097,4261,0.0001,45296,3.5540521144866943
18.00195644,0.05,181352,49.4,165,1098,4262,0.0001,45312,0.48104000091552734
18.045812400000003,0.05,181396,49.43,165,1098,4263,0.0001,45323,5.578441143035889
17.96368054,0.05,181434,49.39,165,1098,4264,0.0001,45333,0.6710683107376099
18.0885746,0.05,181472,49.45,165,1098,4265,0.0001,45342,6.175273895263672
17.86942281,0.05,181509,49.36,165,1099,4266,0.0001,45352,0.7132144570350647
18.353734749999997,0.05,181594,49.87,165,1099,4267,0.0001,45373,0.5706908702850342
18.87579849,0.05,181679,50.4,165,1099,4268,0.0001,45394,0.9853581786155701
19.20225093,0.05,181727,50.57,165,1100,4269,0.0001,45406,0.7577746510505676
19.17250748,0.05,181812,50.96,165,1100,4270,0.0001,45427,3.488182544708252
19.63340064,0.05,181868,51.16,165,1100,4271,0.0001,45441,3.8442506790161133
19.47642138,0.05,181953,51.53,165,1101,4272,0.0001,45463,3.3842849731445312
19.547695410000003,0.05,181989,51.57,165,1101,4273,0.0001,45472,3.509040594100952
18.903009320000002,0.05,182074,51.9,165,1101,4274,0.0001,45493,0.42513078451156616
19.74704504,0.05,182159,52.39,165,1101,4275,0.0001,45514,4.147658348083496
20.01824844,0.05,182244,52.91,165,1102,4276,0.0001,45535,0.4218439757823944
20.077784620000003,0.05,182281,52.94,165,1102,4277,0.0001,45545,0.7243719100952148
20.17638677,0.05,182366,52.94,165,1103,4278,0.0001,45566,3.121666193008423
20.504405290000005,0.05,182430,53.14,165,1103,4279,0.0001,45582,0.7121983766555786
20.207465000000003,0.05,182515,53.37,165,1103,4280,0.0001,45603,3.27407169342041
20.6540497,0.05,182580,53.72,165,1104,4281,0.0001,45619,3.633366107940674
20.58591354,0.05,182624,53.7,165,1104,4282,0.0001,45630,0.5265229940414429
20.22073711,0.05,182709,54.17,165,1104,4283,0.0001,45652,3.13448429107666
19.898702800000002,0.05,182749,53.94,165,1104,4284,0.0001,45662,0.4917524456977844
19.559348680000003,0.05,182781,53.74,165,1105,4285,0.0001,45670,3.25630259513855
19.57834068,0.05,182866,54.11,165,1105,4286,0.0001,45691,5.940267562866211
19.635764650000002,0.05,182951,54.62,165,1105,4287,0.0001,45712,3.264716148376465
19.045028820000002,0.05,183036,54.62,165,1106,4288,0.0001,45733,0.8818562030792236
19.02137403,0.05,183121,55.12,165,1106,4289,0.0001,45755,0.5149995684623718
18.84703827,0.05,183206,55.52,165,1107,4290,0.0001,45776,3.4964232444763184
19.319785890000002,0.05,183280,55.9,165,1107,4291,0.0001,45794,0.5081387758255005
19.32890455,0.05,183365,56.4,165,1108,4292,0.0001,45816,0.5194153189659119
19.483943609999997,0.05,183450,56.93,165,1108,4293,0.0001,45837,3.113276481628418
19.30190463,0.05,183535,57.36,165,1108,4294,0.0001,45858,2.320286989212036
20.02798542,0.05,183615,57.83,165,1109,4295,0.0001,45878,2.5485501289367676
20.398789490000002,0.05,183692,58.23,165,1109,4296,0.0001,45897,3.2604830265045166
20.682512350000003,0.05,183777,58.74,165,1109,4297,0.0001,45919,3.2566044330596924
20.511268740000002,0.05,183862,59.09,165,1110,4298,0.0001,45940,3.3109185695648193
20.05347252,0.05,183947,59.09,165,1110,4299,0.0001,45961,6.164425373077393
19.972385360000004,0.05,184032,59.49,165,1110,4300,0.0001,45982,5.741816520690918
19.85860585,0.05,184117,59.98,165,1111,4301,0.0001,46004,0.6641619205474854
19.689799830000005,0.05,184202,60.47,165,1111,4302,0.0001,46025,0.7727689743041992
19.99264295,0.05,184287,60.93,165,1112,4303,0.0001,46046,5.256315231323242
19.84000145,0.05,184326,60.84,165,1112,4304,0.0001,46056,5.995074272155762
19.5166337,0.05,184411,61.31,165,1112,4305,0.0001,46077,0.714043140411377
19.476387149999997,0.05,184496,61.82,165,1113,4306,0.0001,46098,0.5605561137199402
19.27383833,0.05,184534,61.7,165,1113,4307,0.0001,46108,3.1594793796539307
18.475893910000003,0.05,184569,61.2,165,1113,4308,0.0001,46117,3.356436014175415
18.67399027,0.05,184654,61.68,165,1113,4309,0.0001,46138,9.180482864379883
18.703087580000002,0.05,184739,62.21,165,1114,4310,0.0001,46159,0.35367462038993835
19.32651726,0.05,184804,62.54,165,1114,4311,0.0001,46175,2.9165568351745605
19.60024442,0.05,184854,62.7,165,1114,4312,0.0001,46188,3.3916380405426025
19.710239199999997,0.05,184939,63.19,165,1115,4313,0.0001,46209,0.47145479917526245
20.720831819999997,0.05,185024,63.67,165,1115,4314,0.0001,46230,0.4906412363052368
20.771061340000003,0.05,185109,64.11,165,1115,4315,0.0001,46252,0.3951166868209839
21.078803859999997,0.05,185194,64.56,165,1116,4316,0.0001,46273,6.320090293884277
21.034321529999996,0.05,185279,65.0,165,1116,4317,0.0001,46294,3.411341428756714
20.23356964,0.05,185364,65.0,165,1116,4318,0.0001,46315,0.4744468927383423
20.476295630000003,0.05,185449,65.5,165,1117,4319,0.0001,46337,0.8821145296096802
20.10979196,0.05,185484,65.26,165,1117,4320,0.0001,46345,0.9411957263946533
20.293002960000003,0.05,185528,65.37,165,1117,4321,0.0001,46356,3.3589730262756348
20.70809229,0.05,185613,65.66,166,1118,4322,0.0001,46378,0.5600718259811401
20.49952534,0.05,185698,66.15,166,1118,4323,0.0001,46399,6.121861934661865
20.52469914,0.05,185783,66.67,166,1118,4324,0.0001,46420,0.3783528804779053
20.523121949999997,0.05,185868,67.1,166,1119,4325,0.0001,46441,0.9946103692054749
20.723348859999998,0.05,185921,67.18,166,1119,4326,0.0001,46455,3.292330026626587
20.57061718,0.05,186006,67.67,166,1119,4327,0.0001,46476,6.331023216247559
20.09945162,0.05,186091,67.99,166,1120,4328,0.0001,46497,0.43501004576683044
20.16636574,0.05,186176,68.53,166,1120,4329,0.0001,46518,3.4081168174743652
18.877576930000004,0.05,186261,68.53,166,1120,4330,0.0001,46540,0.5042253732681274
19.51298992,0.05,186342,68.97,166,1121,4331,0.0001,46560,3.2845091819763184
19.83835143,0.05,186410,69.26,166,1121,4332,0.0001,46577,3.1703951358795166
19.852655159999998,0.05,186495,69.76,166,1121,4333,0.0001,46598,3.069270610809326
20.62686444,0.05,186580,70.25,166,1122,4334,0.0001,46619,5.592401504516602
20.48115708,0.05,186616,69.76,166,1122,4335,0.0001,46628,6.290212154388428
20.60982013,0.05,186701,70.24,166,1122,4336,0.0001,46650,3.370976686477661
20.20111144,0.05,186786,70.44,166,1123,4337,0.0001,46671,6.030162334442139
20.19914975,0.05,186822,70.44,166,1123,4338,0.0001,46680,0.708014726638794
20.395315479999997,0.05,186907,70.92,166,1123,4339,0.0001,46701,0.6529176235198975
20.24747042,0.05,186966,70.74,166,1124,4340,0.0001,46716,0.9566820859909058
20.016419019999997,0.05,187051,70.74,166,1124,4341,0.0001,46737,0.9153844118118286
19.5457468,0.05,187085,70.47,166,1124,4342,0.0001,46746,0.5951350927352905
20.245282369999998,0.05,187170,70.47,166,1125,4343,0.0001,46767,3.611990451812744
21.22985264,0.05,187255,70.95,166,1125,4344,0.0001,46788,2.7890946865081787
19.917329849999998,0.05,187340,70.95,166,1125,4345,0.0001,46809,0.9774150252342224
19.77801524,0.05,187425,70.95,166,1126,4346,0.0001,46831,0.9313939809799194
19.07935293,0.05,187510,70.95,166,1126,4347,0.0001,46852,2.704336166381836
19.282497099999997,0.05,187568,71.0,166,1126,4348,0.0001,46866,0.2443636804819107
19.782153579999996,0.05,187628,71.3,166,1126,4349,0.0001,46881,3.389007329940796
20.03363838,0.05,187713,71.3,166,1127,4350,0.0001,46903,3.231482744216919
18.96209064,0.05,187798,71.3,166,1127,4351,0.0001,46924,6.016786098480225
19.534807070000003,0.05,187883,71.82,166,1127,4352,0.0001,46945,0.7947927713394165
19.4974329,0.05,187968,71.82,166,1128,4353,0.0001,46966,0.5538735389709473
18.93277144,0.05,188017,71.47,166,1128,4354,0.0001,46979,3.3025686740875244
18.486774820000004,0.05,188102,71.84,166,1128,4355,0.0001,47000,3.4037790298461914
18.18965154,0.05,188187,72.35,166,1129,4356,0.0001,47021,8.522092819213867
18.36711819,0.05,188272,72.55,166,1129,4357,0.0001,47042,0.45142313838005066
17.98045466,0.05,188357,72.87,166,1130,4358,0.0001,47064,0.3831520080566406
17.558575540000003,0.05,188442,73.26,166,1130,4359,0.0001,47085,6.250262260437012
17.07670523,0.05,188527,73.26,166,1130,4360,0.0001,47106,0.40485501289367676
17.06743974,0.05,188564,72.78,166,1130,4361,0.0001,47115,3.0829696655273438
17.40566726,0.05,188649,72.97,166,1131,4362,0.0001,47137,3.3186798095703125
17.376092689999997,0.05,188734,73.38,166,1131,4363,0.0001,47158,0.9234428405761719
17.199993529999997,0.05,188819,73.85,166,1131,4364,0.0001,47179,0.566397488117218
17.526194009999998,0.05,188877,74.05,166,1132,4365,0.0001,47194,6.190850257873535
17.636028569999997,0.05,188920,74.11,166,1132,4366,0.0001,47204,3.3251185417175293
16.99645212,0.05,189005,74.11,166,1132,4367,0.0001,47226,0.3505895137786865
17.39978405,0.05,189090,74.11,166,1133,4368,0.0001,47247,3.5174267292022705
17.9461137,0.05,189162,74.35,166,1133,4369,0.0001,47265,3.515406608581543
18.168861139999997,0.05,189226,74.14,166,1133,4370,0.0001,47281,0.31896525621414185
17.79217404,0.05,189311,74.43,166,1134,4371,0.0001,47302,0.4045768976211548
18.053337049999996,0.05,189363,74.1,166,1134,4372,0.0001,47315,5.115257263183594
17.709675700000002,0.05,189448,74.59,166,1134,4373,0.0001,47336,0.519138514995575
18.22461247,0.05,189533,74.59,166,1135,4374,0.0001,47358,3.2610185146331787
17.42943701,0.05,189618,74.59,166,1135,4375,0.0001,47379,0.5000419616699219
17.56566004,0.05,189699,74.55,166,1135,4376,0.0001,47399,8.654035568237305
18.18808409,0.05,189784,75.03,167,1136,4377,0.0001,47420,2.7296226024627686
18.05718362,0.05,189869,75.03,167,1136,4378,0.0001,47442,6.135601997375488
17.6012749,0.05,189954,75.24,167,1137,4379,0.0001,47463,0.5337482690811157
17.45513754,0.05,190039,75.24,167,1137,4380,0.0001,47484,0.9025683403015137
17.503871760000003,0.05,190095,75.15,167,1137,4381,0.0001,47498,6.172428131103516
17.657822059999997,0.05,190148,75.24,167,1137,4382,0.0001,47511,3.748823881149292
18.02655879,0.05,190233,75.24,167,1138,4383,0.0001,47533,5.069302082061768
18.27814888,0.05,190293,75.44,167,1138,4384,0.0001,47548,0.8952096700668335
18.91928661,0.05,190373,75.92,167,1138,4385,0.0001,47568,5.3140363693237305
18.781886629999995,0.05,190458,75.92,167,1139,4386,0.0001,47589,3.280869483947754
18.883902239999994,0.05,190543,75.92,167,1139,4387,0.0001,47610,3.3253962993621826
19.061204649999997,0.05,190628,75.92,167,1140,4388,0.0001,47631,0.47271615266799927
19.0553732,0.05,190713,75.92,167,1140,4389,0.0001,47653,3.490783214569092
19.360855779999998,0.05,190798,75.92,167,1140,4390,0.0001,47674,6.467247009277344
19.255762379999997,0.05,190880,76.0,167,1141,4391,0.0001,47694,3.0890369415283203
19.341612310000002,0.05,190965,76.0,167,1141,4392,0.0001,47716,4.955273628234863
19.538533960000002,0.05,191050,76.0,167,1141,4393,0.0001,47737,3.2148277759552
19.79504832,0.05,191135,76.0,167,1142,4394,0.0001,47758,0.6147823333740234
19.19650705,0.05,191175,75.6,167,1142,4395,0.0001,47768,0.3854667544364929
19.31501013,0.05,191260,75.68,167,1142,4396,0.0001,47789,3.6124885082244873
19.569307350000003,0.05,191345,75.68,167,1143,4397,0.0001,47811,3.242755651473999
19.29082305,0.05,191430,75.68,167,1143,4398,0.0001,47832,6.16274356842041
19.07140915,0.05,191515,75.68,167,1143,4399,0.0001,47853,5.286128997802734
18.76797078,0.05,191600,75.68,167,1144,4400,0.0001,47874,3.25238037109375
18.98549543,0.05,191685,75.68,167,1144,4401,0.0001,47896,3.3518412113189697
18.8958752,0.05,191770,75.68,167,1145,4402,0.0001,47917,3.233915328979492
18.521899949999998,0.05,191855,75.68,167,1145,4403,0.0001,47938,3.5345211029052734
18.45433626,0.05,191891,75.65,167,1145,4404,0.0001,47947,0.8691014647483826
19.29072035,0.05,191976,75.65,167,1146,4405,0.0001,47968,3.459960460662842
19.350899019999996,0.05,192061,75.65,167,1146,4406,0.0001,47990,0.9504825472831726
19.31532987,0.05,192146,76.12,167,1146,4407,0.0001,48011,0.33399826288223267
19.57814632,0.05,192231,76.62,167,1147,4408,0.0001,48032,2.2580695152282715
19.128988899999996,0.05,192316,76.62,167,1147,4409,0.0001,48053,3.331892728805542
19.864685119999997,0.05,192401,76.62,167,1147,4410,0.0001,48075,0.36701488494873047
19.657523999999995,0.05,192486,76.82,167,1148,4411,0.0001,48096,0.44982537627220154
19.80366914,0.05,192571,77.17,167,1148,4412,0.0001,48117,2.5123355388641357
19.686426800000003,0.05,192656,77.17,167,1148,4413,0.0001,48138,3.4073193073272705
18.63774095,0.05,192691,76.67,167,1149,4414,0.0001,48147,0.5073018074035645
18.79999142,0.05,192776,76.67,167,1149,4415,0.0001,48168,3.4957053661346436
18.897473750000003,0.05,192843,76.49,167,1149,4416,0.0001,48185,2.4920055866241455
18.957661090000002,0.05,192928,76.49,167,1150,4417,0.0001,48206,0.7267528176307678
19.72343824,0.05,192995,76.31,167,1150,4418,0.0001,48223,0.3132949471473694
19.52698558,0.05,193080,76.31,167,1150,4419,0.0001,48244,3.1945858001708984
19.339068159999997,0.05,193165,76.81,167,1151,4420,0.0001,48266,0.6702145338058472
19.53845079,0.05,193221,76.93,167,1151,4421,0.0001,48280,0.32409238815307617
18.76927284,0.05,193306,76.93,167,1151,4422,0.0001,48301,3.078516960144043
19.00297886,0.05,193391,76.93,167,1152,4423,0.0001,48322,0.5085341334342957
19.473002689999998,0.05,193453,76.7,167,1152,4424,0.0001,48338,0.28905248641967773
19.29773046,0.05,193486,76.18,167,1152,4425,0.0001,48346,0.49034613370895386
19.086522640000002,0.05,193530,76.09,167,1153,4426,0.0001,48357,3.2470040321350098
19.320611510000003,0.05,193570,75.64,167,1153,4427,0.0001,48367,5.973696231842041
19.76113261,0.05,193655,75.64,167,1153,4428,0.0001,48388,0.3212466239929199
20.074512040000002,0.05,193705,75.29,167,1153,4429,0.0001,48401,11.869650840759277
20.42823967,0.05,193790,75.29,167,1154,4430,0.0001,48422,0.3998687267303467
19.75085628,0.05,193875,75.33,167,1154,4431,0.0001,48443,4.949494361877441
19.168264640000004,0.05,193960,75.5,167,1155,4432,0.0001,48464,6.279269695281982
19.60023077,0.05,194020,75.25,167,1155,4433,0.0001,48479,0.8041835427284241
18.61168136,0.05,194105,75.25,167,1155,4434,0.0001,48501,0.4500678777694702
19.294831900000002,0.05,194190,75.74,167,1156,4435,0.0001,48522,0.4971781373023987
19.41775949,0.05,194242,75.41,167,1156,4436,0.0001,48535,0.4169669449329376
19.55020965,0.05,194282,74.96,167,1156,4437,0.0001,48545,3.2077322006225586
19.83760843,0.05,194334,75.12,167,1156,4438,0.0001,48558,3.3202247619628906
20.44234297,0.05,194419,75.12,167,1157,4439,0.0001,48579,3.208935022354126
19.874397180000003,0.05,194504,75.38,168,1157,4440,0.0001,48600,3.569366455078125
19.911523219999996,0.05,194589,75.38,168,1157,4441,0.0001,48622,0.5749525427818298
19.92481879,0.05,194624,75.39,168,1158,4442,0.0001,48630,3.1112518310546875
19.631825629999998,0.05,194709,75.39,168,1158,4443,0.0001,48652,6.3562092781066895
18.74534821,0.05,194794,75.39,168,1158,4444,0.0001,48673,0.5628911256790161
19.764240360000002,0.05,194879,75.39,168,1159,4445,0.0001,48694,0.5233266949653625
20.136480199999998,0.05,194964,75.39,168,1159,4446,0.0001,48715,0.5217231512069702
20.24258005,0.05,195049,75.39,168,1160,4447,0.0001,48737,3.5313100814819336
20.249367699999997,0.05,195113,75.45,168,1160,4448,0.0001,48753,0.26051652431488037
20.758215730000003,0.05,195198,75.7,168,1160,4449,0.0001,48774,2.8153107166290283
21.046738130000005,0.05,195247,75.34,168,1161,4450,0.0001,48786,0.4897596538066864
21.57605334,0.05,195332,75.34,168,1161,4451,0.0001,48807,5.427703857421875
21.291939739999997,0.05,195381,74.98,168,1161,4452,0.0001,48820,0.3930164575576782
21.517805189999994,0.05,195466,74.98,168,1162,4453,0.0001,48841,0.7066867351531982
21.26221236,0.05,195551,75.34,168,1162,4454,0.0001,48862,3.3234033584594727
21.937674219999998,0.05,195636,75.34,168,1162,4455,0.0001,48883,3.0931169986724854
22.157425999999997,0.05,195721,75.34,168,1163,4456,0.0001,48905,2.3489155769348145
21.919701929999995,0.05,195787,75.15,168,1163,4457,0.0001,48921,0.4398375451564789
21.93239659,0.05,195872,75.15,168,1163,4458,0.0001,48942,0.36466142535209656
22.14275085,0.05,195957,75.15,168,1164,4459,0.0001,48964,0.4405514597892761
22.42135208,0.05,196010,74.83,168,1164,4460,0.0001,48977,3.576634407043457
22.440860819999994,0.05,196095,75.31,168,1164,4461,0.0001,48998,6.154284954071045
21.672978859999997,0.05,196180,75.31,168,1165,4462,0.0001,49019,3.5593273639678955
21.70468139,0.05,196223,74.89,168,1165,4463,0.0001,49030,2.4065237045288086
22.08218275,0.05,196272,74.53,168,1165,4464,0.0001,49042,0.25828421115875244
21.73014603,0.05,196309,74.32,168,1165,4465,0.0001,49052,2.755831241607666
21.658911699999997,0.05,196394,74.74,168,1166,4466,0.0001,49073,3.129441261291504
21.953573079999998,0.05,196436,74.31,168,1166,4467,0.0001,49083,6.4791107177734375
20.65010856,0.05,196521,74.31,168,1166,4468,0.0001,49105,3.229935646057129
19.809397259999997,0.05,196606,74.44,168,1166,4469,0.0001,49126,2.8338422775268555
19.77350404,0.05,196671,74.45,168,1167,4470,0.0001,49142,0.41304874420166016
20.02605097,0.05,196734,74.23,168,1167,4471,0.0001,49158,0.500515341758728
19.55205575,0.05,196819,74.56,168,1167,4472,0.0001,49179,11.278119087219238
19.99188577,0.05,196904,74.56,168,1168,4473,0.0001,49200,3.6330528259277344
20.129942240000002,0.05,196989,74.56,168,1168,4474,0.0001,49222,0.5539138913154602
19.899413600000003,0.05,197074,74.56,168,1168,4475,0.0001,49243,0.961891770362854
19.61288811,0.05,197159,74.6,168,1169,4476,0.0001,49264,0.420789897441864
18.81333981,0.05,197244,74.6,168,1169,4477,0.0001,49285,0.2659858167171478
19.03575092,0.05,197329,74.6,168,1169,4478,0.0001,49307,0.6325539946556091
19.20906792,0.05,197414,74.6,168,1170,4479,0.0001,49328,3.442582130432129
19.35786803,0.05,197456,74.17,168,1170,4480,0.0001,49338,0.5559545159339905
19.024314249999996,0.05,197494,73.99,168,1170,4481,0.0001,49348,3.343822479248047
18.87348292,0.05,197579,74.31,168,1171,4482,0.0001,49369,3.1954474449157715
18.80392609,0.05,197614,73.81,168,1171,4483,0.0001,49378,2.5286927223205566
18.89864994,0.05,197670,73.77,168,1171,4484,0.0001,49392,3.4558980464935303
18.372591800000002,0.05,197709,73.36,168,1171,4485,0.0001,49402,2.3715367317199707
18.68689274,0.05,197772,73.14,168,1172,4486,0.0001,49417,3.1916542053222656
19.443076740000002,0.05,197856,73.13,168,1172,4487,0.0001,49438,2.7592015266418457
19.29521828,0.05,197941,73.13,168,1172,4488,0.0001,49460,0.3388698101043701
19.14786316,0.05,198026,73.13,168,1173,4489,0.0001,49481,0.35173821449279785
19.033078770000003,0.05,198111,73.13,168,1173,4490,0.0001,49502,0.45164889097213745
19.364038779999998,0.05,198196,73.16,168,1173,4491,0.0001,49523,2.306488513946533
20.387889549999997,0.05,198281,73.16,168,1174,4492,0.0001,49545,3.1520164012908936
20.546886780000005,0.05,198366,73.16,168,1174,4493,0.0001,49566,6.14835786819458
20.41691201,0.05,198451,73.16,168,1175,4494,0.0001,49587,0.468641996383667
20.24204827,0.05,198536,73.61,168,1175,4495,0.0001,49608,2.7843620777130127
19.730507420000002,0.05,198572,73.12,168,1175,4496,0.0001,49617,0.39623114466667175
19.24545725,0.05,198609,72.64,168,1175,4497,0.0001,49627,0.44241273403167725
19.73162567,0.05,198662,72.32,168,1176,4498,0.0001,49640,0.517589807510376
19.39968233,0.05,198747,72.32,168,1176,4499,0.0001,49661,3.180201768875122
19.789530950000003,0.05,198791,71.91,168,1176,4500,0.0001,49672,0.6779966354370117
19.88857482,0.05,198840,71.55,168,1176,4501,0.0001,49684,3.1452622413635254
21.34066648,0.05,198925,71.55,168,1177,4502,0.0001,49706,0.9273034334182739
21.67893865,0.05,199010,71.55,168,1177,4503,0.0001,49727,3.312016487121582
21.837125970000002,0.05,199054,71.63,168,1177,4504,0.0001,49738,0.3890886902809143
21.60140007,0.05,199139,71.63,168,1178,4505,0.0001,49759,5.301698684692383
21.980385240000004,0.05,199197,71.36,169,1178,4506,0.0001,49774,6.351821422576904
22.434286039999996,0.05,199265,71.19,169,1178,4507,0.0001,49791,2.4202053546905518
22.28623371,0.05,199306,70.75,169,1179,4508,0.0001,49801,6.446951866149902
22.74093942,0.05,199354,70.38,169,1179,4509,0.0001,49813,0.1577511429786682
22.232962219999994,0.05,199400,69.99,169,1179,4510,0.0001,49824,0.28667908906936646
22.293653569999996,0.05,199485,69.99,169,1180,4511,0.0001,49846,3.1722412109375
22.379786849999995,0.05,199570,69.99,169,1180,4512,0.0001,49867,5.955857276916504
22.68736225,0.05,199621,69.65,169,1180,4513,0.0001,49880,7.727187156677246
22.85621997,0.05,199664,69.73,169,1180,4514,0.0001,49890,0.23464694619178772
23.31261406,0.05,199745,69.69,169,1181,4515,0.0001,49911,2.493199586868286
22.613108989999997,0.05,199830,69.87,169,1181,4516,0.0001,49932,3.4861717224121094
22.782180839999995,0.05,199882,69.54,169,1181,4517,0.0001,49945,3.7769460678100586
22.662181689999997,0.05,199967,69.72,169,1182,4518,0.0001,49966,6.347728729248047
22.449082349999994,0.05,200052,69.72,169,1182,4519,0.0001,49987,0.5895270109176636
23.03958279,0.05,200110,69.45,169,1182,4520,0.0001,50002,3.557626962661743
23.006888759999995,0.05,200195,69.74,169,1183,4521,0.0001,50023,3.285731315612793
23.341695410000003,0.05,200280,69.74,169,1183,4522,0.0001,50044,0.6173814535140991
23.235919789999997,0.05,200311,69.2,169,1183,4523,0.0001,50052,0.5338669419288635
22.962644940000004,0.05,200356,69.03,169,1184,4524,0.0001,50063,3.6885175704956055
22.975746060000006,0.05,200390,69.04,169,1184,4525,0.0001,50072,2.331528902053833
23.16006645000001,0.05,200475,69.45,169,1184,4526,0.0001,50093,3.5392942428588867
22.71207369,0.05,200560,69.9,169,1185,4527,0.0001,50114,0.6915717720985413
22.556031630000007,0.05,200602,69.47,169,1185,4528,0.0001,50125,2.990830898284912
22.728575170000003,0.05,200681,69.76,169,1185,4529,0.0001,50145,0.36488407850265503
22.899372370000002,0.05,200730,69.4,169,1186,4530,0.0001,50157,3.977860450744629
23.121642750000007,0.05,200777,69.02,169,1186,4531,0.0001,50169,5.91294527053833
23.732367520000007,0.05,200862,69.02,169,1186,4532,0.0001,50190,1.1834372282028198
23.309961200000004,0.05,200898,68.78,169,1186,4533,0.0001,50199,0.3666657507419586
23.65663354000001,0.05,200940,68.35,169,1187,4534,0.0001,50209,0.5333417654037476
23.422458290000005,0.05,201006,68.16,169,1187,4535,0.0001,50226,3.5578949451446533
23.58555528000001,0.05,201073,68.31,169,1187,4536,0.0001,50243,0.48881083726882935
23.816555150000003,0.05,201121,68.39,169,1188,4537,0.0001,50255,6.715779781341553
23.6454061,0.05,201206,68.72,169,1188,4538,0.0001,50276,0.8896320462226868
22.802397569999997,0.05,201240,68.21,169,1188,4539,0.0001,50284,0.6997235417366028
23.18164368,0.05,201325,68.21,169,1188,4540,0.0001,50306,6.296612739562988
23.10850721,0.05,201360,67.71,169,1189,4541,0.0001,50314,0.716701865196228
23.257635880000002,0.05,201402,67.78,169,1189,4542,0.0001,50325,3.6080214977264404
22.92144076,0.05,201487,67.78,169,1189,4543,0.0001,50346,3.8828303813934326
22.572986970000002,0.05,201572,67.78,169,1190,4544,0.0001,50367,3.724825620651245
21.75351131,0.05,201657,67.78,169,1190,4545,0.0001,50389,3.7342984676361084
22.25526083,0.05,201742,67.78,169,1190,4546,0.0001,50410,3.4048104286193848
22.25111321,0.05,201777,67.28,169,1190,4547,0.0001,50419,0.8620340824127197
22.2403772,0.05,201862,67.49,169,1191,4548,0.0001,50440,0.37288498878479004
22.461837480000003,0.05,201947,67.49,169,1191,4549,0.0001,50461,0.46242451667785645
22.124082519999998,0.05,201980,67.33,169,1191,4550,0.0001,50469,0.40085506439208984
21.582970079999996,0.05,202015,66.83,169,1192,4551,0.0001,50478,0.8343552350997925
21.591303459999995,0.05,202063,66.82,169,1192,4552,0.0001,50490,3.5191431045532227
21.858655709999997,0.05,202148,66.82,169,1192,4553,0.0001,50511,6.6071391105651855
22.117771639999997,0.05,202198,66.47,169,1193,4554,0.0001,50524,0.41671085357666016
22.110915060000004,0.05,202257,66.21,169,1193,4555,0.0001,50539,3.5908796787261963
22.183437590000004,0.05,202342,66.21,169,1193,4556,0.0001,50560,5.12130069732666
22.123944310000002,0.05,202427,66.4,169,1194,4557,0.0001,50581,0.6641795039176941
22.54804501,0.05,202488,66.16,169,1194,4558,0.0001,50596,0.349590539932251
22.510824120000002,0.05,202520,65.63,169,1194,4559,0.0001,50604,0.38959601521492004
22.050936429999997,0.05,202605,65.95,169,1194,4560,0.0001,50626,6.516810417175293
22.84217732,0.05,202690,65.95,169,1195,4561,0.0001,50647,6.588985919952393
22.924040029999997,0.05,202726,65.46,169,1195,4562,0.0001,50656,2.701953887939453
22.744833069999995,0.05,202760,65.37,169,1195,4563,0.0001,50664,6.398055553436279
22.82211073,0.05,202816,65.44,169,1196,4564,0.0001,50678,0.46588072180747986
23.265497519999993,0.05,202901,65.92,169,1196,4565,0.0001,50700,2.4850211143493652
23.35119174,0.05,202944,65.5,169,1196,4566,0.0001,50710,0.2816990315914154
23.56021152,0.05,202993,65.57,169,1197,4567,0.0001,50723,0.8637017607688904
24.370290229999995,0.05,203052,65.31,169,1197,4568,0.0001,50737,0.3229755461215973
24.524643629999996,0.05,203093,64.87,169,1197,4569,0.0001,50748,5.180693626403809
24.540155329999997,0.05,203151,64.8,169,1197,4570,0.0001,50762,3.4422404766082764
24.25575714,0.05,203190,64.56,169,1198,4571,0.0001,50772,9.431233406066895
24.437576520000007,0.05,203275,64.56,169,1198,4572,0.0001,50793,3.353219747543335
24.315071670000005,0.05,203310,64.06,169,1198,4573,0.0001,50802,0.609641969203949
23.940021,0.05,203348,63.59,169,1198,4574,0.0001,50811,0.592798113822937
24.45504742,0.05,203404,63.3,169,1199,4575,0.0001,50825,3.2876009941101074
24.36874481,0.05,203439,62.8,169,1199,4576,0.0001,50834,2.272688627243042
24.806418989999997,0.05,203524,62.8,169,1199,4577,0.0001,50855,2.2164645195007324
25.022119579999995,0.05,203609,62.8,169,1199,4578,0.0001,50877,3.4947590827941895
25.63834512,0.05,203694,62.8,169,1200,4579,0.0001,50898,0.48843157291412354
25.59214548,0.05,203733,62.77,169,1200,4580,0.0001,50908,0.45424240827560425
26.470298279999998,0.05,203810,63.16,169,1200,4581,0.0001,50927,0.4526444673538208
26.40217343,0.05,203895,63.16,169,1201,4582,0.0001,50948,3.621980905532837
26.442604739999997,0.05,203932,63.18,169,1201,4583,0.0001,50957,3.1806323528289795
26.459596129999994,0.05,203991,63.21,169,1201,4584,0.0001,50972,0.40658700466156006
26.78145686,0.05,204052,63.43,169,1201,4585,0.0001,50987,0.5643091201782227
26.90041823,0.05,204137,63.65,169,1202,4586,0.0001,51009,0.5293611288070679
26.17307005,0.05,204182,63.26,169,1202,4587,0.0001,51020,0.3475794494152069
26.329132790000003,0.05,204219,62.78,169,1202,4588,0.0001,51029,2.459412097930908
26.713683570000004,0.05,204304,62.78,169,1202,4589,0.0001,51050,6.407865524291992
26.424149860000004,0.05,204389,62.78,169,1203,4590,0.0001,51072,2.486903190612793
26.040458540000003,0.05,204466,62.7,169,1203,4591,0.0001,51091,5.440238952636719
25.142273510000006,0.05,204513,62.32,169,1203,4592,0.0001,51103,3.482717275619507
24.790259920000004,0.05,204554,61.88,169,1204,4593,0.0001,51113,0.5350186228752136
24.898230119999997,0.05,204599,61.48,169,1204,4594,0.0001,51124,0.6937715411186218
25.363245000000003,0.05,204653,61.17,169,1204,4595,0.0001,51138,3.6210179328918457
25.35467096,0.05,204688,61.16,169,1204,4596,0.0001,51146,3.3423497676849365
25.278049609999993,0.05,204721,61.12,169,1205,4597,0.0001,51155,0.6118433475494385
25.274037159999992,0.05,204770,61.08,169,1205,4598,0.0001,51167,0.42287883162498474
25.318012439999997,0.05,204810,60.63,169,1205,4599,0.0001,51177,6.496083736419678
25.91922554,0.05,204895,61.04,169,1205,4600,0.0001,51198,0.7271741032600403
26.706771220000004,0.05,204980,61.4,169,1206,4601,0.0001,51219,0.40812361240386963
25.826184,0.05,205036,61.11,169,1206,4602,0.0001,51233,0.339425265789032
26.06669365,0.05,205121,61.11,169,1207,4603,0.0001,51255,0.41626352071762085
25.78706193,0.05,205206,61.52,169,1207,4604,0.0001,51276,0.3833138942718506
25.836920510000006,0.05,205261,61.22,169,1207,4605,0.0001,51290,0.7000867128372192
25.862143900000007,0.05,205331,61.34,169,1208,4606,0.0001,51307,6.463536739349365
25.80957998000001,0.05,205406,61.41,169,1208,4607,0.0001,51326,0.3910747170448303
26.005803150000006,0.05,205458,61.52,169,1208,4608,0.0001,51339,2.3842689990997314
25.76325139,0.05,205493,61.39,169,1208,4609,0.0001,51348,0.5671249628067017
25.1088767,0.05,205578,61.78,170,1209,4610,0.0001,51369,0.6235994100570679
24.76227582,0.05,205617,61.32,170,1209,4611,0.0001,51379,0.5253615975379944
24.817356429999997,0.05,205702,61.32,170,1209,4612,0.0001,51400,0.6158084869384766
24.96400288,0.05,205771,61.5,170,1210,4613,0.0001,51417,3.597609281539917
24.85551431,0.05,205808,61.44,170,1210,4614,0.0001,51426,3.4017326831817627
24.430161279999997,0.05,205871,61.26,170,1210,4615,0.0001,51442,0.5541139245033264
25.00302351,0.05,205928,60.98,170,1210,4616,0.0001,51456,5.772235870361328
25.008342839999997,0.05,205978,60.96,170,1211,4617,0.0001,51469,0.5316678285598755
25.241058829999993,0.05,206063,60.96,170,1211,4618,0.0001,51490,0.4286595284938812
25.9288951,0.05,206148,60.96,170,1211,4619,0.0001,51511,3.3809878826141357
25.56101666,0.05,206185,60.75,170,1212,4620,0.0001,51521,9.406888961791992
25.59536048,0.05,206236,60.41,170,1212,4621,0.0001,51533,3.3256759643554688
26.061342550000003,0.05,206321,60.41,170,1212,4622,0.0001,51555,3.804576873779297
26.292326089999996,0.05,206366,60.55,170,1213,4623,0.0001,51566,0.2877762019634247
26.34882623,0.05,206415,60.59,170,1213,4624,0.0001,51578,2.183779001235962
26.86869897,0.05,206487,60.97,170,1213,4625,0.0001,51596,3.4289300441741943
26.889674420000002,0.05,206572,60.97,170,1214,4626,0.0001,51617,1.1978418827056885
27.677918050000002,0.05,206633,60.73,170,1214,4627,0.0001,51633,0.46571463346481323
27.693299879999998,0.05,206675,60.73,170,1214,4628,0.0001,51643,6.707873344421387
27.618910560000003,0.05,206736,60.55,170,1214,4629,0.0001,51658,2.6203248500823975
27.67543846,0.05,206794,60.64,170,1215,4630,0.0001,51673,0.2020929753780365
27.96412026,0.05,206853,60.76,170,1215,4631,0.0001,51688,0.2916363477706909
27.53172237,0.05,206887,60.25,170,1215,4632,0.0001,51696,0.36486876010894775
28.285170929999996,0.05,206972,60.74,170,1216,4633,0.0001,51717,3.6710879802703857
29.21717563999999,0.05,207057,61.17,170,1216,4634,0.0001,51739,3.296734571456909
28.708123669999992,0.05,207089,60.83,170,1216,4635,0.0001,51747,3.5775668621063232
29.017555469999998,0.05,207161,60.88,170,1216,4636,0.0001,51765,3.4765243530273438
29.29700237,0.05,207246,61.25,170,1217,4637,0.0001,51786,0.2483447790145874
28.83672356,0.05,207331,61.25,170,1217,4638,0.0001,51807,0.6538438200950623
28.90852049,0.05,207369,61.29,170,1217,4639,0.0001,51817,0.9840787053108215
29.776855350000005,0.05,207454,61.29,170,1218,4640,0.0001,51838,0.4777650833129883
30.179470610000003,0.05,207510,61.5,170,1218,4641,0.0001,51852,0.20484331250190735
30.427071750000003,0.05,207576,61.74,170,1218,4642,0.0001,51868,0.2250189632177353
30.734398679999998,0.05,207629,61.42,170,1219,4643,0.0001,51882,0.3391791582107544
31.11881227,0.05,207671,60.99,170,1219,4644,0.0001,51892,3.196713924407959
31.0326543,0.05,207756,60.99,170,1219,4645,0.0001,51913,5.29246711730957
30.86408669,0.05,207819,60.77,170,1220,4646,0.0001,51929,0.6385040879249573
31.277664,0.05,207881,61.04,170,1220,4647,0.0001,51945,0.9187500476837158
31.21005279,0.05,207939,60.77,170,1220,4648,0.0001,51959,0.5713220834732056
30.47905918,0.05,208010,60.63,170,1221,4649,0.0001,51977,3.3640058040618896
30.409532509999995,0.05,208095,61.15,170,1221,4650,0.0001,51998,0.609682559967041
30.622513389999995,0.05,208180,61.65,170,1221,4651,0.0001,52019,3.6130337715148926
30.47719158,0.05,208220,61.57,170,1222,4652,0.0001,52029,0.5583455562591553
30.13683707,0.05,208305,61.57,170,1222,4653,0.0001,52051,0.36680886149406433
30.292806219999992,0.05,208390,61.92,170,1222,4654,0.0001,52072,0.5204411149024963
30.11691607,0.05,208475,62.18,170,1223,4655,0.0001,52093,6.3850483894348145
30.598915969999997,0.05,208545,62.03,170,1223,4656,0.0001,52111,0.5583786964416504
30.597071290000002,0.05,208630,62.03,170,1223,4657,0.0001,52132,0.6722499132156372
30.686516060000002,0.05,208686,61.98,170,1224,4658,0.0001,52146,3.5475194454193115
30.788001320000003,0.05,208771,62.51,170,1224,4659,0.0001,52167,3.4373350143432617
31.51357102,0.05,208856,62.51,170,1224,4660,0.0001,52188,0.3268482983112335
30.779192000000002,0.05,208941,62.51,170,1225,4661,0.0001,52210,0.9750604629516602
30.840504730000003,0.05,208980,62.54,170,1225,4662,0.0001,52219,2.736485242843628
30.999413240000003,0.05,209023,62.63,170,1225,4663,0.0001,52230,6.3921027183532715
30.763580960000002,0.05,209063,62.47,170,1225,4664,0.0001,52240,0.2805764973163605
30.560119000000004,0.05,209115,62.14,170,1226,4665,0.0001,52253,3.205392360687256
30.36193725,0.05,209200,62.56,170,1226,4666,0.0001,52274,3.3040289878845215
30.56792496,0.05,209285,62.92,170,1226,4667,0.0001,52296,0.44608861207962036
30.36514864,0.05,209370,63.18,170,1227,4668,0.0001,52317,0.29701337218284607
30.73980164,0.05,209426,63.33,170,1227,4669,0.0001,52331,0.4204258918762207
30.629385940000002,0.05,209476,63.25,170,1227,4670,0.0001,52343,0.4813254475593567
30.428516930000004,0.05,209561,63.71,170,1227,4671,0.0001,52365,0.4343576431274414
30.616159309999997,0.05,209646,63.71,170,1228,4672,0.0001,52386,3.327028274536133
30.943440610000003,0.05,209731,64.21,170,1228,4673,0.0001,52407,0.4833994507789612
31.37466491,0.05,209807,64.59,170,1228,4674,0.0001,52426,0.361339807510376
31.896358569999997,0.05,209892,64.88,170,1229,4675,0.0001,52447,3.665095806121826
31.98494861,0.05,209932,64.93,170,1229,4676,0.0001,52457,0.45246440172195435
32.08701387,0.05,209994,64.7,170,1229,4677,0.0001,52473,0.18925735354423523
32.123351389999996,0.05,210056,64.47,170,1230,4678,0.0001,52488,0.5809822082519531
31.408590560000004,0.05,210097,64.03,170,1230,4679,0.0001,52499,4.067513465881348
31.252711820000005,0.05,210127,63.94,170,1230,4680,0.0001,52506,3.58408522605896
30.23752176,0.05,210158,63.48,170,1230,4681,0.0001,52514,3.7816102504730225
30.56652704,0.05,210243,63.48,170,1231,4682,0.0001,52535,3.443840265274048
30.49368873,0.05,210276,63.44,170,1231,4683,0.0001,52543,3.3608617782592773
30.26838842,0.05,210321,63.3,170,1231,4684,0.0001,52555,11.787841796875
29.8595471,0.05,210355,63.03,170,1231,4685,0.0001,52563,3.5778021812438965
29.265683320000004,0.05,210388,62.51,170,1232,4686,0.0001,52571,0.6450479030609131
29.062086580000006,0.05,210421,62.39,170,1232,4687,0.0001,52580,5.395449638366699
29.011896570000005,0.05,210455,62.36,170,1232,4688,0.0001,52588,2.7608232498168945
28.79285226,0.05,210489,61.85,170,1232,4689,0.0001,52597,0.6817384958267212
28.945119230000003,0.05,210528,61.39,170,1232,4690,0.0001,52606,0.780472993850708
28.994290980000002,0.05,210613,61.47,170,1233,4691,0.0001,52628,0.5795100927352905
28.949348580000006,0.05,210658,61.45,170,1233,4692,0.0001,52639,0.39484792947769165
28.77034502,0.05,210743,61.89,170,1233,4693,0.0001,52660,6.495718002319336
28.93851588,0.05,210828,62.29,170,1234,4694,0.0001,52681,3.520984649658203
28.473977250000004,0.05,210859,62.06,170,1234,4695,0.0001,52689,0.7802209854125977
29.229739199999997,0.05,210944,62.56,170,1234,4696,0.0001,52710,3.8181350231170654
29.6157958,0.05,210997,62.76,170,1235,4697,0.0001,52724,0.5006167888641357
29.752193580000004,0.05,211059,62.89,170,1235,4698,0.0001,52739,2.42928409576416
30.29737502,0.05,211122,63.12,170,1235,4699,0.0001,52755,3.8987743854522705
29.65477608,0.05,211165,62.7,170,1236,4700,0.0001,52766,3.7568001747131348
28.647973170000004,0.05,211201,62.21,170,1236,4701,0.0001,52775,0.4897359609603882
28.397523239999995,0.05,211241,62.05,170,1236,4702,0.0001,52785,3.6794304847717285
27.92113124,0.05,211282,61.61,170,1236,4703,0.0001,52795,3.510526418685913
28.122425959999998,0.05,211321,61.15,170,1236,4704,0.0001,52805,0.5306710004806519
27.879402059999993,0.05,211363,61.02,170,1237,4705,0.0001,52815,0.7781614065170288
27.469276689999997,0.05,211398,60.67,170,1237,4706,0.0001,52824,9.66038703918457
27.563482309999994,0.05,211459,60.53,170,1237,4707,0.0001,52839,3.4347856044769287
27.20157449,0.05,211492,60.34,170,1238,4708,0.0001,52847,0.8540188074111938
27.14258018,0.05,211524,60.31,170,1238,4709,0.0001,52855,3.744119167327881
27.593856260000003,0.05,211559,59.81,170,1238,4710,0.0001,52864,3.5625102519989014
28.04017006,0.05,211644,60.27,170,1238,4711,0.0001,52885,0.7853440046310425
27.879465710000005,0.05,211729,60.27,170,1239,4712,0.0001,52907,0.5212399959564209
27.43947334,0.05,211765,59.94,170,1239,4713,0.0001,52916,6.586111545562744
27.31893565,0.05,211796,59.88,170,1239,4714,0.0001,52923,0.7437520623207092
27.396933179999998,0.05,211881,60.1,170,1240,4715,0.0001,52945,0.3286382555961609
26.970520229999998,0.05,211913,59.85,170,1240,4716,0.0001,52953,6.438529014587402
27.330153759999998,0.05,211983,60.05,170,1240,4717,0.0001,52970,3.3786532878875732
26.47672716,0.05,212017,59.54,170,1240,4718,0.0001,52979,0.6244212985038757
26.184741540000005,0.05,212102,59.54,170,1240,4719,0.0001,53000,0.352048397064209
26.06352014,0.05,212132,59.47,170,1241,4720,0.0001,53007,3.6953694820404053
26.338047740000007,0.05,212192,59.56,170,1241,4721,0.0001,53022,3.611105442047119
25.634126740000003,0.05,212235,59.14,170,1241,4722,0.0001,53033,3.545621871948242
25.62568894,0.05,212279,59.13,170,1241,4723,0.0001,53044,11.758526802062988
25.542962839999994,0.05,212324,59.09,170,1242,4724,0.0001,53055,6.571707248687744
25.64566083,0.05,212388,59.01,170,1242,4725,0.0001,53071,8.819570541381836
25.3114104,0.05,212425,58.53,170,1242,4726,0.0001,53081,0.6912298202514648
24.78599944,0.05,212510,58.77,170,1243,4727,0.0001,53102,11.097765922546387
24.762548789999997,0.05,212553,58.78,170,1243,4728,0.0001,53113,0.6570109128952026
25.17410925,0.05,212638,59.02,170,1243,4729,0.0001,53134,0.7576918601989746
24.79160747,0.05,212672,58.78,170,1243,4730,0.0001,53142,0.5750536918640137
24.226456210000002,0.05,212703,58.5,170,1244,4731,0.0001,53150,3.6610145568847656
24.15663305,0.05,212788,59.01,170,1244,4732,0.0001,53171,9.228812217712402
23.414072790000006,0.05,212825,58.53,170,1244,4733,0.0001,53181,2.810863971710205
22.885816570000003,0.05,212910,58.53,171,1245,4734,0.0001,53202,2.548271417617798
22.87698187000001,0.05,212942,58.53,170,1245,4735,0.0001,53210,0.7434187531471252
22.472061760000003,0.05,213027,58.66,171,1245,4736,0.0001,53231,0.5119003057479858
22.108048240000002,0.05,213074,58.28,171,1245,4737,0.0001,53243,0.4413980543613434
22.445107289999996,0.05,213109,57.78,171,1246,4738,0.0001,53252,0.6162211894989014
22.53121399,0.05,213194,58.25,171,1246,4739,0.0001,53273,0.7021808624267578
21.89041572,0.05,213258,58.04,171,1246,4740,0.0001,53289,0.2983770966529846
21.588481179999995,0.05,213298,57.88,171,1247,4741,0.0001,53299,3.369249105453491
21.507075629999996,0.05,213355,57.79,171,1247,4742,0.0001,53313,3.612610101699829
21.56405624,0.05,213412,57.83,171,1247,4743,0.0001,53327,7.097286224365234
21.62867296,0.05,213497,58.26,171,1248,4744,0.0001,53349,5.275557518005371
21.99388421,0.05,213549,57.93,171,1248,4745,0.0001,53362,0.4137071967124939
21.670888570000002,0.05,213634,58.15,171,1248,4746,0.0001,53383,3.799140214920044
21.715905720000002,0.05,213699,58.18,171,1249,4747,0.0001,53399,0.7388049364089966
21.22777107,0.05,213733,57.94,171,1249,4748,0.0001,53408,2.464555025100708
20.68005861,0.05,213818,58.08,171,1249,4749,0.0001,53429,0.2561829388141632
21.155572929999998,0.05,213874,57.79,171,1249,4750,0.0001,53443,2.1571924686431885
20.96349162,0.05,213910,57.3,171,1250,4751,0.0001,53452,3.399618625640869
20.87347682,0.05,213995,57.75,171,1250,4752,0.0001,53473,0.6418681144714355
21.09404529,0.05,214042,57.37,171,1250,4753,0.0001,53485,2.726824998855591
21.023255789999997,0.05,214109,57.19,171,1251,4754,0.0001,53502,6.799857139587402
21.076210979999995,0.05,214164,56.89,171,1251,4755,0.0001,53515,0.5348747372627258
20.55464553,0.05,214195,56.5,171,1251,4756,0.0001,53523,3.425894021987915
21.02337239,0.05,214280,56.5,171,1252,4757,0.0001,53544,0.3794971704483032
20.55127689,0.05,214316,56.3,171,1252,4758,0.0001,53553,0.28420692682266235
20.89342061,0.05,214375,56.04,171,1252,4759,0.0001,53568,3.9366137981414795
20.43009355,0.05,214416,55.6,171,1252,4760,0.0001,53578,0.38941821455955505
20.40614447,0.05,214455,55.14,171,1253,4761,0.0001,53588,3.995077610015869
20.31037141,0.05,214489,55.09,171,1253,4762,0.0001,53597,3.67763352394104
20.21425769,0.05,214526,55.03,171,1253,4763,0.0001,53606,0.8002923727035522
20.22128163,0.05,214567,55.04,171,1253,4764,0.0001,53616,0.2817535698413849
19.9505622,0.05,214603,54.88,171,1254,4765,0.0001,53625,5.843353271484375
20.41367331,0.05,214688,54.88,171,1254,4766,0.0001,53646,3.3241171836853027
20.22724429,0.05,214770,54.85,171,1254,4767,0.0001,53667,3.4153964519500732
20.49515589,0.05,214842,54.72,171,1255,4768,0.0001,53685,2.761366367340088
20.100725710000003,0.05,214882,54.56,171,1255,4769,0.0001,53695,0.4468105137348175
19.79550761,0.05,214967,54.91,171,1255,4770,0.0001,53716,0.7927738428115845
20.007171760000002,0.05,215007,54.46,171,1255,4771,0.0001,53726,0.5777735710144043
19.847304230000002,0.05,215092,54.46,171,1256,4772,0.0001,53747,3.733473062515259
19.5955738,0.05,215130,53.99,171,1256,4773,0.0001,53757,0.5667487382888794
19.247738970000004,0.05,215172,53.65,171,1256,4774,0.0001,53767,0.551032543182373
18.5423924,0.05,215217,53.25,171,1257,4775,0.0001,53779,3.3958795070648193
18.446574809999998,0.05,215302,53.7,171,1257,4776,0.0001,53800,0.6599038243293762
18.11721021,0.05,215342,53.48,171,1257,4777,0.0001,53810,0.45679494738578796
17.87817085,0.05,215388,53.32,171,1258,4778,0.0001,53821,9.379047393798828
17.765729420000003,0.05,215423,53.26,171,1258,4779,0.0001,53830,3.2786688804626465
17.836258040000004,0.05,215458,53.31,171,1258,4780,0.0001,53839,6.483029365539551
17.991571070000003,0.05,215498,53.4,171,1258,4781,0.0001,53849,2.7796733379364014
17.59370737,0.05,215535,52.92,171,1259,4782,0.0001,53858,0.48862430453300476
17.89790398,0.05,215586,53.1,171,1259,4783,0.0001,53871,8.29914665222168
18.09463721,0.05,215649,53.28,171,1259,4784,0.0001,53887,6.785096168518066
18.59781251,0.05,215734,53.79,171,1259,4785,0.0001,53908,9.551565170288086
19.42044624,0.05,215819,54.31,171,1260,4786,0.0001,53929,0.5960530638694763
19.54227003,0.05,215904,54.83,171,1260,4787,0.0001,53950,0.7363048791885376
19.93330044,0.05,215989,55.34,171,1261,4788,0.0001,53972,6.1619439125061035
20.00736432,0.05,216027,55.38,171,1261,4789,0.0001,53981,0.5721454620361328
20.287343840000002,0.05,216082,55.54,171,1261,4790,0.0001,53995,12.664498329162598
20.650388980000002,0.05,216167,55.54,171,1262,4791,0.0001,54016,3.6636223793029785
20.884970720000002,0.05,216228,55.7,171,1262,4792,0.0001,54031,6.921290874481201
20.932802270000003,0.05,216262,55.19,171,1262,4793,0.0001,54040,6.08548641204834
20.64971677,0.05,216301,54.73,171,1262,4794,0.0001,54050,2.2144289016723633
21.023329599999997,0.05,216354,54.95,171,1263,4795,0.0001,54063,3.4615628719329834
20.50245964,0.05,216402,54.58,171,1263,4796,0.0001,54075,0.39473748207092285
20.62400193,0.05,216481,54.84,171,1263,4797,0.0001,54095,0.460216224193573
20.52727089,0.05,216540,54.81,171,1264,4798,0.0001,54109,0.3967703878879547
19.95677526,0.05,216578,54.56,171,1264,4799,0.0001,54119,3.360175132751465
19.95682407,0.05,216620,54.55,171,1264,4800,0.0001,54129,0.42165374755859375
20.1008188,0.05,216663,54.62,171,1264,4801,0.0001,54140,3.4169628620147705
20.12879542,0.05,216704,54.63,171,1265,4802,0.0001,54150,0.4813354015350342
20.10578635,0.05,216744,54.62,171,1265,4803,0.0001,54160,0.6437526941299438
20.082942789999993,0.05,216782,54.61,171,1265,4804,0.0001,54170,6.946754455566406
20.330504159999997,0.05,216840,54.77,171,1265,4805,0.0001,54184,0.6439590454101562
20.43146355,0.05,216881,54.83,171,1266,4806,0.0001,54195,0.5047481060028076
20.155920929999997,0.05,216928,54.69,171,1266,4807,0.0001,54206,0.48237866163253784
20.750236949999998,0.05,217013,55.21,171,1266,4808,0.0001,54228,3.501842975616455
20.82699406,0.05,217049,55.25,171,1266,4809,0.0001,54237,0.3520469665527344
20.93453895,0.05,217134,55.75,171,1267,4810,0.0001,54258,2.631974697113037
20.61675132,0.05,217180,55.36,171,1267,4811,0.0001,54269,3.6286957263946533
20.543932020000003,0.05,217265,55.36,171,1267,4812,0.0001,54291,3.3087100982666016
20.627968470000006,0.05,217306,55.41,171,1268,4813,0.0001,54301,0.41551339626312256
21.021439820000005,0.05,217359,55.63,171,1268,4814,0.0001,54314,5.458044528961182
20.946271350000004,0.05,217418,55.37,171,1268,4815,0.0001,54329,0.6136386394500732
21.065475820000003,0.05,217457,55.44,171,1269,4816,0.0001,54339,0.6654571890830994
20.38897016,0.05,217491,55.08,171,1269,4817,0.0001,54347,3.673292636871338
20.4260049,0.05,217527,55.1,171,1269,4818,0.0001,54356,3.2000861167907715
20.52591957,0.05,217612,55.1,171,1269,4819,0.0001,54377,9.304431915283203
20.651177050000005,0.05,217649,55.17,171,1270,4820,0.0001,54387,5.52903938293457
20.107312789999998,0.05,217734,55.42,171,1270,4821,0.0001,54408,3.4147636890411377
20.03170629,0.05,217773,55.38,171,1270,4822,0.0001,54418,5.466830730438232
20.030423550000002,0.05,217816,55.37,171,1270,4823,0.0001,54428,3.5089049339294434
20.21451975,0.05,217869,55.45,171,1271,4824,0.0001,54442,6.665693283081055
19.681602330000004,0.05,217907,55.19,171,1271,4825,0.0001,54451,0.3366095721721649
19.613712010000004,0.05,217940,55.15,171,1271,4826,0.0001,54459,3.159435987472534
20.08603216,0.05,218000,54.9,171,1271,4827,0.0001,54474,0.37267622351646423
20.10967443,0.05,218044,54.91,171,1272,4828,0.0001,54485,6.344420433044434
19.79413934,0.05,218113,54.75,171,1272,4829,0.0001,54503,0.3447962999343872
20.238997859999998,0.05,218179,55.07,171,1272,4830,0.0001,54519,3.553046226501465
20.673555710000002,0.05,218238,55.35,171,1273,4831,0.0001,54534,4.998612880706787
20.87648555,0.05,218323,55.35,171,1273,4832,0.0001,54555,0.2527332901954651
21.209014739999997,0.05,218382,55.57,171,1273,4833,0.0001,54570,6.424844264984131
21.456371449999995,0.05,218455,55.45,171,1274,4834,0.0001,54588,3.4384469985961914
21.914813719999998,0.05,218517,55.75,171,1274,4835,0.0001,54604,0.35080498456954956
21.597035439999996,0.05,218554,55.27,171,1274,4836,0.0001,54613,0.46424129605293274
21.46621389,0.05,218595,55.21,171,1274,4837,0.0001,54623,0.5373384952545166
22.108894049999993,0.05,218663,55.54,171,1275,4838,0.0001,54640,0.4401281177997589
22.019616349999996,0.05,218701,55.07,171,1275,4839,0.0001,54650,2.5089993476867676
21.610636239999998,0.05,218738,54.8,171,1275,4840,0.0001,54659,3.5078656673431396
21.633846689999995,0.05,218823,55.25,171,1276,4841,0.0001,54680,3.714522361755371
21.796532550000002,0.05,218884,55.29,171,1276,4842,0.0001,54695,0.49181345105171204
21.56846933,0.05,218927,55.15,171,1276,4843,0.0001,54706,3.465987205505371
21.656410390000005,0.05,218982,54.85,171,1276,4844,0.0001,54720,3.3491759300231934
21.450271580000003,0.05,219021,54.72,171,1277,4845,0.0001,54730,3.4103240966796875
21.77885532,0.05,219077,54.43,171,1277,4846,0.0001,54744,0.6422633528709412
22.23577405,0.05,219162,54.63,171,1277,4847,0.0001,54765,0.6061034202575684
22.210284530000003,0.05,219195,54.62,171,1277,4848,0.0001,54773,3.5156030654907227
23.323544539999997,0.05,219280,54.62,171,1278,4849,0.0001,54794,6.438192367553711
23.319222699999997,0.05,219335,54.61,171,1278,4850,0.0001,54808,0.9657871127128601
23.685950849999994,0.05,219395,54.85,171,1278,4851,0.0001,54823,0.5214813947677612
24.038725339999992,0.05,219452,54.57,171,1279,4852,0.0001,54837,0.4075664281845093
24.1975812,0.05,219507,54.65,171,1279,4853,0.0001,54851,7.764698028564453
24.550730249999997,0.05,219592,54.83,171,1279,4854,0.0001,54872,0.6133865118026733
24.19072159,0.05,219626,54.62,171,1280,4855,0.0001,54881,0.36220288276672363
24.35882221,0.05,219666,54.71,171,1280,4856,0.0001,54891,0.4584956765174866
24.0023566,0.05,219730,54.5,171,1280,4857,0.0001,54907,0.48876455426216125
24.492862079999995,0.05,219798,54.82,171,1280,4858,0.0001,54924,0.39566394686698914
24.063440199999995,0.05,219883,55.08,171,1281,4859,0.0001,54945,3.638465404510498
24.02675499,0.05,219922,55.06,171,1281,4860,0.0001,54955,3.522691249847412
24.22082755,0.05,219972,55.17,171,1281,4861,0.0001,54967,0.20416615903377533
24.893073289999997,0.05,220043,55.54,171,1282,4862,0.0001,54985,0.7228130102157593
24.81733134,0.05,220076,55.5,171,1282,4863,0.0001,54993,3.522545576095581
24.70880455,0.05,220111,55.44,171,1282,4864,0.0001,55002,0.4227270483970642
25.07386192,0.05,220164,55.61,171,1282,4865,0.0001,55015,0.5432011485099792
24.59267398,0.05,220249,55.61,171,1283,4866,0.0001,55037,5.911250591278076
24.927434780000002,0.05,220334,55.64,171,1283,4867,0.0001,55058,3.634544849395752
24.40728533,0.05,220365,55.23,171,1283,4868,0.0001,55066,0.7219020128250122
24.423286330000007,0.05,220406,55.24,171,1283,4869,0.0001,55076,3.723041534423828
24.45332335,0.05,220441,54.74,171,1284,4870,0.0001,55085,0.5994911193847656
24.87342464,0.05,220504,54.97,171,1284,4871,0.0001,55100,7.693431854248047
24.84107724,0.05,220540,54.48,171,1284,4872,0.0001,55109,4.057478427886963
24.97348154,0.05,220586,54.56,171,1284,4873,0.0001,55121,0.4833028316497803
25.22063559,0.05,220643,54.71,171,1285,4874,0.0001,55135,3.545034170150757
25.387568750000003,0.05,220700,54.83,171,1285,4875,0.0001,55149,0.5829852223396301
25.37241821,0.05,220734,54.32,171,1285,4876,0.0001,55158,3.329547166824341
25.73553212,0.05,220812,54.7,171,1285,4877,0.0001,55177,2.661670207977295
25.53975095,0.05,220847,54.59,171,1286,4878,0.0001,55186,0.3053579330444336
25.53054799,0.05,220881,54.58,171,1286,4879,0.0001,55195,0.6289922595024109
26.061017349999997,0.05,220966,55.08,171,1286,4880,0.0001,55216,0.8352124691009521
25.889238230000004,0.05,220996,54.98,171,1286,4881,0.0001,55223,2.486605644226074
25.83246971,0.05,221030,54.95,171,1287,4882,0.0001,55232,0.4180975556373596
26.024878080000004,0.05,221096,55.1,171,1287,4883,0.0001,55248,3.032404661178589
25.652938279999997,0.05,221135,54.86,171,1287,4884,0.0001,55258,7.112659454345703
25.20275194,0.05,221171,54.37,171,1287,4885,0.0001,55267,0.8849457502365112
24.743157759999995,0.05,221228,54.09,171,1288,4886,0.0001,55281,4.2056097984313965
24.71911941999999,0.05,221267,53.63,171,1288,4887,0.0001,55291,0.27960243821144104
24.372655369999993,0.05,221303,53.14,171,1288,4888,0.0001,55300,0.4952348470687866
24.624161219999998,0.05,221388,53.61,171,1289,4889,0.0001,55321,2.275571346282959
24.23262135,0.05,221421,53.39,171,1289,4890,0.0001,55330,2.5872182846069336
23.616524650000002,0.05,221506,53.39,171,1289,4891,0.0001,55351,0.4897397458553314
23.58281046,0.05,221564,53.36,171,1289,4892,0.0001,55365,0.505146861076355
23.602427789999997,0.05,221598,53.36,171,1290,4893,0.0001,55374,2.7297751903533936
23.480633159999996,0.05,221630,53.29,171,1290,4894,0.0001,55382,6.9352006912231445
23.13519424999999,0.05,221662,53.08,171,1290,4895,0.0001,55390,0.39096808433532715
22.909140269999998,0.05,221698,52.96,171,1290,4896,0.0001,55399,3.88706636428833
22.801478579999998,0.05,221752,52.71,171,1291,4897,0.0001,55412,5.615893363952637
22.783964340000008,0.05,221837,52.97,171,1291,4898,0.0001,55434,3.5023884773254395
22.91167761,0.05,221882,53.04,171,1291,4899,0.0001,55445,3.7023627758026123
23.041714009999996,0.05,221932,53.12,171,1291,4900,0.0001,55457,0.22741074860095978
22.898106399999996,0.05,221968,53.05,171,1292,4901,0.0001,55466,0.618890643119812
23.12128358,0.05,222020,53.16,171,1292,4902,0.0001,55479,0.8205617666244507
23.24981276,0.05,222068,53.24,171,1292,4903,0.0001,55491,0.7671247720718384
23.11081338,0.05,222099,53.17,171,1292,4904,0.0001,55499,0.39888983964920044
22.781980939999997,0.05,222138,52.98,171,1292,4905,0.0001,55509,9.677403450012207
22.58738314,0.05,222223,53.42,171,1293,4906,0.0001,55530,0.3412438631057739
23.349177460000007,0.05,222308,53.8,171,1293,4907,0.0001,55551,0.4635999798774719
22.818591220000002,0.05,222344,53.31,171,1293,4908,0.0001,55560,6.702980995178223
22.82812019,0.05,222381,53.32,171,1294,4909,0.0001,55570,0.5175498127937317
23.00383969,0.05,222432,52.98,171,1294,4910,0.0001,55582,2.556363582611084
23.128038649999997,0.05,222487,53.07,171,1294,4911,0.0001,55596,0.4253423810005188
22.788843800000006,0.05,222520,52.55,171,1294,4912,0.0001,55604,3.468045473098755
23.14671626000001,0.05,222586,52.8,171,1295,4913,0.0001,55621,0.6013543605804443
22.887262409999998,0.05,222625,52.66,171,1295,4914,0.0001,55631,0.4100436270236969
22.485099289999997,0.05,222659,52.41,171,1295,4915,0.0001,55639,3.902667760848999
22.407656309999997,0.05,222693,52.36,171,1295,4916,0.0001,55648,0.5037355422973633
22.42492734,0.05,222728,52.37,171,1296,4917,0.0001,55656,5.500312805175781
22.93899331,0.05,222799,52.72,171,1296,4918,0.0001,55674,0.3450247347354889
23.249297780000003,0.05,222868,52.56,171,1296,4919,0.0001,55691,0.9852730631828308
23.65276145,0.05,222935,52.86,171,1297,4920,0.0001,55708,0.6236696243286133
23.742266609999998,0.05,222979,52.45,171,1297,4921,0.0001,55719,0.48389410972595215
23.70388159,0.05,223015,52.42,171,1297,4922,0.0001,55728,0.578972339630127
23.9492693,0.05,223076,52.6,171,1297,4923,0.0001,55743,0.6792590618133545
23.85030796,0.05,223123,52.54,171,1298,4924,0.0001,55755,6.4884514808654785
24.34715656,0.05,223188,52.81,171,1298,4925,0.0001,55771,6.288331031799316
25.09171738,0.05,223264,53.24,171,1298,4926,0.0001,55790,0.7219895124435425
25.21141205,0.05,223323,53.23,171,1299,4927,0.0001,55805,0.6590030193328857
25.014353339999992,0.05,223355,53.11,171,1299,4928,0.0001,55813,3.7808356285095215
24.548741299999993,0.05,223392,52.79,171,1299,4929,0.0001,55822,0.24043196439743042
24.131004169999994,0.05,223427,52.48,171,1299,4930,0.0001,55831,3.8003878593444824
24.08196048,0.05,223479,52.41,171,1300,4931,0.0001,55844,0.41424044966697693
23.96439856,0.05,223514,51.91,171,1300,4932,0.0001,55853,3.5559873580932617
23.624758540000002,0.05,223550,51.68,171,1300,4933,0.0001,55862,0.7172914743423462
22.819434500000003,0.05,223585,51.3,171,1300,4934,0.0001,55871,0.46574681997299194
22.39945374,0.05,223619,51.02,171,1301,4935,0.0001,55879,0.38014286756515503
22.933345329999998,0.05,223704,51.5,171,1301,4936,0.0001,55900,0.5115340948104858
22.962241010000003,0.05,223746,51.51,171,1301,4937,0.0001,55911,3.3825392723083496
22.306700220000003,0.05,223781,51.18,171,1301,4938,0.0001,55920,0.6895007491111755
22.574056630000005,0.05,223866,51.65,171,1302,4939,0.0001,55941,2.7501957416534424
22.49154863,0.05,223899,51.61,171,1302,4940,0.0001,55949,0.37348634004592896
22.678709390000005,0.05,223951,51.28,171,1302,4941,0.0001,55962,0.3593612015247345
22.20850705000001,0.05,223987,51.03,171,1303,4942,0.0001,55971,0.5908216834068298
22.553879540000008,0.05,224072,51.45,171,1303,4943,0.0001,55992,0.32602745294570923
22.154456890000002,0.05,224102,51.2,171,1303,4944,0.0001,56000,0.2556111812591553
22.18802206,0.05,224142,51.21,171,1303,4945,0.0001,56010,0.4971250593662262
22.04369634,0.05,224190,51.13,171,1304,4946,0.0001,56022,0.5762612819671631
21.16509442,0.05,224227,50.65,171,1304,4947,0.0001,56031,0.6474217176437378
21.442660500000002,0.05,224312,51.17,171,1304,4948,0.0001,56052,5.279505252838135
20.72868997,0.05,224397,51.17,171,1305,4949,0.0001,56074,0.7375425696372986
20.436104149999995,0.05,224435,51.0,171,1305,4950,0.0001,56083,3.661543369293213
20.42509763,0.05,224509,51.14,171,1305,4951,0.0001,56102,0.5003105998039246
20.53124543,0.05,224594,51.42,171,1306,4952,0.0001,56123,3.5954947471618652
20.48415186,0.05,224649,51.42,171,1306,4953,0.0001,56137,0.414928138256073
19.98844943,0.05,224734,51.42,171,1306,4954,0.0001,56158,0.3672463893890381
20.678154999999997,0.05,224809,51.83,171,1307,4955,0.0001,56177,0.539380669593811
20.562070069999994,0.05,224843,51.77,171,1307,4956,0.0001,56185,3.703915596008301
20.466133969999998,0.05,224904,51.74,172,1307,4957,0.0001,56200,6.3217082023620605
19.98693356,0.05,224941,51.43,172,1307,4958,0.0001,56210,3.6251680850982666
20.075105029999996,0.05,224979,50.96,172,1308,4959,0.0001,56219,3.477200984954834
19.925667309999998,0.05,225064,51.42,172,1308,4960,0.0001,56240,0.7512551546096802
20.014475229999995,0.05,225149,51.77,172,1308,4961,0.0001,56262,0.7127646207809448
19.426205319999998,0.05,225234,51.91,172,1309,4962,0.0001,56283,0.6525990962982178
19.935877270000002,0.05,225297,52.21,172,1309,4963,0.0001,56299,0.2545747458934784
19.98470806,0.05,225335,52.24,172,1309,4964,0.0001,56308,6.602686405181885
19.59244527,0.05,225369,52.05,172,1309,4965,0.0001,56317,0.29602766036987305
19.73743377,0.05,225409,51.6,172,1310,4966,0.0001,56327,1.0572843551635742
19.5788232,0.05,225473,51.39,172,1310,4967,0.0001,56343,3.305783987045288
20.119245059999997,0.05,225536,51.71,172,1310,4968,0.0001,56358,3.4376258850097656
20.05314969,0.05,225573,51.67,172,1310,4969,0.0001,56368,0.23192644119262695
20.025200429999998,0.05,225606,51.65,172,1311,4970,0.0001,56376,0.9066393375396729
19.97746887,0.05,225681,51.77,172,1311,4971,0.0001,56395,3.5074028968811035
20.351878629999998,0.05,225747,52.07,172,1311,4972,0.0001,56411,6.924623966217041
20.486899889999997,0.05,225814,52.28,172,1312,4973,0.0001,56428,0.5656455159187317
20.004416059999997,0.05,225899,52.56,172,1312,4974,0.0001,56449,3.97560453414917
20.111980080000002,0.05,225976,52.76,172,1312,4975,0.0001,56468,3.487882614135742
20.165999799999998,0.05,226013,52.79,172,1313,4976,0.0001,56478,3.4047319889068604
20.68035093,0.05,226088,52.76,172,1313,4977,0.0001,56496,4.034626007080078
21.203405409999995,0.05,226173,53.26,172,1313,4978,0.0001,56518,3.9319908618927
21.581702529999998,0.05,226258,53.77,172,1314,4979,0.0001,56539,0.2848469018936157
21.04867397,0.05,226293,53.27,172,1314,4980,0.0001,56548,0.6601632833480835
21.5841216,0.05,226356,53.6,172,1314,4981,0.0001,56563,0.3081267178058624
21.541201429999997,0.05,226387,53.57,172,1314,4982,0.0001,56571,4.027195930480957
21.171077250000003,0.05,226472,53.76,172,1315,4983,0.0001,56592,0.31420087814331055
21.436162080000003,0.05,226557,54.22,172,1315,4984,0.0001,56614,3.5029351711273193
21.565635050000004,0.05,226642,54.71,172,1316,4985,0.0001,56635,0.4535636901855469
21.520206660000003,0.05,226694,54.66,172,1316,4986,0.0001,56648,0.5667967796325684
21.888139390000003,0.05,226756,54.89,172,1316,4987,0.0001,56663,9.49957275390625
21.91746961,0.05,226794,54.91,172,1316,4988,0.0001,56673,4.091277122497559
21.839799530000004,0.05,226879,54.91,172,1317,4989,0.0001,56694,0.4265636205673218
22.517991079999998,0.05,226964,55.43,172,1317,4990,0.0001,56715,0.38431230187416077
22.736001199999997,0.05,227020,55.14,172,1317,4991,0.0001,56729,3.397209644317627
22.71848916,0.05,227105,55.41,172,1318,4992,0.0001,56751,4.411703109741211
22.73676911,0.05,227141,55.43,172,1318,4993,0.0001,56760,0.4325311779975891
22.78473936,0.05,227175,55.45,172,1318,4994,0.0001,56768,9.158380508422852
22.823573569999997,0.05,227210,55.48,172,1319,4995,0.0001,56777,0.34712493419647217
23.27844135,0.05,227278,55.8,172,1319,4996,0.0001,56794,3.499814987182617
22.86304261,0.05,227310,55.58,172,1319,4997,0.0001,56802,0.5758137106895447
22.549014440000004,0.05,227345,55.08,172,1319,4998,0.0001,56811,0.4531298875808716
22.400291610000004,0.05,227382,55.0,172,1319,4999,0.0001,56820,0.612903356552124
22.537644360000005,0.05,227438,55.06,172,1320,5000,0.0001,56834,3.840270757675171
22.52434685,0.05,227473,55.05,172,1320,5001,0.0001,56843,0.4647004008293152
22.62453814,0.05,227532,55.12,172,1320,5002,0.0001,56857,3.7400457859039307
22.50855666,0.05,227573,55.05,172,1320,5003,0.0001,56868,3.79814076423645
22.61743727,0.05,227610,55.11,172,1321,5004,0.0001,56877,2.5360348224639893
22.55027301,0.05,227645,55.07,172,1321,5005,0.0001,56886,6.891088485717773
22.74353598,0.05,227685,54.62,172,1321,5006,0.0001,56896,3.7011098861694336
21.893083079999997,0.05,227729,54.21,172,1321,5007,0.0001,56907,2.1078195571899414
21.90190425,0.05,227766,54.22,172,1321,5008,0.0001,56916,6.647151947021484
22.427315879999995,0.05,227829,54.48,172,1322,5009,0.0001,56932,3.9400737285614014
22.15135922,0.05,227865,54.33,172,1322,5010,0.0001,56941,3.6164894104003906
21.91003249,0.05,227905,54.18,172,1322,5011,0.0001,56951,5.471245765686035
22.275763190000003,0.05,227958,54.38,172,1322,5012,0.0001,56964,3.371306896209717
22.252718599999998,0.05,228020,54.34,172,1323,5013,0.0001,56979,0.40545833110809326
22.37942672,0.05,228066,54.41,172,1323,5014,0.0001,56991,0.27465173602104187
22.731368460000002,0.05,228123,54.64,172,1323,5015,0.0001,57005,3.4841527938842773
23.057690670000007,0.05,228177,54.84,172,1323,5016,0.0001,57019,0.4336920976638794
23.101880190000003,0.05,228214,54.86,172,1323,5017,0.0001,57028,0.5291213393211365
23.045938730000003,0.05,228281,54.82,172,1324,5018,0.0001,57045,0.4657515287399292
22.40723081,0.05,228316,54.48,172,1324,5019,0.0001,57053,0.346659779548645
22.298900049999997,0.05,228375,54.4,172,1324,5020,0.0001,57068,0.5188471078872681
22.885990160000002,0.05,228460,54.81,172,1325,5021,0.0001,57089,0.6456018090248108
22.9505242,0.05,228499,54.84,172,1325,5022,0.0001,57099,2.7427539825439453
22.91327393,0.05,228557,54.81,172,1325,5023,0.0001,57114,0.39052027463912964
23.042401410000004,0.05,228615,54.92,172,1326,5024,0.0001,57128,2.872262477874756
22.83181067,0.05,228700,55.12,172,1326,5025,0.0001,57149,0.5200340747833252
22.97473226,0.05,228785,55.21,172,1326,5026,0.0001,57171,2.8881425857543945
22.45580949,0.05,228870,55.47,172,1327,5027,0.0001,57192,0.3032166361808777
22.48016946,0.05,228904,55.49,172,1327,5028,0.0001,57200,0.4267619550228119
22.88486243,0.05,228972,55.8,172,1327,5029,0.0001,57217,0.5976659655570984
23.39860573,0.05,229046,56.19,172,1328,5030,0.0001,57236,0.4496246874332428
23.540194189999998,0.05,229113,56.34,172,1328,5031,0.0001,57253,3.45224928855896
23.526829109999998,0.05,229148,56.34,172,1328,5032,0.0001,57261,3.6286067962646484
23.84909878,0.05,229198,56.48,172,1328,5033,0.0001,57274,3.5462629795074463
24.282771029999996,0.05,229260,56.75,172,1329,5034,0.0001,57289,3.8986854553222656
24.312680259999993,0.05,229295,56.76,172,1329,5035,0.0001,57298,5.661383152008057
24.14168964,0.05,229357,56.53,172,1329,5036,0.0001,57314,6.516293525695801
24.436268369999993,0.05,229442,56.96,172,1330,5037,0.0001,57335,0.6653690934181213
24.814173679999996,0.05,229503,57.22,172,1330,5038,0.0001,57350,9.571674346923828
24.789491649999995,0.05,229588,57.22,172,1330,5039,0.0001,57371,3.850905418395996
25.632500829999994,0.05,229673,57.74,172,1331,5040,0.0001,57393,0.5019671320915222
26.246297969999997,0.05,229753,58.02,172,1331,5041,0.0001,57413,6.893543243408203
26.231074449999998,0.05,229788,58.01,172,1331,5042,0.0001,57421,0.4731067419052124
26.037888469999995,0.05,229838,57.66,172,1332,5043,0.0001,57434,3.56363582611084
26.610162619999997,0.05,229923,58.21,172,1332,5044,0.0001,57455,2.0886528491973877
26.782900299999998,0.05,229972,58.3,172,1332,5045,0.0001,57467,3.7365753650665283
26.966729949999998,0.05,230057,58.67,172,1333,5046,0.0001,57489,3.9962446689605713
26.905710019999997,0.05,230091,58.64,172,1333,5047,0.0001,57497,5.616044998168945
26.674522549999995,0.05,230126,58.14,172,1333,5048,0.0001,57506,6.911883354187012
27.116057309999995,0.05,230200,58.03,172,1333,5049,0.0001,57524,5.95211124420166
27.74910245,0.05,230285,58.5,172,1334,5050,0.0001,57546,3.8670778274536133
27.385773350000004,0.05,230319,58.1,172,1334,5051,0.0001,57554,0.37412065267562866
26.84139894000001,0.05,230351,57.57,172,1334,5052,0.0001,57562,0.6719920635223389
26.50715068,0.05,230385,57.36,172,1334,5053,0.0001,57571,5.429949760437012
26.337046050000005,0.05,230421,56.87,172,1335,5054,0.0001,57580,0.727868914604187
25.675466979999996,0.05,230457,56.48,172,1335,5055,0.0001,57589,3.1609277725219727
26.344967229999995,0.05,230542,56.99,172,1335,5056,0.0001,57610,3.697551965713501
26.006367009999995,0.05,230577,56.73,172,1335,5057,0.0001,57619,3.6309711933135986
26.634442050000004,0.05,230662,57.21,172,1336,5058,0.0001,57640,0.5059077739715576
26.48809322,0.05,230692,57.13,172,1336,5059,0.0001,57647,2.485201120376587
26.537730810000003,0.05,230726,56.62,172,1336,5060,0.0001,57656,3.4483275413513184
27.09923098,0.05,230811,56.62,172,1337,5061,0.0001,57677,0.46749526262283325
26.98646326,0.05,230843,56.09,172,1337,5062,0.0001,57685,6.1146979331970215
26.51467851,0.05,230877,55.8,172,1337,5063,0.0001,57694,2.0801808834075928
26.557063690000003,0.05,230917,55.82,172,1337,5064,0.0001,57704,0.745602011680603
26.504102530000004,0.05,230948,55.79,172,1337,5065,0.0001,57711,1.0122075080871582
26.368088540000002,0.05,230980,55.71,172,1338,5066,0.0001,57719,4.365159034729004
25.77745735,0.05,231012,55.39,172,1338,5067,0.0001,57727,0.3882888853549957
25.40670403,0.05,231050,55.14,172,1338,5068,0.0001,57737,0.4363829791545868
25.174745970000004,0.05,231135,55.62,172,1339,5069,0.0001,57758,7.2097978591918945
25.117472880000005,0.05,231165,55.59,172,1339,5070,0.0001,57766,5.631521224975586
25.44284916000001,0.05,231250,55.69,172,1339,5071,0.0001,57787,3.6750900745391846
25.457167950000002,0.05,231311,55.64,172,1339,5072,0.0001,57802,3.4997057914733887
25.198751920000003,0.05,231350,55.36,172,1340,5073,0.0001,57812,3.793774366378784
25.290776760000004,0.05,231385,54.86,172,1340,5074,0.0001,57821,2.790351152420044
24.872606270000002,0.05,231421,54.45,172,1340,5075,0.0001,57830,0.6093621253967285
25.0826808,0.05,231506,54.93,172,1340,5076,0.0001,57851,6.305839538574219
24.47985975,0.05,231560,54.72,172,1341,5077,0.0001,57864,3.6909306049346924
23.90659858,0.05,231592,54.19,172,1341,5078,0.0001,57872,6.321826457977295
23.6960652,0.05,231636,53.78,172,1341,5079,0.0001,57883,7.175629138946533
24.37726757,0.05,231721,54.28,172,1342,5080,0.0001,57905,0.6156994104385376
24.202833700000006,0.05,231771,54.15,172,1342,5081,0.0001,57917,0.3273816704750061
24.489992280000003,0.05,231856,54.69,172,1342,5082,0.0001,57938,7.008120059967041
24.37889321,0.05,231890,54.18,172,1342,5083,0.0001,57947,0.8064641356468201
24.135430879999998,0.05,231929,53.72,172,1343,5084,0.0001,57957,5.638080596923828
24.43340824,0.05,231988,53.46,172,1343,5085,0.0001,57971,3.9052507877349854
24.076546179999994,0.05,232019,53.25,172,1343,5086,0.0001,57979,2.347628593444824
23.741045219999997,0.05,232059,53.03,172,1343,5087,0.0001,57989,6.835361480712891
23.754254760000002,0.05,232097,53.03,172,1344,5088,0.0001,57999,0.8117381930351257
23.555340210000004,0.05,232134,52.55,172,1344,5089,0.0001,58008,0.6512868404388428
22.850226700000007,0.05,232165,52.01,172,1344,5090,0.0001,58016,3.7331161499023438
22.796576930000004,0.05,232215,51.95,172,1344,5091,0.0001,58028,3.4851694107055664
22.487273260000006,0.05,232253,51.48,172,1345,5092,0.0001,58038,0.2892535328865051
22.43957538,0.05,232286,51.45,172,1345,5093,0.0001,58046,4.0509443283081055
22.97363896,0.05,232357,51.82,172,1345,5094,0.0001,58064,8.533340454101562
22.958734489999998,0.05,232391,51.81,172,1345,5095,0.0001,58072,0.3829858899116516
22.64320775,0.05,232433,51.55,172,1346,5096,0.0001,58083,3.927948474884033
22.675526639999998,0.05,232467,51.57,172,1346,5097,0.0001,58091,0.5394033193588257
23.328970809999998,0.05,232538,51.93,172,1346,5098,0.0001,58109,3.759434461593628
24.09517499,0.05,232623,52.41,172,1347,5099,0.0001,58130,2.84824275970459
23.817936149999994,0.05,232665,52.27,172,1347,5100,0.0001,58141,3.5218632221221924
23.772667769999998,0.05,232698,52.25,172,1347,5101,0.0001,58149,0.3607270121574402
23.28610852,0.05,232730,51.98,172,1347,5102,0.0001,58157,4.053712844848633
23.24277782,0.05,232768,51.95,172,1347,5103,0.0001,58166,3.5096142292022705
23.26384623,0.05,232853,52.43,172,1348,5104,0.0001,58188,0.7006679177284241
23.592238840000004,0.05,232908,52.63,172,1348,5105,0.0001,58201,0.5892844200134277
23.49164242,0.05,232943,52.58,172,1348,5106,0.0001,58210,2.6500959396362305
23.35831686,0.05,232979,52.5,172,1349,5107,0.0001,58219,0.33121663331985474
23.79403892,0.05,233051,52.85,172,1349,5108,0.0001,58237,3.725468873977661
23.213712580000003,0.05,233085,52.56,172,1349,5109,0.0001,58246,0.5261251330375671
23.12375604,0.05,233115,52.5,172,1349,5110,0.0001,58253,0.5805553793907166
24.10267223,0.05,233200,52.95,172,1350,5111,0.0001,58274,0.5574411749839783
23.768154740000003,0.05,233235,52.77,172,1350,5112,0.0001,58283,3.3475091457366943
23.557837720000002,0.05,233320,53.0,172,1350,5113,0.0001,58304,3.743929624557495
23.678343880000003,0.05,233373,53.07,172,1351,5114,0.0001,58318,0.464302122592926
23.779984369999998,0.05,233434,53.11,172,1351,5115,0.0001,58333,0.3931977152824402
23.57293691,0.05,233474,52.97,172,1351,5116,0.0001,58343,0.4927724003791809
23.759837049999998,0.05,233521,53.07,172,1351,5117,0.0001,58355,0.3786953389644623
23.593891319999994,0.05,233571,52.9,172,1352,5118,0.0001,58367,0.8119913339614868
23.577111059999993,0.05,233605,52.89,172,1352,5119,0.0001,58376,0.4782649576663971
23.22370173,0.05,233639,52.64,172,1352,5120,0.0001,58384,3.3433122634887695
22.691474539999994,0.05,233724,52.64,172,1352,5121,0.0001,58405,0.6799212694168091
22.602558979999994,0.05,233759,52.6,172,1353,5122,0.0001,58414,2.4515187740325928
22.212465839999997,0.05,233793,52.36,172,1353,5123,0.0001,58423,3.717583179473877
21.788370119999996,0.05,233825,52.1,172,1353,5124,0.0001,58431,3.6064984798431396
21.49223452999999,0.05,233864,51.64,172,1353,5125,0.0001,58440,0.7481118440628052
21.076910809999994,0.05,233949,51.64,172,1354,5126,0.0001,58462,0.3537995517253876
21.366799269999998,0.05,233997,51.27,172,1354,5127,0.0001,58474,2.9413533210754395
21.38773017,0.05,234032,51.28,172,1354,5128,0.0001,58482,0.3279317617416382
21.04125184,0.05,234072,51.0,172,1354,5129,0.0001,58492,9.544074058532715
20.834233389999998,0.05,234125,50.79,172,1355,5130,0.0001,58506,0.8932050466537476
20.650246699999997,0.05,234179,50.66,172,1355,5131,0.0001,58519,6.953697681427002
20.60706266,0.05,234211,50.63,172,1355,5132,0.0001,58527,3.7926597595214844
20.3956957,0.05,234253,50.55,172,1355,5133,0.0001,58538,0.5511370301246643
19.94047909,0.05,234287,50.27,172,1356,5134,0.0001,58546,0.4972194731235504
19.97193702,0.05,234324,50.29,172,1356,5135,0.0001,58555,0.7092673778533936
19.564679400000003,0.05,234358,50.01,172,1356,5136,0.0001,58564,3.679145336151123
19.389276499999998,0.05,234408,49.66,172,1356,5137,0.0001,58576,3.695829391479492
19.142332409999998,0.05,234450,49.47,172,1357,5138,0.0001,58587,0.4927067458629608
18.800822849999996,0.05,234482,48.94,172,1357,5139,0.0001,58595,0.8160609006881714
18.177728429999995,0.05,234525,48.52,172,1357,5140,0.0001,58606,1.063281536102295
17.292057349999997,0.05,234562,48.09,172,1357,5141,0.0001,58615,0.5192776918411255
17.210963709999998,0.05,234592,48.04,172,1358,5142,0.0001,58622,0.29049399495124817
17.557219399999997,0.05,234677,48.39,172,1358,5143,0.0001,58644,3.8675994873046875
17.03803711,0.05,234710,47.87,172,1358,5144,0.0001,58652,5.537494659423828
17.333071559999997,0.05,234795,48.23,172,1358,5145,0.0001,58673,0.444022536277771
17.386438119999998,0.05,234865,48.08,172,1359,5146,0.0001,58691,5.766295433044434
17.535117329999995,0.05,234950,48.59,172,1359,5147,0.0001,58712,6.60858154296875
17.88292764,0.05,235035,49.09,172,1360,5148,0.0001,58733,2.278637647628784
17.597281389999996,0.05,235095,48.95,172,1360,5149,0.0001,58748,5.410867691040039
17.068410719999996,0.05,235138,48.53,172,1360,5150,0.0001,58759,3.641242027282715
17.098813339999996,0.05,235175,48.56,172,1360,5151,0.0001,58768,0.5122114419937134
17.258551769999997,0.05,235216,48.65,172,1361,5152,0.0001,58778,0.35901013016700745
17.29816065,0.05,235253,48.68,172,1361,5153,0.0001,58788,0.4299549162387848
17.286966969999998,0.05,235289,48.68,172,1361,5154,0.0001,58797,3.5402863025665283
17.444756599999998,0.05,235331,48.74,172,1361,5155,0.0001,58807,0.4697776138782501
16.950724679999997,0.05,235375,48.33,172,1361,5156,0.0001,58818,0.43538063764572144
16.951612169999997,0.05,235410,48.33,172,1362,5157,0.0001,58827,0.6649093627929688
16.284900159999996,0.05,235445,47.83,172,1362,5158,0.0001,58836,3.3824007511138916
16.419683879999994,0.05,235482,47.9,172,1362,5159,0.0001,58845,0.5679751634597778
16.437292629999998,0.05,235517,47.91,172,1362,5160,0.0001,58854,5.509212493896484
16.17277802,0.05,235590,47.79,172,1363,5161,0.0001,58872,6.288970947265625
16.64011416,0.05,235655,48.12,172,1363,5162,0.0001,58888,1.2377753257751465
16.70278414,0.05,235694,48.17,172,1363,5163,0.0001,58898,0.5808398723602295
16.60437492,0.05,235729,48.12,172,1363,5164,0.0001,58907,3.8044486045837402
16.67141161,0.05,235764,48.16,172,1364,5165,0.0001,58915,3.3416311740875244
16.74609722,0.05,235800,48.2,172,1364,5166,0.0001,58924,0.6204642057418823
16.80109424,0.05,235885,48.73,172,1364,5167,0.0001,58946,0.5945098400115967
17.03337831,0.05,235942,48.92,172,1365,5168,0.0001,58960,6.847085952758789
17.087499830000002,0.05,236027,48.92,172,1365,5169,0.0001,58981,6.956431865692139
17.320330740000003,0.05,236068,49.03,172,1365,5170,0.0001,58991,7.3037214279174805
16.856735730000004,0.05,236153,49.03,172,1366,5171,0.0001,59013,3.752098560333252
16.68580198,0.05,236199,48.88,172,1366,5172,0.0001,59024,0.35741156339645386
16.605178679999998,0.05,236234,48.84,172,1366,5173,0.0001,59033,3.7369563579559326
16.69417283,0.05,236273,48.88,172,1366,5174,0.0001,59043,5.566014766693115
17.115792589999998,0.05,236334,49.13,172,1367,5175,0.0001,59058,3.8898305892944336
16.96823293,0.05,236374,48.68,172,1367,5176,0.0001,59068,4.434065341949463
16.58735251,0.05,236408,48.48,172,1367,5177,0.0001,59076,3.8136417865753174
17.093052809999996,0.05,236477,48.85,172,1367,5178,0.0001,59094,0.2928188443183899
16.982350139999998,0.05,236562,49.26,172,1368,5179,0.0001,59115,3.482724905014038
16.610832119999998,0.05,236614,48.93,172,1368,5180,0.0001,59128,9.195899963378906
16.49166876,0.05,236699,49.28,172,1368,5181,0.0001,59149,0.1764179766178131
16.52884791,0.05,236749,48.93,172,1369,5182,0.0001,59162,0.444579541683197
16.860108949999997,0.05,236834,49.44,172,1369,5183,0.0001,59183,2.453359603881836
17.669050420000005,0.05,236919,49.9,172,1369,5184,0.0001,59204,4.350415229797363
17.25382596,0.05,236957,49.69,172,1370,5185,0.0001,59214,0.37794560194015503
17.337480770000003,0.05,236993,49.74,172,1370,5186,0.0001,59223,3.7150793075561523
17.305628990000002,0.05,237031,49.72,172,1370,5187,0.0001,59232,0.6858747601509094
17.615332560000002,0.05,237092,49.95,172,1370,5188,0.0001,59247,0.4650178849697113
17.644546560000002,0.05,237130,49.96,172,1371,5189,0.0001,59257,0.6149175763130188
18.00710854,0.05,237181,50.16,172,1371,5190,0.0001,59270,0.7543087601661682
18.18632675,0.05,237243,50.28,172,1371,5191,0.0001,59285,6.856557846069336
18.46893786,0.05,237294,50.41,172,1372,5192,0.0001,59298,3.6593477725982666
18.80183094,0.05,237347,50.61,172,1372,5193,0.0001,59311,6.106346130371094
18.37546333,0.05,237388,50.31,172,1372,5194,0.0001,59321,7.261519432067871
18.251973810000003,0.05,237473,50.82,172,1372,5195,0.0001,59343,7.12786865234375
18.35268051,0.05,237558,51.25,172,1373,5196,0.0001,59364,6.73023796081543
18.67293107,0.05,237609,51.42,172,1373,5197,0.0001,59377,0.4784700870513916
18.31383211,0.05,237694,51.56,172,1373,5198,0.0001,59398,10.312602043151855
17.5306503,0.05,237730,51.07,172,1374,5199,0.0001,59407,3.4834139347076416
17.393805819999997,0.05,237764,50.99,172,1374,5200,0.0001,59415,0.45043835043907166
17.59789529,0.05,237849,51.51,173,1374,5201,0.0001,59437,2.091501474380493
18.09084024,0.05,237913,51.83,173,1375,5202,0.0001,59453,3.498133420944214
18.27166683,0.05,237961,51.93,173,1375,5203,0.0001,59465,4.029889106750488
18.59670354,0.05,238025,51.72,173,1375,5204,0.0001,59481,0.4003487825393677
18.618197849999998,0.05,238110,52.02,173,1376,5205,0.0001,59502,0.408242404460907
19.08630853,0.05,238174,52.31,173,1376,5206,0.0001,59518,0.35964593291282654
19.04517457,0.05,238208,52.29,173,1376,5207,0.0001,59526,10.06635856628418
19.185310610000002,0.05,238268,52.17,173,1376,5208,0.0001,59541,4.001765727996826
19.21915357,0.05,238304,52.19,173,1377,5209,0.0001,59550,0.30593982338905334
19.83506109,0.05,238367,52.52,173,1377,5210,0.0001,59566,0.2461414933204651
19.879395189999997,0.05,238452,52.52,173,1377,5211,0.0001,59587,0.2835181951522827
20.00992126,0.05,238493,52.58,173,1378,5212,0.0001,59598,0.750318169593811
19.79805557,0.05,238578,52.58,173,1378,5213,0.0001,59619,0.895287275314331
19.7661517,0.05,238663,52.9,173,1378,5214,0.0001,59640,0.43594133853912354
19.38776939,0.05,238701,52.67,173,1379,5215,0.0001,59650,0.6710688471794128
19.30897947,0.05,238737,52.63,173,1379,5216,0.0001,59659,2.3709981441497803
19.18888032,0.05,238822,53.01,173,1379,5217,0.0001,59680,5.307305335998535
19.26582843,0.05,238907,53.36,173,1379,5218,0.0001,59701,0.43588781356811523
19.26149431,0.05,238941,53.36,173,1380,5219,0.0001,59710,7.026787757873535
19.7430269,0.05,239008,53.69,173,1380,5220,0.0001,59726,3.7228140830993652
19.900508649999995,0.05,239084,53.6,173,1380,5221,0.0001,59745,0.87547767162323
19.99506151,0.05,239124,53.65,173,1381,5222,0.0001,59755,0.6518053412437439
20.312258080000003,0.05,239175,53.82,173,1381,5223,0.0001,59768,3.618358612060547
20.27280851,0.05,239260,54.35,173,1381,5224,0.0001,59789,0.634519100189209
20.914051680000004,0.05,239345,54.81,173,1382,5225,0.0001,59811,5.365710735321045
20.984419030000005,0.05,239413,54.64,173,1382,5226,0.0001,59828,0.7697403430938721
20.6512755,0.05,239498,55.01,173,1382,5227,0.0001,59849,0.2558424174785614
20.938258289999993,0.05,239549,55.17,173,1383,5228,0.0001,59862,3.5156264305114746
21.422123820000003,0.05,239634,55.62,173,1383,5229,0.0001,59883,0.5989403128623962
21.386382400000006,0.05,239685,55.6,173,1383,5230,0.0001,59896,3.774341583251953
21.231201839999997,0.05,239727,55.48,173,1383,5231,0.0001,59906,3.8316650390625
21.503905,0.05,239812,56.01,173,1384,5232,0.0001,59927,2.634605884552002
21.407065640000006,0.05,239849,55.96,173,1384,5233,0.0001,59937,3.5585293769836426
21.755009680000004,0.05,239903,56.16,173,1384,5234,0.0001,59950,5.3903937339782715
22.372984950000003,0.05,239985,56.61,173,1385,5235,0.0001,59971,3.3890833854675293
22.72231408,0.05,240040,56.82,173,1385,5236,0.0001,59984,3.460190773010254
22.368302800000002,0.05,240069,56.61,173,1385,5237,0.0001,59992,6.660772323608398
22.247137010000007,0.05,240104,56.54,173,1385,5238,0.0001,60000,0.40006810426712036
22.26004899,0.05,240137,56.55,173,1386,5239,0.0001,60009,4.406180381774902
22.076622680000003,0.05,240172,56.47,173,1386,5240,0.0001,60017,6.624861240386963
21.988447620000006,0.05,240204,56.42,173,1386,5241,0.0001,60025,5.7135419845581055
22.496876550000007,0.05,240261,56.69,173,1386,5242,0.0001,60040,0.5951688289642334
21.865253210000006,0.05,240296,56.19,173,1387,5243,0.0001,60048,3.878183364868164
21.81902188,0.05,240327,56.17,173,1387,5244,0.0001,60056,0.5646917819976807
21.278160800000002,0.05,240363,55.68,173,1387,5245,0.0001,60065,2.496026039123535
21.102723619999995,0.05,240426,55.61,173,1387,5246,0.0001,60081,2.247326135635376
20.913972949999998,0.05,240458,55.08,173,1388,5247,0.0001,60089,0.38601964712142944
20.46472348,0.05,240487,54.52,173,1388,5248,0.0001,60096,2.4465279579162598
20.188129019999998,0.05,240529,54.34,173,1388,5249,0.0001,60107,0.4873329997062683
20.613466489999997,0.05,240614,54.76,173,1388,5250,0.0001,60128,5.509824275970459
21.3702007,0.05,240699,55.24,173,1389,5251,0.0001,60149,0.7497246265411377
21.649239310000002,0.05,240760,55.44,173,1389,5252,0.0001,60164,0.4780734181404114
21.56323949,0.05,240792,55.39,173,1389,5253,0.0001,60172,0.5641229152679443
21.4890338,0.05,240823,55.34,173,1390,5254,0.0001,60180,0.6849209070205688
21.33748296,0.05,240859,55.28,173,1390,5255,0.0001,60189,7.135381698608398
21.140228479999998,0.05,240892,55.17,173,1390,5256,0.0001,60197,0.5700693726539612
22.33916624,0.05,240977,55.67,173,1390,5257,0.0001,60219,0.42843014001846313
22.318544940000002,0.05,241011,55.66,173,1391,5258,0.0001,60227,7.283299446105957
22.18295493,0.05,241041,55.59,173,1391,5259,0.0001,60235,0.8126727938652039
22.777652519999997,0.05,241126,56.09,173,1391,5260,0.0001,60256,2.2347793579101562
22.223285509999997,0.05,241167,55.77,173,1391,5261,0.0001,60266,7.064569473266602
21.755292949999994,0.05,241199,55.44,173,1392,5262,0.0001,60274,0.4045655131340027
21.60362955999999,0.05,241229,55.35,173,1392,5263,0.0001,60282,7.2091217041015625
21.607785309999993,0.05,241264,55.35,173,1392,5264,0.0001,60290,2.051814556121826
21.560567169999995,0.05,241296,55.32,173,1392,5265,0.0001,60298,0.898715615272522
21.622357189999992,0.05,241335,55.35,173,1392,5266,0.0001,60308,3.7269628047943115
21.639594719999995,0.05,241371,54.86,173,1393,5267,0.0001,60317,0.5159711837768555
21.61564547,0.05,241424,54.82,173,1393,5268,0.0001,60330,4.012862205505371
21.93780667,0.05,241509,54.82,173,1393,5269,0.0001,60352,0.7591193914413452
22.722943050000005,0.05,241594,55.26,173,1394,5270,0.0001,60373,0.741494357585907
22.8340416,0.05,241655,55.02,173,1394,5271,0.0001,60388,7.647536754608154
22.844775090000002,0.05,241705,55.06,173,1394,5272,0.0001,60401,0.42513972520828247
22.897335850000005,0.05,241743,55.09,173,1394,5273,0.0001,60410,0.85017329454422
23.044748690000006,0.05,241791,55.18,173,1395,5274,0.0001,60422,0.787692129611969
22.640100450000006,0.05,241828,54.94,173,1395,5275,0.0001,60431,4.1663079261779785
22.840604510000006,0.05,241882,55.08,173,1395,5276,0.0001,60445,3.695526123046875
23.14306173,0.05,241935,55.27,173,1396,5277,0.0001,60458,0.8296640515327454
23.067972379999997,0.05,241993,55.16,173,1396,5278,0.0001,60473,0.5839592814445496
23.31193323,0.05,242078,55.16,173,1396,5279,0.0001,60494,0.5534923076629639
23.20428802,0.05,242163,55.49,173,1397,5280,0.0001,60515,3.9762349128723145
23.112197740000003,0.05,242201,55.02,173,1397,5281,0.0001,60525,5.440117359161377
22.816800830000005,0.05,242234,54.85,173,1397,5282,0.0001,60533,0.53459233045578
22.50647646000001,0.05,242269,54.35,173,1397,5283,0.0001,60542,4.052989959716797
21.921228489999997,0.05,242320,54.01,173,1398,5284,0.0001,60554,0.544163167476654
22.294449599999997,0.05,242388,54.31,173,1398,5285,0.0001,60571,0.33092665672302246
22.652317740000004,0.05,242445,54.52,173,1398,5286,0.0001,60586,4.044524192810059
22.81300667,0.05,242493,54.62,173,1398,5287,0.0001,60598,4.232247352600098
22.452746330000004,0.05,242529,54.37,173,1399,5288,0.0001,60607,2.203681468963623
22.743898410000007,0.05,242583,54.53,173,1399,5289,0.0001,60620,3.9341986179351807
22.44853558,0.05,242618,54.37,173,1399,5290,0.0001,60629,7.090345859527588
22.10112964,0.05,242703,54.6,173,1399,5291,0.0001,60650,0.8506499528884888
22.005037769999998,0.05,242750,54.56,173,1400,5292,0.0001,60662,5.583590507507324
21.72647746,0.05,242786,54.39,173,1400,5293,0.0001,60671,1.035979986190796
21.54359739,0.05,242816,54.28,173,1400,5294,0.0001,60678,0.26686978340148926
21.870842080000003,0.05,242860,53.87,173,1400,5295,0.0001,60689,0.6976234316825867
21.86506117,0.05,242905,53.47,173,1401,5296,0.0001,60701,3.6813738346099854
21.966302449999997,0.05,242960,53.51,173,1401,5297,0.0001,60714,2.4604997634887695
22.00216888,0.05,243016,53.22,173,1401,5298,0.0001,60728,0.6988848447799683
21.93980392,0.05,243049,53.19,173,1401,5299,0.0001,60737,5.772824287414551
21.930578569999998,0.05,243083,53.19,173,1402,5300,0.0001,60745,0.5055845379829407
21.707185839999998,0.05,243168,53.19,173,1402,5301,0.0001,60766,0.4305213689804077
21.268265239999995,0.05,243203,52.9,173,1402,5302,0.0001,60775,0.5106768608093262
21.44163487,0.05,243274,53.13,173,1403,5303,0.0001,60793,6.643003940582275
21.01835493,0.05,243307,52.82,173,1403,5304,0.0001,60801,1.0107429027557373
21.200516750000006,0.05,243392,52.82,173,1403,5305,0.0001,60822,2.854144811630249
20.735843990000003,0.05,243427,52.53,173,1403,5306,0.0001,60831,6.297414779663086
21.019137790000006,0.05,243477,52.69,173,1404,5307,0.0001,60844,3.632084369659424
20.417549889999997,0.05,243512,52.44,173,1404,5308,0.0001,60852,3.687197685241699
20.40786121,0.05,243547,52.43,173,1404,5309,0.0001,60861,3.830528736114502
19.872629090000004,0.05,243582,52.15,173,1404,5310,0.0001,60870,0.38196760416030884
18.952191210000002,0.05,243629,51.77,173,1405,5311,0.0001,60882,0.40922388434410095
18.86561455,0.05,243666,51.73,173,1405,5312,0.0001,60891,0.5176799893379211
18.823135320000002,0.05,243700,51.22,173,1405,5313,0.0001,60899,0.6928305625915527
18.9495517,0.05,243765,51.02,173,1405,5314,0.0001,60916,0.45468074083328247
18.906086950000002,0.05,243801,51.0,173,1406,5315,0.0001,60925,8.499820709228516
18.98424778,0.05,243841,51.04,173,1406,5316,0.0001,60935,2.909130096435547
19.0442483,0.05,243886,50.64,173,1406,5317,0.0001,60946,0.3958035707473755
18.874206609999998,0.05,243932,50.25,173,1406,5318,0.0001,60957,3.5150701999664307
19.1430529,0.05,243982,50.41,173,1407,5319,0.0001,60970,0.5200525522232056
18.67542092,0.05,244017,50.09,173,1407,5320,0.0001,60979,3.6431236267089844
18.755046869999997,0.05,244102,50.18,173,1407,5321,0.0001,61000,0.6065783500671387
18.950608,0.05,244154,50.3,173,1408,5322,0.0001,61013,0.3972916603088379
18.89732245,0.05,244202,50.27,173,1408,5323,0.0001,61025,7.010989665985107
19.317924050000002,0.05,244260,50.0,173,1408,5324,0.0001,61039,4.046297073364258
18.59017155,0.05,244294,49.49,173,1408,5325,0.0001,61048,0.352203905582428
18.578530739999998,0.05,244358,49.45,173,1409,5326,0.0001,61064,0.35673391819000244
18.68659298,0.05,244394,48.96,173,1409,5327,0.0001,61073,3.769174814224243
18.414511899999997,0.05,244430,48.81,173,1409,5328,0.0001,61082,0.430521696805954
17.82291983,0.05,244465,48.31,173,1409,5329,0.0001,61091,0.6160547733306885
17.958104470000002,0.05,244521,48.36,173,1410,5330,0.0001,61105,0.6534802913665771
17.82274935,0.05,244556,48.29,173,1410,5331,0.0001,61113,7.040686130523682
17.61157689,0.05,244592,47.8,173,1410,5332,0.0001,61122,0.3939344882965088
17.60491596,0.05,244629,47.8,173,1410,5333,0.0001,61132,0.7356739044189453
17.654461489999996,0.05,244714,48.11,173,1411,5334,0.0001,61153,0.4338488280773163
17.049119889999997,0.05,244752,47.67,173,1411,5335,0.0001,61162,2.646632671356201
16.994073399999998,0.05,244801,47.61,173,1411,5336,0.0001,61175,7.056673526763916
17.11360246,0.05,244837,47.68,173,1411,5337,0.0001,61184,3.7533304691314697
17.123879289999998,0.05,244922,48.18,173,1412,5338,0.0001,61205,6.7125139236450195
17.37047948,0.05,244968,48.31,173,1412,5339,0.0001,61216,13.223013877868652
17.409526539999998,0.05,245005,48.33,173,1412,5340,0.0001,61226,0.7113209366798401
17.452489799999995,0.05,245040,48.36,173,1412,5341,0.0001,61234,0.7375162839889526
17.41694603,0.05,245095,48.34,173,1413,5342,0.0001,61248,7.12091588973999
17.469712949999998,0.05,245133,48.37,173,1413,5343,0.0001,61258,4.165398120880127
17.72333845,0.05,245218,48.91,173,1413,5344,0.0001,61279,0.34940844774246216
17.85587384,0.05,245262,48.99,173,1414,5345,0.0001,61290,1.0888640880584717
17.54011958,0.05,245298,48.72,173,1414,5346,0.0001,61299,7.282086372375488
17.634859470000002,0.05,245335,48.77,173,1414,5347,0.0001,61308,3.5779874324798584
17.810111550000002,0.05,245374,48.87,173,1414,5348,0.0001,61318,0.35842466354370117
17.886271400000002,0.05,245420,48.91,173,1415,5349,0.0001,61329,5.484169960021973
17.26638321,0.05,245454,48.4,173,1415,5350,0.0001,61338,0.36238181591033936
16.379359289999996,0.05,245484,47.85,173,1415,5351,0.0001,61345,2.6971235275268555
16.01014601,0.05,245520,47.6,173,1415,5352,0.0001,61354,0.6033190488815308
16.08469702,0.05,245556,47.64,173,1415,5353,0.0001,61363,0.3137179911136627
16.1843954,0.05,245593,47.7,173,1416,5354,0.0001,61373,0.4415164589881897
16.13012794,0.05,245626,47.67,173,1416,5355,0.0001,61381,3.4163050651550293
16.62014873,0.05,245711,48.19,173,1416,5356,0.0001,61402,0.44246113300323486
15.70292599,0.05,245759,47.82,173,1416,5357,0.0001,61414,0.4101582169532776
15.754706770000002,0.05,245796,47.85,173,1417,5358,0.0001,61423,0.4038892686367035
16.368389200000003,0.05,245855,48.14,173,1417,5359,0.0001,61438,2.6551685333251953
15.964385270000003,0.05,245902,47.76,173,1417,5360,0.0001,61450,1.1139307022094727
15.920814380000001,0.05,245941,47.74,173,1417,5361,0.0001,61460,0.5542052984237671
16.260904070000002,0.05,245991,47.92,173,1418,5362,0.0001,61472,4.1444854736328125
16.72574828,0.05,246048,48.19,173,1418,5363,0.0001,61486,0.4127424955368042
16.89069795,0.05,246092,48.28,173,1418,5364,0.0001,61497,3.37968373298645
16.86837311,0.05,246123,48.27,173,1419,5365,0.0001,61505,3.7495079040527344
17.009511940000003,0.05,246168,48.33,173,1419,5366,0.0001,61516,0.45304417610168457
17.12518928,0.05,246253,48.82,173,1419,5367,0.0001,61538,0.5008692741394043
16.77087731,0.05,246285,48.61,173,1419,5368,0.0001,61546,0.6847330331802368
16.62202576,0.05,246322,48.13,173,1420,5369,0.0001,61555,5.267237663269043
16.51433262,0.05,246407,48.13,173,1420,5370,0.0001,61576,0.41639620065689087
16.42681431,0.05,246465,48.1,173,1420,5371,0.0001,61591,2.517531633377075
16.169007729999997,0.05,246500,47.95,173,1420,5372,0.0001,61599,3.6723427772521973
16.009745470000002,0.05,246585,48.42,173,1421,5373,0.0001,61621,0.35302555561065674
15.77656211,0.05,246620,48.29,173,1421,5374,0.0001,61629,0.43087679147720337
15.97552543,0.05,246667,48.39,173,1421,5375,0.0001,61641,0.4735769033432007
15.875596250000001,0.05,246713,48.31,173,1422,5376,0.0001,61653,4.000425815582275
15.649505560000001,0.05,246751,48.16,173,1422,5377,0.0001,61662,0.47175920009613037
15.600738709999998,0.05,246806,48.13,173,1422,5378,0.0001,61676,3.3379082679748535
15.28206213,0.05,246839,47.61,173,1422,5379,0.0001,61684,3.55368709564209
15.314317529999999,0.05,246886,47.23,173,1423,5380,0.0001,61696,0.4191035032272339
15.850355339999998,0.05,246971,47.7,173,1423,5381,0.0001,61717,7.561282157897949
16.158693149999998,0.05,247021,47.87,173,1423,5382,0.0001,61730,16.76697540283203
16.38440125,0.05,247068,47.99,173,1423,5383,0.0001,61741,0.3522993326187134
16.09341096,0.05,247102,47.82,173,1424,5384,0.0001,61750,6.935428619384766
16.134840360000002,0.05,247163,47.75,173,1424,5385,0.0001,61765,7.006468296051025
15.76859268,0.05,247198,47.53,173,1424,5386,0.0001,61774,0.41091716289520264
15.48752737,0.05,247230,47.37,173,1425,5387,0.0001,61782,0.5043941736221313
15.49280228,0.05,247266,47.37,173,1425,5388,0.0001,61791,0.40101128816604614
15.15951151,0.05,247302,47.19,173,1425,5389,0.0001,61800,9.734552383422852
15.248682649999996,0.05,247341,47.23,173,1425,5390,0.0001,61810,0.39575743675231934
15.15687833,0.05,247378,46.75,173,1425,5391,0.0001,61819,3.928205728530884
15.642990580000001,0.05,247463,47.13,173,1426,5392,0.0001,61840,0.561551570892334
15.636789810000003,0.05,247499,47.13,173,1426,5393,0.0001,61849,0.38412681221961975
16.56447895,0.05,247571,47.55,173,1426,5394,0.0001,61867,3.435260057449341
16.655164680000002,0.05,247622,47.62,173,1427,5395,0.0001,61880,3.8627474308013916
16.36268317,0.05,247655,47.5,173,1427,5396,0.0001,61888,0.4941972494125366
16.449069379999997,0.05,247724,47.64,173,1427,5397,0.0001,61905,0.5513461828231812
16.2273197,0.05,247809,47.93,173,1428,5398,0.0001,61927,0.5986884236335754
16.27504604,0.05,247844,47.95,173,1428,5399,0.0001,61935,2.2829928398132324
16.79171382,0.05,247911,48.28,173,1428,5400,0.0001,61952,0.710761308670044
17.14644202,0.05,247963,47.95,173,1428,5401,0.0001,61965,0.7858524918556213
17.144729660000003,0.05,247998,47.95,173,1429,5402,0.0001,61974,0.5944483876228333
17.23957666,0.05,248066,47.92,173,1429,5403,0.0001,61991,10.04173755645752
17.44917397,0.05,248111,48.04,173,1429,5404,0.0001,62002,7.022497177124023
17.266756639999997,0.05,248164,47.72,173,1429,5405,0.0001,62015,2.4465551376342773
17.64105208,0.05,248221,47.94,173,1430,5406,0.0001,62030,0.652803897857666
18.023832589999998,0.05,248306,48.29,173,1430,5407,0.0001,62051,3.9758806228637695
18.33069007,0.05,248359,48.47,173,1430,5408,0.0001,62064,3.5543935298919678
18.382715119999997,0.05,248444,48.97,173,1431,5409,0.0001,62085,3.557039499282837
18.384562449999997,0.05,248479,48.97,173,1431,5410,0.0001,62094,3.4776840209960938
18.49168644,0.05,248528,48.99,173,1431,5411,0.0001,62106,3.6701910495758057
18.49239245,0.05,248565,48.99,173,1431,5412,0.0001,62116,0.7348034381866455
18.85902408,0.05,248620,49.2,173,1432,5413,0.0001,62129,3.5778250694274902
18.508512340000003,0.05,248658,48.93,173,1432,5414,0.0001,62139,0.47617629170417786
18.530030730000004,0.05,248695,48.94,173,1432,5415,0.0001,62148,2.500964641571045
18.5447835,0.05,248737,48.96,173,1432,5416,0.0001,62159,3.625274419784546
18.4502787,0.05,248822,49.36,173,1433,5417,0.0001,62180,5.45789909362793
18.56638482,0.05,248876,49.44,173,1433,5418,0.0001,62193,3.5224645137786865
18.2615239,0.05,248907,49.25,173,1433,5419,0.0001,62201,3.5428388118743896
18.19739517,0.05,248937,49.2,173,1433,5420,0.0001,62209,3.541273593902588
17.984755829999997,0.05,249022,49.2,173,1434,5421,0.0001,62230,7.061476707458496
17.6144841,0.05,249052,48.98,173,1434,5422,0.0001,62237,0.5787210464477539
17.547904640000002,0.05,249137,49.35,173,1434,5423,0.0001,62259,3.3867993354797363
17.36809962,0.05,249180,49.2,173,1435,5424,0.0001,62269,7.090307235717773
17.735334400000003,0.05,249265,49.71,173,1435,5425,0.0001,62291,0.5140959024429321
17.69713353,0.05,249334,49.76,173,1435,5426,0.0001,62308,0.269283652305603
17.67846488,0.05,249370,49.76,173,1436,5427,0.0001,62317,3.574212074279785
18.01628348,0.05,249426,49.96,173,1436,5428,0.0001,62331,0.7958806753158569
18.02821486,0.05,249461,49.96,173,1436,5429,0.0001,62340,0.7582065463066101
17.597057929999995,0.05,249495,49.74,173,1436,5430,0.0001,62348,0.430839866399765
17.5545609,0.05,249580,50.24,173,1437,5431,0.0001,62369,0.6358335018157959
17.560768989999996,0.05,249616,50.24,173,1437,5432,0.0001,62378,3.380199670791626
17.529565299999998,0.05,249651,50.22,173,1437,5433,0.0001,62387,3.6324045658111572
17.181571029999997,0.05,249688,49.74,173,1437,5434,0.0001,62396,0.22977915406227112
17.130445090000002,0.05,249723,49.71,173,1438,5435,0.0001,62405,0.8664052486419678
17.21737049,0.05,249779,49.78,173,1438,5436,0.0001,62419,3.5509591102600098
17.21936072,0.05,249815,49.78,173,1438,5437,0.0001,62428,0.3753975033760071
17.60183923,0.05,249876,49.54,173,1438,5438,0.0001,62443,3.3653316497802734
17.49445379,0.05,249917,49.49,173,1439,5439,0.0001,62454,4.312816619873047
